"seed","replicate","n_genes","variants_per_gene","n_case1","n_control1","n_case2","n_control2","bf_mode","simulation_design","background_prob","background_multiplier","pi11_truth","mtada_error","method","target","metric","threshold","value"
20260813,1,500,15,3000,3000,3000,3000,"fast","control_informative",0.05,5,0.01,"","mirage_joint","trait1","auc",NA,0.711073684210526
20260813,1,500,15,3000,3000,3000,3000,"fast","control_informative",0.05,5,0.01,"","mirage_joint","trait2","auc",NA,0.73
20260813,1,500,15,3000,3000,3000,3000,"fast","control_informative",0.05,5,0.01,"","mirage_joint","pleiotropy","auc",NA,0.782222222222222
20260813,1,500,15,3000,3000,3000,3000,"fast","control_informative",0.05,5,0.01,"","mirage_joint","trait1","pp08_power",0.8,0.2
20260813,1,500,15,3000,3000,3000,3000,"fast","control_informative",0.05,5,0.01,"","mirage_joint","trait1","pp08_fdp",0.8,0
20260813,1,500,15,3000,3000,3000,3000,"fast","control_informative",0.05,5,0.01,"","mirage_joint","trait1","pp08_discoveries",0.8,5
20260813,1,500,15,3000,3000,3000,3000,"fast","control_informative",0.05,5,0.01,"","mirage_joint","trait2","pp08_power",0.8,0.2
20260813,1,500,15,3000,3000,3000,3000,"fast","control_informative",0.05,5,0.01,"","mirage_joint","trait2","pp08_fdp",0.8,0
20260813,1,500,15,3000,3000,3000,3000,"fast","control_informative",0.05,5,0.01,"","mirage_joint","trait2","pp08_discoveries",0.8,2
20260813,1,500,15,3000,3000,3000,3000,"fast","control_informative",0.05,5,0.01,"","mirage_joint","pleiotropy","pp08_power",0.8,0
20260813,1,500,15,3000,3000,3000,3000,"fast","control_informative",0.05,5,0.01,"","mirage_joint","pleiotropy","pp08_fdp",0.8,0
20260813,1,500,15,3000,3000,3000,3000,"fast","control_informative",0.05,5,0.01,"","mirage_joint","pleiotropy","pp08_discoveries",0.8,0
20260813,1,500,15,3000,3000,3000,3000,"fast","control_informative",0.05,5,0.01,"","mirage_joint","trait1","bfdr_observed_fdp",0.01,0
20260813,1,500,15,3000,3000,3000,3000,"fast","control_informative",0.05,5,0.01,"","mirage_joint","trait1","bfdr_estimate",0.01,0.00957324820821903
20260813,1,500,15,3000,3000,3000,3000,"fast","control_informative",0.05,5,0.01,"","mirage_joint","trait1","bfdr_power",0.01,0.12
20260813,1,500,15,3000,3000,3000,3000,"fast","control_informative",0.05,5,0.01,"","mirage_joint","trait1","bfdr_discoveries",0.01,3
20260813,1,500,15,3000,3000,3000,3000,"fast","control_informative",0.05,5,0.01,"","mirage_joint","trait1","bfdr_observed_fdp",0.05,0
20260813,1,500,15,3000,3000,3000,3000,"fast","control_informative",0.05,5,0.01,"","mirage_joint","trait1","bfdr_estimate",0.05,0.0324987015757713
20260813,1,500,15,3000,3000,3000,3000,"fast","control_informative",0.05,5,0.01,"","mirage_joint","trait1","bfdr_power",0.05,0.16
20260813,1,500,15,3000,3000,3000,3000,"fast","control_informative",0.05,5,0.01,"","mirage_joint","trait1","bfdr_discoveries",0.05,4
20260813,1,500,15,3000,3000,3000,3000,"fast","control_informative",0.05,5,0.01,"","mirage_joint","trait1","bfdr_observed_fdp",0.1,0
20260813,1,500,15,3000,3000,3000,3000,"fast","control_informative",0.05,5,0.01,"","mirage_joint","trait1","bfdr_estimate",0.1,0.0949578663572529
20260813,1,500,15,3000,3000,3000,3000,"fast","control_informative",0.05,5,0.01,"","mirage_joint","trait1","bfdr_power",0.1,0.24
20260813,1,500,15,3000,3000,3000,3000,"fast","control_informative",0.05,5,0.01,"","mirage_joint","trait1","bfdr_discoveries",0.1,6
20260813,1,500,15,3000,3000,3000,3000,"fast","control_informative",0.05,5,0.01,"","mirage_joint","trait1","bfdr_observed_fdp",0.2,0.222222222222222
20260813,1,500,15,3000,3000,3000,3000,"fast","control_informative",0.05,5,0.01,"","mirage_joint","trait1","bfdr_estimate",0.2,0.185594723034316
20260813,1,500,15,3000,3000,3000,3000,"fast","control_informative",0.05,5,0.01,"","mirage_joint","trait1","bfdr_power",0.2,0.28
20260813,1,500,15,3000,3000,3000,3000,"fast","control_informative",0.05,5,0.01,"","mirage_joint","trait1","bfdr_discoveries",0.2,9
20260813,1,500,15,3000,3000,3000,3000,"fast","control_informative",0.05,5,0.01,"","mirage_joint","trait2","bfdr_observed_fdp",0.01,0
20260813,1,500,15,3000,3000,3000,3000,"fast","control_informative",0.05,5,0.01,"","mirage_joint","trait2","bfdr_estimate",0.01,0
20260813,1,500,15,3000,3000,3000,3000,"fast","control_informative",0.05,5,0.01,"","mirage_joint","trait2","bfdr_power",0.01,0
20260813,1,500,15,3000,3000,3000,3000,"fast","control_informative",0.05,5,0.01,"","mirage_joint","trait2","bfdr_discoveries",0.01,0
20260813,1,500,15,3000,3000,3000,3000,"fast","control_informative",0.05,5,0.01,"","mirage_joint","trait2","bfdr_observed_fdp",0.05,0
20260813,1,500,15,3000,3000,3000,3000,"fast","control_informative",0.05,5,0.01,"","mirage_joint","trait2","bfdr_estimate",0.05,0
20260813,1,500,15,3000,3000,3000,3000,"fast","control_informative",0.05,5,0.01,"","mirage_joint","trait2","bfdr_power",0.05,0
20260813,1,500,15,3000,3000,3000,3000,"fast","control_informative",0.05,5,0.01,"","mirage_joint","trait2","bfdr_discoveries",0.05,0
20260813,1,500,15,3000,3000,3000,3000,"fast","control_informative",0.05,5,0.01,"","mirage_joint","trait2","bfdr_observed_fdp",0.1,0
20260813,1,500,15,3000,3000,3000,3000,"fast","control_informative",0.05,5,0.01,"","mirage_joint","trait2","bfdr_estimate",0.1,0.05933376697538
20260813,1,500,15,3000,3000,3000,3000,"fast","control_informative",0.05,5,0.01,"","mirage_joint","trait2","bfdr_power",0.1,0.1
20260813,1,500,15,3000,3000,3000,3000,"fast","control_informative",0.05,5,0.01,"","mirage_joint","trait2","bfdr_discoveries",0.1,1
20260813,1,500,15,3000,3000,3000,3000,"fast","control_informative",0.05,5,0.01,"","mirage_joint","trait2","bfdr_observed_fdp",0.2,0.333333333333333
20260813,1,500,15,3000,3000,3000,3000,"fast","control_informative",0.05,5,0.01,"","mirage_joint","trait2","bfdr_estimate",0.2,0.186435611868009
20260813,1,500,15,3000,3000,3000,3000,"fast","control_informative",0.05,5,0.01,"","mirage_joint","trait2","bfdr_power",0.2,0.2
20260813,1,500,15,3000,3000,3000,3000,"fast","control_informative",0.05,5,0.01,"","mirage_joint","trait2","bfdr_discoveries",0.2,3
20260813,1,500,15,3000,3000,3000,3000,"fast","control_informative",0.05,5,0.01,"","mirage_joint","pleiotropy","bfdr_observed_fdp",0.01,0
20260813,1,500,15,3000,3000,3000,3000,"fast","control_informative",0.05,5,0.01,"","mirage_joint","pleiotropy","bfdr_estimate",0.01,0
20260813,1,500,15,3000,3000,3000,3000,"fast","control_informative",0.05,5,0.01,"","mirage_joint","pleiotropy","bfdr_power",0.01,0
20260813,1,500,15,3000,3000,3000,3000,"fast","control_informative",0.05,5,0.01,"","mirage_joint","pleiotropy","bfdr_discoveries",0.01,0
20260813,1,500,15,3000,3000,3000,3000,"fast","control_informative",0.05,5,0.01,"","mirage_joint","pleiotropy","bfdr_observed_fdp",0.05,0
20260813,1,500,15,3000,3000,3000,3000,"fast","control_informative",0.05,5,0.01,"","mirage_joint","pleiotropy","bfdr_estimate",0.05,0
20260813,1,500,15,3000,3000,3000,3000,"fast","control_informative",0.05,5,0.01,"","mirage_joint","pleiotropy","bfdr_power",0.05,0
20260813,1,500,15,3000,3000,3000,3000,"fast","control_informative",0.05,5,0.01,"","mirage_joint","pleiotropy","bfdr_discoveries",0.05,0
20260813,1,500,15,3000,3000,3000,3000,"fast","control_informative",0.05,5,0.01,"","mirage_joint","pleiotropy","bfdr_observed_fdp",0.1,0
20260813,1,500,15,3000,3000,3000,3000,"fast","control_informative",0.05,5,0.01,"","mirage_joint","pleiotropy","bfdr_estimate",0.1,0
20260813,1,500,15,3000,3000,3000,3000,"fast","control_informative",0.05,5,0.01,"","mirage_joint","pleiotropy","bfdr_power",0.1,0
20260813,1,500,15,3000,3000,3000,3000,"fast","control_informative",0.05,5,0.01,"","mirage_joint","pleiotropy","bfdr_discoveries",0.1,0
20260813,1,500,15,3000,3000,3000,3000,"fast","control_informative",0.05,5,0.01,"","mirage_joint","pleiotropy","bfdr_observed_fdp",0.2,0
20260813,1,500,15,3000,3000,3000,3000,"fast","control_informative",0.05,5,0.01,"","mirage_joint","pleiotropy","bfdr_estimate",0.2,0
20260813,1,500,15,3000,3000,3000,3000,"fast","control_informative",0.05,5,0.01,"","mirage_joint","pleiotropy","bfdr_power",0.2,0
20260813,1,500,15,3000,3000,3000,3000,"fast","control_informative",0.05,5,0.01,"","mirage_joint","pleiotropy","bfdr_discoveries",0.2,0
20260813,1,500,15,3000,3000,3000,3000,"fast","control_informative",0.05,5,0.01,"","mirage_joint","global","runtime_seconds",NA,18.167
20260813,1,500,15,3000,3000,3000,3000,"fast","control_informative",0.05,5,0.01,"","mirage_joint","pleiotropy","pi11_estimate",NA,0.0408347007557417
20260813,1,500,15,3000,3000,3000,3000,"fast","control_informative",0.05,5,0.01,"","separate_mirage","trait1","auc",NA,0.712
20260813,1,500,15,3000,3000,3000,3000,"fast","control_informative",0.05,5,0.01,"","separate_mirage","trait2","auc",NA,0.661836734693878
20260813,1,500,15,3000,3000,3000,3000,"fast","control_informative",0.05,5,0.01,"","separate_mirage","pleiotropy","auc",NA,0.798787878787879
20260813,1,500,15,3000,3000,3000,3000,"fast","control_informative",0.05,5,0.01,"","separate_mirage","trait1","pp08_power",0.8,0.12
20260813,1,500,15,3000,3000,3000,3000,"fast","control_informative",0.05,5,0.01,"","separate_mirage","trait1","pp08_fdp",0.8,0
20260813,1,500,15,3000,3000,3000,3000,"fast","control_informative",0.05,5,0.01,"","separate_mirage","trait1","pp08_discoveries",0.8,3
20260813,1,500,15,3000,3000,3000,3000,"fast","control_informative",0.05,5,0.01,"","separate_mirage","trait2","pp08_power",0.8,0.2
20260813,1,500,15,3000,3000,3000,3000,"fast","control_informative",0.05,5,0.01,"","separate_mirage","trait2","pp08_fdp",0.8,0
20260813,1,500,15,3000,3000,3000,3000,"fast","control_informative",0.05,5,0.01,"","separate_mirage","trait2","pp08_discoveries",0.8,2
20260813,1,500,15,3000,3000,3000,3000,"fast","control_informative",0.05,5,0.01,"","separate_mirage","pleiotropy","pp08_power",0.8,0
20260813,1,500,15,3000,3000,3000,3000,"fast","control_informative",0.05,5,0.01,"","separate_mirage","pleiotropy","pp08_fdp",0.8,0
20260813,1,500,15,3000,3000,3000,3000,"fast","control_informative",0.05,5,0.01,"","separate_mirage","pleiotropy","pp08_discoveries",0.8,0
20260813,1,500,15,3000,3000,3000,3000,"fast","control_informative",0.05,5,0.01,"","separate_mirage","trait1","bfdr_observed_fdp",0.01,0
20260813,1,500,15,3000,3000,3000,3000,"fast","control_informative",0.05,5,0.01,"","separate_mirage","trait1","bfdr_estimate",0.01,0.001282495962456
20260813,1,500,15,3000,3000,3000,3000,"fast","control_informative",0.05,5,0.01,"","separate_mirage","trait1","bfdr_power",0.01,0.08
20260813,1,500,15,3000,3000,3000,3000,"fast","control_informative",0.05,5,0.01,"","separate_mirage","trait1","bfdr_discoveries",0.01,2
20260813,1,500,15,3000,3000,3000,3000,"fast","control_informative",0.05,5,0.01,"","separate_mirage","trait1","bfdr_observed_fdp",0.05,0
20260813,1,500,15,3000,3000,3000,3000,"fast","control_informative",0.05,5,0.01,"","separate_mirage","trait1","bfdr_estimate",0.05,0.0309350034123631
20260813,1,500,15,3000,3000,3000,3000,"fast","control_informative",0.05,5,0.01,"","separate_mirage","trait1","bfdr_power",0.05,0.12
20260813,1,500,15,3000,3000,3000,3000,"fast","control_informative",0.05,5,0.01,"","separate_mirage","trait1","bfdr_discoveries",0.05,3
20260813,1,500,15,3000,3000,3000,3000,"fast","control_informative",0.05,5,0.01,"","separate_mirage","trait1","bfdr_observed_fdp",0.1,0
20260813,1,500,15,3000,3000,3000,3000,"fast","control_informative",0.05,5,0.01,"","separate_mirage","trait1","bfdr_estimate",0.1,0.0749711221165845
20260813,1,500,15,3000,3000,3000,3000,"fast","control_informative",0.05,5,0.01,"","separate_mirage","trait1","bfdr_power",0.1,0.16
20260813,1,500,15,3000,3000,3000,3000,"fast","control_informative",0.05,5,0.01,"","separate_mirage","trait1","bfdr_discoveries",0.1,4
20260813,1,500,15,3000,3000,3000,3000,"fast","control_informative",0.05,5,0.01,"","separate_mirage","trait1","bfdr_observed_fdp",0.2,0.166666666666667
20260813,1,500,15,3000,3000,3000,3000,"fast","control_informative",0.05,5,0.01,"","separate_mirage","trait1","bfdr_estimate",0.2,0.193123380411385
20260813,1,500,15,3000,3000,3000,3000,"fast","control_informative",0.05,5,0.01,"","separate_mirage","trait1","bfdr_power",0.2,0.2
20260813,1,500,15,3000,3000,3000,3000,"fast","control_informative",0.05,5,0.01,"","separate_mirage","trait1","bfdr_discoveries",0.2,6
20260813,1,500,15,3000,3000,3000,3000,"fast","control_informative",0.05,5,0.01,"","separate_mirage","trait2","bfdr_observed_fdp",0.01,0
20260813,1,500,15,3000,3000,3000,3000,"fast","control_informative",0.05,5,0.01,"","separate_mirage","trait2","bfdr_estimate",0.01,0
20260813,1,500,15,3000,3000,3000,3000,"fast","control_informative",0.05,5,0.01,"","separate_mirage","trait2","bfdr_power",0.01,0
20260813,1,500,15,3000,3000,3000,3000,"fast","control_informative",0.05,5,0.01,"","separate_mirage","trait2","bfdr_discoveries",0.01,0
20260813,1,500,15,3000,3000,3000,3000,"fast","control_informative",0.05,5,0.01,"","separate_mirage","trait2","bfdr_observed_fdp",0.05,0
20260813,1,500,15,3000,3000,3000,3000,"fast","control_informative",0.05,5,0.01,"","separate_mirage","trait2","bfdr_estimate",0.05,0
20260813,1,500,15,3000,3000,3000,3000,"fast","control_informative",0.05,5,0.01,"","separate_mirage","trait2","bfdr_power",0.05,0
20260813,1,500,15,3000,3000,3000,3000,"fast","control_informative",0.05,5,0.01,"","separate_mirage","trait2","bfdr_discoveries",0.05,0
20260813,1,500,15,3000,3000,3000,3000,"fast","control_informative",0.05,5,0.01,"","separate_mirage","trait2","bfdr_observed_fdp",0.1,0
20260813,1,500,15,3000,3000,3000,3000,"fast","control_informative",0.05,5,0.01,"","separate_mirage","trait2","bfdr_estimate",0.1,0
20260813,1,500,15,3000,3000,3000,3000,"fast","control_informative",0.05,5,0.01,"","separate_mirage","trait2","bfdr_power",0.1,0
20260813,1,500,15,3000,3000,3000,3000,"fast","control_informative",0.05,5,0.01,"","separate_mirage","trait2","bfdr_discoveries",0.1,0
20260813,1,500,15,3000,3000,3000,3000,"fast","control_informative",0.05,5,0.01,"","separate_mirage","trait2","bfdr_observed_fdp",0.2,0
20260813,1,500,15,3000,3000,3000,3000,"fast","control_informative",0.05,5,0.01,"","separate_mirage","trait2","bfdr_estimate",0.2,0.160867200150221
20260813,1,500,15,3000,3000,3000,3000,"fast","control_informative",0.05,5,0.01,"","separate_mirage","trait2","bfdr_power",0.2,0.2
20260813,1,500,15,3000,3000,3000,3000,"fast","control_informative",0.05,5,0.01,"","separate_mirage","trait2","bfdr_discoveries",0.2,2
20260813,1,500,15,3000,3000,3000,3000,"fast","control_informative",0.05,5,0.01,"","separate_mirage","pleiotropy","bfdr_observed_fdp",0.01,0
20260813,1,500,15,3000,3000,3000,3000,"fast","control_informative",0.05,5,0.01,"","separate_mirage","pleiotropy","bfdr_estimate",0.01,0
20260813,1,500,15,3000,3000,3000,3000,"fast","control_informative",0.05,5,0.01,"","separate_mirage","pleiotropy","bfdr_power",0.01,0
20260813,1,500,15,3000,3000,3000,3000,"fast","control_informative",0.05,5,0.01,"","separate_mirage","pleiotropy","bfdr_discoveries",0.01,0
20260813,1,500,15,3000,3000,3000,3000,"fast","control_informative",0.05,5,0.01,"","separate_mirage","pleiotropy","bfdr_observed_fdp",0.05,0
20260813,1,500,15,3000,3000,3000,3000,"fast","control_informative",0.05,5,0.01,"","separate_mirage","pleiotropy","bfdr_estimate",0.05,0
20260813,1,500,15,3000,3000,3000,3000,"fast","control_informative",0.05,5,0.01,"","separate_mirage","pleiotropy","bfdr_power",0.05,0
20260813,1,500,15,3000,3000,3000,3000,"fast","control_informative",0.05,5,0.01,"","separate_mirage","pleiotropy","bfdr_discoveries",0.05,0
20260813,1,500,15,3000,3000,3000,3000,"fast","control_informative",0.05,5,0.01,"","separate_mirage","pleiotropy","bfdr_observed_fdp",0.1,0
20260813,1,500,15,3000,3000,3000,3000,"fast","control_informative",0.05,5,0.01,"","separate_mirage","pleiotropy","bfdr_estimate",0.1,0
20260813,1,500,15,3000,3000,3000,3000,"fast","control_informative",0.05,5,0.01,"","separate_mirage","pleiotropy","bfdr_power",0.1,0
20260813,1,500,15,3000,3000,3000,3000,"fast","control_informative",0.05,5,0.01,"","separate_mirage","pleiotropy","bfdr_discoveries",0.1,0
20260813,1,500,15,3000,3000,3000,3000,"fast","control_informative",0.05,5,0.01,"","separate_mirage","pleiotropy","bfdr_observed_fdp",0.2,0
20260813,1,500,15,3000,3000,3000,3000,"fast","control_informative",0.05,5,0.01,"","separate_mirage","pleiotropy","bfdr_estimate",0.2,0
20260813,1,500,15,3000,3000,3000,3000,"fast","control_informative",0.05,5,0.01,"","separate_mirage","pleiotropy","bfdr_power",0.2,0
20260813,1,500,15,3000,3000,3000,3000,"fast","control_informative",0.05,5,0.01,"","separate_mirage","pleiotropy","bfdr_discoveries",0.2,0
20260813,1,500,15,3000,3000,3000,3000,"fast","control_informative",0.05,5,0.01,"","separate_mirage","global","runtime_seconds",NA,18.033
20260813,1,500,15,3000,3000,3000,3000,"fast","control_informative",0.05,5,0.01,"","separate_mirage","pleiotropy","pi11_estimate",NA,0.001
20260813,1,500,15,3000,3000,3000,3000,"fast","control_informative",0.05,5,0.01,"","mtada_aggregated","trait1","auc",NA,0.688042105263158
20260813,1,500,15,3000,3000,3000,3000,"fast","control_informative",0.05,5,0.01,"","mtada_aggregated","trait2","auc",NA,0.628571428571429
20260813,1,500,15,3000,3000,3000,3000,"fast","control_informative",0.05,5,0.01,"","mtada_aggregated","pleiotropy","auc",NA,0.661010101010101
20260813,1,500,15,3000,3000,3000,3000,"fast","control_informative",0.05,5,0.01,"","mtada_aggregated","trait1","pp08_power",0.8,0.32
20260813,1,500,15,3000,3000,3000,3000,"fast","control_informative",0.05,5,0.01,"","mtada_aggregated","trait1","pp08_fdp",0.8,0.864406779661017
20260813,1,500,15,3000,3000,3000,3000,"fast","control_informative",0.05,5,0.01,"","mtada_aggregated","trait1","pp08_discoveries",0.8,59
20260813,1,500,15,3000,3000,3000,3000,"fast","control_informative",0.05,5,0.01,"","mtada_aggregated","trait2","pp08_power",0.8,0.2
20260813,1,500,15,3000,3000,3000,3000,"fast","control_informative",0.05,5,0.01,"","mtada_aggregated","trait2","pp08_fdp",0.8,0.947368421052632
20260813,1,500,15,3000,3000,3000,3000,"fast","control_informative",0.05,5,0.01,"","mtada_aggregated","trait2","pp08_discoveries",0.8,38
20260813,1,500,15,3000,3000,3000,3000,"fast","control_informative",0.05,5,0.01,"","mtada_aggregated","pleiotropy","pp08_power",0.8,0.2
20260813,1,500,15,3000,3000,3000,3000,"fast","control_informative",0.05,5,0.01,"","mtada_aggregated","pleiotropy","pp08_fdp",0.8,0.75
20260813,1,500,15,3000,3000,3000,3000,"fast","control_informative",0.05,5,0.01,"","mtada_aggregated","pleiotropy","pp08_discoveries",0.8,4
20260813,1,500,15,3000,3000,3000,3000,"fast","control_informative",0.05,5,0.01,"","mtada_aggregated","trait1","bfdr_observed_fdp",0.01,0.865384615384615
20260813,1,500,15,3000,3000,3000,3000,"fast","control_informative",0.05,5,0.01,"","mtada_aggregated","trait1","bfdr_estimate",0.01,0.00923003433859658
20260813,1,500,15,3000,3000,3000,3000,"fast","control_informative",0.05,5,0.01,"","mtada_aggregated","trait1","bfdr_power",0.01,0.28
20260813,1,500,15,3000,3000,3000,3000,"fast","control_informative",0.05,5,0.01,"","mtada_aggregated","trait1","bfdr_discoveries",0.01,52
20260813,1,500,15,3000,3000,3000,3000,"fast","control_informative",0.05,5,0.01,"","mtada_aggregated","trait1","bfdr_observed_fdp",0.05,0.873015873015873
20260813,1,500,15,3000,3000,3000,3000,"fast","control_informative",0.05,5,0.01,"","mtada_aggregated","trait1","bfdr_estimate",0.05,0.0482414404520359
20260813,1,500,15,3000,3000,3000,3000,"fast","control_informative",0.05,5,0.01,"","mtada_aggregated","trait1","bfdr_power",0.05,0.32
20260813,1,500,15,3000,3000,3000,3000,"fast","control_informative",0.05,5,0.01,"","mtada_aggregated","trait1","bfdr_discoveries",0.05,63
20260813,1,500,15,3000,3000,3000,3000,"fast","control_informative",0.05,5,0.01,"","mtada_aggregated","trait1","bfdr_observed_fdp",0.1,0.884057971014493
20260813,1,500,15,3000,3000,3000,3000,"fast","control_informative",0.05,5,0.01,"","mtada_aggregated","trait1","bfdr_estimate",0.1,0.0987847927089514
20260813,1,500,15,3000,3000,3000,3000,"fast","control_informative",0.05,5,0.01,"","mtada_aggregated","trait1","bfdr_power",0.1,0.32
20260813,1,500,15,3000,3000,3000,3000,"fast","control_informative",0.05,5,0.01,"","mtada_aggregated","trait1","bfdr_discoveries",0.1,69
20260813,1,500,15,3000,3000,3000,3000,"fast","control_informative",0.05,5,0.01,"","mtada_aggregated","trait1","bfdr_observed_fdp",0.2,0.873417721518987
20260813,1,500,15,3000,3000,3000,3000,"fast","control_informative",0.05,5,0.01,"","mtada_aggregated","trait1","bfdr_estimate",0.2,0.19364347892967
20260813,1,500,15,3000,3000,3000,3000,"fast","control_informative",0.05,5,0.01,"","mtada_aggregated","trait1","bfdr_power",0.2,0.4
20260813,1,500,15,3000,3000,3000,3000,"fast","control_informative",0.05,5,0.01,"","mtada_aggregated","trait1","bfdr_discoveries",0.2,79
20260813,1,500,15,3000,3000,3000,3000,"fast","control_informative",0.05,5,0.01,"","mtada_aggregated","trait2","bfdr_observed_fdp",0.01,0.93939393939394
20260813,1,500,15,3000,3000,3000,3000,"fast","control_informative",0.05,5,0.01,"","mtada_aggregated","trait2","bfdr_estimate",0.01,0.00916592876948927
20260813,1,500,15,3000,3000,3000,3000,"fast","control_informative",0.05,5,0.01,"","mtada_aggregated","trait2","bfdr_power",0.01,0.2
20260813,1,500,15,3000,3000,3000,3000,"fast","control_informative",0.05,5,0.01,"","mtada_aggregated","trait2","bfdr_discoveries",0.01,33
20260813,1,500,15,3000,3000,3000,3000,"fast","control_informative",0.05,5,0.01,"","mtada_aggregated","trait2","bfdr_observed_fdp",0.05,0.926829268292683
20260813,1,500,15,3000,3000,3000,3000,"fast","control_informative",0.05,5,0.01,"","mtada_aggregated","trait2","bfdr_estimate",0.05,0.0422141735342644
20260813,1,500,15,3000,3000,3000,3000,"fast","control_informative",0.05,5,0.01,"","mtada_aggregated","trait2","bfdr_power",0.05,0.3
20260813,1,500,15,3000,3000,3000,3000,"fast","control_informative",0.05,5,0.01,"","mtada_aggregated","trait2","bfdr_discoveries",0.05,41
20260813,1,500,15,3000,3000,3000,3000,"fast","control_informative",0.05,5,0.01,"","mtada_aggregated","trait2","bfdr_observed_fdp",0.1,0.934782608695652
20260813,1,500,15,3000,3000,3000,3000,"fast","control_informative",0.05,5,0.01,"","mtada_aggregated","trait2","bfdr_estimate",0.1,0.0974359942730509
20260813,1,500,15,3000,3000,3000,3000,"fast","control_informative",0.05,5,0.01,"","mtada_aggregated","trait2","bfdr_power",0.1,0.3
20260813,1,500,15,3000,3000,3000,3000,"fast","control_informative",0.05,5,0.01,"","mtada_aggregated","trait2","bfdr_discoveries",0.1,46
20260813,1,500,15,3000,3000,3000,3000,"fast","control_informative",0.05,5,0.01,"","mtada_aggregated","trait2","bfdr_observed_fdp",0.2,0.944444444444444
20260813,1,500,15,3000,3000,3000,3000,"fast","control_informative",0.05,5,0.01,"","mtada_aggregated","trait2","bfdr_estimate",0.2,0.193006712740779
20260813,1,500,15,3000,3000,3000,3000,"fast","control_informative",0.05,5,0.01,"","mtada_aggregated","trait2","bfdr_power",0.2,0.3
20260813,1,500,15,3000,3000,3000,3000,"fast","control_informative",0.05,5,0.01,"","mtada_aggregated","trait2","bfdr_discoveries",0.2,54
20260813,1,500,15,3000,3000,3000,3000,"fast","control_informative",0.05,5,0.01,"","mtada_aggregated","pleiotropy","bfdr_observed_fdp",0.01,0
20260813,1,500,15,3000,3000,3000,3000,"fast","control_informative",0.05,5,0.01,"","mtada_aggregated","pleiotropy","bfdr_estimate",0.01,0.00477246015947652
20260813,1,500,15,3000,3000,3000,3000,"fast","control_informative",0.05,5,0.01,"","mtada_aggregated","pleiotropy","bfdr_power",0.01,0.2
20260813,1,500,15,3000,3000,3000,3000,"fast","control_informative",0.05,5,0.01,"","mtada_aggregated","pleiotropy","bfdr_discoveries",0.01,1
20260813,1,500,15,3000,3000,3000,3000,"fast","control_informative",0.05,5,0.01,"","mtada_aggregated","pleiotropy","bfdr_observed_fdp",0.05,0.666666666666667
20260813,1,500,15,3000,3000,3000,3000,"fast","control_informative",0.05,5,0.01,"","mtada_aggregated","pleiotropy","bfdr_estimate",0.05,0.0386818840657537
20260813,1,500,15,3000,3000,3000,3000,"fast","control_informative",0.05,5,0.01,"","mtada_aggregated","pleiotropy","bfdr_power",0.05,0.2
20260813,1,500,15,3000,3000,3000,3000,"fast","control_informative",0.05,5,0.01,"","mtada_aggregated","pleiotropy","bfdr_discoveries",0.05,3
20260813,1,500,15,3000,3000,3000,3000,"fast","control_informative",0.05,5,0.01,"","mtada_aggregated","pleiotropy","bfdr_observed_fdp",0.1,0.75
20260813,1,500,15,3000,3000,3000,3000,"fast","control_informative",0.05,5,0.01,"","mtada_aggregated","pleiotropy","bfdr_estimate",0.1,0.0729712383149588
20260813,1,500,15,3000,3000,3000,3000,"fast","control_informative",0.05,5,0.01,"","mtada_aggregated","pleiotropy","bfdr_power",0.1,0.2
20260813,1,500,15,3000,3000,3000,3000,"fast","control_informative",0.05,5,0.01,"","mtada_aggregated","pleiotropy","bfdr_discoveries",0.1,4
20260813,1,500,15,3000,3000,3000,3000,"fast","control_informative",0.05,5,0.01,"","mtada_aggregated","pleiotropy","bfdr_observed_fdp",0.2,0.833333333333333
20260813,1,500,15,3000,3000,3000,3000,"fast","control_informative",0.05,5,0.01,"","mtada_aggregated","pleiotropy","bfdr_estimate",0.2,0.194670926837071
20260813,1,500,15,3000,3000,3000,3000,"fast","control_informative",0.05,5,0.01,"","mtada_aggregated","pleiotropy","bfdr_power",0.2,0.2
20260813,1,500,15,3000,3000,3000,3000,"fast","control_informative",0.05,5,0.01,"","mtada_aggregated","pleiotropy","bfdr_discoveries",0.2,6
20260813,1,500,15,3000,3000,3000,3000,"fast","control_informative",0.05,5,0.01,"","mtada_aggregated","global","runtime_seconds",NA,0.781000000000006
20260813,1,500,15,3000,3000,3000,3000,"fast","control_informative",0.05,5,0.01,"","mtada_aggregated","pleiotropy","pi11_estimate",NA,0.00142756
20260814,2,500,15,3000,3000,3000,3000,"fast","control_informative",0.05,5,0.01,"","mirage_joint","trait1","auc",NA,0.756042105263158
20260814,2,500,15,3000,3000,3000,3000,"fast","control_informative",0.05,5,0.01,"","mirage_joint","trait2","auc",NA,0.602040816326531
20260814,2,500,15,3000,3000,3000,3000,"fast","control_informative",0.05,5,0.01,"","mirage_joint","pleiotropy","auc",NA,0.706262626262626
20260814,2,500,15,3000,3000,3000,3000,"fast","control_informative",0.05,5,0.01,"","mirage_joint","trait1","pp08_power",0.8,0.2
20260814,2,500,15,3000,3000,3000,3000,"fast","control_informative",0.05,5,0.01,"","mirage_joint","trait1","pp08_fdp",0.8,0
20260814,2,500,15,3000,3000,3000,3000,"fast","control_informative",0.05,5,0.01,"","mirage_joint","trait1","pp08_discoveries",0.8,5
20260814,2,500,15,3000,3000,3000,3000,"fast","control_informative",0.05,5,0.01,"","mirage_joint","trait2","pp08_power",0.8,0.1
20260814,2,500,15,3000,3000,3000,3000,"fast","control_informative",0.05,5,0.01,"","mirage_joint","trait2","pp08_fdp",0.8,0
20260814,2,500,15,3000,3000,3000,3000,"fast","control_informative",0.05,5,0.01,"","mirage_joint","trait2","pp08_discoveries",0.8,1
20260814,2,500,15,3000,3000,3000,3000,"fast","control_informative",0.05,5,0.01,"","mirage_joint","pleiotropy","pp08_power",0.8,0.2
20260814,2,500,15,3000,3000,3000,3000,"fast","control_informative",0.05,5,0.01,"","mirage_joint","pleiotropy","pp08_fdp",0.8,0
20260814,2,500,15,3000,3000,3000,3000,"fast","control_informative",0.05,5,0.01,"","mirage_joint","pleiotropy","pp08_discoveries",0.8,1
20260814,2,500,15,3000,3000,3000,3000,"fast","control_informative",0.05,5,0.01,"","mirage_joint","trait1","bfdr_observed_fdp",0.01,0
20260814,2,500,15,3000,3000,3000,3000,"fast","control_informative",0.05,5,0.01,"","mirage_joint","trait1","bfdr_estimate",0.01,0.00525552058139805
20260814,2,500,15,3000,3000,3000,3000,"fast","control_informative",0.05,5,0.01,"","mirage_joint","trait1","bfdr_power",0.01,0.08
20260814,2,500,15,3000,3000,3000,3000,"fast","control_informative",0.05,5,0.01,"","mirage_joint","trait1","bfdr_discoveries",0.01,2
20260814,2,500,15,3000,3000,3000,3000,"fast","control_informative",0.05,5,0.01,"","mirage_joint","trait1","bfdr_observed_fdp",0.05,0
20260814,2,500,15,3000,3000,3000,3000,"fast","control_informative",0.05,5,0.01,"","mirage_joint","trait1","bfdr_estimate",0.05,0.0495766068622875
20260814,2,500,15,3000,3000,3000,3000,"fast","control_informative",0.05,5,0.01,"","mirage_joint","trait1","bfdr_power",0.05,0.16
20260814,2,500,15,3000,3000,3000,3000,"fast","control_informative",0.05,5,0.01,"","mirage_joint","trait1","bfdr_discoveries",0.05,4
20260814,2,500,15,3000,3000,3000,3000,"fast","control_informative",0.05,5,0.01,"","mirage_joint","trait1","bfdr_observed_fdp",0.1,0.166666666666667
20260814,2,500,15,3000,3000,3000,3000,"fast","control_informative",0.05,5,0.01,"","mirage_joint","trait1","bfdr_estimate",0.1,0.094830516304037
20260814,2,500,15,3000,3000,3000,3000,"fast","control_informative",0.05,5,0.01,"","mirage_joint","trait1","bfdr_power",0.1,0.2
20260814,2,500,15,3000,3000,3000,3000,"fast","control_informative",0.05,5,0.01,"","mirage_joint","trait1","bfdr_discoveries",0.1,6
20260814,2,500,15,3000,3000,3000,3000,"fast","control_informative",0.05,5,0.01,"","mirage_joint","trait1","bfdr_observed_fdp",0.2,0.25
20260814,2,500,15,3000,3000,3000,3000,"fast","control_informative",0.05,5,0.01,"","mirage_joint","trait1","bfdr_estimate",0.2,0.199764838731277
20260814,2,500,15,3000,3000,3000,3000,"fast","control_informative",0.05,5,0.01,"","mirage_joint","trait1","bfdr_power",0.2,0.24
20260814,2,500,15,3000,3000,3000,3000,"fast","control_informative",0.05,5,0.01,"","mirage_joint","trait1","bfdr_discoveries",0.2,8
20260814,2,500,15,3000,3000,3000,3000,"fast","control_informative",0.05,5,0.01,"","mirage_joint","trait2","bfdr_observed_fdp",0.01,0
20260814,2,500,15,3000,3000,3000,3000,"fast","control_informative",0.05,5,0.01,"","mirage_joint","trait2","bfdr_estimate",0.01,0
20260814,2,500,15,3000,3000,3000,3000,"fast","control_informative",0.05,5,0.01,"","mirage_joint","trait2","bfdr_power",0.01,0
20260814,2,500,15,3000,3000,3000,3000,"fast","control_informative",0.05,5,0.01,"","mirage_joint","trait2","bfdr_discoveries",0.01,0
20260814,2,500,15,3000,3000,3000,3000,"fast","control_informative",0.05,5,0.01,"","mirage_joint","trait2","bfdr_observed_fdp",0.05,0
20260814,2,500,15,3000,3000,3000,3000,"fast","control_informative",0.05,5,0.01,"","mirage_joint","trait2","bfdr_estimate",0.05,0
20260814,2,500,15,3000,3000,3000,3000,"fast","control_informative",0.05,5,0.01,"","mirage_joint","trait2","bfdr_power",0.05,0
20260814,2,500,15,3000,3000,3000,3000,"fast","control_informative",0.05,5,0.01,"","mirage_joint","trait2","bfdr_discoveries",0.05,0
20260814,2,500,15,3000,3000,3000,3000,"fast","control_informative",0.05,5,0.01,"","mirage_joint","trait2","bfdr_observed_fdp",0.1,0
20260814,2,500,15,3000,3000,3000,3000,"fast","control_informative",0.05,5,0.01,"","mirage_joint","trait2","bfdr_estimate",0.1,0
20260814,2,500,15,3000,3000,3000,3000,"fast","control_informative",0.05,5,0.01,"","mirage_joint","trait2","bfdr_power",0.1,0
20260814,2,500,15,3000,3000,3000,3000,"fast","control_informative",0.05,5,0.01,"","mirage_joint","trait2","bfdr_discoveries",0.1,0
20260814,2,500,15,3000,3000,3000,3000,"fast","control_informative",0.05,5,0.01,"","mirage_joint","trait2","bfdr_observed_fdp",0.2,0
20260814,2,500,15,3000,3000,3000,3000,"fast","control_informative",0.05,5,0.01,"","mirage_joint","trait2","bfdr_estimate",0.2,0.169379490810967
20260814,2,500,15,3000,3000,3000,3000,"fast","control_informative",0.05,5,0.01,"","mirage_joint","trait2","bfdr_power",0.2,0.1
20260814,2,500,15,3000,3000,3000,3000,"fast","control_informative",0.05,5,0.01,"","mirage_joint","trait2","bfdr_discoveries",0.2,1
20260814,2,500,15,3000,3000,3000,3000,"fast","control_informative",0.05,5,0.01,"","mirage_joint","pleiotropy","bfdr_observed_fdp",0.01,0
20260814,2,500,15,3000,3000,3000,3000,"fast","control_informative",0.05,5,0.01,"","mirage_joint","pleiotropy","bfdr_estimate",0.01,0
20260814,2,500,15,3000,3000,3000,3000,"fast","control_informative",0.05,5,0.01,"","mirage_joint","pleiotropy","bfdr_power",0.01,0
20260814,2,500,15,3000,3000,3000,3000,"fast","control_informative",0.05,5,0.01,"","mirage_joint","pleiotropy","bfdr_discoveries",0.01,0
20260814,2,500,15,3000,3000,3000,3000,"fast","control_informative",0.05,5,0.01,"","mirage_joint","pleiotropy","bfdr_observed_fdp",0.05,0
20260814,2,500,15,3000,3000,3000,3000,"fast","control_informative",0.05,5,0.01,"","mirage_joint","pleiotropy","bfdr_estimate",0.05,0
20260814,2,500,15,3000,3000,3000,3000,"fast","control_informative",0.05,5,0.01,"","mirage_joint","pleiotropy","bfdr_power",0.05,0
20260814,2,500,15,3000,3000,3000,3000,"fast","control_informative",0.05,5,0.01,"","mirage_joint","pleiotropy","bfdr_discoveries",0.05,0
20260814,2,500,15,3000,3000,3000,3000,"fast","control_informative",0.05,5,0.01,"","mirage_joint","pleiotropy","bfdr_observed_fdp",0.1,0
20260814,2,500,15,3000,3000,3000,3000,"fast","control_informative",0.05,5,0.01,"","mirage_joint","pleiotropy","bfdr_estimate",0.1,0
20260814,2,500,15,3000,3000,3000,3000,"fast","control_informative",0.05,5,0.01,"","mirage_joint","pleiotropy","bfdr_power",0.1,0
20260814,2,500,15,3000,3000,3000,3000,"fast","control_informative",0.05,5,0.01,"","mirage_joint","pleiotropy","bfdr_discoveries",0.1,0
20260814,2,500,15,3000,3000,3000,3000,"fast","control_informative",0.05,5,0.01,"","mirage_joint","pleiotropy","bfdr_observed_fdp",0.2,0
20260814,2,500,15,3000,3000,3000,3000,"fast","control_informative",0.05,5,0.01,"","mirage_joint","pleiotropy","bfdr_estimate",0.2,0.170039005339072
20260814,2,500,15,3000,3000,3000,3000,"fast","control_informative",0.05,5,0.01,"","mirage_joint","pleiotropy","bfdr_power",0.2,0.2
20260814,2,500,15,3000,3000,3000,3000,"fast","control_informative",0.05,5,0.01,"","mirage_joint","pleiotropy","bfdr_discoveries",0.2,1
20260814,2,500,15,3000,3000,3000,3000,"fast","control_informative",0.05,5,0.01,"","mirage_joint","global","runtime_seconds",NA,18.014
20260814,2,500,15,3000,3000,3000,3000,"fast","control_informative",0.05,5,0.01,"","mirage_joint","pleiotropy","pi11_estimate",NA,0.0531872891541775
20260814,2,500,15,3000,3000,3000,3000,"fast","control_informative",0.05,5,0.01,"","separate_mirage","trait1","auc",NA,0.763368421052632
20260814,2,500,15,3000,3000,3000,3000,"fast","control_informative",0.05,5,0.01,"","separate_mirage","trait2","auc",NA,0.619387755102041
20260814,2,500,15,3000,3000,3000,3000,"fast","control_informative",0.05,5,0.01,"","separate_mirage","pleiotropy","auc",NA,0.712323232323232
20260814,2,500,15,3000,3000,3000,3000,"fast","control_informative",0.05,5,0.01,"","separate_mirage","trait1","pp08_power",0.8,0.12
20260814,2,500,15,3000,3000,3000,3000,"fast","control_informative",0.05,5,0.01,"","separate_mirage","trait1","pp08_fdp",0.8,0
20260814,2,500,15,3000,3000,3000,3000,"fast","control_informative",0.05,5,0.01,"","separate_mirage","trait1","pp08_discoveries",0.8,3
20260814,2,500,15,3000,3000,3000,3000,"fast","control_informative",0.05,5,0.01,"","separate_mirage","trait2","pp08_power",0.8,0
20260814,2,500,15,3000,3000,3000,3000,"fast","control_informative",0.05,5,0.01,"","separate_mirage","trait2","pp08_fdp",0.8,0
20260814,2,500,15,3000,3000,3000,3000,"fast","control_informative",0.05,5,0.01,"","separate_mirage","trait2","pp08_discoveries",0.8,0
20260814,2,500,15,3000,3000,3000,3000,"fast","control_informative",0.05,5,0.01,"","separate_mirage","pleiotropy","pp08_power",0.8,0
20260814,2,500,15,3000,3000,3000,3000,"fast","control_informative",0.05,5,0.01,"","separate_mirage","pleiotropy","pp08_fdp",0.8,0
20260814,2,500,15,3000,3000,3000,3000,"fast","control_informative",0.05,5,0.01,"","separate_mirage","pleiotropy","pp08_discoveries",0.8,0
20260814,2,500,15,3000,3000,3000,3000,"fast","control_informative",0.05,5,0.01,"","separate_mirage","trait1","bfdr_observed_fdp",0.01,0
20260814,2,500,15,3000,3000,3000,3000,"fast","control_informative",0.05,5,0.01,"","separate_mirage","trait1","bfdr_estimate",0.01,6.66133814775094e-16
20260814,2,500,15,3000,3000,3000,3000,"fast","control_informative",0.05,5,0.01,"","separate_mirage","trait1","bfdr_power",0.01,0.04
20260814,2,500,15,3000,3000,3000,3000,"fast","control_informative",0.05,5,0.01,"","separate_mirage","trait1","bfdr_discoveries",0.01,1
20260814,2,500,15,3000,3000,3000,3000,"fast","control_informative",0.05,5,0.01,"","separate_mirage","trait1","bfdr_observed_fdp",0.05,0
20260814,2,500,15,3000,3000,3000,3000,"fast","control_informative",0.05,5,0.01,"","separate_mirage","trait1","bfdr_estimate",0.05,0.0107594665828779
20260814,2,500,15,3000,3000,3000,3000,"fast","control_informative",0.05,5,0.01,"","separate_mirage","trait1","bfdr_power",0.05,0.08
20260814,2,500,15,3000,3000,3000,3000,"fast","control_informative",0.05,5,0.01,"","separate_mirage","trait1","bfdr_discoveries",0.05,2
20260814,2,500,15,3000,3000,3000,3000,"fast","control_informative",0.05,5,0.01,"","separate_mirage","trait1","bfdr_observed_fdp",0.1,0
20260814,2,500,15,3000,3000,3000,3000,"fast","control_informative",0.05,5,0.01,"","separate_mirage","trait1","bfdr_estimate",0.1,0.097763937003967
20260814,2,500,15,3000,3000,3000,3000,"fast","control_informative",0.05,5,0.01,"","separate_mirage","trait1","bfdr_power",0.1,0.16
20260814,2,500,15,3000,3000,3000,3000,"fast","control_informative",0.05,5,0.01,"","separate_mirage","trait1","bfdr_discoveries",0.1,4
20260814,2,500,15,3000,3000,3000,3000,"fast","control_informative",0.05,5,0.01,"","separate_mirage","trait1","bfdr_observed_fdp",0.2,0.2
20260814,2,500,15,3000,3000,3000,3000,"fast","control_informative",0.05,5,0.01,"","separate_mirage","trait1","bfdr_estimate",0.2,0.152884247625757
20260814,2,500,15,3000,3000,3000,3000,"fast","control_informative",0.05,5,0.01,"","separate_mirage","trait1","bfdr_power",0.2,0.16
20260814,2,500,15,3000,3000,3000,3000,"fast","control_informative",0.05,5,0.01,"","separate_mirage","trait1","bfdr_discoveries",0.2,5
20260814,2,500,15,3000,3000,3000,3000,"fast","control_informative",0.05,5,0.01,"","separate_mirage","trait2","bfdr_observed_fdp",0.01,0
20260814,2,500,15,3000,3000,3000,3000,"fast","control_informative",0.05,5,0.01,"","separate_mirage","trait2","bfdr_estimate",0.01,0
20260814,2,500,15,3000,3000,3000,3000,"fast","control_informative",0.05,5,0.01,"","separate_mirage","trait2","bfdr_power",0.01,0
20260814,2,500,15,3000,3000,3000,3000,"fast","control_informative",0.05,5,0.01,"","separate_mirage","trait2","bfdr_discoveries",0.01,0
20260814,2,500,15,3000,3000,3000,3000,"fast","control_informative",0.05,5,0.01,"","separate_mirage","trait2","bfdr_observed_fdp",0.05,0
20260814,2,500,15,3000,3000,3000,3000,"fast","control_informative",0.05,5,0.01,"","separate_mirage","trait2","bfdr_estimate",0.05,0
20260814,2,500,15,3000,3000,3000,3000,"fast","control_informative",0.05,5,0.01,"","separate_mirage","trait2","bfdr_power",0.05,0
20260814,2,500,15,3000,3000,3000,3000,"fast","control_informative",0.05,5,0.01,"","separate_mirage","trait2","bfdr_discoveries",0.05,0
20260814,2,500,15,3000,3000,3000,3000,"fast","control_informative",0.05,5,0.01,"","separate_mirage","trait2","bfdr_observed_fdp",0.1,0
20260814,2,500,15,3000,3000,3000,3000,"fast","control_informative",0.05,5,0.01,"","separate_mirage","trait2","bfdr_estimate",0.1,0
20260814,2,500,15,3000,3000,3000,3000,"fast","control_informative",0.05,5,0.01,"","separate_mirage","trait2","bfdr_power",0.1,0
20260814,2,500,15,3000,3000,3000,3000,"fast","control_informative",0.05,5,0.01,"","separate_mirage","trait2","bfdr_discoveries",0.1,0
20260814,2,500,15,3000,3000,3000,3000,"fast","control_informative",0.05,5,0.01,"","separate_mirage","trait2","bfdr_observed_fdp",0.2,0
20260814,2,500,15,3000,3000,3000,3000,"fast","control_informative",0.05,5,0.01,"","separate_mirage","trait2","bfdr_estimate",0.2,0
20260814,2,500,15,3000,3000,3000,3000,"fast","control_informative",0.05,5,0.01,"","separate_mirage","trait2","bfdr_power",0.2,0
20260814,2,500,15,3000,3000,3000,3000,"fast","control_informative",0.05,5,0.01,"","separate_mirage","trait2","bfdr_discoveries",0.2,0
20260814,2,500,15,3000,3000,3000,3000,"fast","control_informative",0.05,5,0.01,"","separate_mirage","pleiotropy","bfdr_observed_fdp",0.01,0
20260814,2,500,15,3000,3000,3000,3000,"fast","control_informative",0.05,5,0.01,"","separate_mirage","pleiotropy","bfdr_estimate",0.01,0
20260814,2,500,15,3000,3000,3000,3000,"fast","control_informative",0.05,5,0.01,"","separate_mirage","pleiotropy","bfdr_power",0.01,0
20260814,2,500,15,3000,3000,3000,3000,"fast","control_informative",0.05,5,0.01,"","separate_mirage","pleiotropy","bfdr_discoveries",0.01,0
20260814,2,500,15,3000,3000,3000,3000,"fast","control_informative",0.05,5,0.01,"","separate_mirage","pleiotropy","bfdr_observed_fdp",0.05,0
20260814,2,500,15,3000,3000,3000,3000,"fast","control_informative",0.05,5,0.01,"","separate_mirage","pleiotropy","bfdr_estimate",0.05,0
20260814,2,500,15,3000,3000,3000,3000,"fast","control_informative",0.05,5,0.01,"","separate_mirage","pleiotropy","bfdr_power",0.05,0
20260814,2,500,15,3000,3000,3000,3000,"fast","control_informative",0.05,5,0.01,"","separate_mirage","pleiotropy","bfdr_discoveries",0.05,0
20260814,2,500,15,3000,3000,3000,3000,"fast","control_informative",0.05,5,0.01,"","separate_mirage","pleiotropy","bfdr_observed_fdp",0.1,0
20260814,2,500,15,3000,3000,3000,3000,"fast","control_informative",0.05,5,0.01,"","separate_mirage","pleiotropy","bfdr_estimate",0.1,0
20260814,2,500,15,3000,3000,3000,3000,"fast","control_informative",0.05,5,0.01,"","separate_mirage","pleiotropy","bfdr_power",0.1,0
20260814,2,500,15,3000,3000,3000,3000,"fast","control_informative",0.05,5,0.01,"","separate_mirage","pleiotropy","bfdr_discoveries",0.1,0
20260814,2,500,15,3000,3000,3000,3000,"fast","control_informative",0.05,5,0.01,"","separate_mirage","pleiotropy","bfdr_observed_fdp",0.2,0
20260814,2,500,15,3000,3000,3000,3000,"fast","control_informative",0.05,5,0.01,"","separate_mirage","pleiotropy","bfdr_estimate",0.2,0
20260814,2,500,15,3000,3000,3000,3000,"fast","control_informative",0.05,5,0.01,"","separate_mirage","pleiotropy","bfdr_power",0.2,0
20260814,2,500,15,3000,3000,3000,3000,"fast","control_informative",0.05,5,0.01,"","separate_mirage","pleiotropy","bfdr_discoveries",0.2,0
20260814,2,500,15,3000,3000,3000,3000,"fast","control_informative",0.05,5,0.01,"","separate_mirage","global","runtime_seconds",NA,18.034
20260814,2,500,15,3000,3000,3000,3000,"fast","control_informative",0.05,5,0.01,"","separate_mirage","pleiotropy","pi11_estimate",NA,0.001
20260814,2,500,15,3000,3000,3000,3000,"fast","control_informative",0.05,5,0.01,"","mtada_aggregated","trait1","auc",NA,0.758863157894737
20260814,2,500,15,3000,3000,3000,3000,"fast","control_informative",0.05,5,0.01,"","mtada_aggregated","trait2","auc",NA,0.685714285714286
20260814,2,500,15,3000,3000,3000,3000,"fast","control_informative",0.05,5,0.01,"","mtada_aggregated","pleiotropy","auc",NA,0.745858585858586
20260814,2,500,15,3000,3000,3000,3000,"fast","control_informative",0.05,5,0.01,"","mtada_aggregated","trait1","pp08_power",0.8,0.44
20260814,2,500,15,3000,3000,3000,3000,"fast","control_informative",0.05,5,0.01,"","mtada_aggregated","trait1","pp08_fdp",0.8,0.816666666666667
20260814,2,500,15,3000,3000,3000,3000,"fast","control_informative",0.05,5,0.01,"","mtada_aggregated","trait1","pp08_discoveries",0.8,60
20260814,2,500,15,3000,3000,3000,3000,"fast","control_informative",0.05,5,0.01,"","mtada_aggregated","trait2","pp08_power",0.8,0.1
20260814,2,500,15,3000,3000,3000,3000,"fast","control_informative",0.05,5,0.01,"","mtada_aggregated","trait2","pp08_fdp",0.8,0.96969696969697
20260814,2,500,15,3000,3000,3000,3000,"fast","control_informative",0.05,5,0.01,"","mtada_aggregated","trait2","pp08_discoveries",0.8,33
20260814,2,500,15,3000,3000,3000,3000,"fast","control_informative",0.05,5,0.01,"","mtada_aggregated","pleiotropy","pp08_power",0.8,0
20260814,2,500,15,3000,3000,3000,3000,"fast","control_informative",0.05,5,0.01,"","mtada_aggregated","pleiotropy","pp08_fdp",0.8,1
20260814,2,500,15,3000,3000,3000,3000,"fast","control_informative",0.05,5,0.01,"","mtada_aggregated","pleiotropy","pp08_discoveries",0.8,5
20260814,2,500,15,3000,3000,3000,3000,"fast","control_informative",0.05,5,0.01,"","mtada_aggregated","trait1","bfdr_observed_fdp",0.01,0.803921568627451
20260814,2,500,15,3000,3000,3000,3000,"fast","control_informative",0.05,5,0.01,"","mtada_aggregated","trait1","bfdr_estimate",0.01,0.0096869804974327
20260814,2,500,15,3000,3000,3000,3000,"fast","control_informative",0.05,5,0.01,"","mtada_aggregated","trait1","bfdr_power",0.01,0.4
20260814,2,500,15,3000,3000,3000,3000,"fast","control_informative",0.05,5,0.01,"","mtada_aggregated","trait1","bfdr_discoveries",0.01,51
20260814,2,500,15,3000,3000,3000,3000,"fast","control_informative",0.05,5,0.01,"","mtada_aggregated","trait1","bfdr_observed_fdp",0.05,0.828125
20260814,2,500,15,3000,3000,3000,3000,"fast","control_informative",0.05,5,0.01,"","mtada_aggregated","trait1","bfdr_estimate",0.05,0.0478202900940449
20260814,2,500,15,3000,3000,3000,3000,"fast","control_informative",0.05,5,0.01,"","mtada_aggregated","trait1","bfdr_power",0.05,0.44
20260814,2,500,15,3000,3000,3000,3000,"fast","control_informative",0.05,5,0.01,"","mtada_aggregated","trait1","bfdr_discoveries",0.05,64
20260814,2,500,15,3000,3000,3000,3000,"fast","control_informative",0.05,5,0.01,"","mtada_aggregated","trait1","bfdr_observed_fdp",0.1,0.833333333333333
20260814,2,500,15,3000,3000,3000,3000,"fast","control_informative",0.05,5,0.01,"","mtada_aggregated","trait1","bfdr_estimate",0.1,0.0980503540182202
20260814,2,500,15,3000,3000,3000,3000,"fast","control_informative",0.05,5,0.01,"","mtada_aggregated","trait1","bfdr_power",0.1,0.48
20260814,2,500,15,3000,3000,3000,3000,"fast","control_informative",0.05,5,0.01,"","mtada_aggregated","trait1","bfdr_discoveries",0.1,72
20260814,2,500,15,3000,3000,3000,3000,"fast","control_informative",0.05,5,0.01,"","mtada_aggregated","trait1","bfdr_observed_fdp",0.2,0.833333333333333
20260814,2,500,15,3000,3000,3000,3000,"fast","control_informative",0.05,5,0.01,"","mtada_aggregated","trait1","bfdr_estimate",0.2,0.19396807158289
20260814,2,500,15,3000,3000,3000,3000,"fast","control_informative",0.05,5,0.01,"","mtada_aggregated","trait1","bfdr_power",0.2,0.56
20260814,2,500,15,3000,3000,3000,3000,"fast","control_informative",0.05,5,0.01,"","mtada_aggregated","trait1","bfdr_discoveries",0.2,84
20260814,2,500,15,3000,3000,3000,3000,"fast","control_informative",0.05,5,0.01,"","mtada_aggregated","trait2","bfdr_observed_fdp",0.01,0.964285714285714
20260814,2,500,15,3000,3000,3000,3000,"fast","control_informative",0.05,5,0.01,"","mtada_aggregated","trait2","bfdr_estimate",0.01,0.00930146819721268
20260814,2,500,15,3000,3000,3000,3000,"fast","control_informative",0.05,5,0.01,"","mtada_aggregated","trait2","bfdr_power",0.01,0.1
20260814,2,500,15,3000,3000,3000,3000,"fast","control_informative",0.05,5,0.01,"","mtada_aggregated","trait2","bfdr_discoveries",0.01,28
20260814,2,500,15,3000,3000,3000,3000,"fast","control_informative",0.05,5,0.01,"","mtada_aggregated","trait2","bfdr_observed_fdp",0.05,0.971428571428571
20260814,2,500,15,3000,3000,3000,3000,"fast","control_informative",0.05,5,0.01,"","mtada_aggregated","trait2","bfdr_estimate",0.05,0.0467929183295719
20260814,2,500,15,3000,3000,3000,3000,"fast","control_informative",0.05,5,0.01,"","mtada_aggregated","trait2","bfdr_power",0.05,0.1
20260814,2,500,15,3000,3000,3000,3000,"fast","control_informative",0.05,5,0.01,"","mtada_aggregated","trait2","bfdr_discoveries",0.05,35
20260814,2,500,15,3000,3000,3000,3000,"fast","control_informative",0.05,5,0.01,"","mtada_aggregated","trait2","bfdr_observed_fdp",0.1,0.973684210526316
20260814,2,500,15,3000,3000,3000,3000,"fast","control_informative",0.05,5,0.01,"","mtada_aggregated","trait2","bfdr_estimate",0.1,0.0910809912828227
20260814,2,500,15,3000,3000,3000,3000,"fast","control_informative",0.05,5,0.01,"","mtada_aggregated","trait2","bfdr_power",0.1,0.1
20260814,2,500,15,3000,3000,3000,3000,"fast","control_informative",0.05,5,0.01,"","mtada_aggregated","trait2","bfdr_discoveries",0.1,38
20260814,2,500,15,3000,3000,3000,3000,"fast","control_informative",0.05,5,0.01,"","mtada_aggregated","trait2","bfdr_observed_fdp",0.2,0.955555555555556
20260814,2,500,15,3000,3000,3000,3000,"fast","control_informative",0.05,5,0.01,"","mtada_aggregated","trait2","bfdr_estimate",0.2,0.191175254855363
20260814,2,500,15,3000,3000,3000,3000,"fast","control_informative",0.05,5,0.01,"","mtada_aggregated","trait2","bfdr_power",0.2,0.2
20260814,2,500,15,3000,3000,3000,3000,"fast","control_informative",0.05,5,0.01,"","mtada_aggregated","trait2","bfdr_discoveries",0.2,45
20260814,2,500,15,3000,3000,3000,3000,"fast","control_informative",0.05,5,0.01,"","mtada_aggregated","pleiotropy","bfdr_observed_fdp",0.01,1
20260814,2,500,15,3000,3000,3000,3000,"fast","control_informative",0.05,5,0.01,"","mtada_aggregated","pleiotropy","bfdr_estimate",0.01,0.00820193469732711
20260814,2,500,15,3000,3000,3000,3000,"fast","control_informative",0.05,5,0.01,"","mtada_aggregated","pleiotropy","bfdr_power",0.01,0
20260814,2,500,15,3000,3000,3000,3000,"fast","control_informative",0.05,5,0.01,"","mtada_aggregated","pleiotropy","bfdr_discoveries",0.01,3
20260814,2,500,15,3000,3000,3000,3000,"fast","control_informative",0.05,5,0.01,"","mtada_aggregated","pleiotropy","bfdr_observed_fdp",0.05,1
20260814,2,500,15,3000,3000,3000,3000,"fast","control_informative",0.05,5,0.01,"","mtada_aggregated","pleiotropy","bfdr_estimate",0.05,0.0198617978259432
20260814,2,500,15,3000,3000,3000,3000,"fast","control_informative",0.05,5,0.01,"","mtada_aggregated","pleiotropy","bfdr_power",0.05,0
20260814,2,500,15,3000,3000,3000,3000,"fast","control_informative",0.05,5,0.01,"","mtada_aggregated","pleiotropy","bfdr_discoveries",0.05,4
20260814,2,500,15,3000,3000,3000,3000,"fast","control_informative",0.05,5,0.01,"","mtada_aggregated","pleiotropy","bfdr_observed_fdp",0.1,1
20260814,2,500,15,3000,3000,3000,3000,"fast","control_informative",0.05,5,0.01,"","mtada_aggregated","pleiotropy","bfdr_estimate",0.1,0.0552229607572214
20260814,2,500,15,3000,3000,3000,3000,"fast","control_informative",0.05,5,0.01,"","mtada_aggregated","pleiotropy","bfdr_power",0.1,0
20260814,2,500,15,3000,3000,3000,3000,"fast","control_informative",0.05,5,0.01,"","mtada_aggregated","pleiotropy","bfdr_discoveries",0.1,5
20260814,2,500,15,3000,3000,3000,3000,"fast","control_informative",0.05,5,0.01,"","mtada_aggregated","pleiotropy","bfdr_observed_fdp",0.2,1
20260814,2,500,15,3000,3000,3000,3000,"fast","control_informative",0.05,5,0.01,"","mtada_aggregated","pleiotropy","bfdr_estimate",0.2,0.173974052329641
20260814,2,500,15,3000,3000,3000,3000,"fast","control_informative",0.05,5,0.01,"","mtada_aggregated","pleiotropy","bfdr_power",0.2,0
20260814,2,500,15,3000,3000,3000,3000,"fast","control_informative",0.05,5,0.01,"","mtada_aggregated","pleiotropy","bfdr_discoveries",0.2,6
20260814,2,500,15,3000,3000,3000,3000,"fast","control_informative",0.05,5,0.01,"","mtada_aggregated","global","runtime_seconds",NA,0.796000000000006
20260814,2,500,15,3000,3000,3000,3000,"fast","control_informative",0.05,5,0.01,"","mtada_aggregated","pleiotropy","pi11_estimate",NA,0.002185
20260815,3,500,15,3000,3000,3000,3000,"fast","control_informative",0.05,5,0.01,"","mirage_joint","trait1","auc",NA,0.754947368421053
20260815,3,500,15,3000,3000,3000,3000,"fast","control_informative",0.05,5,0.01,"","mirage_joint","trait2","auc",NA,0.759387755102041
20260815,3,500,15,3000,3000,3000,3000,"fast","control_informative",0.05,5,0.01,"","mirage_joint","pleiotropy","auc",NA,0.821414141414141
20260815,3,500,15,3000,3000,3000,3000,"fast","control_informative",0.05,5,0.01,"","mirage_joint","trait1","pp08_power",0.8,0.16
20260815,3,500,15,3000,3000,3000,3000,"fast","control_informative",0.05,5,0.01,"","mirage_joint","trait1","pp08_fdp",0.8,0
20260815,3,500,15,3000,3000,3000,3000,"fast","control_informative",0.05,5,0.01,"","mirage_joint","trait1","pp08_discoveries",0.8,4
20260815,3,500,15,3000,3000,3000,3000,"fast","control_informative",0.05,5,0.01,"","mirage_joint","trait2","pp08_power",0.8,0.1
20260815,3,500,15,3000,3000,3000,3000,"fast","control_informative",0.05,5,0.01,"","mirage_joint","trait2","pp08_fdp",0.8,0
20260815,3,500,15,3000,3000,3000,3000,"fast","control_informative",0.05,5,0.01,"","mirage_joint","trait2","pp08_discoveries",0.8,1
20260815,3,500,15,3000,3000,3000,3000,"fast","control_informative",0.05,5,0.01,"","mirage_joint","pleiotropy","pp08_power",0.8,0
20260815,3,500,15,3000,3000,3000,3000,"fast","control_informative",0.05,5,0.01,"","mirage_joint","pleiotropy","pp08_fdp",0.8,0
20260815,3,500,15,3000,3000,3000,3000,"fast","control_informative",0.05,5,0.01,"","mirage_joint","pleiotropy","pp08_discoveries",0.8,0
20260815,3,500,15,3000,3000,3000,3000,"fast","control_informative",0.05,5,0.01,"","mirage_joint","trait1","bfdr_observed_fdp",0.01,0
20260815,3,500,15,3000,3000,3000,3000,"fast","control_informative",0.05,5,0.01,"","mirage_joint","trait1","bfdr_estimate",0.01,1.54614752586602e-05
20260815,3,500,15,3000,3000,3000,3000,"fast","control_informative",0.05,5,0.01,"","mirage_joint","trait1","bfdr_power",0.01,0.12
20260815,3,500,15,3000,3000,3000,3000,"fast","control_informative",0.05,5,0.01,"","mirage_joint","trait1","bfdr_discoveries",0.01,3
20260815,3,500,15,3000,3000,3000,3000,"fast","control_informative",0.05,5,0.01,"","mirage_joint","trait1","bfdr_observed_fdp",0.05,0
20260815,3,500,15,3000,3000,3000,3000,"fast","control_informative",0.05,5,0.01,"","mirage_joint","trait1","bfdr_estimate",0.05,0.0415787126844129
20260815,3,500,15,3000,3000,3000,3000,"fast","control_informative",0.05,5,0.01,"","mirage_joint","trait1","bfdr_power",0.05,0.16
20260815,3,500,15,3000,3000,3000,3000,"fast","control_informative",0.05,5,0.01,"","mirage_joint","trait1","bfdr_discoveries",0.05,4
20260815,3,500,15,3000,3000,3000,3000,"fast","control_informative",0.05,5,0.01,"","mirage_joint","trait1","bfdr_observed_fdp",0.1,0.2
20260815,3,500,15,3000,3000,3000,3000,"fast","control_informative",0.05,5,0.01,"","mirage_joint","trait1","bfdr_estimate",0.1,0.081012897175438
20260815,3,500,15,3000,3000,3000,3000,"fast","control_informative",0.05,5,0.01,"","mirage_joint","trait1","bfdr_power",0.1,0.16
20260815,3,500,15,3000,3000,3000,3000,"fast","control_informative",0.05,5,0.01,"","mirage_joint","trait1","bfdr_discoveries",0.1,5
20260815,3,500,15,3000,3000,3000,3000,"fast","control_informative",0.05,5,0.01,"","mirage_joint","trait1","bfdr_observed_fdp",0.2,0.25
20260815,3,500,15,3000,3000,3000,3000,"fast","control_informative",0.05,5,0.01,"","mirage_joint","trait1","bfdr_estimate",0.2,0.178870392458722
20260815,3,500,15,3000,3000,3000,3000,"fast","control_informative",0.05,5,0.01,"","mirage_joint","trait1","bfdr_power",0.2,0.24
20260815,3,500,15,3000,3000,3000,3000,"fast","control_informative",0.05,5,0.01,"","mirage_joint","trait1","bfdr_discoveries",0.2,8
20260815,3,500,15,3000,3000,3000,3000,"fast","control_informative",0.05,5,0.01,"","mirage_joint","trait2","bfdr_observed_fdp",0.01,0
20260815,3,500,15,3000,3000,3000,3000,"fast","control_informative",0.05,5,0.01,"","mirage_joint","trait2","bfdr_estimate",0.01,0
20260815,3,500,15,3000,3000,3000,3000,"fast","control_informative",0.05,5,0.01,"","mirage_joint","trait2","bfdr_power",0.01,0
20260815,3,500,15,3000,3000,3000,3000,"fast","control_informative",0.05,5,0.01,"","mirage_joint","trait2","bfdr_discoveries",0.01,0
20260815,3,500,15,3000,3000,3000,3000,"fast","control_informative",0.05,5,0.01,"","mirage_joint","trait2","bfdr_observed_fdp",0.05,0
20260815,3,500,15,3000,3000,3000,3000,"fast","control_informative",0.05,5,0.01,"","mirage_joint","trait2","bfdr_estimate",0.05,0
20260815,3,500,15,3000,3000,3000,3000,"fast","control_informative",0.05,5,0.01,"","mirage_joint","trait2","bfdr_power",0.05,0
20260815,3,500,15,3000,3000,3000,3000,"fast","control_informative",0.05,5,0.01,"","mirage_joint","trait2","bfdr_discoveries",0.05,0
20260815,3,500,15,3000,3000,3000,3000,"fast","control_informative",0.05,5,0.01,"","mirage_joint","trait2","bfdr_observed_fdp",0.1,0
20260815,3,500,15,3000,3000,3000,3000,"fast","control_informative",0.05,5,0.01,"","mirage_joint","trait2","bfdr_estimate",0.1,0.0818776182069068
20260815,3,500,15,3000,3000,3000,3000,"fast","control_informative",0.05,5,0.01,"","mirage_joint","trait2","bfdr_power",0.1,0.1
20260815,3,500,15,3000,3000,3000,3000,"fast","control_informative",0.05,5,0.01,"","mirage_joint","trait2","bfdr_discoveries",0.1,1
20260815,3,500,15,3000,3000,3000,3000,"fast","control_informative",0.05,5,0.01,"","mirage_joint","trait2","bfdr_observed_fdp",0.2,0
20260815,3,500,15,3000,3000,3000,3000,"fast","control_informative",0.05,5,0.01,"","mirage_joint","trait2","bfdr_estimate",0.2,0.0818776182069068
20260815,3,500,15,3000,3000,3000,3000,"fast","control_informative",0.05,5,0.01,"","mirage_joint","trait2","bfdr_power",0.2,0.1
20260815,3,500,15,3000,3000,3000,3000,"fast","control_informative",0.05,5,0.01,"","mirage_joint","trait2","bfdr_discoveries",0.2,1
20260815,3,500,15,3000,3000,3000,3000,"fast","control_informative",0.05,5,0.01,"","mirage_joint","pleiotropy","bfdr_observed_fdp",0.01,0
20260815,3,500,15,3000,3000,3000,3000,"fast","control_informative",0.05,5,0.01,"","mirage_joint","pleiotropy","bfdr_estimate",0.01,0
20260815,3,500,15,3000,3000,3000,3000,"fast","control_informative",0.05,5,0.01,"","mirage_joint","pleiotropy","bfdr_power",0.01,0
20260815,3,500,15,3000,3000,3000,3000,"fast","control_informative",0.05,5,0.01,"","mirage_joint","pleiotropy","bfdr_discoveries",0.01,0
20260815,3,500,15,3000,3000,3000,3000,"fast","control_informative",0.05,5,0.01,"","mirage_joint","pleiotropy","bfdr_observed_fdp",0.05,0
20260815,3,500,15,3000,3000,3000,3000,"fast","control_informative",0.05,5,0.01,"","mirage_joint","pleiotropy","bfdr_estimate",0.05,0
20260815,3,500,15,3000,3000,3000,3000,"fast","control_informative",0.05,5,0.01,"","mirage_joint","pleiotropy","bfdr_power",0.05,0
20260815,3,500,15,3000,3000,3000,3000,"fast","control_informative",0.05,5,0.01,"","mirage_joint","pleiotropy","bfdr_discoveries",0.05,0
20260815,3,500,15,3000,3000,3000,3000,"fast","control_informative",0.05,5,0.01,"","mirage_joint","pleiotropy","bfdr_observed_fdp",0.1,0
20260815,3,500,15,3000,3000,3000,3000,"fast","control_informative",0.05,5,0.01,"","mirage_joint","pleiotropy","bfdr_estimate",0.1,0
20260815,3,500,15,3000,3000,3000,3000,"fast","control_informative",0.05,5,0.01,"","mirage_joint","pleiotropy","bfdr_power",0.1,0
20260815,3,500,15,3000,3000,3000,3000,"fast","control_informative",0.05,5,0.01,"","mirage_joint","pleiotropy","bfdr_discoveries",0.1,0
20260815,3,500,15,3000,3000,3000,3000,"fast","control_informative",0.05,5,0.01,"","mirage_joint","pleiotropy","bfdr_observed_fdp",0.2,0
20260815,3,500,15,3000,3000,3000,3000,"fast","control_informative",0.05,5,0.01,"","mirage_joint","pleiotropy","bfdr_estimate",0.2,0
20260815,3,500,15,3000,3000,3000,3000,"fast","control_informative",0.05,5,0.01,"","mirage_joint","pleiotropy","bfdr_power",0.2,0
20260815,3,500,15,3000,3000,3000,3000,"fast","control_informative",0.05,5,0.01,"","mirage_joint","pleiotropy","bfdr_discoveries",0.2,0
20260815,3,500,15,3000,3000,3000,3000,"fast","control_informative",0.05,5,0.01,"","mirage_joint","global","runtime_seconds",NA,18
20260815,3,500,15,3000,3000,3000,3000,"fast","control_informative",0.05,5,0.01,"","mirage_joint","pleiotropy","pi11_estimate",NA,0.0480053869320288
20260815,3,500,15,3000,3000,3000,3000,"fast","control_informative",0.05,5,0.01,"","separate_mirage","trait1","auc",NA,0.768926315789474
20260815,3,500,15,3000,3000,3000,3000,"fast","control_informative",0.05,5,0.01,"","separate_mirage","trait2","auc",NA,0.559387755102041
20260815,3,500,15,3000,3000,3000,3000,"fast","control_informative",0.05,5,0.01,"","separate_mirage","pleiotropy","auc",NA,0.827878787878788
20260815,3,500,15,3000,3000,3000,3000,"fast","control_informative",0.05,5,0.01,"","separate_mirage","trait1","pp08_power",0.8,0.12
20260815,3,500,15,3000,3000,3000,3000,"fast","control_informative",0.05,5,0.01,"","separate_mirage","trait1","pp08_fdp",0.8,0
20260815,3,500,15,3000,3000,3000,3000,"fast","control_informative",0.05,5,0.01,"","separate_mirage","trait1","pp08_discoveries",0.8,3
20260815,3,500,15,3000,3000,3000,3000,"fast","control_informative",0.05,5,0.01,"","separate_mirage","trait2","pp08_power",0.8,0
20260815,3,500,15,3000,3000,3000,3000,"fast","control_informative",0.05,5,0.01,"","separate_mirage","trait2","pp08_fdp",0.8,0
20260815,3,500,15,3000,3000,3000,3000,"fast","control_informative",0.05,5,0.01,"","separate_mirage","trait2","pp08_discoveries",0.8,0
20260815,3,500,15,3000,3000,3000,3000,"fast","control_informative",0.05,5,0.01,"","separate_mirage","pleiotropy","pp08_power",0.8,0
20260815,3,500,15,3000,3000,3000,3000,"fast","control_informative",0.05,5,0.01,"","separate_mirage","pleiotropy","pp08_fdp",0.8,0
20260815,3,500,15,3000,3000,3000,3000,"fast","control_informative",0.05,5,0.01,"","separate_mirage","pleiotropy","pp08_discoveries",0.8,0
20260815,3,500,15,3000,3000,3000,3000,"fast","control_informative",0.05,5,0.01,"","separate_mirage","trait1","bfdr_observed_fdp",0.01,0
20260815,3,500,15,3000,3000,3000,3000,"fast","control_informative",0.05,5,0.01,"","separate_mirage","trait1","bfdr_estimate",0.01,3.66934348368098e-05
20260815,3,500,15,3000,3000,3000,3000,"fast","control_informative",0.05,5,0.01,"","separate_mirage","trait1","bfdr_power",0.01,0.12
20260815,3,500,15,3000,3000,3000,3000,"fast","control_informative",0.05,5,0.01,"","separate_mirage","trait1","bfdr_discoveries",0.01,3
20260815,3,500,15,3000,3000,3000,3000,"fast","control_informative",0.05,5,0.01,"","separate_mirage","trait1","bfdr_observed_fdp",0.05,0
20260815,3,500,15,3000,3000,3000,3000,"fast","control_informative",0.05,5,0.01,"","separate_mirage","trait1","bfdr_estimate",0.05,3.66934348368098e-05
20260815,3,500,15,3000,3000,3000,3000,"fast","control_informative",0.05,5,0.01,"","separate_mirage","trait1","bfdr_power",0.05,0.12
20260815,3,500,15,3000,3000,3000,3000,"fast","control_informative",0.05,5,0.01,"","separate_mirage","trait1","bfdr_discoveries",0.05,3
20260815,3,500,15,3000,3000,3000,3000,"fast","control_informative",0.05,5,0.01,"","separate_mirage","trait1","bfdr_observed_fdp",0.1,0
20260815,3,500,15,3000,3000,3000,3000,"fast","control_informative",0.05,5,0.01,"","separate_mirage","trait1","bfdr_estimate",0.1,0.0781280034832865
20260815,3,500,15,3000,3000,3000,3000,"fast","control_informative",0.05,5,0.01,"","separate_mirage","trait1","bfdr_power",0.1,0.16
20260815,3,500,15,3000,3000,3000,3000,"fast","control_informative",0.05,5,0.01,"","separate_mirage","trait1","bfdr_discoveries",0.1,4
20260815,3,500,15,3000,3000,3000,3000,"fast","control_informative",0.05,5,0.01,"","separate_mirage","trait1","bfdr_observed_fdp",0.2,0.166666666666667
20260815,3,500,15,3000,3000,3000,3000,"fast","control_informative",0.05,5,0.01,"","separate_mirage","trait1","bfdr_estimate",0.2,0.179404754632932
20260815,3,500,15,3000,3000,3000,3000,"fast","control_informative",0.05,5,0.01,"","separate_mirage","trait1","bfdr_power",0.2,0.2
20260815,3,500,15,3000,3000,3000,3000,"fast","control_informative",0.05,5,0.01,"","separate_mirage","trait1","bfdr_discoveries",0.2,6
20260815,3,500,15,3000,3000,3000,3000,"fast","control_informative",0.05,5,0.01,"","separate_mirage","trait2","bfdr_observed_fdp",0.01,0
20260815,3,500,15,3000,3000,3000,3000,"fast","control_informative",0.05,5,0.01,"","separate_mirage","trait2","bfdr_estimate",0.01,0
20260815,3,500,15,3000,3000,3000,3000,"fast","control_informative",0.05,5,0.01,"","separate_mirage","trait2","bfdr_power",0.01,0
20260815,3,500,15,3000,3000,3000,3000,"fast","control_informative",0.05,5,0.01,"","separate_mirage","trait2","bfdr_discoveries",0.01,0
20260815,3,500,15,3000,3000,3000,3000,"fast","control_informative",0.05,5,0.01,"","separate_mirage","trait2","bfdr_observed_fdp",0.05,0
20260815,3,500,15,3000,3000,3000,3000,"fast","control_informative",0.05,5,0.01,"","separate_mirage","trait2","bfdr_estimate",0.05,0
20260815,3,500,15,3000,3000,3000,3000,"fast","control_informative",0.05,5,0.01,"","separate_mirage","trait2","bfdr_power",0.05,0
20260815,3,500,15,3000,3000,3000,3000,"fast","control_informative",0.05,5,0.01,"","separate_mirage","trait2","bfdr_discoveries",0.05,0
20260815,3,500,15,3000,3000,3000,3000,"fast","control_informative",0.05,5,0.01,"","separate_mirage","trait2","bfdr_observed_fdp",0.1,0
20260815,3,500,15,3000,3000,3000,3000,"fast","control_informative",0.05,5,0.01,"","separate_mirage","trait2","bfdr_estimate",0.1,0
20260815,3,500,15,3000,3000,3000,3000,"fast","control_informative",0.05,5,0.01,"","separate_mirage","trait2","bfdr_power",0.1,0
20260815,3,500,15,3000,3000,3000,3000,"fast","control_informative",0.05,5,0.01,"","separate_mirage","trait2","bfdr_discoveries",0.1,0
20260815,3,500,15,3000,3000,3000,3000,"fast","control_informative",0.05,5,0.01,"","separate_mirage","trait2","bfdr_observed_fdp",0.2,0
20260815,3,500,15,3000,3000,3000,3000,"fast","control_informative",0.05,5,0.01,"","separate_mirage","trait2","bfdr_estimate",0.2,0
20260815,3,500,15,3000,3000,3000,3000,"fast","control_informative",0.05,5,0.01,"","separate_mirage","trait2","bfdr_power",0.2,0
20260815,3,500,15,3000,3000,3000,3000,"fast","control_informative",0.05,5,0.01,"","separate_mirage","trait2","bfdr_discoveries",0.2,0
20260815,3,500,15,3000,3000,3000,3000,"fast","control_informative",0.05,5,0.01,"","separate_mirage","pleiotropy","bfdr_observed_fdp",0.01,0
20260815,3,500,15,3000,3000,3000,3000,"fast","control_informative",0.05,5,0.01,"","separate_mirage","pleiotropy","bfdr_estimate",0.01,0
20260815,3,500,15,3000,3000,3000,3000,"fast","control_informative",0.05,5,0.01,"","separate_mirage","pleiotropy","bfdr_power",0.01,0
20260815,3,500,15,3000,3000,3000,3000,"fast","control_informative",0.05,5,0.01,"","separate_mirage","pleiotropy","bfdr_discoveries",0.01,0
20260815,3,500,15,3000,3000,3000,3000,"fast","control_informative",0.05,5,0.01,"","separate_mirage","pleiotropy","bfdr_observed_fdp",0.05,0
20260815,3,500,15,3000,3000,3000,3000,"fast","control_informative",0.05,5,0.01,"","separate_mirage","pleiotropy","bfdr_estimate",0.05,0
20260815,3,500,15,3000,3000,3000,3000,"fast","control_informative",0.05,5,0.01,"","separate_mirage","pleiotropy","bfdr_power",0.05,0
20260815,3,500,15,3000,3000,3000,3000,"fast","control_informative",0.05,5,0.01,"","separate_mirage","pleiotropy","bfdr_discoveries",0.05,0
20260815,3,500,15,3000,3000,3000,3000,"fast","control_informative",0.05,5,0.01,"","separate_mirage","pleiotropy","bfdr_observed_fdp",0.1,0
20260815,3,500,15,3000,3000,3000,3000,"fast","control_informative",0.05,5,0.01,"","separate_mirage","pleiotropy","bfdr_estimate",0.1,0
20260815,3,500,15,3000,3000,3000,3000,"fast","control_informative",0.05,5,0.01,"","separate_mirage","pleiotropy","bfdr_power",0.1,0
20260815,3,500,15,3000,3000,3000,3000,"fast","control_informative",0.05,5,0.01,"","separate_mirage","pleiotropy","bfdr_discoveries",0.1,0
20260815,3,500,15,3000,3000,3000,3000,"fast","control_informative",0.05,5,0.01,"","separate_mirage","pleiotropy","bfdr_observed_fdp",0.2,0
20260815,3,500,15,3000,3000,3000,3000,"fast","control_informative",0.05,5,0.01,"","separate_mirage","pleiotropy","bfdr_estimate",0.2,0
20260815,3,500,15,3000,3000,3000,3000,"fast","control_informative",0.05,5,0.01,"","separate_mirage","pleiotropy","bfdr_power",0.2,0
20260815,3,500,15,3000,3000,3000,3000,"fast","control_informative",0.05,5,0.01,"","separate_mirage","pleiotropy","bfdr_discoveries",0.2,0
20260815,3,500,15,3000,3000,3000,3000,"fast","control_informative",0.05,5,0.01,"","separate_mirage","global","runtime_seconds",NA,18.023
20260815,3,500,15,3000,3000,3000,3000,"fast","control_informative",0.05,5,0.01,"","separate_mirage","pleiotropy","pi11_estimate",NA,0.001
20260815,3,500,15,3000,3000,3000,3000,"fast","control_informative",0.05,5,0.01,"","mtada_aggregated","trait1","auc",NA,0.758736842105263
20260815,3,500,15,3000,3000,3000,3000,"fast","control_informative",0.05,5,0.01,"","mtada_aggregated","trait2","auc",NA,0.485102040816327
20260815,3,500,15,3000,3000,3000,3000,"fast","control_informative",0.05,5,0.01,"","mtada_aggregated","pleiotropy","auc",NA,0.651717171717172
20260815,3,500,15,3000,3000,3000,3000,"fast","control_informative",0.05,5,0.01,"","mtada_aggregated","trait1","pp08_power",0.8,0.2
20260815,3,500,15,3000,3000,3000,3000,"fast","control_informative",0.05,5,0.01,"","mtada_aggregated","trait1","pp08_fdp",0.8,0.897959183673469
20260815,3,500,15,3000,3000,3000,3000,"fast","control_informative",0.05,5,0.01,"","mtada_aggregated","trait1","pp08_discoveries",0.8,49
20260815,3,500,15,3000,3000,3000,3000,"fast","control_informative",0.05,5,0.01,"","mtada_aggregated","trait2","pp08_power",0.8,0
20260815,3,500,15,3000,3000,3000,3000,"fast","control_informative",0.05,5,0.01,"","mtada_aggregated","trait2","pp08_fdp",0.8,1
20260815,3,500,15,3000,3000,3000,3000,"fast","control_informative",0.05,5,0.01,"","mtada_aggregated","trait2","pp08_discoveries",0.8,28
20260815,3,500,15,3000,3000,3000,3000,"fast","control_informative",0.05,5,0.01,"","mtada_aggregated","pleiotropy","pp08_power",0.8,0
20260815,3,500,15,3000,3000,3000,3000,"fast","control_informative",0.05,5,0.01,"","mtada_aggregated","pleiotropy","pp08_fdp",0.8,1
20260815,3,500,15,3000,3000,3000,3000,"fast","control_informative",0.05,5,0.01,"","mtada_aggregated","pleiotropy","pp08_discoveries",0.8,3
20260815,3,500,15,3000,3000,3000,3000,"fast","control_informative",0.05,5,0.01,"","mtada_aggregated","trait1","bfdr_observed_fdp",0.01,0.883720930232558
20260815,3,500,15,3000,3000,3000,3000,"fast","control_informative",0.05,5,0.01,"","mtada_aggregated","trait1","bfdr_estimate",0.01,0.00863845003463341
20260815,3,500,15,3000,3000,3000,3000,"fast","control_informative",0.05,5,0.01,"","mtada_aggregated","trait1","bfdr_power",0.01,0.2
20260815,3,500,15,3000,3000,3000,3000,"fast","control_informative",0.05,5,0.01,"","mtada_aggregated","trait1","bfdr_discoveries",0.01,43
20260815,3,500,15,3000,3000,3000,3000,"fast","control_informative",0.05,5,0.01,"","mtada_aggregated","trait1","bfdr_observed_fdp",0.05,0.888888888888889
20260815,3,500,15,3000,3000,3000,3000,"fast","control_informative",0.05,5,0.01,"","mtada_aggregated","trait1","bfdr_estimate",0.05,0.0471030462765328
20260815,3,500,15,3000,3000,3000,3000,"fast","control_informative",0.05,5,0.01,"","mtada_aggregated","trait1","bfdr_power",0.05,0.24
20260815,3,500,15,3000,3000,3000,3000,"fast","control_informative",0.05,5,0.01,"","mtada_aggregated","trait1","bfdr_discoveries",0.05,54
20260815,3,500,15,3000,3000,3000,3000,"fast","control_informative",0.05,5,0.01,"","mtada_aggregated","trait1","bfdr_observed_fdp",0.1,0.870967741935484
20260815,3,500,15,3000,3000,3000,3000,"fast","control_informative",0.05,5,0.01,"","mtada_aggregated","trait1","bfdr_estimate",0.1,0.0964760958296758
20260815,3,500,15,3000,3000,3000,3000,"fast","control_informative",0.05,5,0.01,"","mtada_aggregated","trait1","bfdr_power",0.1,0.32
20260815,3,500,15,3000,3000,3000,3000,"fast","control_informative",0.05,5,0.01,"","mtada_aggregated","trait1","bfdr_discoveries",0.1,62
20260815,3,500,15,3000,3000,3000,3000,"fast","control_informative",0.05,5,0.01,"","mtada_aggregated","trait1","bfdr_observed_fdp",0.2,0.851351351351351
20260815,3,500,15,3000,3000,3000,3000,"fast","control_informative",0.05,5,0.01,"","mtada_aggregated","trait1","bfdr_estimate",0.2,0.194212290099635
20260815,3,500,15,3000,3000,3000,3000,"fast","control_informative",0.05,5,0.01,"","mtada_aggregated","trait1","bfdr_power",0.2,0.44
20260815,3,500,15,3000,3000,3000,3000,"fast","control_informative",0.05,5,0.01,"","mtada_aggregated","trait1","bfdr_discoveries",0.2,74
20260815,3,500,15,3000,3000,3000,3000,"fast","control_informative",0.05,5,0.01,"","mtada_aggregated","trait2","bfdr_observed_fdp",0.01,1
20260815,3,500,15,3000,3000,3000,3000,"fast","control_informative",0.05,5,0.01,"","mtada_aggregated","trait2","bfdr_estimate",0.01,0.00795061824388862
20260815,3,500,15,3000,3000,3000,3000,"fast","control_informative",0.05,5,0.01,"","mtada_aggregated","trait2","bfdr_power",0.01,0
20260815,3,500,15,3000,3000,3000,3000,"fast","control_informative",0.05,5,0.01,"","mtada_aggregated","trait2","bfdr_discoveries",0.01,24
20260815,3,500,15,3000,3000,3000,3000,"fast","control_informative",0.05,5,0.01,"","mtada_aggregated","trait2","bfdr_observed_fdp",0.05,1
20260815,3,500,15,3000,3000,3000,3000,"fast","control_informative",0.05,5,0.01,"","mtada_aggregated","trait2","bfdr_estimate",0.05,0.0431497545770664
20260815,3,500,15,3000,3000,3000,3000,"fast","control_informative",0.05,5,0.01,"","mtada_aggregated","trait2","bfdr_power",0.05,0
20260815,3,500,15,3000,3000,3000,3000,"fast","control_informative",0.05,5,0.01,"","mtada_aggregated","trait2","bfdr_discoveries",0.05,30
20260815,3,500,15,3000,3000,3000,3000,"fast","control_informative",0.05,5,0.01,"","mtada_aggregated","trait2","bfdr_observed_fdp",0.1,0.971428571428571
20260815,3,500,15,3000,3000,3000,3000,"fast","control_informative",0.05,5,0.01,"","mtada_aggregated","trait2","bfdr_estimate",0.1,0.0968625580396757
20260815,3,500,15,3000,3000,3000,3000,"fast","control_informative",0.05,5,0.01,"","mtada_aggregated","trait2","bfdr_power",0.1,0.1
20260815,3,500,15,3000,3000,3000,3000,"fast","control_informative",0.05,5,0.01,"","mtada_aggregated","trait2","bfdr_discoveries",0.1,35
20260815,3,500,15,3000,3000,3000,3000,"fast","control_informative",0.05,5,0.01,"","mtada_aggregated","trait2","bfdr_observed_fdp",0.2,0.975609756097561
20260815,3,500,15,3000,3000,3000,3000,"fast","control_informative",0.05,5,0.01,"","mtada_aggregated","trait2","bfdr_estimate",0.2,0.187217992839626
20260815,3,500,15,3000,3000,3000,3000,"fast","control_informative",0.05,5,0.01,"","mtada_aggregated","trait2","bfdr_power",0.2,0.1
20260815,3,500,15,3000,3000,3000,3000,"fast","control_informative",0.05,5,0.01,"","mtada_aggregated","trait2","bfdr_discoveries",0.2,41
20260815,3,500,15,3000,3000,3000,3000,"fast","control_informative",0.05,5,0.01,"","mtada_aggregated","pleiotropy","bfdr_observed_fdp",0.01,1
20260815,3,500,15,3000,3000,3000,3000,"fast","control_informative",0.05,5,0.01,"","mtada_aggregated","pleiotropy","bfdr_estimate",0.01,0.0015040030225496
20260815,3,500,15,3000,3000,3000,3000,"fast","control_informative",0.05,5,0.01,"","mtada_aggregated","pleiotropy","bfdr_power",0.01,0
20260815,3,500,15,3000,3000,3000,3000,"fast","control_informative",0.05,5,0.01,"","mtada_aggregated","pleiotropy","bfdr_discoveries",0.01,2
20260815,3,500,15,3000,3000,3000,3000,"fast","control_informative",0.05,5,0.01,"","mtada_aggregated","pleiotropy","bfdr_observed_fdp",0.05,1
20260815,3,500,15,3000,3000,3000,3000,"fast","control_informative",0.05,5,0.01,"","mtada_aggregated","pleiotropy","bfdr_estimate",0.05,0.0015040030225496
20260815,3,500,15,3000,3000,3000,3000,"fast","control_informative",0.05,5,0.01,"","mtada_aggregated","pleiotropy","bfdr_power",0.05,0
20260815,3,500,15,3000,3000,3000,3000,"fast","control_informative",0.05,5,0.01,"","mtada_aggregated","pleiotropy","bfdr_discoveries",0.05,2
20260815,3,500,15,3000,3000,3000,3000,"fast","control_informative",0.05,5,0.01,"","mtada_aggregated","pleiotropy","bfdr_observed_fdp",0.1,1
20260815,3,500,15,3000,3000,3000,3000,"fast","control_informative",0.05,5,0.01,"","mtada_aggregated","pleiotropy","bfdr_estimate",0.1,0.0528501323944598
20260815,3,500,15,3000,3000,3000,3000,"fast","control_informative",0.05,5,0.01,"","mtada_aggregated","pleiotropy","bfdr_power",0.1,0
20260815,3,500,15,3000,3000,3000,3000,"fast","control_informative",0.05,5,0.01,"","mtada_aggregated","pleiotropy","bfdr_discoveries",0.1,3
20260815,3,500,15,3000,3000,3000,3000,"fast","control_informative",0.05,5,0.01,"","mtada_aggregated","pleiotropy","bfdr_observed_fdp",0.2,1
20260815,3,500,15,3000,3000,3000,3000,"fast","control_informative",0.05,5,0.01,"","mtada_aggregated","pleiotropy","bfdr_estimate",0.2,0.127030881841465
20260815,3,500,15,3000,3000,3000,3000,"fast","control_informative",0.05,5,0.01,"","mtada_aggregated","pleiotropy","bfdr_power",0.2,0
20260815,3,500,15,3000,3000,3000,3000,"fast","control_informative",0.05,5,0.01,"","mtada_aggregated","pleiotropy","bfdr_discoveries",0.2,4
20260815,3,500,15,3000,3000,3000,3000,"fast","control_informative",0.05,5,0.01,"","mtada_aggregated","global","runtime_seconds",NA,0.709000000000003
20260815,3,500,15,3000,3000,3000,3000,"fast","control_informative",0.05,5,0.01,"","mtada_aggregated","pleiotropy","pi11_estimate",NA,0.00165816
20260816,4,500,15,3000,3000,3000,3000,"fast","control_informative",0.05,5,0.01,"","mirage_joint","trait1","auc",NA,0.713768421052632
20260816,4,500,15,3000,3000,3000,3000,"fast","control_informative",0.05,5,0.01,"","mirage_joint","trait2","auc",NA,0.735918367346939
20260816,4,500,15,3000,3000,3000,3000,"fast","control_informative",0.05,5,0.01,"","mirage_joint","pleiotropy","auc",NA,0.978989898989899
20260816,4,500,15,3000,3000,3000,3000,"fast","control_informative",0.05,5,0.01,"","mirage_joint","trait1","pp08_power",0.8,0.16
20260816,4,500,15,3000,3000,3000,3000,"fast","control_informative",0.05,5,0.01,"","mirage_joint","trait1","pp08_fdp",0.8,0.2
20260816,4,500,15,3000,3000,3000,3000,"fast","control_informative",0.05,5,0.01,"","mirage_joint","trait1","pp08_discoveries",0.8,5
20260816,4,500,15,3000,3000,3000,3000,"fast","control_informative",0.05,5,0.01,"","mirage_joint","trait2","pp08_power",0.8,0.1
20260816,4,500,15,3000,3000,3000,3000,"fast","control_informative",0.05,5,0.01,"","mirage_joint","trait2","pp08_fdp",0.8,0
20260816,4,500,15,3000,3000,3000,3000,"fast","control_informative",0.05,5,0.01,"","mirage_joint","trait2","pp08_discoveries",0.8,1
20260816,4,500,15,3000,3000,3000,3000,"fast","control_informative",0.05,5,0.01,"","mirage_joint","pleiotropy","pp08_power",0.8,0.2
20260816,4,500,15,3000,3000,3000,3000,"fast","control_informative",0.05,5,0.01,"","mirage_joint","pleiotropy","pp08_fdp",0.8,0
20260816,4,500,15,3000,3000,3000,3000,"fast","control_informative",0.05,5,0.01,"","mirage_joint","pleiotropy","pp08_discoveries",0.8,1
20260816,4,500,15,3000,3000,3000,3000,"fast","control_informative",0.05,5,0.01,"","mirage_joint","trait1","bfdr_observed_fdp",0.01,0
20260816,4,500,15,3000,3000,3000,3000,"fast","control_informative",0.05,5,0.01,"","mirage_joint","trait1","bfdr_estimate",0.01,0.00186085537184977
20260816,4,500,15,3000,3000,3000,3000,"fast","control_informative",0.05,5,0.01,"","mirage_joint","trait1","bfdr_power",0.01,0.04
20260816,4,500,15,3000,3000,3000,3000,"fast","control_informative",0.05,5,0.01,"","mirage_joint","trait1","bfdr_discoveries",0.01,1
20260816,4,500,15,3000,3000,3000,3000,"fast","control_informative",0.05,5,0.01,"","mirage_joint","trait1","bfdr_observed_fdp",0.05,0.25
20260816,4,500,15,3000,3000,3000,3000,"fast","control_informative",0.05,5,0.01,"","mirage_joint","trait1","bfdr_estimate",0.05,0.0329610222973128
20260816,4,500,15,3000,3000,3000,3000,"fast","control_informative",0.05,5,0.01,"","mirage_joint","trait1","bfdr_power",0.05,0.12
20260816,4,500,15,3000,3000,3000,3000,"fast","control_informative",0.05,5,0.01,"","mirage_joint","trait1","bfdr_discoveries",0.05,4
20260816,4,500,15,3000,3000,3000,3000,"fast","control_informative",0.05,5,0.01,"","mirage_joint","trait1","bfdr_observed_fdp",0.1,0.2
20260816,4,500,15,3000,3000,3000,3000,"fast","control_informative",0.05,5,0.01,"","mirage_joint","trait1","bfdr_estimate",0.1,0.0589950199457748
20260816,4,500,15,3000,3000,3000,3000,"fast","control_informative",0.05,5,0.01,"","mirage_joint","trait1","bfdr_power",0.1,0.16
20260816,4,500,15,3000,3000,3000,3000,"fast","control_informative",0.05,5,0.01,"","mirage_joint","trait1","bfdr_discoveries",0.1,5
20260816,4,500,15,3000,3000,3000,3000,"fast","control_informative",0.05,5,0.01,"","mirage_joint","trait1","bfdr_observed_fdp",0.2,0.25
20260816,4,500,15,3000,3000,3000,3000,"fast","control_informative",0.05,5,0.01,"","mirage_joint","trait1","bfdr_estimate",0.2,0.17394767664006
20260816,4,500,15,3000,3000,3000,3000,"fast","control_informative",0.05,5,0.01,"","mirage_joint","trait1","bfdr_power",0.2,0.24
20260816,4,500,15,3000,3000,3000,3000,"fast","control_informative",0.05,5,0.01,"","mirage_joint","trait1","bfdr_discoveries",0.2,8
20260816,4,500,15,3000,3000,3000,3000,"fast","control_informative",0.05,5,0.01,"","mirage_joint","trait2","bfdr_observed_fdp",0.01,0
20260816,4,500,15,3000,3000,3000,3000,"fast","control_informative",0.05,5,0.01,"","mirage_joint","trait2","bfdr_estimate",0.01,0
20260816,4,500,15,3000,3000,3000,3000,"fast","control_informative",0.05,5,0.01,"","mirage_joint","trait2","bfdr_power",0.01,0
20260816,4,500,15,3000,3000,3000,3000,"fast","control_informative",0.05,5,0.01,"","mirage_joint","trait2","bfdr_discoveries",0.01,0
20260816,4,500,15,3000,3000,3000,3000,"fast","control_informative",0.05,5,0.01,"","mirage_joint","trait2","bfdr_observed_fdp",0.05,0
20260816,4,500,15,3000,3000,3000,3000,"fast","control_informative",0.05,5,0.01,"","mirage_joint","trait2","bfdr_estimate",0.05,0
20260816,4,500,15,3000,3000,3000,3000,"fast","control_informative",0.05,5,0.01,"","mirage_joint","trait2","bfdr_power",0.05,0
20260816,4,500,15,3000,3000,3000,3000,"fast","control_informative",0.05,5,0.01,"","mirage_joint","trait2","bfdr_discoveries",0.05,0
20260816,4,500,15,3000,3000,3000,3000,"fast","control_informative",0.05,5,0.01,"","mirage_joint","trait2","bfdr_observed_fdp",0.1,0
20260816,4,500,15,3000,3000,3000,3000,"fast","control_informative",0.05,5,0.01,"","mirage_joint","trait2","bfdr_estimate",0.1,0.066046054825989
20260816,4,500,15,3000,3000,3000,3000,"fast","control_informative",0.05,5,0.01,"","mirage_joint","trait2","bfdr_power",0.1,0.1
20260816,4,500,15,3000,3000,3000,3000,"fast","control_informative",0.05,5,0.01,"","mirage_joint","trait2","bfdr_discoveries",0.1,1
20260816,4,500,15,3000,3000,3000,3000,"fast","control_informative",0.05,5,0.01,"","mirage_joint","trait2","bfdr_observed_fdp",0.2,0
20260816,4,500,15,3000,3000,3000,3000,"fast","control_informative",0.05,5,0.01,"","mirage_joint","trait2","bfdr_estimate",0.2,0.066046054825989
20260816,4,500,15,3000,3000,3000,3000,"fast","control_informative",0.05,5,0.01,"","mirage_joint","trait2","bfdr_power",0.2,0.1
20260816,4,500,15,3000,3000,3000,3000,"fast","control_informative",0.05,5,0.01,"","mirage_joint","trait2","bfdr_discoveries",0.2,1
20260816,4,500,15,3000,3000,3000,3000,"fast","control_informative",0.05,5,0.01,"","mirage_joint","pleiotropy","bfdr_observed_fdp",0.01,0
20260816,4,500,15,3000,3000,3000,3000,"fast","control_informative",0.05,5,0.01,"","mirage_joint","pleiotropy","bfdr_estimate",0.01,0
20260816,4,500,15,3000,3000,3000,3000,"fast","control_informative",0.05,5,0.01,"","mirage_joint","pleiotropy","bfdr_power",0.01,0
20260816,4,500,15,3000,3000,3000,3000,"fast","control_informative",0.05,5,0.01,"","mirage_joint","pleiotropy","bfdr_discoveries",0.01,0
20260816,4,500,15,3000,3000,3000,3000,"fast","control_informative",0.05,5,0.01,"","mirage_joint","pleiotropy","bfdr_observed_fdp",0.05,0
20260816,4,500,15,3000,3000,3000,3000,"fast","control_informative",0.05,5,0.01,"","mirage_joint","pleiotropy","bfdr_estimate",0.05,0
20260816,4,500,15,3000,3000,3000,3000,"fast","control_informative",0.05,5,0.01,"","mirage_joint","pleiotropy","bfdr_power",0.05,0
20260816,4,500,15,3000,3000,3000,3000,"fast","control_informative",0.05,5,0.01,"","mirage_joint","pleiotropy","bfdr_discoveries",0.05,0
20260816,4,500,15,3000,3000,3000,3000,"fast","control_informative",0.05,5,0.01,"","mirage_joint","pleiotropy","bfdr_observed_fdp",0.1,0
20260816,4,500,15,3000,3000,3000,3000,"fast","control_informative",0.05,5,0.01,"","mirage_joint","pleiotropy","bfdr_estimate",0.1,0.0664971909165091
20260816,4,500,15,3000,3000,3000,3000,"fast","control_informative",0.05,5,0.01,"","mirage_joint","pleiotropy","bfdr_power",0.1,0.2
20260816,4,500,15,3000,3000,3000,3000,"fast","control_informative",0.05,5,0.01,"","mirage_joint","pleiotropy","bfdr_discoveries",0.1,1
20260816,4,500,15,3000,3000,3000,3000,"fast","control_informative",0.05,5,0.01,"","mirage_joint","pleiotropy","bfdr_observed_fdp",0.2,0
20260816,4,500,15,3000,3000,3000,3000,"fast","control_informative",0.05,5,0.01,"","mirage_joint","pleiotropy","bfdr_estimate",0.2,0.0664971909165091
20260816,4,500,15,3000,3000,3000,3000,"fast","control_informative",0.05,5,0.01,"","mirage_joint","pleiotropy","bfdr_power",0.2,0.2
20260816,4,500,15,3000,3000,3000,3000,"fast","control_informative",0.05,5,0.01,"","mirage_joint","pleiotropy","bfdr_discoveries",0.2,1
20260816,4,500,15,3000,3000,3000,3000,"fast","control_informative",0.05,5,0.01,"","mirage_joint","global","runtime_seconds",NA,18.024
20260816,4,500,15,3000,3000,3000,3000,"fast","control_informative",0.05,5,0.01,"","mirage_joint","pleiotropy","pi11_estimate",NA,0.0154550480355024
20260816,4,500,15,3000,3000,3000,3000,"fast","control_informative",0.05,5,0.01,"","separate_mirage","trait1","auc",NA,0.682526315789474
20260816,4,500,15,3000,3000,3000,3000,"fast","control_informative",0.05,5,0.01,"","separate_mirage","trait2","auc",NA,0.777142857142857
20260816,4,500,15,3000,3000,3000,3000,"fast","control_informative",0.05,5,0.01,"","separate_mirage","pleiotropy","auc",NA,0.973737373737374
20260816,4,500,15,3000,3000,3000,3000,"fast","control_informative",0.05,5,0.01,"","separate_mirage","trait1","pp08_power",0.8,0.08
20260816,4,500,15,3000,3000,3000,3000,"fast","control_informative",0.05,5,0.01,"","separate_mirage","trait1","pp08_fdp",0.8,0.333333333333333
20260816,4,500,15,3000,3000,3000,3000,"fast","control_informative",0.05,5,0.01,"","separate_mirage","trait1","pp08_discoveries",0.8,3
20260816,4,500,15,3000,3000,3000,3000,"fast","control_informative",0.05,5,0.01,"","separate_mirage","trait2","pp08_power",0.8,0.1
20260816,4,500,15,3000,3000,3000,3000,"fast","control_informative",0.05,5,0.01,"","separate_mirage","trait2","pp08_fdp",0.8,0
20260816,4,500,15,3000,3000,3000,3000,"fast","control_informative",0.05,5,0.01,"","separate_mirage","trait2","pp08_discoveries",0.8,1
20260816,4,500,15,3000,3000,3000,3000,"fast","control_informative",0.05,5,0.01,"","separate_mirage","pleiotropy","pp08_power",0.8,0
20260816,4,500,15,3000,3000,3000,3000,"fast","control_informative",0.05,5,0.01,"","separate_mirage","pleiotropy","pp08_fdp",0.8,0
20260816,4,500,15,3000,3000,3000,3000,"fast","control_informative",0.05,5,0.01,"","separate_mirage","pleiotropy","pp08_discoveries",0.8,0
20260816,4,500,15,3000,3000,3000,3000,"fast","control_informative",0.05,5,0.01,"","separate_mirage","trait1","bfdr_observed_fdp",0.01,0
20260816,4,500,15,3000,3000,3000,3000,"fast","control_informative",0.05,5,0.01,"","separate_mirage","trait1","bfdr_estimate",0.01,0.00306526160967779
20260816,4,500,15,3000,3000,3000,3000,"fast","control_informative",0.05,5,0.01,"","separate_mirage","trait1","bfdr_power",0.01,0.04
20260816,4,500,15,3000,3000,3000,3000,"fast","control_informative",0.05,5,0.01,"","separate_mirage","trait1","bfdr_discoveries",0.01,1
20260816,4,500,15,3000,3000,3000,3000,"fast","control_informative",0.05,5,0.01,"","separate_mirage","trait1","bfdr_observed_fdp",0.05,0.5
20260816,4,500,15,3000,3000,3000,3000,"fast","control_informative",0.05,5,0.01,"","separate_mirage","trait1","bfdr_estimate",0.05,0.0291018824074301
20260816,4,500,15,3000,3000,3000,3000,"fast","control_informative",0.05,5,0.01,"","separate_mirage","trait1","bfdr_power",0.05,0.04
20260816,4,500,15,3000,3000,3000,3000,"fast","control_informative",0.05,5,0.01,"","separate_mirage","trait1","bfdr_discoveries",0.05,2
20260816,4,500,15,3000,3000,3000,3000,"fast","control_informative",0.05,5,0.01,"","separate_mirage","trait1","bfdr_observed_fdp",0.1,0.333333333333333
20260816,4,500,15,3000,3000,3000,3000,"fast","control_informative",0.05,5,0.01,"","separate_mirage","trait1","bfdr_estimate",0.1,0.051191130639911
20260816,4,500,15,3000,3000,3000,3000,"fast","control_informative",0.05,5,0.01,"","separate_mirage","trait1","bfdr_power",0.1,0.08
20260816,4,500,15,3000,3000,3000,3000,"fast","control_informative",0.05,5,0.01,"","separate_mirage","trait1","bfdr_discoveries",0.1,3
20260816,4,500,15,3000,3000,3000,3000,"fast","control_informative",0.05,5,0.01,"","separate_mirage","trait1","bfdr_observed_fdp",0.2,0.5
20260816,4,500,15,3000,3000,3000,3000,"fast","control_informative",0.05,5,0.01,"","separate_mirage","trait1","bfdr_estimate",0.2,0.149344151362461
20260816,4,500,15,3000,3000,3000,3000,"fast","control_informative",0.05,5,0.01,"","separate_mirage","trait1","bfdr_power",0.2,0.08
20260816,4,500,15,3000,3000,3000,3000,"fast","control_informative",0.05,5,0.01,"","separate_mirage","trait1","bfdr_discoveries",0.2,4
20260816,4,500,15,3000,3000,3000,3000,"fast","control_informative",0.05,5,0.01,"","separate_mirage","trait2","bfdr_observed_fdp",0.01,0
20260816,4,500,15,3000,3000,3000,3000,"fast","control_informative",0.05,5,0.01,"","separate_mirage","trait2","bfdr_estimate",0.01,0
20260816,4,500,15,3000,3000,3000,3000,"fast","control_informative",0.05,5,0.01,"","separate_mirage","trait2","bfdr_power",0.01,0
20260816,4,500,15,3000,3000,3000,3000,"fast","control_informative",0.05,5,0.01,"","separate_mirage","trait2","bfdr_discoveries",0.01,0
20260816,4,500,15,3000,3000,3000,3000,"fast","control_informative",0.05,5,0.01,"","separate_mirage","trait2","bfdr_observed_fdp",0.05,0
20260816,4,500,15,3000,3000,3000,3000,"fast","control_informative",0.05,5,0.01,"","separate_mirage","trait2","bfdr_estimate",0.05,0
20260816,4,500,15,3000,3000,3000,3000,"fast","control_informative",0.05,5,0.01,"","separate_mirage","trait2","bfdr_power",0.05,0
20260816,4,500,15,3000,3000,3000,3000,"fast","control_informative",0.05,5,0.01,"","separate_mirage","trait2","bfdr_discoveries",0.05,0
20260816,4,500,15,3000,3000,3000,3000,"fast","control_informative",0.05,5,0.01,"","separate_mirage","trait2","bfdr_observed_fdp",0.1,0
20260816,4,500,15,3000,3000,3000,3000,"fast","control_informative",0.05,5,0.01,"","separate_mirage","trait2","bfdr_estimate",0.1,0
20260816,4,500,15,3000,3000,3000,3000,"fast","control_informative",0.05,5,0.01,"","separate_mirage","trait2","bfdr_power",0.1,0
20260816,4,500,15,3000,3000,3000,3000,"fast","control_informative",0.05,5,0.01,"","separate_mirage","trait2","bfdr_discoveries",0.1,0
20260816,4,500,15,3000,3000,3000,3000,"fast","control_informative",0.05,5,0.01,"","separate_mirage","trait2","bfdr_observed_fdp",0.2,0
20260816,4,500,15,3000,3000,3000,3000,"fast","control_informative",0.05,5,0.01,"","separate_mirage","trait2","bfdr_estimate",0.2,0.197104182271568
20260816,4,500,15,3000,3000,3000,3000,"fast","control_informative",0.05,5,0.01,"","separate_mirage","trait2","bfdr_power",0.2,0.1
20260816,4,500,15,3000,3000,3000,3000,"fast","control_informative",0.05,5,0.01,"","separate_mirage","trait2","bfdr_discoveries",0.2,1
20260816,4,500,15,3000,3000,3000,3000,"fast","control_informative",0.05,5,0.01,"","separate_mirage","pleiotropy","bfdr_observed_fdp",0.01,0
20260816,4,500,15,3000,3000,3000,3000,"fast","control_informative",0.05,5,0.01,"","separate_mirage","pleiotropy","bfdr_estimate",0.01,0
20260816,4,500,15,3000,3000,3000,3000,"fast","control_informative",0.05,5,0.01,"","separate_mirage","pleiotropy","bfdr_power",0.01,0
20260816,4,500,15,3000,3000,3000,3000,"fast","control_informative",0.05,5,0.01,"","separate_mirage","pleiotropy","bfdr_discoveries",0.01,0
20260816,4,500,15,3000,3000,3000,3000,"fast","control_informative",0.05,5,0.01,"","separate_mirage","pleiotropy","bfdr_observed_fdp",0.05,0
20260816,4,500,15,3000,3000,3000,3000,"fast","control_informative",0.05,5,0.01,"","separate_mirage","pleiotropy","bfdr_estimate",0.05,0
20260816,4,500,15,3000,3000,3000,3000,"fast","control_informative",0.05,5,0.01,"","separate_mirage","pleiotropy","bfdr_power",0.05,0
20260816,4,500,15,3000,3000,3000,3000,"fast","control_informative",0.05,5,0.01,"","separate_mirage","pleiotropy","bfdr_discoveries",0.05,0
20260816,4,500,15,3000,3000,3000,3000,"fast","control_informative",0.05,5,0.01,"","separate_mirage","pleiotropy","bfdr_observed_fdp",0.1,0
20260816,4,500,15,3000,3000,3000,3000,"fast","control_informative",0.05,5,0.01,"","separate_mirage","pleiotropy","bfdr_estimate",0.1,0
20260816,4,500,15,3000,3000,3000,3000,"fast","control_informative",0.05,5,0.01,"","separate_mirage","pleiotropy","bfdr_power",0.1,0
20260816,4,500,15,3000,3000,3000,3000,"fast","control_informative",0.05,5,0.01,"","separate_mirage","pleiotropy","bfdr_discoveries",0.1,0
20260816,4,500,15,3000,3000,3000,3000,"fast","control_informative",0.05,5,0.01,"","separate_mirage","pleiotropy","bfdr_observed_fdp",0.2,0
20260816,4,500,15,3000,3000,3000,3000,"fast","control_informative",0.05,5,0.01,"","separate_mirage","pleiotropy","bfdr_estimate",0.2,0
20260816,4,500,15,3000,3000,3000,3000,"fast","control_informative",0.05,5,0.01,"","separate_mirage","pleiotropy","bfdr_power",0.2,0
20260816,4,500,15,3000,3000,3000,3000,"fast","control_informative",0.05,5,0.01,"","separate_mirage","pleiotropy","bfdr_discoveries",0.2,0
20260816,4,500,15,3000,3000,3000,3000,"fast","control_informative",0.05,5,0.01,"","separate_mirage","global","runtime_seconds",NA,17.981
20260816,4,500,15,3000,3000,3000,3000,"fast","control_informative",0.05,5,0.01,"","separate_mirage","pleiotropy","pi11_estimate",NA,0.001
20260816,4,500,15,3000,3000,3000,3000,"fast","control_informative",0.05,5,0.01,"","mtada_aggregated","trait1","auc",NA,0.634778947368421
20260816,4,500,15,3000,3000,3000,3000,"fast","control_informative",0.05,5,0.01,"","mtada_aggregated","trait2","auc",NA,0.7
20260816,4,500,15,3000,3000,3000,3000,"fast","control_informative",0.05,5,0.01,"","mtada_aggregated","pleiotropy","auc",NA,0.873939393939394
20260816,4,500,15,3000,3000,3000,3000,"fast","control_informative",0.05,5,0.01,"","mtada_aggregated","trait1","pp08_power",0.8,0.16
20260816,4,500,15,3000,3000,3000,3000,"fast","control_informative",0.05,5,0.01,"","mtada_aggregated","trait1","pp08_fdp",0.8,0.923076923076923
20260816,4,500,15,3000,3000,3000,3000,"fast","control_informative",0.05,5,0.01,"","mtada_aggregated","trait1","pp08_discoveries",0.8,52
20260816,4,500,15,3000,3000,3000,3000,"fast","control_informative",0.05,5,0.01,"","mtada_aggregated","trait2","pp08_power",0.8,0.1
20260816,4,500,15,3000,3000,3000,3000,"fast","control_informative",0.05,5,0.01,"","mtada_aggregated","trait2","pp08_fdp",0.8,0.976190476190476
20260816,4,500,15,3000,3000,3000,3000,"fast","control_informative",0.05,5,0.01,"","mtada_aggregated","trait2","pp08_discoveries",0.8,42
20260816,4,500,15,3000,3000,3000,3000,"fast","control_informative",0.05,5,0.01,"","mtada_aggregated","pleiotropy","pp08_power",0.8,0
20260816,4,500,15,3000,3000,3000,3000,"fast","control_informative",0.05,5,0.01,"","mtada_aggregated","pleiotropy","pp08_fdp",0.8,1
20260816,4,500,15,3000,3000,3000,3000,"fast","control_informative",0.05,5,0.01,"","mtada_aggregated","pleiotropy","pp08_discoveries",0.8,7
20260816,4,500,15,3000,3000,3000,3000,"fast","control_informative",0.05,5,0.01,"","mtada_aggregated","trait1","bfdr_observed_fdp",0.01,0.91304347826087
20260816,4,500,15,3000,3000,3000,3000,"fast","control_informative",0.05,5,0.01,"","mtada_aggregated","trait1","bfdr_estimate",0.01,0.00871458308656988
20260816,4,500,15,3000,3000,3000,3000,"fast","control_informative",0.05,5,0.01,"","mtada_aggregated","trait1","bfdr_power",0.01,0.16
20260816,4,500,15,3000,3000,3000,3000,"fast","control_informative",0.05,5,0.01,"","mtada_aggregated","trait1","bfdr_discoveries",0.01,46
20260816,4,500,15,3000,3000,3000,3000,"fast","control_informative",0.05,5,0.01,"","mtada_aggregated","trait1","bfdr_observed_fdp",0.05,0.894736842105263
20260816,4,500,15,3000,3000,3000,3000,"fast","control_informative",0.05,5,0.01,"","mtada_aggregated","trait1","bfdr_estimate",0.05,0.0462287960317332
20260816,4,500,15,3000,3000,3000,3000,"fast","control_informative",0.05,5,0.01,"","mtada_aggregated","trait1","bfdr_power",0.05,0.24
20260816,4,500,15,3000,3000,3000,3000,"fast","control_informative",0.05,5,0.01,"","mtada_aggregated","trait1","bfdr_discoveries",0.05,57
20260816,4,500,15,3000,3000,3000,3000,"fast","control_informative",0.05,5,0.01,"","mtada_aggregated","trait1","bfdr_observed_fdp",0.1,0.90625
20260816,4,500,15,3000,3000,3000,3000,"fast","control_informative",0.05,5,0.01,"","mtada_aggregated","trait1","bfdr_estimate",0.1,0.09515651956964
20260816,4,500,15,3000,3000,3000,3000,"fast","control_informative",0.05,5,0.01,"","mtada_aggregated","trait1","bfdr_power",0.1,0.24
20260816,4,500,15,3000,3000,3000,3000,"fast","control_informative",0.05,5,0.01,"","mtada_aggregated","trait1","bfdr_discoveries",0.1,64
20260816,4,500,15,3000,3000,3000,3000,"fast","control_informative",0.05,5,0.01,"","mtada_aggregated","trait1","bfdr_observed_fdp",0.2,0.921052631578947
20260816,4,500,15,3000,3000,3000,3000,"fast","control_informative",0.05,5,0.01,"","mtada_aggregated","trait1","bfdr_estimate",0.2,0.198181679559471
20260816,4,500,15,3000,3000,3000,3000,"fast","control_informative",0.05,5,0.01,"","mtada_aggregated","trait1","bfdr_power",0.2,0.24
20260816,4,500,15,3000,3000,3000,3000,"fast","control_informative",0.05,5,0.01,"","mtada_aggregated","trait1","bfdr_discoveries",0.2,76
20260816,4,500,15,3000,3000,3000,3000,"fast","control_informative",0.05,5,0.01,"","mtada_aggregated","trait2","bfdr_observed_fdp",0.01,0.972222222222222
20260816,4,500,15,3000,3000,3000,3000,"fast","control_informative",0.05,5,0.01,"","mtada_aggregated","trait2","bfdr_estimate",0.01,0.00811070901617554
20260816,4,500,15,3000,3000,3000,3000,"fast","control_informative",0.05,5,0.01,"","mtada_aggregated","trait2","bfdr_power",0.01,0.1
20260816,4,500,15,3000,3000,3000,3000,"fast","control_informative",0.05,5,0.01,"","mtada_aggregated","trait2","bfdr_discoveries",0.01,36
20260816,4,500,15,3000,3000,3000,3000,"fast","control_informative",0.05,5,0.01,"","mtada_aggregated","trait2","bfdr_observed_fdp",0.05,0.956521739130435
20260816,4,500,15,3000,3000,3000,3000,"fast","control_informative",0.05,5,0.01,"","mtada_aggregated","trait2","bfdr_estimate",0.05,0.0461783016661299
20260816,4,500,15,3000,3000,3000,3000,"fast","control_informative",0.05,5,0.01,"","mtada_aggregated","trait2","bfdr_power",0.05,0.2
20260816,4,500,15,3000,3000,3000,3000,"fast","control_informative",0.05,5,0.01,"","mtada_aggregated","trait2","bfdr_discoveries",0.05,46
20260816,4,500,15,3000,3000,3000,3000,"fast","control_informative",0.05,5,0.01,"","mtada_aggregated","trait2","bfdr_observed_fdp",0.1,0.943396226415094
20260816,4,500,15,3000,3000,3000,3000,"fast","control_informative",0.05,5,0.01,"","mtada_aggregated","trait2","bfdr_estimate",0.1,0.0947868766224322
20260816,4,500,15,3000,3000,3000,3000,"fast","control_informative",0.05,5,0.01,"","mtada_aggregated","trait2","bfdr_power",0.1,0.3
20260816,4,500,15,3000,3000,3000,3000,"fast","control_informative",0.05,5,0.01,"","mtada_aggregated","trait2","bfdr_discoveries",0.1,53
20260816,4,500,15,3000,3000,3000,3000,"fast","control_informative",0.05,5,0.01,"","mtada_aggregated","trait2","bfdr_observed_fdp",0.2,0.952380952380952
20260816,4,500,15,3000,3000,3000,3000,"fast","control_informative",0.05,5,0.01,"","mtada_aggregated","trait2","bfdr_estimate",0.2,0.19671910775834
20260816,4,500,15,3000,3000,3000,3000,"fast","control_informative",0.05,5,0.01,"","mtada_aggregated","trait2","bfdr_power",0.2,0.3
20260816,4,500,15,3000,3000,3000,3000,"fast","control_informative",0.05,5,0.01,"","mtada_aggregated","trait2","bfdr_discoveries",0.2,63
20260816,4,500,15,3000,3000,3000,3000,"fast","control_informative",0.05,5,0.01,"","mtada_aggregated","pleiotropy","bfdr_observed_fdp",0.01,1
20260816,4,500,15,3000,3000,3000,3000,"fast","control_informative",0.05,5,0.01,"","mtada_aggregated","pleiotropy","bfdr_estimate",0.01,0.00241481948960659
20260816,4,500,15,3000,3000,3000,3000,"fast","control_informative",0.05,5,0.01,"","mtada_aggregated","pleiotropy","bfdr_power",0.01,0
20260816,4,500,15,3000,3000,3000,3000,"fast","control_informative",0.05,5,0.01,"","mtada_aggregated","pleiotropy","bfdr_discoveries",0.01,2
20260816,4,500,15,3000,3000,3000,3000,"fast","control_informative",0.05,5,0.01,"","mtada_aggregated","pleiotropy","bfdr_observed_fdp",0.05,1
20260816,4,500,15,3000,3000,3000,3000,"fast","control_informative",0.05,5,0.01,"","mtada_aggregated","pleiotropy","bfdr_estimate",0.05,0.0463624344592149
20260816,4,500,15,3000,3000,3000,3000,"fast","control_informative",0.05,5,0.01,"","mtada_aggregated","pleiotropy","bfdr_power",0.05,0
20260816,4,500,15,3000,3000,3000,3000,"fast","control_informative",0.05,5,0.01,"","mtada_aggregated","pleiotropy","bfdr_discoveries",0.05,5
20260816,4,500,15,3000,3000,3000,3000,"fast","control_informative",0.05,5,0.01,"","mtada_aggregated","pleiotropy","bfdr_observed_fdp",0.1,1
20260816,4,500,15,3000,3000,3000,3000,"fast","control_informative",0.05,5,0.01,"","mtada_aggregated","pleiotropy","bfdr_estimate",0.1,0.0823091763826953
20260816,4,500,15,3000,3000,3000,3000,"fast","control_informative",0.05,5,0.01,"","mtada_aggregated","pleiotropy","bfdr_power",0.1,0
20260816,4,500,15,3000,3000,3000,3000,"fast","control_informative",0.05,5,0.01,"","mtada_aggregated","pleiotropy","bfdr_discoveries",0.1,7
20260816,4,500,15,3000,3000,3000,3000,"fast","control_informative",0.05,5,0.01,"","mtada_aggregated","pleiotropy","bfdr_observed_fdp",0.2,0.909090909090909
20260816,4,500,15,3000,3000,3000,3000,"fast","control_informative",0.05,5,0.01,"","mtada_aggregated","pleiotropy","bfdr_estimate",0.2,0.182677200404658
20260816,4,500,15,3000,3000,3000,3000,"fast","control_informative",0.05,5,0.01,"","mtada_aggregated","pleiotropy","bfdr_power",0.2,0.2
20260816,4,500,15,3000,3000,3000,3000,"fast","control_informative",0.05,5,0.01,"","mtada_aggregated","pleiotropy","bfdr_discoveries",0.2,11
20260816,4,500,15,3000,3000,3000,3000,"fast","control_informative",0.05,5,0.01,"","mtada_aggregated","global","runtime_seconds",NA,0.698000000000008
20260816,4,500,15,3000,3000,3000,3000,"fast","control_informative",0.05,5,0.01,"","mtada_aggregated","pleiotropy","pi11_estimate",NA,0.0039514
20260817,5,500,15,3000,3000,3000,3000,"fast","control_informative",0.05,5,0.01,"","mirage_joint","trait1","auc",NA,0.631915789473684
20260817,5,500,15,3000,3000,3000,3000,"fast","control_informative",0.05,5,0.01,"","mirage_joint","trait2","auc",NA,0.864285714285714
20260817,5,500,15,3000,3000,3000,3000,"fast","control_informative",0.05,5,0.01,"","mirage_joint","pleiotropy","auc",NA,0.848888888888889
20260817,5,500,15,3000,3000,3000,3000,"fast","control_informative",0.05,5,0.01,"","mirage_joint","trait1","pp08_power",0.8,0.08
20260817,5,500,15,3000,3000,3000,3000,"fast","control_informative",0.05,5,0.01,"","mirage_joint","trait1","pp08_fdp",0.8,0.333333333333333
20260817,5,500,15,3000,3000,3000,3000,"fast","control_informative",0.05,5,0.01,"","mirage_joint","trait1","pp08_discoveries",0.8,3
20260817,5,500,15,3000,3000,3000,3000,"fast","control_informative",0.05,5,0.01,"","mirage_joint","trait2","pp08_power",0.8,0.3
20260817,5,500,15,3000,3000,3000,3000,"fast","control_informative",0.05,5,0.01,"","mirage_joint","trait2","pp08_fdp",0.8,0
20260817,5,500,15,3000,3000,3000,3000,"fast","control_informative",0.05,5,0.01,"","mirage_joint","trait2","pp08_discoveries",0.8,3
20260817,5,500,15,3000,3000,3000,3000,"fast","control_informative",0.05,5,0.01,"","mirage_joint","pleiotropy","pp08_power",0.8,0.2
20260817,5,500,15,3000,3000,3000,3000,"fast","control_informative",0.05,5,0.01,"","mirage_joint","pleiotropy","pp08_fdp",0.8,0
20260817,5,500,15,3000,3000,3000,3000,"fast","control_informative",0.05,5,0.01,"","mirage_joint","pleiotropy","pp08_discoveries",0.8,1
20260817,5,500,15,3000,3000,3000,3000,"fast","control_informative",0.05,5,0.01,"","mirage_joint","trait1","bfdr_observed_fdp",0.01,0
20260817,5,500,15,3000,3000,3000,3000,"fast","control_informative",0.05,5,0.01,"","mirage_joint","trait1","bfdr_estimate",0.01,0.0084770904854311
20260817,5,500,15,3000,3000,3000,3000,"fast","control_informative",0.05,5,0.01,"","mirage_joint","trait1","bfdr_power",0.01,0.08
20260817,5,500,15,3000,3000,3000,3000,"fast","control_informative",0.05,5,0.01,"","mirage_joint","trait1","bfdr_discoveries",0.01,2
20260817,5,500,15,3000,3000,3000,3000,"fast","control_informative",0.05,5,0.01,"","mirage_joint","trait1","bfdr_observed_fdp",0.05,0.333333333333333
20260817,5,500,15,3000,3000,3000,3000,"fast","control_informative",0.05,5,0.01,"","mirage_joint","trait1","bfdr_estimate",0.05,0.037074544862477
20260817,5,500,15,3000,3000,3000,3000,"fast","control_informative",0.05,5,0.01,"","mirage_joint","trait1","bfdr_power",0.05,0.08
20260817,5,500,15,3000,3000,3000,3000,"fast","control_informative",0.05,5,0.01,"","mirage_joint","trait1","bfdr_discoveries",0.05,3
20260817,5,500,15,3000,3000,3000,3000,"fast","control_informative",0.05,5,0.01,"","mirage_joint","trait1","bfdr_observed_fdp",0.1,0.5
20260817,5,500,15,3000,3000,3000,3000,"fast","control_informative",0.05,5,0.01,"","mirage_joint","trait1","bfdr_estimate",0.1,0.091184134661565
20260817,5,500,15,3000,3000,3000,3000,"fast","control_informative",0.05,5,0.01,"","mirage_joint","trait1","bfdr_power",0.1,0.08
20260817,5,500,15,3000,3000,3000,3000,"fast","control_informative",0.05,5,0.01,"","mirage_joint","trait1","bfdr_discoveries",0.1,4
20260817,5,500,15,3000,3000,3000,3000,"fast","control_informative",0.05,5,0.01,"","mirage_joint","trait1","bfdr_observed_fdp",0.2,0.666666666666667
20260817,5,500,15,3000,3000,3000,3000,"fast","control_informative",0.05,5,0.01,"","mirage_joint","trait1","bfdr_estimate",0.2,0.170229173079813
20260817,5,500,15,3000,3000,3000,3000,"fast","control_informative",0.05,5,0.01,"","mirage_joint","trait1","bfdr_power",0.2,0.08
20260817,5,500,15,3000,3000,3000,3000,"fast","control_informative",0.05,5,0.01,"","mirage_joint","trait1","bfdr_discoveries",0.2,6
20260817,5,500,15,3000,3000,3000,3000,"fast","control_informative",0.05,5,0.01,"","mirage_joint","trait2","bfdr_observed_fdp",0.01,0
20260817,5,500,15,3000,3000,3000,3000,"fast","control_informative",0.05,5,0.01,"","mirage_joint","trait2","bfdr_estimate",0.01,0.00931357784416165
20260817,5,500,15,3000,3000,3000,3000,"fast","control_informative",0.05,5,0.01,"","mirage_joint","trait2","bfdr_power",0.01,0.3
20260817,5,500,15,3000,3000,3000,3000,"fast","control_informative",0.05,5,0.01,"","mirage_joint","trait2","bfdr_discoveries",0.01,3
20260817,5,500,15,3000,3000,3000,3000,"fast","control_informative",0.05,5,0.01,"","mirage_joint","trait2","bfdr_observed_fdp",0.05,0
20260817,5,500,15,3000,3000,3000,3000,"fast","control_informative",0.05,5,0.01,"","mirage_joint","trait2","bfdr_estimate",0.05,0.00931357784416165
20260817,5,500,15,3000,3000,3000,3000,"fast","control_informative",0.05,5,0.01,"","mirage_joint","trait2","bfdr_power",0.05,0.3
20260817,5,500,15,3000,3000,3000,3000,"fast","control_informative",0.05,5,0.01,"","mirage_joint","trait2","bfdr_discoveries",0.05,3
20260817,5,500,15,3000,3000,3000,3000,"fast","control_informative",0.05,5,0.01,"","mirage_joint","trait2","bfdr_observed_fdp",0.1,0.25
20260817,5,500,15,3000,3000,3000,3000,"fast","control_informative",0.05,5,0.01,"","mirage_joint","trait2","bfdr_estimate",0.1,0.0680679266218949
20260817,5,500,15,3000,3000,3000,3000,"fast","control_informative",0.05,5,0.01,"","mirage_joint","trait2","bfdr_power",0.1,0.3
20260817,5,500,15,3000,3000,3000,3000,"fast","control_informative",0.05,5,0.01,"","mirage_joint","trait2","bfdr_discoveries",0.1,4
20260817,5,500,15,3000,3000,3000,3000,"fast","control_informative",0.05,5,0.01,"","mirage_joint","trait2","bfdr_observed_fdp",0.2,0.571428571428571
20260817,5,500,15,3000,3000,3000,3000,"fast","control_informative",0.05,5,0.01,"","mirage_joint","trait2","bfdr_estimate",0.2,0.19245539544371
20260817,5,500,15,3000,3000,3000,3000,"fast","control_informative",0.05,5,0.01,"","mirage_joint","trait2","bfdr_power",0.2,0.3
20260817,5,500,15,3000,3000,3000,3000,"fast","control_informative",0.05,5,0.01,"","mirage_joint","trait2","bfdr_discoveries",0.2,7
20260817,5,500,15,3000,3000,3000,3000,"fast","control_informative",0.05,5,0.01,"","mirage_joint","pleiotropy","bfdr_observed_fdp",0.01,0
20260817,5,500,15,3000,3000,3000,3000,"fast","control_informative",0.05,5,0.01,"","mirage_joint","pleiotropy","bfdr_estimate",0.01,0
20260817,5,500,15,3000,3000,3000,3000,"fast","control_informative",0.05,5,0.01,"","mirage_joint","pleiotropy","bfdr_power",0.01,0
20260817,5,500,15,3000,3000,3000,3000,"fast","control_informative",0.05,5,0.01,"","mirage_joint","pleiotropy","bfdr_discoveries",0.01,0
20260817,5,500,15,3000,3000,3000,3000,"fast","control_informative",0.05,5,0.01,"","mirage_joint","pleiotropy","bfdr_observed_fdp",0.05,0
20260817,5,500,15,3000,3000,3000,3000,"fast","control_informative",0.05,5,0.01,"","mirage_joint","pleiotropy","bfdr_estimate",0.05,0.0205295741734045
20260817,5,500,15,3000,3000,3000,3000,"fast","control_informative",0.05,5,0.01,"","mirage_joint","pleiotropy","bfdr_power",0.05,0.2
20260817,5,500,15,3000,3000,3000,3000,"fast","control_informative",0.05,5,0.01,"","mirage_joint","pleiotropy","bfdr_discoveries",0.05,1
20260817,5,500,15,3000,3000,3000,3000,"fast","control_informative",0.05,5,0.01,"","mirage_joint","pleiotropy","bfdr_observed_fdp",0.1,0
20260817,5,500,15,3000,3000,3000,3000,"fast","control_informative",0.05,5,0.01,"","mirage_joint","pleiotropy","bfdr_estimate",0.1,0.0205295741734045
20260817,5,500,15,3000,3000,3000,3000,"fast","control_informative",0.05,5,0.01,"","mirage_joint","pleiotropy","bfdr_power",0.1,0.2
20260817,5,500,15,3000,3000,3000,3000,"fast","control_informative",0.05,5,0.01,"","mirage_joint","pleiotropy","bfdr_discoveries",0.1,1
20260817,5,500,15,3000,3000,3000,3000,"fast","control_informative",0.05,5,0.01,"","mirage_joint","pleiotropy","bfdr_observed_fdp",0.2,0.5
20260817,5,500,15,3000,3000,3000,3000,"fast","control_informative",0.05,5,0.01,"","mirage_joint","pleiotropy","bfdr_estimate",0.2,0.136114178721124
20260817,5,500,15,3000,3000,3000,3000,"fast","control_informative",0.05,5,0.01,"","mirage_joint","pleiotropy","bfdr_power",0.2,0.2
20260817,5,500,15,3000,3000,3000,3000,"fast","control_informative",0.05,5,0.01,"","mirage_joint","pleiotropy","bfdr_discoveries",0.2,2
20260817,5,500,15,3000,3000,3000,3000,"fast","control_informative",0.05,5,0.01,"","mirage_joint","global","runtime_seconds",NA,17.953
20260817,5,500,15,3000,3000,3000,3000,"fast","control_informative",0.05,5,0.01,"","mirage_joint","pleiotropy","pi11_estimate",NA,0.0621547976664691
20260817,5,500,15,3000,3000,3000,3000,"fast","control_informative",0.05,5,0.01,"","separate_mirage","trait1","auc",NA,0.633431578947368
20260817,5,500,15,3000,3000,3000,3000,"fast","control_informative",0.05,5,0.01,"","separate_mirage","trait2","auc",NA,0.76530612244898
20260817,5,500,15,3000,3000,3000,3000,"fast","control_informative",0.05,5,0.01,"","separate_mirage","pleiotropy","auc",NA,0.894141414141414
20260817,5,500,15,3000,3000,3000,3000,"fast","control_informative",0.05,5,0.01,"","separate_mirage","trait1","pp08_power",0.8,0.08
20260817,5,500,15,3000,3000,3000,3000,"fast","control_informative",0.05,5,0.01,"","separate_mirage","trait1","pp08_fdp",0.8,0.333333333333333
20260817,5,500,15,3000,3000,3000,3000,"fast","control_informative",0.05,5,0.01,"","separate_mirage","trait1","pp08_discoveries",0.8,3
20260817,5,500,15,3000,3000,3000,3000,"fast","control_informative",0.05,5,0.01,"","separate_mirage","trait2","pp08_power",0.8,0.3
20260817,5,500,15,3000,3000,3000,3000,"fast","control_informative",0.05,5,0.01,"","separate_mirage","trait2","pp08_fdp",0.8,0
20260817,5,500,15,3000,3000,3000,3000,"fast","control_informative",0.05,5,0.01,"","separate_mirage","trait2","pp08_discoveries",0.8,3
20260817,5,500,15,3000,3000,3000,3000,"fast","control_informative",0.05,5,0.01,"","separate_mirage","pleiotropy","pp08_power",0.8,0
20260817,5,500,15,3000,3000,3000,3000,"fast","control_informative",0.05,5,0.01,"","separate_mirage","pleiotropy","pp08_fdp",0.8,0
20260817,5,500,15,3000,3000,3000,3000,"fast","control_informative",0.05,5,0.01,"","separate_mirage","pleiotropy","pp08_discoveries",0.8,0
20260817,5,500,15,3000,3000,3000,3000,"fast","control_informative",0.05,5,0.01,"","separate_mirage","trait1","bfdr_observed_fdp",0.01,0
20260817,5,500,15,3000,3000,3000,3000,"fast","control_informative",0.05,5,0.01,"","separate_mirage","trait1","bfdr_estimate",0.01,2.21453166027175e-07
20260817,5,500,15,3000,3000,3000,3000,"fast","control_informative",0.05,5,0.01,"","separate_mirage","trait1","bfdr_power",0.01,0.04
20260817,5,500,15,3000,3000,3000,3000,"fast","control_informative",0.05,5,0.01,"","separate_mirage","trait1","bfdr_discoveries",0.01,1
20260817,5,500,15,3000,3000,3000,3000,"fast","control_informative",0.05,5,0.01,"","separate_mirage","trait1","bfdr_observed_fdp",0.05,0
20260817,5,500,15,3000,3000,3000,3000,"fast","control_informative",0.05,5,0.01,"","separate_mirage","trait1","bfdr_estimate",0.05,2.21453166027175e-07
20260817,5,500,15,3000,3000,3000,3000,"fast","control_informative",0.05,5,0.01,"","separate_mirage","trait1","bfdr_power",0.05,0.04
20260817,5,500,15,3000,3000,3000,3000,"fast","control_informative",0.05,5,0.01,"","separate_mirage","trait1","bfdr_discoveries",0.05,1
20260817,5,500,15,3000,3000,3000,3000,"fast","control_informative",0.05,5,0.01,"","separate_mirage","trait1","bfdr_observed_fdp",0.1,0.5
20260817,5,500,15,3000,3000,3000,3000,"fast","control_informative",0.05,5,0.01,"","separate_mirage","trait1","bfdr_estimate",0.1,0.0627858192254939
20260817,5,500,15,3000,3000,3000,3000,"fast","control_informative",0.05,5,0.01,"","separate_mirage","trait1","bfdr_power",0.1,0.04
20260817,5,500,15,3000,3000,3000,3000,"fast","control_informative",0.05,5,0.01,"","separate_mirage","trait1","bfdr_discoveries",0.1,2
20260817,5,500,15,3000,3000,3000,3000,"fast","control_informative",0.05,5,0.01,"","separate_mirage","trait1","bfdr_observed_fdp",0.2,0.5
20260817,5,500,15,3000,3000,3000,3000,"fast","control_informative",0.05,5,0.01,"","separate_mirage","trait1","bfdr_estimate",0.2,0.138658341962522
20260817,5,500,15,3000,3000,3000,3000,"fast","control_informative",0.05,5,0.01,"","separate_mirage","trait1","bfdr_power",0.2,0.08
20260817,5,500,15,3000,3000,3000,3000,"fast","control_informative",0.05,5,0.01,"","separate_mirage","trait1","bfdr_discoveries",0.2,4
20260817,5,500,15,3000,3000,3000,3000,"fast","control_informative",0.05,5,0.01,"","separate_mirage","trait2","bfdr_observed_fdp",0.01,0
20260817,5,500,15,3000,3000,3000,3000,"fast","control_informative",0.05,5,0.01,"","separate_mirage","trait2","bfdr_estimate",0.01,2.70040305628827e-05
20260817,5,500,15,3000,3000,3000,3000,"fast","control_informative",0.05,5,0.01,"","separate_mirage","trait2","bfdr_power",0.01,0.1
20260817,5,500,15,3000,3000,3000,3000,"fast","control_informative",0.05,5,0.01,"","separate_mirage","trait2","bfdr_discoveries",0.01,1
20260817,5,500,15,3000,3000,3000,3000,"fast","control_informative",0.05,5,0.01,"","separate_mirage","trait2","bfdr_observed_fdp",0.05,0
20260817,5,500,15,3000,3000,3000,3000,"fast","control_informative",0.05,5,0.01,"","separate_mirage","trait2","bfdr_estimate",0.05,0.0252358124589284
20260817,5,500,15,3000,3000,3000,3000,"fast","control_informative",0.05,5,0.01,"","separate_mirage","trait2","bfdr_power",0.05,0.2
20260817,5,500,15,3000,3000,3000,3000,"fast","control_informative",0.05,5,0.01,"","separate_mirage","trait2","bfdr_discoveries",0.05,2
20260817,5,500,15,3000,3000,3000,3000,"fast","control_informative",0.05,5,0.01,"","separate_mirage","trait2","bfdr_observed_fdp",0.1,0
20260817,5,500,15,3000,3000,3000,3000,"fast","control_informative",0.05,5,0.01,"","separate_mirage","trait2","bfdr_estimate",0.1,0.0681221921832151
20260817,5,500,15,3000,3000,3000,3000,"fast","control_informative",0.05,5,0.01,"","separate_mirage","trait2","bfdr_power",0.1,0.3
20260817,5,500,15,3000,3000,3000,3000,"fast","control_informative",0.05,5,0.01,"","separate_mirage","trait2","bfdr_discoveries",0.1,3
20260817,5,500,15,3000,3000,3000,3000,"fast","control_informative",0.05,5,0.01,"","separate_mirage","trait2","bfdr_observed_fdp",0.2,0
20260817,5,500,15,3000,3000,3000,3000,"fast","control_informative",0.05,5,0.01,"","separate_mirage","trait2","bfdr_estimate",0.2,0.0681221921832151
20260817,5,500,15,3000,3000,3000,3000,"fast","control_informative",0.05,5,0.01,"","separate_mirage","trait2","bfdr_power",0.2,0.3
20260817,5,500,15,3000,3000,3000,3000,"fast","control_informative",0.05,5,0.01,"","separate_mirage","trait2","bfdr_discoveries",0.2,3
20260817,5,500,15,3000,3000,3000,3000,"fast","control_informative",0.05,5,0.01,"","separate_mirage","pleiotropy","bfdr_observed_fdp",0.01,0
20260817,5,500,15,3000,3000,3000,3000,"fast","control_informative",0.05,5,0.01,"","separate_mirage","pleiotropy","bfdr_estimate",0.01,0
20260817,5,500,15,3000,3000,3000,3000,"fast","control_informative",0.05,5,0.01,"","separate_mirage","pleiotropy","bfdr_power",0.01,0
20260817,5,500,15,3000,3000,3000,3000,"fast","control_informative",0.05,5,0.01,"","separate_mirage","pleiotropy","bfdr_discoveries",0.01,0
20260817,5,500,15,3000,3000,3000,3000,"fast","control_informative",0.05,5,0.01,"","separate_mirage","pleiotropy","bfdr_observed_fdp",0.05,0
20260817,5,500,15,3000,3000,3000,3000,"fast","control_informative",0.05,5,0.01,"","separate_mirage","pleiotropy","bfdr_estimate",0.05,0
20260817,5,500,15,3000,3000,3000,3000,"fast","control_informative",0.05,5,0.01,"","separate_mirage","pleiotropy","bfdr_power",0.05,0
20260817,5,500,15,3000,3000,3000,3000,"fast","control_informative",0.05,5,0.01,"","separate_mirage","pleiotropy","bfdr_discoveries",0.05,0
20260817,5,500,15,3000,3000,3000,3000,"fast","control_informative",0.05,5,0.01,"","separate_mirage","pleiotropy","bfdr_observed_fdp",0.1,0
20260817,5,500,15,3000,3000,3000,3000,"fast","control_informative",0.05,5,0.01,"","separate_mirage","pleiotropy","bfdr_estimate",0.1,0
20260817,5,500,15,3000,3000,3000,3000,"fast","control_informative",0.05,5,0.01,"","separate_mirage","pleiotropy","bfdr_power",0.1,0
20260817,5,500,15,3000,3000,3000,3000,"fast","control_informative",0.05,5,0.01,"","separate_mirage","pleiotropy","bfdr_discoveries",0.1,0
20260817,5,500,15,3000,3000,3000,3000,"fast","control_informative",0.05,5,0.01,"","separate_mirage","pleiotropy","bfdr_observed_fdp",0.2,0
20260817,5,500,15,3000,3000,3000,3000,"fast","control_informative",0.05,5,0.01,"","separate_mirage","pleiotropy","bfdr_estimate",0.2,0
20260817,5,500,15,3000,3000,3000,3000,"fast","control_informative",0.05,5,0.01,"","separate_mirage","pleiotropy","bfdr_power",0.2,0
20260817,5,500,15,3000,3000,3000,3000,"fast","control_informative",0.05,5,0.01,"","separate_mirage","pleiotropy","bfdr_discoveries",0.2,0
20260817,5,500,15,3000,3000,3000,3000,"fast","control_informative",0.05,5,0.01,"","separate_mirage","global","runtime_seconds",NA,18.012
20260817,5,500,15,3000,3000,3000,3000,"fast","control_informative",0.05,5,0.01,"","separate_mirage","pleiotropy","pi11_estimate",NA,0.001
20260817,5,500,15,3000,3000,3000,3000,"fast","control_informative",0.05,5,0.01,"","mtada_aggregated","trait1","auc",NA,0.62858947368421
20260817,5,500,15,3000,3000,3000,3000,"fast","control_informative",0.05,5,0.01,"","mtada_aggregated","trait2","auc",NA,0.553061224489796
20260817,5,500,15,3000,3000,3000,3000,"fast","control_informative",0.05,5,0.01,"","mtada_aggregated","pleiotropy","auc",NA,0.677575757575758
20260817,5,500,15,3000,3000,3000,3000,"fast","control_informative",0.05,5,0.01,"","mtada_aggregated","trait1","pp08_power",0.8,0.2
20260817,5,500,15,3000,3000,3000,3000,"fast","control_informative",0.05,5,0.01,"","mtada_aggregated","trait1","pp08_fdp",0.8,0.871794871794872
20260817,5,500,15,3000,3000,3000,3000,"fast","control_informative",0.05,5,0.01,"","mtada_aggregated","trait1","pp08_discoveries",0.8,39
20260817,5,500,15,3000,3000,3000,3000,"fast","control_informative",0.05,5,0.01,"","mtada_aggregated","trait2","pp08_power",0.8,0.3
20260817,5,500,15,3000,3000,3000,3000,"fast","control_informative",0.05,5,0.01,"","mtada_aggregated","trait2","pp08_fdp",0.8,0.914285714285714
20260817,5,500,15,3000,3000,3000,3000,"fast","control_informative",0.05,5,0.01,"","mtada_aggregated","trait2","pp08_discoveries",0.8,35
20260817,5,500,15,3000,3000,3000,3000,"fast","control_informative",0.05,5,0.01,"","mtada_aggregated","pleiotropy","pp08_power",0.8,0.2
20260817,5,500,15,3000,3000,3000,3000,"fast","control_informative",0.05,5,0.01,"","mtada_aggregated","pleiotropy","pp08_fdp",0.8,0.8
20260817,5,500,15,3000,3000,3000,3000,"fast","control_informative",0.05,5,0.01,"","mtada_aggregated","pleiotropy","pp08_discoveries",0.8,5
20260817,5,500,15,3000,3000,3000,3000,"fast","control_informative",0.05,5,0.01,"","mtada_aggregated","trait1","bfdr_observed_fdp",0.01,0.868421052631579
20260817,5,500,15,3000,3000,3000,3000,"fast","control_informative",0.05,5,0.01,"","mtada_aggregated","trait1","bfdr_estimate",0.01,0.00891640165966816
20260817,5,500,15,3000,3000,3000,3000,"fast","control_informative",0.05,5,0.01,"","mtada_aggregated","trait1","bfdr_power",0.01,0.2
20260817,5,500,15,3000,3000,3000,3000,"fast","control_informative",0.05,5,0.01,"","mtada_aggregated","trait1","bfdr_discoveries",0.01,38
20260817,5,500,15,3000,3000,3000,3000,"fast","control_informative",0.05,5,0.01,"","mtada_aggregated","trait1","bfdr_observed_fdp",0.05,0.891304347826087
20260817,5,500,15,3000,3000,3000,3000,"fast","control_informative",0.05,5,0.01,"","mtada_aggregated","trait1","bfdr_estimate",0.05,0.0482181381899813
20260817,5,500,15,3000,3000,3000,3000,"fast","control_informative",0.05,5,0.01,"","mtada_aggregated","trait1","bfdr_power",0.05,0.2
20260817,5,500,15,3000,3000,3000,3000,"fast","control_informative",0.05,5,0.01,"","mtada_aggregated","trait1","bfdr_discoveries",0.05,46
20260817,5,500,15,3000,3000,3000,3000,"fast","control_informative",0.05,5,0.01,"","mtada_aggregated","trait1","bfdr_observed_fdp",0.1,0.884615384615385
20260817,5,500,15,3000,3000,3000,3000,"fast","control_informative",0.05,5,0.01,"","mtada_aggregated","trait1","bfdr_estimate",0.1,0.0935928676880481
20260817,5,500,15,3000,3000,3000,3000,"fast","control_informative",0.05,5,0.01,"","mtada_aggregated","trait1","bfdr_power",0.1,0.24
20260817,5,500,15,3000,3000,3000,3000,"fast","control_informative",0.05,5,0.01,"","mtada_aggregated","trait1","bfdr_discoveries",0.1,52
20260817,5,500,15,3000,3000,3000,3000,"fast","control_informative",0.05,5,0.01,"","mtada_aggregated","trait1","bfdr_observed_fdp",0.2,0.90625
20260817,5,500,15,3000,3000,3000,3000,"fast","control_informative",0.05,5,0.01,"","mtada_aggregated","trait1","bfdr_estimate",0.2,0.194932292145222
20260817,5,500,15,3000,3000,3000,3000,"fast","control_informative",0.05,5,0.01,"","mtada_aggregated","trait1","bfdr_power",0.2,0.24
20260817,5,500,15,3000,3000,3000,3000,"fast","control_informative",0.05,5,0.01,"","mtada_aggregated","trait1","bfdr_discoveries",0.2,64
20260817,5,500,15,3000,3000,3000,3000,"fast","control_informative",0.05,5,0.01,"","mtada_aggregated","trait2","bfdr_observed_fdp",0.01,0.90625
20260817,5,500,15,3000,3000,3000,3000,"fast","control_informative",0.05,5,0.01,"","mtada_aggregated","trait2","bfdr_estimate",0.01,0.00827022213450802
20260817,5,500,15,3000,3000,3000,3000,"fast","control_informative",0.05,5,0.01,"","mtada_aggregated","trait2","bfdr_power",0.01,0.3
20260817,5,500,15,3000,3000,3000,3000,"fast","control_informative",0.05,5,0.01,"","mtada_aggregated","trait2","bfdr_discoveries",0.01,32
20260817,5,500,15,3000,3000,3000,3000,"fast","control_informative",0.05,5,0.01,"","mtada_aggregated","trait2","bfdr_observed_fdp",0.05,0.921052631578947
20260817,5,500,15,3000,3000,3000,3000,"fast","control_informative",0.05,5,0.01,"","mtada_aggregated","trait2","bfdr_estimate",0.05,0.04726701597242
20260817,5,500,15,3000,3000,3000,3000,"fast","control_informative",0.05,5,0.01,"","mtada_aggregated","trait2","bfdr_power",0.05,0.3
20260817,5,500,15,3000,3000,3000,3000,"fast","control_informative",0.05,5,0.01,"","mtada_aggregated","trait2","bfdr_discoveries",0.05,38
20260817,5,500,15,3000,3000,3000,3000,"fast","control_informative",0.05,5,0.01,"","mtada_aggregated","trait2","bfdr_observed_fdp",0.1,0.930232558139535
20260817,5,500,15,3000,3000,3000,3000,"fast","control_informative",0.05,5,0.01,"","mtada_aggregated","trait2","bfdr_estimate",0.1,0.09782070800063
20260817,5,500,15,3000,3000,3000,3000,"fast","control_informative",0.05,5,0.01,"","mtada_aggregated","trait2","bfdr_power",0.1,0.3
20260817,5,500,15,3000,3000,3000,3000,"fast","control_informative",0.05,5,0.01,"","mtada_aggregated","trait2","bfdr_discoveries",0.1,43
20260817,5,500,15,3000,3000,3000,3000,"fast","control_informative",0.05,5,0.01,"","mtada_aggregated","trait2","bfdr_observed_fdp",0.2,0.942307692307692
20260817,5,500,15,3000,3000,3000,3000,"fast","control_informative",0.05,5,0.01,"","mtada_aggregated","trait2","bfdr_estimate",0.2,0.199543930323534
20260817,5,500,15,3000,3000,3000,3000,"fast","control_informative",0.05,5,0.01,"","mtada_aggregated","trait2","bfdr_power",0.2,0.3
20260817,5,500,15,3000,3000,3000,3000,"fast","control_informative",0.05,5,0.01,"","mtada_aggregated","trait2","bfdr_discoveries",0.2,52
20260817,5,500,15,3000,3000,3000,3000,"fast","control_informative",0.05,5,0.01,"","mtada_aggregated","pleiotropy","bfdr_observed_fdp",0.01,0.75
20260817,5,500,15,3000,3000,3000,3000,"fast","control_informative",0.05,5,0.01,"","mtada_aggregated","pleiotropy","bfdr_estimate",0.01,0.00479742071659289
20260817,5,500,15,3000,3000,3000,3000,"fast","control_informative",0.05,5,0.01,"","mtada_aggregated","pleiotropy","bfdr_power",0.01,0.2
20260817,5,500,15,3000,3000,3000,3000,"fast","control_informative",0.05,5,0.01,"","mtada_aggregated","pleiotropy","bfdr_discoveries",0.01,4
20260817,5,500,15,3000,3000,3000,3000,"fast","control_informative",0.05,5,0.01,"","mtada_aggregated","pleiotropy","bfdr_observed_fdp",0.05,0.8
20260817,5,500,15,3000,3000,3000,3000,"fast","control_informative",0.05,5,0.01,"","mtada_aggregated","pleiotropy","bfdr_estimate",0.05,0.0294652350169571
20260817,5,500,15,3000,3000,3000,3000,"fast","control_informative",0.05,5,0.01,"","mtada_aggregated","pleiotropy","bfdr_power",0.05,0.2
20260817,5,500,15,3000,3000,3000,3000,"fast","control_informative",0.05,5,0.01,"","mtada_aggregated","pleiotropy","bfdr_discoveries",0.05,5
20260817,5,500,15,3000,3000,3000,3000,"fast","control_informative",0.05,5,0.01,"","mtada_aggregated","pleiotropy","bfdr_observed_fdp",0.1,0.833333333333333
20260817,5,500,15,3000,3000,3000,3000,"fast","control_informative",0.05,5,0.01,"","mtada_aggregated","pleiotropy","bfdr_estimate",0.1,0.075548805377065
20260817,5,500,15,3000,3000,3000,3000,"fast","control_informative",0.05,5,0.01,"","mtada_aggregated","pleiotropy","bfdr_power",0.1,0.2
20260817,5,500,15,3000,3000,3000,3000,"fast","control_informative",0.05,5,0.01,"","mtada_aggregated","pleiotropy","bfdr_discoveries",0.1,6
20260817,5,500,15,3000,3000,3000,3000,"fast","control_informative",0.05,5,0.01,"","mtada_aggregated","pleiotropy","bfdr_observed_fdp",0.2,0.888888888888889
20260817,5,500,15,3000,3000,3000,3000,"fast","control_informative",0.05,5,0.01,"","mtada_aggregated","pleiotropy","bfdr_estimate",0.2,0.186838497331461
20260817,5,500,15,3000,3000,3000,3000,"fast","control_informative",0.05,5,0.01,"","mtada_aggregated","pleiotropy","bfdr_power",0.2,0.2
20260817,5,500,15,3000,3000,3000,3000,"fast","control_informative",0.05,5,0.01,"","mtada_aggregated","pleiotropy","bfdr_discoveries",0.2,9
20260817,5,500,15,3000,3000,3000,3000,"fast","control_informative",0.05,5,0.01,"","mtada_aggregated","global","runtime_seconds",NA,0.704999999999984
20260817,5,500,15,3000,3000,3000,3000,"fast","control_informative",0.05,5,0.01,"","mtada_aggregated","pleiotropy","pi11_estimate",NA,0.00441788
20260818,6,500,15,3000,3000,3000,3000,"fast","control_informative",0.05,5,0.01,"","mirage_joint","trait1","auc",NA,0.726484210526316
20260818,6,500,15,3000,3000,3000,3000,"fast","control_informative",0.05,5,0.01,"","mirage_joint","trait2","auc",NA,0.805918367346939
20260818,6,500,15,3000,3000,3000,3000,"fast","control_informative",0.05,5,0.01,"","mirage_joint","pleiotropy","auc",NA,0.772121212121212
20260818,6,500,15,3000,3000,3000,3000,"fast","control_informative",0.05,5,0.01,"","mirage_joint","trait1","pp08_power",0.8,0.2
20260818,6,500,15,3000,3000,3000,3000,"fast","control_informative",0.05,5,0.01,"","mirage_joint","trait1","pp08_fdp",0.8,0.166666666666667
20260818,6,500,15,3000,3000,3000,3000,"fast","control_informative",0.05,5,0.01,"","mirage_joint","trait1","pp08_discoveries",0.8,6
20260818,6,500,15,3000,3000,3000,3000,"fast","control_informative",0.05,5,0.01,"","mirage_joint","trait2","pp08_power",0.8,0
20260818,6,500,15,3000,3000,3000,3000,"fast","control_informative",0.05,5,0.01,"","mirage_joint","trait2","pp08_fdp",0.8,0
20260818,6,500,15,3000,3000,3000,3000,"fast","control_informative",0.05,5,0.01,"","mirage_joint","trait2","pp08_discoveries",0.8,0
20260818,6,500,15,3000,3000,3000,3000,"fast","control_informative",0.05,5,0.01,"","mirage_joint","pleiotropy","pp08_power",0.8,0
20260818,6,500,15,3000,3000,3000,3000,"fast","control_informative",0.05,5,0.01,"","mirage_joint","pleiotropy","pp08_fdp",0.8,0
20260818,6,500,15,3000,3000,3000,3000,"fast","control_informative",0.05,5,0.01,"","mirage_joint","pleiotropy","pp08_discoveries",0.8,0
20260818,6,500,15,3000,3000,3000,3000,"fast","control_informative",0.05,5,0.01,"","mirage_joint","trait1","bfdr_observed_fdp",0.01,0
20260818,6,500,15,3000,3000,3000,3000,"fast","control_informative",0.05,5,0.01,"","mirage_joint","trait1","bfdr_estimate",0.01,0.00557279432651805
20260818,6,500,15,3000,3000,3000,3000,"fast","control_informative",0.05,5,0.01,"","mirage_joint","trait1","bfdr_power",0.01,0.16
20260818,6,500,15,3000,3000,3000,3000,"fast","control_informative",0.05,5,0.01,"","mirage_joint","trait1","bfdr_discoveries",0.01,4
20260818,6,500,15,3000,3000,3000,3000,"fast","control_informative",0.05,5,0.01,"","mirage_joint","trait1","bfdr_observed_fdp",0.05,0.166666666666667
20260818,6,500,15,3000,3000,3000,3000,"fast","control_informative",0.05,5,0.01,"","mirage_joint","trait1","bfdr_estimate",0.05,0.0434932810361237
20260818,6,500,15,3000,3000,3000,3000,"fast","control_informative",0.05,5,0.01,"","mirage_joint","trait1","bfdr_power",0.05,0.2
20260818,6,500,15,3000,3000,3000,3000,"fast","control_informative",0.05,5,0.01,"","mirage_joint","trait1","bfdr_discoveries",0.05,6
20260818,6,500,15,3000,3000,3000,3000,"fast","control_informative",0.05,5,0.01,"","mirage_joint","trait1","bfdr_observed_fdp",0.1,0.375
20260818,6,500,15,3000,3000,3000,3000,"fast","control_informative",0.05,5,0.01,"","mirage_joint","trait1","bfdr_estimate",0.1,0.0939596445476219
20260818,6,500,15,3000,3000,3000,3000,"fast","control_informative",0.05,5,0.01,"","mirage_joint","trait1","bfdr_power",0.1,0.2
20260818,6,500,15,3000,3000,3000,3000,"fast","control_informative",0.05,5,0.01,"","mirage_joint","trait1","bfdr_discoveries",0.1,8
20260818,6,500,15,3000,3000,3000,3000,"fast","control_informative",0.05,5,0.01,"","mirage_joint","trait1","bfdr_observed_fdp",0.2,0.5
20260818,6,500,15,3000,3000,3000,3000,"fast","control_informative",0.05,5,0.01,"","mirage_joint","trait1","bfdr_estimate",0.2,0.184522182976981
20260818,6,500,15,3000,3000,3000,3000,"fast","control_informative",0.05,5,0.01,"","mirage_joint","trait1","bfdr_power",0.2,0.24
20260818,6,500,15,3000,3000,3000,3000,"fast","control_informative",0.05,5,0.01,"","mirage_joint","trait1","bfdr_discoveries",0.2,12
20260818,6,500,15,3000,3000,3000,3000,"fast","control_informative",0.05,5,0.01,"","mirage_joint","trait2","bfdr_observed_fdp",0.01,0
20260818,6,500,15,3000,3000,3000,3000,"fast","control_informative",0.05,5,0.01,"","mirage_joint","trait2","bfdr_estimate",0.01,0
20260818,6,500,15,3000,3000,3000,3000,"fast","control_informative",0.05,5,0.01,"","mirage_joint","trait2","bfdr_power",0.01,0
20260818,6,500,15,3000,3000,3000,3000,"fast","control_informative",0.05,5,0.01,"","mirage_joint","trait2","bfdr_discoveries",0.01,0
20260818,6,500,15,3000,3000,3000,3000,"fast","control_informative",0.05,5,0.01,"","mirage_joint","trait2","bfdr_observed_fdp",0.05,0
20260818,6,500,15,3000,3000,3000,3000,"fast","control_informative",0.05,5,0.01,"","mirage_joint","trait2","bfdr_estimate",0.05,0
20260818,6,500,15,3000,3000,3000,3000,"fast","control_informative",0.05,5,0.01,"","mirage_joint","trait2","bfdr_power",0.05,0
20260818,6,500,15,3000,3000,3000,3000,"fast","control_informative",0.05,5,0.01,"","mirage_joint","trait2","bfdr_discoveries",0.05,0
20260818,6,500,15,3000,3000,3000,3000,"fast","control_informative",0.05,5,0.01,"","mirage_joint","trait2","bfdr_observed_fdp",0.1,0
20260818,6,500,15,3000,3000,3000,3000,"fast","control_informative",0.05,5,0.01,"","mirage_joint","trait2","bfdr_estimate",0.1,0
20260818,6,500,15,3000,3000,3000,3000,"fast","control_informative",0.05,5,0.01,"","mirage_joint","trait2","bfdr_power",0.1,0
20260818,6,500,15,3000,3000,3000,3000,"fast","control_informative",0.05,5,0.01,"","mirage_joint","trait2","bfdr_discoveries",0.1,0
20260818,6,500,15,3000,3000,3000,3000,"fast","control_informative",0.05,5,0.01,"","mirage_joint","trait2","bfdr_observed_fdp",0.2,0
20260818,6,500,15,3000,3000,3000,3000,"fast","control_informative",0.05,5,0.01,"","mirage_joint","trait2","bfdr_estimate",0.2,0
20260818,6,500,15,3000,3000,3000,3000,"fast","control_informative",0.05,5,0.01,"","mirage_joint","trait2","bfdr_power",0.2,0
20260818,6,500,15,3000,3000,3000,3000,"fast","control_informative",0.05,5,0.01,"","mirage_joint","trait2","bfdr_discoveries",0.2,0
20260818,6,500,15,3000,3000,3000,3000,"fast","control_informative",0.05,5,0.01,"","mirage_joint","pleiotropy","bfdr_observed_fdp",0.01,0
20260818,6,500,15,3000,3000,3000,3000,"fast","control_informative",0.05,5,0.01,"","mirage_joint","pleiotropy","bfdr_estimate",0.01,0
20260818,6,500,15,3000,3000,3000,3000,"fast","control_informative",0.05,5,0.01,"","mirage_joint","pleiotropy","bfdr_power",0.01,0
20260818,6,500,15,3000,3000,3000,3000,"fast","control_informative",0.05,5,0.01,"","mirage_joint","pleiotropy","bfdr_discoveries",0.01,0
20260818,6,500,15,3000,3000,3000,3000,"fast","control_informative",0.05,5,0.01,"","mirage_joint","pleiotropy","bfdr_observed_fdp",0.05,0
20260818,6,500,15,3000,3000,3000,3000,"fast","control_informative",0.05,5,0.01,"","mirage_joint","pleiotropy","bfdr_estimate",0.05,0
20260818,6,500,15,3000,3000,3000,3000,"fast","control_informative",0.05,5,0.01,"","mirage_joint","pleiotropy","bfdr_power",0.05,0
20260818,6,500,15,3000,3000,3000,3000,"fast","control_informative",0.05,5,0.01,"","mirage_joint","pleiotropy","bfdr_discoveries",0.05,0
20260818,6,500,15,3000,3000,3000,3000,"fast","control_informative",0.05,5,0.01,"","mirage_joint","pleiotropy","bfdr_observed_fdp",0.1,0
20260818,6,500,15,3000,3000,3000,3000,"fast","control_informative",0.05,5,0.01,"","mirage_joint","pleiotropy","bfdr_estimate",0.1,0
20260818,6,500,15,3000,3000,3000,3000,"fast","control_informative",0.05,5,0.01,"","mirage_joint","pleiotropy","bfdr_power",0.1,0
20260818,6,500,15,3000,3000,3000,3000,"fast","control_informative",0.05,5,0.01,"","mirage_joint","pleiotropy","bfdr_discoveries",0.1,0
20260818,6,500,15,3000,3000,3000,3000,"fast","control_informative",0.05,5,0.01,"","mirage_joint","pleiotropy","bfdr_observed_fdp",0.2,0
20260818,6,500,15,3000,3000,3000,3000,"fast","control_informative",0.05,5,0.01,"","mirage_joint","pleiotropy","bfdr_estimate",0.2,0
20260818,6,500,15,3000,3000,3000,3000,"fast","control_informative",0.05,5,0.01,"","mirage_joint","pleiotropy","bfdr_power",0.2,0
20260818,6,500,15,3000,3000,3000,3000,"fast","control_informative",0.05,5,0.01,"","mirage_joint","pleiotropy","bfdr_discoveries",0.2,0
20260818,6,500,15,3000,3000,3000,3000,"fast","control_informative",0.05,5,0.01,"","mirage_joint","global","runtime_seconds",NA,18.02
20260818,6,500,15,3000,3000,3000,3000,"fast","control_informative",0.05,5,0.01,"","mirage_joint","pleiotropy","pi11_estimate",NA,0.033486114809379
20260818,6,500,15,3000,3000,3000,3000,"fast","control_informative",0.05,5,0.01,"","separate_mirage","trait1","auc",NA,0.745768421052632
20260818,6,500,15,3000,3000,3000,3000,"fast","control_informative",0.05,5,0.01,"","separate_mirage","trait2","auc",NA,0.728775510204082
20260818,6,500,15,3000,3000,3000,3000,"fast","control_informative",0.05,5,0.01,"","separate_mirage","pleiotropy","auc",NA,0.782222222222222
20260818,6,500,15,3000,3000,3000,3000,"fast","control_informative",0.05,5,0.01,"","separate_mirage","trait1","pp08_power",0.8,0.16
20260818,6,500,15,3000,3000,3000,3000,"fast","control_informative",0.05,5,0.01,"","separate_mirage","trait1","pp08_fdp",0.8,0.2
20260818,6,500,15,3000,3000,3000,3000,"fast","control_informative",0.05,5,0.01,"","separate_mirage","trait1","pp08_discoveries",0.8,5
20260818,6,500,15,3000,3000,3000,3000,"fast","control_informative",0.05,5,0.01,"","separate_mirage","trait2","pp08_power",0.8,0
20260818,6,500,15,3000,3000,3000,3000,"fast","control_informative",0.05,5,0.01,"","separate_mirage","trait2","pp08_fdp",0.8,0
20260818,6,500,15,3000,3000,3000,3000,"fast","control_informative",0.05,5,0.01,"","separate_mirage","trait2","pp08_discoveries",0.8,0
20260818,6,500,15,3000,3000,3000,3000,"fast","control_informative",0.05,5,0.01,"","separate_mirage","pleiotropy","pp08_power",0.8,0
20260818,6,500,15,3000,3000,3000,3000,"fast","control_informative",0.05,5,0.01,"","separate_mirage","pleiotropy","pp08_fdp",0.8,0
20260818,6,500,15,3000,3000,3000,3000,"fast","control_informative",0.05,5,0.01,"","separate_mirage","pleiotropy","pp08_discoveries",0.8,0
20260818,6,500,15,3000,3000,3000,3000,"fast","control_informative",0.05,5,0.01,"","separate_mirage","trait1","bfdr_observed_fdp",0.01,0
20260818,6,500,15,3000,3000,3000,3000,"fast","control_informative",0.05,5,0.01,"","separate_mirage","trait1","bfdr_estimate",0.01,0.00546363773490347
20260818,6,500,15,3000,3000,3000,3000,"fast","control_informative",0.05,5,0.01,"","separate_mirage","trait1","bfdr_power",0.01,0.12
20260818,6,500,15,3000,3000,3000,3000,"fast","control_informative",0.05,5,0.01,"","separate_mirage","trait1","bfdr_discoveries",0.01,3
20260818,6,500,15,3000,3000,3000,3000,"fast","control_informative",0.05,5,0.01,"","separate_mirage","trait1","bfdr_observed_fdp",0.05,0
20260818,6,500,15,3000,3000,3000,3000,"fast","control_informative",0.05,5,0.01,"","separate_mirage","trait1","bfdr_estimate",0.05,0.018105172115367
20260818,6,500,15,3000,3000,3000,3000,"fast","control_informative",0.05,5,0.01,"","separate_mirage","trait1","bfdr_power",0.05,0.16
20260818,6,500,15,3000,3000,3000,3000,"fast","control_informative",0.05,5,0.01,"","separate_mirage","trait1","bfdr_discoveries",0.05,4
20260818,6,500,15,3000,3000,3000,3000,"fast","control_informative",0.05,5,0.01,"","separate_mirage","trait1","bfdr_observed_fdp",0.1,0.166666666666667
20260818,6,500,15,3000,3000,3000,3000,"fast","control_informative",0.05,5,0.01,"","separate_mirage","trait1","bfdr_estimate",0.1,0.0880592562566642
20260818,6,500,15,3000,3000,3000,3000,"fast","control_informative",0.05,5,0.01,"","separate_mirage","trait1","bfdr_power",0.1,0.2
20260818,6,500,15,3000,3000,3000,3000,"fast","control_informative",0.05,5,0.01,"","separate_mirage","trait1","bfdr_discoveries",0.1,6
20260818,6,500,15,3000,3000,3000,3000,"fast","control_informative",0.05,5,0.01,"","separate_mirage","trait1","bfdr_observed_fdp",0.2,0.375
20260818,6,500,15,3000,3000,3000,3000,"fast","control_informative",0.05,5,0.01,"","separate_mirage","trait1","bfdr_estimate",0.2,0.170036402408462
20260818,6,500,15,3000,3000,3000,3000,"fast","control_informative",0.05,5,0.01,"","separate_mirage","trait1","bfdr_power",0.2,0.2
20260818,6,500,15,3000,3000,3000,3000,"fast","control_informative",0.05,5,0.01,"","separate_mirage","trait1","bfdr_discoveries",0.2,8
20260818,6,500,15,3000,3000,3000,3000,"fast","control_informative",0.05,5,0.01,"","separate_mirage","trait2","bfdr_observed_fdp",0.01,0
20260818,6,500,15,3000,3000,3000,3000,"fast","control_informative",0.05,5,0.01,"","separate_mirage","trait2","bfdr_estimate",0.01,0
20260818,6,500,15,3000,3000,3000,3000,"fast","control_informative",0.05,5,0.01,"","separate_mirage","trait2","bfdr_power",0.01,0
20260818,6,500,15,3000,3000,3000,3000,"fast","control_informative",0.05,5,0.01,"","separate_mirage","trait2","bfdr_discoveries",0.01,0
20260818,6,500,15,3000,3000,3000,3000,"fast","control_informative",0.05,5,0.01,"","separate_mirage","trait2","bfdr_observed_fdp",0.05,0
20260818,6,500,15,3000,3000,3000,3000,"fast","control_informative",0.05,5,0.01,"","separate_mirage","trait2","bfdr_estimate",0.05,0
20260818,6,500,15,3000,3000,3000,3000,"fast","control_informative",0.05,5,0.01,"","separate_mirage","trait2","bfdr_power",0.05,0
20260818,6,500,15,3000,3000,3000,3000,"fast","control_informative",0.05,5,0.01,"","separate_mirage","trait2","bfdr_discoveries",0.05,0
20260818,6,500,15,3000,3000,3000,3000,"fast","control_informative",0.05,5,0.01,"","separate_mirage","trait2","bfdr_observed_fdp",0.1,0
20260818,6,500,15,3000,3000,3000,3000,"fast","control_informative",0.05,5,0.01,"","separate_mirage","trait2","bfdr_estimate",0.1,0
20260818,6,500,15,3000,3000,3000,3000,"fast","control_informative",0.05,5,0.01,"","separate_mirage","trait2","bfdr_power",0.1,0
20260818,6,500,15,3000,3000,3000,3000,"fast","control_informative",0.05,5,0.01,"","separate_mirage","trait2","bfdr_discoveries",0.1,0
20260818,6,500,15,3000,3000,3000,3000,"fast","control_informative",0.05,5,0.01,"","separate_mirage","trait2","bfdr_observed_fdp",0.2,0
20260818,6,500,15,3000,3000,3000,3000,"fast","control_informative",0.05,5,0.01,"","separate_mirage","trait2","bfdr_estimate",0.2,0
20260818,6,500,15,3000,3000,3000,3000,"fast","control_informative",0.05,5,0.01,"","separate_mirage","trait2","bfdr_power",0.2,0
20260818,6,500,15,3000,3000,3000,3000,"fast","control_informative",0.05,5,0.01,"","separate_mirage","trait2","bfdr_discoveries",0.2,0
20260818,6,500,15,3000,3000,3000,3000,"fast","control_informative",0.05,5,0.01,"","separate_mirage","pleiotropy","bfdr_observed_fdp",0.01,0
20260818,6,500,15,3000,3000,3000,3000,"fast","control_informative",0.05,5,0.01,"","separate_mirage","pleiotropy","bfdr_estimate",0.01,0
20260818,6,500,15,3000,3000,3000,3000,"fast","control_informative",0.05,5,0.01,"","separate_mirage","pleiotropy","bfdr_power",0.01,0
20260818,6,500,15,3000,3000,3000,3000,"fast","control_informative",0.05,5,0.01,"","separate_mirage","pleiotropy","bfdr_discoveries",0.01,0
20260818,6,500,15,3000,3000,3000,3000,"fast","control_informative",0.05,5,0.01,"","separate_mirage","pleiotropy","bfdr_observed_fdp",0.05,0
20260818,6,500,15,3000,3000,3000,3000,"fast","control_informative",0.05,5,0.01,"","separate_mirage","pleiotropy","bfdr_estimate",0.05,0
20260818,6,500,15,3000,3000,3000,3000,"fast","control_informative",0.05,5,0.01,"","separate_mirage","pleiotropy","bfdr_power",0.05,0
20260818,6,500,15,3000,3000,3000,3000,"fast","control_informative",0.05,5,0.01,"","separate_mirage","pleiotropy","bfdr_discoveries",0.05,0
20260818,6,500,15,3000,3000,3000,3000,"fast","control_informative",0.05,5,0.01,"","separate_mirage","pleiotropy","bfdr_observed_fdp",0.1,0
20260818,6,500,15,3000,3000,3000,3000,"fast","control_informative",0.05,5,0.01,"","separate_mirage","pleiotropy","bfdr_estimate",0.1,0
20260818,6,500,15,3000,3000,3000,3000,"fast","control_informative",0.05,5,0.01,"","separate_mirage","pleiotropy","bfdr_power",0.1,0
20260818,6,500,15,3000,3000,3000,3000,"fast","control_informative",0.05,5,0.01,"","separate_mirage","pleiotropy","bfdr_discoveries",0.1,0
20260818,6,500,15,3000,3000,3000,3000,"fast","control_informative",0.05,5,0.01,"","separate_mirage","pleiotropy","bfdr_observed_fdp",0.2,0
20260818,6,500,15,3000,3000,3000,3000,"fast","control_informative",0.05,5,0.01,"","separate_mirage","pleiotropy","bfdr_estimate",0.2,0
20260818,6,500,15,3000,3000,3000,3000,"fast","control_informative",0.05,5,0.01,"","separate_mirage","pleiotropy","bfdr_power",0.2,0
20260818,6,500,15,3000,3000,3000,3000,"fast","control_informative",0.05,5,0.01,"","separate_mirage","pleiotropy","bfdr_discoveries",0.2,0
20260818,6,500,15,3000,3000,3000,3000,"fast","control_informative",0.05,5,0.01,"","separate_mirage","global","runtime_seconds",NA,17.967
20260818,6,500,15,3000,3000,3000,3000,"fast","control_informative",0.05,5,0.01,"","separate_mirage","pleiotropy","pi11_estimate",NA,0.001
20260818,6,500,15,3000,3000,3000,3000,"fast","control_informative",0.05,5,0.01,"","mtada_aggregated","trait1","auc",NA,0.702652631578947
20260818,6,500,15,3000,3000,3000,3000,"fast","control_informative",0.05,5,0.01,"","mtada_aggregated","trait2","auc",NA,0.631224489795918
20260818,6,500,15,3000,3000,3000,3000,"fast","control_informative",0.05,5,0.01,"","mtada_aggregated","pleiotropy","auc",NA,0.635555555555556
20260818,6,500,15,3000,3000,3000,3000,"fast","control_informative",0.05,5,0.01,"","mtada_aggregated","trait1","pp08_power",0.8,0.32
20260818,6,500,15,3000,3000,3000,3000,"fast","control_informative",0.05,5,0.01,"","mtada_aggregated","trait1","pp08_fdp",0.8,0.80952380952381
20260818,6,500,15,3000,3000,3000,3000,"fast","control_informative",0.05,5,0.01,"","mtada_aggregated","trait1","pp08_discoveries",0.8,42
20260818,6,500,15,3000,3000,3000,3000,"fast","control_informative",0.05,5,0.01,"","mtada_aggregated","trait2","pp08_power",0.8,0.2
20260818,6,500,15,3000,3000,3000,3000,"fast","control_informative",0.05,5,0.01,"","mtada_aggregated","trait2","pp08_fdp",0.8,0.959183673469388
20260818,6,500,15,3000,3000,3000,3000,"fast","control_informative",0.05,5,0.01,"","mtada_aggregated","trait2","pp08_discoveries",0.8,49
20260818,6,500,15,3000,3000,3000,3000,"fast","control_informative",0.05,5,0.01,"","mtada_aggregated","pleiotropy","pp08_power",0.8,0
20260818,6,500,15,3000,3000,3000,3000,"fast","control_informative",0.05,5,0.01,"","mtada_aggregated","pleiotropy","pp08_fdp",0.8,1
20260818,6,500,15,3000,3000,3000,3000,"fast","control_informative",0.05,5,0.01,"","mtada_aggregated","pleiotropy","pp08_discoveries",0.8,8
20260818,6,500,15,3000,3000,3000,3000,"fast","control_informative",0.05,5,0.01,"","mtada_aggregated","trait1","bfdr_observed_fdp",0.01,0.794871794871795
20260818,6,500,15,3000,3000,3000,3000,"fast","control_informative",0.05,5,0.01,"","mtada_aggregated","trait1","bfdr_estimate",0.01,0.00888371096456606
20260818,6,500,15,3000,3000,3000,3000,"fast","control_informative",0.05,5,0.01,"","mtada_aggregated","trait1","bfdr_power",0.01,0.32
20260818,6,500,15,3000,3000,3000,3000,"fast","control_informative",0.05,5,0.01,"","mtada_aggregated","trait1","bfdr_discoveries",0.01,39
20260818,6,500,15,3000,3000,3000,3000,"fast","control_informative",0.05,5,0.01,"","mtada_aggregated","trait1","bfdr_observed_fdp",0.05,0.826086956521739
20260818,6,500,15,3000,3000,3000,3000,"fast","control_informative",0.05,5,0.01,"","mtada_aggregated","trait1","bfdr_estimate",0.05,0.0459562790758363
20260818,6,500,15,3000,3000,3000,3000,"fast","control_informative",0.05,5,0.01,"","mtada_aggregated","trait1","bfdr_power",0.05,0.32
20260818,6,500,15,3000,3000,3000,3000,"fast","control_informative",0.05,5,0.01,"","mtada_aggregated","trait1","bfdr_discoveries",0.05,46
20260818,6,500,15,3000,3000,3000,3000,"fast","control_informative",0.05,5,0.01,"","mtada_aggregated","trait1","bfdr_observed_fdp",0.1,0.846153846153846
20260818,6,500,15,3000,3000,3000,3000,"fast","control_informative",0.05,5,0.01,"","mtada_aggregated","trait1","bfdr_estimate",0.1,0.0933596417881283
20260818,6,500,15,3000,3000,3000,3000,"fast","control_informative",0.05,5,0.01,"","mtada_aggregated","trait1","bfdr_power",0.1,0.32
20260818,6,500,15,3000,3000,3000,3000,"fast","control_informative",0.05,5,0.01,"","mtada_aggregated","trait1","bfdr_discoveries",0.1,52
20260818,6,500,15,3000,3000,3000,3000,"fast","control_informative",0.05,5,0.01,"","mtada_aggregated","trait1","bfdr_observed_fdp",0.2,0.841269841269841
20260818,6,500,15,3000,3000,3000,3000,"fast","control_informative",0.05,5,0.01,"","mtada_aggregated","trait1","bfdr_estimate",0.2,0.193182155356179
20260818,6,500,15,3000,3000,3000,3000,"fast","control_informative",0.05,5,0.01,"","mtada_aggregated","trait1","bfdr_power",0.2,0.4
20260818,6,500,15,3000,3000,3000,3000,"fast","control_informative",0.05,5,0.01,"","mtada_aggregated","trait1","bfdr_discoveries",0.2,63
20260818,6,500,15,3000,3000,3000,3000,"fast","control_informative",0.05,5,0.01,"","mtada_aggregated","trait2","bfdr_observed_fdp",0.01,0.955555555555556
20260818,6,500,15,3000,3000,3000,3000,"fast","control_informative",0.05,5,0.01,"","mtada_aggregated","trait2","bfdr_estimate",0.01,0.00923820196736795
20260818,6,500,15,3000,3000,3000,3000,"fast","control_informative",0.05,5,0.01,"","mtada_aggregated","trait2","bfdr_power",0.01,0.2
20260818,6,500,15,3000,3000,3000,3000,"fast","control_informative",0.05,5,0.01,"","mtada_aggregated","trait2","bfdr_discoveries",0.01,45
20260818,6,500,15,3000,3000,3000,3000,"fast","control_informative",0.05,5,0.01,"","mtada_aggregated","trait2","bfdr_observed_fdp",0.05,0.962962962962963
20260818,6,500,15,3000,3000,3000,3000,"fast","control_informative",0.05,5,0.01,"","mtada_aggregated","trait2","bfdr_estimate",0.05,0.0479932503605126
20260818,6,500,15,3000,3000,3000,3000,"fast","control_informative",0.05,5,0.01,"","mtada_aggregated","trait2","bfdr_power",0.05,0.2
20260818,6,500,15,3000,3000,3000,3000,"fast","control_informative",0.05,5,0.01,"","mtada_aggregated","trait2","bfdr_discoveries",0.05,54
20260818,6,500,15,3000,3000,3000,3000,"fast","control_informative",0.05,5,0.01,"","mtada_aggregated","trait2","bfdr_observed_fdp",0.1,0.966666666666667
20260818,6,500,15,3000,3000,3000,3000,"fast","control_informative",0.05,5,0.01,"","mtada_aggregated","trait2","bfdr_estimate",0.1,0.0968818546743637
20260818,6,500,15,3000,3000,3000,3000,"fast","control_informative",0.05,5,0.01,"","mtada_aggregated","trait2","bfdr_power",0.1,0.2
20260818,6,500,15,3000,3000,3000,3000,"fast","control_informative",0.05,5,0.01,"","mtada_aggregated","trait2","bfdr_discoveries",0.1,60
20260818,6,500,15,3000,3000,3000,3000,"fast","control_informative",0.05,5,0.01,"","mtada_aggregated","trait2","bfdr_observed_fdp",0.2,0.971428571428571
20260818,6,500,15,3000,3000,3000,3000,"fast","control_informative",0.05,5,0.01,"","mtada_aggregated","trait2","bfdr_estimate",0.2,0.193068937625099
20260818,6,500,15,3000,3000,3000,3000,"fast","control_informative",0.05,5,0.01,"","mtada_aggregated","trait2","bfdr_power",0.2,0.2
20260818,6,500,15,3000,3000,3000,3000,"fast","control_informative",0.05,5,0.01,"","mtada_aggregated","trait2","bfdr_discoveries",0.2,70
20260818,6,500,15,3000,3000,3000,3000,"fast","control_informative",0.05,5,0.01,"","mtada_aggregated","pleiotropy","bfdr_observed_fdp",0.01,1
20260818,6,500,15,3000,3000,3000,3000,"fast","control_informative",0.05,5,0.01,"","mtada_aggregated","pleiotropy","bfdr_estimate",0.01,0.00512617255407724
20260818,6,500,15,3000,3000,3000,3000,"fast","control_informative",0.05,5,0.01,"","mtada_aggregated","pleiotropy","bfdr_power",0.01,0
20260818,6,500,15,3000,3000,3000,3000,"fast","control_informative",0.05,5,0.01,"","mtada_aggregated","pleiotropy","bfdr_discoveries",0.01,4
20260818,6,500,15,3000,3000,3000,3000,"fast","control_informative",0.05,5,0.01,"","mtada_aggregated","pleiotropy","bfdr_observed_fdp",0.05,1
20260818,6,500,15,3000,3000,3000,3000,"fast","control_informative",0.05,5,0.01,"","mtada_aggregated","pleiotropy","bfdr_estimate",0.05,0.035849449202196
20260818,6,500,15,3000,3000,3000,3000,"fast","control_informative",0.05,5,0.01,"","mtada_aggregated","pleiotropy","bfdr_power",0.05,0
20260818,6,500,15,3000,3000,3000,3000,"fast","control_informative",0.05,5,0.01,"","mtada_aggregated","pleiotropy","bfdr_discoveries",0.05,8
20260818,6,500,15,3000,3000,3000,3000,"fast","control_informative",0.05,5,0.01,"","mtada_aggregated","pleiotropy","bfdr_observed_fdp",0.1,1
20260818,6,500,15,3000,3000,3000,3000,"fast","control_informative",0.05,5,0.01,"","mtada_aggregated","pleiotropy","bfdr_estimate",0.1,0.0820457054453157
20260818,6,500,15,3000,3000,3000,3000,"fast","control_informative",0.05,5,0.01,"","mtada_aggregated","pleiotropy","bfdr_power",0.1,0
20260818,6,500,15,3000,3000,3000,3000,"fast","control_informative",0.05,5,0.01,"","mtada_aggregated","pleiotropy","bfdr_discoveries",0.1,9
20260818,6,500,15,3000,3000,3000,3000,"fast","control_informative",0.05,5,0.01,"","mtada_aggregated","pleiotropy","bfdr_observed_fdp",0.2,1
20260818,6,500,15,3000,3000,3000,3000,"fast","control_informative",0.05,5,0.01,"","mtada_aggregated","pleiotropy","bfdr_estimate",0.2,0.178532384887955
20260818,6,500,15,3000,3000,3000,3000,"fast","control_informative",0.05,5,0.01,"","mtada_aggregated","pleiotropy","bfdr_power",0.2,0
20260818,6,500,15,3000,3000,3000,3000,"fast","control_informative",0.05,5,0.01,"","mtada_aggregated","pleiotropy","bfdr_discoveries",0.2,11
20260818,6,500,15,3000,3000,3000,3000,"fast","control_informative",0.05,5,0.01,"","mtada_aggregated","global","runtime_seconds",NA,0.866000000000014
20260818,6,500,15,3000,3000,3000,3000,"fast","control_informative",0.05,5,0.01,"","mtada_aggregated","pleiotropy","pi11_estimate",NA,0.00316585
20260819,7,500,15,3000,3000,3000,3000,"fast","control_informative",0.05,5,0.01,"","mirage_joint","trait1","auc",NA,0.660968421052632
20260819,7,500,15,3000,3000,3000,3000,"fast","control_informative",0.05,5,0.01,"","mirage_joint","trait2","auc",NA,0.691632653061224
20260819,7,500,15,3000,3000,3000,3000,"fast","control_informative",0.05,5,0.01,"","mirage_joint","pleiotropy","auc",NA,0.796767676767677
20260819,7,500,15,3000,3000,3000,3000,"fast","control_informative",0.05,5,0.01,"","mirage_joint","trait1","pp08_power",0.8,0.12
20260819,7,500,15,3000,3000,3000,3000,"fast","control_informative",0.05,5,0.01,"","mirage_joint","trait1","pp08_fdp",0.8,0
20260819,7,500,15,3000,3000,3000,3000,"fast","control_informative",0.05,5,0.01,"","mirage_joint","trait1","pp08_discoveries",0.8,3
20260819,7,500,15,3000,3000,3000,3000,"fast","control_informative",0.05,5,0.01,"","mirage_joint","trait2","pp08_power",0.8,0
20260819,7,500,15,3000,3000,3000,3000,"fast","control_informative",0.05,5,0.01,"","mirage_joint","trait2","pp08_fdp",0.8,0
20260819,7,500,15,3000,3000,3000,3000,"fast","control_informative",0.05,5,0.01,"","mirage_joint","trait2","pp08_discoveries",0.8,0
20260819,7,500,15,3000,3000,3000,3000,"fast","control_informative",0.05,5,0.01,"","mirage_joint","pleiotropy","pp08_power",0.8,0
20260819,7,500,15,3000,3000,3000,3000,"fast","control_informative",0.05,5,0.01,"","mirage_joint","pleiotropy","pp08_fdp",0.8,0
20260819,7,500,15,3000,3000,3000,3000,"fast","control_informative",0.05,5,0.01,"","mirage_joint","pleiotropy","pp08_discoveries",0.8,0
20260819,7,500,15,3000,3000,3000,3000,"fast","control_informative",0.05,5,0.01,"","mirage_joint","trait1","bfdr_observed_fdp",0.01,0
20260819,7,500,15,3000,3000,3000,3000,"fast","control_informative",0.05,5,0.01,"","mirage_joint","trait1","bfdr_estimate",0.01,0.000180162943798357
20260819,7,500,15,3000,3000,3000,3000,"fast","control_informative",0.05,5,0.01,"","mirage_joint","trait1","bfdr_power",0.01,0.08
20260819,7,500,15,3000,3000,3000,3000,"fast","control_informative",0.05,5,0.01,"","mirage_joint","trait1","bfdr_discoveries",0.01,2
20260819,7,500,15,3000,3000,3000,3000,"fast","control_informative",0.05,5,0.01,"","mirage_joint","trait1","bfdr_observed_fdp",0.05,0
20260819,7,500,15,3000,3000,3000,3000,"fast","control_informative",0.05,5,0.01,"","mirage_joint","trait1","bfdr_estimate",0.05,0.0179774084246184
20260819,7,500,15,3000,3000,3000,3000,"fast","control_informative",0.05,5,0.01,"","mirage_joint","trait1","bfdr_power",0.05,0.12
20260819,7,500,15,3000,3000,3000,3000,"fast","control_informative",0.05,5,0.01,"","mirage_joint","trait1","bfdr_discoveries",0.05,3
20260819,7,500,15,3000,3000,3000,3000,"fast","control_informative",0.05,5,0.01,"","mirage_joint","trait1","bfdr_observed_fdp",0.1,0
20260819,7,500,15,3000,3000,3000,3000,"fast","control_informative",0.05,5,0.01,"","mirage_joint","trait1","bfdr_estimate",0.1,0.086668040084678
20260819,7,500,15,3000,3000,3000,3000,"fast","control_informative",0.05,5,0.01,"","mirage_joint","trait1","bfdr_power",0.1,0.16
20260819,7,500,15,3000,3000,3000,3000,"fast","control_informative",0.05,5,0.01,"","mirage_joint","trait1","bfdr_discoveries",0.1,4
20260819,7,500,15,3000,3000,3000,3000,"fast","control_informative",0.05,5,0.01,"","mirage_joint","trait1","bfdr_observed_fdp",0.2,0.2
20260819,7,500,15,3000,3000,3000,3000,"fast","control_informative",0.05,5,0.01,"","mirage_joint","trait1","bfdr_estimate",0.2,0.167830827942909
20260819,7,500,15,3000,3000,3000,3000,"fast","control_informative",0.05,5,0.01,"","mirage_joint","trait1","bfdr_power",0.2,0.16
20260819,7,500,15,3000,3000,3000,3000,"fast","control_informative",0.05,5,0.01,"","mirage_joint","trait1","bfdr_discoveries",0.2,5
20260819,7,500,15,3000,3000,3000,3000,"fast","control_informative",0.05,5,0.01,"","mirage_joint","trait2","bfdr_observed_fdp",0.01,0
20260819,7,500,15,3000,3000,3000,3000,"fast","control_informative",0.05,5,0.01,"","mirage_joint","trait2","bfdr_estimate",0.01,0
20260819,7,500,15,3000,3000,3000,3000,"fast","control_informative",0.05,5,0.01,"","mirage_joint","trait2","bfdr_power",0.01,0
20260819,7,500,15,3000,3000,3000,3000,"fast","control_informative",0.05,5,0.01,"","mirage_joint","trait2","bfdr_discoveries",0.01,0
20260819,7,500,15,3000,3000,3000,3000,"fast","control_informative",0.05,5,0.01,"","mirage_joint","trait2","bfdr_observed_fdp",0.05,0
20260819,7,500,15,3000,3000,3000,3000,"fast","control_informative",0.05,5,0.01,"","mirage_joint","trait2","bfdr_estimate",0.05,0
20260819,7,500,15,3000,3000,3000,3000,"fast","control_informative",0.05,5,0.01,"","mirage_joint","trait2","bfdr_power",0.05,0
20260819,7,500,15,3000,3000,3000,3000,"fast","control_informative",0.05,5,0.01,"","mirage_joint","trait2","bfdr_discoveries",0.05,0
20260819,7,500,15,3000,3000,3000,3000,"fast","control_informative",0.05,5,0.01,"","mirage_joint","trait2","bfdr_observed_fdp",0.1,0
20260819,7,500,15,3000,3000,3000,3000,"fast","control_informative",0.05,5,0.01,"","mirage_joint","trait2","bfdr_estimate",0.1,0
20260819,7,500,15,3000,3000,3000,3000,"fast","control_informative",0.05,5,0.01,"","mirage_joint","trait2","bfdr_power",0.1,0
20260819,7,500,15,3000,3000,3000,3000,"fast","control_informative",0.05,5,0.01,"","mirage_joint","trait2","bfdr_discoveries",0.1,0
20260819,7,500,15,3000,3000,3000,3000,"fast","control_informative",0.05,5,0.01,"","mirage_joint","trait2","bfdr_observed_fdp",0.2,0
20260819,7,500,15,3000,3000,3000,3000,"fast","control_informative",0.05,5,0.01,"","mirage_joint","trait2","bfdr_estimate",0.2,0
20260819,7,500,15,3000,3000,3000,3000,"fast","control_informative",0.05,5,0.01,"","mirage_joint","trait2","bfdr_power",0.2,0
20260819,7,500,15,3000,3000,3000,3000,"fast","control_informative",0.05,5,0.01,"","mirage_joint","trait2","bfdr_discoveries",0.2,0
20260819,7,500,15,3000,3000,3000,3000,"fast","control_informative",0.05,5,0.01,"","mirage_joint","pleiotropy","bfdr_observed_fdp",0.01,0
20260819,7,500,15,3000,3000,3000,3000,"fast","control_informative",0.05,5,0.01,"","mirage_joint","pleiotropy","bfdr_estimate",0.01,0
20260819,7,500,15,3000,3000,3000,3000,"fast","control_informative",0.05,5,0.01,"","mirage_joint","pleiotropy","bfdr_power",0.01,0
20260819,7,500,15,3000,3000,3000,3000,"fast","control_informative",0.05,5,0.01,"","mirage_joint","pleiotropy","bfdr_discoveries",0.01,0
20260819,7,500,15,3000,3000,3000,3000,"fast","control_informative",0.05,5,0.01,"","mirage_joint","pleiotropy","bfdr_observed_fdp",0.05,0
20260819,7,500,15,3000,3000,3000,3000,"fast","control_informative",0.05,5,0.01,"","mirage_joint","pleiotropy","bfdr_estimate",0.05,0
20260819,7,500,15,3000,3000,3000,3000,"fast","control_informative",0.05,5,0.01,"","mirage_joint","pleiotropy","bfdr_power",0.05,0
20260819,7,500,15,3000,3000,3000,3000,"fast","control_informative",0.05,5,0.01,"","mirage_joint","pleiotropy","bfdr_discoveries",0.05,0
20260819,7,500,15,3000,3000,3000,3000,"fast","control_informative",0.05,5,0.01,"","mirage_joint","pleiotropy","bfdr_observed_fdp",0.1,0
20260819,7,500,15,3000,3000,3000,3000,"fast","control_informative",0.05,5,0.01,"","mirage_joint","pleiotropy","bfdr_estimate",0.1,0
20260819,7,500,15,3000,3000,3000,3000,"fast","control_informative",0.05,5,0.01,"","mirage_joint","pleiotropy","bfdr_power",0.1,0
20260819,7,500,15,3000,3000,3000,3000,"fast","control_informative",0.05,5,0.01,"","mirage_joint","pleiotropy","bfdr_discoveries",0.1,0
20260819,7,500,15,3000,3000,3000,3000,"fast","control_informative",0.05,5,0.01,"","mirage_joint","pleiotropy","bfdr_observed_fdp",0.2,0
20260819,7,500,15,3000,3000,3000,3000,"fast","control_informative",0.05,5,0.01,"","mirage_joint","pleiotropy","bfdr_estimate",0.2,0
20260819,7,500,15,3000,3000,3000,3000,"fast","control_informative",0.05,5,0.01,"","mirage_joint","pleiotropy","bfdr_power",0.2,0
20260819,7,500,15,3000,3000,3000,3000,"fast","control_informative",0.05,5,0.01,"","mirage_joint","pleiotropy","bfdr_discoveries",0.2,0
20260819,7,500,15,3000,3000,3000,3000,"fast","control_informative",0.05,5,0.01,"","mirage_joint","global","runtime_seconds",NA,17.995
20260819,7,500,15,3000,3000,3000,3000,"fast","control_informative",0.05,5,0.01,"","mirage_joint","pleiotropy","pi11_estimate",NA,0.0128261569524945
20260819,7,500,15,3000,3000,3000,3000,"fast","control_informative",0.05,5,0.01,"","separate_mirage","trait1","auc",NA,0.654315789473684
20260819,7,500,15,3000,3000,3000,3000,"fast","control_informative",0.05,5,0.01,"","separate_mirage","trait2","auc",NA,0.654285714285714
20260819,7,500,15,3000,3000,3000,3000,"fast","control_informative",0.05,5,0.01,"","separate_mirage","pleiotropy","auc",NA,0.821818181818182
20260819,7,500,15,3000,3000,3000,3000,"fast","control_informative",0.05,5,0.01,"","separate_mirage","trait1","pp08_power",0.8,0.12
20260819,7,500,15,3000,3000,3000,3000,"fast","control_informative",0.05,5,0.01,"","separate_mirage","trait1","pp08_fdp",0.8,0
20260819,7,500,15,3000,3000,3000,3000,"fast","control_informative",0.05,5,0.01,"","separate_mirage","trait1","pp08_discoveries",0.8,3
20260819,7,500,15,3000,3000,3000,3000,"fast","control_informative",0.05,5,0.01,"","separate_mirage","trait2","pp08_power",0.8,0
20260819,7,500,15,3000,3000,3000,3000,"fast","control_informative",0.05,5,0.01,"","separate_mirage","trait2","pp08_fdp",0.8,0
20260819,7,500,15,3000,3000,3000,3000,"fast","control_informative",0.05,5,0.01,"","separate_mirage","trait2","pp08_discoveries",0.8,0
20260819,7,500,15,3000,3000,3000,3000,"fast","control_informative",0.05,5,0.01,"","separate_mirage","pleiotropy","pp08_power",0.8,0
20260819,7,500,15,3000,3000,3000,3000,"fast","control_informative",0.05,5,0.01,"","separate_mirage","pleiotropy","pp08_fdp",0.8,0
20260819,7,500,15,3000,3000,3000,3000,"fast","control_informative",0.05,5,0.01,"","separate_mirage","pleiotropy","pp08_discoveries",0.8,0
20260819,7,500,15,3000,3000,3000,3000,"fast","control_informative",0.05,5,0.01,"","separate_mirage","trait1","bfdr_observed_fdp",0.01,0
20260819,7,500,15,3000,3000,3000,3000,"fast","control_informative",0.05,5,0.01,"","separate_mirage","trait1","bfdr_estimate",0.01,0.000284670565490308
20260819,7,500,15,3000,3000,3000,3000,"fast","control_informative",0.05,5,0.01,"","separate_mirage","trait1","bfdr_power",0.01,0.08
20260819,7,500,15,3000,3000,3000,3000,"fast","control_informative",0.05,5,0.01,"","separate_mirage","trait1","bfdr_discoveries",0.01,2
20260819,7,500,15,3000,3000,3000,3000,"fast","control_informative",0.05,5,0.01,"","separate_mirage","trait1","bfdr_observed_fdp",0.05,0
20260819,7,500,15,3000,3000,3000,3000,"fast","control_informative",0.05,5,0.01,"","separate_mirage","trait1","bfdr_estimate",0.05,0.0357088259592856
20260819,7,500,15,3000,3000,3000,3000,"fast","control_informative",0.05,5,0.01,"","separate_mirage","trait1","bfdr_power",0.05,0.12
20260819,7,500,15,3000,3000,3000,3000,"fast","control_informative",0.05,5,0.01,"","separate_mirage","trait1","bfdr_discoveries",0.05,3
20260819,7,500,15,3000,3000,3000,3000,"fast","control_informative",0.05,5,0.01,"","separate_mirage","trait1","bfdr_observed_fdp",0.1,0
20260819,7,500,15,3000,3000,3000,3000,"fast","control_informative",0.05,5,0.01,"","separate_mirage","trait1","bfdr_estimate",0.1,0.0357088259592856
20260819,7,500,15,3000,3000,3000,3000,"fast","control_informative",0.05,5,0.01,"","separate_mirage","trait1","bfdr_power",0.1,0.12
20260819,7,500,15,3000,3000,3000,3000,"fast","control_informative",0.05,5,0.01,"","separate_mirage","trait1","bfdr_discoveries",0.1,3
20260819,7,500,15,3000,3000,3000,3000,"fast","control_informative",0.05,5,0.01,"","separate_mirage","trait1","bfdr_observed_fdp",0.2,0
20260819,7,500,15,3000,3000,3000,3000,"fast","control_informative",0.05,5,0.01,"","separate_mirage","trait1","bfdr_estimate",0.2,0.140684089655945
20260819,7,500,15,3000,3000,3000,3000,"fast","control_informative",0.05,5,0.01,"","separate_mirage","trait1","bfdr_power",0.2,0.16
20260819,7,500,15,3000,3000,3000,3000,"fast","control_informative",0.05,5,0.01,"","separate_mirage","trait1","bfdr_discoveries",0.2,4
20260819,7,500,15,3000,3000,3000,3000,"fast","control_informative",0.05,5,0.01,"","separate_mirage","trait2","bfdr_observed_fdp",0.01,0
20260819,7,500,15,3000,3000,3000,3000,"fast","control_informative",0.05,5,0.01,"","separate_mirage","trait2","bfdr_estimate",0.01,0
20260819,7,500,15,3000,3000,3000,3000,"fast","control_informative",0.05,5,0.01,"","separate_mirage","trait2","bfdr_power",0.01,0
20260819,7,500,15,3000,3000,3000,3000,"fast","control_informative",0.05,5,0.01,"","separate_mirage","trait2","bfdr_discoveries",0.01,0
20260819,7,500,15,3000,3000,3000,3000,"fast","control_informative",0.05,5,0.01,"","separate_mirage","trait2","bfdr_observed_fdp",0.05,0
20260819,7,500,15,3000,3000,3000,3000,"fast","control_informative",0.05,5,0.01,"","separate_mirage","trait2","bfdr_estimate",0.05,0
20260819,7,500,15,3000,3000,3000,3000,"fast","control_informative",0.05,5,0.01,"","separate_mirage","trait2","bfdr_power",0.05,0
20260819,7,500,15,3000,3000,3000,3000,"fast","control_informative",0.05,5,0.01,"","separate_mirage","trait2","bfdr_discoveries",0.05,0
20260819,7,500,15,3000,3000,3000,3000,"fast","control_informative",0.05,5,0.01,"","separate_mirage","trait2","bfdr_observed_fdp",0.1,0
20260819,7,500,15,3000,3000,3000,3000,"fast","control_informative",0.05,5,0.01,"","separate_mirage","trait2","bfdr_estimate",0.1,0
20260819,7,500,15,3000,3000,3000,3000,"fast","control_informative",0.05,5,0.01,"","separate_mirage","trait2","bfdr_power",0.1,0
20260819,7,500,15,3000,3000,3000,3000,"fast","control_informative",0.05,5,0.01,"","separate_mirage","trait2","bfdr_discoveries",0.1,0
20260819,7,500,15,3000,3000,3000,3000,"fast","control_informative",0.05,5,0.01,"","separate_mirage","trait2","bfdr_observed_fdp",0.2,0
20260819,7,500,15,3000,3000,3000,3000,"fast","control_informative",0.05,5,0.01,"","separate_mirage","trait2","bfdr_estimate",0.2,0
20260819,7,500,15,3000,3000,3000,3000,"fast","control_informative",0.05,5,0.01,"","separate_mirage","trait2","bfdr_power",0.2,0
20260819,7,500,15,3000,3000,3000,3000,"fast","control_informative",0.05,5,0.01,"","separate_mirage","trait2","bfdr_discoveries",0.2,0
20260819,7,500,15,3000,3000,3000,3000,"fast","control_informative",0.05,5,0.01,"","separate_mirage","pleiotropy","bfdr_observed_fdp",0.01,0
20260819,7,500,15,3000,3000,3000,3000,"fast","control_informative",0.05,5,0.01,"","separate_mirage","pleiotropy","bfdr_estimate",0.01,0
20260819,7,500,15,3000,3000,3000,3000,"fast","control_informative",0.05,5,0.01,"","separate_mirage","pleiotropy","bfdr_power",0.01,0
20260819,7,500,15,3000,3000,3000,3000,"fast","control_informative",0.05,5,0.01,"","separate_mirage","pleiotropy","bfdr_discoveries",0.01,0
20260819,7,500,15,3000,3000,3000,3000,"fast","control_informative",0.05,5,0.01,"","separate_mirage","pleiotropy","bfdr_observed_fdp",0.05,0
20260819,7,500,15,3000,3000,3000,3000,"fast","control_informative",0.05,5,0.01,"","separate_mirage","pleiotropy","bfdr_estimate",0.05,0
20260819,7,500,15,3000,3000,3000,3000,"fast","control_informative",0.05,5,0.01,"","separate_mirage","pleiotropy","bfdr_power",0.05,0
20260819,7,500,15,3000,3000,3000,3000,"fast","control_informative",0.05,5,0.01,"","separate_mirage","pleiotropy","bfdr_discoveries",0.05,0
20260819,7,500,15,3000,3000,3000,3000,"fast","control_informative",0.05,5,0.01,"","separate_mirage","pleiotropy","bfdr_observed_fdp",0.1,0
20260819,7,500,15,3000,3000,3000,3000,"fast","control_informative",0.05,5,0.01,"","separate_mirage","pleiotropy","bfdr_estimate",0.1,0
20260819,7,500,15,3000,3000,3000,3000,"fast","control_informative",0.05,5,0.01,"","separate_mirage","pleiotropy","bfdr_power",0.1,0
20260819,7,500,15,3000,3000,3000,3000,"fast","control_informative",0.05,5,0.01,"","separate_mirage","pleiotropy","bfdr_discoveries",0.1,0
20260819,7,500,15,3000,3000,3000,3000,"fast","control_informative",0.05,5,0.01,"","separate_mirage","pleiotropy","bfdr_observed_fdp",0.2,0
20260819,7,500,15,3000,3000,3000,3000,"fast","control_informative",0.05,5,0.01,"","separate_mirage","pleiotropy","bfdr_estimate",0.2,0
20260819,7,500,15,3000,3000,3000,3000,"fast","control_informative",0.05,5,0.01,"","separate_mirage","pleiotropy","bfdr_power",0.2,0
20260819,7,500,15,3000,3000,3000,3000,"fast","control_informative",0.05,5,0.01,"","separate_mirage","pleiotropy","bfdr_discoveries",0.2,0
20260819,7,500,15,3000,3000,3000,3000,"fast","control_informative",0.05,5,0.01,"","separate_mirage","global","runtime_seconds",NA,17.997
20260819,7,500,15,3000,3000,3000,3000,"fast","control_informative",0.05,5,0.01,"","separate_mirage","pleiotropy","pi11_estimate",NA,0.001
20260819,7,500,15,3000,3000,3000,3000,"fast","control_informative",0.05,5,0.01,"","mtada_aggregated","trait1","auc",NA,0.724884210526316
20260819,7,500,15,3000,3000,3000,3000,"fast","control_informative",0.05,5,0.01,"","mtada_aggregated","trait2","auc",NA,0.535918367346939
20260819,7,500,15,3000,3000,3000,3000,"fast","control_informative",0.05,5,0.01,"","mtada_aggregated","pleiotropy","auc",NA,0.774545454545455
20260819,7,500,15,3000,3000,3000,3000,"fast","control_informative",0.05,5,0.01,"","mtada_aggregated","trait1","pp08_power",0.8,0.44
20260819,7,500,15,3000,3000,3000,3000,"fast","control_informative",0.05,5,0.01,"","mtada_aggregated","trait1","pp08_fdp",0.8,0.75
20260819,7,500,15,3000,3000,3000,3000,"fast","control_informative",0.05,5,0.01,"","mtada_aggregated","trait1","pp08_discoveries",0.8,44
20260819,7,500,15,3000,3000,3000,3000,"fast","control_informative",0.05,5,0.01,"","mtada_aggregated","trait2","pp08_power",0.8,0
20260819,7,500,15,3000,3000,3000,3000,"fast","control_informative",0.05,5,0.01,"","mtada_aggregated","trait2","pp08_fdp",0.8,1
20260819,7,500,15,3000,3000,3000,3000,"fast","control_informative",0.05,5,0.01,"","mtada_aggregated","trait2","pp08_discoveries",0.8,38
20260819,7,500,15,3000,3000,3000,3000,"fast","control_informative",0.05,5,0.01,"","mtada_aggregated","pleiotropy","pp08_power",0.8,0
20260819,7,500,15,3000,3000,3000,3000,"fast","control_informative",0.05,5,0.01,"","mtada_aggregated","pleiotropy","pp08_fdp",0.8,1
20260819,7,500,15,3000,3000,3000,3000,"fast","control_informative",0.05,5,0.01,"","mtada_aggregated","pleiotropy","pp08_discoveries",0.8,5
20260819,7,500,15,3000,3000,3000,3000,"fast","control_informative",0.05,5,0.01,"","mtada_aggregated","trait1","bfdr_observed_fdp",0.01,0.763157894736842
20260819,7,500,15,3000,3000,3000,3000,"fast","control_informative",0.05,5,0.01,"","mtada_aggregated","trait1","bfdr_estimate",0.01,0.009517259261821
20260819,7,500,15,3000,3000,3000,3000,"fast","control_informative",0.05,5,0.01,"","mtada_aggregated","trait1","bfdr_power",0.01,0.36
20260819,7,500,15,3000,3000,3000,3000,"fast","control_informative",0.05,5,0.01,"","mtada_aggregated","trait1","bfdr_discoveries",0.01,38
20260819,7,500,15,3000,3000,3000,3000,"fast","control_informative",0.05,5,0.01,"","mtada_aggregated","trait1","bfdr_observed_fdp",0.05,0.775510204081633
20260819,7,500,15,3000,3000,3000,3000,"fast","control_informative",0.05,5,0.01,"","mtada_aggregated","trait1","bfdr_estimate",0.05,0.0482353153846877
20260819,7,500,15,3000,3000,3000,3000,"fast","control_informative",0.05,5,0.01,"","mtada_aggregated","trait1","bfdr_power",0.05,0.44
20260819,7,500,15,3000,3000,3000,3000,"fast","control_informative",0.05,5,0.01,"","mtada_aggregated","trait1","bfdr_discoveries",0.05,49
20260819,7,500,15,3000,3000,3000,3000,"fast","control_informative",0.05,5,0.01,"","mtada_aggregated","trait1","bfdr_observed_fdp",0.1,0.810344827586207
20260819,7,500,15,3000,3000,3000,3000,"fast","control_informative",0.05,5,0.01,"","mtada_aggregated","trait1","bfdr_estimate",0.1,0.0957448093265798
20260819,7,500,15,3000,3000,3000,3000,"fast","control_informative",0.05,5,0.01,"","mtada_aggregated","trait1","bfdr_power",0.1,0.44
20260819,7,500,15,3000,3000,3000,3000,"fast","control_informative",0.05,5,0.01,"","mtada_aggregated","trait1","bfdr_discoveries",0.1,58
20260819,7,500,15,3000,3000,3000,3000,"fast","control_informative",0.05,5,0.01,"","mtada_aggregated","trait1","bfdr_observed_fdp",0.2,0.849315068493151
20260819,7,500,15,3000,3000,3000,3000,"fast","control_informative",0.05,5,0.01,"","mtada_aggregated","trait1","bfdr_estimate",0.2,0.194325719502196
20260819,7,500,15,3000,3000,3000,3000,"fast","control_informative",0.05,5,0.01,"","mtada_aggregated","trait1","bfdr_power",0.2,0.44
20260819,7,500,15,3000,3000,3000,3000,"fast","control_informative",0.05,5,0.01,"","mtada_aggregated","trait1","bfdr_discoveries",0.2,73
20260819,7,500,15,3000,3000,3000,3000,"fast","control_informative",0.05,5,0.01,"","mtada_aggregated","trait2","bfdr_observed_fdp",0.01,1
20260819,7,500,15,3000,3000,3000,3000,"fast","control_informative",0.05,5,0.01,"","mtada_aggregated","trait2","bfdr_estimate",0.01,0.0087189755212888
20260819,7,500,15,3000,3000,3000,3000,"fast","control_informative",0.05,5,0.01,"","mtada_aggregated","trait2","bfdr_power",0.01,0
20260819,7,500,15,3000,3000,3000,3000,"fast","control_informative",0.05,5,0.01,"","mtada_aggregated","trait2","bfdr_discoveries",0.01,28
20260819,7,500,15,3000,3000,3000,3000,"fast","control_informative",0.05,5,0.01,"","mtada_aggregated","trait2","bfdr_observed_fdp",0.05,1
20260819,7,500,15,3000,3000,3000,3000,"fast","control_informative",0.05,5,0.01,"","mtada_aggregated","trait2","bfdr_estimate",0.05,0.0464291876252666
20260819,7,500,15,3000,3000,3000,3000,"fast","control_informative",0.05,5,0.01,"","mtada_aggregated","trait2","bfdr_power",0.05,0
20260819,7,500,15,3000,3000,3000,3000,"fast","control_informative",0.05,5,0.01,"","mtada_aggregated","trait2","bfdr_discoveries",0.05,40
20260819,7,500,15,3000,3000,3000,3000,"fast","control_informative",0.05,5,0.01,"","mtada_aggregated","trait2","bfdr_observed_fdp",0.1,1
20260819,7,500,15,3000,3000,3000,3000,"fast","control_informative",0.05,5,0.01,"","mtada_aggregated","trait2","bfdr_estimate",0.1,0.0962126216817294
20260819,7,500,15,3000,3000,3000,3000,"fast","control_informative",0.05,5,0.01,"","mtada_aggregated","trait2","bfdr_power",0.1,0
20260819,7,500,15,3000,3000,3000,3000,"fast","control_informative",0.05,5,0.01,"","mtada_aggregated","trait2","bfdr_discoveries",0.1,47
20260819,7,500,15,3000,3000,3000,3000,"fast","control_informative",0.05,5,0.01,"","mtada_aggregated","trait2","bfdr_observed_fdp",0.2,0.982758620689655
20260819,7,500,15,3000,3000,3000,3000,"fast","control_informative",0.05,5,0.01,"","mtada_aggregated","trait2","bfdr_estimate",0.2,0.19597000073916
20260819,7,500,15,3000,3000,3000,3000,"fast","control_informative",0.05,5,0.01,"","mtada_aggregated","trait2","bfdr_power",0.2,0.1
20260819,7,500,15,3000,3000,3000,3000,"fast","control_informative",0.05,5,0.01,"","mtada_aggregated","trait2","bfdr_discoveries",0.2,58
20260819,7,500,15,3000,3000,3000,3000,"fast","control_informative",0.05,5,0.01,"","mtada_aggregated","pleiotropy","bfdr_observed_fdp",0.01,1
20260819,7,500,15,3000,3000,3000,3000,"fast","control_informative",0.05,5,0.01,"","mtada_aggregated","pleiotropy","bfdr_estimate",0.01,0.000139889339911048
20260819,7,500,15,3000,3000,3000,3000,"fast","control_informative",0.05,5,0.01,"","mtada_aggregated","pleiotropy","bfdr_power",0.01,0
20260819,7,500,15,3000,3000,3000,3000,"fast","control_informative",0.05,5,0.01,"","mtada_aggregated","pleiotropy","bfdr_discoveries",0.01,2
20260819,7,500,15,3000,3000,3000,3000,"fast","control_informative",0.05,5,0.01,"","mtada_aggregated","pleiotropy","bfdr_observed_fdp",0.05,1
20260819,7,500,15,3000,3000,3000,3000,"fast","control_informative",0.05,5,0.01,"","mtada_aggregated","pleiotropy","bfdr_estimate",0.05,0.0382264200306796
20260819,7,500,15,3000,3000,3000,3000,"fast","control_informative",0.05,5,0.01,"","mtada_aggregated","pleiotropy","bfdr_power",0.05,0
20260819,7,500,15,3000,3000,3000,3000,"fast","control_informative",0.05,5,0.01,"","mtada_aggregated","pleiotropy","bfdr_discoveries",0.05,4
20260819,7,500,15,3000,3000,3000,3000,"fast","control_informative",0.05,5,0.01,"","mtada_aggregated","pleiotropy","bfdr_observed_fdp",0.1,1
20260819,7,500,15,3000,3000,3000,3000,"fast","control_informative",0.05,5,0.01,"","mtada_aggregated","pleiotropy","bfdr_estimate",0.1,0.0963595600406389
20260819,7,500,15,3000,3000,3000,3000,"fast","control_informative",0.05,5,0.01,"","mtada_aggregated","pleiotropy","bfdr_power",0.1,0
20260819,7,500,15,3000,3000,3000,3000,"fast","control_informative",0.05,5,0.01,"","mtada_aggregated","pleiotropy","bfdr_discoveries",0.1,6
20260819,7,500,15,3000,3000,3000,3000,"fast","control_informative",0.05,5,0.01,"","mtada_aggregated","pleiotropy","bfdr_observed_fdp",0.2,1
20260819,7,500,15,3000,3000,3000,3000,"fast","control_informative",0.05,5,0.01,"","mtada_aggregated","pleiotropy","bfdr_estimate",0.2,0.198287368356761
20260819,7,500,15,3000,3000,3000,3000,"fast","control_informative",0.05,5,0.01,"","mtada_aggregated","pleiotropy","bfdr_power",0.2,0
20260819,7,500,15,3000,3000,3000,3000,"fast","control_informative",0.05,5,0.01,"","mtada_aggregated","pleiotropy","bfdr_discoveries",0.2,8
20260819,7,500,15,3000,3000,3000,3000,"fast","control_informative",0.05,5,0.01,"","mtada_aggregated","global","runtime_seconds",NA,1.04599999999999
20260819,7,500,15,3000,3000,3000,3000,"fast","control_informative",0.05,5,0.01,"","mtada_aggregated","pleiotropy","pi11_estimate",NA,0.00229801
20260820,8,500,15,3000,3000,3000,3000,"fast","control_informative",0.05,5,0.01,"","mirage_joint","trait1","auc",NA,0.720926315789474
20260820,8,500,15,3000,3000,3000,3000,"fast","control_informative",0.05,5,0.01,"","mirage_joint","trait2","auc",NA,0.776938775510204
20260820,8,500,15,3000,3000,3000,3000,"fast","control_informative",0.05,5,0.01,"","mirage_joint","pleiotropy","auc",NA,0.783030303030303
20260820,8,500,15,3000,3000,3000,3000,"fast","control_informative",0.05,5,0.01,"","mirage_joint","trait1","pp08_power",0.8,0.2
20260820,8,500,15,3000,3000,3000,3000,"fast","control_informative",0.05,5,0.01,"","mirage_joint","trait1","pp08_fdp",0.8,0.166666666666667
20260820,8,500,15,3000,3000,3000,3000,"fast","control_informative",0.05,5,0.01,"","mirage_joint","trait1","pp08_discoveries",0.8,6
20260820,8,500,15,3000,3000,3000,3000,"fast","control_informative",0.05,5,0.01,"","mirage_joint","trait2","pp08_power",0.8,0.2
20260820,8,500,15,3000,3000,3000,3000,"fast","control_informative",0.05,5,0.01,"","mirage_joint","trait2","pp08_fdp",0.8,0.333333333333333
20260820,8,500,15,3000,3000,3000,3000,"fast","control_informative",0.05,5,0.01,"","mirage_joint","trait2","pp08_discoveries",0.8,3
20260820,8,500,15,3000,3000,3000,3000,"fast","control_informative",0.05,5,0.01,"","mirage_joint","pleiotropy","pp08_power",0.8,0.4
20260820,8,500,15,3000,3000,3000,3000,"fast","control_informative",0.05,5,0.01,"","mirage_joint","pleiotropy","pp08_fdp",0.8,0.333333333333333
20260820,8,500,15,3000,3000,3000,3000,"fast","control_informative",0.05,5,0.01,"","mirage_joint","pleiotropy","pp08_discoveries",0.8,3
20260820,8,500,15,3000,3000,3000,3000,"fast","control_informative",0.05,5,0.01,"","mirage_joint","trait1","bfdr_observed_fdp",0.01,0
20260820,8,500,15,3000,3000,3000,3000,"fast","control_informative",0.05,5,0.01,"","mirage_joint","trait1","bfdr_estimate",0.01,0.00267962549034295
20260820,8,500,15,3000,3000,3000,3000,"fast","control_informative",0.05,5,0.01,"","mirage_joint","trait1","bfdr_power",0.01,0.12
20260820,8,500,15,3000,3000,3000,3000,"fast","control_informative",0.05,5,0.01,"","mirage_joint","trait1","bfdr_discoveries",0.01,3
20260820,8,500,15,3000,3000,3000,3000,"fast","control_informative",0.05,5,0.01,"","mirage_joint","trait1","bfdr_observed_fdp",0.05,0
20260820,8,500,15,3000,3000,3000,3000,"fast","control_informative",0.05,5,0.01,"","mirage_joint","trait1","bfdr_estimate",0.05,0.0419872640564287
20260820,8,500,15,3000,3000,3000,3000,"fast","control_informative",0.05,5,0.01,"","mirage_joint","trait1","bfdr_power",0.05,0.2
20260820,8,500,15,3000,3000,3000,3000,"fast","control_informative",0.05,5,0.01,"","mirage_joint","trait1","bfdr_discoveries",0.05,5
20260820,8,500,15,3000,3000,3000,3000,"fast","control_informative",0.05,5,0.01,"","mirage_joint","trait1","bfdr_observed_fdp",0.1,0.285714285714286
20260820,8,500,15,3000,3000,3000,3000,"fast","control_informative",0.05,5,0.01,"","mirage_joint","trait1","bfdr_estimate",0.1,0.0942660163340159
20260820,8,500,15,3000,3000,3000,3000,"fast","control_informative",0.05,5,0.01,"","mirage_joint","trait1","bfdr_power",0.1,0.2
20260820,8,500,15,3000,3000,3000,3000,"fast","control_informative",0.05,5,0.01,"","mirage_joint","trait1","bfdr_discoveries",0.1,7
20260820,8,500,15,3000,3000,3000,3000,"fast","control_informative",0.05,5,0.01,"","mirage_joint","trait1","bfdr_observed_fdp",0.2,0.545454545454545
20260820,8,500,15,3000,3000,3000,3000,"fast","control_informative",0.05,5,0.01,"","mirage_joint","trait1","bfdr_estimate",0.2,0.186112714940511
20260820,8,500,15,3000,3000,3000,3000,"fast","control_informative",0.05,5,0.01,"","mirage_joint","trait1","bfdr_power",0.2,0.2
20260820,8,500,15,3000,3000,3000,3000,"fast","control_informative",0.05,5,0.01,"","mirage_joint","trait1","bfdr_discoveries",0.2,11
20260820,8,500,15,3000,3000,3000,3000,"fast","control_informative",0.05,5,0.01,"","mirage_joint","trait2","bfdr_observed_fdp",0.01,0
20260820,8,500,15,3000,3000,3000,3000,"fast","control_informative",0.05,5,0.01,"","mirage_joint","trait2","bfdr_estimate",0.01,3.90579530495927e-07
20260820,8,500,15,3000,3000,3000,3000,"fast","control_informative",0.05,5,0.01,"","mirage_joint","trait2","bfdr_power",0.01,0.1
20260820,8,500,15,3000,3000,3000,3000,"fast","control_informative",0.05,5,0.01,"","mirage_joint","trait2","bfdr_discoveries",0.01,1
20260820,8,500,15,3000,3000,3000,3000,"fast","control_informative",0.05,5,0.01,"","mirage_joint","trait2","bfdr_observed_fdp",0.05,0
20260820,8,500,15,3000,3000,3000,3000,"fast","control_informative",0.05,5,0.01,"","mirage_joint","trait2","bfdr_estimate",0.05,3.90579530495927e-07
20260820,8,500,15,3000,3000,3000,3000,"fast","control_informative",0.05,5,0.01,"","mirage_joint","trait2","bfdr_power",0.05,0.1
20260820,8,500,15,3000,3000,3000,3000,"fast","control_informative",0.05,5,0.01,"","mirage_joint","trait2","bfdr_discoveries",0.05,1
20260820,8,500,15,3000,3000,3000,3000,"fast","control_informative",0.05,5,0.01,"","mirage_joint","trait2","bfdr_observed_fdp",0.1,0.333333333333333
20260820,8,500,15,3000,3000,3000,3000,"fast","control_informative",0.05,5,0.01,"","mirage_joint","trait2","bfdr_estimate",0.1,0.0961925559436178
20260820,8,500,15,3000,3000,3000,3000,"fast","control_informative",0.05,5,0.01,"","mirage_joint","trait2","bfdr_power",0.1,0.2
20260820,8,500,15,3000,3000,3000,3000,"fast","control_informative",0.05,5,0.01,"","mirage_joint","trait2","bfdr_discoveries",0.1,3
20260820,8,500,15,3000,3000,3000,3000,"fast","control_informative",0.05,5,0.01,"","mirage_joint","trait2","bfdr_observed_fdp",0.2,0.666666666666667
20260820,8,500,15,3000,3000,3000,3000,"fast","control_informative",0.05,5,0.01,"","mirage_joint","trait2","bfdr_estimate",0.2,0.179285733925436
20260820,8,500,15,3000,3000,3000,3000,"fast","control_informative",0.05,5,0.01,"","mirage_joint","trait2","bfdr_power",0.2,0.2
20260820,8,500,15,3000,3000,3000,3000,"fast","control_informative",0.05,5,0.01,"","mirage_joint","trait2","bfdr_discoveries",0.2,6
20260820,8,500,15,3000,3000,3000,3000,"fast","control_informative",0.05,5,0.01,"","mirage_joint","pleiotropy","bfdr_observed_fdp",0.01,0
20260820,8,500,15,3000,3000,3000,3000,"fast","control_informative",0.05,5,0.01,"","mirage_joint","pleiotropy","bfdr_estimate",0.01,2.5756778091468e-06
20260820,8,500,15,3000,3000,3000,3000,"fast","control_informative",0.05,5,0.01,"","mirage_joint","pleiotropy","bfdr_power",0.01,0.2
20260820,8,500,15,3000,3000,3000,3000,"fast","control_informative",0.05,5,0.01,"","mirage_joint","pleiotropy","bfdr_discoveries",0.01,1
20260820,8,500,15,3000,3000,3000,3000,"fast","control_informative",0.05,5,0.01,"","mirage_joint","pleiotropy","bfdr_observed_fdp",0.05,0
20260820,8,500,15,3000,3000,3000,3000,"fast","control_informative",0.05,5,0.01,"","mirage_joint","pleiotropy","bfdr_estimate",0.05,2.5756778091468e-06
20260820,8,500,15,3000,3000,3000,3000,"fast","control_informative",0.05,5,0.01,"","mirage_joint","pleiotropy","bfdr_power",0.05,0.2
20260820,8,500,15,3000,3000,3000,3000,"fast","control_informative",0.05,5,0.01,"","mirage_joint","pleiotropy","bfdr_discoveries",0.05,1
20260820,8,500,15,3000,3000,3000,3000,"fast","control_informative",0.05,5,0.01,"","mirage_joint","pleiotropy","bfdr_observed_fdp",0.1,0.5
20260820,8,500,15,3000,3000,3000,3000,"fast","control_informative",0.05,5,0.01,"","mirage_joint","pleiotropy","bfdr_estimate",0.1,0.0726356124485608
20260820,8,500,15,3000,3000,3000,3000,"fast","control_informative",0.05,5,0.01,"","mirage_joint","pleiotropy","bfdr_power",0.1,0.2
20260820,8,500,15,3000,3000,3000,3000,"fast","control_informative",0.05,5,0.01,"","mirage_joint","pleiotropy","bfdr_discoveries",0.1,2
20260820,8,500,15,3000,3000,3000,3000,"fast","control_informative",0.05,5,0.01,"","mirage_joint","pleiotropy","bfdr_observed_fdp",0.2,0.666666666666667
20260820,8,500,15,3000,3000,3000,3000,"fast","control_informative",0.05,5,0.01,"","mirage_joint","pleiotropy","bfdr_estimate",0.2,0.184643469402947
20260820,8,500,15,3000,3000,3000,3000,"fast","control_informative",0.05,5,0.01,"","mirage_joint","pleiotropy","bfdr_power",0.2,0.4
20260820,8,500,15,3000,3000,3000,3000,"fast","control_informative",0.05,5,0.01,"","mirage_joint","pleiotropy","bfdr_discoveries",0.2,6
20260820,8,500,15,3000,3000,3000,3000,"fast","control_informative",0.05,5,0.01,"","mirage_joint","global","runtime_seconds",NA,17.997
20260820,8,500,15,3000,3000,3000,3000,"fast","control_informative",0.05,5,0.01,"","mirage_joint","pleiotropy","pi11_estimate",NA,0.156473290684251
20260820,8,500,15,3000,3000,3000,3000,"fast","control_informative",0.05,5,0.01,"","separate_mirage","trait1","auc",NA,0.712673684210526
20260820,8,500,15,3000,3000,3000,3000,"fast","control_informative",0.05,5,0.01,"","separate_mirage","trait2","auc",NA,0.827755102040816
20260820,8,500,15,3000,3000,3000,3000,"fast","control_informative",0.05,5,0.01,"","separate_mirage","pleiotropy","auc",NA,0.832727272727273
20260820,8,500,15,3000,3000,3000,3000,"fast","control_informative",0.05,5,0.01,"","separate_mirage","trait1","pp08_power",0.8,0.16
20260820,8,500,15,3000,3000,3000,3000,"fast","control_informative",0.05,5,0.01,"","separate_mirage","trait1","pp08_fdp",0.8,0
20260820,8,500,15,3000,3000,3000,3000,"fast","control_informative",0.05,5,0.01,"","separate_mirage","trait1","pp08_discoveries",0.8,4
20260820,8,500,15,3000,3000,3000,3000,"fast","control_informative",0.05,5,0.01,"","separate_mirage","trait2","pp08_power",0.8,0.1
20260820,8,500,15,3000,3000,3000,3000,"fast","control_informative",0.05,5,0.01,"","separate_mirage","trait2","pp08_fdp",0.8,0
20260820,8,500,15,3000,3000,3000,3000,"fast","control_informative",0.05,5,0.01,"","separate_mirage","trait2","pp08_discoveries",0.8,1
20260820,8,500,15,3000,3000,3000,3000,"fast","control_informative",0.05,5,0.01,"","separate_mirage","pleiotropy","pp08_power",0.8,0.2
20260820,8,500,15,3000,3000,3000,3000,"fast","control_informative",0.05,5,0.01,"","separate_mirage","pleiotropy","pp08_fdp",0.8,0
20260820,8,500,15,3000,3000,3000,3000,"fast","control_informative",0.05,5,0.01,"","separate_mirage","pleiotropy","pp08_discoveries",0.8,1
20260820,8,500,15,3000,3000,3000,3000,"fast","control_informative",0.05,5,0.01,"","separate_mirage","trait1","bfdr_observed_fdp",0.01,0
20260820,8,500,15,3000,3000,3000,3000,"fast","control_informative",0.05,5,0.01,"","separate_mirage","trait1","bfdr_estimate",0.01,0.00230997696031493
20260820,8,500,15,3000,3000,3000,3000,"fast","control_informative",0.05,5,0.01,"","separate_mirage","trait1","bfdr_power",0.01,0.08
20260820,8,500,15,3000,3000,3000,3000,"fast","control_informative",0.05,5,0.01,"","separate_mirage","trait1","bfdr_discoveries",0.01,2
20260820,8,500,15,3000,3000,3000,3000,"fast","control_informative",0.05,5,0.01,"","separate_mirage","trait1","bfdr_observed_fdp",0.05,0
20260820,8,500,15,3000,3000,3000,3000,"fast","control_informative",0.05,5,0.01,"","separate_mirage","trait1","bfdr_estimate",0.05,0.0248973058859477
20260820,8,500,15,3000,3000,3000,3000,"fast","control_informative",0.05,5,0.01,"","separate_mirage","trait1","bfdr_power",0.05,0.16
20260820,8,500,15,3000,3000,3000,3000,"fast","control_informative",0.05,5,0.01,"","separate_mirage","trait1","bfdr_discoveries",0.05,4
20260820,8,500,15,3000,3000,3000,3000,"fast","control_informative",0.05,5,0.01,"","separate_mirage","trait1","bfdr_observed_fdp",0.1,0.2
20260820,8,500,15,3000,3000,3000,3000,"fast","control_informative",0.05,5,0.01,"","separate_mirage","trait1","bfdr_estimate",0.1,0.0865072625868487
20260820,8,500,15,3000,3000,3000,3000,"fast","control_informative",0.05,5,0.01,"","separate_mirage","trait1","bfdr_power",0.1,0.16
20260820,8,500,15,3000,3000,3000,3000,"fast","control_informative",0.05,5,0.01,"","separate_mirage","trait1","bfdr_discoveries",0.1,5
20260820,8,500,15,3000,3000,3000,3000,"fast","control_informative",0.05,5,0.01,"","separate_mirage","trait1","bfdr_observed_fdp",0.2,0.333333333333333
20260820,8,500,15,3000,3000,3000,3000,"fast","control_informative",0.05,5,0.01,"","separate_mirage","trait1","bfdr_estimate",0.2,0.171441036244064
20260820,8,500,15,3000,3000,3000,3000,"fast","control_informative",0.05,5,0.01,"","separate_mirage","trait1","bfdr_power",0.2,0.16
20260820,8,500,15,3000,3000,3000,3000,"fast","control_informative",0.05,5,0.01,"","separate_mirage","trait1","bfdr_discoveries",0.2,6
20260820,8,500,15,3000,3000,3000,3000,"fast","control_informative",0.05,5,0.01,"","separate_mirage","trait2","bfdr_observed_fdp",0.01,0
20260820,8,500,15,3000,3000,3000,3000,"fast","control_informative",0.05,5,0.01,"","separate_mirage","trait2","bfdr_estimate",0.01,3.84569101335996e-05
20260820,8,500,15,3000,3000,3000,3000,"fast","control_informative",0.05,5,0.01,"","separate_mirage","trait2","bfdr_power",0.01,0.1
20260820,8,500,15,3000,3000,3000,3000,"fast","control_informative",0.05,5,0.01,"","separate_mirage","trait2","bfdr_discoveries",0.01,1
20260820,8,500,15,3000,3000,3000,3000,"fast","control_informative",0.05,5,0.01,"","separate_mirage","trait2","bfdr_observed_fdp",0.05,0
20260820,8,500,15,3000,3000,3000,3000,"fast","control_informative",0.05,5,0.01,"","separate_mirage","trait2","bfdr_estimate",0.05,3.84569101335996e-05
20260820,8,500,15,3000,3000,3000,3000,"fast","control_informative",0.05,5,0.01,"","separate_mirage","trait2","bfdr_power",0.05,0.1
20260820,8,500,15,3000,3000,3000,3000,"fast","control_informative",0.05,5,0.01,"","separate_mirage","trait2","bfdr_discoveries",0.05,1
20260820,8,500,15,3000,3000,3000,3000,"fast","control_informative",0.05,5,0.01,"","separate_mirage","trait2","bfdr_observed_fdp",0.1,0
20260820,8,500,15,3000,3000,3000,3000,"fast","control_informative",0.05,5,0.01,"","separate_mirage","trait2","bfdr_estimate",0.1,3.84569101335996e-05
20260820,8,500,15,3000,3000,3000,3000,"fast","control_informative",0.05,5,0.01,"","separate_mirage","trait2","bfdr_power",0.1,0.1
20260820,8,500,15,3000,3000,3000,3000,"fast","control_informative",0.05,5,0.01,"","separate_mirage","trait2","bfdr_discoveries",0.1,1
20260820,8,500,15,3000,3000,3000,3000,"fast","control_informative",0.05,5,0.01,"","separate_mirage","trait2","bfdr_observed_fdp",0.2,0
20260820,8,500,15,3000,3000,3000,3000,"fast","control_informative",0.05,5,0.01,"","separate_mirage","trait2","bfdr_estimate",0.2,3.84569101335996e-05
20260820,8,500,15,3000,3000,3000,3000,"fast","control_informative",0.05,5,0.01,"","separate_mirage","trait2","bfdr_power",0.2,0.1
20260820,8,500,15,3000,3000,3000,3000,"fast","control_informative",0.05,5,0.01,"","separate_mirage","trait2","bfdr_discoveries",0.2,1
20260820,8,500,15,3000,3000,3000,3000,"fast","control_informative",0.05,5,0.01,"","separate_mirage","pleiotropy","bfdr_observed_fdp",0.01,0
20260820,8,500,15,3000,3000,3000,3000,"fast","control_informative",0.05,5,0.01,"","separate_mirage","pleiotropy","bfdr_estimate",0.01,0.000341472581922964
20260820,8,500,15,3000,3000,3000,3000,"fast","control_informative",0.05,5,0.01,"","separate_mirage","pleiotropy","bfdr_power",0.01,0.2
20260820,8,500,15,3000,3000,3000,3000,"fast","control_informative",0.05,5,0.01,"","separate_mirage","pleiotropy","bfdr_discoveries",0.01,1
20260820,8,500,15,3000,3000,3000,3000,"fast","control_informative",0.05,5,0.01,"","separate_mirage","pleiotropy","bfdr_observed_fdp",0.05,0
20260820,8,500,15,3000,3000,3000,3000,"fast","control_informative",0.05,5,0.01,"","separate_mirage","pleiotropy","bfdr_estimate",0.05,0.000341472581922964
20260820,8,500,15,3000,3000,3000,3000,"fast","control_informative",0.05,5,0.01,"","separate_mirage","pleiotropy","bfdr_power",0.05,0.2
20260820,8,500,15,3000,3000,3000,3000,"fast","control_informative",0.05,5,0.01,"","separate_mirage","pleiotropy","bfdr_discoveries",0.05,1
20260820,8,500,15,3000,3000,3000,3000,"fast","control_informative",0.05,5,0.01,"","separate_mirage","pleiotropy","bfdr_observed_fdp",0.1,0
20260820,8,500,15,3000,3000,3000,3000,"fast","control_informative",0.05,5,0.01,"","separate_mirage","pleiotropy","bfdr_estimate",0.1,0.000341472581922964
20260820,8,500,15,3000,3000,3000,3000,"fast","control_informative",0.05,5,0.01,"","separate_mirage","pleiotropy","bfdr_power",0.1,0.2
20260820,8,500,15,3000,3000,3000,3000,"fast","control_informative",0.05,5,0.01,"","separate_mirage","pleiotropy","bfdr_discoveries",0.1,1
20260820,8,500,15,3000,3000,3000,3000,"fast","control_informative",0.05,5,0.01,"","separate_mirage","pleiotropy","bfdr_observed_fdp",0.2,0
20260820,8,500,15,3000,3000,3000,3000,"fast","control_informative",0.05,5,0.01,"","separate_mirage","pleiotropy","bfdr_estimate",0.2,0.000341472581922964
20260820,8,500,15,3000,3000,3000,3000,"fast","control_informative",0.05,5,0.01,"","separate_mirage","pleiotropy","bfdr_power",0.2,0.2
20260820,8,500,15,3000,3000,3000,3000,"fast","control_informative",0.05,5,0.01,"","separate_mirage","pleiotropy","bfdr_discoveries",0.2,1
20260820,8,500,15,3000,3000,3000,3000,"fast","control_informative",0.05,5,0.01,"","separate_mirage","global","runtime_seconds",NA,18.051
20260820,8,500,15,3000,3000,3000,3000,"fast","control_informative",0.05,5,0.01,"","separate_mirage","pleiotropy","pi11_estimate",NA,0.001
20260820,8,500,15,3000,3000,3000,3000,"fast","control_informative",0.05,5,0.01,"","mtada_aggregated","trait1","auc",NA,0.678147368421053
20260820,8,500,15,3000,3000,3000,3000,"fast","control_informative",0.05,5,0.01,"","mtada_aggregated","trait2","auc",NA,0.713061224489796
20260820,8,500,15,3000,3000,3000,3000,"fast","control_informative",0.05,5,0.01,"","mtada_aggregated","pleiotropy","auc",NA,0.836363636363636
20260820,8,500,15,3000,3000,3000,3000,"fast","control_informative",0.05,5,0.01,"","mtada_aggregated","trait1","pp08_power",0.8,0.28
20260820,8,500,15,3000,3000,3000,3000,"fast","control_informative",0.05,5,0.01,"","mtada_aggregated","trait1","pp08_fdp",0.8,0.854166666666667
20260820,8,500,15,3000,3000,3000,3000,"fast","control_informative",0.05,5,0.01,"","mtada_aggregated","trait1","pp08_discoveries",0.8,48
20260820,8,500,15,3000,3000,3000,3000,"fast","control_informative",0.05,5,0.01,"","mtada_aggregated","trait2","pp08_power",0.8,0.3
20260820,8,500,15,3000,3000,3000,3000,"fast","control_informative",0.05,5,0.01,"","mtada_aggregated","trait2","pp08_fdp",0.8,0.914285714285714
20260820,8,500,15,3000,3000,3000,3000,"fast","control_informative",0.05,5,0.01,"","mtada_aggregated","trait2","pp08_discoveries",0.8,35
20260820,8,500,15,3000,3000,3000,3000,"fast","control_informative",0.05,5,0.01,"","mtada_aggregated","pleiotropy","pp08_power",0.8,0.4
20260820,8,500,15,3000,3000,3000,3000,"fast","control_informative",0.05,5,0.01,"","mtada_aggregated","pleiotropy","pp08_fdp",0.8,0.6
20260820,8,500,15,3000,3000,3000,3000,"fast","control_informative",0.05,5,0.01,"","mtada_aggregated","pleiotropy","pp08_discoveries",0.8,5
20260820,8,500,15,3000,3000,3000,3000,"fast","control_informative",0.05,5,0.01,"","mtada_aggregated","trait1","bfdr_observed_fdp",0.01,0.840909090909091
20260820,8,500,15,3000,3000,3000,3000,"fast","control_informative",0.05,5,0.01,"","mtada_aggregated","trait1","bfdr_estimate",0.01,0.00896695231881636
20260820,8,500,15,3000,3000,3000,3000,"fast","control_informative",0.05,5,0.01,"","mtada_aggregated","trait1","bfdr_power",0.01,0.28
20260820,8,500,15,3000,3000,3000,3000,"fast","control_informative",0.05,5,0.01,"","mtada_aggregated","trait1","bfdr_discoveries",0.01,44
20260820,8,500,15,3000,3000,3000,3000,"fast","control_informative",0.05,5,0.01,"","mtada_aggregated","trait1","bfdr_observed_fdp",0.05,0.849056603773585
20260820,8,500,15,3000,3000,3000,3000,"fast","control_informative",0.05,5,0.01,"","mtada_aggregated","trait1","bfdr_estimate",0.05,0.0453643125458706
20260820,8,500,15,3000,3000,3000,3000,"fast","control_informative",0.05,5,0.01,"","mtada_aggregated","trait1","bfdr_power",0.05,0.32
20260820,8,500,15,3000,3000,3000,3000,"fast","control_informative",0.05,5,0.01,"","mtada_aggregated","trait1","bfdr_discoveries",0.05,53
20260820,8,500,15,3000,3000,3000,3000,"fast","control_informative",0.05,5,0.01,"","mtada_aggregated","trait1","bfdr_observed_fdp",0.1,0.85
20260820,8,500,15,3000,3000,3000,3000,"fast","control_informative",0.05,5,0.01,"","mtada_aggregated","trait1","bfdr_estimate",0.1,0.0965790334599033
20260820,8,500,15,3000,3000,3000,3000,"fast","control_informative",0.05,5,0.01,"","mtada_aggregated","trait1","bfdr_power",0.1,0.36
20260820,8,500,15,3000,3000,3000,3000,"fast","control_informative",0.05,5,0.01,"","mtada_aggregated","trait1","bfdr_discoveries",0.1,60
20260820,8,500,15,3000,3000,3000,3000,"fast","control_informative",0.05,5,0.01,"","mtada_aggregated","trait1","bfdr_observed_fdp",0.2,0.875
20260820,8,500,15,3000,3000,3000,3000,"fast","control_informative",0.05,5,0.01,"","mtada_aggregated","trait1","bfdr_estimate",0.2,0.194553308036428
20260820,8,500,15,3000,3000,3000,3000,"fast","control_informative",0.05,5,0.01,"","mtada_aggregated","trait1","bfdr_power",0.2,0.36
20260820,8,500,15,3000,3000,3000,3000,"fast","control_informative",0.05,5,0.01,"","mtada_aggregated","trait1","bfdr_discoveries",0.2,72
20260820,8,500,15,3000,3000,3000,3000,"fast","control_informative",0.05,5,0.01,"","mtada_aggregated","trait2","bfdr_observed_fdp",0.01,0.909090909090909
20260820,8,500,15,3000,3000,3000,3000,"fast","control_informative",0.05,5,0.01,"","mtada_aggregated","trait2","bfdr_estimate",0.01,0.00895274181541714
20260820,8,500,15,3000,3000,3000,3000,"fast","control_informative",0.05,5,0.01,"","mtada_aggregated","trait2","bfdr_power",0.01,0.3
20260820,8,500,15,3000,3000,3000,3000,"fast","control_informative",0.05,5,0.01,"","mtada_aggregated","trait2","bfdr_discoveries",0.01,33
20260820,8,500,15,3000,3000,3000,3000,"fast","control_informative",0.05,5,0.01,"","mtada_aggregated","trait2","bfdr_observed_fdp",0.05,0.925
20260820,8,500,15,3000,3000,3000,3000,"fast","control_informative",0.05,5,0.01,"","mtada_aggregated","trait2","bfdr_estimate",0.05,0.0479517884700811
20260820,8,500,15,3000,3000,3000,3000,"fast","control_informative",0.05,5,0.01,"","mtada_aggregated","trait2","bfdr_power",0.05,0.3
20260820,8,500,15,3000,3000,3000,3000,"fast","control_informative",0.05,5,0.01,"","mtada_aggregated","trait2","bfdr_discoveries",0.05,40
20260820,8,500,15,3000,3000,3000,3000,"fast","control_informative",0.05,5,0.01,"","mtada_aggregated","trait2","bfdr_observed_fdp",0.1,0.934782608695652
20260820,8,500,15,3000,3000,3000,3000,"fast","control_informative",0.05,5,0.01,"","mtada_aggregated","trait2","bfdr_estimate",0.1,0.0918300277220733
20260820,8,500,15,3000,3000,3000,3000,"fast","control_informative",0.05,5,0.01,"","mtada_aggregated","trait2","bfdr_power",0.1,0.3
20260820,8,500,15,3000,3000,3000,3000,"fast","control_informative",0.05,5,0.01,"","mtada_aggregated","trait2","bfdr_discoveries",0.1,46
20260820,8,500,15,3000,3000,3000,3000,"fast","control_informative",0.05,5,0.01,"","mtada_aggregated","trait2","bfdr_observed_fdp",0.2,0.928571428571429
20260820,8,500,15,3000,3000,3000,3000,"fast","control_informative",0.05,5,0.01,"","mtada_aggregated","trait2","bfdr_estimate",0.2,0.198162657305905
20260820,8,500,15,3000,3000,3000,3000,"fast","control_informative",0.05,5,0.01,"","mtada_aggregated","trait2","bfdr_power",0.2,0.4
20260820,8,500,15,3000,3000,3000,3000,"fast","control_informative",0.05,5,0.01,"","mtada_aggregated","trait2","bfdr_discoveries",0.2,56
20260820,8,500,15,3000,3000,3000,3000,"fast","control_informative",0.05,5,0.01,"","mtada_aggregated","pleiotropy","bfdr_observed_fdp",0.01,0.5
20260820,8,500,15,3000,3000,3000,3000,"fast","control_informative",0.05,5,0.01,"","mtada_aggregated","pleiotropy","bfdr_estimate",0.01,0.00190905481277021
20260820,8,500,15,3000,3000,3000,3000,"fast","control_informative",0.05,5,0.01,"","mtada_aggregated","pleiotropy","bfdr_power",0.01,0.4
20260820,8,500,15,3000,3000,3000,3000,"fast","control_informative",0.05,5,0.01,"","mtada_aggregated","pleiotropy","bfdr_discoveries",0.01,4
20260820,8,500,15,3000,3000,3000,3000,"fast","control_informative",0.05,5,0.01,"","mtada_aggregated","pleiotropy","bfdr_observed_fdp",0.05,0.6
20260820,8,500,15,3000,3000,3000,3000,"fast","control_informative",0.05,5,0.01,"","mtada_aggregated","pleiotropy","bfdr_estimate",0.05,0.0147236812399539
20260820,8,500,15,3000,3000,3000,3000,"fast","control_informative",0.05,5,0.01,"","mtada_aggregated","pleiotropy","bfdr_power",0.05,0.4
20260820,8,500,15,3000,3000,3000,3000,"fast","control_informative",0.05,5,0.01,"","mtada_aggregated","pleiotropy","bfdr_discoveries",0.05,5
20260820,8,500,15,3000,3000,3000,3000,"fast","control_informative",0.05,5,0.01,"","mtada_aggregated","pleiotropy","bfdr_observed_fdp",0.1,0.666666666666667
20260820,8,500,15,3000,3000,3000,3000,"fast","control_informative",0.05,5,0.01,"","mtada_aggregated","pleiotropy","bfdr_estimate",0.1,0.0956775132153158
20260820,8,500,15,3000,3000,3000,3000,"fast","control_informative",0.05,5,0.01,"","mtada_aggregated","pleiotropy","bfdr_power",0.1,0.4
20260820,8,500,15,3000,3000,3000,3000,"fast","control_informative",0.05,5,0.01,"","mtada_aggregated","pleiotropy","bfdr_discoveries",0.1,6
20260820,8,500,15,3000,3000,3000,3000,"fast","control_informative",0.05,5,0.01,"","mtada_aggregated","pleiotropy","bfdr_observed_fdp",0.2,0.714285714285714
20260820,8,500,15,3000,3000,3000,3000,"fast","control_informative",0.05,5,0.01,"","mtada_aggregated","pleiotropy","bfdr_estimate",0.2,0.164540303521119
20260820,8,500,15,3000,3000,3000,3000,"fast","control_informative",0.05,5,0.01,"","mtada_aggregated","pleiotropy","bfdr_power",0.2,0.4
20260820,8,500,15,3000,3000,3000,3000,"fast","control_informative",0.05,5,0.01,"","mtada_aggregated","pleiotropy","bfdr_discoveries",0.2,7
20260820,8,500,15,3000,3000,3000,3000,"fast","control_informative",0.05,5,0.01,"","mtada_aggregated","global","runtime_seconds",NA,1.20800000000003
20260820,8,500,15,3000,3000,3000,3000,"fast","control_informative",0.05,5,0.01,"","mtada_aggregated","pleiotropy","pi11_estimate",NA,0.00137652
20260821,9,500,15,3000,3000,3000,3000,"fast","control_informative",0.05,5,0.01,"","mirage_joint","trait1","auc",NA,0.710484210526316
20260821,9,500,15,3000,3000,3000,3000,"fast","control_informative",0.05,5,0.01,"","mirage_joint","trait2","auc",NA,0.703469387755102
20260821,9,500,15,3000,3000,3000,3000,"fast","control_informative",0.05,5,0.01,"","mirage_joint","pleiotropy","auc",NA,0.772121212121212
20260821,9,500,15,3000,3000,3000,3000,"fast","control_informative",0.05,5,0.01,"","mirage_joint","trait1","pp08_power",0.8,0
20260821,9,500,15,3000,3000,3000,3000,"fast","control_informative",0.05,5,0.01,"","mirage_joint","trait1","pp08_fdp",0.8,0
20260821,9,500,15,3000,3000,3000,3000,"fast","control_informative",0.05,5,0.01,"","mirage_joint","trait1","pp08_discoveries",0.8,0
20260821,9,500,15,3000,3000,3000,3000,"fast","control_informative",0.05,5,0.01,"","mirage_joint","trait2","pp08_power",0.8,0
20260821,9,500,15,3000,3000,3000,3000,"fast","control_informative",0.05,5,0.01,"","mirage_joint","trait2","pp08_fdp",0.8,1
20260821,9,500,15,3000,3000,3000,3000,"fast","control_informative",0.05,5,0.01,"","mirage_joint","trait2","pp08_discoveries",0.8,1
20260821,9,500,15,3000,3000,3000,3000,"fast","control_informative",0.05,5,0.01,"","mirage_joint","pleiotropy","pp08_power",0.8,0
20260821,9,500,15,3000,3000,3000,3000,"fast","control_informative",0.05,5,0.01,"","mirage_joint","pleiotropy","pp08_fdp",0.8,0
20260821,9,500,15,3000,3000,3000,3000,"fast","control_informative",0.05,5,0.01,"","mirage_joint","pleiotropy","pp08_discoveries",0.8,0
20260821,9,500,15,3000,3000,3000,3000,"fast","control_informative",0.05,5,0.01,"","mirage_joint","trait1","bfdr_observed_fdp",0.01,0
20260821,9,500,15,3000,3000,3000,3000,"fast","control_informative",0.05,5,0.01,"","mirage_joint","trait1","bfdr_estimate",0.01,0
20260821,9,500,15,3000,3000,3000,3000,"fast","control_informative",0.05,5,0.01,"","mirage_joint","trait1","bfdr_power",0.01,0
20260821,9,500,15,3000,3000,3000,3000,"fast","control_informative",0.05,5,0.01,"","mirage_joint","trait1","bfdr_discoveries",0.01,0
20260821,9,500,15,3000,3000,3000,3000,"fast","control_informative",0.05,5,0.01,"","mirage_joint","trait1","bfdr_observed_fdp",0.05,0
20260821,9,500,15,3000,3000,3000,3000,"fast","control_informative",0.05,5,0.01,"","mirage_joint","trait1","bfdr_estimate",0.05,0
20260821,9,500,15,3000,3000,3000,3000,"fast","control_informative",0.05,5,0.01,"","mirage_joint","trait1","bfdr_power",0.05,0
20260821,9,500,15,3000,3000,3000,3000,"fast","control_informative",0.05,5,0.01,"","mirage_joint","trait1","bfdr_discoveries",0.05,0
20260821,9,500,15,3000,3000,3000,3000,"fast","control_informative",0.05,5,0.01,"","mirage_joint","trait1","bfdr_observed_fdp",0.1,0
20260821,9,500,15,3000,3000,3000,3000,"fast","control_informative",0.05,5,0.01,"","mirage_joint","trait1","bfdr_estimate",0.1,0
20260821,9,500,15,3000,3000,3000,3000,"fast","control_informative",0.05,5,0.01,"","mirage_joint","trait1","bfdr_power",0.1,0
20260821,9,500,15,3000,3000,3000,3000,"fast","control_informative",0.05,5,0.01,"","mirage_joint","trait1","bfdr_discoveries",0.1,0
20260821,9,500,15,3000,3000,3000,3000,"fast","control_informative",0.05,5,0.01,"","mirage_joint","trait1","bfdr_observed_fdp",0.2,0
20260821,9,500,15,3000,3000,3000,3000,"fast","control_informative",0.05,5,0.01,"","mirage_joint","trait1","bfdr_estimate",0.2,0
20260821,9,500,15,3000,3000,3000,3000,"fast","control_informative",0.05,5,0.01,"","mirage_joint","trait1","bfdr_power",0.2,0
20260821,9,500,15,3000,3000,3000,3000,"fast","control_informative",0.05,5,0.01,"","mirage_joint","trait1","bfdr_discoveries",0.2,0
20260821,9,500,15,3000,3000,3000,3000,"fast","control_informative",0.05,5,0.01,"","mirage_joint","trait2","bfdr_observed_fdp",0.01,0
20260821,9,500,15,3000,3000,3000,3000,"fast","control_informative",0.05,5,0.01,"","mirage_joint","trait2","bfdr_estimate",0.01,0
20260821,9,500,15,3000,3000,3000,3000,"fast","control_informative",0.05,5,0.01,"","mirage_joint","trait2","bfdr_power",0.01,0
20260821,9,500,15,3000,3000,3000,3000,"fast","control_informative",0.05,5,0.01,"","mirage_joint","trait2","bfdr_discoveries",0.01,0
20260821,9,500,15,3000,3000,3000,3000,"fast","control_informative",0.05,5,0.01,"","mirage_joint","trait2","bfdr_observed_fdp",0.05,0
20260821,9,500,15,3000,3000,3000,3000,"fast","control_informative",0.05,5,0.01,"","mirage_joint","trait2","bfdr_estimate",0.05,0
20260821,9,500,15,3000,3000,3000,3000,"fast","control_informative",0.05,5,0.01,"","mirage_joint","trait2","bfdr_power",0.05,0
20260821,9,500,15,3000,3000,3000,3000,"fast","control_informative",0.05,5,0.01,"","mirage_joint","trait2","bfdr_discoveries",0.05,0
20260821,9,500,15,3000,3000,3000,3000,"fast","control_informative",0.05,5,0.01,"","mirage_joint","trait2","bfdr_observed_fdp",0.1,0
20260821,9,500,15,3000,3000,3000,3000,"fast","control_informative",0.05,5,0.01,"","mirage_joint","trait2","bfdr_estimate",0.1,0
20260821,9,500,15,3000,3000,3000,3000,"fast","control_informative",0.05,5,0.01,"","mirage_joint","trait2","bfdr_power",0.1,0
20260821,9,500,15,3000,3000,3000,3000,"fast","control_informative",0.05,5,0.01,"","mirage_joint","trait2","bfdr_discoveries",0.1,0
20260821,9,500,15,3000,3000,3000,3000,"fast","control_informative",0.05,5,0.01,"","mirage_joint","trait2","bfdr_observed_fdp",0.2,1
20260821,9,500,15,3000,3000,3000,3000,"fast","control_informative",0.05,5,0.01,"","mirage_joint","trait2","bfdr_estimate",0.2,0.179338686462845
20260821,9,500,15,3000,3000,3000,3000,"fast","control_informative",0.05,5,0.01,"","mirage_joint","trait2","bfdr_power",0.2,0
20260821,9,500,15,3000,3000,3000,3000,"fast","control_informative",0.05,5,0.01,"","mirage_joint","trait2","bfdr_discoveries",0.2,2
20260821,9,500,15,3000,3000,3000,3000,"fast","control_informative",0.05,5,0.01,"","mirage_joint","pleiotropy","bfdr_observed_fdp",0.01,0
20260821,9,500,15,3000,3000,3000,3000,"fast","control_informative",0.05,5,0.01,"","mirage_joint","pleiotropy","bfdr_estimate",0.01,0
20260821,9,500,15,3000,3000,3000,3000,"fast","control_informative",0.05,5,0.01,"","mirage_joint","pleiotropy","bfdr_power",0.01,0
20260821,9,500,15,3000,3000,3000,3000,"fast","control_informative",0.05,5,0.01,"","mirage_joint","pleiotropy","bfdr_discoveries",0.01,0
20260821,9,500,15,3000,3000,3000,3000,"fast","control_informative",0.05,5,0.01,"","mirage_joint","pleiotropy","bfdr_observed_fdp",0.05,0
20260821,9,500,15,3000,3000,3000,3000,"fast","control_informative",0.05,5,0.01,"","mirage_joint","pleiotropy","bfdr_estimate",0.05,0
20260821,9,500,15,3000,3000,3000,3000,"fast","control_informative",0.05,5,0.01,"","mirage_joint","pleiotropy","bfdr_power",0.05,0
20260821,9,500,15,3000,3000,3000,3000,"fast","control_informative",0.05,5,0.01,"","mirage_joint","pleiotropy","bfdr_discoveries",0.05,0
20260821,9,500,15,3000,3000,3000,3000,"fast","control_informative",0.05,5,0.01,"","mirage_joint","pleiotropy","bfdr_observed_fdp",0.1,0
20260821,9,500,15,3000,3000,3000,3000,"fast","control_informative",0.05,5,0.01,"","mirage_joint","pleiotropy","bfdr_estimate",0.1,0
20260821,9,500,15,3000,3000,3000,3000,"fast","control_informative",0.05,5,0.01,"","mirage_joint","pleiotropy","bfdr_power",0.1,0
20260821,9,500,15,3000,3000,3000,3000,"fast","control_informative",0.05,5,0.01,"","mirage_joint","pleiotropy","bfdr_discoveries",0.1,0
20260821,9,500,15,3000,3000,3000,3000,"fast","control_informative",0.05,5,0.01,"","mirage_joint","pleiotropy","bfdr_observed_fdp",0.2,0
20260821,9,500,15,3000,3000,3000,3000,"fast","control_informative",0.05,5,0.01,"","mirage_joint","pleiotropy","bfdr_estimate",0.2,0
20260821,9,500,15,3000,3000,3000,3000,"fast","control_informative",0.05,5,0.01,"","mirage_joint","pleiotropy","bfdr_power",0.2,0
20260821,9,500,15,3000,3000,3000,3000,"fast","control_informative",0.05,5,0.01,"","mirage_joint","pleiotropy","bfdr_discoveries",0.2,0
20260821,9,500,15,3000,3000,3000,3000,"fast","control_informative",0.05,5,0.01,"","mirage_joint","global","runtime_seconds",NA,18.017
20260821,9,500,15,3000,3000,3000,3000,"fast","control_informative",0.05,5,0.01,"","mirage_joint","pleiotropy","pi11_estimate",NA,0.0123270303549277
20260821,9,500,15,3000,3000,3000,3000,"fast","control_informative",0.05,5,0.01,"","separate_mirage","trait1","auc",NA,0.6832
20260821,9,500,15,3000,3000,3000,3000,"fast","control_informative",0.05,5,0.01,"","separate_mirage","trait2","auc",NA,0.732857142857143
20260821,9,500,15,3000,3000,3000,3000,"fast","control_informative",0.05,5,0.01,"","separate_mirage","pleiotropy","auc",NA,0.717575757575758
20260821,9,500,15,3000,3000,3000,3000,"fast","control_informative",0.05,5,0.01,"","separate_mirage","trait1","pp08_power",0.8,0
20260821,9,500,15,3000,3000,3000,3000,"fast","control_informative",0.05,5,0.01,"","separate_mirage","trait1","pp08_fdp",0.8,0
20260821,9,500,15,3000,3000,3000,3000,"fast","control_informative",0.05,5,0.01,"","separate_mirage","trait1","pp08_discoveries",0.8,0
20260821,9,500,15,3000,3000,3000,3000,"fast","control_informative",0.05,5,0.01,"","separate_mirage","trait2","pp08_power",0.8,0
20260821,9,500,15,3000,3000,3000,3000,"fast","control_informative",0.05,5,0.01,"","separate_mirage","trait2","pp08_fdp",0.8,1
20260821,9,500,15,3000,3000,3000,3000,"fast","control_informative",0.05,5,0.01,"","separate_mirage","trait2","pp08_discoveries",0.8,2
20260821,9,500,15,3000,3000,3000,3000,"fast","control_informative",0.05,5,0.01,"","separate_mirage","pleiotropy","pp08_power",0.8,0
20260821,9,500,15,3000,3000,3000,3000,"fast","control_informative",0.05,5,0.01,"","separate_mirage","pleiotropy","pp08_fdp",0.8,0
20260821,9,500,15,3000,3000,3000,3000,"fast","control_informative",0.05,5,0.01,"","separate_mirage","pleiotropy","pp08_discoveries",0.8,0
20260821,9,500,15,3000,3000,3000,3000,"fast","control_informative",0.05,5,0.01,"","separate_mirage","trait1","bfdr_observed_fdp",0.01,0
20260821,9,500,15,3000,3000,3000,3000,"fast","control_informative",0.05,5,0.01,"","separate_mirage","trait1","bfdr_estimate",0.01,0
20260821,9,500,15,3000,3000,3000,3000,"fast","control_informative",0.05,5,0.01,"","separate_mirage","trait1","bfdr_power",0.01,0
20260821,9,500,15,3000,3000,3000,3000,"fast","control_informative",0.05,5,0.01,"","separate_mirage","trait1","bfdr_discoveries",0.01,0
20260821,9,500,15,3000,3000,3000,3000,"fast","control_informative",0.05,5,0.01,"","separate_mirage","trait1","bfdr_observed_fdp",0.05,0
20260821,9,500,15,3000,3000,3000,3000,"fast","control_informative",0.05,5,0.01,"","separate_mirage","trait1","bfdr_estimate",0.05,0
20260821,9,500,15,3000,3000,3000,3000,"fast","control_informative",0.05,5,0.01,"","separate_mirage","trait1","bfdr_power",0.05,0
20260821,9,500,15,3000,3000,3000,3000,"fast","control_informative",0.05,5,0.01,"","separate_mirage","trait1","bfdr_discoveries",0.05,0
20260821,9,500,15,3000,3000,3000,3000,"fast","control_informative",0.05,5,0.01,"","separate_mirage","trait1","bfdr_observed_fdp",0.1,0
20260821,9,500,15,3000,3000,3000,3000,"fast","control_informative",0.05,5,0.01,"","separate_mirage","trait1","bfdr_estimate",0.1,0
20260821,9,500,15,3000,3000,3000,3000,"fast","control_informative",0.05,5,0.01,"","separate_mirage","trait1","bfdr_power",0.1,0
20260821,9,500,15,3000,3000,3000,3000,"fast","control_informative",0.05,5,0.01,"","separate_mirage","trait1","bfdr_discoveries",0.1,0
20260821,9,500,15,3000,3000,3000,3000,"fast","control_informative",0.05,5,0.01,"","separate_mirage","trait1","bfdr_observed_fdp",0.2,0
20260821,9,500,15,3000,3000,3000,3000,"fast","control_informative",0.05,5,0.01,"","separate_mirage","trait1","bfdr_estimate",0.2,0
20260821,9,500,15,3000,3000,3000,3000,"fast","control_informative",0.05,5,0.01,"","separate_mirage","trait1","bfdr_power",0.2,0
20260821,9,500,15,3000,3000,3000,3000,"fast","control_informative",0.05,5,0.01,"","separate_mirage","trait1","bfdr_discoveries",0.2,0
20260821,9,500,15,3000,3000,3000,3000,"fast","control_informative",0.05,5,0.01,"","separate_mirage","trait2","bfdr_observed_fdp",0.01,0
20260821,9,500,15,3000,3000,3000,3000,"fast","control_informative",0.05,5,0.01,"","separate_mirage","trait2","bfdr_estimate",0.01,0
20260821,9,500,15,3000,3000,3000,3000,"fast","control_informative",0.05,5,0.01,"","separate_mirage","trait2","bfdr_power",0.01,0
20260821,9,500,15,3000,3000,3000,3000,"fast","control_informative",0.05,5,0.01,"","separate_mirage","trait2","bfdr_discoveries",0.01,0
20260821,9,500,15,3000,3000,3000,3000,"fast","control_informative",0.05,5,0.01,"","separate_mirage","trait2","bfdr_observed_fdp",0.05,0
20260821,9,500,15,3000,3000,3000,3000,"fast","control_informative",0.05,5,0.01,"","separate_mirage","trait2","bfdr_estimate",0.05,0
20260821,9,500,15,3000,3000,3000,3000,"fast","control_informative",0.05,5,0.01,"","separate_mirage","trait2","bfdr_power",0.05,0
20260821,9,500,15,3000,3000,3000,3000,"fast","control_informative",0.05,5,0.01,"","separate_mirage","trait2","bfdr_discoveries",0.05,0
20260821,9,500,15,3000,3000,3000,3000,"fast","control_informative",0.05,5,0.01,"","separate_mirage","trait2","bfdr_observed_fdp",0.1,0
20260821,9,500,15,3000,3000,3000,3000,"fast","control_informative",0.05,5,0.01,"","separate_mirage","trait2","bfdr_estimate",0.1,0
20260821,9,500,15,3000,3000,3000,3000,"fast","control_informative",0.05,5,0.01,"","separate_mirage","trait2","bfdr_power",0.1,0
20260821,9,500,15,3000,3000,3000,3000,"fast","control_informative",0.05,5,0.01,"","separate_mirage","trait2","bfdr_discoveries",0.1,0
20260821,9,500,15,3000,3000,3000,3000,"fast","control_informative",0.05,5,0.01,"","separate_mirage","trait2","bfdr_observed_fdp",0.2,1
20260821,9,500,15,3000,3000,3000,3000,"fast","control_informative",0.05,5,0.01,"","separate_mirage","trait2","bfdr_estimate",0.2,0.194791936508456
20260821,9,500,15,3000,3000,3000,3000,"fast","control_informative",0.05,5,0.01,"","separate_mirage","trait2","bfdr_power",0.2,0
20260821,9,500,15,3000,3000,3000,3000,"fast","control_informative",0.05,5,0.01,"","separate_mirage","trait2","bfdr_discoveries",0.2,3
20260821,9,500,15,3000,3000,3000,3000,"fast","control_informative",0.05,5,0.01,"","separate_mirage","pleiotropy","bfdr_observed_fdp",0.01,0
20260821,9,500,15,3000,3000,3000,3000,"fast","control_informative",0.05,5,0.01,"","separate_mirage","pleiotropy","bfdr_estimate",0.01,0
20260821,9,500,15,3000,3000,3000,3000,"fast","control_informative",0.05,5,0.01,"","separate_mirage","pleiotropy","bfdr_power",0.01,0
20260821,9,500,15,3000,3000,3000,3000,"fast","control_informative",0.05,5,0.01,"","separate_mirage","pleiotropy","bfdr_discoveries",0.01,0
20260821,9,500,15,3000,3000,3000,3000,"fast","control_informative",0.05,5,0.01,"","separate_mirage","pleiotropy","bfdr_observed_fdp",0.05,0
20260821,9,500,15,3000,3000,3000,3000,"fast","control_informative",0.05,5,0.01,"","separate_mirage","pleiotropy","bfdr_estimate",0.05,0
20260821,9,500,15,3000,3000,3000,3000,"fast","control_informative",0.05,5,0.01,"","separate_mirage","pleiotropy","bfdr_power",0.05,0
20260821,9,500,15,3000,3000,3000,3000,"fast","control_informative",0.05,5,0.01,"","separate_mirage","pleiotropy","bfdr_discoveries",0.05,0
20260821,9,500,15,3000,3000,3000,3000,"fast","control_informative",0.05,5,0.01,"","separate_mirage","pleiotropy","bfdr_observed_fdp",0.1,0
20260821,9,500,15,3000,3000,3000,3000,"fast","control_informative",0.05,5,0.01,"","separate_mirage","pleiotropy","bfdr_estimate",0.1,0
20260821,9,500,15,3000,3000,3000,3000,"fast","control_informative",0.05,5,0.01,"","separate_mirage","pleiotropy","bfdr_power",0.1,0
20260821,9,500,15,3000,3000,3000,3000,"fast","control_informative",0.05,5,0.01,"","separate_mirage","pleiotropy","bfdr_discoveries",0.1,0
20260821,9,500,15,3000,3000,3000,3000,"fast","control_informative",0.05,5,0.01,"","separate_mirage","pleiotropy","bfdr_observed_fdp",0.2,0
20260821,9,500,15,3000,3000,3000,3000,"fast","control_informative",0.05,5,0.01,"","separate_mirage","pleiotropy","bfdr_estimate",0.2,0
20260821,9,500,15,3000,3000,3000,3000,"fast","control_informative",0.05,5,0.01,"","separate_mirage","pleiotropy","bfdr_power",0.2,0
20260821,9,500,15,3000,3000,3000,3000,"fast","control_informative",0.05,5,0.01,"","separate_mirage","pleiotropy","bfdr_discoveries",0.2,0
20260821,9,500,15,3000,3000,3000,3000,"fast","control_informative",0.05,5,0.01,"","separate_mirage","global","runtime_seconds",NA,17.967
20260821,9,500,15,3000,3000,3000,3000,"fast","control_informative",0.05,5,0.01,"","separate_mirage","pleiotropy","pi11_estimate",NA,0.001
20260821,9,500,15,3000,3000,3000,3000,"fast","control_informative",0.05,5,0.01,"","mtada_aggregated","trait1","auc",NA,0.640336842105263
20260821,9,500,15,3000,3000,3000,3000,"fast","control_informative",0.05,5,0.01,"","mtada_aggregated","trait2","auc",NA,0.720612244897959
20260821,9,500,15,3000,3000,3000,3000,"fast","control_informative",0.05,5,0.01,"","mtada_aggregated","pleiotropy","auc",NA,0.87030303030303
20260821,9,500,15,3000,3000,3000,3000,"fast","control_informative",0.05,5,0.01,"","mtada_aggregated","trait1","pp08_power",0.8,0.12
20260821,9,500,15,3000,3000,3000,3000,"fast","control_informative",0.05,5,0.01,"","mtada_aggregated","trait1","pp08_fdp",0.8,0.914285714285714
20260821,9,500,15,3000,3000,3000,3000,"fast","control_informative",0.05,5,0.01,"","mtada_aggregated","trait1","pp08_discoveries",0.8,35
20260821,9,500,15,3000,3000,3000,3000,"fast","control_informative",0.05,5,0.01,"","mtada_aggregated","trait2","pp08_power",0.8,0.3
20260821,9,500,15,3000,3000,3000,3000,"fast","control_informative",0.05,5,0.01,"","mtada_aggregated","trait2","pp08_fdp",0.8,0.90625
20260821,9,500,15,3000,3000,3000,3000,"fast","control_informative",0.05,5,0.01,"","mtada_aggregated","trait2","pp08_discoveries",0.8,32
20260821,9,500,15,3000,3000,3000,3000,"fast","control_informative",0.05,5,0.01,"","mtada_aggregated","pleiotropy","pp08_power",0.8,0
20260821,9,500,15,3000,3000,3000,3000,"fast","control_informative",0.05,5,0.01,"","mtada_aggregated","pleiotropy","pp08_fdp",0.8,1
20260821,9,500,15,3000,3000,3000,3000,"fast","control_informative",0.05,5,0.01,"","mtada_aggregated","pleiotropy","pp08_discoveries",0.8,6
20260821,9,500,15,3000,3000,3000,3000,"fast","control_informative",0.05,5,0.01,"","mtada_aggregated","trait1","bfdr_observed_fdp",0.01,0.896551724137931
20260821,9,500,15,3000,3000,3000,3000,"fast","control_informative",0.05,5,0.01,"","mtada_aggregated","trait1","bfdr_estimate",0.01,0.00952676561394624
20260821,9,500,15,3000,3000,3000,3000,"fast","control_informative",0.05,5,0.01,"","mtada_aggregated","trait1","bfdr_power",0.01,0.12
20260821,9,500,15,3000,3000,3000,3000,"fast","control_informative",0.05,5,0.01,"","mtada_aggregated","trait1","bfdr_discoveries",0.01,29
20260821,9,500,15,3000,3000,3000,3000,"fast","control_informative",0.05,5,0.01,"","mtada_aggregated","trait1","bfdr_observed_fdp",0.05,0.921052631578947
20260821,9,500,15,3000,3000,3000,3000,"fast","control_informative",0.05,5,0.01,"","mtada_aggregated","trait1","bfdr_estimate",0.05,0.0454744571379687
20260821,9,500,15,3000,3000,3000,3000,"fast","control_informative",0.05,5,0.01,"","mtada_aggregated","trait1","bfdr_power",0.05,0.12
20260821,9,500,15,3000,3000,3000,3000,"fast","control_informative",0.05,5,0.01,"","mtada_aggregated","trait1","bfdr_discoveries",0.05,38
20260821,9,500,15,3000,3000,3000,3000,"fast","control_informative",0.05,5,0.01,"","mtada_aggregated","trait1","bfdr_observed_fdp",0.1,0.909090909090909
20260821,9,500,15,3000,3000,3000,3000,"fast","control_informative",0.05,5,0.01,"","mtada_aggregated","trait1","bfdr_estimate",0.1,0.0943734527320386
20260821,9,500,15,3000,3000,3000,3000,"fast","control_informative",0.05,5,0.01,"","mtada_aggregated","trait1","bfdr_power",0.1,0.16
20260821,9,500,15,3000,3000,3000,3000,"fast","control_informative",0.05,5,0.01,"","mtada_aggregated","trait1","bfdr_discoveries",0.1,44
20260821,9,500,15,3000,3000,3000,3000,"fast","control_informative",0.05,5,0.01,"","mtada_aggregated","trait1","bfdr_observed_fdp",0.2,0.927272727272727
20260821,9,500,15,3000,3000,3000,3000,"fast","control_informative",0.05,5,0.01,"","mtada_aggregated","trait1","bfdr_estimate",0.2,0.195548152936628
20260821,9,500,15,3000,3000,3000,3000,"fast","control_informative",0.05,5,0.01,"","mtada_aggregated","trait1","bfdr_power",0.2,0.16
20260821,9,500,15,3000,3000,3000,3000,"fast","control_informative",0.05,5,0.01,"","mtada_aggregated","trait1","bfdr_discoveries",0.2,55
20260821,9,500,15,3000,3000,3000,3000,"fast","control_informative",0.05,5,0.01,"","mtada_aggregated","trait2","bfdr_observed_fdp",0.01,0.92
20260821,9,500,15,3000,3000,3000,3000,"fast","control_informative",0.05,5,0.01,"","mtada_aggregated","trait2","bfdr_estimate",0.01,0.00963768144682037
20260821,9,500,15,3000,3000,3000,3000,"fast","control_informative",0.05,5,0.01,"","mtada_aggregated","trait2","bfdr_power",0.01,0.2
20260821,9,500,15,3000,3000,3000,3000,"fast","control_informative",0.05,5,0.01,"","mtada_aggregated","trait2","bfdr_discoveries",0.01,25
20260821,9,500,15,3000,3000,3000,3000,"fast","control_informative",0.05,5,0.01,"","mtada_aggregated","trait2","bfdr_observed_fdp",0.05,0.911764705882353
20260821,9,500,15,3000,3000,3000,3000,"fast","control_informative",0.05,5,0.01,"","mtada_aggregated","trait2","bfdr_estimate",0.05,0.0435855750579715
20260821,9,500,15,3000,3000,3000,3000,"fast","control_informative",0.05,5,0.01,"","mtada_aggregated","trait2","bfdr_power",0.05,0.3
20260821,9,500,15,3000,3000,3000,3000,"fast","control_informative",0.05,5,0.01,"","mtada_aggregated","trait2","bfdr_discoveries",0.05,34
20260821,9,500,15,3000,3000,3000,3000,"fast","control_informative",0.05,5,0.01,"","mtada_aggregated","trait2","bfdr_observed_fdp",0.1,0.897435897435897
20260821,9,500,15,3000,3000,3000,3000,"fast","control_informative",0.05,5,0.01,"","mtada_aggregated","trait2","bfdr_estimate",0.1,0.0957712370239516
20260821,9,500,15,3000,3000,3000,3000,"fast","control_informative",0.05,5,0.01,"","mtada_aggregated","trait2","bfdr_power",0.1,0.4
20260821,9,500,15,3000,3000,3000,3000,"fast","control_informative",0.05,5,0.01,"","mtada_aggregated","trait2","bfdr_discoveries",0.1,39
20260821,9,500,15,3000,3000,3000,3000,"fast","control_informative",0.05,5,0.01,"","mtada_aggregated","trait2","bfdr_observed_fdp",0.2,0.893617021276596
20260821,9,500,15,3000,3000,3000,3000,"fast","control_informative",0.05,5,0.01,"","mtada_aggregated","trait2","bfdr_estimate",0.2,0.192421373635428
20260821,9,500,15,3000,3000,3000,3000,"fast","control_informative",0.05,5,0.01,"","mtada_aggregated","trait2","bfdr_power",0.2,0.5
20260821,9,500,15,3000,3000,3000,3000,"fast","control_informative",0.05,5,0.01,"","mtada_aggregated","trait2","bfdr_discoveries",0.2,47
20260821,9,500,15,3000,3000,3000,3000,"fast","control_informative",0.05,5,0.01,"","mtada_aggregated","pleiotropy","bfdr_observed_fdp",0.01,1
20260821,9,500,15,3000,3000,3000,3000,"fast","control_informative",0.05,5,0.01,"","mtada_aggregated","pleiotropy","bfdr_estimate",0.01,0.00368027995091141
20260821,9,500,15,3000,3000,3000,3000,"fast","control_informative",0.05,5,0.01,"","mtada_aggregated","pleiotropy","bfdr_power",0.01,0
20260821,9,500,15,3000,3000,3000,3000,"fast","control_informative",0.05,5,0.01,"","mtada_aggregated","pleiotropy","bfdr_discoveries",0.01,4
20260821,9,500,15,3000,3000,3000,3000,"fast","control_informative",0.05,5,0.01,"","mtada_aggregated","pleiotropy","bfdr_observed_fdp",0.05,1
20260821,9,500,15,3000,3000,3000,3000,"fast","control_informative",0.05,5,0.01,"","mtada_aggregated","pleiotropy","bfdr_estimate",0.05,0.0191112331733261
20260821,9,500,15,3000,3000,3000,3000,"fast","control_informative",0.05,5,0.01,"","mtada_aggregated","pleiotropy","bfdr_power",0.05,0
20260821,9,500,15,3000,3000,3000,3000,"fast","control_informative",0.05,5,0.01,"","mtada_aggregated","pleiotropy","bfdr_discoveries",0.05,6
20260821,9,500,15,3000,3000,3000,3000,"fast","control_informative",0.05,5,0.01,"","mtada_aggregated","pleiotropy","bfdr_observed_fdp",0.1,1
20260821,9,500,15,3000,3000,3000,3000,"fast","control_informative",0.05,5,0.01,"","mtada_aggregated","pleiotropy","bfdr_estimate",0.1,0.0741600876431438
20260821,9,500,15,3000,3000,3000,3000,"fast","control_informative",0.05,5,0.01,"","mtada_aggregated","pleiotropy","bfdr_power",0.1,0
20260821,9,500,15,3000,3000,3000,3000,"fast","control_informative",0.05,5,0.01,"","mtada_aggregated","pleiotropy","bfdr_discoveries",0.1,7
20260821,9,500,15,3000,3000,3000,3000,"fast","control_informative",0.05,5,0.01,"","mtada_aggregated","pleiotropy","bfdr_observed_fdp",0.2,1
20260821,9,500,15,3000,3000,3000,3000,"fast","control_informative",0.05,5,0.01,"","mtada_aggregated","pleiotropy","bfdr_estimate",0.2,0.16285913885154
20260821,9,500,15,3000,3000,3000,3000,"fast","control_informative",0.05,5,0.01,"","mtada_aggregated","pleiotropy","bfdr_power",0.2,0
20260821,9,500,15,3000,3000,3000,3000,"fast","control_informative",0.05,5,0.01,"","mtada_aggregated","pleiotropy","bfdr_discoveries",0.2,8
20260821,9,500,15,3000,3000,3000,3000,"fast","control_informative",0.05,5,0.01,"","mtada_aggregated","global","runtime_seconds",NA,1.06999999999999
20260821,9,500,15,3000,3000,3000,3000,"fast","control_informative",0.05,5,0.01,"","mtada_aggregated","pleiotropy","pi11_estimate",NA,0.00201361
20260822,10,500,15,3000,3000,3000,3000,"fast","control_informative",0.05,5,0.01,"","mirage_joint","trait1","auc",NA,0.758484210526316
20260822,10,500,15,3000,3000,3000,3000,"fast","control_informative",0.05,5,0.01,"","mirage_joint","trait2","auc",NA,0.579387755102041
20260822,10,500,15,3000,3000,3000,3000,"fast","control_informative",0.05,5,0.01,"","mirage_joint","pleiotropy","auc",NA,0.493333333333333
20260822,10,500,15,3000,3000,3000,3000,"fast","control_informative",0.05,5,0.01,"","mirage_joint","trait1","pp08_power",0.8,0.12
20260822,10,500,15,3000,3000,3000,3000,"fast","control_informative",0.05,5,0.01,"","mirage_joint","trait1","pp08_fdp",0.8,0.25
20260822,10,500,15,3000,3000,3000,3000,"fast","control_informative",0.05,5,0.01,"","mirage_joint","trait1","pp08_discoveries",0.8,4
20260822,10,500,15,3000,3000,3000,3000,"fast","control_informative",0.05,5,0.01,"","mirage_joint","trait2","pp08_power",0.8,0.1
20260822,10,500,15,3000,3000,3000,3000,"fast","control_informative",0.05,5,0.01,"","mirage_joint","trait2","pp08_fdp",0.8,0
20260822,10,500,15,3000,3000,3000,3000,"fast","control_informative",0.05,5,0.01,"","mirage_joint","trait2","pp08_discoveries",0.8,1
20260822,10,500,15,3000,3000,3000,3000,"fast","control_informative",0.05,5,0.01,"","mirage_joint","pleiotropy","pp08_power",0.8,0.2
20260822,10,500,15,3000,3000,3000,3000,"fast","control_informative",0.05,5,0.01,"","mirage_joint","pleiotropy","pp08_fdp",0.8,0
20260822,10,500,15,3000,3000,3000,3000,"fast","control_informative",0.05,5,0.01,"","mirage_joint","pleiotropy","pp08_discoveries",0.8,1
20260822,10,500,15,3000,3000,3000,3000,"fast","control_informative",0.05,5,0.01,"","mirage_joint","trait1","bfdr_observed_fdp",0.01,0
20260822,10,500,15,3000,3000,3000,3000,"fast","control_informative",0.05,5,0.01,"","mirage_joint","trait1","bfdr_estimate",0.01,0.00942595567893678
20260822,10,500,15,3000,3000,3000,3000,"fast","control_informative",0.05,5,0.01,"","mirage_joint","trait1","bfdr_power",0.01,0.08
20260822,10,500,15,3000,3000,3000,3000,"fast","control_informative",0.05,5,0.01,"","mirage_joint","trait1","bfdr_discoveries",0.01,2
20260822,10,500,15,3000,3000,3000,3000,"fast","control_informative",0.05,5,0.01,"","mirage_joint","trait1","bfdr_observed_fdp",0.05,0
20260822,10,500,15,3000,3000,3000,3000,"fast","control_informative",0.05,5,0.01,"","mirage_joint","trait1","bfdr_estimate",0.05,0.0465729767323053
20260822,10,500,15,3000,3000,3000,3000,"fast","control_informative",0.05,5,0.01,"","mirage_joint","trait1","bfdr_power",0.05,0.12
20260822,10,500,15,3000,3000,3000,3000,"fast","control_informative",0.05,5,0.01,"","mirage_joint","trait1","bfdr_discoveries",0.05,3
20260822,10,500,15,3000,3000,3000,3000,"fast","control_informative",0.05,5,0.01,"","mirage_joint","trait1","bfdr_observed_fdp",0.1,0.25
20260822,10,500,15,3000,3000,3000,3000,"fast","control_informative",0.05,5,0.01,"","mirage_joint","trait1","bfdr_estimate",0.1,0.0837879591401446
20260822,10,500,15,3000,3000,3000,3000,"fast","control_informative",0.05,5,0.01,"","mirage_joint","trait1","bfdr_power",0.1,0.12
20260822,10,500,15,3000,3000,3000,3000,"fast","control_informative",0.05,5,0.01,"","mirage_joint","trait1","bfdr_discoveries",0.1,4
20260822,10,500,15,3000,3000,3000,3000,"fast","control_informative",0.05,5,0.01,"","mirage_joint","trait1","bfdr_observed_fdp",0.2,0.5
20260822,10,500,15,3000,3000,3000,3000,"fast","control_informative",0.05,5,0.01,"","mirage_joint","trait1","bfdr_estimate",0.2,0.187167359884381
20260822,10,500,15,3000,3000,3000,3000,"fast","control_informative",0.05,5,0.01,"","mirage_joint","trait1","bfdr_power",0.2,0.12
20260822,10,500,15,3000,3000,3000,3000,"fast","control_informative",0.05,5,0.01,"","mirage_joint","trait1","bfdr_discoveries",0.2,6
20260822,10,500,15,3000,3000,3000,3000,"fast","control_informative",0.05,5,0.01,"","mirage_joint","trait2","bfdr_observed_fdp",0.01,0
20260822,10,500,15,3000,3000,3000,3000,"fast","control_informative",0.05,5,0.01,"","mirage_joint","trait2","bfdr_estimate",0.01,0.00688960899619173
20260822,10,500,15,3000,3000,3000,3000,"fast","control_informative",0.05,5,0.01,"","mirage_joint","trait2","bfdr_power",0.01,0.1
20260822,10,500,15,3000,3000,3000,3000,"fast","control_informative",0.05,5,0.01,"","mirage_joint","trait2","bfdr_discoveries",0.01,1
20260822,10,500,15,3000,3000,3000,3000,"fast","control_informative",0.05,5,0.01,"","mirage_joint","trait2","bfdr_observed_fdp",0.05,0
20260822,10,500,15,3000,3000,3000,3000,"fast","control_informative",0.05,5,0.01,"","mirage_joint","trait2","bfdr_estimate",0.05,0.00688960899619173
20260822,10,500,15,3000,3000,3000,3000,"fast","control_informative",0.05,5,0.01,"","mirage_joint","trait2","bfdr_power",0.05,0.1
20260822,10,500,15,3000,3000,3000,3000,"fast","control_informative",0.05,5,0.01,"","mirage_joint","trait2","bfdr_discoveries",0.05,1
20260822,10,500,15,3000,3000,3000,3000,"fast","control_informative",0.05,5,0.01,"","mirage_joint","trait2","bfdr_observed_fdp",0.1,0
20260822,10,500,15,3000,3000,3000,3000,"fast","control_informative",0.05,5,0.01,"","mirage_joint","trait2","bfdr_estimate",0.1,0.00688960899619173
20260822,10,500,15,3000,3000,3000,3000,"fast","control_informative",0.05,5,0.01,"","mirage_joint","trait2","bfdr_power",0.1,0.1
20260822,10,500,15,3000,3000,3000,3000,"fast","control_informative",0.05,5,0.01,"","mirage_joint","trait2","bfdr_discoveries",0.1,1
20260822,10,500,15,3000,3000,3000,3000,"fast","control_informative",0.05,5,0.01,"","mirage_joint","trait2","bfdr_observed_fdp",0.2,0.5
20260822,10,500,15,3000,3000,3000,3000,"fast","control_informative",0.05,5,0.01,"","mirage_joint","trait2","bfdr_estimate",0.2,0.141927808124251
20260822,10,500,15,3000,3000,3000,3000,"fast","control_informative",0.05,5,0.01,"","mirage_joint","trait2","bfdr_power",0.2,0.1
20260822,10,500,15,3000,3000,3000,3000,"fast","control_informative",0.05,5,0.01,"","mirage_joint","trait2","bfdr_discoveries",0.2,2
20260822,10,500,15,3000,3000,3000,3000,"fast","control_informative",0.05,5,0.01,"","mirage_joint","pleiotropy","bfdr_observed_fdp",0.01,0
20260822,10,500,15,3000,3000,3000,3000,"fast","control_informative",0.05,5,0.01,"","mirage_joint","pleiotropy","bfdr_estimate",0.01,0.00691445735370733
20260822,10,500,15,3000,3000,3000,3000,"fast","control_informative",0.05,5,0.01,"","mirage_joint","pleiotropy","bfdr_power",0.01,0.2
20260822,10,500,15,3000,3000,3000,3000,"fast","control_informative",0.05,5,0.01,"","mirage_joint","pleiotropy","bfdr_discoveries",0.01,1
20260822,10,500,15,3000,3000,3000,3000,"fast","control_informative",0.05,5,0.01,"","mirage_joint","pleiotropy","bfdr_observed_fdp",0.05,0
20260822,10,500,15,3000,3000,3000,3000,"fast","control_informative",0.05,5,0.01,"","mirage_joint","pleiotropy","bfdr_estimate",0.05,0.00691445735370733
20260822,10,500,15,3000,3000,3000,3000,"fast","control_informative",0.05,5,0.01,"","mirage_joint","pleiotropy","bfdr_power",0.05,0.2
20260822,10,500,15,3000,3000,3000,3000,"fast","control_informative",0.05,5,0.01,"","mirage_joint","pleiotropy","bfdr_discoveries",0.05,1
20260822,10,500,15,3000,3000,3000,3000,"fast","control_informative",0.05,5,0.01,"","mirage_joint","pleiotropy","bfdr_observed_fdp",0.1,0
20260822,10,500,15,3000,3000,3000,3000,"fast","control_informative",0.05,5,0.01,"","mirage_joint","pleiotropy","bfdr_estimate",0.1,0.00691445735370733
20260822,10,500,15,3000,3000,3000,3000,"fast","control_informative",0.05,5,0.01,"","mirage_joint","pleiotropy","bfdr_power",0.1,0.2
20260822,10,500,15,3000,3000,3000,3000,"fast","control_informative",0.05,5,0.01,"","mirage_joint","pleiotropy","bfdr_discoveries",0.1,1
20260822,10,500,15,3000,3000,3000,3000,"fast","control_informative",0.05,5,0.01,"","mirage_joint","pleiotropy","bfdr_observed_fdp",0.2,0.5
20260822,10,500,15,3000,3000,3000,3000,"fast","control_informative",0.05,5,0.01,"","mirage_joint","pleiotropy","bfdr_estimate",0.2,0.141943380498477
20260822,10,500,15,3000,3000,3000,3000,"fast","control_informative",0.05,5,0.01,"","mirage_joint","pleiotropy","bfdr_power",0.2,0.2
20260822,10,500,15,3000,3000,3000,3000,"fast","control_informative",0.05,5,0.01,"","mirage_joint","pleiotropy","bfdr_discoveries",0.2,2
20260822,10,500,15,3000,3000,3000,3000,"fast","control_informative",0.05,5,0.01,"","mirage_joint","global","runtime_seconds",NA,17.946
20260822,10,500,15,3000,3000,3000,3000,"fast","control_informative",0.05,5,0.01,"","mirage_joint","pleiotropy","pi11_estimate",NA,0.012805485001257
20260822,10,500,15,3000,3000,3000,3000,"fast","control_informative",0.05,5,0.01,"","separate_mirage","trait1","auc",NA,0.765557894736842
20260822,10,500,15,3000,3000,3000,3000,"fast","control_informative",0.05,5,0.01,"","separate_mirage","trait2","auc",NA,0.623061224489796
20260822,10,500,15,3000,3000,3000,3000,"fast","control_informative",0.05,5,0.01,"","separate_mirage","pleiotropy","auc",NA,0.493737373737374
20260822,10,500,15,3000,3000,3000,3000,"fast","control_informative",0.05,5,0.01,"","separate_mirage","trait1","pp08_power",0.8,0.04
20260822,10,500,15,3000,3000,3000,3000,"fast","control_informative",0.05,5,0.01,"","separate_mirage","trait1","pp08_fdp",0.8,0
20260822,10,500,15,3000,3000,3000,3000,"fast","control_informative",0.05,5,0.01,"","separate_mirage","trait1","pp08_discoveries",0.8,1
20260822,10,500,15,3000,3000,3000,3000,"fast","control_informative",0.05,5,0.01,"","separate_mirage","trait2","pp08_power",0.8,0.1
20260822,10,500,15,3000,3000,3000,3000,"fast","control_informative",0.05,5,0.01,"","separate_mirage","trait2","pp08_fdp",0.8,0
20260822,10,500,15,3000,3000,3000,3000,"fast","control_informative",0.05,5,0.01,"","separate_mirage","trait2","pp08_discoveries",0.8,1
20260822,10,500,15,3000,3000,3000,3000,"fast","control_informative",0.05,5,0.01,"","separate_mirage","pleiotropy","pp08_power",0.8,0
20260822,10,500,15,3000,3000,3000,3000,"fast","control_informative",0.05,5,0.01,"","separate_mirage","pleiotropy","pp08_fdp",0.8,0
20260822,10,500,15,3000,3000,3000,3000,"fast","control_informative",0.05,5,0.01,"","separate_mirage","pleiotropy","pp08_discoveries",0.8,0
20260822,10,500,15,3000,3000,3000,3000,"fast","control_informative",0.05,5,0.01,"","separate_mirage","trait1","bfdr_observed_fdp",0.01,0
20260822,10,500,15,3000,3000,3000,3000,"fast","control_informative",0.05,5,0.01,"","separate_mirage","trait1","bfdr_estimate",0.01,0
20260822,10,500,15,3000,3000,3000,3000,"fast","control_informative",0.05,5,0.01,"","separate_mirage","trait1","bfdr_power",0.01,0
20260822,10,500,15,3000,3000,3000,3000,"fast","control_informative",0.05,5,0.01,"","separate_mirage","trait1","bfdr_discoveries",0.01,0
20260822,10,500,15,3000,3000,3000,3000,"fast","control_informative",0.05,5,0.01,"","separate_mirage","trait1","bfdr_observed_fdp",0.05,0
20260822,10,500,15,3000,3000,3000,3000,"fast","control_informative",0.05,5,0.01,"","separate_mirage","trait1","bfdr_estimate",0.05,0.0113250739616427
20260822,10,500,15,3000,3000,3000,3000,"fast","control_informative",0.05,5,0.01,"","separate_mirage","trait1","bfdr_power",0.05,0.04
20260822,10,500,15,3000,3000,3000,3000,"fast","control_informative",0.05,5,0.01,"","separate_mirage","trait1","bfdr_discoveries",0.05,1
20260822,10,500,15,3000,3000,3000,3000,"fast","control_informative",0.05,5,0.01,"","separate_mirage","trait1","bfdr_observed_fdp",0.1,0
20260822,10,500,15,3000,3000,3000,3000,"fast","control_informative",0.05,5,0.01,"","separate_mirage","trait1","bfdr_estimate",0.1,0.0113250739616427
20260822,10,500,15,3000,3000,3000,3000,"fast","control_informative",0.05,5,0.01,"","separate_mirage","trait1","bfdr_power",0.1,0.04
20260822,10,500,15,3000,3000,3000,3000,"fast","control_informative",0.05,5,0.01,"","separate_mirage","trait1","bfdr_discoveries",0.1,1
20260822,10,500,15,3000,3000,3000,3000,"fast","control_informative",0.05,5,0.01,"","separate_mirage","trait1","bfdr_observed_fdp",0.2,0
20260822,10,500,15,3000,3000,3000,3000,"fast","control_informative",0.05,5,0.01,"","separate_mirage","trait1","bfdr_estimate",0.2,0.116992755969215
20260822,10,500,15,3000,3000,3000,3000,"fast","control_informative",0.05,5,0.01,"","separate_mirage","trait1","bfdr_power",0.2,0.08
20260822,10,500,15,3000,3000,3000,3000,"fast","control_informative",0.05,5,0.01,"","separate_mirage","trait1","bfdr_discoveries",0.2,2
20260822,10,500,15,3000,3000,3000,3000,"fast","control_informative",0.05,5,0.01,"","separate_mirage","trait2","bfdr_observed_fdp",0.01,0
20260822,10,500,15,3000,3000,3000,3000,"fast","control_informative",0.05,5,0.01,"","separate_mirage","trait2","bfdr_estimate",0.01,0
20260822,10,500,15,3000,3000,3000,3000,"fast","control_informative",0.05,5,0.01,"","separate_mirage","trait2","bfdr_power",0.01,0
20260822,10,500,15,3000,3000,3000,3000,"fast","control_informative",0.05,5,0.01,"","separate_mirage","trait2","bfdr_discoveries",0.01,0
20260822,10,500,15,3000,3000,3000,3000,"fast","control_informative",0.05,5,0.01,"","separate_mirage","trait2","bfdr_observed_fdp",0.05,0
20260822,10,500,15,3000,3000,3000,3000,"fast","control_informative",0.05,5,0.01,"","separate_mirage","trait2","bfdr_estimate",0.05,0.0121184256398525
20260822,10,500,15,3000,3000,3000,3000,"fast","control_informative",0.05,5,0.01,"","separate_mirage","trait2","bfdr_power",0.05,0.1
20260822,10,500,15,3000,3000,3000,3000,"fast","control_informative",0.05,5,0.01,"","separate_mirage","trait2","bfdr_discoveries",0.05,1
20260822,10,500,15,3000,3000,3000,3000,"fast","control_informative",0.05,5,0.01,"","separate_mirage","trait2","bfdr_observed_fdp",0.1,0
20260822,10,500,15,3000,3000,3000,3000,"fast","control_informative",0.05,5,0.01,"","separate_mirage","trait2","bfdr_estimate",0.1,0.0121184256398525
20260822,10,500,15,3000,3000,3000,3000,"fast","control_informative",0.05,5,0.01,"","separate_mirage","trait2","bfdr_power",0.1,0.1
20260822,10,500,15,3000,3000,3000,3000,"fast","control_informative",0.05,5,0.01,"","separate_mirage","trait2","bfdr_discoveries",0.1,1
20260822,10,500,15,3000,3000,3000,3000,"fast","control_informative",0.05,5,0.01,"","separate_mirage","trait2","bfdr_observed_fdp",0.2,0
20260822,10,500,15,3000,3000,3000,3000,"fast","control_informative",0.05,5,0.01,"","separate_mirage","trait2","bfdr_estimate",0.2,0.0121184256398525
20260822,10,500,15,3000,3000,3000,3000,"fast","control_informative",0.05,5,0.01,"","separate_mirage","trait2","bfdr_power",0.2,0.1
20260822,10,500,15,3000,3000,3000,3000,"fast","control_informative",0.05,5,0.01,"","separate_mirage","trait2","bfdr_discoveries",0.2,1
20260822,10,500,15,3000,3000,3000,3000,"fast","control_informative",0.05,5,0.01,"","separate_mirage","pleiotropy","bfdr_observed_fdp",0.01,0
20260822,10,500,15,3000,3000,3000,3000,"fast","control_informative",0.05,5,0.01,"","separate_mirage","pleiotropy","bfdr_estimate",0.01,0
20260822,10,500,15,3000,3000,3000,3000,"fast","control_informative",0.05,5,0.01,"","separate_mirage","pleiotropy","bfdr_power",0.01,0
20260822,10,500,15,3000,3000,3000,3000,"fast","control_informative",0.05,5,0.01,"","separate_mirage","pleiotropy","bfdr_discoveries",0.01,0
20260822,10,500,15,3000,3000,3000,3000,"fast","control_informative",0.05,5,0.01,"","separate_mirage","pleiotropy","bfdr_observed_fdp",0.05,0
20260822,10,500,15,3000,3000,3000,3000,"fast","control_informative",0.05,5,0.01,"","separate_mirage","pleiotropy","bfdr_estimate",0.05,0
20260822,10,500,15,3000,3000,3000,3000,"fast","control_informative",0.05,5,0.01,"","separate_mirage","pleiotropy","bfdr_power",0.05,0
20260822,10,500,15,3000,3000,3000,3000,"fast","control_informative",0.05,5,0.01,"","separate_mirage","pleiotropy","bfdr_discoveries",0.05,0
20260822,10,500,15,3000,3000,3000,3000,"fast","control_informative",0.05,5,0.01,"","separate_mirage","pleiotropy","bfdr_observed_fdp",0.1,0
20260822,10,500,15,3000,3000,3000,3000,"fast","control_informative",0.05,5,0.01,"","separate_mirage","pleiotropy","bfdr_estimate",0.1,0
20260822,10,500,15,3000,3000,3000,3000,"fast","control_informative",0.05,5,0.01,"","separate_mirage","pleiotropy","bfdr_power",0.1,0
20260822,10,500,15,3000,3000,3000,3000,"fast","control_informative",0.05,5,0.01,"","separate_mirage","pleiotropy","bfdr_discoveries",0.1,0
20260822,10,500,15,3000,3000,3000,3000,"fast","control_informative",0.05,5,0.01,"","separate_mirage","pleiotropy","bfdr_observed_fdp",0.2,0
20260822,10,500,15,3000,3000,3000,3000,"fast","control_informative",0.05,5,0.01,"","separate_mirage","pleiotropy","bfdr_estimate",0.2,0
20260822,10,500,15,3000,3000,3000,3000,"fast","control_informative",0.05,5,0.01,"","separate_mirage","pleiotropy","bfdr_power",0.2,0
20260822,10,500,15,3000,3000,3000,3000,"fast","control_informative",0.05,5,0.01,"","separate_mirage","pleiotropy","bfdr_discoveries",0.2,0
20260822,10,500,15,3000,3000,3000,3000,"fast","control_informative",0.05,5,0.01,"","separate_mirage","global","runtime_seconds",NA,17.994
20260822,10,500,15,3000,3000,3000,3000,"fast","control_informative",0.05,5,0.01,"","separate_mirage","pleiotropy","pi11_estimate",NA,0.001
20260822,10,500,15,3000,3000,3000,3000,"fast","control_informative",0.05,5,0.01,"","mtada_aggregated","trait1","auc",NA,0.642105263157895
20260822,10,500,15,3000,3000,3000,3000,"fast","control_informative",0.05,5,0.01,"","mtada_aggregated","trait2","auc",NA,0.591224489795918
20260822,10,500,15,3000,3000,3000,3000,"fast","control_informative",0.05,5,0.01,"","mtada_aggregated","pleiotropy","auc",NA,0.39030303030303
20260822,10,500,15,3000,3000,3000,3000,"fast","control_informative",0.05,5,0.01,"","mtada_aggregated","trait1","pp08_power",0.8,0.08
20260822,10,500,15,3000,3000,3000,3000,"fast","control_informative",0.05,5,0.01,"","mtada_aggregated","trait1","pp08_fdp",0.8,0.944444444444444
20260822,10,500,15,3000,3000,3000,3000,"fast","control_informative",0.05,5,0.01,"","mtada_aggregated","trait1","pp08_discoveries",0.8,36
20260822,10,500,15,3000,3000,3000,3000,"fast","control_informative",0.05,5,0.01,"","mtada_aggregated","trait2","pp08_power",0.8,0.2
20260822,10,500,15,3000,3000,3000,3000,"fast","control_informative",0.05,5,0.01,"","mtada_aggregated","trait2","pp08_fdp",0.8,0.942857142857143
20260822,10,500,15,3000,3000,3000,3000,"fast","control_informative",0.05,5,0.01,"","mtada_aggregated","trait2","pp08_discoveries",0.8,35
20260822,10,500,15,3000,3000,3000,3000,"fast","control_informative",0.05,5,0.01,"","mtada_aggregated","pleiotropy","pp08_power",0.8,0
20260822,10,500,15,3000,3000,3000,3000,"fast","control_informative",0.05,5,0.01,"","mtada_aggregated","pleiotropy","pp08_fdp",0.8,1
20260822,10,500,15,3000,3000,3000,3000,"fast","control_informative",0.05,5,0.01,"","mtada_aggregated","pleiotropy","pp08_discoveries",0.8,2
20260822,10,500,15,3000,3000,3000,3000,"fast","control_informative",0.05,5,0.01,"","mtada_aggregated","trait1","bfdr_observed_fdp",0.01,0.96551724137931
20260822,10,500,15,3000,3000,3000,3000,"fast","control_informative",0.05,5,0.01,"","mtada_aggregated","trait1","bfdr_estimate",0.01,0.0077703237710867
20260822,10,500,15,3000,3000,3000,3000,"fast","control_informative",0.05,5,0.01,"","mtada_aggregated","trait1","bfdr_power",0.01,0.04
20260822,10,500,15,3000,3000,3000,3000,"fast","control_informative",0.05,5,0.01,"","mtada_aggregated","trait1","bfdr_discoveries",0.01,29
20260822,10,500,15,3000,3000,3000,3000,"fast","control_informative",0.05,5,0.01,"","mtada_aggregated","trait1","bfdr_observed_fdp",0.05,0.923076923076923
20260822,10,500,15,3000,3000,3000,3000,"fast","control_informative",0.05,5,0.01,"","mtada_aggregated","trait1","bfdr_estimate",0.05,0.0470019500952683
20260822,10,500,15,3000,3000,3000,3000,"fast","control_informative",0.05,5,0.01,"","mtada_aggregated","trait1","bfdr_power",0.05,0.12
20260822,10,500,15,3000,3000,3000,3000,"fast","control_informative",0.05,5,0.01,"","mtada_aggregated","trait1","bfdr_discoveries",0.05,39
20260822,10,500,15,3000,3000,3000,3000,"fast","control_informative",0.05,5,0.01,"","mtada_aggregated","trait1","bfdr_observed_fdp",0.1,0.918367346938776
20260822,10,500,15,3000,3000,3000,3000,"fast","control_informative",0.05,5,0.01,"","mtada_aggregated","trait1","bfdr_estimate",0.1,0.094837997842825
20260822,10,500,15,3000,3000,3000,3000,"fast","control_informative",0.05,5,0.01,"","mtada_aggregated","trait1","bfdr_power",0.1,0.16
20260822,10,500,15,3000,3000,3000,3000,"fast","control_informative",0.05,5,0.01,"","mtada_aggregated","trait1","bfdr_discoveries",0.1,49
20260822,10,500,15,3000,3000,3000,3000,"fast","control_informative",0.05,5,0.01,"","mtada_aggregated","trait1","bfdr_observed_fdp",0.2,0.878787878787879
20260822,10,500,15,3000,3000,3000,3000,"fast","control_informative",0.05,5,0.01,"","mtada_aggregated","trait1","bfdr_estimate",0.2,0.198576835350499
20260822,10,500,15,3000,3000,3000,3000,"fast","control_informative",0.05,5,0.01,"","mtada_aggregated","trait1","bfdr_power",0.2,0.32
20260822,10,500,15,3000,3000,3000,3000,"fast","control_informative",0.05,5,0.01,"","mtada_aggregated","trait1","bfdr_discoveries",0.2,66
20260822,10,500,15,3000,3000,3000,3000,"fast","control_informative",0.05,5,0.01,"","mtada_aggregated","trait2","bfdr_observed_fdp",0.01,0.933333333333333
20260822,10,500,15,3000,3000,3000,3000,"fast","control_informative",0.05,5,0.01,"","mtada_aggregated","trait2","bfdr_estimate",0.01,0.00734698105397662
20260822,10,500,15,3000,3000,3000,3000,"fast","control_informative",0.05,5,0.01,"","mtada_aggregated","trait2","bfdr_power",0.01,0.2
20260822,10,500,15,3000,3000,3000,3000,"fast","control_informative",0.05,5,0.01,"","mtada_aggregated","trait2","bfdr_discoveries",0.01,30
20260822,10,500,15,3000,3000,3000,3000,"fast","control_informative",0.05,5,0.01,"","mtada_aggregated","trait2","bfdr_observed_fdp",0.05,0.948717948717949
20260822,10,500,15,3000,3000,3000,3000,"fast","control_informative",0.05,5,0.01,"","mtada_aggregated","trait2","bfdr_estimate",0.05,0.0493433188898703
20260822,10,500,15,3000,3000,3000,3000,"fast","control_informative",0.05,5,0.01,"","mtada_aggregated","trait2","bfdr_power",0.05,0.2
20260822,10,500,15,3000,3000,3000,3000,"fast","control_informative",0.05,5,0.01,"","mtada_aggregated","trait2","bfdr_discoveries",0.05,39
20260822,10,500,15,3000,3000,3000,3000,"fast","control_informative",0.05,5,0.01,"","mtada_aggregated","trait2","bfdr_observed_fdp",0.1,0.955555555555556
20260822,10,500,15,3000,3000,3000,3000,"fast","control_informative",0.05,5,0.01,"","mtada_aggregated","trait2","bfdr_estimate",0.1,0.0937847618310799
20260822,10,500,15,3000,3000,3000,3000,"fast","control_informative",0.05,5,0.01,"","mtada_aggregated","trait2","bfdr_power",0.1,0.2
20260822,10,500,15,3000,3000,3000,3000,"fast","control_informative",0.05,5,0.01,"","mtada_aggregated","trait2","bfdr_discoveries",0.1,45
20260822,10,500,15,3000,3000,3000,3000,"fast","control_informative",0.05,5,0.01,"","mtada_aggregated","trait2","bfdr_observed_fdp",0.2,0.962962962962963
20260822,10,500,15,3000,3000,3000,3000,"fast","control_informative",0.05,5,0.01,"","mtada_aggregated","trait2","bfdr_estimate",0.2,0.192336741793803
20260822,10,500,15,3000,3000,3000,3000,"fast","control_informative",0.05,5,0.01,"","mtada_aggregated","trait2","bfdr_power",0.2,0.2
20260822,10,500,15,3000,3000,3000,3000,"fast","control_informative",0.05,5,0.01,"","mtada_aggregated","trait2","bfdr_discoveries",0.2,54
20260822,10,500,15,3000,3000,3000,3000,"fast","control_informative",0.05,5,0.01,"","mtada_aggregated","pleiotropy","bfdr_observed_fdp",0.01,1
20260822,10,500,15,3000,3000,3000,3000,"fast","control_informative",0.05,5,0.01,"","mtada_aggregated","pleiotropy","bfdr_estimate",0.01,0.000578351902779883
20260822,10,500,15,3000,3000,3000,3000,"fast","control_informative",0.05,5,0.01,"","mtada_aggregated","pleiotropy","bfdr_power",0.01,0
20260822,10,500,15,3000,3000,3000,3000,"fast","control_informative",0.05,5,0.01,"","mtada_aggregated","pleiotropy","bfdr_discoveries",0.01,2
20260822,10,500,15,3000,3000,3000,3000,"fast","control_informative",0.05,5,0.01,"","mtada_aggregated","pleiotropy","bfdr_observed_fdp",0.05,1
20260822,10,500,15,3000,3000,3000,3000,"fast","control_informative",0.05,5,0.01,"","mtada_aggregated","pleiotropy","bfdr_estimate",0.05,0.000578351902779883
20260822,10,500,15,3000,3000,3000,3000,"fast","control_informative",0.05,5,0.01,"","mtada_aggregated","pleiotropy","bfdr_power",0.05,0
20260822,10,500,15,3000,3000,3000,3000,"fast","control_informative",0.05,5,0.01,"","mtada_aggregated","pleiotropy","bfdr_discoveries",0.05,2
20260822,10,500,15,3000,3000,3000,3000,"fast","control_informative",0.05,5,0.01,"","mtada_aggregated","pleiotropy","bfdr_observed_fdp",0.1,1
20260822,10,500,15,3000,3000,3000,3000,"fast","control_informative",0.05,5,0.01,"","mtada_aggregated","pleiotropy","bfdr_estimate",0.1,0.0718052220866726
20260822,10,500,15,3000,3000,3000,3000,"fast","control_informative",0.05,5,0.01,"","mtada_aggregated","pleiotropy","bfdr_power",0.1,0
20260822,10,500,15,3000,3000,3000,3000,"fast","control_informative",0.05,5,0.01,"","mtada_aggregated","pleiotropy","bfdr_discoveries",0.1,3
20260822,10,500,15,3000,3000,3000,3000,"fast","control_informative",0.05,5,0.01,"","mtada_aggregated","pleiotropy","bfdr_observed_fdp",0.2,1
20260822,10,500,15,3000,3000,3000,3000,"fast","control_informative",0.05,5,0.01,"","mtada_aggregated","pleiotropy","bfdr_estimate",0.2,0.0718052220866726
20260822,10,500,15,3000,3000,3000,3000,"fast","control_informative",0.05,5,0.01,"","mtada_aggregated","pleiotropy","bfdr_power",0.2,0
20260822,10,500,15,3000,3000,3000,3000,"fast","control_informative",0.05,5,0.01,"","mtada_aggregated","pleiotropy","bfdr_discoveries",0.2,3
20260822,10,500,15,3000,3000,3000,3000,"fast","control_informative",0.05,5,0.01,"","mtada_aggregated","global","runtime_seconds",NA,0.704000000000008
20260822,10,500,15,3000,3000,3000,3000,"fast","control_informative",0.05,5,0.01,"","mtada_aggregated","pleiotropy","pi11_estimate",NA,0.00177426
20260823,11,500,15,3000,3000,3000,3000,"fast","control_informative",0.05,5,0.01,"","mirage_joint","trait1","auc",NA,0.624926315789474
20260823,11,500,15,3000,3000,3000,3000,"fast","control_informative",0.05,5,0.01,"","mirage_joint","trait2","auc",NA,0.732857142857143
20260823,11,500,15,3000,3000,3000,3000,"fast","control_informative",0.05,5,0.01,"","mirage_joint","pleiotropy","auc",NA,0.672727272727273
20260823,11,500,15,3000,3000,3000,3000,"fast","control_informative",0.05,5,0.01,"","mirage_joint","trait1","pp08_power",0.8,0.24
20260823,11,500,15,3000,3000,3000,3000,"fast","control_informative",0.05,5,0.01,"","mirage_joint","trait1","pp08_fdp",0.8,0.142857142857143
20260823,11,500,15,3000,3000,3000,3000,"fast","control_informative",0.05,5,0.01,"","mirage_joint","trait1","pp08_discoveries",0.8,7
20260823,11,500,15,3000,3000,3000,3000,"fast","control_informative",0.05,5,0.01,"","mirage_joint","trait2","pp08_power",0.8,0
20260823,11,500,15,3000,3000,3000,3000,"fast","control_informative",0.05,5,0.01,"","mirage_joint","trait2","pp08_fdp",0.8,0
20260823,11,500,15,3000,3000,3000,3000,"fast","control_informative",0.05,5,0.01,"","mirage_joint","trait2","pp08_discoveries",0.8,0
20260823,11,500,15,3000,3000,3000,3000,"fast","control_informative",0.05,5,0.01,"","mirage_joint","pleiotropy","pp08_power",0.8,0
20260823,11,500,15,3000,3000,3000,3000,"fast","control_informative",0.05,5,0.01,"","mirage_joint","pleiotropy","pp08_fdp",0.8,0
20260823,11,500,15,3000,3000,3000,3000,"fast","control_informative",0.05,5,0.01,"","mirage_joint","pleiotropy","pp08_discoveries",0.8,0
20260823,11,500,15,3000,3000,3000,3000,"fast","control_informative",0.05,5,0.01,"","mirage_joint","trait1","bfdr_observed_fdp",0.01,0
20260823,11,500,15,3000,3000,3000,3000,"fast","control_informative",0.05,5,0.01,"","mirage_joint","trait1","bfdr_estimate",0.01,0.00215754844573672
20260823,11,500,15,3000,3000,3000,3000,"fast","control_informative",0.05,5,0.01,"","mirage_joint","trait1","bfdr_power",0.01,0.2
20260823,11,500,15,3000,3000,3000,3000,"fast","control_informative",0.05,5,0.01,"","mirage_joint","trait1","bfdr_discoveries",0.01,5
20260823,11,500,15,3000,3000,3000,3000,"fast","control_informative",0.05,5,0.01,"","mirage_joint","trait1","bfdr_observed_fdp",0.05,0.142857142857143
20260823,11,500,15,3000,3000,3000,3000,"fast","control_informative",0.05,5,0.01,"","mirage_joint","trait1","bfdr_estimate",0.05,0.0458654633433341
20260823,11,500,15,3000,3000,3000,3000,"fast","control_informative",0.05,5,0.01,"","mirage_joint","trait1","bfdr_power",0.05,0.24
20260823,11,500,15,3000,3000,3000,3000,"fast","control_informative",0.05,5,0.01,"","mirage_joint","trait1","bfdr_discoveries",0.05,7
20260823,11,500,15,3000,3000,3000,3000,"fast","control_informative",0.05,5,0.01,"","mirage_joint","trait1","bfdr_observed_fdp",0.1,0.125
20260823,11,500,15,3000,3000,3000,3000,"fast","control_informative",0.05,5,0.01,"","mirage_joint","trait1","bfdr_estimate",0.1,0.0782519582909451
20260823,11,500,15,3000,3000,3000,3000,"fast","control_informative",0.05,5,0.01,"","mirage_joint","trait1","bfdr_power",0.1,0.28
20260823,11,500,15,3000,3000,3000,3000,"fast","control_informative",0.05,5,0.01,"","mirage_joint","trait1","bfdr_discoveries",0.1,8
20260823,11,500,15,3000,3000,3000,3000,"fast","control_informative",0.05,5,0.01,"","mirage_joint","trait1","bfdr_observed_fdp",0.2,0.166666666666667
20260823,11,500,15,3000,3000,3000,3000,"fast","control_informative",0.05,5,0.01,"","mirage_joint","trait1","bfdr_estimate",0.2,0.179734238051995
20260823,11,500,15,3000,3000,3000,3000,"fast","control_informative",0.05,5,0.01,"","mirage_joint","trait1","bfdr_power",0.2,0.4
20260823,11,500,15,3000,3000,3000,3000,"fast","control_informative",0.05,5,0.01,"","mirage_joint","trait1","bfdr_discoveries",0.2,12
20260823,11,500,15,3000,3000,3000,3000,"fast","control_informative",0.05,5,0.01,"","mirage_joint","trait2","bfdr_observed_fdp",0.01,0
20260823,11,500,15,3000,3000,3000,3000,"fast","control_informative",0.05,5,0.01,"","mirage_joint","trait2","bfdr_estimate",0.01,0
20260823,11,500,15,3000,3000,3000,3000,"fast","control_informative",0.05,5,0.01,"","mirage_joint","trait2","bfdr_power",0.01,0
20260823,11,500,15,3000,3000,3000,3000,"fast","control_informative",0.05,5,0.01,"","mirage_joint","trait2","bfdr_discoveries",0.01,0
20260823,11,500,15,3000,3000,3000,3000,"fast","control_informative",0.05,5,0.01,"","mirage_joint","trait2","bfdr_observed_fdp",0.05,0
20260823,11,500,15,3000,3000,3000,3000,"fast","control_informative",0.05,5,0.01,"","mirage_joint","trait2","bfdr_estimate",0.05,0
20260823,11,500,15,3000,3000,3000,3000,"fast","control_informative",0.05,5,0.01,"","mirage_joint","trait2","bfdr_power",0.05,0
20260823,11,500,15,3000,3000,3000,3000,"fast","control_informative",0.05,5,0.01,"","mirage_joint","trait2","bfdr_discoveries",0.05,0
20260823,11,500,15,3000,3000,3000,3000,"fast","control_informative",0.05,5,0.01,"","mirage_joint","trait2","bfdr_observed_fdp",0.1,0
20260823,11,500,15,3000,3000,3000,3000,"fast","control_informative",0.05,5,0.01,"","mirage_joint","trait2","bfdr_estimate",0.1,0
20260823,11,500,15,3000,3000,3000,3000,"fast","control_informative",0.05,5,0.01,"","mirage_joint","trait2","bfdr_power",0.1,0
20260823,11,500,15,3000,3000,3000,3000,"fast","control_informative",0.05,5,0.01,"","mirage_joint","trait2","bfdr_discoveries",0.1,0
20260823,11,500,15,3000,3000,3000,3000,"fast","control_informative",0.05,5,0.01,"","mirage_joint","trait2","bfdr_observed_fdp",0.2,0
20260823,11,500,15,3000,3000,3000,3000,"fast","control_informative",0.05,5,0.01,"","mirage_joint","trait2","bfdr_estimate",0.2,0
20260823,11,500,15,3000,3000,3000,3000,"fast","control_informative",0.05,5,0.01,"","mirage_joint","trait2","bfdr_power",0.2,0
20260823,11,500,15,3000,3000,3000,3000,"fast","control_informative",0.05,5,0.01,"","mirage_joint","trait2","bfdr_discoveries",0.2,0
20260823,11,500,15,3000,3000,3000,3000,"fast","control_informative",0.05,5,0.01,"","mirage_joint","pleiotropy","bfdr_observed_fdp",0.01,0
20260823,11,500,15,3000,3000,3000,3000,"fast","control_informative",0.05,5,0.01,"","mirage_joint","pleiotropy","bfdr_estimate",0.01,0
20260823,11,500,15,3000,3000,3000,3000,"fast","control_informative",0.05,5,0.01,"","mirage_joint","pleiotropy","bfdr_power",0.01,0
20260823,11,500,15,3000,3000,3000,3000,"fast","control_informative",0.05,5,0.01,"","mirage_joint","pleiotropy","bfdr_discoveries",0.01,0
20260823,11,500,15,3000,3000,3000,3000,"fast","control_informative",0.05,5,0.01,"","mirage_joint","pleiotropy","bfdr_observed_fdp",0.05,0
20260823,11,500,15,3000,3000,3000,3000,"fast","control_informative",0.05,5,0.01,"","mirage_joint","pleiotropy","bfdr_estimate",0.05,0
20260823,11,500,15,3000,3000,3000,3000,"fast","control_informative",0.05,5,0.01,"","mirage_joint","pleiotropy","bfdr_power",0.05,0
20260823,11,500,15,3000,3000,3000,3000,"fast","control_informative",0.05,5,0.01,"","mirage_joint","pleiotropy","bfdr_discoveries",0.05,0
20260823,11,500,15,3000,3000,3000,3000,"fast","control_informative",0.05,5,0.01,"","mirage_joint","pleiotropy","bfdr_observed_fdp",0.1,0
20260823,11,500,15,3000,3000,3000,3000,"fast","control_informative",0.05,5,0.01,"","mirage_joint","pleiotropy","bfdr_estimate",0.1,0
20260823,11,500,15,3000,3000,3000,3000,"fast","control_informative",0.05,5,0.01,"","mirage_joint","pleiotropy","bfdr_power",0.1,0
20260823,11,500,15,3000,3000,3000,3000,"fast","control_informative",0.05,5,0.01,"","mirage_joint","pleiotropy","bfdr_discoveries",0.1,0
20260823,11,500,15,3000,3000,3000,3000,"fast","control_informative",0.05,5,0.01,"","mirage_joint","pleiotropy","bfdr_observed_fdp",0.2,0
20260823,11,500,15,3000,3000,3000,3000,"fast","control_informative",0.05,5,0.01,"","mirage_joint","pleiotropy","bfdr_estimate",0.2,0
20260823,11,500,15,3000,3000,3000,3000,"fast","control_informative",0.05,5,0.01,"","mirage_joint","pleiotropy","bfdr_power",0.2,0
20260823,11,500,15,3000,3000,3000,3000,"fast","control_informative",0.05,5,0.01,"","mirage_joint","pleiotropy","bfdr_discoveries",0.2,0
20260823,11,500,15,3000,3000,3000,3000,"fast","control_informative",0.05,5,0.01,"","mirage_joint","global","runtime_seconds",NA,18.104
20260823,11,500,15,3000,3000,3000,3000,"fast","control_informative",0.05,5,0.01,"","mirage_joint","pleiotropy","pi11_estimate",NA,0.00973504673298183
20260823,11,500,15,3000,3000,3000,3000,"fast","control_informative",0.05,5,0.01,"","separate_mirage","trait1","auc",NA,0.613052631578947
20260823,11,500,15,3000,3000,3000,3000,"fast","control_informative",0.05,5,0.01,"","separate_mirage","trait2","auc",NA,0.499387755102041
20260823,11,500,15,3000,3000,3000,3000,"fast","control_informative",0.05,5,0.01,"","separate_mirage","pleiotropy","auc",NA,0.70020202020202
20260823,11,500,15,3000,3000,3000,3000,"fast","control_informative",0.05,5,0.01,"","separate_mirage","trait1","pp08_power",0.8,0.2
20260823,11,500,15,3000,3000,3000,3000,"fast","control_informative",0.05,5,0.01,"","separate_mirage","trait1","pp08_fdp",0.8,0.166666666666667
20260823,11,500,15,3000,3000,3000,3000,"fast","control_informative",0.05,5,0.01,"","separate_mirage","trait1","pp08_discoveries",0.8,6
20260823,11,500,15,3000,3000,3000,3000,"fast","control_informative",0.05,5,0.01,"","separate_mirage","trait2","pp08_power",0.8,0
20260823,11,500,15,3000,3000,3000,3000,"fast","control_informative",0.05,5,0.01,"","separate_mirage","trait2","pp08_fdp",0.8,0
20260823,11,500,15,3000,3000,3000,3000,"fast","control_informative",0.05,5,0.01,"","separate_mirage","trait2","pp08_discoveries",0.8,0
20260823,11,500,15,3000,3000,3000,3000,"fast","control_informative",0.05,5,0.01,"","separate_mirage","pleiotropy","pp08_power",0.8,0
20260823,11,500,15,3000,3000,3000,3000,"fast","control_informative",0.05,5,0.01,"","separate_mirage","pleiotropy","pp08_fdp",0.8,0
20260823,11,500,15,3000,3000,3000,3000,"fast","control_informative",0.05,5,0.01,"","separate_mirage","pleiotropy","pp08_discoveries",0.8,0
20260823,11,500,15,3000,3000,3000,3000,"fast","control_informative",0.05,5,0.01,"","separate_mirage","trait1","bfdr_observed_fdp",0.01,0
20260823,11,500,15,3000,3000,3000,3000,"fast","control_informative",0.05,5,0.01,"","separate_mirage","trait1","bfdr_estimate",0.01,0.00280271682955231
20260823,11,500,15,3000,3000,3000,3000,"fast","control_informative",0.05,5,0.01,"","separate_mirage","trait1","bfdr_power",0.01,0.2
20260823,11,500,15,3000,3000,3000,3000,"fast","control_informative",0.05,5,0.01,"","separate_mirage","trait1","bfdr_discoveries",0.01,5
20260823,11,500,15,3000,3000,3000,3000,"fast","control_informative",0.05,5,0.01,"","separate_mirage","trait1","bfdr_observed_fdp",0.05,0.166666666666667
20260823,11,500,15,3000,3000,3000,3000,"fast","control_informative",0.05,5,0.01,"","separate_mirage","trait1","bfdr_estimate",0.05,0.0321474337615929
20260823,11,500,15,3000,3000,3000,3000,"fast","control_informative",0.05,5,0.01,"","separate_mirage","trait1","bfdr_power",0.05,0.2
20260823,11,500,15,3000,3000,3000,3000,"fast","control_informative",0.05,5,0.01,"","separate_mirage","trait1","bfdr_discoveries",0.05,6
20260823,11,500,15,3000,3000,3000,3000,"fast","control_informative",0.05,5,0.01,"","separate_mirage","trait1","bfdr_observed_fdp",0.1,0.142857142857143
20260823,11,500,15,3000,3000,3000,3000,"fast","control_informative",0.05,5,0.01,"","separate_mirage","trait1","bfdr_estimate",0.1,0.0688888930545233
20260823,11,500,15,3000,3000,3000,3000,"fast","control_informative",0.05,5,0.01,"","separate_mirage","trait1","bfdr_power",0.1,0.24
20260823,11,500,15,3000,3000,3000,3000,"fast","control_informative",0.05,5,0.01,"","separate_mirage","trait1","bfdr_discoveries",0.1,7
20260823,11,500,15,3000,3000,3000,3000,"fast","control_informative",0.05,5,0.01,"","separate_mirage","trait1","bfdr_observed_fdp",0.2,0.1
20260823,11,500,15,3000,3000,3000,3000,"fast","control_informative",0.05,5,0.01,"","separate_mirage","trait1","bfdr_estimate",0.2,0.190093130842563
20260823,11,500,15,3000,3000,3000,3000,"fast","control_informative",0.05,5,0.01,"","separate_mirage","trait1","bfdr_power",0.2,0.36
20260823,11,500,15,3000,3000,3000,3000,"fast","control_informative",0.05,5,0.01,"","separate_mirage","trait1","bfdr_discoveries",0.2,10
20260823,11,500,15,3000,3000,3000,3000,"fast","control_informative",0.05,5,0.01,"","separate_mirage","trait2","bfdr_observed_fdp",0.01,0
20260823,11,500,15,3000,3000,3000,3000,"fast","control_informative",0.05,5,0.01,"","separate_mirage","trait2","bfdr_estimate",0.01,0
20260823,11,500,15,3000,3000,3000,3000,"fast","control_informative",0.05,5,0.01,"","separate_mirage","trait2","bfdr_power",0.01,0
20260823,11,500,15,3000,3000,3000,3000,"fast","control_informative",0.05,5,0.01,"","separate_mirage","trait2","bfdr_discoveries",0.01,0
20260823,11,500,15,3000,3000,3000,3000,"fast","control_informative",0.05,5,0.01,"","separate_mirage","trait2","bfdr_observed_fdp",0.05,0
20260823,11,500,15,3000,3000,3000,3000,"fast","control_informative",0.05,5,0.01,"","separate_mirage","trait2","bfdr_estimate",0.05,0
20260823,11,500,15,3000,3000,3000,3000,"fast","control_informative",0.05,5,0.01,"","separate_mirage","trait2","bfdr_power",0.05,0
20260823,11,500,15,3000,3000,3000,3000,"fast","control_informative",0.05,5,0.01,"","separate_mirage","trait2","bfdr_discoveries",0.05,0
20260823,11,500,15,3000,3000,3000,3000,"fast","control_informative",0.05,5,0.01,"","separate_mirage","trait2","bfdr_observed_fdp",0.1,0
20260823,11,500,15,3000,3000,3000,3000,"fast","control_informative",0.05,5,0.01,"","separate_mirage","trait2","bfdr_estimate",0.1,0
20260823,11,500,15,3000,3000,3000,3000,"fast","control_informative",0.05,5,0.01,"","separate_mirage","trait2","bfdr_power",0.1,0
20260823,11,500,15,3000,3000,3000,3000,"fast","control_informative",0.05,5,0.01,"","separate_mirage","trait2","bfdr_discoveries",0.1,0
20260823,11,500,15,3000,3000,3000,3000,"fast","control_informative",0.05,5,0.01,"","separate_mirage","trait2","bfdr_observed_fdp",0.2,0
20260823,11,500,15,3000,3000,3000,3000,"fast","control_informative",0.05,5,0.01,"","separate_mirage","trait2","bfdr_estimate",0.2,0
20260823,11,500,15,3000,3000,3000,3000,"fast","control_informative",0.05,5,0.01,"","separate_mirage","trait2","bfdr_power",0.2,0
20260823,11,500,15,3000,3000,3000,3000,"fast","control_informative",0.05,5,0.01,"","separate_mirage","trait2","bfdr_discoveries",0.2,0
20260823,11,500,15,3000,3000,3000,3000,"fast","control_informative",0.05,5,0.01,"","separate_mirage","pleiotropy","bfdr_observed_fdp",0.01,0
20260823,11,500,15,3000,3000,3000,3000,"fast","control_informative",0.05,5,0.01,"","separate_mirage","pleiotropy","bfdr_estimate",0.01,0
20260823,11,500,15,3000,3000,3000,3000,"fast","control_informative",0.05,5,0.01,"","separate_mirage","pleiotropy","bfdr_power",0.01,0
20260823,11,500,15,3000,3000,3000,3000,"fast","control_informative",0.05,5,0.01,"","separate_mirage","pleiotropy","bfdr_discoveries",0.01,0
20260823,11,500,15,3000,3000,3000,3000,"fast","control_informative",0.05,5,0.01,"","separate_mirage","pleiotropy","bfdr_observed_fdp",0.05,0
20260823,11,500,15,3000,3000,3000,3000,"fast","control_informative",0.05,5,0.01,"","separate_mirage","pleiotropy","bfdr_estimate",0.05,0
20260823,11,500,15,3000,3000,3000,3000,"fast","control_informative",0.05,5,0.01,"","separate_mirage","pleiotropy","bfdr_power",0.05,0
20260823,11,500,15,3000,3000,3000,3000,"fast","control_informative",0.05,5,0.01,"","separate_mirage","pleiotropy","bfdr_discoveries",0.05,0
20260823,11,500,15,3000,3000,3000,3000,"fast","control_informative",0.05,5,0.01,"","separate_mirage","pleiotropy","bfdr_observed_fdp",0.1,0
20260823,11,500,15,3000,3000,3000,3000,"fast","control_informative",0.05,5,0.01,"","separate_mirage","pleiotropy","bfdr_estimate",0.1,0
20260823,11,500,15,3000,3000,3000,3000,"fast","control_informative",0.05,5,0.01,"","separate_mirage","pleiotropy","bfdr_power",0.1,0
20260823,11,500,15,3000,3000,3000,3000,"fast","control_informative",0.05,5,0.01,"","separate_mirage","pleiotropy","bfdr_discoveries",0.1,0
20260823,11,500,15,3000,3000,3000,3000,"fast","control_informative",0.05,5,0.01,"","separate_mirage","pleiotropy","bfdr_observed_fdp",0.2,0
20260823,11,500,15,3000,3000,3000,3000,"fast","control_informative",0.05,5,0.01,"","separate_mirage","pleiotropy","bfdr_estimate",0.2,0
20260823,11,500,15,3000,3000,3000,3000,"fast","control_informative",0.05,5,0.01,"","separate_mirage","pleiotropy","bfdr_power",0.2,0
20260823,11,500,15,3000,3000,3000,3000,"fast","control_informative",0.05,5,0.01,"","separate_mirage","pleiotropy","bfdr_discoveries",0.2,0
20260823,11,500,15,3000,3000,3000,3000,"fast","control_informative",0.05,5,0.01,"","separate_mirage","global","runtime_seconds",NA,18.033
20260823,11,500,15,3000,3000,3000,3000,"fast","control_informative",0.05,5,0.01,"","separate_mirage","pleiotropy","pi11_estimate",NA,0.001
20260823,11,500,15,3000,3000,3000,3000,"fast","control_informative",0.05,5,0.01,"","mtada_aggregated","trait1","auc",NA,0.656842105263158
20260823,11,500,15,3000,3000,3000,3000,"fast","control_informative",0.05,5,0.01,"","mtada_aggregated","trait2","auc",NA,0.651632653061225
20260823,11,500,15,3000,3000,3000,3000,"fast","control_informative",0.05,5,0.01,"","mtada_aggregated","pleiotropy","auc",NA,0.767272727272727
20260823,11,500,15,3000,3000,3000,3000,"fast","control_informative",0.05,5,0.01,"","mtada_aggregated","trait1","pp08_power",0.8,0.4
20260823,11,500,15,3000,3000,3000,3000,"fast","control_informative",0.05,5,0.01,"","mtada_aggregated","trait1","pp08_fdp",0.8,0.807692307692308
20260823,11,500,15,3000,3000,3000,3000,"fast","control_informative",0.05,5,0.01,"","mtada_aggregated","trait1","pp08_discoveries",0.8,52
20260823,11,500,15,3000,3000,3000,3000,"fast","control_informative",0.05,5,0.01,"","mtada_aggregated","trait2","pp08_power",0.8,0.1
20260823,11,500,15,3000,3000,3000,3000,"fast","control_informative",0.05,5,0.01,"","mtada_aggregated","trait2","pp08_fdp",0.8,0.974358974358974
20260823,11,500,15,3000,3000,3000,3000,"fast","control_informative",0.05,5,0.01,"","mtada_aggregated","trait2","pp08_discoveries",0.8,39
20260823,11,500,15,3000,3000,3000,3000,"fast","control_informative",0.05,5,0.01,"","mtada_aggregated","pleiotropy","pp08_power",0.8,0.2
20260823,11,500,15,3000,3000,3000,3000,"fast","control_informative",0.05,5,0.01,"","mtada_aggregated","pleiotropy","pp08_fdp",0.8,0.8
20260823,11,500,15,3000,3000,3000,3000,"fast","control_informative",0.05,5,0.01,"","mtada_aggregated","pleiotropy","pp08_discoveries",0.8,5
20260823,11,500,15,3000,3000,3000,3000,"fast","control_informative",0.05,5,0.01,"","mtada_aggregated","trait1","bfdr_observed_fdp",0.01,0.803921568627451
20260823,11,500,15,3000,3000,3000,3000,"fast","control_informative",0.05,5,0.01,"","mtada_aggregated","trait1","bfdr_estimate",0.01,0.00874611015389181
20260823,11,500,15,3000,3000,3000,3000,"fast","control_informative",0.05,5,0.01,"","mtada_aggregated","trait1","bfdr_power",0.01,0.4
20260823,11,500,15,3000,3000,3000,3000,"fast","control_informative",0.05,5,0.01,"","mtada_aggregated","trait1","bfdr_discoveries",0.01,51
20260823,11,500,15,3000,3000,3000,3000,"fast","control_informative",0.05,5,0.01,"","mtada_aggregated","trait1","bfdr_observed_fdp",0.05,0.813559322033898
20260823,11,500,15,3000,3000,3000,3000,"fast","control_informative",0.05,5,0.01,"","mtada_aggregated","trait1","bfdr_estimate",0.05,0.0445499893383011
20260823,11,500,15,3000,3000,3000,3000,"fast","control_informative",0.05,5,0.01,"","mtada_aggregated","trait1","bfdr_power",0.05,0.44
20260823,11,500,15,3000,3000,3000,3000,"fast","control_informative",0.05,5,0.01,"","mtada_aggregated","trait1","bfdr_discoveries",0.05,59
20260823,11,500,15,3000,3000,3000,3000,"fast","control_informative",0.05,5,0.01,"","mtada_aggregated","trait1","bfdr_observed_fdp",0.1,0.833333333333333
20260823,11,500,15,3000,3000,3000,3000,"fast","control_informative",0.05,5,0.01,"","mtada_aggregated","trait1","bfdr_estimate",0.1,0.096642383311828
20260823,11,500,15,3000,3000,3000,3000,"fast","control_informative",0.05,5,0.01,"","mtada_aggregated","trait1","bfdr_power",0.1,0.44
20260823,11,500,15,3000,3000,3000,3000,"fast","control_informative",0.05,5,0.01,"","mtada_aggregated","trait1","bfdr_discoveries",0.1,66
20260823,11,500,15,3000,3000,3000,3000,"fast","control_informative",0.05,5,0.01,"","mtada_aggregated","trait1","bfdr_observed_fdp",0.2,0.848101265822785
20260823,11,500,15,3000,3000,3000,3000,"fast","control_informative",0.05,5,0.01,"","mtada_aggregated","trait1","bfdr_estimate",0.2,0.19749325432523
20260823,11,500,15,3000,3000,3000,3000,"fast","control_informative",0.05,5,0.01,"","mtada_aggregated","trait1","bfdr_power",0.2,0.48
20260823,11,500,15,3000,3000,3000,3000,"fast","control_informative",0.05,5,0.01,"","mtada_aggregated","trait1","bfdr_discoveries",0.2,79
20260823,11,500,15,3000,3000,3000,3000,"fast","control_informative",0.05,5,0.01,"","mtada_aggregated","trait2","bfdr_observed_fdp",0.01,0.972972972972973
20260823,11,500,15,3000,3000,3000,3000,"fast","control_informative",0.05,5,0.01,"","mtada_aggregated","trait2","bfdr_estimate",0.01,0.0079197262513843
20260823,11,500,15,3000,3000,3000,3000,"fast","control_informative",0.05,5,0.01,"","mtada_aggregated","trait2","bfdr_power",0.01,0.1
20260823,11,500,15,3000,3000,3000,3000,"fast","control_informative",0.05,5,0.01,"","mtada_aggregated","trait2","bfdr_discoveries",0.01,37
20260823,11,500,15,3000,3000,3000,3000,"fast","control_informative",0.05,5,0.01,"","mtada_aggregated","trait2","bfdr_observed_fdp",0.05,0.953488372093023
20260823,11,500,15,3000,3000,3000,3000,"fast","control_informative",0.05,5,0.01,"","mtada_aggregated","trait2","bfdr_estimate",0.05,0.0434960738242008
20260823,11,500,15,3000,3000,3000,3000,"fast","control_informative",0.05,5,0.01,"","mtada_aggregated","trait2","bfdr_power",0.05,0.2
20260823,11,500,15,3000,3000,3000,3000,"fast","control_informative",0.05,5,0.01,"","mtada_aggregated","trait2","bfdr_discoveries",0.05,43
20260823,11,500,15,3000,3000,3000,3000,"fast","control_informative",0.05,5,0.01,"","mtada_aggregated","trait2","bfdr_observed_fdp",0.1,0.958333333333333
20260823,11,500,15,3000,3000,3000,3000,"fast","control_informative",0.05,5,0.01,"","mtada_aggregated","trait2","bfdr_estimate",0.1,0.0892110076796081
20260823,11,500,15,3000,3000,3000,3000,"fast","control_informative",0.05,5,0.01,"","mtada_aggregated","trait2","bfdr_power",0.1,0.2
20260823,11,500,15,3000,3000,3000,3000,"fast","control_informative",0.05,5,0.01,"","mtada_aggregated","trait2","bfdr_discoveries",0.1,48
20260823,11,500,15,3000,3000,3000,3000,"fast","control_informative",0.05,5,0.01,"","mtada_aggregated","trait2","bfdr_observed_fdp",0.2,0.964912280701754
20260823,11,500,15,3000,3000,3000,3000,"fast","control_informative",0.05,5,0.01,"","mtada_aggregated","trait2","bfdr_estimate",0.2,0.195513536219673
20260823,11,500,15,3000,3000,3000,3000,"fast","control_informative",0.05,5,0.01,"","mtada_aggregated","trait2","bfdr_power",0.2,0.2
20260823,11,500,15,3000,3000,3000,3000,"fast","control_informative",0.05,5,0.01,"","mtada_aggregated","trait2","bfdr_discoveries",0.2,57
20260823,11,500,15,3000,3000,3000,3000,"fast","control_informative",0.05,5,0.01,"","mtada_aggregated","pleiotropy","bfdr_observed_fdp",0.01,0.75
20260823,11,500,15,3000,3000,3000,3000,"fast","control_informative",0.05,5,0.01,"","mtada_aggregated","pleiotropy","bfdr_estimate",0.01,0.0024666906133749
20260823,11,500,15,3000,3000,3000,3000,"fast","control_informative",0.05,5,0.01,"","mtada_aggregated","pleiotropy","bfdr_power",0.01,0.2
20260823,11,500,15,3000,3000,3000,3000,"fast","control_informative",0.05,5,0.01,"","mtada_aggregated","pleiotropy","bfdr_discoveries",0.01,4
20260823,11,500,15,3000,3000,3000,3000,"fast","control_informative",0.05,5,0.01,"","mtada_aggregated","pleiotropy","bfdr_observed_fdp",0.05,0.8
20260823,11,500,15,3000,3000,3000,3000,"fast","control_informative",0.05,5,0.01,"","mtada_aggregated","pleiotropy","bfdr_estimate",0.05,0.0149823923982883
20260823,11,500,15,3000,3000,3000,3000,"fast","control_informative",0.05,5,0.01,"","mtada_aggregated","pleiotropy","bfdr_power",0.05,0.2
20260823,11,500,15,3000,3000,3000,3000,"fast","control_informative",0.05,5,0.01,"","mtada_aggregated","pleiotropy","bfdr_discoveries",0.05,5
20260823,11,500,15,3000,3000,3000,3000,"fast","control_informative",0.05,5,0.01,"","mtada_aggregated","pleiotropy","bfdr_observed_fdp",0.1,0.8
20260823,11,500,15,3000,3000,3000,3000,"fast","control_informative",0.05,5,0.01,"","mtada_aggregated","pleiotropy","bfdr_estimate",0.1,0.0149823923982883
20260823,11,500,15,3000,3000,3000,3000,"fast","control_informative",0.05,5,0.01,"","mtada_aggregated","pleiotropy","bfdr_power",0.1,0.2
20260823,11,500,15,3000,3000,3000,3000,"fast","control_informative",0.05,5,0.01,"","mtada_aggregated","pleiotropy","bfdr_discoveries",0.1,5
20260823,11,500,15,3000,3000,3000,3000,"fast","control_informative",0.05,5,0.01,"","mtada_aggregated","pleiotropy","bfdr_observed_fdp",0.2,0.857142857142857
20260823,11,500,15,3000,3000,3000,3000,"fast","control_informative",0.05,5,0.01,"","mtada_aggregated","pleiotropy","bfdr_estimate",0.2,0.181641018439195
20260823,11,500,15,3000,3000,3000,3000,"fast","control_informative",0.05,5,0.01,"","mtada_aggregated","pleiotropy","bfdr_power",0.2,0.2
20260823,11,500,15,3000,3000,3000,3000,"fast","control_informative",0.05,5,0.01,"","mtada_aggregated","pleiotropy","bfdr_discoveries",0.2,7
20260823,11,500,15,3000,3000,3000,3000,"fast","control_informative",0.05,5,0.01,"","mtada_aggregated","global","runtime_seconds",NA,0.878999999999998
20260823,11,500,15,3000,3000,3000,3000,"fast","control_informative",0.05,5,0.01,"","mtada_aggregated","pleiotropy","pi11_estimate",NA,0.00212376
20260824,12,500,15,3000,3000,3000,3000,"fast","control_informative",0.05,5,0.01,"","mirage_joint","trait1","auc",NA,0.731621052631579
20260824,12,500,15,3000,3000,3000,3000,"fast","control_informative",0.05,5,0.01,"","mirage_joint","trait2","auc",NA,0.649795918367347
20260824,12,500,15,3000,3000,3000,3000,"fast","control_informative",0.05,5,0.01,"","mirage_joint","pleiotropy","auc",NA,0.850909090909091
20260824,12,500,15,3000,3000,3000,3000,"fast","control_informative",0.05,5,0.01,"","mirage_joint","trait1","pp08_power",0.8,0.2
20260824,12,500,15,3000,3000,3000,3000,"fast","control_informative",0.05,5,0.01,"","mirage_joint","trait1","pp08_fdp",0.8,0
20260824,12,500,15,3000,3000,3000,3000,"fast","control_informative",0.05,5,0.01,"","mirage_joint","trait1","pp08_discoveries",0.8,5
20260824,12,500,15,3000,3000,3000,3000,"fast","control_informative",0.05,5,0.01,"","mirage_joint","trait2","pp08_power",0.8,0.1
20260824,12,500,15,3000,3000,3000,3000,"fast","control_informative",0.05,5,0.01,"","mirage_joint","trait2","pp08_fdp",0.8,0
20260824,12,500,15,3000,3000,3000,3000,"fast","control_informative",0.05,5,0.01,"","mirage_joint","trait2","pp08_discoveries",0.8,1
20260824,12,500,15,3000,3000,3000,3000,"fast","control_informative",0.05,5,0.01,"","mirage_joint","pleiotropy","pp08_power",0.8,0
20260824,12,500,15,3000,3000,3000,3000,"fast","control_informative",0.05,5,0.01,"","mirage_joint","pleiotropy","pp08_fdp",0.8,0
20260824,12,500,15,3000,3000,3000,3000,"fast","control_informative",0.05,5,0.01,"","mirage_joint","pleiotropy","pp08_discoveries",0.8,0
20260824,12,500,15,3000,3000,3000,3000,"fast","control_informative",0.05,5,0.01,"","mirage_joint","trait1","bfdr_observed_fdp",0.01,0
20260824,12,500,15,3000,3000,3000,3000,"fast","control_informative",0.05,5,0.01,"","mirage_joint","trait1","bfdr_estimate",0.01,0.00806932781437947
20260824,12,500,15,3000,3000,3000,3000,"fast","control_informative",0.05,5,0.01,"","mirage_joint","trait1","bfdr_power",0.01,0.16
20260824,12,500,15,3000,3000,3000,3000,"fast","control_informative",0.05,5,0.01,"","mirage_joint","trait1","bfdr_discoveries",0.01,4
20260824,12,500,15,3000,3000,3000,3000,"fast","control_informative",0.05,5,0.01,"","mirage_joint","trait1","bfdr_observed_fdp",0.05,0
20260824,12,500,15,3000,3000,3000,3000,"fast","control_informative",0.05,5,0.01,"","mirage_joint","trait1","bfdr_estimate",0.05,0.0138731723696995
20260824,12,500,15,3000,3000,3000,3000,"fast","control_informative",0.05,5,0.01,"","mirage_joint","trait1","bfdr_power",0.05,0.2
20260824,12,500,15,3000,3000,3000,3000,"fast","control_informative",0.05,5,0.01,"","mirage_joint","trait1","bfdr_discoveries",0.05,5
20260824,12,500,15,3000,3000,3000,3000,"fast","control_informative",0.05,5,0.01,"","mirage_joint","trait1","bfdr_observed_fdp",0.1,0
20260824,12,500,15,3000,3000,3000,3000,"fast","control_informative",0.05,5,0.01,"","mirage_joint","trait1","bfdr_estimate",0.1,0.0530252628193478
20260824,12,500,15,3000,3000,3000,3000,"fast","control_informative",0.05,5,0.01,"","mirage_joint","trait1","bfdr_power",0.1,0.24
20260824,12,500,15,3000,3000,3000,3000,"fast","control_informative",0.05,5,0.01,"","mirage_joint","trait1","bfdr_discoveries",0.1,6
20260824,12,500,15,3000,3000,3000,3000,"fast","control_informative",0.05,5,0.01,"","mirage_joint","trait1","bfdr_observed_fdp",0.2,0.222222222222222
20260824,12,500,15,3000,3000,3000,3000,"fast","control_informative",0.05,5,0.01,"","mirage_joint","trait1","bfdr_estimate",0.2,0.192958799380154
20260824,12,500,15,3000,3000,3000,3000,"fast","control_informative",0.05,5,0.01,"","mirage_joint","trait1","bfdr_power",0.2,0.28
20260824,12,500,15,3000,3000,3000,3000,"fast","control_informative",0.05,5,0.01,"","mirage_joint","trait1","bfdr_discoveries",0.2,9
20260824,12,500,15,3000,3000,3000,3000,"fast","control_informative",0.05,5,0.01,"","mirage_joint","trait2","bfdr_observed_fdp",0.01,0
20260824,12,500,15,3000,3000,3000,3000,"fast","control_informative",0.05,5,0.01,"","mirage_joint","trait2","bfdr_estimate",0.01,4.92832631970863e-06
20260824,12,500,15,3000,3000,3000,3000,"fast","control_informative",0.05,5,0.01,"","mirage_joint","trait2","bfdr_power",0.01,0.1
20260824,12,500,15,3000,3000,3000,3000,"fast","control_informative",0.05,5,0.01,"","mirage_joint","trait2","bfdr_discoveries",0.01,1
20260824,12,500,15,3000,3000,3000,3000,"fast","control_informative",0.05,5,0.01,"","mirage_joint","trait2","bfdr_observed_fdp",0.05,0
20260824,12,500,15,3000,3000,3000,3000,"fast","control_informative",0.05,5,0.01,"","mirage_joint","trait2","bfdr_estimate",0.05,4.92832631970863e-06
20260824,12,500,15,3000,3000,3000,3000,"fast","control_informative",0.05,5,0.01,"","mirage_joint","trait2","bfdr_power",0.05,0.1
20260824,12,500,15,3000,3000,3000,3000,"fast","control_informative",0.05,5,0.01,"","mirage_joint","trait2","bfdr_discoveries",0.05,1
20260824,12,500,15,3000,3000,3000,3000,"fast","control_informative",0.05,5,0.01,"","mirage_joint","trait2","bfdr_observed_fdp",0.1,0
20260824,12,500,15,3000,3000,3000,3000,"fast","control_informative",0.05,5,0.01,"","mirage_joint","trait2","bfdr_estimate",0.1,4.92832631970863e-06
20260824,12,500,15,3000,3000,3000,3000,"fast","control_informative",0.05,5,0.01,"","mirage_joint","trait2","bfdr_power",0.1,0.1
20260824,12,500,15,3000,3000,3000,3000,"fast","control_informative",0.05,5,0.01,"","mirage_joint","trait2","bfdr_discoveries",0.1,1
20260824,12,500,15,3000,3000,3000,3000,"fast","control_informative",0.05,5,0.01,"","mirage_joint","trait2","bfdr_observed_fdp",0.2,0
20260824,12,500,15,3000,3000,3000,3000,"fast","control_informative",0.05,5,0.01,"","mirage_joint","trait2","bfdr_estimate",0.2,4.92832631970863e-06
20260824,12,500,15,3000,3000,3000,3000,"fast","control_informative",0.05,5,0.01,"","mirage_joint","trait2","bfdr_power",0.2,0.1
20260824,12,500,15,3000,3000,3000,3000,"fast","control_informative",0.05,5,0.01,"","mirage_joint","trait2","bfdr_discoveries",0.2,1
20260824,12,500,15,3000,3000,3000,3000,"fast","control_informative",0.05,5,0.01,"","mirage_joint","pleiotropy","bfdr_observed_fdp",0.01,0
20260824,12,500,15,3000,3000,3000,3000,"fast","control_informative",0.05,5,0.01,"","mirage_joint","pleiotropy","bfdr_estimate",0.01,0
20260824,12,500,15,3000,3000,3000,3000,"fast","control_informative",0.05,5,0.01,"","mirage_joint","pleiotropy","bfdr_power",0.01,0
20260824,12,500,15,3000,3000,3000,3000,"fast","control_informative",0.05,5,0.01,"","mirage_joint","pleiotropy","bfdr_discoveries",0.01,0
20260824,12,500,15,3000,3000,3000,3000,"fast","control_informative",0.05,5,0.01,"","mirage_joint","pleiotropy","bfdr_observed_fdp",0.05,0
20260824,12,500,15,3000,3000,3000,3000,"fast","control_informative",0.05,5,0.01,"","mirage_joint","pleiotropy","bfdr_estimate",0.05,0
20260824,12,500,15,3000,3000,3000,3000,"fast","control_informative",0.05,5,0.01,"","mirage_joint","pleiotropy","bfdr_power",0.05,0
20260824,12,500,15,3000,3000,3000,3000,"fast","control_informative",0.05,5,0.01,"","mirage_joint","pleiotropy","bfdr_discoveries",0.05,0
20260824,12,500,15,3000,3000,3000,3000,"fast","control_informative",0.05,5,0.01,"","mirage_joint","pleiotropy","bfdr_observed_fdp",0.1,0
20260824,12,500,15,3000,3000,3000,3000,"fast","control_informative",0.05,5,0.01,"","mirage_joint","pleiotropy","bfdr_estimate",0.1,0
20260824,12,500,15,3000,3000,3000,3000,"fast","control_informative",0.05,5,0.01,"","mirage_joint","pleiotropy","bfdr_power",0.1,0
20260824,12,500,15,3000,3000,3000,3000,"fast","control_informative",0.05,5,0.01,"","mirage_joint","pleiotropy","bfdr_discoveries",0.1,0
20260824,12,500,15,3000,3000,3000,3000,"fast","control_informative",0.05,5,0.01,"","mirage_joint","pleiotropy","bfdr_observed_fdp",0.2,0
20260824,12,500,15,3000,3000,3000,3000,"fast","control_informative",0.05,5,0.01,"","mirage_joint","pleiotropy","bfdr_estimate",0.2,0
20260824,12,500,15,3000,3000,3000,3000,"fast","control_informative",0.05,5,0.01,"","mirage_joint","pleiotropy","bfdr_power",0.2,0
20260824,12,500,15,3000,3000,3000,3000,"fast","control_informative",0.05,5,0.01,"","mirage_joint","pleiotropy","bfdr_discoveries",0.2,0
20260824,12,500,15,3000,3000,3000,3000,"fast","control_informative",0.05,5,0.01,"","mirage_joint","global","runtime_seconds",NA,18.061
20260824,12,500,15,3000,3000,3000,3000,"fast","control_informative",0.05,5,0.01,"","mirage_joint","pleiotropy","pi11_estimate",NA,0.0606821720440172
20260824,12,500,15,3000,3000,3000,3000,"fast","control_informative",0.05,5,0.01,"","separate_mirage","trait1","auc",NA,0.716378947368421
20260824,12,500,15,3000,3000,3000,3000,"fast","control_informative",0.05,5,0.01,"","separate_mirage","trait2","auc",NA,0.667755102040816
20260824,12,500,15,3000,3000,3000,3000,"fast","control_informative",0.05,5,0.01,"","separate_mirage","pleiotropy","auc",NA,0.825454545454545
20260824,12,500,15,3000,3000,3000,3000,"fast","control_informative",0.05,5,0.01,"","separate_mirage","trait1","pp08_power",0.8,0.2
20260824,12,500,15,3000,3000,3000,3000,"fast","control_informative",0.05,5,0.01,"","separate_mirage","trait1","pp08_fdp",0.8,0
20260824,12,500,15,3000,3000,3000,3000,"fast","control_informative",0.05,5,0.01,"","separate_mirage","trait1","pp08_discoveries",0.8,5
20260824,12,500,15,3000,3000,3000,3000,"fast","control_informative",0.05,5,0.01,"","separate_mirage","trait2","pp08_power",0.8,0.1
20260824,12,500,15,3000,3000,3000,3000,"fast","control_informative",0.05,5,0.01,"","separate_mirage","trait2","pp08_fdp",0.8,0
20260824,12,500,15,3000,3000,3000,3000,"fast","control_informative",0.05,5,0.01,"","separate_mirage","trait2","pp08_discoveries",0.8,1
20260824,12,500,15,3000,3000,3000,3000,"fast","control_informative",0.05,5,0.01,"","separate_mirage","pleiotropy","pp08_power",0.8,0
20260824,12,500,15,3000,3000,3000,3000,"fast","control_informative",0.05,5,0.01,"","separate_mirage","pleiotropy","pp08_fdp",0.8,0
20260824,12,500,15,3000,3000,3000,3000,"fast","control_informative",0.05,5,0.01,"","separate_mirage","pleiotropy","pp08_discoveries",0.8,0
20260824,12,500,15,3000,3000,3000,3000,"fast","control_informative",0.05,5,0.01,"","separate_mirage","trait1","bfdr_observed_fdp",0.01,0
20260824,12,500,15,3000,3000,3000,3000,"fast","control_informative",0.05,5,0.01,"","separate_mirage","trait1","bfdr_estimate",0.01,0.00435487099413778
20260824,12,500,15,3000,3000,3000,3000,"fast","control_informative",0.05,5,0.01,"","separate_mirage","trait1","bfdr_power",0.01,0.12
20260824,12,500,15,3000,3000,3000,3000,"fast","control_informative",0.05,5,0.01,"","separate_mirage","trait1","bfdr_discoveries",0.01,3
20260824,12,500,15,3000,3000,3000,3000,"fast","control_informative",0.05,5,0.01,"","separate_mirage","trait1","bfdr_observed_fdp",0.05,0
20260824,12,500,15,3000,3000,3000,3000,"fast","control_informative",0.05,5,0.01,"","separate_mirage","trait1","bfdr_estimate",0.05,0.0415819063230246
20260824,12,500,15,3000,3000,3000,3000,"fast","control_informative",0.05,5,0.01,"","separate_mirage","trait1","bfdr_power",0.05,0.2
20260824,12,500,15,3000,3000,3000,3000,"fast","control_informative",0.05,5,0.01,"","separate_mirage","trait1","bfdr_discoveries",0.05,5
20260824,12,500,15,3000,3000,3000,3000,"fast","control_informative",0.05,5,0.01,"","separate_mirage","trait1","bfdr_observed_fdp",0.1,0
20260824,12,500,15,3000,3000,3000,3000,"fast","control_informative",0.05,5,0.01,"","separate_mirage","trait1","bfdr_estimate",0.1,0.0415819063230246
20260824,12,500,15,3000,3000,3000,3000,"fast","control_informative",0.05,5,0.01,"","separate_mirage","trait1","bfdr_power",0.1,0.2
20260824,12,500,15,3000,3000,3000,3000,"fast","control_informative",0.05,5,0.01,"","separate_mirage","trait1","bfdr_discoveries",0.1,5
20260824,12,500,15,3000,3000,3000,3000,"fast","control_informative",0.05,5,0.01,"","separate_mirage","trait1","bfdr_observed_fdp",0.2,0
20260824,12,500,15,3000,3000,3000,3000,"fast","control_informative",0.05,5,0.01,"","separate_mirage","trait1","bfdr_estimate",0.2,0.144597901274934
20260824,12,500,15,3000,3000,3000,3000,"fast","control_informative",0.05,5,0.01,"","separate_mirage","trait1","bfdr_power",0.2,0.24
20260824,12,500,15,3000,3000,3000,3000,"fast","control_informative",0.05,5,0.01,"","separate_mirage","trait1","bfdr_discoveries",0.2,6
20260824,12,500,15,3000,3000,3000,3000,"fast","control_informative",0.05,5,0.01,"","separate_mirage","trait2","bfdr_observed_fdp",0.01,0
20260824,12,500,15,3000,3000,3000,3000,"fast","control_informative",0.05,5,0.01,"","separate_mirage","trait2","bfdr_estimate",0.01,7.7830077346297e-06
20260824,12,500,15,3000,3000,3000,3000,"fast","control_informative",0.05,5,0.01,"","separate_mirage","trait2","bfdr_power",0.01,0.1
20260824,12,500,15,3000,3000,3000,3000,"fast","control_informative",0.05,5,0.01,"","separate_mirage","trait2","bfdr_discoveries",0.01,1
20260824,12,500,15,3000,3000,3000,3000,"fast","control_informative",0.05,5,0.01,"","separate_mirage","trait2","bfdr_observed_fdp",0.05,0
20260824,12,500,15,3000,3000,3000,3000,"fast","control_informative",0.05,5,0.01,"","separate_mirage","trait2","bfdr_estimate",0.05,7.7830077346297e-06
20260824,12,500,15,3000,3000,3000,3000,"fast","control_informative",0.05,5,0.01,"","separate_mirage","trait2","bfdr_power",0.05,0.1
20260824,12,500,15,3000,3000,3000,3000,"fast","control_informative",0.05,5,0.01,"","separate_mirage","trait2","bfdr_discoveries",0.05,1
20260824,12,500,15,3000,3000,3000,3000,"fast","control_informative",0.05,5,0.01,"","separate_mirage","trait2","bfdr_observed_fdp",0.1,0
20260824,12,500,15,3000,3000,3000,3000,"fast","control_informative",0.05,5,0.01,"","separate_mirage","trait2","bfdr_estimate",0.1,7.7830077346297e-06
20260824,12,500,15,3000,3000,3000,3000,"fast","control_informative",0.05,5,0.01,"","separate_mirage","trait2","bfdr_power",0.1,0.1
20260824,12,500,15,3000,3000,3000,3000,"fast","control_informative",0.05,5,0.01,"","separate_mirage","trait2","bfdr_discoveries",0.1,1
20260824,12,500,15,3000,3000,3000,3000,"fast","control_informative",0.05,5,0.01,"","separate_mirage","trait2","bfdr_observed_fdp",0.2,0
20260824,12,500,15,3000,3000,3000,3000,"fast","control_informative",0.05,5,0.01,"","separate_mirage","trait2","bfdr_estimate",0.2,7.7830077346297e-06
20260824,12,500,15,3000,3000,3000,3000,"fast","control_informative",0.05,5,0.01,"","separate_mirage","trait2","bfdr_power",0.2,0.1
20260824,12,500,15,3000,3000,3000,3000,"fast","control_informative",0.05,5,0.01,"","separate_mirage","trait2","bfdr_discoveries",0.2,1
20260824,12,500,15,3000,3000,3000,3000,"fast","control_informative",0.05,5,0.01,"","separate_mirage","pleiotropy","bfdr_observed_fdp",0.01,0
20260824,12,500,15,3000,3000,3000,3000,"fast","control_informative",0.05,5,0.01,"","separate_mirage","pleiotropy","bfdr_estimate",0.01,0
20260824,12,500,15,3000,3000,3000,3000,"fast","control_informative",0.05,5,0.01,"","separate_mirage","pleiotropy","bfdr_power",0.01,0
20260824,12,500,15,3000,3000,3000,3000,"fast","control_informative",0.05,5,0.01,"","separate_mirage","pleiotropy","bfdr_discoveries",0.01,0
20260824,12,500,15,3000,3000,3000,3000,"fast","control_informative",0.05,5,0.01,"","separate_mirage","pleiotropy","bfdr_observed_fdp",0.05,0
20260824,12,500,15,3000,3000,3000,3000,"fast","control_informative",0.05,5,0.01,"","separate_mirage","pleiotropy","bfdr_estimate",0.05,0
20260824,12,500,15,3000,3000,3000,3000,"fast","control_informative",0.05,5,0.01,"","separate_mirage","pleiotropy","bfdr_power",0.05,0
20260824,12,500,15,3000,3000,3000,3000,"fast","control_informative",0.05,5,0.01,"","separate_mirage","pleiotropy","bfdr_discoveries",0.05,0
20260824,12,500,15,3000,3000,3000,3000,"fast","control_informative",0.05,5,0.01,"","separate_mirage","pleiotropy","bfdr_observed_fdp",0.1,0
20260824,12,500,15,3000,3000,3000,3000,"fast","control_informative",0.05,5,0.01,"","separate_mirage","pleiotropy","bfdr_estimate",0.1,0
20260824,12,500,15,3000,3000,3000,3000,"fast","control_informative",0.05,5,0.01,"","separate_mirage","pleiotropy","bfdr_power",0.1,0
20260824,12,500,15,3000,3000,3000,3000,"fast","control_informative",0.05,5,0.01,"","separate_mirage","pleiotropy","bfdr_discoveries",0.1,0
20260824,12,500,15,3000,3000,3000,3000,"fast","control_informative",0.05,5,0.01,"","separate_mirage","pleiotropy","bfdr_observed_fdp",0.2,0
20260824,12,500,15,3000,3000,3000,3000,"fast","control_informative",0.05,5,0.01,"","separate_mirage","pleiotropy","bfdr_estimate",0.2,0
20260824,12,500,15,3000,3000,3000,3000,"fast","control_informative",0.05,5,0.01,"","separate_mirage","pleiotropy","bfdr_power",0.2,0
20260824,12,500,15,3000,3000,3000,3000,"fast","control_informative",0.05,5,0.01,"","separate_mirage","pleiotropy","bfdr_discoveries",0.2,0
20260824,12,500,15,3000,3000,3000,3000,"fast","control_informative",0.05,5,0.01,"","separate_mirage","global","runtime_seconds",NA,18.04
20260824,12,500,15,3000,3000,3000,3000,"fast","control_informative",0.05,5,0.01,"","separate_mirage","pleiotropy","pi11_estimate",NA,0.001
20260824,12,500,15,3000,3000,3000,3000,"fast","control_informative",0.05,5,0.01,"","mtada_aggregated","trait1","auc",NA,0.750736842105263
20260824,12,500,15,3000,3000,3000,3000,"fast","control_informative",0.05,5,0.01,"","mtada_aggregated","trait2","auc",NA,0.661428571428571
20260824,12,500,15,3000,3000,3000,3000,"fast","control_informative",0.05,5,0.01,"","mtada_aggregated","pleiotropy","auc",NA,0.85050505050505
20260824,12,500,15,3000,3000,3000,3000,"fast","control_informative",0.05,5,0.01,"","mtada_aggregated","trait1","pp08_power",0.8,0.32
20260824,12,500,15,3000,3000,3000,3000,"fast","control_informative",0.05,5,0.01,"","mtada_aggregated","trait1","pp08_fdp",0.8,0.813953488372093
20260824,12,500,15,3000,3000,3000,3000,"fast","control_informative",0.05,5,0.01,"","mtada_aggregated","trait1","pp08_discoveries",0.8,43
20260824,12,500,15,3000,3000,3000,3000,"fast","control_informative",0.05,5,0.01,"","mtada_aggregated","trait2","pp08_power",0.8,0.3
20260824,12,500,15,3000,3000,3000,3000,"fast","control_informative",0.05,5,0.01,"","mtada_aggregated","trait2","pp08_fdp",0.8,0.9
20260824,12,500,15,3000,3000,3000,3000,"fast","control_informative",0.05,5,0.01,"","mtada_aggregated","trait2","pp08_discoveries",0.8,30
20260824,12,500,15,3000,3000,3000,3000,"fast","control_informative",0.05,5,0.01,"","mtada_aggregated","pleiotropy","pp08_power",0.8,0.2
20260824,12,500,15,3000,3000,3000,3000,"fast","control_informative",0.05,5,0.01,"","mtada_aggregated","pleiotropy","pp08_fdp",0.8,0.5
20260824,12,500,15,3000,3000,3000,3000,"fast","control_informative",0.05,5,0.01,"","mtada_aggregated","pleiotropy","pp08_discoveries",0.8,2
20260824,12,500,15,3000,3000,3000,3000,"fast","control_informative",0.05,5,0.01,"","mtada_aggregated","trait1","bfdr_observed_fdp",0.01,0.794871794871795
20260824,12,500,15,3000,3000,3000,3000,"fast","control_informative",0.05,5,0.01,"","mtada_aggregated","trait1","bfdr_estimate",0.01,0.0095443453243807
20260824,12,500,15,3000,3000,3000,3000,"fast","control_informative",0.05,5,0.01,"","mtada_aggregated","trait1","bfdr_power",0.01,0.32
20260824,12,500,15,3000,3000,3000,3000,"fast","control_informative",0.05,5,0.01,"","mtada_aggregated","trait1","bfdr_discoveries",0.01,39
20260824,12,500,15,3000,3000,3000,3000,"fast","control_informative",0.05,5,0.01,"","mtada_aggregated","trait1","bfdr_observed_fdp",0.05,0.833333333333333
20260824,12,500,15,3000,3000,3000,3000,"fast","control_informative",0.05,5,0.01,"","mtada_aggregated","trait1","bfdr_estimate",0.05,0.0487856744999466
20260824,12,500,15,3000,3000,3000,3000,"fast","control_informative",0.05,5,0.01,"","mtada_aggregated","trait1","bfdr_power",0.05,0.32
20260824,12,500,15,3000,3000,3000,3000,"fast","control_informative",0.05,5,0.01,"","mtada_aggregated","trait1","bfdr_discoveries",0.05,48
20260824,12,500,15,3000,3000,3000,3000,"fast","control_informative",0.05,5,0.01,"","mtada_aggregated","trait1","bfdr_observed_fdp",0.1,0.854545454545454
20260824,12,500,15,3000,3000,3000,3000,"fast","control_informative",0.05,5,0.01,"","mtada_aggregated","trait1","bfdr_estimate",0.1,0.0987784071425315
20260824,12,500,15,3000,3000,3000,3000,"fast","control_informative",0.05,5,0.01,"","mtada_aggregated","trait1","bfdr_power",0.1,0.32
20260824,12,500,15,3000,3000,3000,3000,"fast","control_informative",0.05,5,0.01,"","mtada_aggregated","trait1","bfdr_discoveries",0.1,55
20260824,12,500,15,3000,3000,3000,3000,"fast","control_informative",0.05,5,0.01,"","mtada_aggregated","trait1","bfdr_observed_fdp",0.2,0.863636363636364
20260824,12,500,15,3000,3000,3000,3000,"fast","control_informative",0.05,5,0.01,"","mtada_aggregated","trait1","bfdr_estimate",0.2,0.199764555708341
20260824,12,500,15,3000,3000,3000,3000,"fast","control_informative",0.05,5,0.01,"","mtada_aggregated","trait1","bfdr_power",0.2,0.36
20260824,12,500,15,3000,3000,3000,3000,"fast","control_informative",0.05,5,0.01,"","mtada_aggregated","trait1","bfdr_discoveries",0.2,66
20260824,12,500,15,3000,3000,3000,3000,"fast","control_informative",0.05,5,0.01,"","mtada_aggregated","trait2","bfdr_observed_fdp",0.01,0.928571428571429
20260824,12,500,15,3000,3000,3000,3000,"fast","control_informative",0.05,5,0.01,"","mtada_aggregated","trait2","bfdr_estimate",0.01,0.00809087681277596
20260824,12,500,15,3000,3000,3000,3000,"fast","control_informative",0.05,5,0.01,"","mtada_aggregated","trait2","bfdr_power",0.01,0.2
20260824,12,500,15,3000,3000,3000,3000,"fast","control_informative",0.05,5,0.01,"","mtada_aggregated","trait2","bfdr_discoveries",0.01,28
20260824,12,500,15,3000,3000,3000,3000,"fast","control_informative",0.05,5,0.01,"","mtada_aggregated","trait2","bfdr_observed_fdp",0.05,0.911764705882353
20260824,12,500,15,3000,3000,3000,3000,"fast","control_informative",0.05,5,0.01,"","mtada_aggregated","trait2","bfdr_estimate",0.05,0.0461186859140458
20260824,12,500,15,3000,3000,3000,3000,"fast","control_informative",0.05,5,0.01,"","mtada_aggregated","trait2","bfdr_power",0.05,0.3
20260824,12,500,15,3000,3000,3000,3000,"fast","control_informative",0.05,5,0.01,"","mtada_aggregated","trait2","bfdr_discoveries",0.05,34
20260824,12,500,15,3000,3000,3000,3000,"fast","control_informative",0.05,5,0.01,"","mtada_aggregated","trait2","bfdr_observed_fdp",0.1,0.925
20260824,12,500,15,3000,3000,3000,3000,"fast","control_informative",0.05,5,0.01,"","mtada_aggregated","trait2","bfdr_estimate",0.1,0.0932684529135516
20260824,12,500,15,3000,3000,3000,3000,"fast","control_informative",0.05,5,0.01,"","mtada_aggregated","trait2","bfdr_power",0.1,0.3
20260824,12,500,15,3000,3000,3000,3000,"fast","control_informative",0.05,5,0.01,"","mtada_aggregated","trait2","bfdr_discoveries",0.1,40
20260824,12,500,15,3000,3000,3000,3000,"fast","control_informative",0.05,5,0.01,"","mtada_aggregated","trait2","bfdr_observed_fdp",0.2,0.916666666666667
20260824,12,500,15,3000,3000,3000,3000,"fast","control_informative",0.05,5,0.01,"","mtada_aggregated","trait2","bfdr_estimate",0.2,0.192430064033475
20260824,12,500,15,3000,3000,3000,3000,"fast","control_informative",0.05,5,0.01,"","mtada_aggregated","trait2","bfdr_power",0.2,0.4
20260824,12,500,15,3000,3000,3000,3000,"fast","control_informative",0.05,5,0.01,"","mtada_aggregated","trait2","bfdr_discoveries",0.2,48
20260824,12,500,15,3000,3000,3000,3000,"fast","control_informative",0.05,5,0.01,"","mtada_aggregated","pleiotropy","bfdr_observed_fdp",0.01,0
20260824,12,500,15,3000,3000,3000,3000,"fast","control_informative",0.05,5,0.01,"","mtada_aggregated","pleiotropy","bfdr_estimate",0.01,0
20260824,12,500,15,3000,3000,3000,3000,"fast","control_informative",0.05,5,0.01,"","mtada_aggregated","pleiotropy","bfdr_power",0.01,0
20260824,12,500,15,3000,3000,3000,3000,"fast","control_informative",0.05,5,0.01,"","mtada_aggregated","pleiotropy","bfdr_discoveries",0.01,0
20260824,12,500,15,3000,3000,3000,3000,"fast","control_informative",0.05,5,0.01,"","mtada_aggregated","pleiotropy","bfdr_observed_fdp",0.05,0
20260824,12,500,15,3000,3000,3000,3000,"fast","control_informative",0.05,5,0.01,"","mtada_aggregated","pleiotropy","bfdr_estimate",0.05,0
20260824,12,500,15,3000,3000,3000,3000,"fast","control_informative",0.05,5,0.01,"","mtada_aggregated","pleiotropy","bfdr_power",0.05,0
20260824,12,500,15,3000,3000,3000,3000,"fast","control_informative",0.05,5,0.01,"","mtada_aggregated","pleiotropy","bfdr_discoveries",0.05,0
20260824,12,500,15,3000,3000,3000,3000,"fast","control_informative",0.05,5,0.01,"","mtada_aggregated","pleiotropy","bfdr_observed_fdp",0.1,1
20260824,12,500,15,3000,3000,3000,3000,"fast","control_informative",0.05,5,0.01,"","mtada_aggregated","pleiotropy","bfdr_estimate",0.1,0.0843551217660904
20260824,12,500,15,3000,3000,3000,3000,"fast","control_informative",0.05,5,0.01,"","mtada_aggregated","pleiotropy","bfdr_power",0.1,0
20260824,12,500,15,3000,3000,3000,3000,"fast","control_informative",0.05,5,0.01,"","mtada_aggregated","pleiotropy","bfdr_discoveries",0.1,1
20260824,12,500,15,3000,3000,3000,3000,"fast","control_informative",0.05,5,0.01,"","mtada_aggregated","pleiotropy","bfdr_observed_fdp",0.2,0.666666666666667
20260824,12,500,15,3000,3000,3000,3000,"fast","control_informative",0.05,5,0.01,"","mtada_aggregated","pleiotropy","bfdr_estimate",0.2,0.183766997125073
20260824,12,500,15,3000,3000,3000,3000,"fast","control_informative",0.05,5,0.01,"","mtada_aggregated","pleiotropy","bfdr_power",0.2,0.2
20260824,12,500,15,3000,3000,3000,3000,"fast","control_informative",0.05,5,0.01,"","mtada_aggregated","pleiotropy","bfdr_discoveries",0.2,3
20260824,12,500,15,3000,3000,3000,3000,"fast","control_informative",0.05,5,0.01,"","mtada_aggregated","global","runtime_seconds",NA,0.838000000000008
20260824,12,500,15,3000,3000,3000,3000,"fast","control_informative",0.05,5,0.01,"","mtada_aggregated","pleiotropy","pi11_estimate",NA,0.000919928
20260825,13,500,15,3000,3000,3000,3000,"fast","control_informative",0.05,5,0.01,"","mirage_joint","trait1","auc",NA,0.755873684210526
20260825,13,500,15,3000,3000,3000,3000,"fast","control_informative",0.05,5,0.01,"","mirage_joint","trait2","auc",NA,0.642857142857143
20260825,13,500,15,3000,3000,3000,3000,"fast","control_informative",0.05,5,0.01,"","mirage_joint","pleiotropy","auc",NA,0.981414141414141
20260825,13,500,15,3000,3000,3000,3000,"fast","control_informative",0.05,5,0.01,"","mirage_joint","trait1","pp08_power",0.8,0.28
20260825,13,500,15,3000,3000,3000,3000,"fast","control_informative",0.05,5,0.01,"","mirage_joint","trait1","pp08_fdp",0.8,0
20260825,13,500,15,3000,3000,3000,3000,"fast","control_informative",0.05,5,0.01,"","mirage_joint","trait1","pp08_discoveries",0.8,7
20260825,13,500,15,3000,3000,3000,3000,"fast","control_informative",0.05,5,0.01,"","mirage_joint","trait2","pp08_power",0.8,0.1
20260825,13,500,15,3000,3000,3000,3000,"fast","control_informative",0.05,5,0.01,"","mirage_joint","trait2","pp08_fdp",0.8,0.5
20260825,13,500,15,3000,3000,3000,3000,"fast","control_informative",0.05,5,0.01,"","mirage_joint","trait2","pp08_discoveries",0.8,2
20260825,13,500,15,3000,3000,3000,3000,"fast","control_informative",0.05,5,0.01,"","mirage_joint","pleiotropy","pp08_power",0.8,0
20260825,13,500,15,3000,3000,3000,3000,"fast","control_informative",0.05,5,0.01,"","mirage_joint","pleiotropy","pp08_fdp",0.8,0
20260825,13,500,15,3000,3000,3000,3000,"fast","control_informative",0.05,5,0.01,"","mirage_joint","pleiotropy","pp08_discoveries",0.8,0
20260825,13,500,15,3000,3000,3000,3000,"fast","control_informative",0.05,5,0.01,"","mirage_joint","trait1","bfdr_observed_fdp",0.01,0
20260825,13,500,15,3000,3000,3000,3000,"fast","control_informative",0.05,5,0.01,"","mirage_joint","trait1","bfdr_estimate",0.01,0.00381488057792297
20260825,13,500,15,3000,3000,3000,3000,"fast","control_informative",0.05,5,0.01,"","mirage_joint","trait1","bfdr_power",0.01,0.12
20260825,13,500,15,3000,3000,3000,3000,"fast","control_informative",0.05,5,0.01,"","mirage_joint","trait1","bfdr_discoveries",0.01,3
20260825,13,500,15,3000,3000,3000,3000,"fast","control_informative",0.05,5,0.01,"","mirage_joint","trait1","bfdr_observed_fdp",0.05,0
20260825,13,500,15,3000,3000,3000,3000,"fast","control_informative",0.05,5,0.01,"","mirage_joint","trait1","bfdr_estimate",0.05,0.030411266852566
20260825,13,500,15,3000,3000,3000,3000,"fast","control_informative",0.05,5,0.01,"","mirage_joint","trait1","bfdr_power",0.05,0.2
20260825,13,500,15,3000,3000,3000,3000,"fast","control_informative",0.05,5,0.01,"","mirage_joint","trait1","bfdr_discoveries",0.05,5
20260825,13,500,15,3000,3000,3000,3000,"fast","control_informative",0.05,5,0.01,"","mirage_joint","trait1","bfdr_observed_fdp",0.1,0
20260825,13,500,15,3000,3000,3000,3000,"fast","control_informative",0.05,5,0.01,"","mirage_joint","trait1","bfdr_estimate",0.1,0.070579911827257
20260825,13,500,15,3000,3000,3000,3000,"fast","control_informative",0.05,5,0.01,"","mirage_joint","trait1","bfdr_power",0.1,0.28
20260825,13,500,15,3000,3000,3000,3000,"fast","control_informative",0.05,5,0.01,"","mirage_joint","trait1","bfdr_discoveries",0.1,7
20260825,13,500,15,3000,3000,3000,3000,"fast","control_informative",0.05,5,0.01,"","mirage_joint","trait1","bfdr_observed_fdp",0.2,0.1
20260825,13,500,15,3000,3000,3000,3000,"fast","control_informative",0.05,5,0.01,"","mirage_joint","trait1","bfdr_estimate",0.2,0.183912267799772
20260825,13,500,15,3000,3000,3000,3000,"fast","control_informative",0.05,5,0.01,"","mirage_joint","trait1","bfdr_power",0.2,0.36
20260825,13,500,15,3000,3000,3000,3000,"fast","control_informative",0.05,5,0.01,"","mirage_joint","trait1","bfdr_discoveries",0.2,10
20260825,13,500,15,3000,3000,3000,3000,"fast","control_informative",0.05,5,0.01,"","mirage_joint","trait2","bfdr_observed_fdp",0.01,0
20260825,13,500,15,3000,3000,3000,3000,"fast","control_informative",0.05,5,0.01,"","mirage_joint","trait2","bfdr_estimate",0.01,8.65364764590648e-06
20260825,13,500,15,3000,3000,3000,3000,"fast","control_informative",0.05,5,0.01,"","mirage_joint","trait2","bfdr_power",0.01,0.1
20260825,13,500,15,3000,3000,3000,3000,"fast","control_informative",0.05,5,0.01,"","mirage_joint","trait2","bfdr_discoveries",0.01,1
20260825,13,500,15,3000,3000,3000,3000,"fast","control_informative",0.05,5,0.01,"","mirage_joint","trait2","bfdr_observed_fdp",0.05,0.5
20260825,13,500,15,3000,3000,3000,3000,"fast","control_informative",0.05,5,0.01,"","mirage_joint","trait2","bfdr_estimate",0.05,0.0359149680946115
20260825,13,500,15,3000,3000,3000,3000,"fast","control_informative",0.05,5,0.01,"","mirage_joint","trait2","bfdr_power",0.05,0.1
20260825,13,500,15,3000,3000,3000,3000,"fast","control_informative",0.05,5,0.01,"","mirage_joint","trait2","bfdr_discoveries",0.05,2
20260825,13,500,15,3000,3000,3000,3000,"fast","control_informative",0.05,5,0.01,"","mirage_joint","trait2","bfdr_observed_fdp",0.1,0.5
20260825,13,500,15,3000,3000,3000,3000,"fast","control_informative",0.05,5,0.01,"","mirage_joint","trait2","bfdr_estimate",0.1,0.0359149680946115
20260825,13,500,15,3000,3000,3000,3000,"fast","control_informative",0.05,5,0.01,"","mirage_joint","trait2","bfdr_power",0.1,0.1
20260825,13,500,15,3000,3000,3000,3000,"fast","control_informative",0.05,5,0.01,"","mirage_joint","trait2","bfdr_discoveries",0.1,2
20260825,13,500,15,3000,3000,3000,3000,"fast","control_informative",0.05,5,0.01,"","mirage_joint","trait2","bfdr_observed_fdp",0.2,0.5
20260825,13,500,15,3000,3000,3000,3000,"fast","control_informative",0.05,5,0.01,"","mirage_joint","trait2","bfdr_estimate",0.2,0.168854886020129
20260825,13,500,15,3000,3000,3000,3000,"fast","control_informative",0.05,5,0.01,"","mirage_joint","trait2","bfdr_power",0.2,0.2
20260825,13,500,15,3000,3000,3000,3000,"fast","control_informative",0.05,5,0.01,"","mirage_joint","trait2","bfdr_discoveries",0.2,4
20260825,13,500,15,3000,3000,3000,3000,"fast","control_informative",0.05,5,0.01,"","mirage_joint","pleiotropy","bfdr_observed_fdp",0.01,0
20260825,13,500,15,3000,3000,3000,3000,"fast","control_informative",0.05,5,0.01,"","mirage_joint","pleiotropy","bfdr_estimate",0.01,0
20260825,13,500,15,3000,3000,3000,3000,"fast","control_informative",0.05,5,0.01,"","mirage_joint","pleiotropy","bfdr_power",0.01,0
20260825,13,500,15,3000,3000,3000,3000,"fast","control_informative",0.05,5,0.01,"","mirage_joint","pleiotropy","bfdr_discoveries",0.01,0
20260825,13,500,15,3000,3000,3000,3000,"fast","control_informative",0.05,5,0.01,"","mirage_joint","pleiotropy","bfdr_observed_fdp",0.05,0
20260825,13,500,15,3000,3000,3000,3000,"fast","control_informative",0.05,5,0.01,"","mirage_joint","pleiotropy","bfdr_estimate",0.05,0
20260825,13,500,15,3000,3000,3000,3000,"fast","control_informative",0.05,5,0.01,"","mirage_joint","pleiotropy","bfdr_power",0.05,0
20260825,13,500,15,3000,3000,3000,3000,"fast","control_informative",0.05,5,0.01,"","mirage_joint","pleiotropy","bfdr_discoveries",0.05,0
20260825,13,500,15,3000,3000,3000,3000,"fast","control_informative",0.05,5,0.01,"","mirage_joint","pleiotropy","bfdr_observed_fdp",0.1,0
20260825,13,500,15,3000,3000,3000,3000,"fast","control_informative",0.05,5,0.01,"","mirage_joint","pleiotropy","bfdr_estimate",0.1,0
20260825,13,500,15,3000,3000,3000,3000,"fast","control_informative",0.05,5,0.01,"","mirage_joint","pleiotropy","bfdr_power",0.1,0
20260825,13,500,15,3000,3000,3000,3000,"fast","control_informative",0.05,5,0.01,"","mirage_joint","pleiotropy","bfdr_discoveries",0.1,0
20260825,13,500,15,3000,3000,3000,3000,"fast","control_informative",0.05,5,0.01,"","mirage_joint","pleiotropy","bfdr_observed_fdp",0.2,0
20260825,13,500,15,3000,3000,3000,3000,"fast","control_informative",0.05,5,0.01,"","mirage_joint","pleiotropy","bfdr_estimate",0.2,0
20260825,13,500,15,3000,3000,3000,3000,"fast","control_informative",0.05,5,0.01,"","mirage_joint","pleiotropy","bfdr_power",0.2,0
20260825,13,500,15,3000,3000,3000,3000,"fast","control_informative",0.05,5,0.01,"","mirage_joint","pleiotropy","bfdr_discoveries",0.2,0
20260825,13,500,15,3000,3000,3000,3000,"fast","control_informative",0.05,5,0.01,"","mirage_joint","global","runtime_seconds",NA,18.029
20260825,13,500,15,3000,3000,3000,3000,"fast","control_informative",0.05,5,0.01,"","mirage_joint","pleiotropy","pi11_estimate",NA,4.14440664004799e-07
20260825,13,500,15,3000,3000,3000,3000,"fast","control_informative",0.05,5,0.01,"","separate_mirage","trait1","auc",NA,0.756884210526316
20260825,13,500,15,3000,3000,3000,3000,"fast","control_informative",0.05,5,0.01,"","separate_mirage","trait2","auc",NA,0.766122448979592
20260825,13,500,15,3000,3000,3000,3000,"fast","control_informative",0.05,5,0.01,"","separate_mirage","pleiotropy","auc",NA,0.982222222222222
20260825,13,500,15,3000,3000,3000,3000,"fast","control_informative",0.05,5,0.01,"","separate_mirage","trait1","pp08_power",0.8,0.24
20260825,13,500,15,3000,3000,3000,3000,"fast","control_informative",0.05,5,0.01,"","separate_mirage","trait1","pp08_fdp",0.8,0
20260825,13,500,15,3000,3000,3000,3000,"fast","control_informative",0.05,5,0.01,"","separate_mirage","trait1","pp08_discoveries",0.8,6
20260825,13,500,15,3000,3000,3000,3000,"fast","control_informative",0.05,5,0.01,"","separate_mirage","trait2","pp08_power",0.8,0.1
20260825,13,500,15,3000,3000,3000,3000,"fast","control_informative",0.05,5,0.01,"","separate_mirage","trait2","pp08_fdp",0.8,0.5
20260825,13,500,15,3000,3000,3000,3000,"fast","control_informative",0.05,5,0.01,"","separate_mirage","trait2","pp08_discoveries",0.8,2
20260825,13,500,15,3000,3000,3000,3000,"fast","control_informative",0.05,5,0.01,"","separate_mirage","pleiotropy","pp08_power",0.8,0
20260825,13,500,15,3000,3000,3000,3000,"fast","control_informative",0.05,5,0.01,"","separate_mirage","pleiotropy","pp08_fdp",0.8,0
20260825,13,500,15,3000,3000,3000,3000,"fast","control_informative",0.05,5,0.01,"","separate_mirage","pleiotropy","pp08_discoveries",0.8,0
20260825,13,500,15,3000,3000,3000,3000,"fast","control_informative",0.05,5,0.01,"","separate_mirage","trait1","bfdr_observed_fdp",0.01,0
20260825,13,500,15,3000,3000,3000,3000,"fast","control_informative",0.05,5,0.01,"","separate_mirage","trait1","bfdr_estimate",0.01,0.00377513424583505
20260825,13,500,15,3000,3000,3000,3000,"fast","control_informative",0.05,5,0.01,"","separate_mirage","trait1","bfdr_power",0.01,0.12
20260825,13,500,15,3000,3000,3000,3000,"fast","control_informative",0.05,5,0.01,"","separate_mirage","trait1","bfdr_discoveries",0.01,3
20260825,13,500,15,3000,3000,3000,3000,"fast","control_informative",0.05,5,0.01,"","separate_mirage","trait1","bfdr_observed_fdp",0.05,0
20260825,13,500,15,3000,3000,3000,3000,"fast","control_informative",0.05,5,0.01,"","separate_mirage","trait1","bfdr_estimate",0.05,0.0328745739987925
20260825,13,500,15,3000,3000,3000,3000,"fast","control_informative",0.05,5,0.01,"","separate_mirage","trait1","bfdr_power",0.05,0.2
20260825,13,500,15,3000,3000,3000,3000,"fast","control_informative",0.05,5,0.01,"","separate_mirage","trait1","bfdr_discoveries",0.05,5
20260825,13,500,15,3000,3000,3000,3000,"fast","control_informative",0.05,5,0.01,"","separate_mirage","trait1","bfdr_observed_fdp",0.1,0
20260825,13,500,15,3000,3000,3000,3000,"fast","control_informative",0.05,5,0.01,"","separate_mirage","trait1","bfdr_estimate",0.1,0.0765967621216818
20260825,13,500,15,3000,3000,3000,3000,"fast","control_informative",0.05,5,0.01,"","separate_mirage","trait1","bfdr_power",0.1,0.28
20260825,13,500,15,3000,3000,3000,3000,"fast","control_informative",0.05,5,0.01,"","separate_mirage","trait1","bfdr_discoveries",0.1,7
20260825,13,500,15,3000,3000,3000,3000,"fast","control_informative",0.05,5,0.01,"","separate_mirage","trait1","bfdr_observed_fdp",0.2,0.1
20260825,13,500,15,3000,3000,3000,3000,"fast","control_informative",0.05,5,0.01,"","separate_mirage","trait1","bfdr_estimate",0.2,0.191230403269561
20260825,13,500,15,3000,3000,3000,3000,"fast","control_informative",0.05,5,0.01,"","separate_mirage","trait1","bfdr_power",0.2,0.36
20260825,13,500,15,3000,3000,3000,3000,"fast","control_informative",0.05,5,0.01,"","separate_mirage","trait1","bfdr_discoveries",0.2,10
20260825,13,500,15,3000,3000,3000,3000,"fast","control_informative",0.05,5,0.01,"","separate_mirage","trait2","bfdr_observed_fdp",0.01,0
20260825,13,500,15,3000,3000,3000,3000,"fast","control_informative",0.05,5,0.01,"","separate_mirage","trait2","bfdr_estimate",0.01,2.1050159277225e-05
20260825,13,500,15,3000,3000,3000,3000,"fast","control_informative",0.05,5,0.01,"","separate_mirage","trait2","bfdr_power",0.01,0.1
20260825,13,500,15,3000,3000,3000,3000,"fast","control_informative",0.05,5,0.01,"","separate_mirage","trait2","bfdr_discoveries",0.01,1
20260825,13,500,15,3000,3000,3000,3000,"fast","control_informative",0.05,5,0.01,"","separate_mirage","trait2","bfdr_observed_fdp",0.05,0
20260825,13,500,15,3000,3000,3000,3000,"fast","control_informative",0.05,5,0.01,"","separate_mirage","trait2","bfdr_estimate",0.05,2.1050159277225e-05
20260825,13,500,15,3000,3000,3000,3000,"fast","control_informative",0.05,5,0.01,"","separate_mirage","trait2","bfdr_power",0.05,0.1
20260825,13,500,15,3000,3000,3000,3000,"fast","control_informative",0.05,5,0.01,"","separate_mirage","trait2","bfdr_discoveries",0.05,1
20260825,13,500,15,3000,3000,3000,3000,"fast","control_informative",0.05,5,0.01,"","separate_mirage","trait2","bfdr_observed_fdp",0.1,0.5
20260825,13,500,15,3000,3000,3000,3000,"fast","control_informative",0.05,5,0.01,"","separate_mirage","trait2","bfdr_estimate",0.1,0.0757322444504595
20260825,13,500,15,3000,3000,3000,3000,"fast","control_informative",0.05,5,0.01,"","separate_mirage","trait2","bfdr_power",0.1,0.1
20260825,13,500,15,3000,3000,3000,3000,"fast","control_informative",0.05,5,0.01,"","separate_mirage","trait2","bfdr_discoveries",0.1,2
20260825,13,500,15,3000,3000,3000,3000,"fast","control_informative",0.05,5,0.01,"","separate_mirage","trait2","bfdr_observed_fdp",0.2,0.5
20260825,13,500,15,3000,3000,3000,3000,"fast","control_informative",0.05,5,0.01,"","separate_mirage","trait2","bfdr_estimate",0.2,0.0757322444504595
20260825,13,500,15,3000,3000,3000,3000,"fast","control_informative",0.05,5,0.01,"","separate_mirage","trait2","bfdr_power",0.2,0.1
20260825,13,500,15,3000,3000,3000,3000,"fast","control_informative",0.05,5,0.01,"","separate_mirage","trait2","bfdr_discoveries",0.2,2
20260825,13,500,15,3000,3000,3000,3000,"fast","control_informative",0.05,5,0.01,"","separate_mirage","pleiotropy","bfdr_observed_fdp",0.01,0
20260825,13,500,15,3000,3000,3000,3000,"fast","control_informative",0.05,5,0.01,"","separate_mirage","pleiotropy","bfdr_estimate",0.01,0
20260825,13,500,15,3000,3000,3000,3000,"fast","control_informative",0.05,5,0.01,"","separate_mirage","pleiotropy","bfdr_power",0.01,0
20260825,13,500,15,3000,3000,3000,3000,"fast","control_informative",0.05,5,0.01,"","separate_mirage","pleiotropy","bfdr_discoveries",0.01,0
20260825,13,500,15,3000,3000,3000,3000,"fast","control_informative",0.05,5,0.01,"","separate_mirage","pleiotropy","bfdr_observed_fdp",0.05,0
20260825,13,500,15,3000,3000,3000,3000,"fast","control_informative",0.05,5,0.01,"","separate_mirage","pleiotropy","bfdr_estimate",0.05,0
20260825,13,500,15,3000,3000,3000,3000,"fast","control_informative",0.05,5,0.01,"","separate_mirage","pleiotropy","bfdr_power",0.05,0
20260825,13,500,15,3000,3000,3000,3000,"fast","control_informative",0.05,5,0.01,"","separate_mirage","pleiotropy","bfdr_discoveries",0.05,0
20260825,13,500,15,3000,3000,3000,3000,"fast","control_informative",0.05,5,0.01,"","separate_mirage","pleiotropy","bfdr_observed_fdp",0.1,0
20260825,13,500,15,3000,3000,3000,3000,"fast","control_informative",0.05,5,0.01,"","separate_mirage","pleiotropy","bfdr_estimate",0.1,0
20260825,13,500,15,3000,3000,3000,3000,"fast","control_informative",0.05,5,0.01,"","separate_mirage","pleiotropy","bfdr_power",0.1,0
20260825,13,500,15,3000,3000,3000,3000,"fast","control_informative",0.05,5,0.01,"","separate_mirage","pleiotropy","bfdr_discoveries",0.1,0
20260825,13,500,15,3000,3000,3000,3000,"fast","control_informative",0.05,5,0.01,"","separate_mirage","pleiotropy","bfdr_observed_fdp",0.2,0
20260825,13,500,15,3000,3000,3000,3000,"fast","control_informative",0.05,5,0.01,"","separate_mirage","pleiotropy","bfdr_estimate",0.2,0
20260825,13,500,15,3000,3000,3000,3000,"fast","control_informative",0.05,5,0.01,"","separate_mirage","pleiotropy","bfdr_power",0.2,0
20260825,13,500,15,3000,3000,3000,3000,"fast","control_informative",0.05,5,0.01,"","separate_mirage","pleiotropy","bfdr_discoveries",0.2,0
20260825,13,500,15,3000,3000,3000,3000,"fast","control_informative",0.05,5,0.01,"","separate_mirage","global","runtime_seconds",NA,18.042
20260825,13,500,15,3000,3000,3000,3000,"fast","control_informative",0.05,5,0.01,"","separate_mirage","pleiotropy","pi11_estimate",NA,0.001
20260825,13,500,15,3000,3000,3000,3000,"fast","control_informative",0.05,5,0.01,"","mtada_aggregated","trait1","auc",NA,0.753936842105263
20260825,13,500,15,3000,3000,3000,3000,"fast","control_informative",0.05,5,0.01,"","mtada_aggregated","trait2","auc",NA,0.829795918367347
20260825,13,500,15,3000,3000,3000,3000,"fast","control_informative",0.05,5,0.01,"","mtada_aggregated","pleiotropy","auc",NA,0.91959595959596
20260825,13,500,15,3000,3000,3000,3000,"fast","control_informative",0.05,5,0.01,"","mtada_aggregated","trait1","pp08_power",0.8,0.48
20260825,13,500,15,3000,3000,3000,3000,"fast","control_informative",0.05,5,0.01,"","mtada_aggregated","trait1","pp08_fdp",0.8,0.755102040816326
20260825,13,500,15,3000,3000,3000,3000,"fast","control_informative",0.05,5,0.01,"","mtada_aggregated","trait1","pp08_discoveries",0.8,49
20260825,13,500,15,3000,3000,3000,3000,"fast","control_informative",0.05,5,0.01,"","mtada_aggregated","trait2","pp08_power",0.8,0.5
20260825,13,500,15,3000,3000,3000,3000,"fast","control_informative",0.05,5,0.01,"","mtada_aggregated","trait2","pp08_fdp",0.8,0.875
20260825,13,500,15,3000,3000,3000,3000,"fast","control_informative",0.05,5,0.01,"","mtada_aggregated","trait2","pp08_discoveries",0.8,40
20260825,13,500,15,3000,3000,3000,3000,"fast","control_informative",0.05,5,0.01,"","mtada_aggregated","pleiotropy","pp08_power",0.8,0.4
20260825,13,500,15,3000,3000,3000,3000,"fast","control_informative",0.05,5,0.01,"","mtada_aggregated","pleiotropy","pp08_fdp",0.8,0.714285714285714
20260825,13,500,15,3000,3000,3000,3000,"fast","control_informative",0.05,5,0.01,"","mtada_aggregated","pleiotropy","pp08_discoveries",0.8,7
20260825,13,500,15,3000,3000,3000,3000,"fast","control_informative",0.05,5,0.01,"","mtada_aggregated","trait1","bfdr_observed_fdp",0.01,0.74468085106383
20260825,13,500,15,3000,3000,3000,3000,"fast","control_informative",0.05,5,0.01,"","mtada_aggregated","trait1","bfdr_estimate",0.01,0.00847551062546946
20260825,13,500,15,3000,3000,3000,3000,"fast","control_informative",0.05,5,0.01,"","mtada_aggregated","trait1","bfdr_power",0.01,0.48
20260825,13,500,15,3000,3000,3000,3000,"fast","control_informative",0.05,5,0.01,"","mtada_aggregated","trait1","bfdr_discoveries",0.01,47
20260825,13,500,15,3000,3000,3000,3000,"fast","control_informative",0.05,5,0.01,"","mtada_aggregated","trait1","bfdr_observed_fdp",0.05,0.781818181818182
20260825,13,500,15,3000,3000,3000,3000,"fast","control_informative",0.05,5,0.01,"","mtada_aggregated","trait1","bfdr_estimate",0.05,0.045668760018112
20260825,13,500,15,3000,3000,3000,3000,"fast","control_informative",0.05,5,0.01,"","mtada_aggregated","trait1","bfdr_power",0.05,0.48
20260825,13,500,15,3000,3000,3000,3000,"fast","control_informative",0.05,5,0.01,"","mtada_aggregated","trait1","bfdr_discoveries",0.05,55
20260825,13,500,15,3000,3000,3000,3000,"fast","control_informative",0.05,5,0.01,"","mtada_aggregated","trait1","bfdr_observed_fdp",0.1,0.80327868852459
20260825,13,500,15,3000,3000,3000,3000,"fast","control_informative",0.05,5,0.01,"","mtada_aggregated","trait1","bfdr_estimate",0.1,0.0904680651182503
20260825,13,500,15,3000,3000,3000,3000,"fast","control_informative",0.05,5,0.01,"","mtada_aggregated","trait1","bfdr_power",0.1,0.48
20260825,13,500,15,3000,3000,3000,3000,"fast","control_informative",0.05,5,0.01,"","mtada_aggregated","trait1","bfdr_discoveries",0.1,61
20260825,13,500,15,3000,3000,3000,3000,"fast","control_informative",0.05,5,0.01,"","mtada_aggregated","trait1","bfdr_observed_fdp",0.2,0.833333333333333
20260825,13,500,15,3000,3000,3000,3000,"fast","control_informative",0.05,5,0.01,"","mtada_aggregated","trait1","bfdr_estimate",0.2,0.194576636659234
20260825,13,500,15,3000,3000,3000,3000,"fast","control_informative",0.05,5,0.01,"","mtada_aggregated","trait1","bfdr_power",0.2,0.48
20260825,13,500,15,3000,3000,3000,3000,"fast","control_informative",0.05,5,0.01,"","mtada_aggregated","trait1","bfdr_discoveries",0.2,72
20260825,13,500,15,3000,3000,3000,3000,"fast","control_informative",0.05,5,0.01,"","mtada_aggregated","trait2","bfdr_observed_fdp",0.01,0.864864864864865
20260825,13,500,15,3000,3000,3000,3000,"fast","control_informative",0.05,5,0.01,"","mtada_aggregated","trait2","bfdr_estimate",0.01,0.00876483597824037
20260825,13,500,15,3000,3000,3000,3000,"fast","control_informative",0.05,5,0.01,"","mtada_aggregated","trait2","bfdr_power",0.01,0.5
20260825,13,500,15,3000,3000,3000,3000,"fast","control_informative",0.05,5,0.01,"","mtada_aggregated","trait2","bfdr_discoveries",0.01,37
20260825,13,500,15,3000,3000,3000,3000,"fast","control_informative",0.05,5,0.01,"","mtada_aggregated","trait2","bfdr_observed_fdp",0.05,0.886363636363636
20260825,13,500,15,3000,3000,3000,3000,"fast","control_informative",0.05,5,0.01,"","mtada_aggregated","trait2","bfdr_estimate",0.05,0.0452565831509675
20260825,13,500,15,3000,3000,3000,3000,"fast","control_informative",0.05,5,0.01,"","mtada_aggregated","trait2","bfdr_power",0.05,0.5
20260825,13,500,15,3000,3000,3000,3000,"fast","control_informative",0.05,5,0.01,"","mtada_aggregated","trait2","bfdr_discoveries",0.05,44
20260825,13,500,15,3000,3000,3000,3000,"fast","control_informative",0.05,5,0.01,"","mtada_aggregated","trait2","bfdr_observed_fdp",0.1,0.897959183673469
20260825,13,500,15,3000,3000,3000,3000,"fast","control_informative",0.05,5,0.01,"","mtada_aggregated","trait2","bfdr_estimate",0.1,0.0927033881456732
20260825,13,500,15,3000,3000,3000,3000,"fast","control_informative",0.05,5,0.01,"","mtada_aggregated","trait2","bfdr_power",0.1,0.5
20260825,13,500,15,3000,3000,3000,3000,"fast","control_informative",0.05,5,0.01,"","mtada_aggregated","trait2","bfdr_discoveries",0.1,49
20260825,13,500,15,3000,3000,3000,3000,"fast","control_informative",0.05,5,0.01,"","mtada_aggregated","trait2","bfdr_observed_fdp",0.2,0.912280701754386
20260825,13,500,15,3000,3000,3000,3000,"fast","control_informative",0.05,5,0.01,"","mtada_aggregated","trait2","bfdr_estimate",0.2,0.188815878683886
20260825,13,500,15,3000,3000,3000,3000,"fast","control_informative",0.05,5,0.01,"","mtada_aggregated","trait2","bfdr_power",0.2,0.5
20260825,13,500,15,3000,3000,3000,3000,"fast","control_informative",0.05,5,0.01,"","mtada_aggregated","trait2","bfdr_discoveries",0.2,57
20260825,13,500,15,3000,3000,3000,3000,"fast","control_informative",0.05,5,0.01,"","mtada_aggregated","pleiotropy","bfdr_observed_fdp",0.01,0.666666666666667
20260825,13,500,15,3000,3000,3000,3000,"fast","control_informative",0.05,5,0.01,"","mtada_aggregated","pleiotropy","bfdr_estimate",0.01,0.00377509884061615
20260825,13,500,15,3000,3000,3000,3000,"fast","control_informative",0.05,5,0.01,"","mtada_aggregated","pleiotropy","bfdr_power",0.01,0.4
20260825,13,500,15,3000,3000,3000,3000,"fast","control_informative",0.05,5,0.01,"","mtada_aggregated","pleiotropy","bfdr_discoveries",0.01,6
20260825,13,500,15,3000,3000,3000,3000,"fast","control_informative",0.05,5,0.01,"","mtada_aggregated","pleiotropy","bfdr_observed_fdp",0.05,0.714285714285714
20260825,13,500,15,3000,3000,3000,3000,"fast","control_informative",0.05,5,0.01,"","mtada_aggregated","pleiotropy","bfdr_estimate",0.05,0.0104701536857109
20260825,13,500,15,3000,3000,3000,3000,"fast","control_informative",0.05,5,0.01,"","mtada_aggregated","pleiotropy","bfdr_power",0.05,0.4
20260825,13,500,15,3000,3000,3000,3000,"fast","control_informative",0.05,5,0.01,"","mtada_aggregated","pleiotropy","bfdr_discoveries",0.05,7
20260825,13,500,15,3000,3000,3000,3000,"fast","control_informative",0.05,5,0.01,"","mtada_aggregated","pleiotropy","bfdr_observed_fdp",0.1,0.75
20260825,13,500,15,3000,3000,3000,3000,"fast","control_informative",0.05,5,0.01,"","mtada_aggregated","pleiotropy","bfdr_estimate",0.1,0.0928864645836599
20260825,13,500,15,3000,3000,3000,3000,"fast","control_informative",0.05,5,0.01,"","mtada_aggregated","pleiotropy","bfdr_power",0.1,0.4
20260825,13,500,15,3000,3000,3000,3000,"fast","control_informative",0.05,5,0.01,"","mtada_aggregated","pleiotropy","bfdr_discoveries",0.1,8
20260825,13,500,15,3000,3000,3000,3000,"fast","control_informative",0.05,5,0.01,"","mtada_aggregated","pleiotropy","bfdr_observed_fdp",0.2,0.777777777777778
20260825,13,500,15,3000,3000,3000,3000,"fast","control_informative",0.05,5,0.01,"","mtada_aggregated","pleiotropy","bfdr_estimate",0.2,0.166721367237857
20260825,13,500,15,3000,3000,3000,3000,"fast","control_informative",0.05,5,0.01,"","mtada_aggregated","pleiotropy","bfdr_power",0.2,0.4
20260825,13,500,15,3000,3000,3000,3000,"fast","control_informative",0.05,5,0.01,"","mtada_aggregated","pleiotropy","bfdr_discoveries",0.2,9
20260825,13,500,15,3000,3000,3000,3000,"fast","control_informative",0.05,5,0.01,"","mtada_aggregated","global","runtime_seconds",NA,1.00800000000001
20260825,13,500,15,3000,3000,3000,3000,"fast","control_informative",0.05,5,0.01,"","mtada_aggregated","pleiotropy","pi11_estimate",NA,0.00268183
20260826,14,500,15,3000,3000,3000,3000,"fast","control_informative",0.05,5,0.01,"","mirage_joint","trait1","auc",NA,0.752084210526316
20260826,14,500,15,3000,3000,3000,3000,"fast","control_informative",0.05,5,0.01,"","mirage_joint","trait2","auc",NA,0.699795918367347
20260826,14,500,15,3000,3000,3000,3000,"fast","control_informative",0.05,5,0.01,"","mirage_joint","pleiotropy","auc",NA,0.836363636363636
20260826,14,500,15,3000,3000,3000,3000,"fast","control_informative",0.05,5,0.01,"","mirage_joint","trait1","pp08_power",0.8,0.2
20260826,14,500,15,3000,3000,3000,3000,"fast","control_informative",0.05,5,0.01,"","mirage_joint","trait1","pp08_fdp",0.8,0
20260826,14,500,15,3000,3000,3000,3000,"fast","control_informative",0.05,5,0.01,"","mirage_joint","trait1","pp08_discoveries",0.8,5
20260826,14,500,15,3000,3000,3000,3000,"fast","control_informative",0.05,5,0.01,"","mirage_joint","trait2","pp08_power",0.8,0.2
20260826,14,500,15,3000,3000,3000,3000,"fast","control_informative",0.05,5,0.01,"","mirage_joint","trait2","pp08_fdp",0.8,0.333333333333333
20260826,14,500,15,3000,3000,3000,3000,"fast","control_informative",0.05,5,0.01,"","mirage_joint","trait2","pp08_discoveries",0.8,3
20260826,14,500,15,3000,3000,3000,3000,"fast","control_informative",0.05,5,0.01,"","mirage_joint","pleiotropy","pp08_power",0.8,0.2
20260826,14,500,15,3000,3000,3000,3000,"fast","control_informative",0.05,5,0.01,"","mirage_joint","pleiotropy","pp08_fdp",0.8,0.5
20260826,14,500,15,3000,3000,3000,3000,"fast","control_informative",0.05,5,0.01,"","mirage_joint","pleiotropy","pp08_discoveries",0.8,2
20260826,14,500,15,3000,3000,3000,3000,"fast","control_informative",0.05,5,0.01,"","mirage_joint","trait1","bfdr_observed_fdp",0.01,0
20260826,14,500,15,3000,3000,3000,3000,"fast","control_informative",0.05,5,0.01,"","mirage_joint","trait1","bfdr_estimate",0.01,0.00153120376416618
20260826,14,500,15,3000,3000,3000,3000,"fast","control_informative",0.05,5,0.01,"","mirage_joint","trait1","bfdr_power",0.01,0.16
20260826,14,500,15,3000,3000,3000,3000,"fast","control_informative",0.05,5,0.01,"","mirage_joint","trait1","bfdr_discoveries",0.01,4
20260826,14,500,15,3000,3000,3000,3000,"fast","control_informative",0.05,5,0.01,"","mirage_joint","trait1","bfdr_observed_fdp",0.05,0
20260826,14,500,15,3000,3000,3000,3000,"fast","control_informative",0.05,5,0.01,"","mirage_joint","trait1","bfdr_estimate",0.05,0.0398114732283374
20260826,14,500,15,3000,3000,3000,3000,"fast","control_informative",0.05,5,0.01,"","mirage_joint","trait1","bfdr_power",0.05,0.2
20260826,14,500,15,3000,3000,3000,3000,"fast","control_informative",0.05,5,0.01,"","mirage_joint","trait1","bfdr_discoveries",0.05,5
20260826,14,500,15,3000,3000,3000,3000,"fast","control_informative",0.05,5,0.01,"","mirage_joint","trait1","bfdr_observed_fdp",0.1,0
20260826,14,500,15,3000,3000,3000,3000,"fast","control_informative",0.05,5,0.01,"","mirage_joint","trait1","bfdr_estimate",0.1,0.0736841491742198
20260826,14,500,15,3000,3000,3000,3000,"fast","control_informative",0.05,5,0.01,"","mirage_joint","trait1","bfdr_power",0.1,0.24
20260826,14,500,15,3000,3000,3000,3000,"fast","control_informative",0.05,5,0.01,"","mirage_joint","trait1","bfdr_discoveries",0.1,6
20260826,14,500,15,3000,3000,3000,3000,"fast","control_informative",0.05,5,0.01,"","mirage_joint","trait1","bfdr_observed_fdp",0.2,0.222222222222222
20260826,14,500,15,3000,3000,3000,3000,"fast","control_informative",0.05,5,0.01,"","mirage_joint","trait1","bfdr_estimate",0.2,0.181459812326597
20260826,14,500,15,3000,3000,3000,3000,"fast","control_informative",0.05,5,0.01,"","mirage_joint","trait1","bfdr_power",0.2,0.28
20260826,14,500,15,3000,3000,3000,3000,"fast","control_informative",0.05,5,0.01,"","mirage_joint","trait1","bfdr_discoveries",0.2,9
20260826,14,500,15,3000,3000,3000,3000,"fast","control_informative",0.05,5,0.01,"","mirage_joint","trait2","bfdr_observed_fdp",0.01,0
20260826,14,500,15,3000,3000,3000,3000,"fast","control_informative",0.05,5,0.01,"","mirage_joint","trait2","bfdr_estimate",0.01,0.00369399872793941
20260826,14,500,15,3000,3000,3000,3000,"fast","control_informative",0.05,5,0.01,"","mirage_joint","trait2","bfdr_power",0.01,0.1
20260826,14,500,15,3000,3000,3000,3000,"fast","control_informative",0.05,5,0.01,"","mirage_joint","trait2","bfdr_discoveries",0.01,1
20260826,14,500,15,3000,3000,3000,3000,"fast","control_informative",0.05,5,0.01,"","mirage_joint","trait2","bfdr_observed_fdp",0.05,0
20260826,14,500,15,3000,3000,3000,3000,"fast","control_informative",0.05,5,0.01,"","mirage_joint","trait2","bfdr_estimate",0.05,0.0480309655611615
20260826,14,500,15,3000,3000,3000,3000,"fast","control_informative",0.05,5,0.01,"","mirage_joint","trait2","bfdr_power",0.05,0.2
20260826,14,500,15,3000,3000,3000,3000,"fast","control_informative",0.05,5,0.01,"","mirage_joint","trait2","bfdr_discoveries",0.05,2
20260826,14,500,15,3000,3000,3000,3000,"fast","control_informative",0.05,5,0.01,"","mirage_joint","trait2","bfdr_observed_fdp",0.1,0.333333333333333
20260826,14,500,15,3000,3000,3000,3000,"fast","control_informative",0.05,5,0.01,"","mirage_joint","trait2","bfdr_estimate",0.1,0.0897214177809153
20260826,14,500,15,3000,3000,3000,3000,"fast","control_informative",0.05,5,0.01,"","mirage_joint","trait2","bfdr_power",0.1,0.2
20260826,14,500,15,3000,3000,3000,3000,"fast","control_informative",0.05,5,0.01,"","mirage_joint","trait2","bfdr_discoveries",0.1,3
20260826,14,500,15,3000,3000,3000,3000,"fast","control_informative",0.05,5,0.01,"","mirage_joint","trait2","bfdr_observed_fdp",0.2,0.6
20260826,14,500,15,3000,3000,3000,3000,"fast","control_informative",0.05,5,0.01,"","mirage_joint","trait2","bfdr_estimate",0.2,0.173900876577801
20260826,14,500,15,3000,3000,3000,3000,"fast","control_informative",0.05,5,0.01,"","mirage_joint","trait2","bfdr_power",0.2,0.2
20260826,14,500,15,3000,3000,3000,3000,"fast","control_informative",0.05,5,0.01,"","mirage_joint","trait2","bfdr_discoveries",0.2,5
20260826,14,500,15,3000,3000,3000,3000,"fast","control_informative",0.05,5,0.01,"","mirage_joint","pleiotropy","bfdr_observed_fdp",0.01,0
20260826,14,500,15,3000,3000,3000,3000,"fast","control_informative",0.05,5,0.01,"","mirage_joint","pleiotropy","bfdr_estimate",0.01,0
20260826,14,500,15,3000,3000,3000,3000,"fast","control_informative",0.05,5,0.01,"","mirage_joint","pleiotropy","bfdr_power",0.01,0
20260826,14,500,15,3000,3000,3000,3000,"fast","control_informative",0.05,5,0.01,"","mirage_joint","pleiotropy","bfdr_discoveries",0.01,0
20260826,14,500,15,3000,3000,3000,3000,"fast","control_informative",0.05,5,0.01,"","mirage_joint","pleiotropy","bfdr_observed_fdp",0.05,0
20260826,14,500,15,3000,3000,3000,3000,"fast","control_informative",0.05,5,0.01,"","mirage_joint","pleiotropy","bfdr_estimate",0.05,0
20260826,14,500,15,3000,3000,3000,3000,"fast","control_informative",0.05,5,0.01,"","mirage_joint","pleiotropy","bfdr_power",0.05,0
20260826,14,500,15,3000,3000,3000,3000,"fast","control_informative",0.05,5,0.01,"","mirage_joint","pleiotropy","bfdr_discoveries",0.05,0
20260826,14,500,15,3000,3000,3000,3000,"fast","control_informative",0.05,5,0.01,"","mirage_joint","pleiotropy","bfdr_observed_fdp",0.1,0
20260826,14,500,15,3000,3000,3000,3000,"fast","control_informative",0.05,5,0.01,"","mirage_joint","pleiotropy","bfdr_estimate",0.1,0
20260826,14,500,15,3000,3000,3000,3000,"fast","control_informative",0.05,5,0.01,"","mirage_joint","pleiotropy","bfdr_power",0.1,0
20260826,14,500,15,3000,3000,3000,3000,"fast","control_informative",0.05,5,0.01,"","mirage_joint","pleiotropy","bfdr_discoveries",0.1,0
20260826,14,500,15,3000,3000,3000,3000,"fast","control_informative",0.05,5,0.01,"","mirage_joint","pleiotropy","bfdr_observed_fdp",0.2,0.5
20260826,14,500,15,3000,3000,3000,3000,"fast","control_informative",0.05,5,0.01,"","mirage_joint","pleiotropy","bfdr_estimate",0.2,0.183210221812896
20260826,14,500,15,3000,3000,3000,3000,"fast","control_informative",0.05,5,0.01,"","mirage_joint","pleiotropy","bfdr_power",0.2,0.2
20260826,14,500,15,3000,3000,3000,3000,"fast","control_informative",0.05,5,0.01,"","mirage_joint","pleiotropy","bfdr_discoveries",0.2,2
20260826,14,500,15,3000,3000,3000,3000,"fast","control_informative",0.05,5,0.01,"","mirage_joint","global","runtime_seconds",NA,18.035
20260826,14,500,15,3000,3000,3000,3000,"fast","control_informative",0.05,5,0.01,"","mirage_joint","pleiotropy","pi11_estimate",NA,0.0549163944500294
20260826,14,500,15,3000,3000,3000,3000,"fast","control_informative",0.05,5,0.01,"","separate_mirage","trait1","auc",NA,0.774231578947368
20260826,14,500,15,3000,3000,3000,3000,"fast","control_informative",0.05,5,0.01,"","separate_mirage","trait2","auc",NA,0.64469387755102
20260826,14,500,15,3000,3000,3000,3000,"fast","control_informative",0.05,5,0.01,"","separate_mirage","pleiotropy","auc",NA,0.860606060606061
20260826,14,500,15,3000,3000,3000,3000,"fast","control_informative",0.05,5,0.01,"","separate_mirage","trait1","pp08_power",0.8,0.16
20260826,14,500,15,3000,3000,3000,3000,"fast","control_informative",0.05,5,0.01,"","separate_mirage","trait1","pp08_fdp",0.8,0
20260826,14,500,15,3000,3000,3000,3000,"fast","control_informative",0.05,5,0.01,"","separate_mirage","trait1","pp08_discoveries",0.8,4
20260826,14,500,15,3000,3000,3000,3000,"fast","control_informative",0.05,5,0.01,"","separate_mirage","trait2","pp08_power",0.8,0.1
20260826,14,500,15,3000,3000,3000,3000,"fast","control_informative",0.05,5,0.01,"","separate_mirage","trait2","pp08_fdp",0.8,0
20260826,14,500,15,3000,3000,3000,3000,"fast","control_informative",0.05,5,0.01,"","separate_mirage","trait2","pp08_discoveries",0.8,1
20260826,14,500,15,3000,3000,3000,3000,"fast","control_informative",0.05,5,0.01,"","separate_mirage","pleiotropy","pp08_power",0.8,0
20260826,14,500,15,3000,3000,3000,3000,"fast","control_informative",0.05,5,0.01,"","separate_mirage","pleiotropy","pp08_fdp",0.8,0
20260826,14,500,15,3000,3000,3000,3000,"fast","control_informative",0.05,5,0.01,"","separate_mirage","pleiotropy","pp08_discoveries",0.8,0
20260826,14,500,15,3000,3000,3000,3000,"fast","control_informative",0.05,5,0.01,"","separate_mirage","trait1","bfdr_observed_fdp",0.01,0
20260826,14,500,15,3000,3000,3000,3000,"fast","control_informative",0.05,5,0.01,"","separate_mirage","trait1","bfdr_estimate",0.01,0.00459971537862361
20260826,14,500,15,3000,3000,3000,3000,"fast","control_informative",0.05,5,0.01,"","separate_mirage","trait1","bfdr_power",0.01,0.16
20260826,14,500,15,3000,3000,3000,3000,"fast","control_informative",0.05,5,0.01,"","separate_mirage","trait1","bfdr_discoveries",0.01,4
20260826,14,500,15,3000,3000,3000,3000,"fast","control_informative",0.05,5,0.01,"","separate_mirage","trait1","bfdr_observed_fdp",0.05,0
20260826,14,500,15,3000,3000,3000,3000,"fast","control_informative",0.05,5,0.01,"","separate_mirage","trait1","bfdr_estimate",0.05,0.00459971537862361
20260826,14,500,15,3000,3000,3000,3000,"fast","control_informative",0.05,5,0.01,"","separate_mirage","trait1","bfdr_power",0.05,0.16
20260826,14,500,15,3000,3000,3000,3000,"fast","control_informative",0.05,5,0.01,"","separate_mirage","trait1","bfdr_discoveries",0.05,4
20260826,14,500,15,3000,3000,3000,3000,"fast","control_informative",0.05,5,0.01,"","separate_mirage","trait1","bfdr_observed_fdp",0.1,0.2
20260826,14,500,15,3000,3000,3000,3000,"fast","control_informative",0.05,5,0.01,"","separate_mirage","trait1","bfdr_estimate",0.1,0.0959207572403888
20260826,14,500,15,3000,3000,3000,3000,"fast","control_informative",0.05,5,0.01,"","separate_mirage","trait1","bfdr_power",0.1,0.16
20260826,14,500,15,3000,3000,3000,3000,"fast","control_informative",0.05,5,0.01,"","separate_mirage","trait1","bfdr_discoveries",0.1,5
20260826,14,500,15,3000,3000,3000,3000,"fast","control_informative",0.05,5,0.01,"","separate_mirage","trait1","bfdr_observed_fdp",0.2,0.166666666666667
20260826,14,500,15,3000,3000,3000,3000,"fast","control_informative",0.05,5,0.01,"","separate_mirage","trait1","bfdr_estimate",0.2,0.177029544238139
20260826,14,500,15,3000,3000,3000,3000,"fast","control_informative",0.05,5,0.01,"","separate_mirage","trait1","bfdr_power",0.2,0.2
20260826,14,500,15,3000,3000,3000,3000,"fast","control_informative",0.05,5,0.01,"","separate_mirage","trait1","bfdr_discoveries",0.2,6
20260826,14,500,15,3000,3000,3000,3000,"fast","control_informative",0.05,5,0.01,"","separate_mirage","trait2","bfdr_observed_fdp",0.01,0
20260826,14,500,15,3000,3000,3000,3000,"fast","control_informative",0.05,5,0.01,"","separate_mirage","trait2","bfdr_estimate",0.01,0
20260826,14,500,15,3000,3000,3000,3000,"fast","control_informative",0.05,5,0.01,"","separate_mirage","trait2","bfdr_power",0.01,0
20260826,14,500,15,3000,3000,3000,3000,"fast","control_informative",0.05,5,0.01,"","separate_mirage","trait2","bfdr_discoveries",0.01,0
20260826,14,500,15,3000,3000,3000,3000,"fast","control_informative",0.05,5,0.01,"","separate_mirage","trait2","bfdr_observed_fdp",0.05,0
20260826,14,500,15,3000,3000,3000,3000,"fast","control_informative",0.05,5,0.01,"","separate_mirage","trait2","bfdr_estimate",0.05,0.0110726609448897
20260826,14,500,15,3000,3000,3000,3000,"fast","control_informative",0.05,5,0.01,"","separate_mirage","trait2","bfdr_power",0.05,0.1
20260826,14,500,15,3000,3000,3000,3000,"fast","control_informative",0.05,5,0.01,"","separate_mirage","trait2","bfdr_discoveries",0.05,1
20260826,14,500,15,3000,3000,3000,3000,"fast","control_informative",0.05,5,0.01,"","separate_mirage","trait2","bfdr_observed_fdp",0.1,0
20260826,14,500,15,3000,3000,3000,3000,"fast","control_informative",0.05,5,0.01,"","separate_mirage","trait2","bfdr_estimate",0.1,0.0110726609448897
20260826,14,500,15,3000,3000,3000,3000,"fast","control_informative",0.05,5,0.01,"","separate_mirage","trait2","bfdr_power",0.1,0.1
20260826,14,500,15,3000,3000,3000,3000,"fast","control_informative",0.05,5,0.01,"","separate_mirage","trait2","bfdr_discoveries",0.1,1
20260826,14,500,15,3000,3000,3000,3000,"fast","control_informative",0.05,5,0.01,"","separate_mirage","trait2","bfdr_observed_fdp",0.2,0
20260826,14,500,15,3000,3000,3000,3000,"fast","control_informative",0.05,5,0.01,"","separate_mirage","trait2","bfdr_estimate",0.2,0.130685136017859
20260826,14,500,15,3000,3000,3000,3000,"fast","control_informative",0.05,5,0.01,"","separate_mirage","trait2","bfdr_power",0.2,0.2
20260826,14,500,15,3000,3000,3000,3000,"fast","control_informative",0.05,5,0.01,"","separate_mirage","trait2","bfdr_discoveries",0.2,2
20260826,14,500,15,3000,3000,3000,3000,"fast","control_informative",0.05,5,0.01,"","separate_mirage","pleiotropy","bfdr_observed_fdp",0.01,0
20260826,14,500,15,3000,3000,3000,3000,"fast","control_informative",0.05,5,0.01,"","separate_mirage","pleiotropy","bfdr_estimate",0.01,0
20260826,14,500,15,3000,3000,3000,3000,"fast","control_informative",0.05,5,0.01,"","separate_mirage","pleiotropy","bfdr_power",0.01,0
20260826,14,500,15,3000,3000,3000,3000,"fast","control_informative",0.05,5,0.01,"","separate_mirage","pleiotropy","bfdr_discoveries",0.01,0
20260826,14,500,15,3000,3000,3000,3000,"fast","control_informative",0.05,5,0.01,"","separate_mirage","pleiotropy","bfdr_observed_fdp",0.05,0
20260826,14,500,15,3000,3000,3000,3000,"fast","control_informative",0.05,5,0.01,"","separate_mirage","pleiotropy","bfdr_estimate",0.05,0
20260826,14,500,15,3000,3000,3000,3000,"fast","control_informative",0.05,5,0.01,"","separate_mirage","pleiotropy","bfdr_power",0.05,0
20260826,14,500,15,3000,3000,3000,3000,"fast","control_informative",0.05,5,0.01,"","separate_mirage","pleiotropy","bfdr_discoveries",0.05,0
20260826,14,500,15,3000,3000,3000,3000,"fast","control_informative",0.05,5,0.01,"","separate_mirage","pleiotropy","bfdr_observed_fdp",0.1,0
20260826,14,500,15,3000,3000,3000,3000,"fast","control_informative",0.05,5,0.01,"","separate_mirage","pleiotropy","bfdr_estimate",0.1,0
20260826,14,500,15,3000,3000,3000,3000,"fast","control_informative",0.05,5,0.01,"","separate_mirage","pleiotropy","bfdr_power",0.1,0
20260826,14,500,15,3000,3000,3000,3000,"fast","control_informative",0.05,5,0.01,"","separate_mirage","pleiotropy","bfdr_discoveries",0.1,0
20260826,14,500,15,3000,3000,3000,3000,"fast","control_informative",0.05,5,0.01,"","separate_mirage","pleiotropy","bfdr_observed_fdp",0.2,0
20260826,14,500,15,3000,3000,3000,3000,"fast","control_informative",0.05,5,0.01,"","separate_mirage","pleiotropy","bfdr_estimate",0.2,0
20260826,14,500,15,3000,3000,3000,3000,"fast","control_informative",0.05,5,0.01,"","separate_mirage","pleiotropy","bfdr_power",0.2,0
20260826,14,500,15,3000,3000,3000,3000,"fast","control_informative",0.05,5,0.01,"","separate_mirage","pleiotropy","bfdr_discoveries",0.2,0
20260826,14,500,15,3000,3000,3000,3000,"fast","control_informative",0.05,5,0.01,"","separate_mirage","global","runtime_seconds",NA,17.988
20260826,14,500,15,3000,3000,3000,3000,"fast","control_informative",0.05,5,0.01,"","separate_mirage","pleiotropy","pi11_estimate",NA,0.001
20260826,14,500,15,3000,3000,3000,3000,"fast","control_informative",0.05,5,0.01,"","mtada_aggregated","trait1","auc",NA,0.6648
20260826,14,500,15,3000,3000,3000,3000,"fast","control_informative",0.05,5,0.01,"","mtada_aggregated","trait2","auc",NA,0.699591836734694
20260826,14,500,15,3000,3000,3000,3000,"fast","control_informative",0.05,5,0.01,"","mtada_aggregated","pleiotropy","auc",NA,0.783838383838384
20260826,14,500,15,3000,3000,3000,3000,"fast","control_informative",0.05,5,0.01,"","mtada_aggregated","trait1","pp08_power",0.8,0.24
20260826,14,500,15,3000,3000,3000,3000,"fast","control_informative",0.05,5,0.01,"","mtada_aggregated","trait1","pp08_fdp",0.8,0.869565217391304
20260826,14,500,15,3000,3000,3000,3000,"fast","control_informative",0.05,5,0.01,"","mtada_aggregated","trait1","pp08_discoveries",0.8,46
20260826,14,500,15,3000,3000,3000,3000,"fast","control_informative",0.05,5,0.01,"","mtada_aggregated","trait2","pp08_power",0.8,0.3
20260826,14,500,15,3000,3000,3000,3000,"fast","control_informative",0.05,5,0.01,"","mtada_aggregated","trait2","pp08_fdp",0.8,0.918918918918919
20260826,14,500,15,3000,3000,3000,3000,"fast","control_informative",0.05,5,0.01,"","mtada_aggregated","trait2","pp08_discoveries",0.8,37
20260826,14,500,15,3000,3000,3000,3000,"fast","control_informative",0.05,5,0.01,"","mtada_aggregated","pleiotropy","pp08_power",0.8,0
20260826,14,500,15,3000,3000,3000,3000,"fast","control_informative",0.05,5,0.01,"","mtada_aggregated","pleiotropy","pp08_fdp",0.8,0
20260826,14,500,15,3000,3000,3000,3000,"fast","control_informative",0.05,5,0.01,"","mtada_aggregated","pleiotropy","pp08_discoveries",0.8,0
20260826,14,500,15,3000,3000,3000,3000,"fast","control_informative",0.05,5,0.01,"","mtada_aggregated","trait1","bfdr_observed_fdp",0.01,0.842105263157895
20260826,14,500,15,3000,3000,3000,3000,"fast","control_informative",0.05,5,0.01,"","mtada_aggregated","trait1","bfdr_estimate",0.01,0.00968980088180281
20260826,14,500,15,3000,3000,3000,3000,"fast","control_informative",0.05,5,0.01,"","mtada_aggregated","trait1","bfdr_power",0.01,0.24
20260826,14,500,15,3000,3000,3000,3000,"fast","control_informative",0.05,5,0.01,"","mtada_aggregated","trait1","bfdr_discoveries",0.01,38
20260826,14,500,15,3000,3000,3000,3000,"fast","control_informative",0.05,5,0.01,"","mtada_aggregated","trait1","bfdr_observed_fdp",0.05,0.877551020408163
20260826,14,500,15,3000,3000,3000,3000,"fast","control_informative",0.05,5,0.01,"","mtada_aggregated","trait1","bfdr_estimate",0.05,0.0479041694312544
20260826,14,500,15,3000,3000,3000,3000,"fast","control_informative",0.05,5,0.01,"","mtada_aggregated","trait1","bfdr_power",0.05,0.24
20260826,14,500,15,3000,3000,3000,3000,"fast","control_informative",0.05,5,0.01,"","mtada_aggregated","trait1","bfdr_discoveries",0.05,49
20260826,14,500,15,3000,3000,3000,3000,"fast","control_informative",0.05,5,0.01,"","mtada_aggregated","trait1","bfdr_observed_fdp",0.1,0.857142857142857
20260826,14,500,15,3000,3000,3000,3000,"fast","control_informative",0.05,5,0.01,"","mtada_aggregated","trait1","bfdr_estimate",0.1,0.0965972219609463
20260826,14,500,15,3000,3000,3000,3000,"fast","control_informative",0.05,5,0.01,"","mtada_aggregated","trait1","bfdr_power",0.1,0.32
20260826,14,500,15,3000,3000,3000,3000,"fast","control_informative",0.05,5,0.01,"","mtada_aggregated","trait1","bfdr_discoveries",0.1,56
20260826,14,500,15,3000,3000,3000,3000,"fast","control_informative",0.05,5,0.01,"","mtada_aggregated","trait1","bfdr_observed_fdp",0.2,0.86764705882353
20260826,14,500,15,3000,3000,3000,3000,"fast","control_informative",0.05,5,0.01,"","mtada_aggregated","trait1","bfdr_estimate",0.2,0.192862653110741
20260826,14,500,15,3000,3000,3000,3000,"fast","control_informative",0.05,5,0.01,"","mtada_aggregated","trait1","bfdr_power",0.2,0.36
20260826,14,500,15,3000,3000,3000,3000,"fast","control_informative",0.05,5,0.01,"","mtada_aggregated","trait1","bfdr_discoveries",0.2,68
20260826,14,500,15,3000,3000,3000,3000,"fast","control_informative",0.05,5,0.01,"","mtada_aggregated","trait2","bfdr_observed_fdp",0.01,0.914285714285714
20260826,14,500,15,3000,3000,3000,3000,"fast","control_informative",0.05,5,0.01,"","mtada_aggregated","trait2","bfdr_estimate",0.01,0.00870250247637996
20260826,14,500,15,3000,3000,3000,3000,"fast","control_informative",0.05,5,0.01,"","mtada_aggregated","trait2","bfdr_power",0.01,0.3
20260826,14,500,15,3000,3000,3000,3000,"fast","control_informative",0.05,5,0.01,"","mtada_aggregated","trait2","bfdr_discoveries",0.01,35
20260826,14,500,15,3000,3000,3000,3000,"fast","control_informative",0.05,5,0.01,"","mtada_aggregated","trait2","bfdr_observed_fdp",0.05,0.926829268292683
20260826,14,500,15,3000,3000,3000,3000,"fast","control_informative",0.05,5,0.01,"","mtada_aggregated","trait2","bfdr_estimate",0.05,0.0462109220541406
20260826,14,500,15,3000,3000,3000,3000,"fast","control_informative",0.05,5,0.01,"","mtada_aggregated","trait2","bfdr_power",0.05,0.3
20260826,14,500,15,3000,3000,3000,3000,"fast","control_informative",0.05,5,0.01,"","mtada_aggregated","trait2","bfdr_discoveries",0.05,41
20260826,14,500,15,3000,3000,3000,3000,"fast","control_informative",0.05,5,0.01,"","mtada_aggregated","trait2","bfdr_observed_fdp",0.1,0.936170212765957
20260826,14,500,15,3000,3000,3000,3000,"fast","control_informative",0.05,5,0.01,"","mtada_aggregated","trait2","bfdr_estimate",0.1,0.0947955652327571
20260826,14,500,15,3000,3000,3000,3000,"fast","control_informative",0.05,5,0.01,"","mtada_aggregated","trait2","bfdr_power",0.1,0.3
20260826,14,500,15,3000,3000,3000,3000,"fast","control_informative",0.05,5,0.01,"","mtada_aggregated","trait2","bfdr_discoveries",0.1,47
20260826,14,500,15,3000,3000,3000,3000,"fast","control_informative",0.05,5,0.01,"","mtada_aggregated","trait2","bfdr_observed_fdp",0.2,0.947368421052632
20260826,14,500,15,3000,3000,3000,3000,"fast","control_informative",0.05,5,0.01,"","mtada_aggregated","trait2","bfdr_estimate",0.2,0.194330290488364
20260826,14,500,15,3000,3000,3000,3000,"fast","control_informative",0.05,5,0.01,"","mtada_aggregated","trait2","bfdr_power",0.2,0.3
20260826,14,500,15,3000,3000,3000,3000,"fast","control_informative",0.05,5,0.01,"","mtada_aggregated","trait2","bfdr_discoveries",0.2,57
20260826,14,500,15,3000,3000,3000,3000,"fast","control_informative",0.05,5,0.01,"","mtada_aggregated","pleiotropy","bfdr_observed_fdp",0.01,0
20260826,14,500,15,3000,3000,3000,3000,"fast","control_informative",0.05,5,0.01,"","mtada_aggregated","pleiotropy","bfdr_estimate",0.01,0
20260826,14,500,15,3000,3000,3000,3000,"fast","control_informative",0.05,5,0.01,"","mtada_aggregated","pleiotropy","bfdr_power",0.01,0
20260826,14,500,15,3000,3000,3000,3000,"fast","control_informative",0.05,5,0.01,"","mtada_aggregated","pleiotropy","bfdr_discoveries",0.01,0
20260826,14,500,15,3000,3000,3000,3000,"fast","control_informative",0.05,5,0.01,"","mtada_aggregated","pleiotropy","bfdr_observed_fdp",0.05,0
20260826,14,500,15,3000,3000,3000,3000,"fast","control_informative",0.05,5,0.01,"","mtada_aggregated","pleiotropy","bfdr_estimate",0.05,0
20260826,14,500,15,3000,3000,3000,3000,"fast","control_informative",0.05,5,0.01,"","mtada_aggregated","pleiotropy","bfdr_power",0.05,0
20260826,14,500,15,3000,3000,3000,3000,"fast","control_informative",0.05,5,0.01,"","mtada_aggregated","pleiotropy","bfdr_discoveries",0.05,0
20260826,14,500,15,3000,3000,3000,3000,"fast","control_informative",0.05,5,0.01,"","mtada_aggregated","pleiotropy","bfdr_observed_fdp",0.1,0
20260826,14,500,15,3000,3000,3000,3000,"fast","control_informative",0.05,5,0.01,"","mtada_aggregated","pleiotropy","bfdr_estimate",0.1,0
20260826,14,500,15,3000,3000,3000,3000,"fast","control_informative",0.05,5,0.01,"","mtada_aggregated","pleiotropy","bfdr_power",0.1,0
20260826,14,500,15,3000,3000,3000,3000,"fast","control_informative",0.05,5,0.01,"","mtada_aggregated","pleiotropy","bfdr_discoveries",0.1,0
20260826,14,500,15,3000,3000,3000,3000,"fast","control_informative",0.05,5,0.01,"","mtada_aggregated","pleiotropy","bfdr_observed_fdp",0.2,0
20260826,14,500,15,3000,3000,3000,3000,"fast","control_informative",0.05,5,0.01,"","mtada_aggregated","pleiotropy","bfdr_estimate",0.2,0
20260826,14,500,15,3000,3000,3000,3000,"fast","control_informative",0.05,5,0.01,"","mtada_aggregated","pleiotropy","bfdr_power",0.2,0
20260826,14,500,15,3000,3000,3000,3000,"fast","control_informative",0.05,5,0.01,"","mtada_aggregated","pleiotropy","bfdr_discoveries",0.2,0
20260826,14,500,15,3000,3000,3000,3000,"fast","control_informative",0.05,5,0.01,"","mtada_aggregated","global","runtime_seconds",NA,0.913000000000011
20260826,14,500,15,3000,3000,3000,3000,"fast","control_informative",0.05,5,0.01,"","mtada_aggregated","pleiotropy","pi11_estimate",NA,0.000163841
20260827,15,500,15,3000,3000,3000,3000,"fast","control_informative",0.05,5,0.01,"","mirage_joint","trait1","auc",NA,0.704252631578947
20260827,15,500,15,3000,3000,3000,3000,"fast","control_informative",0.05,5,0.01,"","mirage_joint","trait2","auc",NA,0.702857142857143
20260827,15,500,15,3000,3000,3000,3000,"fast","control_informative",0.05,5,0.01,"","mirage_joint","pleiotropy","auc",NA,0.872727272727273
20260827,15,500,15,3000,3000,3000,3000,"fast","control_informative",0.05,5,0.01,"","mirage_joint","trait1","pp08_power",0.8,0.24
20260827,15,500,15,3000,3000,3000,3000,"fast","control_informative",0.05,5,0.01,"","mirage_joint","trait1","pp08_fdp",0.8,0
20260827,15,500,15,3000,3000,3000,3000,"fast","control_informative",0.05,5,0.01,"","mirage_joint","trait1","pp08_discoveries",0.8,6
20260827,15,500,15,3000,3000,3000,3000,"fast","control_informative",0.05,5,0.01,"","mirage_joint","trait2","pp08_power",0.8,0.1
20260827,15,500,15,3000,3000,3000,3000,"fast","control_informative",0.05,5,0.01,"","mirage_joint","trait2","pp08_fdp",0.8,0
20260827,15,500,15,3000,3000,3000,3000,"fast","control_informative",0.05,5,0.01,"","mirage_joint","trait2","pp08_discoveries",0.8,1
20260827,15,500,15,3000,3000,3000,3000,"fast","control_informative",0.05,5,0.01,"","mirage_joint","pleiotropy","pp08_power",0.8,0.2
20260827,15,500,15,3000,3000,3000,3000,"fast","control_informative",0.05,5,0.01,"","mirage_joint","pleiotropy","pp08_fdp",0.8,0
20260827,15,500,15,3000,3000,3000,3000,"fast","control_informative",0.05,5,0.01,"","mirage_joint","pleiotropy","pp08_discoveries",0.8,1
20260827,15,500,15,3000,3000,3000,3000,"fast","control_informative",0.05,5,0.01,"","mirage_joint","trait1","bfdr_observed_fdp",0.01,0
20260827,15,500,15,3000,3000,3000,3000,"fast","control_informative",0.05,5,0.01,"","mirage_joint","trait1","bfdr_estimate",0.01,0.00658420464519173
20260827,15,500,15,3000,3000,3000,3000,"fast","control_informative",0.05,5,0.01,"","mirage_joint","trait1","bfdr_power",0.01,0.24
20260827,15,500,15,3000,3000,3000,3000,"fast","control_informative",0.05,5,0.01,"","mirage_joint","trait1","bfdr_discoveries",0.01,6
20260827,15,500,15,3000,3000,3000,3000,"fast","control_informative",0.05,5,0.01,"","mirage_joint","trait1","bfdr_observed_fdp",0.05,0.142857142857143
20260827,15,500,15,3000,3000,3000,3000,"fast","control_informative",0.05,5,0.01,"","mirage_joint","trait1","bfdr_estimate",0.05,0.0354787618748036
20260827,15,500,15,3000,3000,3000,3000,"fast","control_informative",0.05,5,0.01,"","mirage_joint","trait1","bfdr_power",0.05,0.24
20260827,15,500,15,3000,3000,3000,3000,"fast","control_informative",0.05,5,0.01,"","mirage_joint","trait1","bfdr_discoveries",0.05,7
20260827,15,500,15,3000,3000,3000,3000,"fast","control_informative",0.05,5,0.01,"","mirage_joint","trait1","bfdr_observed_fdp",0.1,0.125
20260827,15,500,15,3000,3000,3000,3000,"fast","control_informative",0.05,5,0.01,"","mirage_joint","trait1","bfdr_estimate",0.1,0.0739304690416746
20260827,15,500,15,3000,3000,3000,3000,"fast","control_informative",0.05,5,0.01,"","mirage_joint","trait1","bfdr_power",0.1,0.28
20260827,15,500,15,3000,3000,3000,3000,"fast","control_informative",0.05,5,0.01,"","mirage_joint","trait1","bfdr_discoveries",0.1,8
20260827,15,500,15,3000,3000,3000,3000,"fast","control_informative",0.05,5,0.01,"","mirage_joint","trait1","bfdr_observed_fdp",0.2,0.25
20260827,15,500,15,3000,3000,3000,3000,"fast","control_informative",0.05,5,0.01,"","mirage_joint","trait1","bfdr_estimate",0.2,0.193961855911608
20260827,15,500,15,3000,3000,3000,3000,"fast","control_informative",0.05,5,0.01,"","mirage_joint","trait1","bfdr_power",0.2,0.36
20260827,15,500,15,3000,3000,3000,3000,"fast","control_informative",0.05,5,0.01,"","mirage_joint","trait1","bfdr_discoveries",0.2,12
20260827,15,500,15,3000,3000,3000,3000,"fast","control_informative",0.05,5,0.01,"","mirage_joint","trait2","bfdr_observed_fdp",0.01,0
20260827,15,500,15,3000,3000,3000,3000,"fast","control_informative",0.05,5,0.01,"","mirage_joint","trait2","bfdr_estimate",0.01,-1.33226762955019e-15
20260827,15,500,15,3000,3000,3000,3000,"fast","control_informative",0.05,5,0.01,"","mirage_joint","trait2","bfdr_power",0.01,0.1
20260827,15,500,15,3000,3000,3000,3000,"fast","control_informative",0.05,5,0.01,"","mirage_joint","trait2","bfdr_discoveries",0.01,1
20260827,15,500,15,3000,3000,3000,3000,"fast","control_informative",0.05,5,0.01,"","mirage_joint","trait2","bfdr_observed_fdp",0.05,0
20260827,15,500,15,3000,3000,3000,3000,"fast","control_informative",0.05,5,0.01,"","mirage_joint","trait2","bfdr_estimate",0.05,-1.33226762955019e-15
20260827,15,500,15,3000,3000,3000,3000,"fast","control_informative",0.05,5,0.01,"","mirage_joint","trait2","bfdr_power",0.05,0.1
20260827,15,500,15,3000,3000,3000,3000,"fast","control_informative",0.05,5,0.01,"","mirage_joint","trait2","bfdr_discoveries",0.05,1
20260827,15,500,15,3000,3000,3000,3000,"fast","control_informative",0.05,5,0.01,"","mirage_joint","trait2","bfdr_observed_fdp",0.1,0
20260827,15,500,15,3000,3000,3000,3000,"fast","control_informative",0.05,5,0.01,"","mirage_joint","trait2","bfdr_estimate",0.1,-1.33226762955019e-15
20260827,15,500,15,3000,3000,3000,3000,"fast","control_informative",0.05,5,0.01,"","mirage_joint","trait2","bfdr_power",0.1,0.1
20260827,15,500,15,3000,3000,3000,3000,"fast","control_informative",0.05,5,0.01,"","mirage_joint","trait2","bfdr_discoveries",0.1,1
20260827,15,500,15,3000,3000,3000,3000,"fast","control_informative",0.05,5,0.01,"","mirage_joint","trait2","bfdr_observed_fdp",0.2,0
20260827,15,500,15,3000,3000,3000,3000,"fast","control_informative",0.05,5,0.01,"","mirage_joint","trait2","bfdr_estimate",0.2,-1.33226762955019e-15
20260827,15,500,15,3000,3000,3000,3000,"fast","control_informative",0.05,5,0.01,"","mirage_joint","trait2","bfdr_power",0.2,0.1
20260827,15,500,15,3000,3000,3000,3000,"fast","control_informative",0.05,5,0.01,"","mirage_joint","trait2","bfdr_discoveries",0.2,1
20260827,15,500,15,3000,3000,3000,3000,"fast","control_informative",0.05,5,0.01,"","mirage_joint","pleiotropy","bfdr_observed_fdp",0.01,0
20260827,15,500,15,3000,3000,3000,3000,"fast","control_informative",0.05,5,0.01,"","mirage_joint","pleiotropy","bfdr_estimate",0.01,0.00325365042387638
20260827,15,500,15,3000,3000,3000,3000,"fast","control_informative",0.05,5,0.01,"","mirage_joint","pleiotropy","bfdr_power",0.01,0.2
20260827,15,500,15,3000,3000,3000,3000,"fast","control_informative",0.05,5,0.01,"","mirage_joint","pleiotropy","bfdr_discoveries",0.01,1
20260827,15,500,15,3000,3000,3000,3000,"fast","control_informative",0.05,5,0.01,"","mirage_joint","pleiotropy","bfdr_observed_fdp",0.05,0
20260827,15,500,15,3000,3000,3000,3000,"fast","control_informative",0.05,5,0.01,"","mirage_joint","pleiotropy","bfdr_estimate",0.05,0.00325365042387638
20260827,15,500,15,3000,3000,3000,3000,"fast","control_informative",0.05,5,0.01,"","mirage_joint","pleiotropy","bfdr_power",0.05,0.2
20260827,15,500,15,3000,3000,3000,3000,"fast","control_informative",0.05,5,0.01,"","mirage_joint","pleiotropy","bfdr_discoveries",0.05,1
20260827,15,500,15,3000,3000,3000,3000,"fast","control_informative",0.05,5,0.01,"","mirage_joint","pleiotropy","bfdr_observed_fdp",0.1,0
20260827,15,500,15,3000,3000,3000,3000,"fast","control_informative",0.05,5,0.01,"","mirage_joint","pleiotropy","bfdr_estimate",0.1,0.00325365042387638
20260827,15,500,15,3000,3000,3000,3000,"fast","control_informative",0.05,5,0.01,"","mirage_joint","pleiotropy","bfdr_power",0.1,0.2
20260827,15,500,15,3000,3000,3000,3000,"fast","control_informative",0.05,5,0.01,"","mirage_joint","pleiotropy","bfdr_discoveries",0.1,1
20260827,15,500,15,3000,3000,3000,3000,"fast","control_informative",0.05,5,0.01,"","mirage_joint","pleiotropy","bfdr_observed_fdp",0.2,0
20260827,15,500,15,3000,3000,3000,3000,"fast","control_informative",0.05,5,0.01,"","mirage_joint","pleiotropy","bfdr_estimate",0.2,0.00325365042387638
20260827,15,500,15,3000,3000,3000,3000,"fast","control_informative",0.05,5,0.01,"","mirage_joint","pleiotropy","bfdr_power",0.2,0.2
20260827,15,500,15,3000,3000,3000,3000,"fast","control_informative",0.05,5,0.01,"","mirage_joint","pleiotropy","bfdr_discoveries",0.2,1
20260827,15,500,15,3000,3000,3000,3000,"fast","control_informative",0.05,5,0.01,"","mirage_joint","global","runtime_seconds",NA,17.963
20260827,15,500,15,3000,3000,3000,3000,"fast","control_informative",0.05,5,0.01,"","mirage_joint","pleiotropy","pi11_estimate",NA,0.0372705915090023
20260827,15,500,15,3000,3000,3000,3000,"fast","control_informative",0.05,5,0.01,"","separate_mirage","trait1","auc",NA,0.714778947368421
20260827,15,500,15,3000,3000,3000,3000,"fast","control_informative",0.05,5,0.01,"","separate_mirage","trait2","auc",NA,0.652857142857143
20260827,15,500,15,3000,3000,3000,3000,"fast","control_informative",0.05,5,0.01,"","separate_mirage","pleiotropy","auc",NA,0.884444444444444
20260827,15,500,15,3000,3000,3000,3000,"fast","control_informative",0.05,5,0.01,"","separate_mirage","trait1","pp08_power",0.8,0.2
20260827,15,500,15,3000,3000,3000,3000,"fast","control_informative",0.05,5,0.01,"","separate_mirage","trait1","pp08_fdp",0.8,0
20260827,15,500,15,3000,3000,3000,3000,"fast","control_informative",0.05,5,0.01,"","separate_mirage","trait1","pp08_discoveries",0.8,5
20260827,15,500,15,3000,3000,3000,3000,"fast","control_informative",0.05,5,0.01,"","separate_mirage","trait2","pp08_power",0.8,0.1
20260827,15,500,15,3000,3000,3000,3000,"fast","control_informative",0.05,5,0.01,"","separate_mirage","trait2","pp08_fdp",0.8,0
20260827,15,500,15,3000,3000,3000,3000,"fast","control_informative",0.05,5,0.01,"","separate_mirage","trait2","pp08_discoveries",0.8,1
20260827,15,500,15,3000,3000,3000,3000,"fast","control_informative",0.05,5,0.01,"","separate_mirage","pleiotropy","pp08_power",0.8,0
20260827,15,500,15,3000,3000,3000,3000,"fast","control_informative",0.05,5,0.01,"","separate_mirage","pleiotropy","pp08_fdp",0.8,0
20260827,15,500,15,3000,3000,3000,3000,"fast","control_informative",0.05,5,0.01,"","separate_mirage","pleiotropy","pp08_discoveries",0.8,0
20260827,15,500,15,3000,3000,3000,3000,"fast","control_informative",0.05,5,0.01,"","separate_mirage","trait1","bfdr_observed_fdp",0.01,0
20260827,15,500,15,3000,3000,3000,3000,"fast","control_informative",0.05,5,0.01,"","separate_mirage","trait1","bfdr_estimate",0.01,0.0050494881423145
20260827,15,500,15,3000,3000,3000,3000,"fast","control_informative",0.05,5,0.01,"","separate_mirage","trait1","bfdr_power",0.01,0.12
20260827,15,500,15,3000,3000,3000,3000,"fast","control_informative",0.05,5,0.01,"","separate_mirage","trait1","bfdr_discoveries",0.01,3
20260827,15,500,15,3000,3000,3000,3000,"fast","control_informative",0.05,5,0.01,"","separate_mirage","trait1","bfdr_observed_fdp",0.05,0
20260827,15,500,15,3000,3000,3000,3000,"fast","control_informative",0.05,5,0.01,"","separate_mirage","trait1","bfdr_estimate",0.05,0.0194111824412062
20260827,15,500,15,3000,3000,3000,3000,"fast","control_informative",0.05,5,0.01,"","separate_mirage","trait1","bfdr_power",0.05,0.2
20260827,15,500,15,3000,3000,3000,3000,"fast","control_informative",0.05,5,0.01,"","separate_mirage","trait1","bfdr_discoveries",0.05,5
20260827,15,500,15,3000,3000,3000,3000,"fast","control_informative",0.05,5,0.01,"","separate_mirage","trait1","bfdr_observed_fdp",0.1,0.166666666666667
20260827,15,500,15,3000,3000,3000,3000,"fast","control_informative",0.05,5,0.01,"","separate_mirage","trait1","bfdr_estimate",0.1,0.086198998366219
20260827,15,500,15,3000,3000,3000,3000,"fast","control_informative",0.05,5,0.01,"","separate_mirage","trait1","bfdr_power",0.1,0.2
20260827,15,500,15,3000,3000,3000,3000,"fast","control_informative",0.05,5,0.01,"","separate_mirage","trait1","bfdr_discoveries",0.1,6
20260827,15,500,15,3000,3000,3000,3000,"fast","control_informative",0.05,5,0.01,"","separate_mirage","trait1","bfdr_observed_fdp",0.2,0.25
20260827,15,500,15,3000,3000,3000,3000,"fast","control_informative",0.05,5,0.01,"","separate_mirage","trait1","bfdr_estimate",0.2,0.191767823854426
20260827,15,500,15,3000,3000,3000,3000,"fast","control_informative",0.05,5,0.01,"","separate_mirage","trait1","bfdr_power",0.2,0.24
20260827,15,500,15,3000,3000,3000,3000,"fast","control_informative",0.05,5,0.01,"","separate_mirage","trait1","bfdr_discoveries",0.2,8
20260827,15,500,15,3000,3000,3000,3000,"fast","control_informative",0.05,5,0.01,"","separate_mirage","trait2","bfdr_observed_fdp",0.01,0
20260827,15,500,15,3000,3000,3000,3000,"fast","control_informative",0.05,5,0.01,"","separate_mirage","trait2","bfdr_estimate",0.01,-3.10862446895044e-15
20260827,15,500,15,3000,3000,3000,3000,"fast","control_informative",0.05,5,0.01,"","separate_mirage","trait2","bfdr_power",0.01,0.1
20260827,15,500,15,3000,3000,3000,3000,"fast","control_informative",0.05,5,0.01,"","separate_mirage","trait2","bfdr_discoveries",0.01,1
20260827,15,500,15,3000,3000,3000,3000,"fast","control_informative",0.05,5,0.01,"","separate_mirage","trait2","bfdr_observed_fdp",0.05,0
20260827,15,500,15,3000,3000,3000,3000,"fast","control_informative",0.05,5,0.01,"","separate_mirage","trait2","bfdr_estimate",0.05,-3.10862446895044e-15
20260827,15,500,15,3000,3000,3000,3000,"fast","control_informative",0.05,5,0.01,"","separate_mirage","trait2","bfdr_power",0.05,0.1
20260827,15,500,15,3000,3000,3000,3000,"fast","control_informative",0.05,5,0.01,"","separate_mirage","trait2","bfdr_discoveries",0.05,1
20260827,15,500,15,3000,3000,3000,3000,"fast","control_informative",0.05,5,0.01,"","separate_mirage","trait2","bfdr_observed_fdp",0.1,0
20260827,15,500,15,3000,3000,3000,3000,"fast","control_informative",0.05,5,0.01,"","separate_mirage","trait2","bfdr_estimate",0.1,-3.10862446895044e-15
20260827,15,500,15,3000,3000,3000,3000,"fast","control_informative",0.05,5,0.01,"","separate_mirage","trait2","bfdr_power",0.1,0.1
20260827,15,500,15,3000,3000,3000,3000,"fast","control_informative",0.05,5,0.01,"","separate_mirage","trait2","bfdr_discoveries",0.1,1
20260827,15,500,15,3000,3000,3000,3000,"fast","control_informative",0.05,5,0.01,"","separate_mirage","trait2","bfdr_observed_fdp",0.2,0
20260827,15,500,15,3000,3000,3000,3000,"fast","control_informative",0.05,5,0.01,"","separate_mirage","trait2","bfdr_estimate",0.2,-3.10862446895044e-15
20260827,15,500,15,3000,3000,3000,3000,"fast","control_informative",0.05,5,0.01,"","separate_mirage","trait2","bfdr_power",0.2,0.1
20260827,15,500,15,3000,3000,3000,3000,"fast","control_informative",0.05,5,0.01,"","separate_mirage","trait2","bfdr_discoveries",0.2,1
20260827,15,500,15,3000,3000,3000,3000,"fast","control_informative",0.05,5,0.01,"","separate_mirage","pleiotropy","bfdr_observed_fdp",0.01,0
20260827,15,500,15,3000,3000,3000,3000,"fast","control_informative",0.05,5,0.01,"","separate_mirage","pleiotropy","bfdr_estimate",0.01,0
20260827,15,500,15,3000,3000,3000,3000,"fast","control_informative",0.05,5,0.01,"","separate_mirage","pleiotropy","bfdr_power",0.01,0
20260827,15,500,15,3000,3000,3000,3000,"fast","control_informative",0.05,5,0.01,"","separate_mirage","pleiotropy","bfdr_discoveries",0.01,0
20260827,15,500,15,3000,3000,3000,3000,"fast","control_informative",0.05,5,0.01,"","separate_mirage","pleiotropy","bfdr_observed_fdp",0.05,0
20260827,15,500,15,3000,3000,3000,3000,"fast","control_informative",0.05,5,0.01,"","separate_mirage","pleiotropy","bfdr_estimate",0.05,0
20260827,15,500,15,3000,3000,3000,3000,"fast","control_informative",0.05,5,0.01,"","separate_mirage","pleiotropy","bfdr_power",0.05,0
20260827,15,500,15,3000,3000,3000,3000,"fast","control_informative",0.05,5,0.01,"","separate_mirage","pleiotropy","bfdr_discoveries",0.05,0
20260827,15,500,15,3000,3000,3000,3000,"fast","control_informative",0.05,5,0.01,"","separate_mirage","pleiotropy","bfdr_observed_fdp",0.1,0
20260827,15,500,15,3000,3000,3000,3000,"fast","control_informative",0.05,5,0.01,"","separate_mirage","pleiotropy","bfdr_estimate",0.1,0
20260827,15,500,15,3000,3000,3000,3000,"fast","control_informative",0.05,5,0.01,"","separate_mirage","pleiotropy","bfdr_power",0.1,0
20260827,15,500,15,3000,3000,3000,3000,"fast","control_informative",0.05,5,0.01,"","separate_mirage","pleiotropy","bfdr_discoveries",0.1,0
20260827,15,500,15,3000,3000,3000,3000,"fast","control_informative",0.05,5,0.01,"","separate_mirage","pleiotropy","bfdr_observed_fdp",0.2,0
20260827,15,500,15,3000,3000,3000,3000,"fast","control_informative",0.05,5,0.01,"","separate_mirage","pleiotropy","bfdr_estimate",0.2,0
20260827,15,500,15,3000,3000,3000,3000,"fast","control_informative",0.05,5,0.01,"","separate_mirage","pleiotropy","bfdr_power",0.2,0
20260827,15,500,15,3000,3000,3000,3000,"fast","control_informative",0.05,5,0.01,"","separate_mirage","pleiotropy","bfdr_discoveries",0.2,0
20260827,15,500,15,3000,3000,3000,3000,"fast","control_informative",0.05,5,0.01,"","separate_mirage","global","runtime_seconds",NA,18.002
20260827,15,500,15,3000,3000,3000,3000,"fast","control_informative",0.05,5,0.01,"","separate_mirage","pleiotropy","pi11_estimate",NA,0.001
20260827,15,500,15,3000,3000,3000,3000,"fast","control_informative",0.05,5,0.01,"","mtada_aggregated","trait1","auc",NA,0.730021052631579
20260827,15,500,15,3000,3000,3000,3000,"fast","control_informative",0.05,5,0.01,"","mtada_aggregated","trait2","auc",NA,0.623877551020408
20260827,15,500,15,3000,3000,3000,3000,"fast","control_informative",0.05,5,0.01,"","mtada_aggregated","pleiotropy","auc",NA,0.817777777777778
20260827,15,500,15,3000,3000,3000,3000,"fast","control_informative",0.05,5,0.01,"","mtada_aggregated","trait1","pp08_power",0.8,0.44
20260827,15,500,15,3000,3000,3000,3000,"fast","control_informative",0.05,5,0.01,"","mtada_aggregated","trait1","pp08_fdp",0.8,0.8
20260827,15,500,15,3000,3000,3000,3000,"fast","control_informative",0.05,5,0.01,"","mtada_aggregated","trait1","pp08_discoveries",0.8,55
20260827,15,500,15,3000,3000,3000,3000,"fast","control_informative",0.05,5,0.01,"","mtada_aggregated","trait2","pp08_power",0.8,0.2
20260827,15,500,15,3000,3000,3000,3000,"fast","control_informative",0.05,5,0.01,"","mtada_aggregated","trait2","pp08_fdp",0.8,0.945945945945946
20260827,15,500,15,3000,3000,3000,3000,"fast","control_informative",0.05,5,0.01,"","mtada_aggregated","trait2","pp08_discoveries",0.8,37
20260827,15,500,15,3000,3000,3000,3000,"fast","control_informative",0.05,5,0.01,"","mtada_aggregated","pleiotropy","pp08_power",0.8,0.2
20260827,15,500,15,3000,3000,3000,3000,"fast","control_informative",0.05,5,0.01,"","mtada_aggregated","pleiotropy","pp08_fdp",0.8,0.75
20260827,15,500,15,3000,3000,3000,3000,"fast","control_informative",0.05,5,0.01,"","mtada_aggregated","pleiotropy","pp08_discoveries",0.8,4
20260827,15,500,15,3000,3000,3000,3000,"fast","control_informative",0.05,5,0.01,"","mtada_aggregated","trait1","bfdr_observed_fdp",0.01,0.782608695652174
20260827,15,500,15,3000,3000,3000,3000,"fast","control_informative",0.05,5,0.01,"","mtada_aggregated","trait1","bfdr_estimate",0.01,0.00840053298525294
20260827,15,500,15,3000,3000,3000,3000,"fast","control_informative",0.05,5,0.01,"","mtada_aggregated","trait1","bfdr_power",0.01,0.4
20260827,15,500,15,3000,3000,3000,3000,"fast","control_informative",0.05,5,0.01,"","mtada_aggregated","trait1","bfdr_discoveries",0.01,46
20260827,15,500,15,3000,3000,3000,3000,"fast","control_informative",0.05,5,0.01,"","mtada_aggregated","trait1","bfdr_observed_fdp",0.05,0.8
20260827,15,500,15,3000,3000,3000,3000,"fast","control_informative",0.05,5,0.01,"","mtada_aggregated","trait1","bfdr_estimate",0.05,0.0488341634299199
20260827,15,500,15,3000,3000,3000,3000,"fast","control_informative",0.05,5,0.01,"","mtada_aggregated","trait1","bfdr_power",0.05,0.48
20260827,15,500,15,3000,3000,3000,3000,"fast","control_informative",0.05,5,0.01,"","mtada_aggregated","trait1","bfdr_discoveries",0.05,60
20260827,15,500,15,3000,3000,3000,3000,"fast","control_informative",0.05,5,0.01,"","mtada_aggregated","trait1","bfdr_observed_fdp",0.1,0.826086956521739
20260827,15,500,15,3000,3000,3000,3000,"fast","control_informative",0.05,5,0.01,"","mtada_aggregated","trait1","bfdr_estimate",0.1,0.0982078428386665
20260827,15,500,15,3000,3000,3000,3000,"fast","control_informative",0.05,5,0.01,"","mtada_aggregated","trait1","bfdr_power",0.1,0.48
20260827,15,500,15,3000,3000,3000,3000,"fast","control_informative",0.05,5,0.01,"","mtada_aggregated","trait1","bfdr_discoveries",0.1,69
20260827,15,500,15,3000,3000,3000,3000,"fast","control_informative",0.05,5,0.01,"","mtada_aggregated","trait1","bfdr_observed_fdp",0.2,0.825
20260827,15,500,15,3000,3000,3000,3000,"fast","control_informative",0.05,5,0.01,"","mtada_aggregated","trait1","bfdr_estimate",0.2,0.192778114225385
20260827,15,500,15,3000,3000,3000,3000,"fast","control_informative",0.05,5,0.01,"","mtada_aggregated","trait1","bfdr_power",0.2,0.56
20260827,15,500,15,3000,3000,3000,3000,"fast","control_informative",0.05,5,0.01,"","mtada_aggregated","trait1","bfdr_discoveries",0.2,80
20260827,15,500,15,3000,3000,3000,3000,"fast","control_informative",0.05,5,0.01,"","mtada_aggregated","trait2","bfdr_observed_fdp",0.01,0.931034482758621
20260827,15,500,15,3000,3000,3000,3000,"fast","control_informative",0.05,5,0.01,"","mtada_aggregated","trait2","bfdr_estimate",0.01,0.00999460618438441
20260827,15,500,15,3000,3000,3000,3000,"fast","control_informative",0.05,5,0.01,"","mtada_aggregated","trait2","bfdr_power",0.01,0.2
20260827,15,500,15,3000,3000,3000,3000,"fast","control_informative",0.05,5,0.01,"","mtada_aggregated","trait2","bfdr_discoveries",0.01,29
20260827,15,500,15,3000,3000,3000,3000,"fast","control_informative",0.05,5,0.01,"","mtada_aggregated","trait2","bfdr_observed_fdp",0.05,0.95
20260827,15,500,15,3000,3000,3000,3000,"fast","control_informative",0.05,5,0.01,"","mtada_aggregated","trait2","bfdr_estimate",0.05,0.0446174320748795
20260827,15,500,15,3000,3000,3000,3000,"fast","control_informative",0.05,5,0.01,"","mtada_aggregated","trait2","bfdr_power",0.05,0.2
20260827,15,500,15,3000,3000,3000,3000,"fast","control_informative",0.05,5,0.01,"","mtada_aggregated","trait2","bfdr_discoveries",0.05,40
20260827,15,500,15,3000,3000,3000,3000,"fast","control_informative",0.05,5,0.01,"","mtada_aggregated","trait2","bfdr_observed_fdp",0.1,0.955555555555556
20260827,15,500,15,3000,3000,3000,3000,"fast","control_informative",0.05,5,0.01,"","mtada_aggregated","trait2","bfdr_estimate",0.1,0.0969646581401268
20260827,15,500,15,3000,3000,3000,3000,"fast","control_informative",0.05,5,0.01,"","mtada_aggregated","trait2","bfdr_power",0.1,0.2
20260827,15,500,15,3000,3000,3000,3000,"fast","control_informative",0.05,5,0.01,"","mtada_aggregated","trait2","bfdr_discoveries",0.1,45
20260827,15,500,15,3000,3000,3000,3000,"fast","control_informative",0.05,5,0.01,"","mtada_aggregated","trait2","bfdr_observed_fdp",0.2,0.961538461538462
20260827,15,500,15,3000,3000,3000,3000,"fast","control_informative",0.05,5,0.01,"","mtada_aggregated","trait2","bfdr_estimate",0.2,0.194057227865895
20260827,15,500,15,3000,3000,3000,3000,"fast","control_informative",0.05,5,0.01,"","mtada_aggregated","trait2","bfdr_power",0.2,0.2
20260827,15,500,15,3000,3000,3000,3000,"fast","control_informative",0.05,5,0.01,"","mtada_aggregated","trait2","bfdr_discoveries",0.2,52
20260827,15,500,15,3000,3000,3000,3000,"fast","control_informative",0.05,5,0.01,"","mtada_aggregated","pleiotropy","bfdr_observed_fdp",0.01,1
20260827,15,500,15,3000,3000,3000,3000,"fast","control_informative",0.05,5,0.01,"","mtada_aggregated","pleiotropy","bfdr_estimate",0.01,0.000112117185784855
20260827,15,500,15,3000,3000,3000,3000,"fast","control_informative",0.05,5,0.01,"","mtada_aggregated","pleiotropy","bfdr_power",0.01,0
20260827,15,500,15,3000,3000,3000,3000,"fast","control_informative",0.05,5,0.01,"","mtada_aggregated","pleiotropy","bfdr_discoveries",0.01,1
20260827,15,500,15,3000,3000,3000,3000,"fast","control_informative",0.05,5,0.01,"","mtada_aggregated","pleiotropy","bfdr_observed_fdp",0.05,0.666666666666667
20260827,15,500,15,3000,3000,3000,3000,"fast","control_informative",0.05,5,0.01,"","mtada_aggregated","pleiotropy","bfdr_estimate",0.05,0.0309545771881588
20260827,15,500,15,3000,3000,3000,3000,"fast","control_informative",0.05,5,0.01,"","mtada_aggregated","pleiotropy","bfdr_power",0.05,0.2
20260827,15,500,15,3000,3000,3000,3000,"fast","control_informative",0.05,5,0.01,"","mtada_aggregated","pleiotropy","bfdr_discoveries",0.05,3
20260827,15,500,15,3000,3000,3000,3000,"fast","control_informative",0.05,5,0.01,"","mtada_aggregated","pleiotropy","bfdr_observed_fdp",0.1,0.75
20260827,15,500,15,3000,3000,3000,3000,"fast","control_informative",0.05,5,0.01,"","mtada_aggregated","pleiotropy","bfdr_estimate",0.1,0.0548303677659463
20260827,15,500,15,3000,3000,3000,3000,"fast","control_informative",0.05,5,0.01,"","mtada_aggregated","pleiotropy","bfdr_power",0.1,0.2
20260827,15,500,15,3000,3000,3000,3000,"fast","control_informative",0.05,5,0.01,"","mtada_aggregated","pleiotropy","bfdr_discoveries",0.1,4
20260827,15,500,15,3000,3000,3000,3000,"fast","control_informative",0.05,5,0.01,"","mtada_aggregated","pleiotropy","bfdr_observed_fdp",0.2,0.666666666666667
20260827,15,500,15,3000,3000,3000,3000,"fast","control_informative",0.05,5,0.01,"","mtada_aggregated","pleiotropy","bfdr_estimate",0.2,0.157831099525243
20260827,15,500,15,3000,3000,3000,3000,"fast","control_informative",0.05,5,0.01,"","mtada_aggregated","pleiotropy","bfdr_power",0.2,0.4
20260827,15,500,15,3000,3000,3000,3000,"fast","control_informative",0.05,5,0.01,"","mtada_aggregated","pleiotropy","bfdr_discoveries",0.2,6
20260827,15,500,15,3000,3000,3000,3000,"fast","control_informative",0.05,5,0.01,"","mtada_aggregated","global","runtime_seconds",NA,0.704999999999984
20260827,15,500,15,3000,3000,3000,3000,"fast","control_informative",0.05,5,0.01,"","mtada_aggregated","pleiotropy","pi11_estimate",NA,0.00216248
20260828,16,500,15,3000,3000,3000,3000,"fast","control_informative",0.05,5,0.01,"","mirage_joint","trait1","auc",NA,0.717221052631579
20260828,16,500,15,3000,3000,3000,3000,"fast","control_informative",0.05,5,0.01,"","mirage_joint","trait2","auc",NA,0.741836734693878
20260828,16,500,15,3000,3000,3000,3000,"fast","control_informative",0.05,5,0.01,"","mirage_joint","pleiotropy","auc",NA,0.738585858585859
20260828,16,500,15,3000,3000,3000,3000,"fast","control_informative",0.05,5,0.01,"","mirage_joint","trait1","pp08_power",0.8,0.28
20260828,16,500,15,3000,3000,3000,3000,"fast","control_informative",0.05,5,0.01,"","mirage_joint","trait1","pp08_fdp",0.8,0.3
20260828,16,500,15,3000,3000,3000,3000,"fast","control_informative",0.05,5,0.01,"","mirage_joint","trait1","pp08_discoveries",0.8,10
20260828,16,500,15,3000,3000,3000,3000,"fast","control_informative",0.05,5,0.01,"","mirage_joint","trait2","pp08_power",0.8,0.1
20260828,16,500,15,3000,3000,3000,3000,"fast","control_informative",0.05,5,0.01,"","mirage_joint","trait2","pp08_fdp",0.8,0.5
20260828,16,500,15,3000,3000,3000,3000,"fast","control_informative",0.05,5,0.01,"","mirage_joint","trait2","pp08_discoveries",0.8,2
20260828,16,500,15,3000,3000,3000,3000,"fast","control_informative",0.05,5,0.01,"","mirage_joint","pleiotropy","pp08_power",0.8,0.2
20260828,16,500,15,3000,3000,3000,3000,"fast","control_informative",0.05,5,0.01,"","mirage_joint","pleiotropy","pp08_fdp",0.8,0
20260828,16,500,15,3000,3000,3000,3000,"fast","control_informative",0.05,5,0.01,"","mirage_joint","pleiotropy","pp08_discoveries",0.8,1
20260828,16,500,15,3000,3000,3000,3000,"fast","control_informative",0.05,5,0.01,"","mirage_joint","trait1","bfdr_observed_fdp",0.01,0
20260828,16,500,15,3000,3000,3000,3000,"fast","control_informative",0.05,5,0.01,"","mirage_joint","trait1","bfdr_estimate",0.01,0.00311606138026344
20260828,16,500,15,3000,3000,3000,3000,"fast","control_informative",0.05,5,0.01,"","mirage_joint","trait1","bfdr_power",0.01,0.16
20260828,16,500,15,3000,3000,3000,3000,"fast","control_informative",0.05,5,0.01,"","mirage_joint","trait1","bfdr_discoveries",0.01,4
20260828,16,500,15,3000,3000,3000,3000,"fast","control_informative",0.05,5,0.01,"","mirage_joint","trait1","bfdr_observed_fdp",0.05,0.142857142857143
20260828,16,500,15,3000,3000,3000,3000,"fast","control_informative",0.05,5,0.01,"","mirage_joint","trait1","bfdr_estimate",0.05,0.0488995640958014
20260828,16,500,15,3000,3000,3000,3000,"fast","control_informative",0.05,5,0.01,"","mirage_joint","trait1","bfdr_power",0.05,0.24
20260828,16,500,15,3000,3000,3000,3000,"fast","control_informative",0.05,5,0.01,"","mirage_joint","trait1","bfdr_discoveries",0.05,7
20260828,16,500,15,3000,3000,3000,3000,"fast","control_informative",0.05,5,0.01,"","mirage_joint","trait1","bfdr_observed_fdp",0.1,0.272727272727273
20260828,16,500,15,3000,3000,3000,3000,"fast","control_informative",0.05,5,0.01,"","mirage_joint","trait1","bfdr_estimate",0.1,0.0986266033751731
20260828,16,500,15,3000,3000,3000,3000,"fast","control_informative",0.05,5,0.01,"","mirage_joint","trait1","bfdr_power",0.1,0.32
20260828,16,500,15,3000,3000,3000,3000,"fast","control_informative",0.05,5,0.01,"","mirage_joint","trait1","bfdr_discoveries",0.1,11
20260828,16,500,15,3000,3000,3000,3000,"fast","control_informative",0.05,5,0.01,"","mirage_joint","trait1","bfdr_observed_fdp",0.2,0.5
20260828,16,500,15,3000,3000,3000,3000,"fast","control_informative",0.05,5,0.01,"","mirage_joint","trait1","bfdr_estimate",0.2,0.18596714598798
20260828,16,500,15,3000,3000,3000,3000,"fast","control_informative",0.05,5,0.01,"","mirage_joint","trait1","bfdr_power",0.2,0.32
20260828,16,500,15,3000,3000,3000,3000,"fast","control_informative",0.05,5,0.01,"","mirage_joint","trait1","bfdr_discoveries",0.2,16
20260828,16,500,15,3000,3000,3000,3000,"fast","control_informative",0.05,5,0.01,"","mirage_joint","trait2","bfdr_observed_fdp",0.01,0
20260828,16,500,15,3000,3000,3000,3000,"fast","control_informative",0.05,5,0.01,"","mirage_joint","trait2","bfdr_estimate",0.01,0
20260828,16,500,15,3000,3000,3000,3000,"fast","control_informative",0.05,5,0.01,"","mirage_joint","trait2","bfdr_power",0.01,0
20260828,16,500,15,3000,3000,3000,3000,"fast","control_informative",0.05,5,0.01,"","mirage_joint","trait2","bfdr_discoveries",0.01,0
20260828,16,500,15,3000,3000,3000,3000,"fast","control_informative",0.05,5,0.01,"","mirage_joint","trait2","bfdr_observed_fdp",0.05,0
20260828,16,500,15,3000,3000,3000,3000,"fast","control_informative",0.05,5,0.01,"","mirage_joint","trait2","bfdr_estimate",0.05,0
20260828,16,500,15,3000,3000,3000,3000,"fast","control_informative",0.05,5,0.01,"","mirage_joint","trait2","bfdr_power",0.05,0
20260828,16,500,15,3000,3000,3000,3000,"fast","control_informative",0.05,5,0.01,"","mirage_joint","trait2","bfdr_discoveries",0.05,0
20260828,16,500,15,3000,3000,3000,3000,"fast","control_informative",0.05,5,0.01,"","mirage_joint","trait2","bfdr_observed_fdp",0.1,0
20260828,16,500,15,3000,3000,3000,3000,"fast","control_informative",0.05,5,0.01,"","mirage_joint","trait2","bfdr_estimate",0.1,0
20260828,16,500,15,3000,3000,3000,3000,"fast","control_informative",0.05,5,0.01,"","mirage_joint","trait2","bfdr_power",0.1,0
20260828,16,500,15,3000,3000,3000,3000,"fast","control_informative",0.05,5,0.01,"","mirage_joint","trait2","bfdr_discoveries",0.1,0
20260828,16,500,15,3000,3000,3000,3000,"fast","control_informative",0.05,5,0.01,"","mirage_joint","trait2","bfdr_observed_fdp",0.2,0.5
20260828,16,500,15,3000,3000,3000,3000,"fast","control_informative",0.05,5,0.01,"","mirage_joint","trait2","bfdr_estimate",0.2,0.187268700705284
20260828,16,500,15,3000,3000,3000,3000,"fast","control_informative",0.05,5,0.01,"","mirage_joint","trait2","bfdr_power",0.2,0.1
20260828,16,500,15,3000,3000,3000,3000,"fast","control_informative",0.05,5,0.01,"","mirage_joint","trait2","bfdr_discoveries",0.2,2
20260828,16,500,15,3000,3000,3000,3000,"fast","control_informative",0.05,5,0.01,"","mirage_joint","pleiotropy","bfdr_observed_fdp",0.01,0
20260828,16,500,15,3000,3000,3000,3000,"fast","control_informative",0.05,5,0.01,"","mirage_joint","pleiotropy","bfdr_estimate",0.01,0
20260828,16,500,15,3000,3000,3000,3000,"fast","control_informative",0.05,5,0.01,"","mirage_joint","pleiotropy","bfdr_power",0.01,0
20260828,16,500,15,3000,3000,3000,3000,"fast","control_informative",0.05,5,0.01,"","mirage_joint","pleiotropy","bfdr_discoveries",0.01,0
20260828,16,500,15,3000,3000,3000,3000,"fast","control_informative",0.05,5,0.01,"","mirage_joint","pleiotropy","bfdr_observed_fdp",0.05,0
20260828,16,500,15,3000,3000,3000,3000,"fast","control_informative",0.05,5,0.01,"","mirage_joint","pleiotropy","bfdr_estimate",0.05,0
20260828,16,500,15,3000,3000,3000,3000,"fast","control_informative",0.05,5,0.01,"","mirage_joint","pleiotropy","bfdr_power",0.05,0
20260828,16,500,15,3000,3000,3000,3000,"fast","control_informative",0.05,5,0.01,"","mirage_joint","pleiotropy","bfdr_discoveries",0.05,0
20260828,16,500,15,3000,3000,3000,3000,"fast","control_informative",0.05,5,0.01,"","mirage_joint","pleiotropy","bfdr_observed_fdp",0.1,0
20260828,16,500,15,3000,3000,3000,3000,"fast","control_informative",0.05,5,0.01,"","mirage_joint","pleiotropy","bfdr_estimate",0.1,0
20260828,16,500,15,3000,3000,3000,3000,"fast","control_informative",0.05,5,0.01,"","mirage_joint","pleiotropy","bfdr_power",0.1,0
20260828,16,500,15,3000,3000,3000,3000,"fast","control_informative",0.05,5,0.01,"","mirage_joint","pleiotropy","bfdr_discoveries",0.1,0
20260828,16,500,15,3000,3000,3000,3000,"fast","control_informative",0.05,5,0.01,"","mirage_joint","pleiotropy","bfdr_observed_fdp",0.2,0
20260828,16,500,15,3000,3000,3000,3000,"fast","control_informative",0.05,5,0.01,"","mirage_joint","pleiotropy","bfdr_estimate",0.2,0.197974429903554
20260828,16,500,15,3000,3000,3000,3000,"fast","control_informative",0.05,5,0.01,"","mirage_joint","pleiotropy","bfdr_power",0.2,0.2
20260828,16,500,15,3000,3000,3000,3000,"fast","control_informative",0.05,5,0.01,"","mirage_joint","pleiotropy","bfdr_discoveries",0.2,1
20260828,16,500,15,3000,3000,3000,3000,"fast","control_informative",0.05,5,0.01,"","mirage_joint","global","runtime_seconds",NA,18.054
20260828,16,500,15,3000,3000,3000,3000,"fast","control_informative",0.05,5,0.01,"","mirage_joint","pleiotropy","pi11_estimate",NA,0.058326473235813
20260828,16,500,15,3000,3000,3000,3000,"fast","control_informative",0.05,5,0.01,"","separate_mirage","trait1","auc",NA,0.740126315789474
20260828,16,500,15,3000,3000,3000,3000,"fast","control_informative",0.05,5,0.01,"","separate_mirage","trait2","auc",NA,0.586938775510204
20260828,16,500,15,3000,3000,3000,3000,"fast","control_informative",0.05,5,0.01,"","separate_mirage","pleiotropy","auc",NA,0.700606060606061
20260828,16,500,15,3000,3000,3000,3000,"fast","control_informative",0.05,5,0.01,"","separate_mirage","trait1","pp08_power",0.8,0.2
20260828,16,500,15,3000,3000,3000,3000,"fast","control_informative",0.05,5,0.01,"","separate_mirage","trait1","pp08_fdp",0.8,0.166666666666667
20260828,16,500,15,3000,3000,3000,3000,"fast","control_informative",0.05,5,0.01,"","separate_mirage","trait1","pp08_discoveries",0.8,6
20260828,16,500,15,3000,3000,3000,3000,"fast","control_informative",0.05,5,0.01,"","separate_mirage","trait2","pp08_power",0.8,0
20260828,16,500,15,3000,3000,3000,3000,"fast","control_informative",0.05,5,0.01,"","separate_mirage","trait2","pp08_fdp",0.8,1
20260828,16,500,15,3000,3000,3000,3000,"fast","control_informative",0.05,5,0.01,"","separate_mirage","trait2","pp08_discoveries",0.8,1
20260828,16,500,15,3000,3000,3000,3000,"fast","control_informative",0.05,5,0.01,"","separate_mirage","pleiotropy","pp08_power",0.8,0
20260828,16,500,15,3000,3000,3000,3000,"fast","control_informative",0.05,5,0.01,"","separate_mirage","pleiotropy","pp08_fdp",0.8,0
20260828,16,500,15,3000,3000,3000,3000,"fast","control_informative",0.05,5,0.01,"","separate_mirage","pleiotropy","pp08_discoveries",0.8,0
20260828,16,500,15,3000,3000,3000,3000,"fast","control_informative",0.05,5,0.01,"","separate_mirage","trait1","bfdr_observed_fdp",0.01,0
20260828,16,500,15,3000,3000,3000,3000,"fast","control_informative",0.05,5,0.01,"","separate_mirage","trait1","bfdr_estimate",0.01,0.0096579803872672
20260828,16,500,15,3000,3000,3000,3000,"fast","control_informative",0.05,5,0.01,"","separate_mirage","trait1","bfdr_power",0.01,0.16
20260828,16,500,15,3000,3000,3000,3000,"fast","control_informative",0.05,5,0.01,"","separate_mirage","trait1","bfdr_discoveries",0.01,4
20260828,16,500,15,3000,3000,3000,3000,"fast","control_informative",0.05,5,0.01,"","separate_mirage","trait1","bfdr_observed_fdp",0.05,0.2
20260828,16,500,15,3000,3000,3000,3000,"fast","control_informative",0.05,5,0.01,"","separate_mirage","trait1","bfdr_estimate",0.05,0.0282732974379306
20260828,16,500,15,3000,3000,3000,3000,"fast","control_informative",0.05,5,0.01,"","separate_mirage","trait1","bfdr_power",0.05,0.16
20260828,16,500,15,3000,3000,3000,3000,"fast","control_informative",0.05,5,0.01,"","separate_mirage","trait1","bfdr_discoveries",0.05,5
20260828,16,500,15,3000,3000,3000,3000,"fast","control_informative",0.05,5,0.01,"","separate_mirage","trait1","bfdr_observed_fdp",0.1,0.142857142857143
20260828,16,500,15,3000,3000,3000,3000,"fast","control_informative",0.05,5,0.01,"","separate_mirage","trait1","bfdr_estimate",0.1,0.0817431093019215
20260828,16,500,15,3000,3000,3000,3000,"fast","control_informative",0.05,5,0.01,"","separate_mirage","trait1","bfdr_power",0.1,0.24
20260828,16,500,15,3000,3000,3000,3000,"fast","control_informative",0.05,5,0.01,"","separate_mirage","trait1","bfdr_discoveries",0.1,7
20260828,16,500,15,3000,3000,3000,3000,"fast","control_informative",0.05,5,0.01,"","separate_mirage","trait1","bfdr_observed_fdp",0.2,0.3
20260828,16,500,15,3000,3000,3000,3000,"fast","control_informative",0.05,5,0.01,"","separate_mirage","trait1","bfdr_estimate",0.2,0.171198969159814
20260828,16,500,15,3000,3000,3000,3000,"fast","control_informative",0.05,5,0.01,"","separate_mirage","trait1","bfdr_power",0.2,0.28
20260828,16,500,15,3000,3000,3000,3000,"fast","control_informative",0.05,5,0.01,"","separate_mirage","trait1","bfdr_discoveries",0.2,10
20260828,16,500,15,3000,3000,3000,3000,"fast","control_informative",0.05,5,0.01,"","separate_mirage","trait2","bfdr_observed_fdp",0.01,0
20260828,16,500,15,3000,3000,3000,3000,"fast","control_informative",0.05,5,0.01,"","separate_mirage","trait2","bfdr_estimate",0.01,0
20260828,16,500,15,3000,3000,3000,3000,"fast","control_informative",0.05,5,0.01,"","separate_mirage","trait2","bfdr_power",0.01,0
20260828,16,500,15,3000,3000,3000,3000,"fast","control_informative",0.05,5,0.01,"","separate_mirage","trait2","bfdr_discoveries",0.01,0
20260828,16,500,15,3000,3000,3000,3000,"fast","control_informative",0.05,5,0.01,"","separate_mirage","trait2","bfdr_observed_fdp",0.05,0
20260828,16,500,15,3000,3000,3000,3000,"fast","control_informative",0.05,5,0.01,"","separate_mirage","trait2","bfdr_estimate",0.05,0
20260828,16,500,15,3000,3000,3000,3000,"fast","control_informative",0.05,5,0.01,"","separate_mirage","trait2","bfdr_power",0.05,0
20260828,16,500,15,3000,3000,3000,3000,"fast","control_informative",0.05,5,0.01,"","separate_mirage","trait2","bfdr_discoveries",0.05,0
20260828,16,500,15,3000,3000,3000,3000,"fast","control_informative",0.05,5,0.01,"","separate_mirage","trait2","bfdr_observed_fdp",0.1,0
20260828,16,500,15,3000,3000,3000,3000,"fast","control_informative",0.05,5,0.01,"","separate_mirage","trait2","bfdr_estimate",0.1,0
20260828,16,500,15,3000,3000,3000,3000,"fast","control_informative",0.05,5,0.01,"","separate_mirage","trait2","bfdr_power",0.1,0
20260828,16,500,15,3000,3000,3000,3000,"fast","control_informative",0.05,5,0.01,"","separate_mirage","trait2","bfdr_discoveries",0.1,0
20260828,16,500,15,3000,3000,3000,3000,"fast","control_informative",0.05,5,0.01,"","separate_mirage","trait2","bfdr_observed_fdp",0.2,1
20260828,16,500,15,3000,3000,3000,3000,"fast","control_informative",0.05,5,0.01,"","separate_mirage","trait2","bfdr_estimate",0.2,0.173836234819579
20260828,16,500,15,3000,3000,3000,3000,"fast","control_informative",0.05,5,0.01,"","separate_mirage","trait2","bfdr_power",0.2,0
20260828,16,500,15,3000,3000,3000,3000,"fast","control_informative",0.05,5,0.01,"","separate_mirage","trait2","bfdr_discoveries",0.2,1
20260828,16,500,15,3000,3000,3000,3000,"fast","control_informative",0.05,5,0.01,"","separate_mirage","pleiotropy","bfdr_observed_fdp",0.01,0
20260828,16,500,15,3000,3000,3000,3000,"fast","control_informative",0.05,5,0.01,"","separate_mirage","pleiotropy","bfdr_estimate",0.01,0
20260828,16,500,15,3000,3000,3000,3000,"fast","control_informative",0.05,5,0.01,"","separate_mirage","pleiotropy","bfdr_power",0.01,0
20260828,16,500,15,3000,3000,3000,3000,"fast","control_informative",0.05,5,0.01,"","separate_mirage","pleiotropy","bfdr_discoveries",0.01,0
20260828,16,500,15,3000,3000,3000,3000,"fast","control_informative",0.05,5,0.01,"","separate_mirage","pleiotropy","bfdr_observed_fdp",0.05,0
20260828,16,500,15,3000,3000,3000,3000,"fast","control_informative",0.05,5,0.01,"","separate_mirage","pleiotropy","bfdr_estimate",0.05,0
20260828,16,500,15,3000,3000,3000,3000,"fast","control_informative",0.05,5,0.01,"","separate_mirage","pleiotropy","bfdr_power",0.05,0
20260828,16,500,15,3000,3000,3000,3000,"fast","control_informative",0.05,5,0.01,"","separate_mirage","pleiotropy","bfdr_discoveries",0.05,0
20260828,16,500,15,3000,3000,3000,3000,"fast","control_informative",0.05,5,0.01,"","separate_mirage","pleiotropy","bfdr_observed_fdp",0.1,0
20260828,16,500,15,3000,3000,3000,3000,"fast","control_informative",0.05,5,0.01,"","separate_mirage","pleiotropy","bfdr_estimate",0.1,0
20260828,16,500,15,3000,3000,3000,3000,"fast","control_informative",0.05,5,0.01,"","separate_mirage","pleiotropy","bfdr_power",0.1,0
20260828,16,500,15,3000,3000,3000,3000,"fast","control_informative",0.05,5,0.01,"","separate_mirage","pleiotropy","bfdr_discoveries",0.1,0
20260828,16,500,15,3000,3000,3000,3000,"fast","control_informative",0.05,5,0.01,"","separate_mirage","pleiotropy","bfdr_observed_fdp",0.2,0
20260828,16,500,15,3000,3000,3000,3000,"fast","control_informative",0.05,5,0.01,"","separate_mirage","pleiotropy","bfdr_estimate",0.2,0
20260828,16,500,15,3000,3000,3000,3000,"fast","control_informative",0.05,5,0.01,"","separate_mirage","pleiotropy","bfdr_power",0.2,0
20260828,16,500,15,3000,3000,3000,3000,"fast","control_informative",0.05,5,0.01,"","separate_mirage","pleiotropy","bfdr_discoveries",0.2,0
20260828,16,500,15,3000,3000,3000,3000,"fast","control_informative",0.05,5,0.01,"","separate_mirage","global","runtime_seconds",NA,18.01
20260828,16,500,15,3000,3000,3000,3000,"fast","control_informative",0.05,5,0.01,"","separate_mirage","pleiotropy","pi11_estimate",NA,0.001
20260828,16,500,15,3000,3000,3000,3000,"fast","control_informative",0.05,5,0.01,"","mtada_aggregated","trait1","auc",NA,0.754105263157895
20260828,16,500,15,3000,3000,3000,3000,"fast","control_informative",0.05,5,0.01,"","mtada_aggregated","trait2","auc",NA,0.706326530612245
20260828,16,500,15,3000,3000,3000,3000,"fast","control_informative",0.05,5,0.01,"","mtada_aggregated","pleiotropy","auc",NA,0.786666666666667
20260828,16,500,15,3000,3000,3000,3000,"fast","control_informative",0.05,5,0.01,"","mtada_aggregated","trait1","pp08_power",0.8,0.28
20260828,16,500,15,3000,3000,3000,3000,"fast","control_informative",0.05,5,0.01,"","mtada_aggregated","trait1","pp08_fdp",0.8,0.833333333333333
20260828,16,500,15,3000,3000,3000,3000,"fast","control_informative",0.05,5,0.01,"","mtada_aggregated","trait1","pp08_discoveries",0.8,42
20260828,16,500,15,3000,3000,3000,3000,"fast","control_informative",0.05,5,0.01,"","mtada_aggregated","trait2","pp08_power",0.8,0.3
20260828,16,500,15,3000,3000,3000,3000,"fast","control_informative",0.05,5,0.01,"","mtada_aggregated","trait2","pp08_fdp",0.8,0.903225806451613
20260828,16,500,15,3000,3000,3000,3000,"fast","control_informative",0.05,5,0.01,"","mtada_aggregated","trait2","pp08_discoveries",0.8,31
20260828,16,500,15,3000,3000,3000,3000,"fast","control_informative",0.05,5,0.01,"","mtada_aggregated","pleiotropy","pp08_power",0.8,0.2
20260828,16,500,15,3000,3000,3000,3000,"fast","control_informative",0.05,5,0.01,"","mtada_aggregated","pleiotropy","pp08_fdp",0.8,0.75
20260828,16,500,15,3000,3000,3000,3000,"fast","control_informative",0.05,5,0.01,"","mtada_aggregated","pleiotropy","pp08_discoveries",0.8,4
20260828,16,500,15,3000,3000,3000,3000,"fast","control_informative",0.05,5,0.01,"","mtada_aggregated","trait1","bfdr_observed_fdp",0.01,0.82051282051282
20260828,16,500,15,3000,3000,3000,3000,"fast","control_informative",0.05,5,0.01,"","mtada_aggregated","trait1","bfdr_estimate",0.01,0.00732938147587747
20260828,16,500,15,3000,3000,3000,3000,"fast","control_informative",0.05,5,0.01,"","mtada_aggregated","trait1","bfdr_power",0.01,0.28
20260828,16,500,15,3000,3000,3000,3000,"fast","control_informative",0.05,5,0.01,"","mtada_aggregated","trait1","bfdr_discoveries",0.01,39
20260828,16,500,15,3000,3000,3000,3000,"fast","control_informative",0.05,5,0.01,"","mtada_aggregated","trait1","bfdr_observed_fdp",0.05,0.851063829787234
20260828,16,500,15,3000,3000,3000,3000,"fast","control_informative",0.05,5,0.01,"","mtada_aggregated","trait1","bfdr_estimate",0.05,0.0444049513435302
20260828,16,500,15,3000,3000,3000,3000,"fast","control_informative",0.05,5,0.01,"","mtada_aggregated","trait1","bfdr_power",0.05,0.28
20260828,16,500,15,3000,3000,3000,3000,"fast","control_informative",0.05,5,0.01,"","mtada_aggregated","trait1","bfdr_discoveries",0.05,47
20260828,16,500,15,3000,3000,3000,3000,"fast","control_informative",0.05,5,0.01,"","mtada_aggregated","trait1","bfdr_observed_fdp",0.1,0.851851851851852
20260828,16,500,15,3000,3000,3000,3000,"fast","control_informative",0.05,5,0.01,"","mtada_aggregated","trait1","bfdr_estimate",0.1,0.0940940931615063
20260828,16,500,15,3000,3000,3000,3000,"fast","control_informative",0.05,5,0.01,"","mtada_aggregated","trait1","bfdr_power",0.1,0.32
20260828,16,500,15,3000,3000,3000,3000,"fast","control_informative",0.05,5,0.01,"","mtada_aggregated","trait1","bfdr_discoveries",0.1,54
20260828,16,500,15,3000,3000,3000,3000,"fast","control_informative",0.05,5,0.01,"","mtada_aggregated","trait1","bfdr_observed_fdp",0.2,0.855072463768116
20260828,16,500,15,3000,3000,3000,3000,"fast","control_informative",0.05,5,0.01,"","mtada_aggregated","trait1","bfdr_estimate",0.2,0.193403275365429
20260828,16,500,15,3000,3000,3000,3000,"fast","control_informative",0.05,5,0.01,"","mtada_aggregated","trait1","bfdr_power",0.2,0.4
20260828,16,500,15,3000,3000,3000,3000,"fast","control_informative",0.05,5,0.01,"","mtada_aggregated","trait1","bfdr_discoveries",0.2,69
20260828,16,500,15,3000,3000,3000,3000,"fast","control_informative",0.05,5,0.01,"","mtada_aggregated","trait2","bfdr_observed_fdp",0.01,0.896551724137931
20260828,16,500,15,3000,3000,3000,3000,"fast","control_informative",0.05,5,0.01,"","mtada_aggregated","trait2","bfdr_estimate",0.01,0.00762368143740472
20260828,16,500,15,3000,3000,3000,3000,"fast","control_informative",0.05,5,0.01,"","mtada_aggregated","trait2","bfdr_power",0.01,0.3
20260828,16,500,15,3000,3000,3000,3000,"fast","control_informative",0.05,5,0.01,"","mtada_aggregated","trait2","bfdr_discoveries",0.01,29
20260828,16,500,15,3000,3000,3000,3000,"fast","control_informative",0.05,5,0.01,"","mtada_aggregated","trait2","bfdr_observed_fdp",0.05,0.914285714285714
20260828,16,500,15,3000,3000,3000,3000,"fast","control_informative",0.05,5,0.01,"","mtada_aggregated","trait2","bfdr_estimate",0.05,0.0477979626020527
20260828,16,500,15,3000,3000,3000,3000,"fast","control_informative",0.05,5,0.01,"","mtada_aggregated","trait2","bfdr_power",0.05,0.3
20260828,16,500,15,3000,3000,3000,3000,"fast","control_informative",0.05,5,0.01,"","mtada_aggregated","trait2","bfdr_discoveries",0.05,35
20260828,16,500,15,3000,3000,3000,3000,"fast","control_informative",0.05,5,0.01,"","mtada_aggregated","trait2","bfdr_observed_fdp",0.1,0.925
20260828,16,500,15,3000,3000,3000,3000,"fast","control_informative",0.05,5,0.01,"","mtada_aggregated","trait2","bfdr_estimate",0.1,0.0907415937831548
20260828,16,500,15,3000,3000,3000,3000,"fast","control_informative",0.05,5,0.01,"","mtada_aggregated","trait2","bfdr_power",0.1,0.3
20260828,16,500,15,3000,3000,3000,3000,"fast","control_informative",0.05,5,0.01,"","mtada_aggregated","trait2","bfdr_discoveries",0.1,40
20260828,16,500,15,3000,3000,3000,3000,"fast","control_informative",0.05,5,0.01,"","mtada_aggregated","trait2","bfdr_observed_fdp",0.2,0.9375
20260828,16,500,15,3000,3000,3000,3000,"fast","control_informative",0.05,5,0.01,"","mtada_aggregated","trait2","bfdr_estimate",0.2,0.188558105712594
20260828,16,500,15,3000,3000,3000,3000,"fast","control_informative",0.05,5,0.01,"","mtada_aggregated","trait2","bfdr_power",0.2,0.3
20260828,16,500,15,3000,3000,3000,3000,"fast","control_informative",0.05,5,0.01,"","mtada_aggregated","trait2","bfdr_discoveries",0.2,48
20260828,16,500,15,3000,3000,3000,3000,"fast","control_informative",0.05,5,0.01,"","mtada_aggregated","pleiotropy","bfdr_observed_fdp",0.01,0.75
20260828,16,500,15,3000,3000,3000,3000,"fast","control_informative",0.05,5,0.01,"","mtada_aggregated","pleiotropy","bfdr_estimate",0.01,0.00607177290742039
20260828,16,500,15,3000,3000,3000,3000,"fast","control_informative",0.05,5,0.01,"","mtada_aggregated","pleiotropy","bfdr_power",0.01,0.2
20260828,16,500,15,3000,3000,3000,3000,"fast","control_informative",0.05,5,0.01,"","mtada_aggregated","pleiotropy","bfdr_discoveries",0.01,4
20260828,16,500,15,3000,3000,3000,3000,"fast","control_informative",0.05,5,0.01,"","mtada_aggregated","pleiotropy","bfdr_observed_fdp",0.05,0.75
20260828,16,500,15,3000,3000,3000,3000,"fast","control_informative",0.05,5,0.01,"","mtada_aggregated","pleiotropy","bfdr_estimate",0.05,0.00607177290742039
20260828,16,500,15,3000,3000,3000,3000,"fast","control_informative",0.05,5,0.01,"","mtada_aggregated","pleiotropy","bfdr_power",0.05,0.2
20260828,16,500,15,3000,3000,3000,3000,"fast","control_informative",0.05,5,0.01,"","mtada_aggregated","pleiotropy","bfdr_discoveries",0.05,4
20260828,16,500,15,3000,3000,3000,3000,"fast","control_informative",0.05,5,0.01,"","mtada_aggregated","pleiotropy","bfdr_observed_fdp",0.1,0.8
20260828,16,500,15,3000,3000,3000,3000,"fast","control_informative",0.05,5,0.01,"","mtada_aggregated","pleiotropy","bfdr_estimate",0.1,0.0719056448391915
20260828,16,500,15,3000,3000,3000,3000,"fast","control_informative",0.05,5,0.01,"","mtada_aggregated","pleiotropy","bfdr_power",0.1,0.2
20260828,16,500,15,3000,3000,3000,3000,"fast","control_informative",0.05,5,0.01,"","mtada_aggregated","pleiotropy","bfdr_discoveries",0.1,5
20260828,16,500,15,3000,3000,3000,3000,"fast","control_informative",0.05,5,0.01,"","mtada_aggregated","pleiotropy","bfdr_observed_fdp",0.2,0.857142857142857
20260828,16,500,15,3000,3000,3000,3000,"fast","control_informative",0.05,5,0.01,"","mtada_aggregated","pleiotropy","bfdr_estimate",0.2,0.1855717480591
20260828,16,500,15,3000,3000,3000,3000,"fast","control_informative",0.05,5,0.01,"","mtada_aggregated","pleiotropy","bfdr_power",0.2,0.2
20260828,16,500,15,3000,3000,3000,3000,"fast","control_informative",0.05,5,0.01,"","mtada_aggregated","pleiotropy","bfdr_discoveries",0.2,7
20260828,16,500,15,3000,3000,3000,3000,"fast","control_informative",0.05,5,0.01,"","mtada_aggregated","global","runtime_seconds",NA,0.711999999999989
20260828,16,500,15,3000,3000,3000,3000,"fast","control_informative",0.05,5,0.01,"","mtada_aggregated","pleiotropy","pi11_estimate",NA,0.00246574
20260829,17,500,15,3000,3000,3000,3000,"fast","control_informative",0.05,5,0.01,"","mirage_joint","trait1","auc",NA,0.635621052631579
20260829,17,500,15,3000,3000,3000,3000,"fast","control_informative",0.05,5,0.01,"","mirage_joint","trait2","auc",NA,0.710408163265306
20260829,17,500,15,3000,3000,3000,3000,"fast","control_informative",0.05,5,0.01,"","mirage_joint","pleiotropy","auc",NA,0.728888888888889
20260829,17,500,15,3000,3000,3000,3000,"fast","control_informative",0.05,5,0.01,"","mirage_joint","trait1","pp08_power",0.8,0.16
20260829,17,500,15,3000,3000,3000,3000,"fast","control_informative",0.05,5,0.01,"","mirage_joint","trait1","pp08_fdp",0.8,0.2
20260829,17,500,15,3000,3000,3000,3000,"fast","control_informative",0.05,5,0.01,"","mirage_joint","trait1","pp08_discoveries",0.8,5
20260829,17,500,15,3000,3000,3000,3000,"fast","control_informative",0.05,5,0.01,"","mirage_joint","trait2","pp08_power",0.8,0.2
20260829,17,500,15,3000,3000,3000,3000,"fast","control_informative",0.05,5,0.01,"","mirage_joint","trait2","pp08_fdp",0.8,0
20260829,17,500,15,3000,3000,3000,3000,"fast","control_informative",0.05,5,0.01,"","mirage_joint","trait2","pp08_discoveries",0.8,2
20260829,17,500,15,3000,3000,3000,3000,"fast","control_informative",0.05,5,0.01,"","mirage_joint","pleiotropy","pp08_power",0.8,0
20260829,17,500,15,3000,3000,3000,3000,"fast","control_informative",0.05,5,0.01,"","mirage_joint","pleiotropy","pp08_fdp",0.8,0
20260829,17,500,15,3000,3000,3000,3000,"fast","control_informative",0.05,5,0.01,"","mirage_joint","pleiotropy","pp08_discoveries",0.8,0
20260829,17,500,15,3000,3000,3000,3000,"fast","control_informative",0.05,5,0.01,"","mirage_joint","trait1","bfdr_observed_fdp",0.01,0
20260829,17,500,15,3000,3000,3000,3000,"fast","control_informative",0.05,5,0.01,"","mirage_joint","trait1","bfdr_estimate",0.01,0.00331747472802291
20260829,17,500,15,3000,3000,3000,3000,"fast","control_informative",0.05,5,0.01,"","mirage_joint","trait1","bfdr_power",0.01,0.04
20260829,17,500,15,3000,3000,3000,3000,"fast","control_informative",0.05,5,0.01,"","mirage_joint","trait1","bfdr_discoveries",0.01,1
20260829,17,500,15,3000,3000,3000,3000,"fast","control_informative",0.05,5,0.01,"","mirage_joint","trait1","bfdr_observed_fdp",0.05,0
20260829,17,500,15,3000,3000,3000,3000,"fast","control_informative",0.05,5,0.01,"","mirage_joint","trait1","bfdr_estimate",0.05,0.0363686839300097
20260829,17,500,15,3000,3000,3000,3000,"fast","control_informative",0.05,5,0.01,"","mirage_joint","trait1","bfdr_power",0.05,0.16
20260829,17,500,15,3000,3000,3000,3000,"fast","control_informative",0.05,5,0.01,"","mirage_joint","trait1","bfdr_discoveries",0.05,4
20260829,17,500,15,3000,3000,3000,3000,"fast","control_informative",0.05,5,0.01,"","mirage_joint","trait1","bfdr_observed_fdp",0.1,0.333333333333333
20260829,17,500,15,3000,3000,3000,3000,"fast","control_informative",0.05,5,0.01,"","mirage_joint","trait1","bfdr_estimate",0.1,0.0887733627245422
20260829,17,500,15,3000,3000,3000,3000,"fast","control_informative",0.05,5,0.01,"","mirage_joint","trait1","bfdr_power",0.1,0.16
20260829,17,500,15,3000,3000,3000,3000,"fast","control_informative",0.05,5,0.01,"","mirage_joint","trait1","bfdr_discoveries",0.1,6
20260829,17,500,15,3000,3000,3000,3000,"fast","control_informative",0.05,5,0.01,"","mirage_joint","trait1","bfdr_observed_fdp",0.2,0.444444444444444
20260829,17,500,15,3000,3000,3000,3000,"fast","control_informative",0.05,5,0.01,"","mirage_joint","trait1","bfdr_estimate",0.2,0.19258734680029
20260829,17,500,15,3000,3000,3000,3000,"fast","control_informative",0.05,5,0.01,"","mirage_joint","trait1","bfdr_power",0.2,0.2
20260829,17,500,15,3000,3000,3000,3000,"fast","control_informative",0.05,5,0.01,"","mirage_joint","trait1","bfdr_discoveries",0.2,9
20260829,17,500,15,3000,3000,3000,3000,"fast","control_informative",0.05,5,0.01,"","mirage_joint","trait2","bfdr_observed_fdp",0.01,0
20260829,17,500,15,3000,3000,3000,3000,"fast","control_informative",0.05,5,0.01,"","mirage_joint","trait2","bfdr_estimate",0.01,1.30733118774984e-08
20260829,17,500,15,3000,3000,3000,3000,"fast","control_informative",0.05,5,0.01,"","mirage_joint","trait2","bfdr_power",0.01,0.1
20260829,17,500,15,3000,3000,3000,3000,"fast","control_informative",0.05,5,0.01,"","mirage_joint","trait2","bfdr_discoveries",0.01,1
20260829,17,500,15,3000,3000,3000,3000,"fast","control_informative",0.05,5,0.01,"","mirage_joint","trait2","bfdr_observed_fdp",0.05,0
20260829,17,500,15,3000,3000,3000,3000,"fast","control_informative",0.05,5,0.01,"","mirage_joint","trait2","bfdr_estimate",0.05,0.046250971415955
20260829,17,500,15,3000,3000,3000,3000,"fast","control_informative",0.05,5,0.01,"","mirage_joint","trait2","bfdr_power",0.05,0.2
20260829,17,500,15,3000,3000,3000,3000,"fast","control_informative",0.05,5,0.01,"","mirage_joint","trait2","bfdr_discoveries",0.05,2
20260829,17,500,15,3000,3000,3000,3000,"fast","control_informative",0.05,5,0.01,"","mirage_joint","trait2","bfdr_observed_fdp",0.1,0
20260829,17,500,15,3000,3000,3000,3000,"fast","control_informative",0.05,5,0.01,"","mirage_joint","trait2","bfdr_estimate",0.1,0.046250971415955
20260829,17,500,15,3000,3000,3000,3000,"fast","control_informative",0.05,5,0.01,"","mirage_joint","trait2","bfdr_power",0.1,0.2
20260829,17,500,15,3000,3000,3000,3000,"fast","control_informative",0.05,5,0.01,"","mirage_joint","trait2","bfdr_discoveries",0.1,2
20260829,17,500,15,3000,3000,3000,3000,"fast","control_informative",0.05,5,0.01,"","mirage_joint","trait2","bfdr_observed_fdp",0.2,0
20260829,17,500,15,3000,3000,3000,3000,"fast","control_informative",0.05,5,0.01,"","mirage_joint","trait2","bfdr_estimate",0.2,0.046250971415955
20260829,17,500,15,3000,3000,3000,3000,"fast","control_informative",0.05,5,0.01,"","mirage_joint","trait2","bfdr_power",0.2,0.2
20260829,17,500,15,3000,3000,3000,3000,"fast","control_informative",0.05,5,0.01,"","mirage_joint","trait2","bfdr_discoveries",0.2,2
20260829,17,500,15,3000,3000,3000,3000,"fast","control_informative",0.05,5,0.01,"","mirage_joint","pleiotropy","bfdr_observed_fdp",0.01,0
20260829,17,500,15,3000,3000,3000,3000,"fast","control_informative",0.05,5,0.01,"","mirage_joint","pleiotropy","bfdr_estimate",0.01,0
20260829,17,500,15,3000,3000,3000,3000,"fast","control_informative",0.05,5,0.01,"","mirage_joint","pleiotropy","bfdr_power",0.01,0
20260829,17,500,15,3000,3000,3000,3000,"fast","control_informative",0.05,5,0.01,"","mirage_joint","pleiotropy","bfdr_discoveries",0.01,0
20260829,17,500,15,3000,3000,3000,3000,"fast","control_informative",0.05,5,0.01,"","mirage_joint","pleiotropy","bfdr_observed_fdp",0.05,0
20260829,17,500,15,3000,3000,3000,3000,"fast","control_informative",0.05,5,0.01,"","mirage_joint","pleiotropy","bfdr_estimate",0.05,0
20260829,17,500,15,3000,3000,3000,3000,"fast","control_informative",0.05,5,0.01,"","mirage_joint","pleiotropy","bfdr_power",0.05,0
20260829,17,500,15,3000,3000,3000,3000,"fast","control_informative",0.05,5,0.01,"","mirage_joint","pleiotropy","bfdr_discoveries",0.05,0
20260829,17,500,15,3000,3000,3000,3000,"fast","control_informative",0.05,5,0.01,"","mirage_joint","pleiotropy","bfdr_observed_fdp",0.1,0
20260829,17,500,15,3000,3000,3000,3000,"fast","control_informative",0.05,5,0.01,"","mirage_joint","pleiotropy","bfdr_estimate",0.1,0
20260829,17,500,15,3000,3000,3000,3000,"fast","control_informative",0.05,5,0.01,"","mirage_joint","pleiotropy","bfdr_power",0.1,0
20260829,17,500,15,3000,3000,3000,3000,"fast","control_informative",0.05,5,0.01,"","mirage_joint","pleiotropy","bfdr_discoveries",0.1,0
20260829,17,500,15,3000,3000,3000,3000,"fast","control_informative",0.05,5,0.01,"","mirage_joint","pleiotropy","bfdr_observed_fdp",0.2,0
20260829,17,500,15,3000,3000,3000,3000,"fast","control_informative",0.05,5,0.01,"","mirage_joint","pleiotropy","bfdr_estimate",0.2,0
20260829,17,500,15,3000,3000,3000,3000,"fast","control_informative",0.05,5,0.01,"","mirage_joint","pleiotropy","bfdr_power",0.2,0
20260829,17,500,15,3000,3000,3000,3000,"fast","control_informative",0.05,5,0.01,"","mirage_joint","pleiotropy","bfdr_discoveries",0.2,0
20260829,17,500,15,3000,3000,3000,3000,"fast","control_informative",0.05,5,0.01,"","mirage_joint","global","runtime_seconds",NA,18.032
20260829,17,500,15,3000,3000,3000,3000,"fast","control_informative",0.05,5,0.01,"","mirage_joint","pleiotropy","pi11_estimate",NA,0.00783871576822474
20260829,17,500,15,3000,3000,3000,3000,"fast","control_informative",0.05,5,0.01,"","separate_mirage","trait1","auc",NA,0.632168421052632
20260829,17,500,15,3000,3000,3000,3000,"fast","control_informative",0.05,5,0.01,"","separate_mirage","trait2","auc",NA,0.699183673469388
20260829,17,500,15,3000,3000,3000,3000,"fast","control_informative",0.05,5,0.01,"","separate_mirage","pleiotropy","auc",NA,0.714747474747475
20260829,17,500,15,3000,3000,3000,3000,"fast","control_informative",0.05,5,0.01,"","separate_mirage","trait1","pp08_power",0.8,0.12
20260829,17,500,15,3000,3000,3000,3000,"fast","control_informative",0.05,5,0.01,"","separate_mirage","trait1","pp08_fdp",0.8,0
20260829,17,500,15,3000,3000,3000,3000,"fast","control_informative",0.05,5,0.01,"","separate_mirage","trait1","pp08_discoveries",0.8,3
20260829,17,500,15,3000,3000,3000,3000,"fast","control_informative",0.05,5,0.01,"","separate_mirage","trait2","pp08_power",0.8,0.2
20260829,17,500,15,3000,3000,3000,3000,"fast","control_informative",0.05,5,0.01,"","separate_mirage","trait2","pp08_fdp",0.8,0
20260829,17,500,15,3000,3000,3000,3000,"fast","control_informative",0.05,5,0.01,"","separate_mirage","trait2","pp08_discoveries",0.8,2
20260829,17,500,15,3000,3000,3000,3000,"fast","control_informative",0.05,5,0.01,"","separate_mirage","pleiotropy","pp08_power",0.8,0
20260829,17,500,15,3000,3000,3000,3000,"fast","control_informative",0.05,5,0.01,"","separate_mirage","pleiotropy","pp08_fdp",0.8,0
20260829,17,500,15,3000,3000,3000,3000,"fast","control_informative",0.05,5,0.01,"","separate_mirage","pleiotropy","pp08_discoveries",0.8,0
20260829,17,500,15,3000,3000,3000,3000,"fast","control_informative",0.05,5,0.01,"","separate_mirage","trait1","bfdr_observed_fdp",0.01,0
20260829,17,500,15,3000,3000,3000,3000,"fast","control_informative",0.05,5,0.01,"","separate_mirage","trait1","bfdr_estimate",0.01,0.00399167896040764
20260829,17,500,15,3000,3000,3000,3000,"fast","control_informative",0.05,5,0.01,"","separate_mirage","trait1","bfdr_power",0.01,0.04
20260829,17,500,15,3000,3000,3000,3000,"fast","control_informative",0.05,5,0.01,"","separate_mirage","trait1","bfdr_discoveries",0.01,1
20260829,17,500,15,3000,3000,3000,3000,"fast","control_informative",0.05,5,0.01,"","separate_mirage","trait1","bfdr_observed_fdp",0.05,0
20260829,17,500,15,3000,3000,3000,3000,"fast","control_informative",0.05,5,0.01,"","separate_mirage","trait1","bfdr_estimate",0.05,0.0353375861781808
20260829,17,500,15,3000,3000,3000,3000,"fast","control_informative",0.05,5,0.01,"","separate_mirage","trait1","bfdr_power",0.05,0.12
20260829,17,500,15,3000,3000,3000,3000,"fast","control_informative",0.05,5,0.01,"","separate_mirage","trait1","bfdr_discoveries",0.05,3
20260829,17,500,15,3000,3000,3000,3000,"fast","control_informative",0.05,5,0.01,"","separate_mirage","trait1","bfdr_observed_fdp",0.1,0
20260829,17,500,15,3000,3000,3000,3000,"fast","control_informative",0.05,5,0.01,"","separate_mirage","trait1","bfdr_estimate",0.1,0.0353375861781808
20260829,17,500,15,3000,3000,3000,3000,"fast","control_informative",0.05,5,0.01,"","separate_mirage","trait1","bfdr_power",0.1,0.12
20260829,17,500,15,3000,3000,3000,3000,"fast","control_informative",0.05,5,0.01,"","separate_mirage","trait1","bfdr_discoveries",0.1,3
20260829,17,500,15,3000,3000,3000,3000,"fast","control_informative",0.05,5,0.01,"","separate_mirage","trait1","bfdr_observed_fdp",0.2,0.2
20260829,17,500,15,3000,3000,3000,3000,"fast","control_informative",0.05,5,0.01,"","separate_mirage","trait1","bfdr_estimate",0.2,0.168114230292695
20260829,17,500,15,3000,3000,3000,3000,"fast","control_informative",0.05,5,0.01,"","separate_mirage","trait1","bfdr_power",0.2,0.16
20260829,17,500,15,3000,3000,3000,3000,"fast","control_informative",0.05,5,0.01,"","separate_mirage","trait1","bfdr_discoveries",0.2,5
20260829,17,500,15,3000,3000,3000,3000,"fast","control_informative",0.05,5,0.01,"","separate_mirage","trait2","bfdr_observed_fdp",0.01,0
20260829,17,500,15,3000,3000,3000,3000,"fast","control_informative",0.05,5,0.01,"","separate_mirage","trait2","bfdr_estimate",0.01,2.25301638456799e-08
20260829,17,500,15,3000,3000,3000,3000,"fast","control_informative",0.05,5,0.01,"","separate_mirage","trait2","bfdr_power",0.01,0.1
20260829,17,500,15,3000,3000,3000,3000,"fast","control_informative",0.05,5,0.01,"","separate_mirage","trait2","bfdr_discoveries",0.01,1
20260829,17,500,15,3000,3000,3000,3000,"fast","control_informative",0.05,5,0.01,"","separate_mirage","trait2","bfdr_observed_fdp",0.05,0
20260829,17,500,15,3000,3000,3000,3000,"fast","control_informative",0.05,5,0.01,"","separate_mirage","trait2","bfdr_estimate",0.05,2.25301638456799e-08
20260829,17,500,15,3000,3000,3000,3000,"fast","control_informative",0.05,5,0.01,"","separate_mirage","trait2","bfdr_power",0.05,0.1
20260829,17,500,15,3000,3000,3000,3000,"fast","control_informative",0.05,5,0.01,"","separate_mirage","trait2","bfdr_discoveries",0.05,1
20260829,17,500,15,3000,3000,3000,3000,"fast","control_informative",0.05,5,0.01,"","separate_mirage","trait2","bfdr_observed_fdp",0.1,0
20260829,17,500,15,3000,3000,3000,3000,"fast","control_informative",0.05,5,0.01,"","separate_mirage","trait2","bfdr_estimate",0.1,0.0644094744936161
20260829,17,500,15,3000,3000,3000,3000,"fast","control_informative",0.05,5,0.01,"","separate_mirage","trait2","bfdr_power",0.1,0.2
20260829,17,500,15,3000,3000,3000,3000,"fast","control_informative",0.05,5,0.01,"","separate_mirage","trait2","bfdr_discoveries",0.1,2
20260829,17,500,15,3000,3000,3000,3000,"fast","control_informative",0.05,5,0.01,"","separate_mirage","trait2","bfdr_observed_fdp",0.2,0
20260829,17,500,15,3000,3000,3000,3000,"fast","control_informative",0.05,5,0.01,"","separate_mirage","trait2","bfdr_estimate",0.2,0.0644094744936161
20260829,17,500,15,3000,3000,3000,3000,"fast","control_informative",0.05,5,0.01,"","separate_mirage","trait2","bfdr_power",0.2,0.2
20260829,17,500,15,3000,3000,3000,3000,"fast","control_informative",0.05,5,0.01,"","separate_mirage","trait2","bfdr_discoveries",0.2,2
20260829,17,500,15,3000,3000,3000,3000,"fast","control_informative",0.05,5,0.01,"","separate_mirage","pleiotropy","bfdr_observed_fdp",0.01,0
20260829,17,500,15,3000,3000,3000,3000,"fast","control_informative",0.05,5,0.01,"","separate_mirage","pleiotropy","bfdr_estimate",0.01,0
20260829,17,500,15,3000,3000,3000,3000,"fast","control_informative",0.05,5,0.01,"","separate_mirage","pleiotropy","bfdr_power",0.01,0
20260829,17,500,15,3000,3000,3000,3000,"fast","control_informative",0.05,5,0.01,"","separate_mirage","pleiotropy","bfdr_discoveries",0.01,0
20260829,17,500,15,3000,3000,3000,3000,"fast","control_informative",0.05,5,0.01,"","separate_mirage","pleiotropy","bfdr_observed_fdp",0.05,0
20260829,17,500,15,3000,3000,3000,3000,"fast","control_informative",0.05,5,0.01,"","separate_mirage","pleiotropy","bfdr_estimate",0.05,0
20260829,17,500,15,3000,3000,3000,3000,"fast","control_informative",0.05,5,0.01,"","separate_mirage","pleiotropy","bfdr_power",0.05,0
20260829,17,500,15,3000,3000,3000,3000,"fast","control_informative",0.05,5,0.01,"","separate_mirage","pleiotropy","bfdr_discoveries",0.05,0
20260829,17,500,15,3000,3000,3000,3000,"fast","control_informative",0.05,5,0.01,"","separate_mirage","pleiotropy","bfdr_observed_fdp",0.1,0
20260829,17,500,15,3000,3000,3000,3000,"fast","control_informative",0.05,5,0.01,"","separate_mirage","pleiotropy","bfdr_estimate",0.1,0
20260829,17,500,15,3000,3000,3000,3000,"fast","control_informative",0.05,5,0.01,"","separate_mirage","pleiotropy","bfdr_power",0.1,0
20260829,17,500,15,3000,3000,3000,3000,"fast","control_informative",0.05,5,0.01,"","separate_mirage","pleiotropy","bfdr_discoveries",0.1,0
20260829,17,500,15,3000,3000,3000,3000,"fast","control_informative",0.05,5,0.01,"","separate_mirage","pleiotropy","bfdr_observed_fdp",0.2,0
20260829,17,500,15,3000,3000,3000,3000,"fast","control_informative",0.05,5,0.01,"","separate_mirage","pleiotropy","bfdr_estimate",0.2,0
20260829,17,500,15,3000,3000,3000,3000,"fast","control_informative",0.05,5,0.01,"","separate_mirage","pleiotropy","bfdr_power",0.2,0
20260829,17,500,15,3000,3000,3000,3000,"fast","control_informative",0.05,5,0.01,"","separate_mirage","pleiotropy","bfdr_discoveries",0.2,0
20260829,17,500,15,3000,3000,3000,3000,"fast","control_informative",0.05,5,0.01,"","separate_mirage","global","runtime_seconds",NA,18.022
20260829,17,500,15,3000,3000,3000,3000,"fast","control_informative",0.05,5,0.01,"","separate_mirage","pleiotropy","pi11_estimate",NA,0.001
20260829,17,500,15,3000,3000,3000,3000,"fast","control_informative",0.05,5,0.01,"","mtada_aggregated","trait1","auc",NA,0.73178947368421
20260829,17,500,15,3000,3000,3000,3000,"fast","control_informative",0.05,5,0.01,"","mtada_aggregated","trait2","auc",NA,0.724081632653061
20260829,17,500,15,3000,3000,3000,3000,"fast","control_informative",0.05,5,0.01,"","mtada_aggregated","pleiotropy","auc",NA,0.515959595959596
20260829,17,500,15,3000,3000,3000,3000,"fast","control_informative",0.05,5,0.01,"","mtada_aggregated","trait1","pp08_power",0.8,0.24
20260829,17,500,15,3000,3000,3000,3000,"fast","control_informative",0.05,5,0.01,"","mtada_aggregated","trait1","pp08_fdp",0.8,0.888888888888889
20260829,17,500,15,3000,3000,3000,3000,"fast","control_informative",0.05,5,0.01,"","mtada_aggregated","trait1","pp08_discoveries",0.8,54
20260829,17,500,15,3000,3000,3000,3000,"fast","control_informative",0.05,5,0.01,"","mtada_aggregated","trait2","pp08_power",0.8,0.3
20260829,17,500,15,3000,3000,3000,3000,"fast","control_informative",0.05,5,0.01,"","mtada_aggregated","trait2","pp08_fdp",0.8,0.90625
20260829,17,500,15,3000,3000,3000,3000,"fast","control_informative",0.05,5,0.01,"","mtada_aggregated","trait2","pp08_discoveries",0.8,32
20260829,17,500,15,3000,3000,3000,3000,"fast","control_informative",0.05,5,0.01,"","mtada_aggregated","pleiotropy","pp08_power",0.8,0
20260829,17,500,15,3000,3000,3000,3000,"fast","control_informative",0.05,5,0.01,"","mtada_aggregated","pleiotropy","pp08_fdp",0.8,1
20260829,17,500,15,3000,3000,3000,3000,"fast","control_informative",0.05,5,0.01,"","mtada_aggregated","pleiotropy","pp08_discoveries",0.8,3
20260829,17,500,15,3000,3000,3000,3000,"fast","control_informative",0.05,5,0.01,"","mtada_aggregated","trait1","bfdr_observed_fdp",0.01,0.872340425531915
20260829,17,500,15,3000,3000,3000,3000,"fast","control_informative",0.05,5,0.01,"","mtada_aggregated","trait1","bfdr_estimate",0.01,0.00997693595865788
20260829,17,500,15,3000,3000,3000,3000,"fast","control_informative",0.05,5,0.01,"","mtada_aggregated","trait1","bfdr_power",0.01,0.24
20260829,17,500,15,3000,3000,3000,3000,"fast","control_informative",0.05,5,0.01,"","mtada_aggregated","trait1","bfdr_discoveries",0.01,47
20260829,17,500,15,3000,3000,3000,3000,"fast","control_informative",0.05,5,0.01,"","mtada_aggregated","trait1","bfdr_observed_fdp",0.05,0.85
20260829,17,500,15,3000,3000,3000,3000,"fast","control_informative",0.05,5,0.01,"","mtada_aggregated","trait1","bfdr_estimate",0.05,0.0475307809550995
20260829,17,500,15,3000,3000,3000,3000,"fast","control_informative",0.05,5,0.01,"","mtada_aggregated","trait1","bfdr_power",0.05,0.36
20260829,17,500,15,3000,3000,3000,3000,"fast","control_informative",0.05,5,0.01,"","mtada_aggregated","trait1","bfdr_discoveries",0.05,60
20260829,17,500,15,3000,3000,3000,3000,"fast","control_informative",0.05,5,0.01,"","mtada_aggregated","trait1","bfdr_observed_fdp",0.1,0.852941176470588
20260829,17,500,15,3000,3000,3000,3000,"fast","control_informative",0.05,5,0.01,"","mtada_aggregated","trait1","bfdr_estimate",0.1,0.0975831994888037
20260829,17,500,15,3000,3000,3000,3000,"fast","control_informative",0.05,5,0.01,"","mtada_aggregated","trait1","bfdr_power",0.1,0.4
20260829,17,500,15,3000,3000,3000,3000,"fast","control_informative",0.05,5,0.01,"","mtada_aggregated","trait1","bfdr_discoveries",0.1,68
20260829,17,500,15,3000,3000,3000,3000,"fast","control_informative",0.05,5,0.01,"","mtada_aggregated","trait1","bfdr_observed_fdp",0.2,0.848101265822785
20260829,17,500,15,3000,3000,3000,3000,"fast","control_informative",0.05,5,0.01,"","mtada_aggregated","trait1","bfdr_estimate",0.2,0.197867397686261
20260829,17,500,15,3000,3000,3000,3000,"fast","control_informative",0.05,5,0.01,"","mtada_aggregated","trait1","bfdr_power",0.2,0.48
20260829,17,500,15,3000,3000,3000,3000,"fast","control_informative",0.05,5,0.01,"","mtada_aggregated","trait1","bfdr_discoveries",0.2,79
20260829,17,500,15,3000,3000,3000,3000,"fast","control_informative",0.05,5,0.01,"","mtada_aggregated","trait2","bfdr_observed_fdp",0.01,0.888888888888889
20260829,17,500,15,3000,3000,3000,3000,"fast","control_informative",0.05,5,0.01,"","mtada_aggregated","trait2","bfdr_estimate",0.01,0.00929236791371008
20260829,17,500,15,3000,3000,3000,3000,"fast","control_informative",0.05,5,0.01,"","mtada_aggregated","trait2","bfdr_power",0.01,0.3
20260829,17,500,15,3000,3000,3000,3000,"fast","control_informative",0.05,5,0.01,"","mtada_aggregated","trait2","bfdr_discoveries",0.01,27
20260829,17,500,15,3000,3000,3000,3000,"fast","control_informative",0.05,5,0.01,"","mtada_aggregated","trait2","bfdr_observed_fdp",0.05,0.914285714285714
20260829,17,500,15,3000,3000,3000,3000,"fast","control_informative",0.05,5,0.01,"","mtada_aggregated","trait2","bfdr_estimate",0.05,0.043463947971335
20260829,17,500,15,3000,3000,3000,3000,"fast","control_informative",0.05,5,0.01,"","mtada_aggregated","trait2","bfdr_power",0.05,0.3
20260829,17,500,15,3000,3000,3000,3000,"fast","control_informative",0.05,5,0.01,"","mtada_aggregated","trait2","bfdr_discoveries",0.05,35
20260829,17,500,15,3000,3000,3000,3000,"fast","control_informative",0.05,5,0.01,"","mtada_aggregated","trait2","bfdr_observed_fdp",0.1,0.925
20260829,17,500,15,3000,3000,3000,3000,"fast","control_informative",0.05,5,0.01,"","mtada_aggregated","trait2","bfdr_estimate",0.1,0.0987695597175862
20260829,17,500,15,3000,3000,3000,3000,"fast","control_informative",0.05,5,0.01,"","mtada_aggregated","trait2","bfdr_power",0.1,0.3
20260829,17,500,15,3000,3000,3000,3000,"fast","control_informative",0.05,5,0.01,"","mtada_aggregated","trait2","bfdr_discoveries",0.1,40
20260829,17,500,15,3000,3000,3000,3000,"fast","control_informative",0.05,5,0.01,"","mtada_aggregated","trait2","bfdr_observed_fdp",0.2,0.9375
20260829,17,500,15,3000,3000,3000,3000,"fast","control_informative",0.05,5,0.01,"","mtada_aggregated","trait2","bfdr_estimate",0.2,0.193057324810469
20260829,17,500,15,3000,3000,3000,3000,"fast","control_informative",0.05,5,0.01,"","mtada_aggregated","trait2","bfdr_power",0.2,0.3
20260829,17,500,15,3000,3000,3000,3000,"fast","control_informative",0.05,5,0.01,"","mtada_aggregated","trait2","bfdr_discoveries",0.2,48
20260829,17,500,15,3000,3000,3000,3000,"fast","control_informative",0.05,5,0.01,"","mtada_aggregated","pleiotropy","bfdr_observed_fdp",0.01,1
20260829,17,500,15,3000,3000,3000,3000,"fast","control_informative",0.05,5,0.01,"","mtada_aggregated","pleiotropy","bfdr_estimate",0.01,0.00146856086632141
20260829,17,500,15,3000,3000,3000,3000,"fast","control_informative",0.05,5,0.01,"","mtada_aggregated","pleiotropy","bfdr_power",0.01,0
20260829,17,500,15,3000,3000,3000,3000,"fast","control_informative",0.05,5,0.01,"","mtada_aggregated","pleiotropy","bfdr_discoveries",0.01,1
20260829,17,500,15,3000,3000,3000,3000,"fast","control_informative",0.05,5,0.01,"","mtada_aggregated","pleiotropy","bfdr_observed_fdp",0.05,1
20260829,17,500,15,3000,3000,3000,3000,"fast","control_informative",0.05,5,0.01,"","mtada_aggregated","pleiotropy","bfdr_estimate",0.05,0.0422862258531054
20260829,17,500,15,3000,3000,3000,3000,"fast","control_informative",0.05,5,0.01,"","mtada_aggregated","pleiotropy","bfdr_power",0.05,0
20260829,17,500,15,3000,3000,3000,3000,"fast","control_informative",0.05,5,0.01,"","mtada_aggregated","pleiotropy","bfdr_discoveries",0.05,3
20260829,17,500,15,3000,3000,3000,3000,"fast","control_informative",0.05,5,0.01,"","mtada_aggregated","pleiotropy","bfdr_observed_fdp",0.1,1
20260829,17,500,15,3000,3000,3000,3000,"fast","control_informative",0.05,5,0.01,"","mtada_aggregated","pleiotropy","bfdr_estimate",0.1,0.0913968082646396
20260829,17,500,15,3000,3000,3000,3000,"fast","control_informative",0.05,5,0.01,"","mtada_aggregated","pleiotropy","bfdr_power",0.1,0
20260829,17,500,15,3000,3000,3000,3000,"fast","control_informative",0.05,5,0.01,"","mtada_aggregated","pleiotropy","bfdr_discoveries",0.1,4
20260829,17,500,15,3000,3000,3000,3000,"fast","control_informative",0.05,5,0.01,"","mtada_aggregated","pleiotropy","bfdr_observed_fdp",0.2,1
20260829,17,500,15,3000,3000,3000,3000,"fast","control_informative",0.05,5,0.01,"","mtada_aggregated","pleiotropy","bfdr_estimate",0.2,0.181619594117084
20260829,17,500,15,3000,3000,3000,3000,"fast","control_informative",0.05,5,0.01,"","mtada_aggregated","pleiotropy","bfdr_power",0.2,0
20260829,17,500,15,3000,3000,3000,3000,"fast","control_informative",0.05,5,0.01,"","mtada_aggregated","pleiotropy","bfdr_discoveries",0.2,6
20260829,17,500,15,3000,3000,3000,3000,"fast","control_informative",0.05,5,0.01,"","mtada_aggregated","global","runtime_seconds",NA,0.802000000000021
20260829,17,500,15,3000,3000,3000,3000,"fast","control_informative",0.05,5,0.01,"","mtada_aggregated","pleiotropy","pi11_estimate",NA,0.00171485
20260830,18,500,15,3000,3000,3000,3000,"fast","control_informative",0.05,5,0.01,"","mirage_joint","trait1","auc",NA,0.766315789473684
20260830,18,500,15,3000,3000,3000,3000,"fast","control_informative",0.05,5,0.01,"","mirage_joint","trait2","auc",NA,0.629795918367347
20260830,18,500,15,3000,3000,3000,3000,"fast","control_informative",0.05,5,0.01,"","mirage_joint","pleiotropy","auc",NA,0.778585858585859
20260830,18,500,15,3000,3000,3000,3000,"fast","control_informative",0.05,5,0.01,"","mirage_joint","trait1","pp08_power",0.8,0.08
20260830,18,500,15,3000,3000,3000,3000,"fast","control_informative",0.05,5,0.01,"","mirage_joint","trait1","pp08_fdp",0.8,0
20260830,18,500,15,3000,3000,3000,3000,"fast","control_informative",0.05,5,0.01,"","mirage_joint","trait1","pp08_discoveries",0.8,2
20260830,18,500,15,3000,3000,3000,3000,"fast","control_informative",0.05,5,0.01,"","mirage_joint","trait2","pp08_power",0.8,0.1
20260830,18,500,15,3000,3000,3000,3000,"fast","control_informative",0.05,5,0.01,"","mirage_joint","trait2","pp08_fdp",0.8,0
20260830,18,500,15,3000,3000,3000,3000,"fast","control_informative",0.05,5,0.01,"","mirage_joint","trait2","pp08_discoveries",0.8,1
20260830,18,500,15,3000,3000,3000,3000,"fast","control_informative",0.05,5,0.01,"","mirage_joint","pleiotropy","pp08_power",0.8,0
20260830,18,500,15,3000,3000,3000,3000,"fast","control_informative",0.05,5,0.01,"","mirage_joint","pleiotropy","pp08_fdp",0.8,0
20260830,18,500,15,3000,3000,3000,3000,"fast","control_informative",0.05,5,0.01,"","mirage_joint","pleiotropy","pp08_discoveries",0.8,0
20260830,18,500,15,3000,3000,3000,3000,"fast","control_informative",0.05,5,0.01,"","mirage_joint","trait1","bfdr_observed_fdp",0.01,0
20260830,18,500,15,3000,3000,3000,3000,"fast","control_informative",0.05,5,0.01,"","mirage_joint","trait1","bfdr_estimate",0.01,0.000648915887301094
20260830,18,500,15,3000,3000,3000,3000,"fast","control_informative",0.05,5,0.01,"","mirage_joint","trait1","bfdr_power",0.01,0.08
20260830,18,500,15,3000,3000,3000,3000,"fast","control_informative",0.05,5,0.01,"","mirage_joint","trait1","bfdr_discoveries",0.01,2
20260830,18,500,15,3000,3000,3000,3000,"fast","control_informative",0.05,5,0.01,"","mirage_joint","trait1","bfdr_observed_fdp",0.05,0
20260830,18,500,15,3000,3000,3000,3000,"fast","control_informative",0.05,5,0.01,"","mirage_joint","trait1","bfdr_estimate",0.05,0.000648915887301094
20260830,18,500,15,3000,3000,3000,3000,"fast","control_informative",0.05,5,0.01,"","mirage_joint","trait1","bfdr_power",0.05,0.08
20260830,18,500,15,3000,3000,3000,3000,"fast","control_informative",0.05,5,0.01,"","mirage_joint","trait1","bfdr_discoveries",0.05,2
20260830,18,500,15,3000,3000,3000,3000,"fast","control_informative",0.05,5,0.01,"","mirage_joint","trait1","bfdr_observed_fdp",0.1,0
20260830,18,500,15,3000,3000,3000,3000,"fast","control_informative",0.05,5,0.01,"","mirage_joint","trait1","bfdr_estimate",0.1,0.0704068946126408
20260830,18,500,15,3000,3000,3000,3000,"fast","control_informative",0.05,5,0.01,"","mirage_joint","trait1","bfdr_power",0.1,0.12
20260830,18,500,15,3000,3000,3000,3000,"fast","control_informative",0.05,5,0.01,"","mirage_joint","trait1","bfdr_discoveries",0.1,3
20260830,18,500,15,3000,3000,3000,3000,"fast","control_informative",0.05,5,0.01,"","mirage_joint","trait1","bfdr_observed_fdp",0.2,0
20260830,18,500,15,3000,3000,3000,3000,"fast","control_informative",0.05,5,0.01,"","mirage_joint","trait1","bfdr_estimate",0.2,0.14711387531684
20260830,18,500,15,3000,3000,3000,3000,"fast","control_informative",0.05,5,0.01,"","mirage_joint","trait1","bfdr_power",0.2,0.16
20260830,18,500,15,3000,3000,3000,3000,"fast","control_informative",0.05,5,0.01,"","mirage_joint","trait1","bfdr_discoveries",0.2,4
20260830,18,500,15,3000,3000,3000,3000,"fast","control_informative",0.05,5,0.01,"","mirage_joint","trait2","bfdr_observed_fdp",0.01,0
20260830,18,500,15,3000,3000,3000,3000,"fast","control_informative",0.05,5,0.01,"","mirage_joint","trait2","bfdr_estimate",0.01,0
20260830,18,500,15,3000,3000,3000,3000,"fast","control_informative",0.05,5,0.01,"","mirage_joint","trait2","bfdr_power",0.01,0
20260830,18,500,15,3000,3000,3000,3000,"fast","control_informative",0.05,5,0.01,"","mirage_joint","trait2","bfdr_discoveries",0.01,0
20260830,18,500,15,3000,3000,3000,3000,"fast","control_informative",0.05,5,0.01,"","mirage_joint","trait2","bfdr_observed_fdp",0.05,0
20260830,18,500,15,3000,3000,3000,3000,"fast","control_informative",0.05,5,0.01,"","mirage_joint","trait2","bfdr_estimate",0.05,0.0196587082523679
20260830,18,500,15,3000,3000,3000,3000,"fast","control_informative",0.05,5,0.01,"","mirage_joint","trait2","bfdr_power",0.05,0.1
20260830,18,500,15,3000,3000,3000,3000,"fast","control_informative",0.05,5,0.01,"","mirage_joint","trait2","bfdr_discoveries",0.05,1
20260830,18,500,15,3000,3000,3000,3000,"fast","control_informative",0.05,5,0.01,"","mirage_joint","trait2","bfdr_observed_fdp",0.1,0
20260830,18,500,15,3000,3000,3000,3000,"fast","control_informative",0.05,5,0.01,"","mirage_joint","trait2","bfdr_estimate",0.1,0.0196587082523679
20260830,18,500,15,3000,3000,3000,3000,"fast","control_informative",0.05,5,0.01,"","mirage_joint","trait2","bfdr_power",0.1,0.1
20260830,18,500,15,3000,3000,3000,3000,"fast","control_informative",0.05,5,0.01,"","mirage_joint","trait2","bfdr_discoveries",0.1,1
20260830,18,500,15,3000,3000,3000,3000,"fast","control_informative",0.05,5,0.01,"","mirage_joint","trait2","bfdr_observed_fdp",0.2,0
20260830,18,500,15,3000,3000,3000,3000,"fast","control_informative",0.05,5,0.01,"","mirage_joint","trait2","bfdr_estimate",0.2,0.0196587082523679
20260830,18,500,15,3000,3000,3000,3000,"fast","control_informative",0.05,5,0.01,"","mirage_joint","trait2","bfdr_power",0.2,0.1
20260830,18,500,15,3000,3000,3000,3000,"fast","control_informative",0.05,5,0.01,"","mirage_joint","trait2","bfdr_discoveries",0.2,1
20260830,18,500,15,3000,3000,3000,3000,"fast","control_informative",0.05,5,0.01,"","mirage_joint","pleiotropy","bfdr_observed_fdp",0.01,0
20260830,18,500,15,3000,3000,3000,3000,"fast","control_informative",0.05,5,0.01,"","mirage_joint","pleiotropy","bfdr_estimate",0.01,0
20260830,18,500,15,3000,3000,3000,3000,"fast","control_informative",0.05,5,0.01,"","mirage_joint","pleiotropy","bfdr_power",0.01,0
20260830,18,500,15,3000,3000,3000,3000,"fast","control_informative",0.05,5,0.01,"","mirage_joint","pleiotropy","bfdr_discoveries",0.01,0
20260830,18,500,15,3000,3000,3000,3000,"fast","control_informative",0.05,5,0.01,"","mirage_joint","pleiotropy","bfdr_observed_fdp",0.05,0
20260830,18,500,15,3000,3000,3000,3000,"fast","control_informative",0.05,5,0.01,"","mirage_joint","pleiotropy","bfdr_estimate",0.05,0
20260830,18,500,15,3000,3000,3000,3000,"fast","control_informative",0.05,5,0.01,"","mirage_joint","pleiotropy","bfdr_power",0.05,0
20260830,18,500,15,3000,3000,3000,3000,"fast","control_informative",0.05,5,0.01,"","mirage_joint","pleiotropy","bfdr_discoveries",0.05,0
20260830,18,500,15,3000,3000,3000,3000,"fast","control_informative",0.05,5,0.01,"","mirage_joint","pleiotropy","bfdr_observed_fdp",0.1,0
20260830,18,500,15,3000,3000,3000,3000,"fast","control_informative",0.05,5,0.01,"","mirage_joint","pleiotropy","bfdr_estimate",0.1,0
20260830,18,500,15,3000,3000,3000,3000,"fast","control_informative",0.05,5,0.01,"","mirage_joint","pleiotropy","bfdr_power",0.1,0
20260830,18,500,15,3000,3000,3000,3000,"fast","control_informative",0.05,5,0.01,"","mirage_joint","pleiotropy","bfdr_discoveries",0.1,0
20260830,18,500,15,3000,3000,3000,3000,"fast","control_informative",0.05,5,0.01,"","mirage_joint","pleiotropy","bfdr_observed_fdp",0.2,0
20260830,18,500,15,3000,3000,3000,3000,"fast","control_informative",0.05,5,0.01,"","mirage_joint","pleiotropy","bfdr_estimate",0.2,0
20260830,18,500,15,3000,3000,3000,3000,"fast","control_informative",0.05,5,0.01,"","mirage_joint","pleiotropy","bfdr_power",0.2,0
20260830,18,500,15,3000,3000,3000,3000,"fast","control_informative",0.05,5,0.01,"","mirage_joint","pleiotropy","bfdr_discoveries",0.2,0
20260830,18,500,15,3000,3000,3000,3000,"fast","control_informative",0.05,5,0.01,"","mirage_joint","global","runtime_seconds",NA,18.027
20260830,18,500,15,3000,3000,3000,3000,"fast","control_informative",0.05,5,0.01,"","mirage_joint","pleiotropy","pi11_estimate",NA,0.0136909894431604
20260830,18,500,15,3000,3000,3000,3000,"fast","control_informative",0.05,5,0.01,"","separate_mirage","trait1","auc",NA,0.719157894736842
20260830,18,500,15,3000,3000,3000,3000,"fast","control_informative",0.05,5,0.01,"","separate_mirage","trait2","auc",NA,0.626938775510204
20260830,18,500,15,3000,3000,3000,3000,"fast","control_informative",0.05,5,0.01,"","separate_mirage","pleiotropy","auc",NA,0.779393939393939
20260830,18,500,15,3000,3000,3000,3000,"fast","control_informative",0.05,5,0.01,"","separate_mirage","trait1","pp08_power",0.8,0.08
20260830,18,500,15,3000,3000,3000,3000,"fast","control_informative",0.05,5,0.01,"","separate_mirage","trait1","pp08_fdp",0.8,0
20260830,18,500,15,3000,3000,3000,3000,"fast","control_informative",0.05,5,0.01,"","separate_mirage","trait1","pp08_discoveries",0.8,2
20260830,18,500,15,3000,3000,3000,3000,"fast","control_informative",0.05,5,0.01,"","separate_mirage","trait2","pp08_power",0.8,0.1
20260830,18,500,15,3000,3000,3000,3000,"fast","control_informative",0.05,5,0.01,"","separate_mirage","trait2","pp08_fdp",0.8,0
20260830,18,500,15,3000,3000,3000,3000,"fast","control_informative",0.05,5,0.01,"","separate_mirage","trait2","pp08_discoveries",0.8,1
20260830,18,500,15,3000,3000,3000,3000,"fast","control_informative",0.05,5,0.01,"","separate_mirage","pleiotropy","pp08_power",0.8,0
20260830,18,500,15,3000,3000,3000,3000,"fast","control_informative",0.05,5,0.01,"","separate_mirage","pleiotropy","pp08_fdp",0.8,0
20260830,18,500,15,3000,3000,3000,3000,"fast","control_informative",0.05,5,0.01,"","separate_mirage","pleiotropy","pp08_discoveries",0.8,0
20260830,18,500,15,3000,3000,3000,3000,"fast","control_informative",0.05,5,0.01,"","separate_mirage","trait1","bfdr_observed_fdp",0.01,0
20260830,18,500,15,3000,3000,3000,3000,"fast","control_informative",0.05,5,0.01,"","separate_mirage","trait1","bfdr_estimate",0.01,0.000390801733754442
20260830,18,500,15,3000,3000,3000,3000,"fast","control_informative",0.05,5,0.01,"","separate_mirage","trait1","bfdr_power",0.01,0.08
20260830,18,500,15,3000,3000,3000,3000,"fast","control_informative",0.05,5,0.01,"","separate_mirage","trait1","bfdr_discoveries",0.01,2
20260830,18,500,15,3000,3000,3000,3000,"fast","control_informative",0.05,5,0.01,"","separate_mirage","trait1","bfdr_observed_fdp",0.05,0
20260830,18,500,15,3000,3000,3000,3000,"fast","control_informative",0.05,5,0.01,"","separate_mirage","trait1","bfdr_estimate",0.05,0.000390801733754442
20260830,18,500,15,3000,3000,3000,3000,"fast","control_informative",0.05,5,0.01,"","separate_mirage","trait1","bfdr_power",0.05,0.08
20260830,18,500,15,3000,3000,3000,3000,"fast","control_informative",0.05,5,0.01,"","separate_mirage","trait1","bfdr_discoveries",0.05,2
20260830,18,500,15,3000,3000,3000,3000,"fast","control_informative",0.05,5,0.01,"","separate_mirage","trait1","bfdr_observed_fdp",0.1,0
20260830,18,500,15,3000,3000,3000,3000,"fast","control_informative",0.05,5,0.01,"","separate_mirage","trait1","bfdr_estimate",0.1,0.000390801733754442
20260830,18,500,15,3000,3000,3000,3000,"fast","control_informative",0.05,5,0.01,"","separate_mirage","trait1","bfdr_power",0.1,0.08
20260830,18,500,15,3000,3000,3000,3000,"fast","control_informative",0.05,5,0.01,"","separate_mirage","trait1","bfdr_discoveries",0.1,2
20260830,18,500,15,3000,3000,3000,3000,"fast","control_informative",0.05,5,0.01,"","separate_mirage","trait1","bfdr_observed_fdp",0.2,0
20260830,18,500,15,3000,3000,3000,3000,"fast","control_informative",0.05,5,0.01,"","separate_mirage","trait1","bfdr_estimate",0.2,0.130619228462136
20260830,18,500,15,3000,3000,3000,3000,"fast","control_informative",0.05,5,0.01,"","separate_mirage","trait1","bfdr_power",0.2,0.12
20260830,18,500,15,3000,3000,3000,3000,"fast","control_informative",0.05,5,0.01,"","separate_mirage","trait1","bfdr_discoveries",0.2,3
20260830,18,500,15,3000,3000,3000,3000,"fast","control_informative",0.05,5,0.01,"","separate_mirage","trait2","bfdr_observed_fdp",0.01,0
20260830,18,500,15,3000,3000,3000,3000,"fast","control_informative",0.05,5,0.01,"","separate_mirage","trait2","bfdr_estimate",0.01,0
20260830,18,500,15,3000,3000,3000,3000,"fast","control_informative",0.05,5,0.01,"","separate_mirage","trait2","bfdr_power",0.01,0
20260830,18,500,15,3000,3000,3000,3000,"fast","control_informative",0.05,5,0.01,"","separate_mirage","trait2","bfdr_discoveries",0.01,0
20260830,18,500,15,3000,3000,3000,3000,"fast","control_informative",0.05,5,0.01,"","separate_mirage","trait2","bfdr_observed_fdp",0.05,0
20260830,18,500,15,3000,3000,3000,3000,"fast","control_informative",0.05,5,0.01,"","separate_mirage","trait2","bfdr_estimate",0.05,0.0363484439092003
20260830,18,500,15,3000,3000,3000,3000,"fast","control_informative",0.05,5,0.01,"","separate_mirage","trait2","bfdr_power",0.05,0.1
20260830,18,500,15,3000,3000,3000,3000,"fast","control_informative",0.05,5,0.01,"","separate_mirage","trait2","bfdr_discoveries",0.05,1
20260830,18,500,15,3000,3000,3000,3000,"fast","control_informative",0.05,5,0.01,"","separate_mirage","trait2","bfdr_observed_fdp",0.1,0
20260830,18,500,15,3000,3000,3000,3000,"fast","control_informative",0.05,5,0.01,"","separate_mirage","trait2","bfdr_estimate",0.1,0.0363484439092003
20260830,18,500,15,3000,3000,3000,3000,"fast","control_informative",0.05,5,0.01,"","separate_mirage","trait2","bfdr_power",0.1,0.1
20260830,18,500,15,3000,3000,3000,3000,"fast","control_informative",0.05,5,0.01,"","separate_mirage","trait2","bfdr_discoveries",0.1,1
20260830,18,500,15,3000,3000,3000,3000,"fast","control_informative",0.05,5,0.01,"","separate_mirage","trait2","bfdr_observed_fdp",0.2,0
20260830,18,500,15,3000,3000,3000,3000,"fast","control_informative",0.05,5,0.01,"","separate_mirage","trait2","bfdr_estimate",0.2,0.0363484439092003
20260830,18,500,15,3000,3000,3000,3000,"fast","control_informative",0.05,5,0.01,"","separate_mirage","trait2","bfdr_power",0.2,0.1
20260830,18,500,15,3000,3000,3000,3000,"fast","control_informative",0.05,5,0.01,"","separate_mirage","trait2","bfdr_discoveries",0.2,1
20260830,18,500,15,3000,3000,3000,3000,"fast","control_informative",0.05,5,0.01,"","separate_mirage","pleiotropy","bfdr_observed_fdp",0.01,0
20260830,18,500,15,3000,3000,3000,3000,"fast","control_informative",0.05,5,0.01,"","separate_mirage","pleiotropy","bfdr_estimate",0.01,0
20260830,18,500,15,3000,3000,3000,3000,"fast","control_informative",0.05,5,0.01,"","separate_mirage","pleiotropy","bfdr_power",0.01,0
20260830,18,500,15,3000,3000,3000,3000,"fast","control_informative",0.05,5,0.01,"","separate_mirage","pleiotropy","bfdr_discoveries",0.01,0
20260830,18,500,15,3000,3000,3000,3000,"fast","control_informative",0.05,5,0.01,"","separate_mirage","pleiotropy","bfdr_observed_fdp",0.05,0
20260830,18,500,15,3000,3000,3000,3000,"fast","control_informative",0.05,5,0.01,"","separate_mirage","pleiotropy","bfdr_estimate",0.05,0
20260830,18,500,15,3000,3000,3000,3000,"fast","control_informative",0.05,5,0.01,"","separate_mirage","pleiotropy","bfdr_power",0.05,0
20260830,18,500,15,3000,3000,3000,3000,"fast","control_informative",0.05,5,0.01,"","separate_mirage","pleiotropy","bfdr_discoveries",0.05,0
20260830,18,500,15,3000,3000,3000,3000,"fast","control_informative",0.05,5,0.01,"","separate_mirage","pleiotropy","bfdr_observed_fdp",0.1,0
20260830,18,500,15,3000,3000,3000,3000,"fast","control_informative",0.05,5,0.01,"","separate_mirage","pleiotropy","bfdr_estimate",0.1,0
20260830,18,500,15,3000,3000,3000,3000,"fast","control_informative",0.05,5,0.01,"","separate_mirage","pleiotropy","bfdr_power",0.1,0
20260830,18,500,15,3000,3000,3000,3000,"fast","control_informative",0.05,5,0.01,"","separate_mirage","pleiotropy","bfdr_discoveries",0.1,0
20260830,18,500,15,3000,3000,3000,3000,"fast","control_informative",0.05,5,0.01,"","separate_mirage","pleiotropy","bfdr_observed_fdp",0.2,0
20260830,18,500,15,3000,3000,3000,3000,"fast","control_informative",0.05,5,0.01,"","separate_mirage","pleiotropy","bfdr_estimate",0.2,0
20260830,18,500,15,3000,3000,3000,3000,"fast","control_informative",0.05,5,0.01,"","separate_mirage","pleiotropy","bfdr_power",0.2,0
20260830,18,500,15,3000,3000,3000,3000,"fast","control_informative",0.05,5,0.01,"","separate_mirage","pleiotropy","bfdr_discoveries",0.2,0
20260830,18,500,15,3000,3000,3000,3000,"fast","control_informative",0.05,5,0.01,"","separate_mirage","global","runtime_seconds",NA,18.058
20260830,18,500,15,3000,3000,3000,3000,"fast","control_informative",0.05,5,0.01,"","separate_mirage","pleiotropy","pi11_estimate",NA,0.001
20260830,18,500,15,3000,3000,3000,3000,"fast","control_informative",0.05,5,0.01,"","mtada_aggregated","trait1","auc",NA,0.774736842105263
20260830,18,500,15,3000,3000,3000,3000,"fast","control_informative",0.05,5,0.01,"","mtada_aggregated","trait2","auc",NA,0.574081632653061
20260830,18,500,15,3000,3000,3000,3000,"fast","control_informative",0.05,5,0.01,"","mtada_aggregated","pleiotropy","auc",NA,0.602424242424242
20260830,18,500,15,3000,3000,3000,3000,"fast","control_informative",0.05,5,0.01,"","mtada_aggregated","trait1","pp08_power",0.8,0.24
20260830,18,500,15,3000,3000,3000,3000,"fast","control_informative",0.05,5,0.01,"","mtada_aggregated","trait1","pp08_fdp",0.8,0.853658536585366
20260830,18,500,15,3000,3000,3000,3000,"fast","control_informative",0.05,5,0.01,"","mtada_aggregated","trait1","pp08_discoveries",0.8,41
20260830,18,500,15,3000,3000,3000,3000,"fast","control_informative",0.05,5,0.01,"","mtada_aggregated","trait2","pp08_power",0.8,0.1
20260830,18,500,15,3000,3000,3000,3000,"fast","control_informative",0.05,5,0.01,"","mtada_aggregated","trait2","pp08_fdp",0.8,0.977777777777778
20260830,18,500,15,3000,3000,3000,3000,"fast","control_informative",0.05,5,0.01,"","mtada_aggregated","trait2","pp08_discoveries",0.8,45
20260830,18,500,15,3000,3000,3000,3000,"fast","control_informative",0.05,5,0.01,"","mtada_aggregated","pleiotropy","pp08_power",0.8,0
20260830,18,500,15,3000,3000,3000,3000,"fast","control_informative",0.05,5,0.01,"","mtada_aggregated","pleiotropy","pp08_fdp",0.8,1
20260830,18,500,15,3000,3000,3000,3000,"fast","control_informative",0.05,5,0.01,"","mtada_aggregated","pleiotropy","pp08_discoveries",0.8,7
20260830,18,500,15,3000,3000,3000,3000,"fast","control_informative",0.05,5,0.01,"","mtada_aggregated","trait1","bfdr_observed_fdp",0.01,0.833333333333333
20260830,18,500,15,3000,3000,3000,3000,"fast","control_informative",0.05,5,0.01,"","mtada_aggregated","trait1","bfdr_estimate",0.01,0.00901713423923404
20260830,18,500,15,3000,3000,3000,3000,"fast","control_informative",0.05,5,0.01,"","mtada_aggregated","trait1","bfdr_power",0.01,0.24
20260830,18,500,15,3000,3000,3000,3000,"fast","control_informative",0.05,5,0.01,"","mtada_aggregated","trait1","bfdr_discoveries",0.01,36
20260830,18,500,15,3000,3000,3000,3000,"fast","control_informative",0.05,5,0.01,"","mtada_aggregated","trait1","bfdr_observed_fdp",0.05,0.872340425531915
20260830,18,500,15,3000,3000,3000,3000,"fast","control_informative",0.05,5,0.01,"","mtada_aggregated","trait1","bfdr_estimate",0.05,0.0494415335008775
20260830,18,500,15,3000,3000,3000,3000,"fast","control_informative",0.05,5,0.01,"","mtada_aggregated","trait1","bfdr_power",0.05,0.24
20260830,18,500,15,3000,3000,3000,3000,"fast","control_informative",0.05,5,0.01,"","mtada_aggregated","trait1","bfdr_discoveries",0.05,47
20260830,18,500,15,3000,3000,3000,3000,"fast","control_informative",0.05,5,0.01,"","mtada_aggregated","trait1","bfdr_observed_fdp",0.1,0.888888888888889
20260830,18,500,15,3000,3000,3000,3000,"fast","control_informative",0.05,5,0.01,"","mtada_aggregated","trait1","bfdr_estimate",0.1,0.099602487869831
20260830,18,500,15,3000,3000,3000,3000,"fast","control_informative",0.05,5,0.01,"","mtada_aggregated","trait1","bfdr_power",0.1,0.24
20260830,18,500,15,3000,3000,3000,3000,"fast","control_informative",0.05,5,0.01,"","mtada_aggregated","trait1","bfdr_discoveries",0.1,54
20260830,18,500,15,3000,3000,3000,3000,"fast","control_informative",0.05,5,0.01,"","mtada_aggregated","trait1","bfdr_observed_fdp",0.2,0.875
20260830,18,500,15,3000,3000,3000,3000,"fast","control_informative",0.05,5,0.01,"","mtada_aggregated","trait1","bfdr_estimate",0.2,0.191853050360516
20260830,18,500,15,3000,3000,3000,3000,"fast","control_informative",0.05,5,0.01,"","mtada_aggregated","trait1","bfdr_power",0.2,0.32
20260830,18,500,15,3000,3000,3000,3000,"fast","control_informative",0.05,5,0.01,"","mtada_aggregated","trait1","bfdr_discoveries",0.2,64
20260830,18,500,15,3000,3000,3000,3000,"fast","control_informative",0.05,5,0.01,"","mtada_aggregated","trait2","bfdr_observed_fdp",0.01,0.976744186046512
20260830,18,500,15,3000,3000,3000,3000,"fast","control_informative",0.05,5,0.01,"","mtada_aggregated","trait2","bfdr_estimate",0.01,0.00901960459743834
20260830,18,500,15,3000,3000,3000,3000,"fast","control_informative",0.05,5,0.01,"","mtada_aggregated","trait2","bfdr_power",0.01,0.1
20260830,18,500,15,3000,3000,3000,3000,"fast","control_informative",0.05,5,0.01,"","mtada_aggregated","trait2","bfdr_discoveries",0.01,43
20260830,18,500,15,3000,3000,3000,3000,"fast","control_informative",0.05,5,0.01,"","mtada_aggregated","trait2","bfdr_observed_fdp",0.05,0.98
20260830,18,500,15,3000,3000,3000,3000,"fast","control_informative",0.05,5,0.01,"","mtada_aggregated","trait2","bfdr_estimate",0.05,0.0472723527238277
20260830,18,500,15,3000,3000,3000,3000,"fast","control_informative",0.05,5,0.01,"","mtada_aggregated","trait2","bfdr_power",0.05,0.1
20260830,18,500,15,3000,3000,3000,3000,"fast","control_informative",0.05,5,0.01,"","mtada_aggregated","trait2","bfdr_discoveries",0.05,50
20260830,18,500,15,3000,3000,3000,3000,"fast","control_informative",0.05,5,0.01,"","mtada_aggregated","trait2","bfdr_observed_fdp",0.1,0.982142857142857
20260830,18,500,15,3000,3000,3000,3000,"fast","control_informative",0.05,5,0.01,"","mtada_aggregated","trait2","bfdr_estimate",0.1,0.0983675556396307
20260830,18,500,15,3000,3000,3000,3000,"fast","control_informative",0.05,5,0.01,"","mtada_aggregated","trait2","bfdr_power",0.1,0.1
20260830,18,500,15,3000,3000,3000,3000,"fast","control_informative",0.05,5,0.01,"","mtada_aggregated","trait2","bfdr_discoveries",0.1,56
20260830,18,500,15,3000,3000,3000,3000,"fast","control_informative",0.05,5,0.01,"","mtada_aggregated","trait2","bfdr_observed_fdp",0.2,0.970149253731343
20260830,18,500,15,3000,3000,3000,3000,"fast","control_informative",0.05,5,0.01,"","mtada_aggregated","trait2","bfdr_estimate",0.2,0.194360646926139
20260830,18,500,15,3000,3000,3000,3000,"fast","control_informative",0.05,5,0.01,"","mtada_aggregated","trait2","bfdr_power",0.2,0.2
20260830,18,500,15,3000,3000,3000,3000,"fast","control_informative",0.05,5,0.01,"","mtada_aggregated","trait2","bfdr_discoveries",0.2,67
20260830,18,500,15,3000,3000,3000,3000,"fast","control_informative",0.05,5,0.01,"","mtada_aggregated","pleiotropy","bfdr_observed_fdp",0.01,1
20260830,18,500,15,3000,3000,3000,3000,"fast","control_informative",0.05,5,0.01,"","mtada_aggregated","pleiotropy","bfdr_estimate",0.01,0.000670613851489643
20260830,18,500,15,3000,3000,3000,3000,"fast","control_informative",0.05,5,0.01,"","mtada_aggregated","pleiotropy","bfdr_power",0.01,0
20260830,18,500,15,3000,3000,3000,3000,"fast","control_informative",0.05,5,0.01,"","mtada_aggregated","pleiotropy","bfdr_discoveries",0.01,4
20260830,18,500,15,3000,3000,3000,3000,"fast","control_informative",0.05,5,0.01,"","mtada_aggregated","pleiotropy","bfdr_observed_fdp",0.05,1
20260830,18,500,15,3000,3000,3000,3000,"fast","control_informative",0.05,5,0.01,"","mtada_aggregated","pleiotropy","bfdr_estimate",0.05,0.0342259737775489
20260830,18,500,15,3000,3000,3000,3000,"fast","control_informative",0.05,5,0.01,"","mtada_aggregated","pleiotropy","bfdr_power",0.05,0
20260830,18,500,15,3000,3000,3000,3000,"fast","control_informative",0.05,5,0.01,"","mtada_aggregated","pleiotropy","bfdr_discoveries",0.05,6
20260830,18,500,15,3000,3000,3000,3000,"fast","control_informative",0.05,5,0.01,"","mtada_aggregated","pleiotropy","bfdr_observed_fdp",0.1,1
20260830,18,500,15,3000,3000,3000,3000,"fast","control_informative",0.05,5,0.01,"","mtada_aggregated","pleiotropy","bfdr_estimate",0.1,0.0992057070327958
20260830,18,500,15,3000,3000,3000,3000,"fast","control_informative",0.05,5,0.01,"","mtada_aggregated","pleiotropy","bfdr_power",0.1,0
20260830,18,500,15,3000,3000,3000,3000,"fast","control_informative",0.05,5,0.01,"","mtada_aggregated","pleiotropy","bfdr_discoveries",0.1,9
20260830,18,500,15,3000,3000,3000,3000,"fast","control_informative",0.05,5,0.01,"","mtada_aggregated","pleiotropy","bfdr_observed_fdp",0.2,1
20260830,18,500,15,3000,3000,3000,3000,"fast","control_informative",0.05,5,0.01,"","mtada_aggregated","pleiotropy","bfdr_estimate",0.2,0.177167678819768
20260830,18,500,15,3000,3000,3000,3000,"fast","control_informative",0.05,5,0.01,"","mtada_aggregated","pleiotropy","bfdr_power",0.2,0
20260830,18,500,15,3000,3000,3000,3000,"fast","control_informative",0.05,5,0.01,"","mtada_aggregated","pleiotropy","bfdr_discoveries",0.2,12
20260830,18,500,15,3000,3000,3000,3000,"fast","control_informative",0.05,5,0.01,"","mtada_aggregated","global","runtime_seconds",NA,0.740000000000009
20260830,18,500,15,3000,3000,3000,3000,"fast","control_informative",0.05,5,0.01,"","mtada_aggregated","pleiotropy","pi11_estimate",NA,0.00347466
20260831,19,500,15,3000,3000,3000,3000,"fast","control_informative",0.05,5,0.01,"","mirage_joint","trait1","auc",NA,0.71461052631579
20260831,19,500,15,3000,3000,3000,3000,"fast","control_informative",0.05,5,0.01,"","mirage_joint","trait2","auc",NA,0.65734693877551
20260831,19,500,15,3000,3000,3000,3000,"fast","control_informative",0.05,5,0.01,"","mirage_joint","pleiotropy","auc",NA,0.49050505050505
20260831,19,500,15,3000,3000,3000,3000,"fast","control_informative",0.05,5,0.01,"","mirage_joint","trait1","pp08_power",0.8,0.12
20260831,19,500,15,3000,3000,3000,3000,"fast","control_informative",0.05,5,0.01,"","mirage_joint","trait1","pp08_fdp",0.8,0
20260831,19,500,15,3000,3000,3000,3000,"fast","control_informative",0.05,5,0.01,"","mirage_joint","trait1","pp08_discoveries",0.8,3
20260831,19,500,15,3000,3000,3000,3000,"fast","control_informative",0.05,5,0.01,"","mirage_joint","trait2","pp08_power",0.8,0.2
20260831,19,500,15,3000,3000,3000,3000,"fast","control_informative",0.05,5,0.01,"","mirage_joint","trait2","pp08_fdp",0.8,0
20260831,19,500,15,3000,3000,3000,3000,"fast","control_informative",0.05,5,0.01,"","mirage_joint","trait2","pp08_discoveries",0.8,2
20260831,19,500,15,3000,3000,3000,3000,"fast","control_informative",0.05,5,0.01,"","mirage_joint","pleiotropy","pp08_power",0.8,0
20260831,19,500,15,3000,3000,3000,3000,"fast","control_informative",0.05,5,0.01,"","mirage_joint","pleiotropy","pp08_fdp",0.8,0
20260831,19,500,15,3000,3000,3000,3000,"fast","control_informative",0.05,5,0.01,"","mirage_joint","pleiotropy","pp08_discoveries",0.8,0
20260831,19,500,15,3000,3000,3000,3000,"fast","control_informative",0.05,5,0.01,"","mirage_joint","trait1","bfdr_observed_fdp",0.01,0
20260831,19,500,15,3000,3000,3000,3000,"fast","control_informative",0.05,5,0.01,"","mirage_joint","trait1","bfdr_estimate",0.01,0.00629172623586938
20260831,19,500,15,3000,3000,3000,3000,"fast","control_informative",0.05,5,0.01,"","mirage_joint","trait1","bfdr_power",0.01,0.12
20260831,19,500,15,3000,3000,3000,3000,"fast","control_informative",0.05,5,0.01,"","mirage_joint","trait1","bfdr_discoveries",0.01,3
20260831,19,500,15,3000,3000,3000,3000,"fast","control_informative",0.05,5,0.01,"","mirage_joint","trait1","bfdr_observed_fdp",0.05,0
20260831,19,500,15,3000,3000,3000,3000,"fast","control_informative",0.05,5,0.01,"","mirage_joint","trait1","bfdr_estimate",0.05,0.00629172623586938
20260831,19,500,15,3000,3000,3000,3000,"fast","control_informative",0.05,5,0.01,"","mirage_joint","trait1","bfdr_power",0.05,0.12
20260831,19,500,15,3000,3000,3000,3000,"fast","control_informative",0.05,5,0.01,"","mirage_joint","trait1","bfdr_discoveries",0.05,3
20260831,19,500,15,3000,3000,3000,3000,"fast","control_informative",0.05,5,0.01,"","mirage_joint","trait1","bfdr_observed_fdp",0.1,0
20260831,19,500,15,3000,3000,3000,3000,"fast","control_informative",0.05,5,0.01,"","mirage_joint","trait1","bfdr_estimate",0.1,0.0549467993665172
20260831,19,500,15,3000,3000,3000,3000,"fast","control_informative",0.05,5,0.01,"","mirage_joint","trait1","bfdr_power",0.1,0.16
20260831,19,500,15,3000,3000,3000,3000,"fast","control_informative",0.05,5,0.01,"","mirage_joint","trait1","bfdr_discoveries",0.1,4
20260831,19,500,15,3000,3000,3000,3000,"fast","control_informative",0.05,5,0.01,"","mirage_joint","trait1","bfdr_observed_fdp",0.2,0.333333333333333
20260831,19,500,15,3000,3000,3000,3000,"fast","control_informative",0.05,5,0.01,"","mirage_joint","trait1","bfdr_estimate",0.2,0.188570192861054
20260831,19,500,15,3000,3000,3000,3000,"fast","control_informative",0.05,5,0.01,"","mirage_joint","trait1","bfdr_power",0.2,0.16
20260831,19,500,15,3000,3000,3000,3000,"fast","control_informative",0.05,5,0.01,"","mirage_joint","trait1","bfdr_discoveries",0.2,6
20260831,19,500,15,3000,3000,3000,3000,"fast","control_informative",0.05,5,0.01,"","mirage_joint","trait2","bfdr_observed_fdp",0.01,0
20260831,19,500,15,3000,3000,3000,3000,"fast","control_informative",0.05,5,0.01,"","mirage_joint","trait2","bfdr_estimate",0.01,0.000127935179532246
20260831,19,500,15,3000,3000,3000,3000,"fast","control_informative",0.05,5,0.01,"","mirage_joint","trait2","bfdr_power",0.01,0.1
20260831,19,500,15,3000,3000,3000,3000,"fast","control_informative",0.05,5,0.01,"","mirage_joint","trait2","bfdr_discoveries",0.01,1
20260831,19,500,15,3000,3000,3000,3000,"fast","control_informative",0.05,5,0.01,"","mirage_joint","trait2","bfdr_observed_fdp",0.05,0
20260831,19,500,15,3000,3000,3000,3000,"fast","control_informative",0.05,5,0.01,"","mirage_joint","trait2","bfdr_estimate",0.05,0.000127935179532246
20260831,19,500,15,3000,3000,3000,3000,"fast","control_informative",0.05,5,0.01,"","mirage_joint","trait2","bfdr_power",0.05,0.1
20260831,19,500,15,3000,3000,3000,3000,"fast","control_informative",0.05,5,0.01,"","mirage_joint","trait2","bfdr_discoveries",0.05,1
20260831,19,500,15,3000,3000,3000,3000,"fast","control_informative",0.05,5,0.01,"","mirage_joint","trait2","bfdr_observed_fdp",0.1,0
20260831,19,500,15,3000,3000,3000,3000,"fast","control_informative",0.05,5,0.01,"","mirage_joint","trait2","bfdr_estimate",0.1,0.0830948986647542
20260831,19,500,15,3000,3000,3000,3000,"fast","control_informative",0.05,5,0.01,"","mirage_joint","trait2","bfdr_power",0.1,0.2
20260831,19,500,15,3000,3000,3000,3000,"fast","control_informative",0.05,5,0.01,"","mirage_joint","trait2","bfdr_discoveries",0.1,2
20260831,19,500,15,3000,3000,3000,3000,"fast","control_informative",0.05,5,0.01,"","mirage_joint","trait2","bfdr_observed_fdp",0.2,0.333333333333333
20260831,19,500,15,3000,3000,3000,3000,"fast","control_informative",0.05,5,0.01,"","mirage_joint","trait2","bfdr_estimate",0.2,0.181647148688417
20260831,19,500,15,3000,3000,3000,3000,"fast","control_informative",0.05,5,0.01,"","mirage_joint","trait2","bfdr_power",0.2,0.2
20260831,19,500,15,3000,3000,3000,3000,"fast","control_informative",0.05,5,0.01,"","mirage_joint","trait2","bfdr_discoveries",0.2,3
20260831,19,500,15,3000,3000,3000,3000,"fast","control_informative",0.05,5,0.01,"","mirage_joint","pleiotropy","bfdr_observed_fdp",0.01,0
20260831,19,500,15,3000,3000,3000,3000,"fast","control_informative",0.05,5,0.01,"","mirage_joint","pleiotropy","bfdr_estimate",0.01,0
20260831,19,500,15,3000,3000,3000,3000,"fast","control_informative",0.05,5,0.01,"","mirage_joint","pleiotropy","bfdr_power",0.01,0
20260831,19,500,15,3000,3000,3000,3000,"fast","control_informative",0.05,5,0.01,"","mirage_joint","pleiotropy","bfdr_discoveries",0.01,0
20260831,19,500,15,3000,3000,3000,3000,"fast","control_informative",0.05,5,0.01,"","mirage_joint","pleiotropy","bfdr_observed_fdp",0.05,0
20260831,19,500,15,3000,3000,3000,3000,"fast","control_informative",0.05,5,0.01,"","mirage_joint","pleiotropy","bfdr_estimate",0.05,0
20260831,19,500,15,3000,3000,3000,3000,"fast","control_informative",0.05,5,0.01,"","mirage_joint","pleiotropy","bfdr_power",0.05,0
20260831,19,500,15,3000,3000,3000,3000,"fast","control_informative",0.05,5,0.01,"","mirage_joint","pleiotropy","bfdr_discoveries",0.05,0
20260831,19,500,15,3000,3000,3000,3000,"fast","control_informative",0.05,5,0.01,"","mirage_joint","pleiotropy","bfdr_observed_fdp",0.1,0
20260831,19,500,15,3000,3000,3000,3000,"fast","control_informative",0.05,5,0.01,"","mirage_joint","pleiotropy","bfdr_estimate",0.1,0
20260831,19,500,15,3000,3000,3000,3000,"fast","control_informative",0.05,5,0.01,"","mirage_joint","pleiotropy","bfdr_power",0.1,0
20260831,19,500,15,3000,3000,3000,3000,"fast","control_informative",0.05,5,0.01,"","mirage_joint","pleiotropy","bfdr_discoveries",0.1,0
20260831,19,500,15,3000,3000,3000,3000,"fast","control_informative",0.05,5,0.01,"","mirage_joint","pleiotropy","bfdr_observed_fdp",0.2,0
20260831,19,500,15,3000,3000,3000,3000,"fast","control_informative",0.05,5,0.01,"","mirage_joint","pleiotropy","bfdr_estimate",0.2,0
20260831,19,500,15,3000,3000,3000,3000,"fast","control_informative",0.05,5,0.01,"","mirage_joint","pleiotropy","bfdr_power",0.2,0
20260831,19,500,15,3000,3000,3000,3000,"fast","control_informative",0.05,5,0.01,"","mirage_joint","pleiotropy","bfdr_discoveries",0.2,0
20260831,19,500,15,3000,3000,3000,3000,"fast","control_informative",0.05,5,0.01,"","mirage_joint","global","runtime_seconds",NA,17.999
20260831,19,500,15,3000,3000,3000,3000,"fast","control_informative",0.05,5,0.01,"","mirage_joint","pleiotropy","pi11_estimate",NA,0.056314385247409
20260831,19,500,15,3000,3000,3000,3000,"fast","control_informative",0.05,5,0.01,"","separate_mirage","trait1","auc",NA,0.705852631578947
20260831,19,500,15,3000,3000,3000,3000,"fast","control_informative",0.05,5,0.01,"","separate_mirage","trait2","auc",NA,0.63530612244898
20260831,19,500,15,3000,3000,3000,3000,"fast","control_informative",0.05,5,0.01,"","separate_mirage","pleiotropy","auc",NA,0.445252525252525
20260831,19,500,15,3000,3000,3000,3000,"fast","control_informative",0.05,5,0.01,"","separate_mirage","trait1","pp08_power",0.8,0.12
20260831,19,500,15,3000,3000,3000,3000,"fast","control_informative",0.05,5,0.01,"","separate_mirage","trait1","pp08_fdp",0.8,0
20260831,19,500,15,3000,3000,3000,3000,"fast","control_informative",0.05,5,0.01,"","separate_mirage","trait1","pp08_discoveries",0.8,3
20260831,19,500,15,3000,3000,3000,3000,"fast","control_informative",0.05,5,0.01,"","separate_mirage","trait2","pp08_power",0.8,0.1
20260831,19,500,15,3000,3000,3000,3000,"fast","control_informative",0.05,5,0.01,"","separate_mirage","trait2","pp08_fdp",0.8,0
20260831,19,500,15,3000,3000,3000,3000,"fast","control_informative",0.05,5,0.01,"","separate_mirage","trait2","pp08_discoveries",0.8,1
20260831,19,500,15,3000,3000,3000,3000,"fast","control_informative",0.05,5,0.01,"","separate_mirage","pleiotropy","pp08_power",0.8,0
20260831,19,500,15,3000,3000,3000,3000,"fast","control_informative",0.05,5,0.01,"","separate_mirage","pleiotropy","pp08_fdp",0.8,0
20260831,19,500,15,3000,3000,3000,3000,"fast","control_informative",0.05,5,0.01,"","separate_mirage","pleiotropy","pp08_discoveries",0.8,0
20260831,19,500,15,3000,3000,3000,3000,"fast","control_informative",0.05,5,0.01,"","separate_mirage","trait1","bfdr_observed_fdp",0.01,0
20260831,19,500,15,3000,3000,3000,3000,"fast","control_informative",0.05,5,0.01,"","separate_mirage","trait1","bfdr_estimate",0.01,0.000362418596698888
20260831,19,500,15,3000,3000,3000,3000,"fast","control_informative",0.05,5,0.01,"","separate_mirage","trait1","bfdr_power",0.01,0.08
20260831,19,500,15,3000,3000,3000,3000,"fast","control_informative",0.05,5,0.01,"","separate_mirage","trait1","bfdr_discoveries",0.01,2
20260831,19,500,15,3000,3000,3000,3000,"fast","control_informative",0.05,5,0.01,"","separate_mirage","trait1","bfdr_observed_fdp",0.05,0
20260831,19,500,15,3000,3000,3000,3000,"fast","control_informative",0.05,5,0.01,"","separate_mirage","trait1","bfdr_estimate",0.05,0.0144015903267254
20260831,19,500,15,3000,3000,3000,3000,"fast","control_informative",0.05,5,0.01,"","separate_mirage","trait1","bfdr_power",0.05,0.12
20260831,19,500,15,3000,3000,3000,3000,"fast","control_informative",0.05,5,0.01,"","separate_mirage","trait1","bfdr_discoveries",0.05,3
20260831,19,500,15,3000,3000,3000,3000,"fast","control_informative",0.05,5,0.01,"","separate_mirage","trait1","bfdr_observed_fdp",0.1,0
20260831,19,500,15,3000,3000,3000,3000,"fast","control_informative",0.05,5,0.01,"","separate_mirage","trait1","bfdr_estimate",0.1,0.0144015903267254
20260831,19,500,15,3000,3000,3000,3000,"fast","control_informative",0.05,5,0.01,"","separate_mirage","trait1","bfdr_power",0.1,0.12
20260831,19,500,15,3000,3000,3000,3000,"fast","control_informative",0.05,5,0.01,"","separate_mirage","trait1","bfdr_discoveries",0.1,3
20260831,19,500,15,3000,3000,3000,3000,"fast","control_informative",0.05,5,0.01,"","separate_mirage","trait1","bfdr_observed_fdp",0.2,0
20260831,19,500,15,3000,3000,3000,3000,"fast","control_informative",0.05,5,0.01,"","separate_mirage","trait1","bfdr_estimate",0.2,0.155054833833419
20260831,19,500,15,3000,3000,3000,3000,"fast","control_informative",0.05,5,0.01,"","separate_mirage","trait1","bfdr_power",0.2,0.16
20260831,19,500,15,3000,3000,3000,3000,"fast","control_informative",0.05,5,0.01,"","separate_mirage","trait1","bfdr_discoveries",0.2,4
20260831,19,500,15,3000,3000,3000,3000,"fast","control_informative",0.05,5,0.01,"","separate_mirage","trait2","bfdr_observed_fdp",0.01,0
20260831,19,500,15,3000,3000,3000,3000,"fast","control_informative",0.05,5,0.01,"","separate_mirage","trait2","bfdr_estimate",0.01,0.000232009307596148
20260831,19,500,15,3000,3000,3000,3000,"fast","control_informative",0.05,5,0.01,"","separate_mirage","trait2","bfdr_power",0.01,0.1
20260831,19,500,15,3000,3000,3000,3000,"fast","control_informative",0.05,5,0.01,"","separate_mirage","trait2","bfdr_discoveries",0.01,1
20260831,19,500,15,3000,3000,3000,3000,"fast","control_informative",0.05,5,0.01,"","separate_mirage","trait2","bfdr_observed_fdp",0.05,0
20260831,19,500,15,3000,3000,3000,3000,"fast","control_informative",0.05,5,0.01,"","separate_mirage","trait2","bfdr_estimate",0.05,0.000232009307596148
20260831,19,500,15,3000,3000,3000,3000,"fast","control_informative",0.05,5,0.01,"","separate_mirage","trait2","bfdr_power",0.05,0.1
20260831,19,500,15,3000,3000,3000,3000,"fast","control_informative",0.05,5,0.01,"","separate_mirage","trait2","bfdr_discoveries",0.05,1
20260831,19,500,15,3000,3000,3000,3000,"fast","control_informative",0.05,5,0.01,"","separate_mirage","trait2","bfdr_observed_fdp",0.1,0
20260831,19,500,15,3000,3000,3000,3000,"fast","control_informative",0.05,5,0.01,"","separate_mirage","trait2","bfdr_estimate",0.1,0.000232009307596148
20260831,19,500,15,3000,3000,3000,3000,"fast","control_informative",0.05,5,0.01,"","separate_mirage","trait2","bfdr_power",0.1,0.1
20260831,19,500,15,3000,3000,3000,3000,"fast","control_informative",0.05,5,0.01,"","separate_mirage","trait2","bfdr_discoveries",0.1,1
20260831,19,500,15,3000,3000,3000,3000,"fast","control_informative",0.05,5,0.01,"","separate_mirage","trait2","bfdr_observed_fdp",0.2,0
20260831,19,500,15,3000,3000,3000,3000,"fast","control_informative",0.05,5,0.01,"","separate_mirage","trait2","bfdr_estimate",0.2,0.129298767823434
20260831,19,500,15,3000,3000,3000,3000,"fast","control_informative",0.05,5,0.01,"","separate_mirage","trait2","bfdr_power",0.2,0.2
20260831,19,500,15,3000,3000,3000,3000,"fast","control_informative",0.05,5,0.01,"","separate_mirage","trait2","bfdr_discoveries",0.2,2
20260831,19,500,15,3000,3000,3000,3000,"fast","control_informative",0.05,5,0.01,"","separate_mirage","pleiotropy","bfdr_observed_fdp",0.01,0
20260831,19,500,15,3000,3000,3000,3000,"fast","control_informative",0.05,5,0.01,"","separate_mirage","pleiotropy","bfdr_estimate",0.01,0
20260831,19,500,15,3000,3000,3000,3000,"fast","control_informative",0.05,5,0.01,"","separate_mirage","pleiotropy","bfdr_power",0.01,0
20260831,19,500,15,3000,3000,3000,3000,"fast","control_informative",0.05,5,0.01,"","separate_mirage","pleiotropy","bfdr_discoveries",0.01,0
20260831,19,500,15,3000,3000,3000,3000,"fast","control_informative",0.05,5,0.01,"","separate_mirage","pleiotropy","bfdr_observed_fdp",0.05,0
20260831,19,500,15,3000,3000,3000,3000,"fast","control_informative",0.05,5,0.01,"","separate_mirage","pleiotropy","bfdr_estimate",0.05,0
20260831,19,500,15,3000,3000,3000,3000,"fast","control_informative",0.05,5,0.01,"","separate_mirage","pleiotropy","bfdr_power",0.05,0
20260831,19,500,15,3000,3000,3000,3000,"fast","control_informative",0.05,5,0.01,"","separate_mirage","pleiotropy","bfdr_discoveries",0.05,0
20260831,19,500,15,3000,3000,3000,3000,"fast","control_informative",0.05,5,0.01,"","separate_mirage","pleiotropy","bfdr_observed_fdp",0.1,0
20260831,19,500,15,3000,3000,3000,3000,"fast","control_informative",0.05,5,0.01,"","separate_mirage","pleiotropy","bfdr_estimate",0.1,0
20260831,19,500,15,3000,3000,3000,3000,"fast","control_informative",0.05,5,0.01,"","separate_mirage","pleiotropy","bfdr_power",0.1,0
20260831,19,500,15,3000,3000,3000,3000,"fast","control_informative",0.05,5,0.01,"","separate_mirage","pleiotropy","bfdr_discoveries",0.1,0
20260831,19,500,15,3000,3000,3000,3000,"fast","control_informative",0.05,5,0.01,"","separate_mirage","pleiotropy","bfdr_observed_fdp",0.2,0
20260831,19,500,15,3000,3000,3000,3000,"fast","control_informative",0.05,5,0.01,"","separate_mirage","pleiotropy","bfdr_estimate",0.2,0
20260831,19,500,15,3000,3000,3000,3000,"fast","control_informative",0.05,5,0.01,"","separate_mirage","pleiotropy","bfdr_power",0.2,0
20260831,19,500,15,3000,3000,3000,3000,"fast","control_informative",0.05,5,0.01,"","separate_mirage","pleiotropy","bfdr_discoveries",0.2,0
20260831,19,500,15,3000,3000,3000,3000,"fast","control_informative",0.05,5,0.01,"","separate_mirage","global","runtime_seconds",NA,18.014
20260831,19,500,15,3000,3000,3000,3000,"fast","control_informative",0.05,5,0.01,"","separate_mirage","pleiotropy","pi11_estimate",NA,0.001
20260831,19,500,15,3000,3000,3000,3000,"fast","control_informative",0.05,5,0.01,"","mtada_aggregated","trait1","auc",NA,0.64661052631579
20260831,19,500,15,3000,3000,3000,3000,"fast","control_informative",0.05,5,0.01,"","mtada_aggregated","trait2","auc",NA,0.605510204081633
20260831,19,500,15,3000,3000,3000,3000,"fast","control_informative",0.05,5,0.01,"","mtada_aggregated","pleiotropy","auc",NA,0.592727272727273
20260831,19,500,15,3000,3000,3000,3000,"fast","control_informative",0.05,5,0.01,"","mtada_aggregated","trait1","pp08_power",0.8,0.36
20260831,19,500,15,3000,3000,3000,3000,"fast","control_informative",0.05,5,0.01,"","mtada_aggregated","trait1","pp08_fdp",0.8,0.823529411764706
20260831,19,500,15,3000,3000,3000,3000,"fast","control_informative",0.05,5,0.01,"","mtada_aggregated","trait1","pp08_discoveries",0.8,51
20260831,19,500,15,3000,3000,3000,3000,"fast","control_informative",0.05,5,0.01,"","mtada_aggregated","trait2","pp08_power",0.8,0.2
20260831,19,500,15,3000,3000,3000,3000,"fast","control_informative",0.05,5,0.01,"","mtada_aggregated","trait2","pp08_fdp",0.8,0.931034482758621
20260831,19,500,15,3000,3000,3000,3000,"fast","control_informative",0.05,5,0.01,"","mtada_aggregated","trait2","pp08_discoveries",0.8,29
20260831,19,500,15,3000,3000,3000,3000,"fast","control_informative",0.05,5,0.01,"","mtada_aggregated","pleiotropy","pp08_power",0.8,0
20260831,19,500,15,3000,3000,3000,3000,"fast","control_informative",0.05,5,0.01,"","mtada_aggregated","pleiotropy","pp08_fdp",0.8,1
20260831,19,500,15,3000,3000,3000,3000,"fast","control_informative",0.05,5,0.01,"","mtada_aggregated","pleiotropy","pp08_discoveries",0.8,1
20260831,19,500,15,3000,3000,3000,3000,"fast","control_informative",0.05,5,0.01,"","mtada_aggregated","trait1","bfdr_observed_fdp",0.01,0.840909090909091
20260831,19,500,15,3000,3000,3000,3000,"fast","control_informative",0.05,5,0.01,"","mtada_aggregated","trait1","bfdr_estimate",0.01,0.00942605464528749
20260831,19,500,15,3000,3000,3000,3000,"fast","control_informative",0.05,5,0.01,"","mtada_aggregated","trait1","bfdr_power",0.01,0.28
20260831,19,500,15,3000,3000,3000,3000,"fast","control_informative",0.05,5,0.01,"","mtada_aggregated","trait1","bfdr_discoveries",0.01,44
20260831,19,500,15,3000,3000,3000,3000,"fast","control_informative",0.05,5,0.01,"","mtada_aggregated","trait1","bfdr_observed_fdp",0.05,0.839285714285714
20260831,19,500,15,3000,3000,3000,3000,"fast","control_informative",0.05,5,0.01,"","mtada_aggregated","trait1","bfdr_estimate",0.05,0.0494144509051295
20260831,19,500,15,3000,3000,3000,3000,"fast","control_informative",0.05,5,0.01,"","mtada_aggregated","trait1","bfdr_power",0.05,0.36
20260831,19,500,15,3000,3000,3000,3000,"fast","control_informative",0.05,5,0.01,"","mtada_aggregated","trait1","bfdr_discoveries",0.05,56
20260831,19,500,15,3000,3000,3000,3000,"fast","control_informative",0.05,5,0.01,"","mtada_aggregated","trait1","bfdr_observed_fdp",0.1,0.838709677419355
20260831,19,500,15,3000,3000,3000,3000,"fast","control_informative",0.05,5,0.01,"","mtada_aggregated","trait1","bfdr_estimate",0.1,0.0970737582024677
20260831,19,500,15,3000,3000,3000,3000,"fast","control_informative",0.05,5,0.01,"","mtada_aggregated","trait1","bfdr_power",0.1,0.4
20260831,19,500,15,3000,3000,3000,3000,"fast","control_informative",0.05,5,0.01,"","mtada_aggregated","trait1","bfdr_discoveries",0.1,62
20260831,19,500,15,3000,3000,3000,3000,"fast","control_informative",0.05,5,0.01,"","mtada_aggregated","trait1","bfdr_observed_fdp",0.2,0.863013698630137
20260831,19,500,15,3000,3000,3000,3000,"fast","control_informative",0.05,5,0.01,"","mtada_aggregated","trait1","bfdr_estimate",0.2,0.194479581072958
20260831,19,500,15,3000,3000,3000,3000,"fast","control_informative",0.05,5,0.01,"","mtada_aggregated","trait1","bfdr_power",0.2,0.4
20260831,19,500,15,3000,3000,3000,3000,"fast","control_informative",0.05,5,0.01,"","mtada_aggregated","trait1","bfdr_discoveries",0.2,73
20260831,19,500,15,3000,3000,3000,3000,"fast","control_informative",0.05,5,0.01,"","mtada_aggregated","trait2","bfdr_observed_fdp",0.01,0.909090909090909
20260831,19,500,15,3000,3000,3000,3000,"fast","control_informative",0.05,5,0.01,"","mtada_aggregated","trait2","bfdr_estimate",0.01,0.00754731808584544
20260831,19,500,15,3000,3000,3000,3000,"fast","control_informative",0.05,5,0.01,"","mtada_aggregated","trait2","bfdr_power",0.01,0.2
20260831,19,500,15,3000,3000,3000,3000,"fast","control_informative",0.05,5,0.01,"","mtada_aggregated","trait2","bfdr_discoveries",0.01,22
20260831,19,500,15,3000,3000,3000,3000,"fast","control_informative",0.05,5,0.01,"","mtada_aggregated","trait2","bfdr_observed_fdp",0.05,0.933333333333333
20260831,19,500,15,3000,3000,3000,3000,"fast","control_informative",0.05,5,0.01,"","mtada_aggregated","trait2","bfdr_estimate",0.05,0.0499007226190196
20260831,19,500,15,3000,3000,3000,3000,"fast","control_informative",0.05,5,0.01,"","mtada_aggregated","trait2","bfdr_power",0.05,0.2
20260831,19,500,15,3000,3000,3000,3000,"fast","control_informative",0.05,5,0.01,"","mtada_aggregated","trait2","bfdr_discoveries",0.05,30
20260831,19,500,15,3000,3000,3000,3000,"fast","control_informative",0.05,5,0.01,"","mtada_aggregated","trait2","bfdr_observed_fdp",0.1,0.891891891891892
20260831,19,500,15,3000,3000,3000,3000,"fast","control_informative",0.05,5,0.01,"","mtada_aggregated","trait2","bfdr_estimate",0.1,0.0963642754232855
20260831,19,500,15,3000,3000,3000,3000,"fast","control_informative",0.05,5,0.01,"","mtada_aggregated","trait2","bfdr_power",0.1,0.4
20260831,19,500,15,3000,3000,3000,3000,"fast","control_informative",0.05,5,0.01,"","mtada_aggregated","trait2","bfdr_discoveries",0.1,37
20260831,19,500,15,3000,3000,3000,3000,"fast","control_informative",0.05,5,0.01,"","mtada_aggregated","trait2","bfdr_observed_fdp",0.2,0.916666666666667
20260831,19,500,15,3000,3000,3000,3000,"fast","control_informative",0.05,5,0.01,"","mtada_aggregated","trait2","bfdr_estimate",0.2,0.197452568810222
20260831,19,500,15,3000,3000,3000,3000,"fast","control_informative",0.05,5,0.01,"","mtada_aggregated","trait2","bfdr_power",0.2,0.4
20260831,19,500,15,3000,3000,3000,3000,"fast","control_informative",0.05,5,0.01,"","mtada_aggregated","trait2","bfdr_discoveries",0.2,48
20260831,19,500,15,3000,3000,3000,3000,"fast","control_informative",0.05,5,0.01,"","mtada_aggregated","pleiotropy","bfdr_observed_fdp",0.01,0
20260831,19,500,15,3000,3000,3000,3000,"fast","control_informative",0.05,5,0.01,"","mtada_aggregated","pleiotropy","bfdr_estimate",0.01,0
20260831,19,500,15,3000,3000,3000,3000,"fast","control_informative",0.05,5,0.01,"","mtada_aggregated","pleiotropy","bfdr_power",0.01,0
20260831,19,500,15,3000,3000,3000,3000,"fast","control_informative",0.05,5,0.01,"","mtada_aggregated","pleiotropy","bfdr_discoveries",0.01,0
20260831,19,500,15,3000,3000,3000,3000,"fast","control_informative",0.05,5,0.01,"","mtada_aggregated","pleiotropy","bfdr_observed_fdp",0.05,0
20260831,19,500,15,3000,3000,3000,3000,"fast","control_informative",0.05,5,0.01,"","mtada_aggregated","pleiotropy","bfdr_estimate",0.05,0
20260831,19,500,15,3000,3000,3000,3000,"fast","control_informative",0.05,5,0.01,"","mtada_aggregated","pleiotropy","bfdr_power",0.05,0
20260831,19,500,15,3000,3000,3000,3000,"fast","control_informative",0.05,5,0.01,"","mtada_aggregated","pleiotropy","bfdr_discoveries",0.05,0
20260831,19,500,15,3000,3000,3000,3000,"fast","control_informative",0.05,5,0.01,"","mtada_aggregated","pleiotropy","bfdr_observed_fdp",0.1,0
20260831,19,500,15,3000,3000,3000,3000,"fast","control_informative",0.05,5,0.01,"","mtada_aggregated","pleiotropy","bfdr_estimate",0.1,0
20260831,19,500,15,3000,3000,3000,3000,"fast","control_informative",0.05,5,0.01,"","mtada_aggregated","pleiotropy","bfdr_power",0.1,0
20260831,19,500,15,3000,3000,3000,3000,"fast","control_informative",0.05,5,0.01,"","mtada_aggregated","pleiotropy","bfdr_discoveries",0.1,0
20260831,19,500,15,3000,3000,3000,3000,"fast","control_informative",0.05,5,0.01,"","mtada_aggregated","pleiotropy","bfdr_observed_fdp",0.2,1
20260831,19,500,15,3000,3000,3000,3000,"fast","control_informative",0.05,5,0.01,"","mtada_aggregated","pleiotropy","bfdr_estimate",0.2,0.147165157738324
20260831,19,500,15,3000,3000,3000,3000,"fast","control_informative",0.05,5,0.01,"","mtada_aggregated","pleiotropy","bfdr_power",0.2,0
20260831,19,500,15,3000,3000,3000,3000,"fast","control_informative",0.05,5,0.01,"","mtada_aggregated","pleiotropy","bfdr_discoveries",0.2,1
20260831,19,500,15,3000,3000,3000,3000,"fast","control_informative",0.05,5,0.01,"","mtada_aggregated","global","runtime_seconds",NA,0.740999999999985
20260831,19,500,15,3000,3000,3000,3000,"fast","control_informative",0.05,5,0.01,"","mtada_aggregated","pleiotropy","pi11_estimate",NA,0.00154648
20260832,20,500,15,3000,3000,3000,3000,"fast","control_informative",0.05,5,0.01,"","mirage_joint","trait1","auc",NA,0.692631578947368
20260832,20,500,15,3000,3000,3000,3000,"fast","control_informative",0.05,5,0.01,"","mirage_joint","trait2","auc",NA,0.669387755102041
20260832,20,500,15,3000,3000,3000,3000,"fast","control_informative",0.05,5,0.01,"","mirage_joint","pleiotropy","auc",NA,0.795151515151515
20260832,20,500,15,3000,3000,3000,3000,"fast","control_informative",0.05,5,0.01,"","mirage_joint","trait1","pp08_power",0.8,0.24
20260832,20,500,15,3000,3000,3000,3000,"fast","control_informative",0.05,5,0.01,"","mirage_joint","trait1","pp08_fdp",0.8,0.142857142857143
20260832,20,500,15,3000,3000,3000,3000,"fast","control_informative",0.05,5,0.01,"","mirage_joint","trait1","pp08_discoveries",0.8,7
20260832,20,500,15,3000,3000,3000,3000,"fast","control_informative",0.05,5,0.01,"","mirage_joint","trait2","pp08_power",0.8,0
20260832,20,500,15,3000,3000,3000,3000,"fast","control_informative",0.05,5,0.01,"","mirage_joint","trait2","pp08_fdp",0.8,0
20260832,20,500,15,3000,3000,3000,3000,"fast","control_informative",0.05,5,0.01,"","mirage_joint","trait2","pp08_discoveries",0.8,0
20260832,20,500,15,3000,3000,3000,3000,"fast","control_informative",0.05,5,0.01,"","mirage_joint","pleiotropy","pp08_power",0.8,0
20260832,20,500,15,3000,3000,3000,3000,"fast","control_informative",0.05,5,0.01,"","mirage_joint","pleiotropy","pp08_fdp",0.8,0
20260832,20,500,15,3000,3000,3000,3000,"fast","control_informative",0.05,5,0.01,"","mirage_joint","pleiotropy","pp08_discoveries",0.8,0
20260832,20,500,15,3000,3000,3000,3000,"fast","control_informative",0.05,5,0.01,"","mirage_joint","trait1","bfdr_observed_fdp",0.01,0
20260832,20,500,15,3000,3000,3000,3000,"fast","control_informative",0.05,5,0.01,"","mirage_joint","trait1","bfdr_estimate",0.01,0.000737890101627614
20260832,20,500,15,3000,3000,3000,3000,"fast","control_informative",0.05,5,0.01,"","mirage_joint","trait1","bfdr_power",0.01,0.12
20260832,20,500,15,3000,3000,3000,3000,"fast","control_informative",0.05,5,0.01,"","mirage_joint","trait1","bfdr_discoveries",0.01,3
20260832,20,500,15,3000,3000,3000,3000,"fast","control_informative",0.05,5,0.01,"","mirage_joint","trait1","bfdr_observed_fdp",0.05,0
20260832,20,500,15,3000,3000,3000,3000,"fast","control_informative",0.05,5,0.01,"","mirage_joint","trait1","bfdr_estimate",0.05,0.0453149968126445
20260832,20,500,15,3000,3000,3000,3000,"fast","control_informative",0.05,5,0.01,"","mirage_joint","trait1","bfdr_power",0.05,0.2
20260832,20,500,15,3000,3000,3000,3000,"fast","control_informative",0.05,5,0.01,"","mirage_joint","trait1","bfdr_discoveries",0.05,5
20260832,20,500,15,3000,3000,3000,3000,"fast","control_informative",0.05,5,0.01,"","mirage_joint","trait1","bfdr_observed_fdp",0.1,0.25
20260832,20,500,15,3000,3000,3000,3000,"fast","control_informative",0.05,5,0.01,"","mirage_joint","trait1","bfdr_estimate",0.1,0.0961840118758379
20260832,20,500,15,3000,3000,3000,3000,"fast","control_informative",0.05,5,0.01,"","mirage_joint","trait1","bfdr_power",0.1,0.24
20260832,20,500,15,3000,3000,3000,3000,"fast","control_informative",0.05,5,0.01,"","mirage_joint","trait1","bfdr_discoveries",0.1,8
20260832,20,500,15,3000,3000,3000,3000,"fast","control_informative",0.05,5,0.01,"","mirage_joint","trait1","bfdr_observed_fdp",0.2,0.454545454545455
20260832,20,500,15,3000,3000,3000,3000,"fast","control_informative",0.05,5,0.01,"","mirage_joint","trait1","bfdr_estimate",0.2,0.183140321618011
20260832,20,500,15,3000,3000,3000,3000,"fast","control_informative",0.05,5,0.01,"","mirage_joint","trait1","bfdr_power",0.2,0.24
20260832,20,500,15,3000,3000,3000,3000,"fast","control_informative",0.05,5,0.01,"","mirage_joint","trait1","bfdr_discoveries",0.2,11
20260832,20,500,15,3000,3000,3000,3000,"fast","control_informative",0.05,5,0.01,"","mirage_joint","trait2","bfdr_observed_fdp",0.01,0
20260832,20,500,15,3000,3000,3000,3000,"fast","control_informative",0.05,5,0.01,"","mirage_joint","trait2","bfdr_estimate",0.01,0
20260832,20,500,15,3000,3000,3000,3000,"fast","control_informative",0.05,5,0.01,"","mirage_joint","trait2","bfdr_power",0.01,0
20260832,20,500,15,3000,3000,3000,3000,"fast","control_informative",0.05,5,0.01,"","mirage_joint","trait2","bfdr_discoveries",0.01,0
20260832,20,500,15,3000,3000,3000,3000,"fast","control_informative",0.05,5,0.01,"","mirage_joint","trait2","bfdr_observed_fdp",0.05,0
20260832,20,500,15,3000,3000,3000,3000,"fast","control_informative",0.05,5,0.01,"","mirage_joint","trait2","bfdr_estimate",0.05,0
20260832,20,500,15,3000,3000,3000,3000,"fast","control_informative",0.05,5,0.01,"","mirage_joint","trait2","bfdr_power",0.05,0
20260832,20,500,15,3000,3000,3000,3000,"fast","control_informative",0.05,5,0.01,"","mirage_joint","trait2","bfdr_discoveries",0.05,0
20260832,20,500,15,3000,3000,3000,3000,"fast","control_informative",0.05,5,0.01,"","mirage_joint","trait2","bfdr_observed_fdp",0.1,0
20260832,20,500,15,3000,3000,3000,3000,"fast","control_informative",0.05,5,0.01,"","mirage_joint","trait2","bfdr_estimate",0.1,0
20260832,20,500,15,3000,3000,3000,3000,"fast","control_informative",0.05,5,0.01,"","mirage_joint","trait2","bfdr_power",0.1,0
20260832,20,500,15,3000,3000,3000,3000,"fast","control_informative",0.05,5,0.01,"","mirage_joint","trait2","bfdr_discoveries",0.1,0
20260832,20,500,15,3000,3000,3000,3000,"fast","control_informative",0.05,5,0.01,"","mirage_joint","trait2","bfdr_observed_fdp",0.2,0
20260832,20,500,15,3000,3000,3000,3000,"fast","control_informative",0.05,5,0.01,"","mirage_joint","trait2","bfdr_estimate",0.2,0
20260832,20,500,15,3000,3000,3000,3000,"fast","control_informative",0.05,5,0.01,"","mirage_joint","trait2","bfdr_power",0.2,0
20260832,20,500,15,3000,3000,3000,3000,"fast","control_informative",0.05,5,0.01,"","mirage_joint","trait2","bfdr_discoveries",0.2,0
20260832,20,500,15,3000,3000,3000,3000,"fast","control_informative",0.05,5,0.01,"","mirage_joint","pleiotropy","bfdr_observed_fdp",0.01,0
20260832,20,500,15,3000,3000,3000,3000,"fast","control_informative",0.05,5,0.01,"","mirage_joint","pleiotropy","bfdr_estimate",0.01,0
20260832,20,500,15,3000,3000,3000,3000,"fast","control_informative",0.05,5,0.01,"","mirage_joint","pleiotropy","bfdr_power",0.01,0
20260832,20,500,15,3000,3000,3000,3000,"fast","control_informative",0.05,5,0.01,"","mirage_joint","pleiotropy","bfdr_discoveries",0.01,0
20260832,20,500,15,3000,3000,3000,3000,"fast","control_informative",0.05,5,0.01,"","mirage_joint","pleiotropy","bfdr_observed_fdp",0.05,0
20260832,20,500,15,3000,3000,3000,3000,"fast","control_informative",0.05,5,0.01,"","mirage_joint","pleiotropy","bfdr_estimate",0.05,0
20260832,20,500,15,3000,3000,3000,3000,"fast","control_informative",0.05,5,0.01,"","mirage_joint","pleiotropy","bfdr_power",0.05,0
20260832,20,500,15,3000,3000,3000,3000,"fast","control_informative",0.05,5,0.01,"","mirage_joint","pleiotropy","bfdr_discoveries",0.05,0
20260832,20,500,15,3000,3000,3000,3000,"fast","control_informative",0.05,5,0.01,"","mirage_joint","pleiotropy","bfdr_observed_fdp",0.1,0
20260832,20,500,15,3000,3000,3000,3000,"fast","control_informative",0.05,5,0.01,"","mirage_joint","pleiotropy","bfdr_estimate",0.1,0
20260832,20,500,15,3000,3000,3000,3000,"fast","control_informative",0.05,5,0.01,"","mirage_joint","pleiotropy","bfdr_power",0.1,0
20260832,20,500,15,3000,3000,3000,3000,"fast","control_informative",0.05,5,0.01,"","mirage_joint","pleiotropy","bfdr_discoveries",0.1,0
20260832,20,500,15,3000,3000,3000,3000,"fast","control_informative",0.05,5,0.01,"","mirage_joint","pleiotropy","bfdr_observed_fdp",0.2,0
20260832,20,500,15,3000,3000,3000,3000,"fast","control_informative",0.05,5,0.01,"","mirage_joint","pleiotropy","bfdr_estimate",0.2,0
20260832,20,500,15,3000,3000,3000,3000,"fast","control_informative",0.05,5,0.01,"","mirage_joint","pleiotropy","bfdr_power",0.2,0
20260832,20,500,15,3000,3000,3000,3000,"fast","control_informative",0.05,5,0.01,"","mirage_joint","pleiotropy","bfdr_discoveries",0.2,0
20260832,20,500,15,3000,3000,3000,3000,"fast","control_informative",0.05,5,0.01,"","mirage_joint","global","runtime_seconds",NA,17.988
20260832,20,500,15,3000,3000,3000,3000,"fast","control_informative",0.05,5,0.01,"","mirage_joint","pleiotropy","pi11_estimate",NA,0.0143306922882713
20260832,20,500,15,3000,3000,3000,3000,"fast","control_informative",0.05,5,0.01,"","separate_mirage","trait1","auc",NA,0.678821052631579
20260832,20,500,15,3000,3000,3000,3000,"fast","control_informative",0.05,5,0.01,"","separate_mirage","trait2","auc",NA,0.645714285714286
20260832,20,500,15,3000,3000,3000,3000,"fast","control_informative",0.05,5,0.01,"","separate_mirage","pleiotropy","auc",NA,0.768888888888889
20260832,20,500,15,3000,3000,3000,3000,"fast","control_informative",0.05,5,0.01,"","separate_mirage","trait1","pp08_power",0.8,0.2
20260832,20,500,15,3000,3000,3000,3000,"fast","control_informative",0.05,5,0.01,"","separate_mirage","trait1","pp08_fdp",0.8,0
20260832,20,500,15,3000,3000,3000,3000,"fast","control_informative",0.05,5,0.01,"","separate_mirage","trait1","pp08_discoveries",0.8,5
20260832,20,500,15,3000,3000,3000,3000,"fast","control_informative",0.05,5,0.01,"","separate_mirage","trait2","pp08_power",0.8,0
20260832,20,500,15,3000,3000,3000,3000,"fast","control_informative",0.05,5,0.01,"","separate_mirage","trait2","pp08_fdp",0.8,0
20260832,20,500,15,3000,3000,3000,3000,"fast","control_informative",0.05,5,0.01,"","separate_mirage","trait2","pp08_discoveries",0.8,0
20260832,20,500,15,3000,3000,3000,3000,"fast","control_informative",0.05,5,0.01,"","separate_mirage","pleiotropy","pp08_power",0.8,0
20260832,20,500,15,3000,3000,3000,3000,"fast","control_informative",0.05,5,0.01,"","separate_mirage","pleiotropy","pp08_fdp",0.8,0
20260832,20,500,15,3000,3000,3000,3000,"fast","control_informative",0.05,5,0.01,"","separate_mirage","pleiotropy","pp08_discoveries",0.8,0
20260832,20,500,15,3000,3000,3000,3000,"fast","control_informative",0.05,5,0.01,"","separate_mirage","trait1","bfdr_observed_fdp",0.01,0
20260832,20,500,15,3000,3000,3000,3000,"fast","control_informative",0.05,5,0.01,"","separate_mirage","trait1","bfdr_estimate",0.01,0.0043314590763666
20260832,20,500,15,3000,3000,3000,3000,"fast","control_informative",0.05,5,0.01,"","separate_mirage","trait1","bfdr_power",0.01,0.12
20260832,20,500,15,3000,3000,3000,3000,"fast","control_informative",0.05,5,0.01,"","separate_mirage","trait1","bfdr_discoveries",0.01,3
20260832,20,500,15,3000,3000,3000,3000,"fast","control_informative",0.05,5,0.01,"","separate_mirage","trait1","bfdr_observed_fdp",0.05,0
20260832,20,500,15,3000,3000,3000,3000,"fast","control_informative",0.05,5,0.01,"","separate_mirage","trait1","bfdr_estimate",0.05,0.0373786051247431
20260832,20,500,15,3000,3000,3000,3000,"fast","control_informative",0.05,5,0.01,"","separate_mirage","trait1","bfdr_power",0.05,0.16
20260832,20,500,15,3000,3000,3000,3000,"fast","control_informative",0.05,5,0.01,"","separate_mirage","trait1","bfdr_discoveries",0.05,4
20260832,20,500,15,3000,3000,3000,3000,"fast","control_informative",0.05,5,0.01,"","separate_mirage","trait1","bfdr_observed_fdp",0.1,0
20260832,20,500,15,3000,3000,3000,3000,"fast","control_informative",0.05,5,0.01,"","separate_mirage","trait1","bfdr_estimate",0.1,0.0852119181965224
20260832,20,500,15,3000,3000,3000,3000,"fast","control_informative",0.05,5,0.01,"","separate_mirage","trait1","bfdr_power",0.1,0.24
20260832,20,500,15,3000,3000,3000,3000,"fast","control_informative",0.05,5,0.01,"","separate_mirage","trait1","bfdr_discoveries",0.1,6
20260832,20,500,15,3000,3000,3000,3000,"fast","control_informative",0.05,5,0.01,"","separate_mirage","trait1","bfdr_observed_fdp",0.2,0.333333333333333
20260832,20,500,15,3000,3000,3000,3000,"fast","control_informative",0.05,5,0.01,"","separate_mirage","trait1","bfdr_estimate",0.2,0.186656396322317
20260832,20,500,15,3000,3000,3000,3000,"fast","control_informative",0.05,5,0.01,"","separate_mirage","trait1","bfdr_power",0.2,0.24
20260832,20,500,15,3000,3000,3000,3000,"fast","control_informative",0.05,5,0.01,"","separate_mirage","trait1","bfdr_discoveries",0.2,9
20260832,20,500,15,3000,3000,3000,3000,"fast","control_informative",0.05,5,0.01,"","separate_mirage","trait2","bfdr_observed_fdp",0.01,0
20260832,20,500,15,3000,3000,3000,3000,"fast","control_informative",0.05,5,0.01,"","separate_mirage","trait2","bfdr_estimate",0.01,0
20260832,20,500,15,3000,3000,3000,3000,"fast","control_informative",0.05,5,0.01,"","separate_mirage","trait2","bfdr_power",0.01,0
20260832,20,500,15,3000,3000,3000,3000,"fast","control_informative",0.05,5,0.01,"","separate_mirage","trait2","bfdr_discoveries",0.01,0
20260832,20,500,15,3000,3000,3000,3000,"fast","control_informative",0.05,5,0.01,"","separate_mirage","trait2","bfdr_observed_fdp",0.05,0
20260832,20,500,15,3000,3000,3000,3000,"fast","control_informative",0.05,5,0.01,"","separate_mirage","trait2","bfdr_estimate",0.05,0
20260832,20,500,15,3000,3000,3000,3000,"fast","control_informative",0.05,5,0.01,"","separate_mirage","trait2","bfdr_power",0.05,0
20260832,20,500,15,3000,3000,3000,3000,"fast","control_informative",0.05,5,0.01,"","separate_mirage","trait2","bfdr_discoveries",0.05,0
20260832,20,500,15,3000,3000,3000,3000,"fast","control_informative",0.05,5,0.01,"","separate_mirage","trait2","bfdr_observed_fdp",0.1,0
20260832,20,500,15,3000,3000,3000,3000,"fast","control_informative",0.05,5,0.01,"","separate_mirage","trait2","bfdr_estimate",0.1,0
20260832,20,500,15,3000,3000,3000,3000,"fast","control_informative",0.05,5,0.01,"","separate_mirage","trait2","bfdr_power",0.1,0
20260832,20,500,15,3000,3000,3000,3000,"fast","control_informative",0.05,5,0.01,"","separate_mirage","trait2","bfdr_discoveries",0.1,0
20260832,20,500,15,3000,3000,3000,3000,"fast","control_informative",0.05,5,0.01,"","separate_mirage","trait2","bfdr_observed_fdp",0.2,0
20260832,20,500,15,3000,3000,3000,3000,"fast","control_informative",0.05,5,0.01,"","separate_mirage","trait2","bfdr_estimate",0.2,0
20260832,20,500,15,3000,3000,3000,3000,"fast","control_informative",0.05,5,0.01,"","separate_mirage","trait2","bfdr_power",0.2,0
20260832,20,500,15,3000,3000,3000,3000,"fast","control_informative",0.05,5,0.01,"","separate_mirage","trait2","bfdr_discoveries",0.2,0
20260832,20,500,15,3000,3000,3000,3000,"fast","control_informative",0.05,5,0.01,"","separate_mirage","pleiotropy","bfdr_observed_fdp",0.01,0
20260832,20,500,15,3000,3000,3000,3000,"fast","control_informative",0.05,5,0.01,"","separate_mirage","pleiotropy","bfdr_estimate",0.01,0
20260832,20,500,15,3000,3000,3000,3000,"fast","control_informative",0.05,5,0.01,"","separate_mirage","pleiotropy","bfdr_power",0.01,0
20260832,20,500,15,3000,3000,3000,3000,"fast","control_informative",0.05,5,0.01,"","separate_mirage","pleiotropy","bfdr_discoveries",0.01,0
20260832,20,500,15,3000,3000,3000,3000,"fast","control_informative",0.05,5,0.01,"","separate_mirage","pleiotropy","bfdr_observed_fdp",0.05,0
20260832,20,500,15,3000,3000,3000,3000,"fast","control_informative",0.05,5,0.01,"","separate_mirage","pleiotropy","bfdr_estimate",0.05,0
20260832,20,500,15,3000,3000,3000,3000,"fast","control_informative",0.05,5,0.01,"","separate_mirage","pleiotropy","bfdr_power",0.05,0
20260832,20,500,15,3000,3000,3000,3000,"fast","control_informative",0.05,5,0.01,"","separate_mirage","pleiotropy","bfdr_discoveries",0.05,0
20260832,20,500,15,3000,3000,3000,3000,"fast","control_informative",0.05,5,0.01,"","separate_mirage","pleiotropy","bfdr_observed_fdp",0.1,0
20260832,20,500,15,3000,3000,3000,3000,"fast","control_informative",0.05,5,0.01,"","separate_mirage","pleiotropy","bfdr_estimate",0.1,0
20260832,20,500,15,3000,3000,3000,3000,"fast","control_informative",0.05,5,0.01,"","separate_mirage","pleiotropy","bfdr_power",0.1,0
20260832,20,500,15,3000,3000,3000,3000,"fast","control_informative",0.05,5,0.01,"","separate_mirage","pleiotropy","bfdr_discoveries",0.1,0
20260832,20,500,15,3000,3000,3000,3000,"fast","control_informative",0.05,5,0.01,"","separate_mirage","pleiotropy","bfdr_observed_fdp",0.2,0
20260832,20,500,15,3000,3000,3000,3000,"fast","control_informative",0.05,5,0.01,"","separate_mirage","pleiotropy","bfdr_estimate",0.2,0
20260832,20,500,15,3000,3000,3000,3000,"fast","control_informative",0.05,5,0.01,"","separate_mirage","pleiotropy","bfdr_power",0.2,0
20260832,20,500,15,3000,3000,3000,3000,"fast","control_informative",0.05,5,0.01,"","separate_mirage","pleiotropy","bfdr_discoveries",0.2,0
20260832,20,500,15,3000,3000,3000,3000,"fast","control_informative",0.05,5,0.01,"","separate_mirage","global","runtime_seconds",NA,17.978
20260832,20,500,15,3000,3000,3000,3000,"fast","control_informative",0.05,5,0.01,"","separate_mirage","pleiotropy","pi11_estimate",NA,0.001
20260832,20,500,15,3000,3000,3000,3000,"fast","control_informative",0.05,5,0.01,"","mtada_aggregated","trait1","auc",NA,0.702063157894737
20260832,20,500,15,3000,3000,3000,3000,"fast","control_informative",0.05,5,0.01,"","mtada_aggregated","trait2","auc",NA,0.611632653061224
20260832,20,500,15,3000,3000,3000,3000,"fast","control_informative",0.05,5,0.01,"","mtada_aggregated","pleiotropy","auc",NA,0.687272727272727
20260832,20,500,15,3000,3000,3000,3000,"fast","control_informative",0.05,5,0.01,"","mtada_aggregated","trait1","pp08_power",0.8,0.32
20260832,20,500,15,3000,3000,3000,3000,"fast","control_informative",0.05,5,0.01,"","mtada_aggregated","trait1","pp08_fdp",0.8,0.836734693877551
20260832,20,500,15,3000,3000,3000,3000,"fast","control_informative",0.05,5,0.01,"","mtada_aggregated","trait1","pp08_discoveries",0.8,49
20260832,20,500,15,3000,3000,3000,3000,"fast","control_informative",0.05,5,0.01,"","mtada_aggregated","trait2","pp08_power",0.8,0.1
20260832,20,500,15,3000,3000,3000,3000,"fast","control_informative",0.05,5,0.01,"","mtada_aggregated","trait2","pp08_fdp",0.8,0.96875
20260832,20,500,15,3000,3000,3000,3000,"fast","control_informative",0.05,5,0.01,"","mtada_aggregated","trait2","pp08_discoveries",0.8,32
20260832,20,500,15,3000,3000,3000,3000,"fast","control_informative",0.05,5,0.01,"","mtada_aggregated","pleiotropy","pp08_power",0.8,0
20260832,20,500,15,3000,3000,3000,3000,"fast","control_informative",0.05,5,0.01,"","mtada_aggregated","pleiotropy","pp08_fdp",0.8,1
20260832,20,500,15,3000,3000,3000,3000,"fast","control_informative",0.05,5,0.01,"","mtada_aggregated","pleiotropy","pp08_discoveries",0.8,2
20260832,20,500,15,3000,3000,3000,3000,"fast","control_informative",0.05,5,0.01,"","mtada_aggregated","trait1","bfdr_observed_fdp",0.01,0.844444444444444
20260832,20,500,15,3000,3000,3000,3000,"fast","control_informative",0.05,5,0.01,"","mtada_aggregated","trait1","bfdr_estimate",0.01,0.00910697734183994
20260832,20,500,15,3000,3000,3000,3000,"fast","control_informative",0.05,5,0.01,"","mtada_aggregated","trait1","bfdr_power",0.01,0.28
20260832,20,500,15,3000,3000,3000,3000,"fast","control_informative",0.05,5,0.01,"","mtada_aggregated","trait1","bfdr_discoveries",0.01,45
20260832,20,500,15,3000,3000,3000,3000,"fast","control_informative",0.05,5,0.01,"","mtada_aggregated","trait1","bfdr_observed_fdp",0.05,0.854545454545454
20260832,20,500,15,3000,3000,3000,3000,"fast","control_informative",0.05,5,0.01,"","mtada_aggregated","trait1","bfdr_estimate",0.05,0.0472142829497403
20260832,20,500,15,3000,3000,3000,3000,"fast","control_informative",0.05,5,0.01,"","mtada_aggregated","trait1","bfdr_power",0.05,0.32
20260832,20,500,15,3000,3000,3000,3000,"fast","control_informative",0.05,5,0.01,"","mtada_aggregated","trait1","bfdr_discoveries",0.05,55
20260832,20,500,15,3000,3000,3000,3000,"fast","control_informative",0.05,5,0.01,"","mtada_aggregated","trait1","bfdr_observed_fdp",0.1,0.857142857142857
20260832,20,500,15,3000,3000,3000,3000,"fast","control_informative",0.05,5,0.01,"","mtada_aggregated","trait1","bfdr_estimate",0.1,0.0991496155290349
20260832,20,500,15,3000,3000,3000,3000,"fast","control_informative",0.05,5,0.01,"","mtada_aggregated","trait1","bfdr_power",0.1,0.36
20260832,20,500,15,3000,3000,3000,3000,"fast","control_informative",0.05,5,0.01,"","mtada_aggregated","trait1","bfdr_discoveries",0.1,63
20260832,20,500,15,3000,3000,3000,3000,"fast","control_informative",0.05,5,0.01,"","mtada_aggregated","trait1","bfdr_observed_fdp",0.2,0.842105263157895
20260832,20,500,15,3000,3000,3000,3000,"fast","control_informative",0.05,5,0.01,"","mtada_aggregated","trait1","bfdr_estimate",0.2,0.195182876946403
20260832,20,500,15,3000,3000,3000,3000,"fast","control_informative",0.05,5,0.01,"","mtada_aggregated","trait1","bfdr_power",0.2,0.48
20260832,20,500,15,3000,3000,3000,3000,"fast","control_informative",0.05,5,0.01,"","mtada_aggregated","trait1","bfdr_discoveries",0.2,76
20260832,20,500,15,3000,3000,3000,3000,"fast","control_informative",0.05,5,0.01,"","mtada_aggregated","trait2","bfdr_observed_fdp",0.01,0.96551724137931
20260832,20,500,15,3000,3000,3000,3000,"fast","control_informative",0.05,5,0.01,"","mtada_aggregated","trait2","bfdr_estimate",0.01,0.00937108111381007
20260832,20,500,15,3000,3000,3000,3000,"fast","control_informative",0.05,5,0.01,"","mtada_aggregated","trait2","bfdr_power",0.01,0.1
20260832,20,500,15,3000,3000,3000,3000,"fast","control_informative",0.05,5,0.01,"","mtada_aggregated","trait2","bfdr_discoveries",0.01,29
20260832,20,500,15,3000,3000,3000,3000,"fast","control_informative",0.05,5,0.01,"","mtada_aggregated","trait2","bfdr_observed_fdp",0.05,0.972222222222222
20260832,20,500,15,3000,3000,3000,3000,"fast","control_informative",0.05,5,0.01,"","mtada_aggregated","trait2","bfdr_estimate",0.05,0.0485880455435544
20260832,20,500,15,3000,3000,3000,3000,"fast","control_informative",0.05,5,0.01,"","mtada_aggregated","trait2","bfdr_power",0.05,0.1
20260832,20,500,15,3000,3000,3000,3000,"fast","control_informative",0.05,5,0.01,"","mtada_aggregated","trait2","bfdr_discoveries",0.05,36
20260832,20,500,15,3000,3000,3000,3000,"fast","control_informative",0.05,5,0.01,"","mtada_aggregated","trait2","bfdr_observed_fdp",0.1,0.976190476190476
20260832,20,500,15,3000,3000,3000,3000,"fast","control_informative",0.05,5,0.01,"","mtada_aggregated","trait2","bfdr_estimate",0.1,0.0956453325217239
20260832,20,500,15,3000,3000,3000,3000,"fast","control_informative",0.05,5,0.01,"","mtada_aggregated","trait2","bfdr_power",0.1,0.1
20260832,20,500,15,3000,3000,3000,3000,"fast","control_informative",0.05,5,0.01,"","mtada_aggregated","trait2","bfdr_discoveries",0.1,42
20260832,20,500,15,3000,3000,3000,3000,"fast","control_informative",0.05,5,0.01,"","mtada_aggregated","trait2","bfdr_observed_fdp",0.2,0.961538461538462
20260832,20,500,15,3000,3000,3000,3000,"fast","control_informative",0.05,5,0.01,"","mtada_aggregated","trait2","bfdr_estimate",0.2,0.193007140472002
20260832,20,500,15,3000,3000,3000,3000,"fast","control_informative",0.05,5,0.01,"","mtada_aggregated","trait2","bfdr_power",0.2,0.2
20260832,20,500,15,3000,3000,3000,3000,"fast","control_informative",0.05,5,0.01,"","mtada_aggregated","trait2","bfdr_discoveries",0.2,52
20260832,20,500,15,3000,3000,3000,3000,"fast","control_informative",0.05,5,0.01,"","mtada_aggregated","pleiotropy","bfdr_observed_fdp",0.01,1
20260832,20,500,15,3000,3000,3000,3000,"fast","control_informative",0.05,5,0.01,"","mtada_aggregated","pleiotropy","bfdr_estimate",0.01,0.00899232225656754
20260832,20,500,15,3000,3000,3000,3000,"fast","control_informative",0.05,5,0.01,"","mtada_aggregated","pleiotropy","bfdr_power",0.01,0
20260832,20,500,15,3000,3000,3000,3000,"fast","control_informative",0.05,5,0.01,"","mtada_aggregated","pleiotropy","bfdr_discoveries",0.01,1
20260832,20,500,15,3000,3000,3000,3000,"fast","control_informative",0.05,5,0.01,"","mtada_aggregated","pleiotropy","bfdr_observed_fdp",0.05,1
20260832,20,500,15,3000,3000,3000,3000,"fast","control_informative",0.05,5,0.01,"","mtada_aggregated","pleiotropy","bfdr_estimate",0.05,0.0170609661799133
20260832,20,500,15,3000,3000,3000,3000,"fast","control_informative",0.05,5,0.01,"","mtada_aggregated","pleiotropy","bfdr_power",0.05,0
20260832,20,500,15,3000,3000,3000,3000,"fast","control_informative",0.05,5,0.01,"","mtada_aggregated","pleiotropy","bfdr_discoveries",0.05,2
20260832,20,500,15,3000,3000,3000,3000,"fast","control_informative",0.05,5,0.01,"","mtada_aggregated","pleiotropy","bfdr_observed_fdp",0.1,1
20260832,20,500,15,3000,3000,3000,3000,"fast","control_informative",0.05,5,0.01,"","mtada_aggregated","pleiotropy","bfdr_estimate",0.1,0.0910880483720888
20260832,20,500,15,3000,3000,3000,3000,"fast","control_informative",0.05,5,0.01,"","mtada_aggregated","pleiotropy","bfdr_power",0.1,0
20260832,20,500,15,3000,3000,3000,3000,"fast","control_informative",0.05,5,0.01,"","mtada_aggregated","pleiotropy","bfdr_discoveries",0.1,3
20260832,20,500,15,3000,3000,3000,3000,"fast","control_informative",0.05,5,0.01,"","mtada_aggregated","pleiotropy","bfdr_observed_fdp",0.2,1
20260832,20,500,15,3000,3000,3000,3000,"fast","control_informative",0.05,5,0.01,"","mtada_aggregated","pleiotropy","bfdr_estimate",0.2,0.196528513034772
20260832,20,500,15,3000,3000,3000,3000,"fast","control_informative",0.05,5,0.01,"","mtada_aggregated","pleiotropy","bfdr_power",0.2,0
20260832,20,500,15,3000,3000,3000,3000,"fast","control_informative",0.05,5,0.01,"","mtada_aggregated","pleiotropy","bfdr_discoveries",0.2,6
20260832,20,500,15,3000,3000,3000,3000,"fast","control_informative",0.05,5,0.01,"","mtada_aggregated","global","runtime_seconds",NA,0.716999999999985
20260832,20,500,15,3000,3000,3000,3000,"fast","control_informative",0.05,5,0.01,"","mtada_aggregated","pleiotropy","pi11_estimate",NA,0.00270828
20260833,21,500,15,3000,3000,3000,3000,"fast","control_informative",0.05,5,0.01,"","mirage_joint","trait1","auc",NA,0.675368421052632
20260833,21,500,15,3000,3000,3000,3000,"fast","control_informative",0.05,5,0.01,"","mirage_joint","trait2","auc",NA,0.69734693877551
20260833,21,500,15,3000,3000,3000,3000,"fast","control_informative",0.05,5,0.01,"","mirage_joint","pleiotropy","auc",NA,0.677979797979798
20260833,21,500,15,3000,3000,3000,3000,"fast","control_informative",0.05,5,0.01,"","mirage_joint","trait1","pp08_power",0.8,0.16
20260833,21,500,15,3000,3000,3000,3000,"fast","control_informative",0.05,5,0.01,"","mirage_joint","trait1","pp08_fdp",0.8,0
20260833,21,500,15,3000,3000,3000,3000,"fast","control_informative",0.05,5,0.01,"","mirage_joint","trait1","pp08_discoveries",0.8,4
20260833,21,500,15,3000,3000,3000,3000,"fast","control_informative",0.05,5,0.01,"","mirage_joint","trait2","pp08_power",0.8,0.2
20260833,21,500,15,3000,3000,3000,3000,"fast","control_informative",0.05,5,0.01,"","mirage_joint","trait2","pp08_fdp",0.8,0.333333333333333
20260833,21,500,15,3000,3000,3000,3000,"fast","control_informative",0.05,5,0.01,"","mirage_joint","trait2","pp08_discoveries",0.8,3
20260833,21,500,15,3000,3000,3000,3000,"fast","control_informative",0.05,5,0.01,"","mirage_joint","pleiotropy","pp08_power",0.8,0
20260833,21,500,15,3000,3000,3000,3000,"fast","control_informative",0.05,5,0.01,"","mirage_joint","pleiotropy","pp08_fdp",0.8,0
20260833,21,500,15,3000,3000,3000,3000,"fast","control_informative",0.05,5,0.01,"","mirage_joint","pleiotropy","pp08_discoveries",0.8,0
20260833,21,500,15,3000,3000,3000,3000,"fast","control_informative",0.05,5,0.01,"","mirage_joint","trait1","bfdr_observed_fdp",0.01,0
20260833,21,500,15,3000,3000,3000,3000,"fast","control_informative",0.05,5,0.01,"","mirage_joint","trait1","bfdr_estimate",0.01,2.32103980535303e-06
20260833,21,500,15,3000,3000,3000,3000,"fast","control_informative",0.05,5,0.01,"","mirage_joint","trait1","bfdr_power",0.01,0.08
20260833,21,500,15,3000,3000,3000,3000,"fast","control_informative",0.05,5,0.01,"","mirage_joint","trait1","bfdr_discoveries",0.01,2
20260833,21,500,15,3000,3000,3000,3000,"fast","control_informative",0.05,5,0.01,"","mirage_joint","trait1","bfdr_observed_fdp",0.05,0
20260833,21,500,15,3000,3000,3000,3000,"fast","control_informative",0.05,5,0.01,"","mirage_joint","trait1","bfdr_estimate",0.05,0.0345700782514556
20260833,21,500,15,3000,3000,3000,3000,"fast","control_informative",0.05,5,0.01,"","mirage_joint","trait1","bfdr_power",0.05,0.16
20260833,21,500,15,3000,3000,3000,3000,"fast","control_informative",0.05,5,0.01,"","mirage_joint","trait1","bfdr_discoveries",0.05,4
20260833,21,500,15,3000,3000,3000,3000,"fast","control_informative",0.05,5,0.01,"","mirage_joint","trait1","bfdr_observed_fdp",0.1,0
20260833,21,500,15,3000,3000,3000,3000,"fast","control_informative",0.05,5,0.01,"","mirage_joint","trait1","bfdr_estimate",0.1,0.0764049008407307
20260833,21,500,15,3000,3000,3000,3000,"fast","control_informative",0.05,5,0.01,"","mirage_joint","trait1","bfdr_power",0.1,0.2
20260833,21,500,15,3000,3000,3000,3000,"fast","control_informative",0.05,5,0.01,"","mirage_joint","trait1","bfdr_discoveries",0.1,5
20260833,21,500,15,3000,3000,3000,3000,"fast","control_informative",0.05,5,0.01,"","mirage_joint","trait1","bfdr_observed_fdp",0.2,0.25
20260833,21,500,15,3000,3000,3000,3000,"fast","control_informative",0.05,5,0.01,"","mirage_joint","trait1","bfdr_estimate",0.2,0.176507704423875
20260833,21,500,15,3000,3000,3000,3000,"fast","control_informative",0.05,5,0.01,"","mirage_joint","trait1","bfdr_power",0.2,0.24
20260833,21,500,15,3000,3000,3000,3000,"fast","control_informative",0.05,5,0.01,"","mirage_joint","trait1","bfdr_discoveries",0.2,8
20260833,21,500,15,3000,3000,3000,3000,"fast","control_informative",0.05,5,0.01,"","mirage_joint","trait2","bfdr_observed_fdp",0.01,0
20260833,21,500,15,3000,3000,3000,3000,"fast","control_informative",0.05,5,0.01,"","mirage_joint","trait2","bfdr_estimate",0.01,0
20260833,21,500,15,3000,3000,3000,3000,"fast","control_informative",0.05,5,0.01,"","mirage_joint","trait2","bfdr_power",0.01,0
20260833,21,500,15,3000,3000,3000,3000,"fast","control_informative",0.05,5,0.01,"","mirage_joint","trait2","bfdr_discoveries",0.01,0
20260833,21,500,15,3000,3000,3000,3000,"fast","control_informative",0.05,5,0.01,"","mirage_joint","trait2","bfdr_observed_fdp",0.05,0.333333333333333
20260833,21,500,15,3000,3000,3000,3000,"fast","control_informative",0.05,5,0.01,"","mirage_joint","trait2","bfdr_estimate",0.05,0.0351599741893104
20260833,21,500,15,3000,3000,3000,3000,"fast","control_informative",0.05,5,0.01,"","mirage_joint","trait2","bfdr_power",0.05,0.2
20260833,21,500,15,3000,3000,3000,3000,"fast","control_informative",0.05,5,0.01,"","mirage_joint","trait2","bfdr_discoveries",0.05,3
20260833,21,500,15,3000,3000,3000,3000,"fast","control_informative",0.05,5,0.01,"","mirage_joint","trait2","bfdr_observed_fdp",0.1,0.333333333333333
20260833,21,500,15,3000,3000,3000,3000,"fast","control_informative",0.05,5,0.01,"","mirage_joint","trait2","bfdr_estimate",0.1,0.0351599741893104
20260833,21,500,15,3000,3000,3000,3000,"fast","control_informative",0.05,5,0.01,"","mirage_joint","trait2","bfdr_power",0.1,0.2
20260833,21,500,15,3000,3000,3000,3000,"fast","control_informative",0.05,5,0.01,"","mirage_joint","trait2","bfdr_discoveries",0.1,3
20260833,21,500,15,3000,3000,3000,3000,"fast","control_informative",0.05,5,0.01,"","mirage_joint","trait2","bfdr_observed_fdp",0.2,0.6
20260833,21,500,15,3000,3000,3000,3000,"fast","control_informative",0.05,5,0.01,"","mirage_joint","trait2","bfdr_estimate",0.2,0.179365027331237
20260833,21,500,15,3000,3000,3000,3000,"fast","control_informative",0.05,5,0.01,"","mirage_joint","trait2","bfdr_power",0.2,0.2
20260833,21,500,15,3000,3000,3000,3000,"fast","control_informative",0.05,5,0.01,"","mirage_joint","trait2","bfdr_discoveries",0.2,5
20260833,21,500,15,3000,3000,3000,3000,"fast","control_informative",0.05,5,0.01,"","mirage_joint","pleiotropy","bfdr_observed_fdp",0.01,0
20260833,21,500,15,3000,3000,3000,3000,"fast","control_informative",0.05,5,0.01,"","mirage_joint","pleiotropy","bfdr_estimate",0.01,0
20260833,21,500,15,3000,3000,3000,3000,"fast","control_informative",0.05,5,0.01,"","mirage_joint","pleiotropy","bfdr_power",0.01,0
20260833,21,500,15,3000,3000,3000,3000,"fast","control_informative",0.05,5,0.01,"","mirage_joint","pleiotropy","bfdr_discoveries",0.01,0
20260833,21,500,15,3000,3000,3000,3000,"fast","control_informative",0.05,5,0.01,"","mirage_joint","pleiotropy","bfdr_observed_fdp",0.05,0
20260833,21,500,15,3000,3000,3000,3000,"fast","control_informative",0.05,5,0.01,"","mirage_joint","pleiotropy","bfdr_estimate",0.05,0
20260833,21,500,15,3000,3000,3000,3000,"fast","control_informative",0.05,5,0.01,"","mirage_joint","pleiotropy","bfdr_power",0.05,0
20260833,21,500,15,3000,3000,3000,3000,"fast","control_informative",0.05,5,0.01,"","mirage_joint","pleiotropy","bfdr_discoveries",0.05,0
20260833,21,500,15,3000,3000,3000,3000,"fast","control_informative",0.05,5,0.01,"","mirage_joint","pleiotropy","bfdr_observed_fdp",0.1,0
20260833,21,500,15,3000,3000,3000,3000,"fast","control_informative",0.05,5,0.01,"","mirage_joint","pleiotropy","bfdr_estimate",0.1,0
20260833,21,500,15,3000,3000,3000,3000,"fast","control_informative",0.05,5,0.01,"","mirage_joint","pleiotropy","bfdr_power",0.1,0
20260833,21,500,15,3000,3000,3000,3000,"fast","control_informative",0.05,5,0.01,"","mirage_joint","pleiotropy","bfdr_discoveries",0.1,0
20260833,21,500,15,3000,3000,3000,3000,"fast","control_informative",0.05,5,0.01,"","mirage_joint","pleiotropy","bfdr_observed_fdp",0.2,0
20260833,21,500,15,3000,3000,3000,3000,"fast","control_informative",0.05,5,0.01,"","mirage_joint","pleiotropy","bfdr_estimate",0.2,0
20260833,21,500,15,3000,3000,3000,3000,"fast","control_informative",0.05,5,0.01,"","mirage_joint","pleiotropy","bfdr_power",0.2,0
20260833,21,500,15,3000,3000,3000,3000,"fast","control_informative",0.05,5,0.01,"","mirage_joint","pleiotropy","bfdr_discoveries",0.2,0
20260833,21,500,15,3000,3000,3000,3000,"fast","control_informative",0.05,5,0.01,"","mirage_joint","global","runtime_seconds",NA,17.989
20260833,21,500,15,3000,3000,3000,3000,"fast","control_informative",0.05,5,0.01,"","mirage_joint","pleiotropy","pi11_estimate",NA,0.0441436763755169
20260833,21,500,15,3000,3000,3000,3000,"fast","control_informative",0.05,5,0.01,"","separate_mirage","trait1","auc",NA,0.655747368421053
20260833,21,500,15,3000,3000,3000,3000,"fast","control_informative",0.05,5,0.01,"","separate_mirage","trait2","auc",NA,0.72265306122449
20260833,21,500,15,3000,3000,3000,3000,"fast","control_informative",0.05,5,0.01,"","separate_mirage","pleiotropy","auc",NA,0.586262626262626
20260833,21,500,15,3000,3000,3000,3000,"fast","control_informative",0.05,5,0.01,"","separate_mirage","trait1","pp08_power",0.8,0.16
20260833,21,500,15,3000,3000,3000,3000,"fast","control_informative",0.05,5,0.01,"","separate_mirage","trait1","pp08_fdp",0.8,0
20260833,21,500,15,3000,3000,3000,3000,"fast","control_informative",0.05,5,0.01,"","separate_mirage","trait1","pp08_discoveries",0.8,4
20260833,21,500,15,3000,3000,3000,3000,"fast","control_informative",0.05,5,0.01,"","separate_mirage","trait2","pp08_power",0.8,0.2
20260833,21,500,15,3000,3000,3000,3000,"fast","control_informative",0.05,5,0.01,"","separate_mirage","trait2","pp08_fdp",0.8,0.333333333333333
20260833,21,500,15,3000,3000,3000,3000,"fast","control_informative",0.05,5,0.01,"","separate_mirage","trait2","pp08_discoveries",0.8,3
20260833,21,500,15,3000,3000,3000,3000,"fast","control_informative",0.05,5,0.01,"","separate_mirage","pleiotropy","pp08_power",0.8,0
20260833,21,500,15,3000,3000,3000,3000,"fast","control_informative",0.05,5,0.01,"","separate_mirage","pleiotropy","pp08_fdp",0.8,0
20260833,21,500,15,3000,3000,3000,3000,"fast","control_informative",0.05,5,0.01,"","separate_mirage","pleiotropy","pp08_discoveries",0.8,0
20260833,21,500,15,3000,3000,3000,3000,"fast","control_informative",0.05,5,0.01,"","separate_mirage","trait1","bfdr_observed_fdp",0.01,0
20260833,21,500,15,3000,3000,3000,3000,"fast","control_informative",0.05,5,0.01,"","separate_mirage","trait1","bfdr_estimate",0.01,3.02419447140156e-06
20260833,21,500,15,3000,3000,3000,3000,"fast","control_informative",0.05,5,0.01,"","separate_mirage","trait1","bfdr_power",0.01,0.08
20260833,21,500,15,3000,3000,3000,3000,"fast","control_informative",0.05,5,0.01,"","separate_mirage","trait1","bfdr_discoveries",0.01,2
20260833,21,500,15,3000,3000,3000,3000,"fast","control_informative",0.05,5,0.01,"","separate_mirage","trait1","bfdr_observed_fdp",0.05,0
20260833,21,500,15,3000,3000,3000,3000,"fast","control_informative",0.05,5,0.01,"","separate_mirage","trait1","bfdr_estimate",0.05,0.0379375511628316
20260833,21,500,15,3000,3000,3000,3000,"fast","control_informative",0.05,5,0.01,"","separate_mirage","trait1","bfdr_power",0.05,0.12
20260833,21,500,15,3000,3000,3000,3000,"fast","control_informative",0.05,5,0.01,"","separate_mirage","trait1","bfdr_discoveries",0.05,3
20260833,21,500,15,3000,3000,3000,3000,"fast","control_informative",0.05,5,0.01,"","separate_mirage","trait1","bfdr_observed_fdp",0.1,0
20260833,21,500,15,3000,3000,3000,3000,"fast","control_informative",0.05,5,0.01,"","separate_mirage","trait1","bfdr_estimate",0.1,0.0776613909139523
20260833,21,500,15,3000,3000,3000,3000,"fast","control_informative",0.05,5,0.01,"","separate_mirage","trait1","bfdr_power",0.1,0.16
20260833,21,500,15,3000,3000,3000,3000,"fast","control_informative",0.05,5,0.01,"","separate_mirage","trait1","bfdr_discoveries",0.1,4
20260833,21,500,15,3000,3000,3000,3000,"fast","control_informative",0.05,5,0.01,"","separate_mirage","trait1","bfdr_observed_fdp",0.2,0.166666666666667
20260833,21,500,15,3000,3000,3000,3000,"fast","control_informative",0.05,5,0.01,"","separate_mirage","trait1","bfdr_estimate",0.2,0.18897376490162
20260833,21,500,15,3000,3000,3000,3000,"fast","control_informative",0.05,5,0.01,"","separate_mirage","trait1","bfdr_power",0.2,0.2
20260833,21,500,15,3000,3000,3000,3000,"fast","control_informative",0.05,5,0.01,"","separate_mirage","trait1","bfdr_discoveries",0.2,6
20260833,21,500,15,3000,3000,3000,3000,"fast","control_informative",0.05,5,0.01,"","separate_mirage","trait2","bfdr_observed_fdp",0.01,0
20260833,21,500,15,3000,3000,3000,3000,"fast","control_informative",0.05,5,0.01,"","separate_mirage","trait2","bfdr_estimate",0.01,0
20260833,21,500,15,3000,3000,3000,3000,"fast","control_informative",0.05,5,0.01,"","separate_mirage","trait2","bfdr_power",0.01,0
20260833,21,500,15,3000,3000,3000,3000,"fast","control_informative",0.05,5,0.01,"","separate_mirage","trait2","bfdr_discoveries",0.01,0
20260833,21,500,15,3000,3000,3000,3000,"fast","control_informative",0.05,5,0.01,"","separate_mirage","trait2","bfdr_observed_fdp",0.05,0
20260833,21,500,15,3000,3000,3000,3000,"fast","control_informative",0.05,5,0.01,"","separate_mirage","trait2","bfdr_estimate",0.05,0
20260833,21,500,15,3000,3000,3000,3000,"fast","control_informative",0.05,5,0.01,"","separate_mirage","trait2","bfdr_power",0.05,0
20260833,21,500,15,3000,3000,3000,3000,"fast","control_informative",0.05,5,0.01,"","separate_mirage","trait2","bfdr_discoveries",0.05,0
20260833,21,500,15,3000,3000,3000,3000,"fast","control_informative",0.05,5,0.01,"","separate_mirage","trait2","bfdr_observed_fdp",0.1,0
20260833,21,500,15,3000,3000,3000,3000,"fast","control_informative",0.05,5,0.01,"","separate_mirage","trait2","bfdr_estimate",0.1,0
20260833,21,500,15,3000,3000,3000,3000,"fast","control_informative",0.05,5,0.01,"","separate_mirage","trait2","bfdr_power",0.1,0
20260833,21,500,15,3000,3000,3000,3000,"fast","control_informative",0.05,5,0.01,"","separate_mirage","trait2","bfdr_discoveries",0.1,0
20260833,21,500,15,3000,3000,3000,3000,"fast","control_informative",0.05,5,0.01,"","separate_mirage","trait2","bfdr_observed_fdp",0.2,0.333333333333333
20260833,21,500,15,3000,3000,3000,3000,"fast","control_informative",0.05,5,0.01,"","separate_mirage","trait2","bfdr_estimate",0.2,0.117829232587139
20260833,21,500,15,3000,3000,3000,3000,"fast","control_informative",0.05,5,0.01,"","separate_mirage","trait2","bfdr_power",0.2,0.2
20260833,21,500,15,3000,3000,3000,3000,"fast","control_informative",0.05,5,0.01,"","separate_mirage","trait2","bfdr_discoveries",0.2,3
20260833,21,500,15,3000,3000,3000,3000,"fast","control_informative",0.05,5,0.01,"","separate_mirage","pleiotropy","bfdr_observed_fdp",0.01,0
20260833,21,500,15,3000,3000,3000,3000,"fast","control_informative",0.05,5,0.01,"","separate_mirage","pleiotropy","bfdr_estimate",0.01,0
20260833,21,500,15,3000,3000,3000,3000,"fast","control_informative",0.05,5,0.01,"","separate_mirage","pleiotropy","bfdr_power",0.01,0
20260833,21,500,15,3000,3000,3000,3000,"fast","control_informative",0.05,5,0.01,"","separate_mirage","pleiotropy","bfdr_discoveries",0.01,0
20260833,21,500,15,3000,3000,3000,3000,"fast","control_informative",0.05,5,0.01,"","separate_mirage","pleiotropy","bfdr_observed_fdp",0.05,0
20260833,21,500,15,3000,3000,3000,3000,"fast","control_informative",0.05,5,0.01,"","separate_mirage","pleiotropy","bfdr_estimate",0.05,0
20260833,21,500,15,3000,3000,3000,3000,"fast","control_informative",0.05,5,0.01,"","separate_mirage","pleiotropy","bfdr_power",0.05,0
20260833,21,500,15,3000,3000,3000,3000,"fast","control_informative",0.05,5,0.01,"","separate_mirage","pleiotropy","bfdr_discoveries",0.05,0
20260833,21,500,15,3000,3000,3000,3000,"fast","control_informative",0.05,5,0.01,"","separate_mirage","pleiotropy","bfdr_observed_fdp",0.1,0
20260833,21,500,15,3000,3000,3000,3000,"fast","control_informative",0.05,5,0.01,"","separate_mirage","pleiotropy","bfdr_estimate",0.1,0
20260833,21,500,15,3000,3000,3000,3000,"fast","control_informative",0.05,5,0.01,"","separate_mirage","pleiotropy","bfdr_power",0.1,0
20260833,21,500,15,3000,3000,3000,3000,"fast","control_informative",0.05,5,0.01,"","separate_mirage","pleiotropy","bfdr_discoveries",0.1,0
20260833,21,500,15,3000,3000,3000,3000,"fast","control_informative",0.05,5,0.01,"","separate_mirage","pleiotropy","bfdr_observed_fdp",0.2,0
20260833,21,500,15,3000,3000,3000,3000,"fast","control_informative",0.05,5,0.01,"","separate_mirage","pleiotropy","bfdr_estimate",0.2,0
20260833,21,500,15,3000,3000,3000,3000,"fast","control_informative",0.05,5,0.01,"","separate_mirage","pleiotropy","bfdr_power",0.2,0
20260833,21,500,15,3000,3000,3000,3000,"fast","control_informative",0.05,5,0.01,"","separate_mirage","pleiotropy","bfdr_discoveries",0.2,0
20260833,21,500,15,3000,3000,3000,3000,"fast","control_informative",0.05,5,0.01,"","separate_mirage","global","runtime_seconds",NA,18.022
20260833,21,500,15,3000,3000,3000,3000,"fast","control_informative",0.05,5,0.01,"","separate_mirage","pleiotropy","pi11_estimate",NA,0.001
20260833,21,500,15,3000,3000,3000,3000,"fast","control_informative",0.05,5,0.01,"","mtada_aggregated","trait1","auc",NA,0.679284210526316
20260833,21,500,15,3000,3000,3000,3000,"fast","control_informative",0.05,5,0.01,"","mtada_aggregated","trait2","auc",NA,0.841020408163265
20260833,21,500,15,3000,3000,3000,3000,"fast","control_informative",0.05,5,0.01,"","mtada_aggregated","pleiotropy","auc",NA,0.896565656565657
20260833,21,500,15,3000,3000,3000,3000,"fast","control_informative",0.05,5,0.01,"","mtada_aggregated","trait1","pp08_power",0.8,0.28
20260833,21,500,15,3000,3000,3000,3000,"fast","control_informative",0.05,5,0.01,"","mtada_aggregated","trait1","pp08_fdp",0.8,0.867924528301887
20260833,21,500,15,3000,3000,3000,3000,"fast","control_informative",0.05,5,0.01,"","mtada_aggregated","trait1","pp08_discoveries",0.8,53
20260833,21,500,15,3000,3000,3000,3000,"fast","control_informative",0.05,5,0.01,"","mtada_aggregated","trait2","pp08_power",0.8,0.6
20260833,21,500,15,3000,3000,3000,3000,"fast","control_informative",0.05,5,0.01,"","mtada_aggregated","trait2","pp08_fdp",0.8,0.842105263157895
20260833,21,500,15,3000,3000,3000,3000,"fast","control_informative",0.05,5,0.01,"","mtada_aggregated","trait2","pp08_discoveries",0.8,38
20260833,21,500,15,3000,3000,3000,3000,"fast","control_informative",0.05,5,0.01,"","mtada_aggregated","pleiotropy","pp08_power",0.8,0
20260833,21,500,15,3000,3000,3000,3000,"fast","control_informative",0.05,5,0.01,"","mtada_aggregated","pleiotropy","pp08_fdp",0.8,1
20260833,21,500,15,3000,3000,3000,3000,"fast","control_informative",0.05,5,0.01,"","mtada_aggregated","pleiotropy","pp08_discoveries",0.8,8
20260833,21,500,15,3000,3000,3000,3000,"fast","control_informative",0.05,5,0.01,"","mtada_aggregated","trait1","bfdr_observed_fdp",0.01,0.863636363636364
20260833,21,500,15,3000,3000,3000,3000,"fast","control_informative",0.05,5,0.01,"","mtada_aggregated","trait1","bfdr_estimate",0.01,0.0099110283252561
20260833,21,500,15,3000,3000,3000,3000,"fast","control_informative",0.05,5,0.01,"","mtada_aggregated","trait1","bfdr_power",0.01,0.24
20260833,21,500,15,3000,3000,3000,3000,"fast","control_informative",0.05,5,0.01,"","mtada_aggregated","trait1","bfdr_discoveries",0.01,44
20260833,21,500,15,3000,3000,3000,3000,"fast","control_informative",0.05,5,0.01,"","mtada_aggregated","trait1","bfdr_observed_fdp",0.05,0.857142857142857
20260833,21,500,15,3000,3000,3000,3000,"fast","control_informative",0.05,5,0.01,"","mtada_aggregated","trait1","bfdr_estimate",0.05,0.046540347980031
20260833,21,500,15,3000,3000,3000,3000,"fast","control_informative",0.05,5,0.01,"","mtada_aggregated","trait1","bfdr_power",0.05,0.32
20260833,21,500,15,3000,3000,3000,3000,"fast","control_informative",0.05,5,0.01,"","mtada_aggregated","trait1","bfdr_discoveries",0.05,56
20260833,21,500,15,3000,3000,3000,3000,"fast","control_informative",0.05,5,0.01,"","mtada_aggregated","trait1","bfdr_observed_fdp",0.1,0.859375
20260833,21,500,15,3000,3000,3000,3000,"fast","control_informative",0.05,5,0.01,"","mtada_aggregated","trait1","bfdr_estimate",0.1,0.0987182328643679
20260833,21,500,15,3000,3000,3000,3000,"fast","control_informative",0.05,5,0.01,"","mtada_aggregated","trait1","bfdr_power",0.1,0.36
20260833,21,500,15,3000,3000,3000,3000,"fast","control_informative",0.05,5,0.01,"","mtada_aggregated","trait1","bfdr_discoveries",0.1,64
20260833,21,500,15,3000,3000,3000,3000,"fast","control_informative",0.05,5,0.01,"","mtada_aggregated","trait1","bfdr_observed_fdp",0.2,0.857142857142857
20260833,21,500,15,3000,3000,3000,3000,"fast","control_informative",0.05,5,0.01,"","mtada_aggregated","trait1","bfdr_estimate",0.2,0.19621674007559
20260833,21,500,15,3000,3000,3000,3000,"fast","control_informative",0.05,5,0.01,"","mtada_aggregated","trait1","bfdr_power",0.2,0.44
20260833,21,500,15,3000,3000,3000,3000,"fast","control_informative",0.05,5,0.01,"","mtada_aggregated","trait1","bfdr_discoveries",0.2,77
20260833,21,500,15,3000,3000,3000,3000,"fast","control_informative",0.05,5,0.01,"","mtada_aggregated","trait2","bfdr_observed_fdp",0.01,0.852941176470588
20260833,21,500,15,3000,3000,3000,3000,"fast","control_informative",0.05,5,0.01,"","mtada_aggregated","trait2","bfdr_estimate",0.01,0.00847862669139633
20260833,21,500,15,3000,3000,3000,3000,"fast","control_informative",0.05,5,0.01,"","mtada_aggregated","trait2","bfdr_power",0.01,0.5
20260833,21,500,15,3000,3000,3000,3000,"fast","control_informative",0.05,5,0.01,"","mtada_aggregated","trait2","bfdr_discoveries",0.01,34
20260833,21,500,15,3000,3000,3000,3000,"fast","control_informative",0.05,5,0.01,"","mtada_aggregated","trait2","bfdr_observed_fdp",0.05,0.857142857142857
20260833,21,500,15,3000,3000,3000,3000,"fast","control_informative",0.05,5,0.01,"","mtada_aggregated","trait2","bfdr_estimate",0.05,0.0475766918117571
20260833,21,500,15,3000,3000,3000,3000,"fast","control_informative",0.05,5,0.01,"","mtada_aggregated","trait2","bfdr_power",0.05,0.6
20260833,21,500,15,3000,3000,3000,3000,"fast","control_informative",0.05,5,0.01,"","mtada_aggregated","trait2","bfdr_discoveries",0.05,42
20260833,21,500,15,3000,3000,3000,3000,"fast","control_informative",0.05,5,0.01,"","mtada_aggregated","trait2","bfdr_observed_fdp",0.1,0.872340425531915
20260833,21,500,15,3000,3000,3000,3000,"fast","control_informative",0.05,5,0.01,"","mtada_aggregated","trait2","bfdr_estimate",0.1,0.0929914504482137
20260833,21,500,15,3000,3000,3000,3000,"fast","control_informative",0.05,5,0.01,"","mtada_aggregated","trait2","bfdr_power",0.1,0.6
20260833,21,500,15,3000,3000,3000,3000,"fast","control_informative",0.05,5,0.01,"","mtada_aggregated","trait2","bfdr_discoveries",0.1,47
20260833,21,500,15,3000,3000,3000,3000,"fast","control_informative",0.05,5,0.01,"","mtada_aggregated","trait2","bfdr_observed_fdp",0.2,0.87037037037037
20260833,21,500,15,3000,3000,3000,3000,"fast","control_informative",0.05,5,0.01,"","mtada_aggregated","trait2","bfdr_estimate",0.2,0.188280580837602
20260833,21,500,15,3000,3000,3000,3000,"fast","control_informative",0.05,5,0.01,"","mtada_aggregated","trait2","bfdr_power",0.2,0.7
20260833,21,500,15,3000,3000,3000,3000,"fast","control_informative",0.05,5,0.01,"","mtada_aggregated","trait2","bfdr_discoveries",0.2,54
20260833,21,500,15,3000,3000,3000,3000,"fast","control_informative",0.05,5,0.01,"","mtada_aggregated","pleiotropy","bfdr_observed_fdp",0.01,1
20260833,21,500,15,3000,3000,3000,3000,"fast","control_informative",0.05,5,0.01,"","mtada_aggregated","pleiotropy","bfdr_estimate",0.01,0.0069022185058349
20260833,21,500,15,3000,3000,3000,3000,"fast","control_informative",0.05,5,0.01,"","mtada_aggregated","pleiotropy","bfdr_power",0.01,0
20260833,21,500,15,3000,3000,3000,3000,"fast","control_informative",0.05,5,0.01,"","mtada_aggregated","pleiotropy","bfdr_discoveries",0.01,5
20260833,21,500,15,3000,3000,3000,3000,"fast","control_informative",0.05,5,0.01,"","mtada_aggregated","pleiotropy","bfdr_observed_fdp",0.05,1
20260833,21,500,15,3000,3000,3000,3000,"fast","control_informative",0.05,5,0.01,"","mtada_aggregated","pleiotropy","bfdr_estimate",0.05,0.0446514288072452
20260833,21,500,15,3000,3000,3000,3000,"fast","control_informative",0.05,5,0.01,"","mtada_aggregated","pleiotropy","bfdr_power",0.05,0
20260833,21,500,15,3000,3000,3000,3000,"fast","control_informative",0.05,5,0.01,"","mtada_aggregated","pleiotropy","bfdr_discoveries",0.05,8
20260833,21,500,15,3000,3000,3000,3000,"fast","control_informative",0.05,5,0.01,"","mtada_aggregated","pleiotropy","bfdr_observed_fdp",0.1,1
20260833,21,500,15,3000,3000,3000,3000,"fast","control_informative",0.05,5,0.01,"","mtada_aggregated","pleiotropy","bfdr_estimate",0.1,0.0842836311886312
20260833,21,500,15,3000,3000,3000,3000,"fast","control_informative",0.05,5,0.01,"","mtada_aggregated","pleiotropy","bfdr_power",0.1,0
20260833,21,500,15,3000,3000,3000,3000,"fast","control_informative",0.05,5,0.01,"","mtada_aggregated","pleiotropy","bfdr_discoveries",0.1,10
20260833,21,500,15,3000,3000,3000,3000,"fast","control_informative",0.05,5,0.01,"","mtada_aggregated","pleiotropy","bfdr_observed_fdp",0.2,0.928571428571429
20260833,21,500,15,3000,3000,3000,3000,"fast","control_informative",0.05,5,0.01,"","mtada_aggregated","pleiotropy","bfdr_estimate",0.2,0.190500879425854
20260833,21,500,15,3000,3000,3000,3000,"fast","control_informative",0.05,5,0.01,"","mtada_aggregated","pleiotropy","bfdr_power",0.2,0.2
20260833,21,500,15,3000,3000,3000,3000,"fast","control_informative",0.05,5,0.01,"","mtada_aggregated","pleiotropy","bfdr_discoveries",0.2,14
20260833,21,500,15,3000,3000,3000,3000,"fast","control_informative",0.05,5,0.01,"","mtada_aggregated","global","runtime_seconds",NA,0.74799999999999
20260833,21,500,15,3000,3000,3000,3000,"fast","control_informative",0.05,5,0.01,"","mtada_aggregated","pleiotropy","pi11_estimate",NA,0.00193096
20260834,22,500,15,3000,3000,3000,3000,"fast","control_informative",0.05,5,0.01,"","mirage_joint","trait1","auc",NA,0.739705263157895
20260834,22,500,15,3000,3000,3000,3000,"fast","control_informative",0.05,5,0.01,"","mirage_joint","trait2","auc",NA,0.661836734693878
20260834,22,500,15,3000,3000,3000,3000,"fast","control_informative",0.05,5,0.01,"","mirage_joint","pleiotropy","auc",NA,0.861414141414141
20260834,22,500,15,3000,3000,3000,3000,"fast","control_informative",0.05,5,0.01,"","mirage_joint","trait1","pp08_power",0.8,0.12
20260834,22,500,15,3000,3000,3000,3000,"fast","control_informative",0.05,5,0.01,"","mirage_joint","trait1","pp08_fdp",0.8,0.25
20260834,22,500,15,3000,3000,3000,3000,"fast","control_informative",0.05,5,0.01,"","mirage_joint","trait1","pp08_discoveries",0.8,4
20260834,22,500,15,3000,3000,3000,3000,"fast","control_informative",0.05,5,0.01,"","mirage_joint","trait2","pp08_power",0.8,0
20260834,22,500,15,3000,3000,3000,3000,"fast","control_informative",0.05,5,0.01,"","mirage_joint","trait2","pp08_fdp",0.8,0
20260834,22,500,15,3000,3000,3000,3000,"fast","control_informative",0.05,5,0.01,"","mirage_joint","trait2","pp08_discoveries",0.8,0
20260834,22,500,15,3000,3000,3000,3000,"fast","control_informative",0.05,5,0.01,"","mirage_joint","pleiotropy","pp08_power",0.8,0
20260834,22,500,15,3000,3000,3000,3000,"fast","control_informative",0.05,5,0.01,"","mirage_joint","pleiotropy","pp08_fdp",0.8,0
20260834,22,500,15,3000,3000,3000,3000,"fast","control_informative",0.05,5,0.01,"","mirage_joint","pleiotropy","pp08_discoveries",0.8,0
20260834,22,500,15,3000,3000,3000,3000,"fast","control_informative",0.05,5,0.01,"","mirage_joint","trait1","bfdr_observed_fdp",0.01,0
20260834,22,500,15,3000,3000,3000,3000,"fast","control_informative",0.05,5,0.01,"","mirage_joint","trait1","bfdr_estimate",0.01,0.00261286441084559
20260834,22,500,15,3000,3000,3000,3000,"fast","control_informative",0.05,5,0.01,"","mirage_joint","trait1","bfdr_power",0.01,0.12
20260834,22,500,15,3000,3000,3000,3000,"fast","control_informative",0.05,5,0.01,"","mirage_joint","trait1","bfdr_discoveries",0.01,3
20260834,22,500,15,3000,3000,3000,3000,"fast","control_informative",0.05,5,0.01,"","mirage_joint","trait1","bfdr_observed_fdp",0.05,0.25
20260834,22,500,15,3000,3000,3000,3000,"fast","control_informative",0.05,5,0.01,"","mirage_joint","trait1","bfdr_estimate",0.05,0.0478662873899682
20260834,22,500,15,3000,3000,3000,3000,"fast","control_informative",0.05,5,0.01,"","mirage_joint","trait1","bfdr_power",0.05,0.12
20260834,22,500,15,3000,3000,3000,3000,"fast","control_informative",0.05,5,0.01,"","mirage_joint","trait1","bfdr_discoveries",0.05,4
20260834,22,500,15,3000,3000,3000,3000,"fast","control_informative",0.05,5,0.01,"","mirage_joint","trait1","bfdr_observed_fdp",0.1,0.2
20260834,22,500,15,3000,3000,3000,3000,"fast","control_informative",0.05,5,0.01,"","mirage_joint","trait1","bfdr_estimate",0.1,0.090119283351886
20260834,22,500,15,3000,3000,3000,3000,"fast","control_informative",0.05,5,0.01,"","mirage_joint","trait1","bfdr_power",0.1,0.16
20260834,22,500,15,3000,3000,3000,3000,"fast","control_informative",0.05,5,0.01,"","mirage_joint","trait1","bfdr_discoveries",0.1,5
20260834,22,500,15,3000,3000,3000,3000,"fast","control_informative",0.05,5,0.01,"","mirage_joint","trait1","bfdr_observed_fdp",0.2,0.375
20260834,22,500,15,3000,3000,3000,3000,"fast","control_informative",0.05,5,0.01,"","mirage_joint","trait1","bfdr_estimate",0.2,0.174589058762425
20260834,22,500,15,3000,3000,3000,3000,"fast","control_informative",0.05,5,0.01,"","mirage_joint","trait1","bfdr_power",0.2,0.2
20260834,22,500,15,3000,3000,3000,3000,"fast","control_informative",0.05,5,0.01,"","mirage_joint","trait1","bfdr_discoveries",0.2,8
20260834,22,500,15,3000,3000,3000,3000,"fast","control_informative",0.05,5,0.01,"","mirage_joint","trait2","bfdr_observed_fdp",0.01,0
20260834,22,500,15,3000,3000,3000,3000,"fast","control_informative",0.05,5,0.01,"","mirage_joint","trait2","bfdr_estimate",0.01,0
20260834,22,500,15,3000,3000,3000,3000,"fast","control_informative",0.05,5,0.01,"","mirage_joint","trait2","bfdr_power",0.01,0
20260834,22,500,15,3000,3000,3000,3000,"fast","control_informative",0.05,5,0.01,"","mirage_joint","trait2","bfdr_discoveries",0.01,0
20260834,22,500,15,3000,3000,3000,3000,"fast","control_informative",0.05,5,0.01,"","mirage_joint","trait2","bfdr_observed_fdp",0.05,0
20260834,22,500,15,3000,3000,3000,3000,"fast","control_informative",0.05,5,0.01,"","mirage_joint","trait2","bfdr_estimate",0.05,0
20260834,22,500,15,3000,3000,3000,3000,"fast","control_informative",0.05,5,0.01,"","mirage_joint","trait2","bfdr_power",0.05,0
20260834,22,500,15,3000,3000,3000,3000,"fast","control_informative",0.05,5,0.01,"","mirage_joint","trait2","bfdr_discoveries",0.05,0
20260834,22,500,15,3000,3000,3000,3000,"fast","control_informative",0.05,5,0.01,"","mirage_joint","trait2","bfdr_observed_fdp",0.1,0
20260834,22,500,15,3000,3000,3000,3000,"fast","control_informative",0.05,5,0.01,"","mirage_joint","trait2","bfdr_estimate",0.1,0
20260834,22,500,15,3000,3000,3000,3000,"fast","control_informative",0.05,5,0.01,"","mirage_joint","trait2","bfdr_power",0.1,0
20260834,22,500,15,3000,3000,3000,3000,"fast","control_informative",0.05,5,0.01,"","mirage_joint","trait2","bfdr_discoveries",0.1,0
20260834,22,500,15,3000,3000,3000,3000,"fast","control_informative",0.05,5,0.01,"","mirage_joint","trait2","bfdr_observed_fdp",0.2,0
20260834,22,500,15,3000,3000,3000,3000,"fast","control_informative",0.05,5,0.01,"","mirage_joint","trait2","bfdr_estimate",0.2,0
20260834,22,500,15,3000,3000,3000,3000,"fast","control_informative",0.05,5,0.01,"","mirage_joint","trait2","bfdr_power",0.2,0
20260834,22,500,15,3000,3000,3000,3000,"fast","control_informative",0.05,5,0.01,"","mirage_joint","trait2","bfdr_discoveries",0.2,0
20260834,22,500,15,3000,3000,3000,3000,"fast","control_informative",0.05,5,0.01,"","mirage_joint","pleiotropy","bfdr_observed_fdp",0.01,0
20260834,22,500,15,3000,3000,3000,3000,"fast","control_informative",0.05,5,0.01,"","mirage_joint","pleiotropy","bfdr_estimate",0.01,0
20260834,22,500,15,3000,3000,3000,3000,"fast","control_informative",0.05,5,0.01,"","mirage_joint","pleiotropy","bfdr_power",0.01,0
20260834,22,500,15,3000,3000,3000,3000,"fast","control_informative",0.05,5,0.01,"","mirage_joint","pleiotropy","bfdr_discoveries",0.01,0
20260834,22,500,15,3000,3000,3000,3000,"fast","control_informative",0.05,5,0.01,"","mirage_joint","pleiotropy","bfdr_observed_fdp",0.05,0
20260834,22,500,15,3000,3000,3000,3000,"fast","control_informative",0.05,5,0.01,"","mirage_joint","pleiotropy","bfdr_estimate",0.05,0
20260834,22,500,15,3000,3000,3000,3000,"fast","control_informative",0.05,5,0.01,"","mirage_joint","pleiotropy","bfdr_power",0.05,0
20260834,22,500,15,3000,3000,3000,3000,"fast","control_informative",0.05,5,0.01,"","mirage_joint","pleiotropy","bfdr_discoveries",0.05,0
20260834,22,500,15,3000,3000,3000,3000,"fast","control_informative",0.05,5,0.01,"","mirage_joint","pleiotropy","bfdr_observed_fdp",0.1,0
20260834,22,500,15,3000,3000,3000,3000,"fast","control_informative",0.05,5,0.01,"","mirage_joint","pleiotropy","bfdr_estimate",0.1,0
20260834,22,500,15,3000,3000,3000,3000,"fast","control_informative",0.05,5,0.01,"","mirage_joint","pleiotropy","bfdr_power",0.1,0
20260834,22,500,15,3000,3000,3000,3000,"fast","control_informative",0.05,5,0.01,"","mirage_joint","pleiotropy","bfdr_discoveries",0.1,0
20260834,22,500,15,3000,3000,3000,3000,"fast","control_informative",0.05,5,0.01,"","mirage_joint","pleiotropy","bfdr_observed_fdp",0.2,0
20260834,22,500,15,3000,3000,3000,3000,"fast","control_informative",0.05,5,0.01,"","mirage_joint","pleiotropy","bfdr_estimate",0.2,0
20260834,22,500,15,3000,3000,3000,3000,"fast","control_informative",0.05,5,0.01,"","mirage_joint","pleiotropy","bfdr_power",0.2,0
20260834,22,500,15,3000,3000,3000,3000,"fast","control_informative",0.05,5,0.01,"","mirage_joint","pleiotropy","bfdr_discoveries",0.2,0
20260834,22,500,15,3000,3000,3000,3000,"fast","control_informative",0.05,5,0.01,"","mirage_joint","global","runtime_seconds",NA,18.018
20260834,22,500,15,3000,3000,3000,3000,"fast","control_informative",0.05,5,0.01,"","mirage_joint","pleiotropy","pi11_estimate",NA,0.0284295919355443
20260834,22,500,15,3000,3000,3000,3000,"fast","control_informative",0.05,5,0.01,"","separate_mirage","trait1","auc",NA,0.708715789473684
20260834,22,500,15,3000,3000,3000,3000,"fast","control_informative",0.05,5,0.01,"","separate_mirage","trait2","auc",NA,0.593877551020408
20260834,22,500,15,3000,3000,3000,3000,"fast","control_informative",0.05,5,0.01,"","separate_mirage","pleiotropy","auc",NA,0.858181818181818
20260834,22,500,15,3000,3000,3000,3000,"fast","control_informative",0.05,5,0.01,"","separate_mirage","trait1","pp08_power",0.8,0.12
20260834,22,500,15,3000,3000,3000,3000,"fast","control_informative",0.05,5,0.01,"","separate_mirage","trait1","pp08_fdp",0.8,0
20260834,22,500,15,3000,3000,3000,3000,"fast","control_informative",0.05,5,0.01,"","separate_mirage","trait1","pp08_discoveries",0.8,3
20260834,22,500,15,3000,3000,3000,3000,"fast","control_informative",0.05,5,0.01,"","separate_mirage","trait2","pp08_power",0.8,0
20260834,22,500,15,3000,3000,3000,3000,"fast","control_informative",0.05,5,0.01,"","separate_mirage","trait2","pp08_fdp",0.8,0
20260834,22,500,15,3000,3000,3000,3000,"fast","control_informative",0.05,5,0.01,"","separate_mirage","trait2","pp08_discoveries",0.8,0
20260834,22,500,15,3000,3000,3000,3000,"fast","control_informative",0.05,5,0.01,"","separate_mirage","pleiotropy","pp08_power",0.8,0
20260834,22,500,15,3000,3000,3000,3000,"fast","control_informative",0.05,5,0.01,"","separate_mirage","pleiotropy","pp08_fdp",0.8,0
20260834,22,500,15,3000,3000,3000,3000,"fast","control_informative",0.05,5,0.01,"","separate_mirage","pleiotropy","pp08_discoveries",0.8,0
20260834,22,500,15,3000,3000,3000,3000,"fast","control_informative",0.05,5,0.01,"","separate_mirage","trait1","bfdr_observed_fdp",0.01,0
20260834,22,500,15,3000,3000,3000,3000,"fast","control_informative",0.05,5,0.01,"","separate_mirage","trait1","bfdr_estimate",0.01,0.00209796314192212
20260834,22,500,15,3000,3000,3000,3000,"fast","control_informative",0.05,5,0.01,"","separate_mirage","trait1","bfdr_power",0.01,0.12
20260834,22,500,15,3000,3000,3000,3000,"fast","control_informative",0.05,5,0.01,"","separate_mirage","trait1","bfdr_discoveries",0.01,3
20260834,22,500,15,3000,3000,3000,3000,"fast","control_informative",0.05,5,0.01,"","separate_mirage","trait1","bfdr_observed_fdp",0.05,0
20260834,22,500,15,3000,3000,3000,3000,"fast","control_informative",0.05,5,0.01,"","separate_mirage","trait1","bfdr_estimate",0.05,0.00209796314192212
20260834,22,500,15,3000,3000,3000,3000,"fast","control_informative",0.05,5,0.01,"","separate_mirage","trait1","bfdr_power",0.05,0.12
20260834,22,500,15,3000,3000,3000,3000,"fast","control_informative",0.05,5,0.01,"","separate_mirage","trait1","bfdr_discoveries",0.05,3
20260834,22,500,15,3000,3000,3000,3000,"fast","control_informative",0.05,5,0.01,"","separate_mirage","trait1","bfdr_observed_fdp",0.1,0.25
20260834,22,500,15,3000,3000,3000,3000,"fast","control_informative",0.05,5,0.01,"","separate_mirage","trait1","bfdr_estimate",0.1,0.0736516747562346
20260834,22,500,15,3000,3000,3000,3000,"fast","control_informative",0.05,5,0.01,"","separate_mirage","trait1","bfdr_power",0.1,0.12
20260834,22,500,15,3000,3000,3000,3000,"fast","control_informative",0.05,5,0.01,"","separate_mirage","trait1","bfdr_discoveries",0.1,4
20260834,22,500,15,3000,3000,3000,3000,"fast","control_informative",0.05,5,0.01,"","separate_mirage","trait1","bfdr_observed_fdp",0.2,0.333333333333333
20260834,22,500,15,3000,3000,3000,3000,"fast","control_informative",0.05,5,0.01,"","separate_mirage","trait1","bfdr_estimate",0.2,0.167247579809971
20260834,22,500,15,3000,3000,3000,3000,"fast","control_informative",0.05,5,0.01,"","separate_mirage","trait1","bfdr_power",0.2,0.16
20260834,22,500,15,3000,3000,3000,3000,"fast","control_informative",0.05,5,0.01,"","separate_mirage","trait1","bfdr_discoveries",0.2,6
20260834,22,500,15,3000,3000,3000,3000,"fast","control_informative",0.05,5,0.01,"","separate_mirage","trait2","bfdr_observed_fdp",0.01,0
20260834,22,500,15,3000,3000,3000,3000,"fast","control_informative",0.05,5,0.01,"","separate_mirage","trait2","bfdr_estimate",0.01,0
20260834,22,500,15,3000,3000,3000,3000,"fast","control_informative",0.05,5,0.01,"","separate_mirage","trait2","bfdr_power",0.01,0
20260834,22,500,15,3000,3000,3000,3000,"fast","control_informative",0.05,5,0.01,"","separate_mirage","trait2","bfdr_discoveries",0.01,0
20260834,22,500,15,3000,3000,3000,3000,"fast","control_informative",0.05,5,0.01,"","separate_mirage","trait2","bfdr_observed_fdp",0.05,0
20260834,22,500,15,3000,3000,3000,3000,"fast","control_informative",0.05,5,0.01,"","separate_mirage","trait2","bfdr_estimate",0.05,0
20260834,22,500,15,3000,3000,3000,3000,"fast","control_informative",0.05,5,0.01,"","separate_mirage","trait2","bfdr_power",0.05,0
20260834,22,500,15,3000,3000,3000,3000,"fast","control_informative",0.05,5,0.01,"","separate_mirage","trait2","bfdr_discoveries",0.05,0
20260834,22,500,15,3000,3000,3000,3000,"fast","control_informative",0.05,5,0.01,"","separate_mirage","trait2","bfdr_observed_fdp",0.1,0
20260834,22,500,15,3000,3000,3000,3000,"fast","control_informative",0.05,5,0.01,"","separate_mirage","trait2","bfdr_estimate",0.1,0
20260834,22,500,15,3000,3000,3000,3000,"fast","control_informative",0.05,5,0.01,"","separate_mirage","trait2","bfdr_power",0.1,0
20260834,22,500,15,3000,3000,3000,3000,"fast","control_informative",0.05,5,0.01,"","separate_mirage","trait2","bfdr_discoveries",0.1,0
20260834,22,500,15,3000,3000,3000,3000,"fast","control_informative",0.05,5,0.01,"","separate_mirage","trait2","bfdr_observed_fdp",0.2,0
20260834,22,500,15,3000,3000,3000,3000,"fast","control_informative",0.05,5,0.01,"","separate_mirage","trait2","bfdr_estimate",0.2,0
20260834,22,500,15,3000,3000,3000,3000,"fast","control_informative",0.05,5,0.01,"","separate_mirage","trait2","bfdr_power",0.2,0
20260834,22,500,15,3000,3000,3000,3000,"fast","control_informative",0.05,5,0.01,"","separate_mirage","trait2","bfdr_discoveries",0.2,0
20260834,22,500,15,3000,3000,3000,3000,"fast","control_informative",0.05,5,0.01,"","separate_mirage","pleiotropy","bfdr_observed_fdp",0.01,0
20260834,22,500,15,3000,3000,3000,3000,"fast","control_informative",0.05,5,0.01,"","separate_mirage","pleiotropy","bfdr_estimate",0.01,0
20260834,22,500,15,3000,3000,3000,3000,"fast","control_informative",0.05,5,0.01,"","separate_mirage","pleiotropy","bfdr_power",0.01,0
20260834,22,500,15,3000,3000,3000,3000,"fast","control_informative",0.05,5,0.01,"","separate_mirage","pleiotropy","bfdr_discoveries",0.01,0
20260834,22,500,15,3000,3000,3000,3000,"fast","control_informative",0.05,5,0.01,"","separate_mirage","pleiotropy","bfdr_observed_fdp",0.05,0
20260834,22,500,15,3000,3000,3000,3000,"fast","control_informative",0.05,5,0.01,"","separate_mirage","pleiotropy","bfdr_estimate",0.05,0
20260834,22,500,15,3000,3000,3000,3000,"fast","control_informative",0.05,5,0.01,"","separate_mirage","pleiotropy","bfdr_power",0.05,0
20260834,22,500,15,3000,3000,3000,3000,"fast","control_informative",0.05,5,0.01,"","separate_mirage","pleiotropy","bfdr_discoveries",0.05,0
20260834,22,500,15,3000,3000,3000,3000,"fast","control_informative",0.05,5,0.01,"","separate_mirage","pleiotropy","bfdr_observed_fdp",0.1,0
20260834,22,500,15,3000,3000,3000,3000,"fast","control_informative",0.05,5,0.01,"","separate_mirage","pleiotropy","bfdr_estimate",0.1,0
20260834,22,500,15,3000,3000,3000,3000,"fast","control_informative",0.05,5,0.01,"","separate_mirage","pleiotropy","bfdr_power",0.1,0
20260834,22,500,15,3000,3000,3000,3000,"fast","control_informative",0.05,5,0.01,"","separate_mirage","pleiotropy","bfdr_discoveries",0.1,0
20260834,22,500,15,3000,3000,3000,3000,"fast","control_informative",0.05,5,0.01,"","separate_mirage","pleiotropy","bfdr_observed_fdp",0.2,0
20260834,22,500,15,3000,3000,3000,3000,"fast","control_informative",0.05,5,0.01,"","separate_mirage","pleiotropy","bfdr_estimate",0.2,0
20260834,22,500,15,3000,3000,3000,3000,"fast","control_informative",0.05,5,0.01,"","separate_mirage","pleiotropy","bfdr_power",0.2,0
20260834,22,500,15,3000,3000,3000,3000,"fast","control_informative",0.05,5,0.01,"","separate_mirage","pleiotropy","bfdr_discoveries",0.2,0
20260834,22,500,15,3000,3000,3000,3000,"fast","control_informative",0.05,5,0.01,"","separate_mirage","global","runtime_seconds",NA,18.052
20260834,22,500,15,3000,3000,3000,3000,"fast","control_informative",0.05,5,0.01,"","separate_mirage","pleiotropy","pi11_estimate",NA,0.001
20260834,22,500,15,3000,3000,3000,3000,"fast","control_informative",0.05,5,0.01,"","mtada_aggregated","trait1","auc",NA,0.68741052631579
20260834,22,500,15,3000,3000,3000,3000,"fast","control_informative",0.05,5,0.01,"","mtada_aggregated","trait2","auc",NA,0.763469387755102
20260834,22,500,15,3000,3000,3000,3000,"fast","control_informative",0.05,5,0.01,"","mtada_aggregated","pleiotropy","auc",NA,0.906666666666667
20260834,22,500,15,3000,3000,3000,3000,"fast","control_informative",0.05,5,0.01,"","mtada_aggregated","trait1","pp08_power",0.8,0.32
20260834,22,500,15,3000,3000,3000,3000,"fast","control_informative",0.05,5,0.01,"","mtada_aggregated","trait1","pp08_fdp",0.8,0.813953488372093
20260834,22,500,15,3000,3000,3000,3000,"fast","control_informative",0.05,5,0.01,"","mtada_aggregated","trait1","pp08_discoveries",0.8,43
20260834,22,500,15,3000,3000,3000,3000,"fast","control_informative",0.05,5,0.01,"","mtada_aggregated","trait2","pp08_power",0.8,0.1
20260834,22,500,15,3000,3000,3000,3000,"fast","control_informative",0.05,5,0.01,"","mtada_aggregated","trait2","pp08_fdp",0.8,0.970588235294118
20260834,22,500,15,3000,3000,3000,3000,"fast","control_informative",0.05,5,0.01,"","mtada_aggregated","trait2","pp08_discoveries",0.8,34
20260834,22,500,15,3000,3000,3000,3000,"fast","control_informative",0.05,5,0.01,"","mtada_aggregated","pleiotropy","pp08_power",0.8,0
20260834,22,500,15,3000,3000,3000,3000,"fast","control_informative",0.05,5,0.01,"","mtada_aggregated","pleiotropy","pp08_fdp",0.8,1
20260834,22,500,15,3000,3000,3000,3000,"fast","control_informative",0.05,5,0.01,"","mtada_aggregated","pleiotropy","pp08_discoveries",0.8,1
20260834,22,500,15,3000,3000,3000,3000,"fast","control_informative",0.05,5,0.01,"","mtada_aggregated","trait1","bfdr_observed_fdp",0.01,0.810810810810811
20260834,22,500,15,3000,3000,3000,3000,"fast","control_informative",0.05,5,0.01,"","mtada_aggregated","trait1","bfdr_estimate",0.01,0.00843813473659072
20260834,22,500,15,3000,3000,3000,3000,"fast","control_informative",0.05,5,0.01,"","mtada_aggregated","trait1","bfdr_power",0.01,0.28
20260834,22,500,15,3000,3000,3000,3000,"fast","control_informative",0.05,5,0.01,"","mtada_aggregated","trait1","bfdr_discoveries",0.01,37
20260834,22,500,15,3000,3000,3000,3000,"fast","control_informative",0.05,5,0.01,"","mtada_aggregated","trait1","bfdr_observed_fdp",0.05,0.833333333333333
20260834,22,500,15,3000,3000,3000,3000,"fast","control_informative",0.05,5,0.01,"","mtada_aggregated","trait1","bfdr_estimate",0.05,0.047089436757302
20260834,22,500,15,3000,3000,3000,3000,"fast","control_informative",0.05,5,0.01,"","mtada_aggregated","trait1","bfdr_power",0.05,0.32
20260834,22,500,15,3000,3000,3000,3000,"fast","control_informative",0.05,5,0.01,"","mtada_aggregated","trait1","bfdr_discoveries",0.05,48
20260834,22,500,15,3000,3000,3000,3000,"fast","control_informative",0.05,5,0.01,"","mtada_aggregated","trait1","bfdr_observed_fdp",0.1,0.857142857142857
20260834,22,500,15,3000,3000,3000,3000,"fast","control_informative",0.05,5,0.01,"","mtada_aggregated","trait1","bfdr_estimate",0.1,0.0997308300819817
20260834,22,500,15,3000,3000,3000,3000,"fast","control_informative",0.05,5,0.01,"","mtada_aggregated","trait1","bfdr_power",0.1,0.32
20260834,22,500,15,3000,3000,3000,3000,"fast","control_informative",0.05,5,0.01,"","mtada_aggregated","trait1","bfdr_discoveries",0.1,56
20260834,22,500,15,3000,3000,3000,3000,"fast","control_informative",0.05,5,0.01,"","mtada_aggregated","trait1","bfdr_observed_fdp",0.2,0.86764705882353
20260834,22,500,15,3000,3000,3000,3000,"fast","control_informative",0.05,5,0.01,"","mtada_aggregated","trait1","bfdr_estimate",0.2,0.198246166532345
20260834,22,500,15,3000,3000,3000,3000,"fast","control_informative",0.05,5,0.01,"","mtada_aggregated","trait1","bfdr_power",0.2,0.36
20260834,22,500,15,3000,3000,3000,3000,"fast","control_informative",0.05,5,0.01,"","mtada_aggregated","trait1","bfdr_discoveries",0.2,68
20260834,22,500,15,3000,3000,3000,3000,"fast","control_informative",0.05,5,0.01,"","mtada_aggregated","trait2","bfdr_observed_fdp",0.01,0.967741935483871
20260834,22,500,15,3000,3000,3000,3000,"fast","control_informative",0.05,5,0.01,"","mtada_aggregated","trait2","bfdr_estimate",0.01,0.00912419460836853
20260834,22,500,15,3000,3000,3000,3000,"fast","control_informative",0.05,5,0.01,"","mtada_aggregated","trait2","bfdr_power",0.01,0.1
20260834,22,500,15,3000,3000,3000,3000,"fast","control_informative",0.05,5,0.01,"","mtada_aggregated","trait2","bfdr_discoveries",0.01,31
20260834,22,500,15,3000,3000,3000,3000,"fast","control_informative",0.05,5,0.01,"","mtada_aggregated","trait2","bfdr_observed_fdp",0.05,0.973684210526316
20260834,22,500,15,3000,3000,3000,3000,"fast","control_informative",0.05,5,0.01,"","mtada_aggregated","trait2","bfdr_estimate",0.05,0.0461638838738838
20260834,22,500,15,3000,3000,3000,3000,"fast","control_informative",0.05,5,0.01,"","mtada_aggregated","trait2","bfdr_power",0.05,0.1
20260834,22,500,15,3000,3000,3000,3000,"fast","control_informative",0.05,5,0.01,"","mtada_aggregated","trait2","bfdr_discoveries",0.05,38
20260834,22,500,15,3000,3000,3000,3000,"fast","control_informative",0.05,5,0.01,"","mtada_aggregated","trait2","bfdr_observed_fdp",0.1,0.953488372093023
20260834,22,500,15,3000,3000,3000,3000,"fast","control_informative",0.05,5,0.01,"","mtada_aggregated","trait2","bfdr_estimate",0.1,0.0992432688095074
20260834,22,500,15,3000,3000,3000,3000,"fast","control_informative",0.05,5,0.01,"","mtada_aggregated","trait2","bfdr_power",0.1,0.2
20260834,22,500,15,3000,3000,3000,3000,"fast","control_informative",0.05,5,0.01,"","mtada_aggregated","trait2","bfdr_discoveries",0.1,43
20260834,22,500,15,3000,3000,3000,3000,"fast","control_informative",0.05,5,0.01,"","mtada_aggregated","trait2","bfdr_observed_fdp",0.2,0.941176470588235
20260834,22,500,15,3000,3000,3000,3000,"fast","control_informative",0.05,5,0.01,"","mtada_aggregated","trait2","bfdr_estimate",0.2,0.199348351890439
20260834,22,500,15,3000,3000,3000,3000,"fast","control_informative",0.05,5,0.01,"","mtada_aggregated","trait2","bfdr_power",0.2,0.3
20260834,22,500,15,3000,3000,3000,3000,"fast","control_informative",0.05,5,0.01,"","mtada_aggregated","trait2","bfdr_discoveries",0.2,51
20260834,22,500,15,3000,3000,3000,3000,"fast","control_informative",0.05,5,0.01,"","mtada_aggregated","pleiotropy","bfdr_observed_fdp",0.01,1
20260834,22,500,15,3000,3000,3000,3000,"fast","control_informative",0.05,5,0.01,"","mtada_aggregated","pleiotropy","bfdr_estimate",0.01,0.00783944415730942
20260834,22,500,15,3000,3000,3000,3000,"fast","control_informative",0.05,5,0.01,"","mtada_aggregated","pleiotropy","bfdr_power",0.01,0
20260834,22,500,15,3000,3000,3000,3000,"fast","control_informative",0.05,5,0.01,"","mtada_aggregated","pleiotropy","bfdr_discoveries",0.01,1
20260834,22,500,15,3000,3000,3000,3000,"fast","control_informative",0.05,5,0.01,"","mtada_aggregated","pleiotropy","bfdr_observed_fdp",0.05,1
20260834,22,500,15,3000,3000,3000,3000,"fast","control_informative",0.05,5,0.01,"","mtada_aggregated","pleiotropy","bfdr_estimate",0.05,0.00783944415730942
20260834,22,500,15,3000,3000,3000,3000,"fast","control_informative",0.05,5,0.01,"","mtada_aggregated","pleiotropy","bfdr_power",0.05,0
20260834,22,500,15,3000,3000,3000,3000,"fast","control_informative",0.05,5,0.01,"","mtada_aggregated","pleiotropy","bfdr_discoveries",0.05,1
20260834,22,500,15,3000,3000,3000,3000,"fast","control_informative",0.05,5,0.01,"","mtada_aggregated","pleiotropy","bfdr_observed_fdp",0.1,1
20260834,22,500,15,3000,3000,3000,3000,"fast","control_informative",0.05,5,0.01,"","mtada_aggregated","pleiotropy","bfdr_estimate",0.1,0.00783944415730942
20260834,22,500,15,3000,3000,3000,3000,"fast","control_informative",0.05,5,0.01,"","mtada_aggregated","pleiotropy","bfdr_power",0.1,0
20260834,22,500,15,3000,3000,3000,3000,"fast","control_informative",0.05,5,0.01,"","mtada_aggregated","pleiotropy","bfdr_discoveries",0.1,1
20260834,22,500,15,3000,3000,3000,3000,"fast","control_informative",0.05,5,0.01,"","mtada_aggregated","pleiotropy","bfdr_observed_fdp",0.2,1
20260834,22,500,15,3000,3000,3000,3000,"fast","control_informative",0.05,5,0.01,"","mtada_aggregated","pleiotropy","bfdr_estimate",0.2,0.136663558653937
20260834,22,500,15,3000,3000,3000,3000,"fast","control_informative",0.05,5,0.01,"","mtada_aggregated","pleiotropy","bfdr_power",0.2,0
20260834,22,500,15,3000,3000,3000,3000,"fast","control_informative",0.05,5,0.01,"","mtada_aggregated","pleiotropy","bfdr_discoveries",0.2,2
20260834,22,500,15,3000,3000,3000,3000,"fast","control_informative",0.05,5,0.01,"","mtada_aggregated","global","runtime_seconds",NA,0.769000000000005
20260834,22,500,15,3000,3000,3000,3000,"fast","control_informative",0.05,5,0.01,"","mtada_aggregated","pleiotropy","pi11_estimate",NA,0.00155097
20260835,23,500,15,3000,3000,3000,3000,"fast","control_informative",0.05,5,0.01,"","mirage_joint","trait1","auc",NA,0.768673684210526
20260835,23,500,15,3000,3000,3000,3000,"fast","control_informative",0.05,5,0.01,"","mirage_joint","trait2","auc",NA,0.589795918367347
20260835,23,500,15,3000,3000,3000,3000,"fast","control_informative",0.05,5,0.01,"","mirage_joint","pleiotropy","auc",NA,0.624646464646465
20260835,23,500,15,3000,3000,3000,3000,"fast","control_informative",0.05,5,0.01,"","mirage_joint","trait1","pp08_power",0.8,0.12
20260835,23,500,15,3000,3000,3000,3000,"fast","control_informative",0.05,5,0.01,"","mirage_joint","trait1","pp08_fdp",0.8,0
20260835,23,500,15,3000,3000,3000,3000,"fast","control_informative",0.05,5,0.01,"","mirage_joint","trait1","pp08_discoveries",0.8,3
20260835,23,500,15,3000,3000,3000,3000,"fast","control_informative",0.05,5,0.01,"","mirage_joint","trait2","pp08_power",0.8,0
20260835,23,500,15,3000,3000,3000,3000,"fast","control_informative",0.05,5,0.01,"","mirage_joint","trait2","pp08_fdp",0.8,0
20260835,23,500,15,3000,3000,3000,3000,"fast","control_informative",0.05,5,0.01,"","mirage_joint","trait2","pp08_discoveries",0.8,0
20260835,23,500,15,3000,3000,3000,3000,"fast","control_informative",0.05,5,0.01,"","mirage_joint","pleiotropy","pp08_power",0.8,0
20260835,23,500,15,3000,3000,3000,3000,"fast","control_informative",0.05,5,0.01,"","mirage_joint","pleiotropy","pp08_fdp",0.8,0
20260835,23,500,15,3000,3000,3000,3000,"fast","control_informative",0.05,5,0.01,"","mirage_joint","pleiotropy","pp08_discoveries",0.8,0
20260835,23,500,15,3000,3000,3000,3000,"fast","control_informative",0.05,5,0.01,"","mirage_joint","trait1","bfdr_observed_fdp",0.01,0
20260835,23,500,15,3000,3000,3000,3000,"fast","control_informative",0.05,5,0.01,"","mirage_joint","trait1","bfdr_estimate",0.01,0.00105345702581594
20260835,23,500,15,3000,3000,3000,3000,"fast","control_informative",0.05,5,0.01,"","mirage_joint","trait1","bfdr_power",0.01,0.04
20260835,23,500,15,3000,3000,3000,3000,"fast","control_informative",0.05,5,0.01,"","mirage_joint","trait1","bfdr_discoveries",0.01,1
20260835,23,500,15,3000,3000,3000,3000,"fast","control_informative",0.05,5,0.01,"","mirage_joint","trait1","bfdr_observed_fdp",0.05,0
20260835,23,500,15,3000,3000,3000,3000,"fast","control_informative",0.05,5,0.01,"","mirage_joint","trait1","bfdr_estimate",0.05,0.0328199825545231
20260835,23,500,15,3000,3000,3000,3000,"fast","control_informative",0.05,5,0.01,"","mirage_joint","trait1","bfdr_power",0.05,0.12
20260835,23,500,15,3000,3000,3000,3000,"fast","control_informative",0.05,5,0.01,"","mirage_joint","trait1","bfdr_discoveries",0.05,3
20260835,23,500,15,3000,3000,3000,3000,"fast","control_informative",0.05,5,0.01,"","mirage_joint","trait1","bfdr_observed_fdp",0.1,0
20260835,23,500,15,3000,3000,3000,3000,"fast","control_informative",0.05,5,0.01,"","mirage_joint","trait1","bfdr_estimate",0.1,0.0328199825545231
20260835,23,500,15,3000,3000,3000,3000,"fast","control_informative",0.05,5,0.01,"","mirage_joint","trait1","bfdr_power",0.1,0.12
20260835,23,500,15,3000,3000,3000,3000,"fast","control_informative",0.05,5,0.01,"","mirage_joint","trait1","bfdr_discoveries",0.1,3
20260835,23,500,15,3000,3000,3000,3000,"fast","control_informative",0.05,5,0.01,"","mirage_joint","trait1","bfdr_observed_fdp",0.2,0.4
20260835,23,500,15,3000,3000,3000,3000,"fast","control_informative",0.05,5,0.01,"","mirage_joint","trait1","bfdr_estimate",0.2,0.165448745772166
20260835,23,500,15,3000,3000,3000,3000,"fast","control_informative",0.05,5,0.01,"","mirage_joint","trait1","bfdr_power",0.2,0.12
20260835,23,500,15,3000,3000,3000,3000,"fast","control_informative",0.05,5,0.01,"","mirage_joint","trait1","bfdr_discoveries",0.2,5
20260835,23,500,15,3000,3000,3000,3000,"fast","control_informative",0.05,5,0.01,"","mirage_joint","trait2","bfdr_observed_fdp",0.01,0
20260835,23,500,15,3000,3000,3000,3000,"fast","control_informative",0.05,5,0.01,"","mirage_joint","trait2","bfdr_estimate",0.01,0
20260835,23,500,15,3000,3000,3000,3000,"fast","control_informative",0.05,5,0.01,"","mirage_joint","trait2","bfdr_power",0.01,0
20260835,23,500,15,3000,3000,3000,3000,"fast","control_informative",0.05,5,0.01,"","mirage_joint","trait2","bfdr_discoveries",0.01,0
20260835,23,500,15,3000,3000,3000,3000,"fast","control_informative",0.05,5,0.01,"","mirage_joint","trait2","bfdr_observed_fdp",0.05,0
20260835,23,500,15,3000,3000,3000,3000,"fast","control_informative",0.05,5,0.01,"","mirage_joint","trait2","bfdr_estimate",0.05,0
20260835,23,500,15,3000,3000,3000,3000,"fast","control_informative",0.05,5,0.01,"","mirage_joint","trait2","bfdr_power",0.05,0
20260835,23,500,15,3000,3000,3000,3000,"fast","control_informative",0.05,5,0.01,"","mirage_joint","trait2","bfdr_discoveries",0.05,0
20260835,23,500,15,3000,3000,3000,3000,"fast","control_informative",0.05,5,0.01,"","mirage_joint","trait2","bfdr_observed_fdp",0.1,0
20260835,23,500,15,3000,3000,3000,3000,"fast","control_informative",0.05,5,0.01,"","mirage_joint","trait2","bfdr_estimate",0.1,0
20260835,23,500,15,3000,3000,3000,3000,"fast","control_informative",0.05,5,0.01,"","mirage_joint","trait2","bfdr_power",0.1,0
20260835,23,500,15,3000,3000,3000,3000,"fast","control_informative",0.05,5,0.01,"","mirage_joint","trait2","bfdr_discoveries",0.1,0
20260835,23,500,15,3000,3000,3000,3000,"fast","control_informative",0.05,5,0.01,"","mirage_joint","trait2","bfdr_observed_fdp",0.2,0
20260835,23,500,15,3000,3000,3000,3000,"fast","control_informative",0.05,5,0.01,"","mirage_joint","trait2","bfdr_estimate",0.2,0
20260835,23,500,15,3000,3000,3000,3000,"fast","control_informative",0.05,5,0.01,"","mirage_joint","trait2","bfdr_power",0.2,0
20260835,23,500,15,3000,3000,3000,3000,"fast","control_informative",0.05,5,0.01,"","mirage_joint","trait2","bfdr_discoveries",0.2,0
20260835,23,500,15,3000,3000,3000,3000,"fast","control_informative",0.05,5,0.01,"","mirage_joint","pleiotropy","bfdr_observed_fdp",0.01,0
20260835,23,500,15,3000,3000,3000,3000,"fast","control_informative",0.05,5,0.01,"","mirage_joint","pleiotropy","bfdr_estimate",0.01,0
20260835,23,500,15,3000,3000,3000,3000,"fast","control_informative",0.05,5,0.01,"","mirage_joint","pleiotropy","bfdr_power",0.01,0
20260835,23,500,15,3000,3000,3000,3000,"fast","control_informative",0.05,5,0.01,"","mirage_joint","pleiotropy","bfdr_discoveries",0.01,0
20260835,23,500,15,3000,3000,3000,3000,"fast","control_informative",0.05,5,0.01,"","mirage_joint","pleiotropy","bfdr_observed_fdp",0.05,0
20260835,23,500,15,3000,3000,3000,3000,"fast","control_informative",0.05,5,0.01,"","mirage_joint","pleiotropy","bfdr_estimate",0.05,0
20260835,23,500,15,3000,3000,3000,3000,"fast","control_informative",0.05,5,0.01,"","mirage_joint","pleiotropy","bfdr_power",0.05,0
20260835,23,500,15,3000,3000,3000,3000,"fast","control_informative",0.05,5,0.01,"","mirage_joint","pleiotropy","bfdr_discoveries",0.05,0
20260835,23,500,15,3000,3000,3000,3000,"fast","control_informative",0.05,5,0.01,"","mirage_joint","pleiotropy","bfdr_observed_fdp",0.1,0
20260835,23,500,15,3000,3000,3000,3000,"fast","control_informative",0.05,5,0.01,"","mirage_joint","pleiotropy","bfdr_estimate",0.1,0
20260835,23,500,15,3000,3000,3000,3000,"fast","control_informative",0.05,5,0.01,"","mirage_joint","pleiotropy","bfdr_power",0.1,0
20260835,23,500,15,3000,3000,3000,3000,"fast","control_informative",0.05,5,0.01,"","mirage_joint","pleiotropy","bfdr_discoveries",0.1,0
20260835,23,500,15,3000,3000,3000,3000,"fast","control_informative",0.05,5,0.01,"","mirage_joint","pleiotropy","bfdr_observed_fdp",0.2,0
20260835,23,500,15,3000,3000,3000,3000,"fast","control_informative",0.05,5,0.01,"","mirage_joint","pleiotropy","bfdr_estimate",0.2,0
20260835,23,500,15,3000,3000,3000,3000,"fast","control_informative",0.05,5,0.01,"","mirage_joint","pleiotropy","bfdr_power",0.2,0
20260835,23,500,15,3000,3000,3000,3000,"fast","control_informative",0.05,5,0.01,"","mirage_joint","pleiotropy","bfdr_discoveries",0.2,0
20260835,23,500,15,3000,3000,3000,3000,"fast","control_informative",0.05,5,0.01,"","mirage_joint","global","runtime_seconds",NA,18.017
20260835,23,500,15,3000,3000,3000,3000,"fast","control_informative",0.05,5,0.01,"","mirage_joint","pleiotropy","pi11_estimate",NA,0.0322165680470839
20260835,23,500,15,3000,3000,3000,3000,"fast","control_informative",0.05,5,0.01,"","separate_mirage","trait1","auc",NA,0.755705263157895
20260835,23,500,15,3000,3000,3000,3000,"fast","control_informative",0.05,5,0.01,"","separate_mirage","trait2","auc",NA,0.641428571428571
20260835,23,500,15,3000,3000,3000,3000,"fast","control_informative",0.05,5,0.01,"","separate_mirage","pleiotropy","auc",NA,0.627878787878788
20260835,23,500,15,3000,3000,3000,3000,"fast","control_informative",0.05,5,0.01,"","separate_mirage","trait1","pp08_power",0.8,0.12
20260835,23,500,15,3000,3000,3000,3000,"fast","control_informative",0.05,5,0.01,"","separate_mirage","trait1","pp08_fdp",0.8,0
20260835,23,500,15,3000,3000,3000,3000,"fast","control_informative",0.05,5,0.01,"","separate_mirage","trait1","pp08_discoveries",0.8,3
20260835,23,500,15,3000,3000,3000,3000,"fast","control_informative",0.05,5,0.01,"","separate_mirage","trait2","pp08_power",0.8,0
20260835,23,500,15,3000,3000,3000,3000,"fast","control_informative",0.05,5,0.01,"","separate_mirage","trait2","pp08_fdp",0.8,0
20260835,23,500,15,3000,3000,3000,3000,"fast","control_informative",0.05,5,0.01,"","separate_mirage","trait2","pp08_discoveries",0.8,0
20260835,23,500,15,3000,3000,3000,3000,"fast","control_informative",0.05,5,0.01,"","separate_mirage","pleiotropy","pp08_power",0.8,0
20260835,23,500,15,3000,3000,3000,3000,"fast","control_informative",0.05,5,0.01,"","separate_mirage","pleiotropy","pp08_fdp",0.8,0
20260835,23,500,15,3000,3000,3000,3000,"fast","control_informative",0.05,5,0.01,"","separate_mirage","pleiotropy","pp08_discoveries",0.8,0
20260835,23,500,15,3000,3000,3000,3000,"fast","control_informative",0.05,5,0.01,"","separate_mirage","trait1","bfdr_observed_fdp",0.01,0
20260835,23,500,15,3000,3000,3000,3000,"fast","control_informative",0.05,5,0.01,"","separate_mirage","trait1","bfdr_estimate",0.01,0.00149981742718686
20260835,23,500,15,3000,3000,3000,3000,"fast","control_informative",0.05,5,0.01,"","separate_mirage","trait1","bfdr_power",0.01,0.04
20260835,23,500,15,3000,3000,3000,3000,"fast","control_informative",0.05,5,0.01,"","separate_mirage","trait1","bfdr_discoveries",0.01,1
20260835,23,500,15,3000,3000,3000,3000,"fast","control_informative",0.05,5,0.01,"","separate_mirage","trait1","bfdr_observed_fdp",0.05,0
20260835,23,500,15,3000,3000,3000,3000,"fast","control_informative",0.05,5,0.01,"","separate_mirage","trait1","bfdr_estimate",0.05,0.0386082082780319
20260835,23,500,15,3000,3000,3000,3000,"fast","control_informative",0.05,5,0.01,"","separate_mirage","trait1","bfdr_power",0.05,0.12
20260835,23,500,15,3000,3000,3000,3000,"fast","control_informative",0.05,5,0.01,"","separate_mirage","trait1","bfdr_discoveries",0.05,3
20260835,23,500,15,3000,3000,3000,3000,"fast","control_informative",0.05,5,0.01,"","separate_mirage","trait1","bfdr_observed_fdp",0.1,0
20260835,23,500,15,3000,3000,3000,3000,"fast","control_informative",0.05,5,0.01,"","separate_mirage","trait1","bfdr_estimate",0.1,0.0386082082780319
20260835,23,500,15,3000,3000,3000,3000,"fast","control_informative",0.05,5,0.01,"","separate_mirage","trait1","bfdr_power",0.1,0.12
20260835,23,500,15,3000,3000,3000,3000,"fast","control_informative",0.05,5,0.01,"","separate_mirage","trait1","bfdr_discoveries",0.1,3
20260835,23,500,15,3000,3000,3000,3000,"fast","control_informative",0.05,5,0.01,"","separate_mirage","trait1","bfdr_observed_fdp",0.2,0.25
20260835,23,500,15,3000,3000,3000,3000,"fast","control_informative",0.05,5,0.01,"","separate_mirage","trait1","bfdr_estimate",0.2,0.145621781886319
20260835,23,500,15,3000,3000,3000,3000,"fast","control_informative",0.05,5,0.01,"","separate_mirage","trait1","bfdr_power",0.2,0.12
20260835,23,500,15,3000,3000,3000,3000,"fast","control_informative",0.05,5,0.01,"","separate_mirage","trait1","bfdr_discoveries",0.2,4
20260835,23,500,15,3000,3000,3000,3000,"fast","control_informative",0.05,5,0.01,"","separate_mirage","trait2","bfdr_observed_fdp",0.01,0
20260835,23,500,15,3000,3000,3000,3000,"fast","control_informative",0.05,5,0.01,"","separate_mirage","trait2","bfdr_estimate",0.01,0
20260835,23,500,15,3000,3000,3000,3000,"fast","control_informative",0.05,5,0.01,"","separate_mirage","trait2","bfdr_power",0.01,0
20260835,23,500,15,3000,3000,3000,3000,"fast","control_informative",0.05,5,0.01,"","separate_mirage","trait2","bfdr_discoveries",0.01,0
20260835,23,500,15,3000,3000,3000,3000,"fast","control_informative",0.05,5,0.01,"","separate_mirage","trait2","bfdr_observed_fdp",0.05,0
20260835,23,500,15,3000,3000,3000,3000,"fast","control_informative",0.05,5,0.01,"","separate_mirage","trait2","bfdr_estimate",0.05,0
20260835,23,500,15,3000,3000,3000,3000,"fast","control_informative",0.05,5,0.01,"","separate_mirage","trait2","bfdr_power",0.05,0
20260835,23,500,15,3000,3000,3000,3000,"fast","control_informative",0.05,5,0.01,"","separate_mirage","trait2","bfdr_discoveries",0.05,0
20260835,23,500,15,3000,3000,3000,3000,"fast","control_informative",0.05,5,0.01,"","separate_mirage","trait2","bfdr_observed_fdp",0.1,0
20260835,23,500,15,3000,3000,3000,3000,"fast","control_informative",0.05,5,0.01,"","separate_mirage","trait2","bfdr_estimate",0.1,0
20260835,23,500,15,3000,3000,3000,3000,"fast","control_informative",0.05,5,0.01,"","separate_mirage","trait2","bfdr_power",0.1,0
20260835,23,500,15,3000,3000,3000,3000,"fast","control_informative",0.05,5,0.01,"","separate_mirage","trait2","bfdr_discoveries",0.1,0
20260835,23,500,15,3000,3000,3000,3000,"fast","control_informative",0.05,5,0.01,"","separate_mirage","trait2","bfdr_observed_fdp",0.2,0
20260835,23,500,15,3000,3000,3000,3000,"fast","control_informative",0.05,5,0.01,"","separate_mirage","trait2","bfdr_estimate",0.2,0
20260835,23,500,15,3000,3000,3000,3000,"fast","control_informative",0.05,5,0.01,"","separate_mirage","trait2","bfdr_power",0.2,0
20260835,23,500,15,3000,3000,3000,3000,"fast","control_informative",0.05,5,0.01,"","separate_mirage","trait2","bfdr_discoveries",0.2,0
20260835,23,500,15,3000,3000,3000,3000,"fast","control_informative",0.05,5,0.01,"","separate_mirage","pleiotropy","bfdr_observed_fdp",0.01,0
20260835,23,500,15,3000,3000,3000,3000,"fast","control_informative",0.05,5,0.01,"","separate_mirage","pleiotropy","bfdr_estimate",0.01,0
20260835,23,500,15,3000,3000,3000,3000,"fast","control_informative",0.05,5,0.01,"","separate_mirage","pleiotropy","bfdr_power",0.01,0
20260835,23,500,15,3000,3000,3000,3000,"fast","control_informative",0.05,5,0.01,"","separate_mirage","pleiotropy","bfdr_discoveries",0.01,0
20260835,23,500,15,3000,3000,3000,3000,"fast","control_informative",0.05,5,0.01,"","separate_mirage","pleiotropy","bfdr_observed_fdp",0.05,0
20260835,23,500,15,3000,3000,3000,3000,"fast","control_informative",0.05,5,0.01,"","separate_mirage","pleiotropy","bfdr_estimate",0.05,0
20260835,23,500,15,3000,3000,3000,3000,"fast","control_informative",0.05,5,0.01,"","separate_mirage","pleiotropy","bfdr_power",0.05,0
20260835,23,500,15,3000,3000,3000,3000,"fast","control_informative",0.05,5,0.01,"","separate_mirage","pleiotropy","bfdr_discoveries",0.05,0
20260835,23,500,15,3000,3000,3000,3000,"fast","control_informative",0.05,5,0.01,"","separate_mirage","pleiotropy","bfdr_observed_fdp",0.1,0
20260835,23,500,15,3000,3000,3000,3000,"fast","control_informative",0.05,5,0.01,"","separate_mirage","pleiotropy","bfdr_estimate",0.1,0
20260835,23,500,15,3000,3000,3000,3000,"fast","control_informative",0.05,5,0.01,"","separate_mirage","pleiotropy","bfdr_power",0.1,0
20260835,23,500,15,3000,3000,3000,3000,"fast","control_informative",0.05,5,0.01,"","separate_mirage","pleiotropy","bfdr_discoveries",0.1,0
20260835,23,500,15,3000,3000,3000,3000,"fast","control_informative",0.05,5,0.01,"","separate_mirage","pleiotropy","bfdr_observed_fdp",0.2,0
20260835,23,500,15,3000,3000,3000,3000,"fast","control_informative",0.05,5,0.01,"","separate_mirage","pleiotropy","bfdr_estimate",0.2,0
20260835,23,500,15,3000,3000,3000,3000,"fast","control_informative",0.05,5,0.01,"","separate_mirage","pleiotropy","bfdr_power",0.2,0
20260835,23,500,15,3000,3000,3000,3000,"fast","control_informative",0.05,5,0.01,"","separate_mirage","pleiotropy","bfdr_discoveries",0.2,0
20260835,23,500,15,3000,3000,3000,3000,"fast","control_informative",0.05,5,0.01,"","separate_mirage","global","runtime_seconds",NA,18.051
20260835,23,500,15,3000,3000,3000,3000,"fast","control_informative",0.05,5,0.01,"","separate_mirage","pleiotropy","pi11_estimate",NA,0.001
20260835,23,500,15,3000,3000,3000,3000,"fast","control_informative",0.05,5,0.01,"","mtada_aggregated","trait1","auc",NA,0.635957894736842
20260835,23,500,15,3000,3000,3000,3000,"fast","control_informative",0.05,5,0.01,"","mtada_aggregated","trait2","auc",NA,0.716326530612245
20260835,23,500,15,3000,3000,3000,3000,"fast","control_informative",0.05,5,0.01,"","mtada_aggregated","pleiotropy","auc",NA,0.676767676767677
20260835,23,500,15,3000,3000,3000,3000,"fast","control_informative",0.05,5,0.01,"","mtada_aggregated","trait1","pp08_power",0.8,0.28
20260835,23,500,15,3000,3000,3000,3000,"fast","control_informative",0.05,5,0.01,"","mtada_aggregated","trait1","pp08_fdp",0.8,0.87037037037037
20260835,23,500,15,3000,3000,3000,3000,"fast","control_informative",0.05,5,0.01,"","mtada_aggregated","trait1","pp08_discoveries",0.8,54
20260835,23,500,15,3000,3000,3000,3000,"fast","control_informative",0.05,5,0.01,"","mtada_aggregated","trait2","pp08_power",0.8,0.1
20260835,23,500,15,3000,3000,3000,3000,"fast","control_informative",0.05,5,0.01,"","mtada_aggregated","trait2","pp08_fdp",0.8,0.974358974358974
20260835,23,500,15,3000,3000,3000,3000,"fast","control_informative",0.05,5,0.01,"","mtada_aggregated","trait2","pp08_discoveries",0.8,39
20260835,23,500,15,3000,3000,3000,3000,"fast","control_informative",0.05,5,0.01,"","mtada_aggregated","pleiotropy","pp08_power",0.8,0
20260835,23,500,15,3000,3000,3000,3000,"fast","control_informative",0.05,5,0.01,"","mtada_aggregated","pleiotropy","pp08_fdp",0.8,1
20260835,23,500,15,3000,3000,3000,3000,"fast","control_informative",0.05,5,0.01,"","mtada_aggregated","pleiotropy","pp08_discoveries",0.8,6
20260835,23,500,15,3000,3000,3000,3000,"fast","control_informative",0.05,5,0.01,"","mtada_aggregated","trait1","bfdr_observed_fdp",0.01,0.851063829787234
20260835,23,500,15,3000,3000,3000,3000,"fast","control_informative",0.05,5,0.01,"","mtada_aggregated","trait1","bfdr_estimate",0.01,0.00975963090677876
20260835,23,500,15,3000,3000,3000,3000,"fast","control_informative",0.05,5,0.01,"","mtada_aggregated","trait1","bfdr_power",0.01,0.28
20260835,23,500,15,3000,3000,3000,3000,"fast","control_informative",0.05,5,0.01,"","mtada_aggregated","trait1","bfdr_discoveries",0.01,47
20260835,23,500,15,3000,3000,3000,3000,"fast","control_informative",0.05,5,0.01,"","mtada_aggregated","trait1","bfdr_observed_fdp",0.05,0.883333333333333
20260835,23,500,15,3000,3000,3000,3000,"fast","control_informative",0.05,5,0.01,"","mtada_aggregated","trait1","bfdr_estimate",0.05,0.047665510210861
20260835,23,500,15,3000,3000,3000,3000,"fast","control_informative",0.05,5,0.01,"","mtada_aggregated","trait1","bfdr_power",0.05,0.28
20260835,23,500,15,3000,3000,3000,3000,"fast","control_informative",0.05,5,0.01,"","mtada_aggregated","trait1","bfdr_discoveries",0.05,60
20260835,23,500,15,3000,3000,3000,3000,"fast","control_informative",0.05,5,0.01,"","mtada_aggregated","trait1","bfdr_observed_fdp",0.1,0.898550724637681
20260835,23,500,15,3000,3000,3000,3000,"fast","control_informative",0.05,5,0.01,"","mtada_aggregated","trait1","bfdr_estimate",0.1,0.0965107464800363
20260835,23,500,15,3000,3000,3000,3000,"fast","control_informative",0.05,5,0.01,"","mtada_aggregated","trait1","bfdr_power",0.1,0.28
20260835,23,500,15,3000,3000,3000,3000,"fast","control_informative",0.05,5,0.01,"","mtada_aggregated","trait1","bfdr_discoveries",0.1,69
20260835,23,500,15,3000,3000,3000,3000,"fast","control_informative",0.05,5,0.01,"","mtada_aggregated","trait1","bfdr_observed_fdp",0.2,0.903614457831325
20260835,23,500,15,3000,3000,3000,3000,"fast","control_informative",0.05,5,0.01,"","mtada_aggregated","trait1","bfdr_estimate",0.2,0.196645051376036
20260835,23,500,15,3000,3000,3000,3000,"fast","control_informative",0.05,5,0.01,"","mtada_aggregated","trait1","bfdr_power",0.2,0.32
20260835,23,500,15,3000,3000,3000,3000,"fast","control_informative",0.05,5,0.01,"","mtada_aggregated","trait1","bfdr_discoveries",0.2,83
20260835,23,500,15,3000,3000,3000,3000,"fast","control_informative",0.05,5,0.01,"","mtada_aggregated","trait2","bfdr_observed_fdp",0.01,1
20260835,23,500,15,3000,3000,3000,3000,"fast","control_informative",0.05,5,0.01,"","mtada_aggregated","trait2","bfdr_estimate",0.01,0.00875434875762777
20260835,23,500,15,3000,3000,3000,3000,"fast","control_informative",0.05,5,0.01,"","mtada_aggregated","trait2","bfdr_power",0.01,0
20260835,23,500,15,3000,3000,3000,3000,"fast","control_informative",0.05,5,0.01,"","mtada_aggregated","trait2","bfdr_discoveries",0.01,35
20260835,23,500,15,3000,3000,3000,3000,"fast","control_informative",0.05,5,0.01,"","mtada_aggregated","trait2","bfdr_observed_fdp",0.05,0.976744186046512
20260835,23,500,15,3000,3000,3000,3000,"fast","control_informative",0.05,5,0.01,"","mtada_aggregated","trait2","bfdr_estimate",0.05,0.0471014108562895
20260835,23,500,15,3000,3000,3000,3000,"fast","control_informative",0.05,5,0.01,"","mtada_aggregated","trait2","bfdr_power",0.05,0.1
20260835,23,500,15,3000,3000,3000,3000,"fast","control_informative",0.05,5,0.01,"","mtada_aggregated","trait2","bfdr_discoveries",0.05,43
20260835,23,500,15,3000,3000,3000,3000,"fast","control_informative",0.05,5,0.01,"","mtada_aggregated","trait2","bfdr_observed_fdp",0.1,0.938775510204082
20260835,23,500,15,3000,3000,3000,3000,"fast","control_informative",0.05,5,0.01,"","mtada_aggregated","trait2","bfdr_estimate",0.1,0.0971921417725007
20260835,23,500,15,3000,3000,3000,3000,"fast","control_informative",0.05,5,0.01,"","mtada_aggregated","trait2","bfdr_power",0.1,0.3
20260835,23,500,15,3000,3000,3000,3000,"fast","control_informative",0.05,5,0.01,"","mtada_aggregated","trait2","bfdr_discoveries",0.1,49
20260835,23,500,15,3000,3000,3000,3000,"fast","control_informative",0.05,5,0.01,"","mtada_aggregated","trait2","bfdr_observed_fdp",0.2,0.948275862068966
20260835,23,500,15,3000,3000,3000,3000,"fast","control_informative",0.05,5,0.01,"","mtada_aggregated","trait2","bfdr_estimate",0.2,0.197170222770564
20260835,23,500,15,3000,3000,3000,3000,"fast","control_informative",0.05,5,0.01,"","mtada_aggregated","trait2","bfdr_power",0.2,0.3
20260835,23,500,15,3000,3000,3000,3000,"fast","control_informative",0.05,5,0.01,"","mtada_aggregated","trait2","bfdr_discoveries",0.2,58
20260835,23,500,15,3000,3000,3000,3000,"fast","control_informative",0.05,5,0.01,"","mtada_aggregated","pleiotropy","bfdr_observed_fdp",0.01,1
20260835,23,500,15,3000,3000,3000,3000,"fast","control_informative",0.05,5,0.01,"","mtada_aggregated","pleiotropy","bfdr_estimate",0.01,0.00821625184899866
20260835,23,500,15,3000,3000,3000,3000,"fast","control_informative",0.05,5,0.01,"","mtada_aggregated","pleiotropy","bfdr_power",0.01,0
20260835,23,500,15,3000,3000,3000,3000,"fast","control_informative",0.05,5,0.01,"","mtada_aggregated","pleiotropy","bfdr_discoveries",0.01,3
20260835,23,500,15,3000,3000,3000,3000,"fast","control_informative",0.05,5,0.01,"","mtada_aggregated","pleiotropy","bfdr_observed_fdp",0.05,1
20260835,23,500,15,3000,3000,3000,3000,"fast","control_informative",0.05,5,0.01,"","mtada_aggregated","pleiotropy","bfdr_estimate",0.05,0.0458204218318086
20260835,23,500,15,3000,3000,3000,3000,"fast","control_informative",0.05,5,0.01,"","mtada_aggregated","pleiotropy","bfdr_power",0.05,0
20260835,23,500,15,3000,3000,3000,3000,"fast","control_informative",0.05,5,0.01,"","mtada_aggregated","pleiotropy","bfdr_discoveries",0.05,6
20260835,23,500,15,3000,3000,3000,3000,"fast","control_informative",0.05,5,0.01,"","mtada_aggregated","pleiotropy","bfdr_observed_fdp",0.1,1
20260835,23,500,15,3000,3000,3000,3000,"fast","control_informative",0.05,5,0.01,"","mtada_aggregated","pleiotropy","bfdr_estimate",0.1,0.0894379151078884
20260835,23,500,15,3000,3000,3000,3000,"fast","control_informative",0.05,5,0.01,"","mtada_aggregated","pleiotropy","bfdr_power",0.1,0
20260835,23,500,15,3000,3000,3000,3000,"fast","control_informative",0.05,5,0.01,"","mtada_aggregated","pleiotropy","bfdr_discoveries",0.1,7
20260835,23,500,15,3000,3000,3000,3000,"fast","control_informative",0.05,5,0.01,"","mtada_aggregated","pleiotropy","bfdr_observed_fdp",0.2,1
20260835,23,500,15,3000,3000,3000,3000,"fast","control_informative",0.05,5,0.01,"","mtada_aggregated","pleiotropy","bfdr_estimate",0.2,0.1952250406153
20260835,23,500,15,3000,3000,3000,3000,"fast","control_informative",0.05,5,0.01,"","mtada_aggregated","pleiotropy","bfdr_power",0.2,0
20260835,23,500,15,3000,3000,3000,3000,"fast","control_informative",0.05,5,0.01,"","mtada_aggregated","pleiotropy","bfdr_discoveries",0.2,9
20260835,23,500,15,3000,3000,3000,3000,"fast","control_informative",0.05,5,0.01,"","mtada_aggregated","global","runtime_seconds",NA,0.704999999999984
20260835,23,500,15,3000,3000,3000,3000,"fast","control_informative",0.05,5,0.01,"","mtada_aggregated","pleiotropy","pi11_estimate",NA,0.00294719
20260836,24,500,15,3000,3000,3000,3000,"fast","control_informative",0.05,5,0.01,"","mirage_joint","trait1","auc",NA,0.663073684210526
20260836,24,500,15,3000,3000,3000,3000,"fast","control_informative",0.05,5,0.01,"","mirage_joint","trait2","auc",NA,0.661020408163265
20260836,24,500,15,3000,3000,3000,3000,"fast","control_informative",0.05,5,0.01,"","mirage_joint","pleiotropy","auc",NA,0.538181818181818
20260836,24,500,15,3000,3000,3000,3000,"fast","control_informative",0.05,5,0.01,"","mirage_joint","trait1","pp08_power",0.8,0.08
20260836,24,500,15,3000,3000,3000,3000,"fast","control_informative",0.05,5,0.01,"","mirage_joint","trait1","pp08_fdp",0.8,0
20260836,24,500,15,3000,3000,3000,3000,"fast","control_informative",0.05,5,0.01,"","mirage_joint","trait1","pp08_discoveries",0.8,2
20260836,24,500,15,3000,3000,3000,3000,"fast","control_informative",0.05,5,0.01,"","mirage_joint","trait2","pp08_power",0.8,0.2
20260836,24,500,15,3000,3000,3000,3000,"fast","control_informative",0.05,5,0.01,"","mirage_joint","trait2","pp08_fdp",0.8,0
20260836,24,500,15,3000,3000,3000,3000,"fast","control_informative",0.05,5,0.01,"","mirage_joint","trait2","pp08_discoveries",0.8,2
20260836,24,500,15,3000,3000,3000,3000,"fast","control_informative",0.05,5,0.01,"","mirage_joint","pleiotropy","pp08_power",0.8,0
20260836,24,500,15,3000,3000,3000,3000,"fast","control_informative",0.05,5,0.01,"","mirage_joint","pleiotropy","pp08_fdp",0.8,0
20260836,24,500,15,3000,3000,3000,3000,"fast","control_informative",0.05,5,0.01,"","mirage_joint","pleiotropy","pp08_discoveries",0.8,0
20260836,24,500,15,3000,3000,3000,3000,"fast","control_informative",0.05,5,0.01,"","mirage_joint","trait1","bfdr_observed_fdp",0.01,0
20260836,24,500,15,3000,3000,3000,3000,"fast","control_informative",0.05,5,0.01,"","mirage_joint","trait1","bfdr_estimate",0.01,2.70576339111983e-11
20260836,24,500,15,3000,3000,3000,3000,"fast","control_informative",0.05,5,0.01,"","mirage_joint","trait1","bfdr_power",0.01,0.08
20260836,24,500,15,3000,3000,3000,3000,"fast","control_informative",0.05,5,0.01,"","mirage_joint","trait1","bfdr_discoveries",0.01,2
20260836,24,500,15,3000,3000,3000,3000,"fast","control_informative",0.05,5,0.01,"","mirage_joint","trait1","bfdr_observed_fdp",0.05,0
20260836,24,500,15,3000,3000,3000,3000,"fast","control_informative",0.05,5,0.01,"","mirage_joint","trait1","bfdr_estimate",0.05,2.70576339111983e-11
20260836,24,500,15,3000,3000,3000,3000,"fast","control_informative",0.05,5,0.01,"","mirage_joint","trait1","bfdr_power",0.05,0.08
20260836,24,500,15,3000,3000,3000,3000,"fast","control_informative",0.05,5,0.01,"","mirage_joint","trait1","bfdr_discoveries",0.05,2
20260836,24,500,15,3000,3000,3000,3000,"fast","control_informative",0.05,5,0.01,"","mirage_joint","trait1","bfdr_observed_fdp",0.1,0
20260836,24,500,15,3000,3000,3000,3000,"fast","control_informative",0.05,5,0.01,"","mirage_joint","trait1","bfdr_estimate",0.1,2.70576339111983e-11
20260836,24,500,15,3000,3000,3000,3000,"fast","control_informative",0.05,5,0.01,"","mirage_joint","trait1","bfdr_power",0.1,0.08
20260836,24,500,15,3000,3000,3000,3000,"fast","control_informative",0.05,5,0.01,"","mirage_joint","trait1","bfdr_discoveries",0.1,2
20260836,24,500,15,3000,3000,3000,3000,"fast","control_informative",0.05,5,0.01,"","mirage_joint","trait1","bfdr_observed_fdp",0.2,0
20260836,24,500,15,3000,3000,3000,3000,"fast","control_informative",0.05,5,0.01,"","mirage_joint","trait1","bfdr_estimate",0.2,0.187475865959423
20260836,24,500,15,3000,3000,3000,3000,"fast","control_informative",0.05,5,0.01,"","mirage_joint","trait1","bfdr_power",0.2,0.12
20260836,24,500,15,3000,3000,3000,3000,"fast","control_informative",0.05,5,0.01,"","mirage_joint","trait1","bfdr_discoveries",0.2,3
20260836,24,500,15,3000,3000,3000,3000,"fast","control_informative",0.05,5,0.01,"","mirage_joint","trait2","bfdr_observed_fdp",0.01,0
20260836,24,500,15,3000,3000,3000,3000,"fast","control_informative",0.05,5,0.01,"","mirage_joint","trait2","bfdr_estimate",0.01,0.000665201129424864
20260836,24,500,15,3000,3000,3000,3000,"fast","control_informative",0.05,5,0.01,"","mirage_joint","trait2","bfdr_power",0.01,0.2
20260836,24,500,15,3000,3000,3000,3000,"fast","control_informative",0.05,5,0.01,"","mirage_joint","trait2","bfdr_discoveries",0.01,2
20260836,24,500,15,3000,3000,3000,3000,"fast","control_informative",0.05,5,0.01,"","mirage_joint","trait2","bfdr_observed_fdp",0.05,0
20260836,24,500,15,3000,3000,3000,3000,"fast","control_informative",0.05,5,0.01,"","mirage_joint","trait2","bfdr_estimate",0.05,0.000665201129424864
20260836,24,500,15,3000,3000,3000,3000,"fast","control_informative",0.05,5,0.01,"","mirage_joint","trait2","bfdr_power",0.05,0.2
20260836,24,500,15,3000,3000,3000,3000,"fast","control_informative",0.05,5,0.01,"","mirage_joint","trait2","bfdr_discoveries",0.05,2
20260836,24,500,15,3000,3000,3000,3000,"fast","control_informative",0.05,5,0.01,"","mirage_joint","trait2","bfdr_observed_fdp",0.1,0
20260836,24,500,15,3000,3000,3000,3000,"fast","control_informative",0.05,5,0.01,"","mirage_joint","trait2","bfdr_estimate",0.1,0.000665201129424864
20260836,24,500,15,3000,3000,3000,3000,"fast","control_informative",0.05,5,0.01,"","mirage_joint","trait2","bfdr_power",0.1,0.2
20260836,24,500,15,3000,3000,3000,3000,"fast","control_informative",0.05,5,0.01,"","mirage_joint","trait2","bfdr_discoveries",0.1,2
20260836,24,500,15,3000,3000,3000,3000,"fast","control_informative",0.05,5,0.01,"","mirage_joint","trait2","bfdr_observed_fdp",0.2,0.333333333333333
20260836,24,500,15,3000,3000,3000,3000,"fast","control_informative",0.05,5,0.01,"","mirage_joint","trait2","bfdr_estimate",0.2,0.138232484182816
20260836,24,500,15,3000,3000,3000,3000,"fast","control_informative",0.05,5,0.01,"","mirage_joint","trait2","bfdr_power",0.2,0.2
20260836,24,500,15,3000,3000,3000,3000,"fast","control_informative",0.05,5,0.01,"","mirage_joint","trait2","bfdr_discoveries",0.2,3
20260836,24,500,15,3000,3000,3000,3000,"fast","control_informative",0.05,5,0.01,"","mirage_joint","pleiotropy","bfdr_observed_fdp",0.01,0
20260836,24,500,15,3000,3000,3000,3000,"fast","control_informative",0.05,5,0.01,"","mirage_joint","pleiotropy","bfdr_estimate",0.01,0
20260836,24,500,15,3000,3000,3000,3000,"fast","control_informative",0.05,5,0.01,"","mirage_joint","pleiotropy","bfdr_power",0.01,0
20260836,24,500,15,3000,3000,3000,3000,"fast","control_informative",0.05,5,0.01,"","mirage_joint","pleiotropy","bfdr_discoveries",0.01,0
20260836,24,500,15,3000,3000,3000,3000,"fast","control_informative",0.05,5,0.01,"","mirage_joint","pleiotropy","bfdr_observed_fdp",0.05,0
20260836,24,500,15,3000,3000,3000,3000,"fast","control_informative",0.05,5,0.01,"","mirage_joint","pleiotropy","bfdr_estimate",0.05,0
20260836,24,500,15,3000,3000,3000,3000,"fast","control_informative",0.05,5,0.01,"","mirage_joint","pleiotropy","bfdr_power",0.05,0
20260836,24,500,15,3000,3000,3000,3000,"fast","control_informative",0.05,5,0.01,"","mirage_joint","pleiotropy","bfdr_discoveries",0.05,0
20260836,24,500,15,3000,3000,3000,3000,"fast","control_informative",0.05,5,0.01,"","mirage_joint","pleiotropy","bfdr_observed_fdp",0.1,0
20260836,24,500,15,3000,3000,3000,3000,"fast","control_informative",0.05,5,0.01,"","mirage_joint","pleiotropy","bfdr_estimate",0.1,0
20260836,24,500,15,3000,3000,3000,3000,"fast","control_informative",0.05,5,0.01,"","mirage_joint","pleiotropy","bfdr_power",0.1,0
20260836,24,500,15,3000,3000,3000,3000,"fast","control_informative",0.05,5,0.01,"","mirage_joint","pleiotropy","bfdr_discoveries",0.1,0
20260836,24,500,15,3000,3000,3000,3000,"fast","control_informative",0.05,5,0.01,"","mirage_joint","pleiotropy","bfdr_observed_fdp",0.2,0
20260836,24,500,15,3000,3000,3000,3000,"fast","control_informative",0.05,5,0.01,"","mirage_joint","pleiotropy","bfdr_estimate",0.2,0
20260836,24,500,15,3000,3000,3000,3000,"fast","control_informative",0.05,5,0.01,"","mirage_joint","pleiotropy","bfdr_power",0.2,0
20260836,24,500,15,3000,3000,3000,3000,"fast","control_informative",0.05,5,0.01,"","mirage_joint","pleiotropy","bfdr_discoveries",0.2,0
20260836,24,500,15,3000,3000,3000,3000,"fast","control_informative",0.05,5,0.01,"","mirage_joint","global","runtime_seconds",NA,18.044
20260836,24,500,15,3000,3000,3000,3000,"fast","control_informative",0.05,5,0.01,"","mirage_joint","pleiotropy","pi11_estimate",NA,0.00021562855182186
20260836,24,500,15,3000,3000,3000,3000,"fast","control_informative",0.05,5,0.01,"","separate_mirage","trait1","auc",NA,0.680673684210526
20260836,24,500,15,3000,3000,3000,3000,"fast","control_informative",0.05,5,0.01,"","separate_mirage","trait2","auc",NA,0.69469387755102
20260836,24,500,15,3000,3000,3000,3000,"fast","control_informative",0.05,5,0.01,"","separate_mirage","pleiotropy","auc",NA,0.505454545454545
20260836,24,500,15,3000,3000,3000,3000,"fast","control_informative",0.05,5,0.01,"","separate_mirage","trait1","pp08_power",0.8,0.08
20260836,24,500,15,3000,3000,3000,3000,"fast","control_informative",0.05,5,0.01,"","separate_mirage","trait1","pp08_fdp",0.8,0
20260836,24,500,15,3000,3000,3000,3000,"fast","control_informative",0.05,5,0.01,"","separate_mirage","trait1","pp08_discoveries",0.8,2
20260836,24,500,15,3000,3000,3000,3000,"fast","control_informative",0.05,5,0.01,"","separate_mirage","trait2","pp08_power",0.8,0.2
20260836,24,500,15,3000,3000,3000,3000,"fast","control_informative",0.05,5,0.01,"","separate_mirage","trait2","pp08_fdp",0.8,0
20260836,24,500,15,3000,3000,3000,3000,"fast","control_informative",0.05,5,0.01,"","separate_mirage","trait2","pp08_discoveries",0.8,2
20260836,24,500,15,3000,3000,3000,3000,"fast","control_informative",0.05,5,0.01,"","separate_mirage","pleiotropy","pp08_power",0.8,0
20260836,24,500,15,3000,3000,3000,3000,"fast","control_informative",0.05,5,0.01,"","separate_mirage","pleiotropy","pp08_fdp",0.8,0
20260836,24,500,15,3000,3000,3000,3000,"fast","control_informative",0.05,5,0.01,"","separate_mirage","pleiotropy","pp08_discoveries",0.8,0
20260836,24,500,15,3000,3000,3000,3000,"fast","control_informative",0.05,5,0.01,"","separate_mirage","trait1","bfdr_observed_fdp",0.01,0
20260836,24,500,15,3000,3000,3000,3000,"fast","control_informative",0.05,5,0.01,"","separate_mirage","trait1","bfdr_estimate",0.01,2.51375587012603e-11
20260836,24,500,15,3000,3000,3000,3000,"fast","control_informative",0.05,5,0.01,"","separate_mirage","trait1","bfdr_power",0.01,0.08
20260836,24,500,15,3000,3000,3000,3000,"fast","control_informative",0.05,5,0.01,"","separate_mirage","trait1","bfdr_discoveries",0.01,2
20260836,24,500,15,3000,3000,3000,3000,"fast","control_informative",0.05,5,0.01,"","separate_mirage","trait1","bfdr_observed_fdp",0.05,0
20260836,24,500,15,3000,3000,3000,3000,"fast","control_informative",0.05,5,0.01,"","separate_mirage","trait1","bfdr_estimate",0.05,2.51375587012603e-11
20260836,24,500,15,3000,3000,3000,3000,"fast","control_informative",0.05,5,0.01,"","separate_mirage","trait1","bfdr_power",0.05,0.08
20260836,24,500,15,3000,3000,3000,3000,"fast","control_informative",0.05,5,0.01,"","separate_mirage","trait1","bfdr_discoveries",0.05,2
20260836,24,500,15,3000,3000,3000,3000,"fast","control_informative",0.05,5,0.01,"","separate_mirage","trait1","bfdr_observed_fdp",0.1,0
20260836,24,500,15,3000,3000,3000,3000,"fast","control_informative",0.05,5,0.01,"","separate_mirage","trait1","bfdr_estimate",0.1,2.51375587012603e-11
20260836,24,500,15,3000,3000,3000,3000,"fast","control_informative",0.05,5,0.01,"","separate_mirage","trait1","bfdr_power",0.1,0.08
20260836,24,500,15,3000,3000,3000,3000,"fast","control_informative",0.05,5,0.01,"","separate_mirage","trait1","bfdr_discoveries",0.1,2
20260836,24,500,15,3000,3000,3000,3000,"fast","control_informative",0.05,5,0.01,"","separate_mirage","trait1","bfdr_observed_fdp",0.2,0
20260836,24,500,15,3000,3000,3000,3000,"fast","control_informative",0.05,5,0.01,"","separate_mirage","trait1","bfdr_estimate",0.2,0.170106889168029
20260836,24,500,15,3000,3000,3000,3000,"fast","control_informative",0.05,5,0.01,"","separate_mirage","trait1","bfdr_power",0.2,0.12
20260836,24,500,15,3000,3000,3000,3000,"fast","control_informative",0.05,5,0.01,"","separate_mirage","trait1","bfdr_discoveries",0.2,3
20260836,24,500,15,3000,3000,3000,3000,"fast","control_informative",0.05,5,0.01,"","separate_mirage","trait2","bfdr_observed_fdp",0.01,0
20260836,24,500,15,3000,3000,3000,3000,"fast","control_informative",0.05,5,0.01,"","separate_mirage","trait2","bfdr_estimate",0.01,0.00112538837976534
20260836,24,500,15,3000,3000,3000,3000,"fast","control_informative",0.05,5,0.01,"","separate_mirage","trait2","bfdr_power",0.01,0.2
20260836,24,500,15,3000,3000,3000,3000,"fast","control_informative",0.05,5,0.01,"","separate_mirage","trait2","bfdr_discoveries",0.01,2
20260836,24,500,15,3000,3000,3000,3000,"fast","control_informative",0.05,5,0.01,"","separate_mirage","trait2","bfdr_observed_fdp",0.05,0
20260836,24,500,15,3000,3000,3000,3000,"fast","control_informative",0.05,5,0.01,"","separate_mirage","trait2","bfdr_estimate",0.05,0.00112538837976534
20260836,24,500,15,3000,3000,3000,3000,"fast","control_informative",0.05,5,0.01,"","separate_mirage","trait2","bfdr_power",0.05,0.2
20260836,24,500,15,3000,3000,3000,3000,"fast","control_informative",0.05,5,0.01,"","separate_mirage","trait2","bfdr_discoveries",0.05,2
20260836,24,500,15,3000,3000,3000,3000,"fast","control_informative",0.05,5,0.01,"","separate_mirage","trait2","bfdr_observed_fdp",0.1,0
20260836,24,500,15,3000,3000,3000,3000,"fast","control_informative",0.05,5,0.01,"","separate_mirage","trait2","bfdr_estimate",0.1,0.00112538837976534
20260836,24,500,15,3000,3000,3000,3000,"fast","control_informative",0.05,5,0.01,"","separate_mirage","trait2","bfdr_power",0.1,0.2
20260836,24,500,15,3000,3000,3000,3000,"fast","control_informative",0.05,5,0.01,"","separate_mirage","trait2","bfdr_discoveries",0.1,2
20260836,24,500,15,3000,3000,3000,3000,"fast","control_informative",0.05,5,0.01,"","separate_mirage","trait2","bfdr_observed_fdp",0.2,0.333333333333333
20260836,24,500,15,3000,3000,3000,3000,"fast","control_informative",0.05,5,0.01,"","separate_mirage","trait2","bfdr_estimate",0.2,0.166262531786971
20260836,24,500,15,3000,3000,3000,3000,"fast","control_informative",0.05,5,0.01,"","separate_mirage","trait2","bfdr_power",0.2,0.2
20260836,24,500,15,3000,3000,3000,3000,"fast","control_informative",0.05,5,0.01,"","separate_mirage","trait2","bfdr_discoveries",0.2,3
20260836,24,500,15,3000,3000,3000,3000,"fast","control_informative",0.05,5,0.01,"","separate_mirage","pleiotropy","bfdr_observed_fdp",0.01,0
20260836,24,500,15,3000,3000,3000,3000,"fast","control_informative",0.05,5,0.01,"","separate_mirage","pleiotropy","bfdr_estimate",0.01,0
20260836,24,500,15,3000,3000,3000,3000,"fast","control_informative",0.05,5,0.01,"","separate_mirage","pleiotropy","bfdr_power",0.01,0
20260836,24,500,15,3000,3000,3000,3000,"fast","control_informative",0.05,5,0.01,"","separate_mirage","pleiotropy","bfdr_discoveries",0.01,0
20260836,24,500,15,3000,3000,3000,3000,"fast","control_informative",0.05,5,0.01,"","separate_mirage","pleiotropy","bfdr_observed_fdp",0.05,0
20260836,24,500,15,3000,3000,3000,3000,"fast","control_informative",0.05,5,0.01,"","separate_mirage","pleiotropy","bfdr_estimate",0.05,0
20260836,24,500,15,3000,3000,3000,3000,"fast","control_informative",0.05,5,0.01,"","separate_mirage","pleiotropy","bfdr_power",0.05,0
20260836,24,500,15,3000,3000,3000,3000,"fast","control_informative",0.05,5,0.01,"","separate_mirage","pleiotropy","bfdr_discoveries",0.05,0
20260836,24,500,15,3000,3000,3000,3000,"fast","control_informative",0.05,5,0.01,"","separate_mirage","pleiotropy","bfdr_observed_fdp",0.1,0
20260836,24,500,15,3000,3000,3000,3000,"fast","control_informative",0.05,5,0.01,"","separate_mirage","pleiotropy","bfdr_estimate",0.1,0
20260836,24,500,15,3000,3000,3000,3000,"fast","control_informative",0.05,5,0.01,"","separate_mirage","pleiotropy","bfdr_power",0.1,0
20260836,24,500,15,3000,3000,3000,3000,"fast","control_informative",0.05,5,0.01,"","separate_mirage","pleiotropy","bfdr_discoveries",0.1,0
20260836,24,500,15,3000,3000,3000,3000,"fast","control_informative",0.05,5,0.01,"","separate_mirage","pleiotropy","bfdr_observed_fdp",0.2,0
20260836,24,500,15,3000,3000,3000,3000,"fast","control_informative",0.05,5,0.01,"","separate_mirage","pleiotropy","bfdr_estimate",0.2,0
20260836,24,500,15,3000,3000,3000,3000,"fast","control_informative",0.05,5,0.01,"","separate_mirage","pleiotropy","bfdr_power",0.2,0
20260836,24,500,15,3000,3000,3000,3000,"fast","control_informative",0.05,5,0.01,"","separate_mirage","pleiotropy","bfdr_discoveries",0.2,0
20260836,24,500,15,3000,3000,3000,3000,"fast","control_informative",0.05,5,0.01,"","separate_mirage","global","runtime_seconds",NA,17.989
20260836,24,500,15,3000,3000,3000,3000,"fast","control_informative",0.05,5,0.01,"","separate_mirage","pleiotropy","pi11_estimate",NA,0.001
20260836,24,500,15,3000,3000,3000,3000,"fast","control_informative",0.05,5,0.01,"","mtada_aggregated","trait1","auc",NA,0.677473684210526
20260836,24,500,15,3000,3000,3000,3000,"fast","control_informative",0.05,5,0.01,"","mtada_aggregated","trait2","auc",NA,0.624591836734694
20260836,24,500,15,3000,3000,3000,3000,"fast","control_informative",0.05,5,0.01,"","mtada_aggregated","pleiotropy","auc",NA,0.618989898989899
20260836,24,500,15,3000,3000,3000,3000,"fast","control_informative",0.05,5,0.01,"","mtada_aggregated","trait1","pp08_power",0.8,0.2
20260836,24,500,15,3000,3000,3000,3000,"fast","control_informative",0.05,5,0.01,"","mtada_aggregated","trait1","pp08_fdp",0.8,0.838709677419355
20260836,24,500,15,3000,3000,3000,3000,"fast","control_informative",0.05,5,0.01,"","mtada_aggregated","trait1","pp08_discoveries",0.8,31
20260836,24,500,15,3000,3000,3000,3000,"fast","control_informative",0.05,5,0.01,"","mtada_aggregated","trait2","pp08_power",0.8,0.2
20260836,24,500,15,3000,3000,3000,3000,"fast","control_informative",0.05,5,0.01,"","mtada_aggregated","trait2","pp08_fdp",0.8,0.92
20260836,24,500,15,3000,3000,3000,3000,"fast","control_informative",0.05,5,0.01,"","mtada_aggregated","trait2","pp08_discoveries",0.8,25
20260836,24,500,15,3000,3000,3000,3000,"fast","control_informative",0.05,5,0.01,"","mtada_aggregated","pleiotropy","pp08_power",0.8,0
20260836,24,500,15,3000,3000,3000,3000,"fast","control_informative",0.05,5,0.01,"","mtada_aggregated","pleiotropy","pp08_fdp",0.8,1
20260836,24,500,15,3000,3000,3000,3000,"fast","control_informative",0.05,5,0.01,"","mtada_aggregated","pleiotropy","pp08_discoveries",0.8,2
20260836,24,500,15,3000,3000,3000,3000,"fast","control_informative",0.05,5,0.01,"","mtada_aggregated","trait1","bfdr_observed_fdp",0.01,0.862068965517241
20260836,24,500,15,3000,3000,3000,3000,"fast","control_informative",0.05,5,0.01,"","mtada_aggregated","trait1","bfdr_estimate",0.01,0.00999273512658061
20260836,24,500,15,3000,3000,3000,3000,"fast","control_informative",0.05,5,0.01,"","mtada_aggregated","trait1","bfdr_power",0.01,0.16
20260836,24,500,15,3000,3000,3000,3000,"fast","control_informative",0.05,5,0.01,"","mtada_aggregated","trait1","bfdr_discoveries",0.01,29
20260836,24,500,15,3000,3000,3000,3000,"fast","control_informative",0.05,5,0.01,"","mtada_aggregated","trait1","bfdr_observed_fdp",0.05,0.861111111111111
20260836,24,500,15,3000,3000,3000,3000,"fast","control_informative",0.05,5,0.01,"","mtada_aggregated","trait1","bfdr_estimate",0.05,0.0463387165419277
20260836,24,500,15,3000,3000,3000,3000,"fast","control_informative",0.05,5,0.01,"","mtada_aggregated","trait1","bfdr_power",0.05,0.2
20260836,24,500,15,3000,3000,3000,3000,"fast","control_informative",0.05,5,0.01,"","mtada_aggregated","trait1","bfdr_discoveries",0.05,36
20260836,24,500,15,3000,3000,3000,3000,"fast","control_informative",0.05,5,0.01,"","mtada_aggregated","trait1","bfdr_observed_fdp",0.1,0.883720930232558
20260836,24,500,15,3000,3000,3000,3000,"fast","control_informative",0.05,5,0.01,"","mtada_aggregated","trait1","bfdr_estimate",0.1,0.0966741693924697
20260836,24,500,15,3000,3000,3000,3000,"fast","control_informative",0.05,5,0.01,"","mtada_aggregated","trait1","bfdr_power",0.1,0.2
20260836,24,500,15,3000,3000,3000,3000,"fast","control_informative",0.05,5,0.01,"","mtada_aggregated","trait1","bfdr_discoveries",0.1,43
20260836,24,500,15,3000,3000,3000,3000,"fast","control_informative",0.05,5,0.01,"","mtada_aggregated","trait1","bfdr_observed_fdp",0.2,0.87037037037037
20260836,24,500,15,3000,3000,3000,3000,"fast","control_informative",0.05,5,0.01,"","mtada_aggregated","trait1","bfdr_estimate",0.2,0.197555816965158
20260836,24,500,15,3000,3000,3000,3000,"fast","control_informative",0.05,5,0.01,"","mtada_aggregated","trait1","bfdr_power",0.2,0.28
20260836,24,500,15,3000,3000,3000,3000,"fast","control_informative",0.05,5,0.01,"","mtada_aggregated","trait1","bfdr_discoveries",0.2,54
20260836,24,500,15,3000,3000,3000,3000,"fast","control_informative",0.05,5,0.01,"","mtada_aggregated","trait2","bfdr_observed_fdp",0.01,0.904761904761905
20260836,24,500,15,3000,3000,3000,3000,"fast","control_informative",0.05,5,0.01,"","mtada_aggregated","trait2","bfdr_estimate",0.01,0.00924351886147638
20260836,24,500,15,3000,3000,3000,3000,"fast","control_informative",0.05,5,0.01,"","mtada_aggregated","trait2","bfdr_power",0.01,0.2
20260836,24,500,15,3000,3000,3000,3000,"fast","control_informative",0.05,5,0.01,"","mtada_aggregated","trait2","bfdr_discoveries",0.01,21
20260836,24,500,15,3000,3000,3000,3000,"fast","control_informative",0.05,5,0.01,"","mtada_aggregated","trait2","bfdr_observed_fdp",0.05,0.925925925925926
20260836,24,500,15,3000,3000,3000,3000,"fast","control_informative",0.05,5,0.01,"","mtada_aggregated","trait2","bfdr_estimate",0.05,0.0498553836810066
20260836,24,500,15,3000,3000,3000,3000,"fast","control_informative",0.05,5,0.01,"","mtada_aggregated","trait2","bfdr_power",0.05,0.2
20260836,24,500,15,3000,3000,3000,3000,"fast","control_informative",0.05,5,0.01,"","mtada_aggregated","trait2","bfdr_discoveries",0.05,27
20260836,24,500,15,3000,3000,3000,3000,"fast","control_informative",0.05,5,0.01,"","mtada_aggregated","trait2","bfdr_observed_fdp",0.1,0.935483870967742
20260836,24,500,15,3000,3000,3000,3000,"fast","control_informative",0.05,5,0.01,"","mtada_aggregated","trait2","bfdr_estimate",0.1,0.0904379591047917
20260836,24,500,15,3000,3000,3000,3000,"fast","control_informative",0.05,5,0.01,"","mtada_aggregated","trait2","bfdr_power",0.1,0.2
20260836,24,500,15,3000,3000,3000,3000,"fast","control_informative",0.05,5,0.01,"","mtada_aggregated","trait2","bfdr_discoveries",0.1,31
20260836,24,500,15,3000,3000,3000,3000,"fast","control_informative",0.05,5,0.01,"","mtada_aggregated","trait2","bfdr_observed_fdp",0.2,0.948717948717949
20260836,24,500,15,3000,3000,3000,3000,"fast","control_informative",0.05,5,0.01,"","mtada_aggregated","trait2","bfdr_estimate",0.2,0.192023913938299
20260836,24,500,15,3000,3000,3000,3000,"fast","control_informative",0.05,5,0.01,"","mtada_aggregated","trait2","bfdr_power",0.2,0.2
20260836,24,500,15,3000,3000,3000,3000,"fast","control_informative",0.05,5,0.01,"","mtada_aggregated","trait2","bfdr_discoveries",0.2,39
20260836,24,500,15,3000,3000,3000,3000,"fast","control_informative",0.05,5,0.01,"","mtada_aggregated","pleiotropy","bfdr_observed_fdp",0.01,0
20260836,24,500,15,3000,3000,3000,3000,"fast","control_informative",0.05,5,0.01,"","mtada_aggregated","pleiotropy","bfdr_estimate",0.01,0
20260836,24,500,15,3000,3000,3000,3000,"fast","control_informative",0.05,5,0.01,"","mtada_aggregated","pleiotropy","bfdr_power",0.01,0
20260836,24,500,15,3000,3000,3000,3000,"fast","control_informative",0.05,5,0.01,"","mtada_aggregated","pleiotropy","bfdr_discoveries",0.01,0
20260836,24,500,15,3000,3000,3000,3000,"fast","control_informative",0.05,5,0.01,"","mtada_aggregated","pleiotropy","bfdr_observed_fdp",0.05,1
20260836,24,500,15,3000,3000,3000,3000,"fast","control_informative",0.05,5,0.01,"","mtada_aggregated","pleiotropy","bfdr_estimate",0.05,0.0279880148402515
20260836,24,500,15,3000,3000,3000,3000,"fast","control_informative",0.05,5,0.01,"","mtada_aggregated","pleiotropy","bfdr_power",0.05,0
20260836,24,500,15,3000,3000,3000,3000,"fast","control_informative",0.05,5,0.01,"","mtada_aggregated","pleiotropy","bfdr_discoveries",0.05,1
20260836,24,500,15,3000,3000,3000,3000,"fast","control_informative",0.05,5,0.01,"","mtada_aggregated","pleiotropy","bfdr_observed_fdp",0.1,1
20260836,24,500,15,3000,3000,3000,3000,"fast","control_informative",0.05,5,0.01,"","mtada_aggregated","pleiotropy","bfdr_estimate",0.1,0.0279880148402515
20260836,24,500,15,3000,3000,3000,3000,"fast","control_informative",0.05,5,0.01,"","mtada_aggregated","pleiotropy","bfdr_power",0.1,0
20260836,24,500,15,3000,3000,3000,3000,"fast","control_informative",0.05,5,0.01,"","mtada_aggregated","pleiotropy","bfdr_discoveries",0.1,1
20260836,24,500,15,3000,3000,3000,3000,"fast","control_informative",0.05,5,0.01,"","mtada_aggregated","pleiotropy","bfdr_observed_fdp",0.2,1
20260836,24,500,15,3000,3000,3000,3000,"fast","control_informative",0.05,5,0.01,"","mtada_aggregated","pleiotropy","bfdr_estimate",0.2,0.105222715056061
20260836,24,500,15,3000,3000,3000,3000,"fast","control_informative",0.05,5,0.01,"","mtada_aggregated","pleiotropy","bfdr_power",0.2,0
20260836,24,500,15,3000,3000,3000,3000,"fast","control_informative",0.05,5,0.01,"","mtada_aggregated","pleiotropy","bfdr_discoveries",0.2,2
20260836,24,500,15,3000,3000,3000,3000,"fast","control_informative",0.05,5,0.01,"","mtada_aggregated","global","runtime_seconds",NA,0.802000000000021
20260836,24,500,15,3000,3000,3000,3000,"fast","control_informative",0.05,5,0.01,"","mtada_aggregated","pleiotropy","pi11_estimate",NA,0.000531351
20260837,25,500,15,3000,3000,3000,3000,"fast","control_informative",0.05,5,0.01,"","mirage_joint","trait1","auc",NA,0.737684210526316
20260837,25,500,15,3000,3000,3000,3000,"fast","control_informative",0.05,5,0.01,"","mirage_joint","trait2","auc",NA,0.583469387755102
20260837,25,500,15,3000,3000,3000,3000,"fast","control_informative",0.05,5,0.01,"","mirage_joint","pleiotropy","auc",NA,0.676363636363636
20260837,25,500,15,3000,3000,3000,3000,"fast","control_informative",0.05,5,0.01,"","mirage_joint","trait1","pp08_power",0.8,0.08
20260837,25,500,15,3000,3000,3000,3000,"fast","control_informative",0.05,5,0.01,"","mirage_joint","trait1","pp08_fdp",0.8,0
20260837,25,500,15,3000,3000,3000,3000,"fast","control_informative",0.05,5,0.01,"","mirage_joint","trait1","pp08_discoveries",0.8,2
20260837,25,500,15,3000,3000,3000,3000,"fast","control_informative",0.05,5,0.01,"","mirage_joint","trait2","pp08_power",0.8,0.1
20260837,25,500,15,3000,3000,3000,3000,"fast","control_informative",0.05,5,0.01,"","mirage_joint","trait2","pp08_fdp",0.8,0
20260837,25,500,15,3000,3000,3000,3000,"fast","control_informative",0.05,5,0.01,"","mirage_joint","trait2","pp08_discoveries",0.8,1
20260837,25,500,15,3000,3000,3000,3000,"fast","control_informative",0.05,5,0.01,"","mirage_joint","pleiotropy","pp08_power",0.8,0
20260837,25,500,15,3000,3000,3000,3000,"fast","control_informative",0.05,5,0.01,"","mirage_joint","pleiotropy","pp08_fdp",0.8,0
20260837,25,500,15,3000,3000,3000,3000,"fast","control_informative",0.05,5,0.01,"","mirage_joint","pleiotropy","pp08_discoveries",0.8,0
20260837,25,500,15,3000,3000,3000,3000,"fast","control_informative",0.05,5,0.01,"","mirage_joint","trait1","bfdr_observed_fdp",0.01,0
20260837,25,500,15,3000,3000,3000,3000,"fast","control_informative",0.05,5,0.01,"","mirage_joint","trait1","bfdr_estimate",0.01,0
20260837,25,500,15,3000,3000,3000,3000,"fast","control_informative",0.05,5,0.01,"","mirage_joint","trait1","bfdr_power",0.01,0
20260837,25,500,15,3000,3000,3000,3000,"fast","control_informative",0.05,5,0.01,"","mirage_joint","trait1","bfdr_discoveries",0.01,0
20260837,25,500,15,3000,3000,3000,3000,"fast","control_informative",0.05,5,0.01,"","mirage_joint","trait1","bfdr_observed_fdp",0.05,0
20260837,25,500,15,3000,3000,3000,3000,"fast","control_informative",0.05,5,0.01,"","mirage_joint","trait1","bfdr_estimate",0.05,0.0123412872093395
20260837,25,500,15,3000,3000,3000,3000,"fast","control_informative",0.05,5,0.01,"","mirage_joint","trait1","bfdr_power",0.05,0.04
20260837,25,500,15,3000,3000,3000,3000,"fast","control_informative",0.05,5,0.01,"","mirage_joint","trait1","bfdr_discoveries",0.05,1
20260837,25,500,15,3000,3000,3000,3000,"fast","control_informative",0.05,5,0.01,"","mirage_joint","trait1","bfdr_observed_fdp",0.1,0
20260837,25,500,15,3000,3000,3000,3000,"fast","control_informative",0.05,5,0.01,"","mirage_joint","trait1","bfdr_estimate",0.1,0.0746451159042033
20260837,25,500,15,3000,3000,3000,3000,"fast","control_informative",0.05,5,0.01,"","mirage_joint","trait1","bfdr_power",0.1,0.08
20260837,25,500,15,3000,3000,3000,3000,"fast","control_informative",0.05,5,0.01,"","mirage_joint","trait1","bfdr_discoveries",0.1,2
20260837,25,500,15,3000,3000,3000,3000,"fast","control_informative",0.05,5,0.01,"","mirage_joint","trait1","bfdr_observed_fdp",0.2,0.333333333333333
20260837,25,500,15,3000,3000,3000,3000,"fast","control_informative",0.05,5,0.01,"","mirage_joint","trait1","bfdr_estimate",0.2,0.17430940944014
20260837,25,500,15,3000,3000,3000,3000,"fast","control_informative",0.05,5,0.01,"","mirage_joint","trait1","bfdr_power",0.2,0.08
20260837,25,500,15,3000,3000,3000,3000,"fast","control_informative",0.05,5,0.01,"","mirage_joint","trait1","bfdr_discoveries",0.2,3
20260837,25,500,15,3000,3000,3000,3000,"fast","control_informative",0.05,5,0.01,"","mirage_joint","trait2","bfdr_observed_fdp",0.01,0
20260837,25,500,15,3000,3000,3000,3000,"fast","control_informative",0.05,5,0.01,"","mirage_joint","trait2","bfdr_estimate",0.01,1.2270798155356e-08
20260837,25,500,15,3000,3000,3000,3000,"fast","control_informative",0.05,5,0.01,"","mirage_joint","trait2","bfdr_power",0.01,0.1
20260837,25,500,15,3000,3000,3000,3000,"fast","control_informative",0.05,5,0.01,"","mirage_joint","trait2","bfdr_discoveries",0.01,1
20260837,25,500,15,3000,3000,3000,3000,"fast","control_informative",0.05,5,0.01,"","mirage_joint","trait2","bfdr_observed_fdp",0.05,0
20260837,25,500,15,3000,3000,3000,3000,"fast","control_informative",0.05,5,0.01,"","mirage_joint","trait2","bfdr_estimate",0.05,1.2270798155356e-08
20260837,25,500,15,3000,3000,3000,3000,"fast","control_informative",0.05,5,0.01,"","mirage_joint","trait2","bfdr_power",0.05,0.1
20260837,25,500,15,3000,3000,3000,3000,"fast","control_informative",0.05,5,0.01,"","mirage_joint","trait2","bfdr_discoveries",0.05,1
20260837,25,500,15,3000,3000,3000,3000,"fast","control_informative",0.05,5,0.01,"","mirage_joint","trait2","bfdr_observed_fdp",0.1,0
20260837,25,500,15,3000,3000,3000,3000,"fast","control_informative",0.05,5,0.01,"","mirage_joint","trait2","bfdr_estimate",0.1,1.2270798155356e-08
20260837,25,500,15,3000,3000,3000,3000,"fast","control_informative",0.05,5,0.01,"","mirage_joint","trait2","bfdr_power",0.1,0.1
20260837,25,500,15,3000,3000,3000,3000,"fast","control_informative",0.05,5,0.01,"","mirage_joint","trait2","bfdr_discoveries",0.1,1
20260837,25,500,15,3000,3000,3000,3000,"fast","control_informative",0.05,5,0.01,"","mirage_joint","trait2","bfdr_observed_fdp",0.2,0.333333333333333
20260837,25,500,15,3000,3000,3000,3000,"fast","control_informative",0.05,5,0.01,"","mirage_joint","trait2","bfdr_estimate",0.2,0.199938422730391
20260837,25,500,15,3000,3000,3000,3000,"fast","control_informative",0.05,5,0.01,"","mirage_joint","trait2","bfdr_power",0.2,0.2
20260837,25,500,15,3000,3000,3000,3000,"fast","control_informative",0.05,5,0.01,"","mirage_joint","trait2","bfdr_discoveries",0.2,3
20260837,25,500,15,3000,3000,3000,3000,"fast","control_informative",0.05,5,0.01,"","mirage_joint","pleiotropy","bfdr_observed_fdp",0.01,0
20260837,25,500,15,3000,3000,3000,3000,"fast","control_informative",0.05,5,0.01,"","mirage_joint","pleiotropy","bfdr_estimate",0.01,0
20260837,25,500,15,3000,3000,3000,3000,"fast","control_informative",0.05,5,0.01,"","mirage_joint","pleiotropy","bfdr_power",0.01,0
20260837,25,500,15,3000,3000,3000,3000,"fast","control_informative",0.05,5,0.01,"","mirage_joint","pleiotropy","bfdr_discoveries",0.01,0
20260837,25,500,15,3000,3000,3000,3000,"fast","control_informative",0.05,5,0.01,"","mirage_joint","pleiotropy","bfdr_observed_fdp",0.05,0
20260837,25,500,15,3000,3000,3000,3000,"fast","control_informative",0.05,5,0.01,"","mirage_joint","pleiotropy","bfdr_estimate",0.05,0
20260837,25,500,15,3000,3000,3000,3000,"fast","control_informative",0.05,5,0.01,"","mirage_joint","pleiotropy","bfdr_power",0.05,0
20260837,25,500,15,3000,3000,3000,3000,"fast","control_informative",0.05,5,0.01,"","mirage_joint","pleiotropy","bfdr_discoveries",0.05,0
20260837,25,500,15,3000,3000,3000,3000,"fast","control_informative",0.05,5,0.01,"","mirage_joint","pleiotropy","bfdr_observed_fdp",0.1,0
20260837,25,500,15,3000,3000,3000,3000,"fast","control_informative",0.05,5,0.01,"","mirage_joint","pleiotropy","bfdr_estimate",0.1,0
20260837,25,500,15,3000,3000,3000,3000,"fast","control_informative",0.05,5,0.01,"","mirage_joint","pleiotropy","bfdr_power",0.1,0
20260837,25,500,15,3000,3000,3000,3000,"fast","control_informative",0.05,5,0.01,"","mirage_joint","pleiotropy","bfdr_discoveries",0.1,0
20260837,25,500,15,3000,3000,3000,3000,"fast","control_informative",0.05,5,0.01,"","mirage_joint","pleiotropy","bfdr_observed_fdp",0.2,0
20260837,25,500,15,3000,3000,3000,3000,"fast","control_informative",0.05,5,0.01,"","mirage_joint","pleiotropy","bfdr_estimate",0.2,0
20260837,25,500,15,3000,3000,3000,3000,"fast","control_informative",0.05,5,0.01,"","mirage_joint","pleiotropy","bfdr_power",0.2,0
20260837,25,500,15,3000,3000,3000,3000,"fast","control_informative",0.05,5,0.01,"","mirage_joint","pleiotropy","bfdr_discoveries",0.2,0
20260837,25,500,15,3000,3000,3000,3000,"fast","control_informative",0.05,5,0.01,"","mirage_joint","global","runtime_seconds",NA,17.963
20260837,25,500,15,3000,3000,3000,3000,"fast","control_informative",0.05,5,0.01,"","mirage_joint","pleiotropy","pi11_estimate",NA,0.0449431195071757
20260837,25,500,15,3000,3000,3000,3000,"fast","control_informative",0.05,5,0.01,"","separate_mirage","trait1","auc",NA,0.705768421052632
20260837,25,500,15,3000,3000,3000,3000,"fast","control_informative",0.05,5,0.01,"","separate_mirage","trait2","auc",NA,0.582857142857143
20260837,25,500,15,3000,3000,3000,3000,"fast","control_informative",0.05,5,0.01,"","separate_mirage","pleiotropy","auc",NA,0.698585858585859
20260837,25,500,15,3000,3000,3000,3000,"fast","control_informative",0.05,5,0.01,"","separate_mirage","trait1","pp08_power",0.8,0.04
20260837,25,500,15,3000,3000,3000,3000,"fast","control_informative",0.05,5,0.01,"","separate_mirage","trait1","pp08_fdp",0.8,0
20260837,25,500,15,3000,3000,3000,3000,"fast","control_informative",0.05,5,0.01,"","separate_mirage","trait1","pp08_discoveries",0.8,1
20260837,25,500,15,3000,3000,3000,3000,"fast","control_informative",0.05,5,0.01,"","separate_mirage","trait2","pp08_power",0.8,0.1
20260837,25,500,15,3000,3000,3000,3000,"fast","control_informative",0.05,5,0.01,"","separate_mirage","trait2","pp08_fdp",0.8,0
20260837,25,500,15,3000,3000,3000,3000,"fast","control_informative",0.05,5,0.01,"","separate_mirage","trait2","pp08_discoveries",0.8,1
20260837,25,500,15,3000,3000,3000,3000,"fast","control_informative",0.05,5,0.01,"","separate_mirage","pleiotropy","pp08_power",0.8,0
20260837,25,500,15,3000,3000,3000,3000,"fast","control_informative",0.05,5,0.01,"","separate_mirage","pleiotropy","pp08_fdp",0.8,0
20260837,25,500,15,3000,3000,3000,3000,"fast","control_informative",0.05,5,0.01,"","separate_mirage","pleiotropy","pp08_discoveries",0.8,0
20260837,25,500,15,3000,3000,3000,3000,"fast","control_informative",0.05,5,0.01,"","separate_mirage","trait1","bfdr_observed_fdp",0.01,0
20260837,25,500,15,3000,3000,3000,3000,"fast","control_informative",0.05,5,0.01,"","separate_mirage","trait1","bfdr_estimate",0.01,0.00670483597981575
20260837,25,500,15,3000,3000,3000,3000,"fast","control_informative",0.05,5,0.01,"","separate_mirage","trait1","bfdr_power",0.01,0.04
20260837,25,500,15,3000,3000,3000,3000,"fast","control_informative",0.05,5,0.01,"","separate_mirage","trait1","bfdr_discoveries",0.01,1
20260837,25,500,15,3000,3000,3000,3000,"fast","control_informative",0.05,5,0.01,"","separate_mirage","trait1","bfdr_observed_fdp",0.05,0
20260837,25,500,15,3000,3000,3000,3000,"fast","control_informative",0.05,5,0.01,"","separate_mirage","trait1","bfdr_estimate",0.05,0.00670483597981575
20260837,25,500,15,3000,3000,3000,3000,"fast","control_informative",0.05,5,0.01,"","separate_mirage","trait1","bfdr_power",0.05,0.04
20260837,25,500,15,3000,3000,3000,3000,"fast","control_informative",0.05,5,0.01,"","separate_mirage","trait1","bfdr_discoveries",0.05,1
20260837,25,500,15,3000,3000,3000,3000,"fast","control_informative",0.05,5,0.01,"","separate_mirage","trait1","bfdr_observed_fdp",0.1,0
20260837,25,500,15,3000,3000,3000,3000,"fast","control_informative",0.05,5,0.01,"","separate_mirage","trait1","bfdr_estimate",0.1,0.00670483597981575
20260837,25,500,15,3000,3000,3000,3000,"fast","control_informative",0.05,5,0.01,"","separate_mirage","trait1","bfdr_power",0.1,0.04
20260837,25,500,15,3000,3000,3000,3000,"fast","control_informative",0.05,5,0.01,"","separate_mirage","trait1","bfdr_discoveries",0.1,1
20260837,25,500,15,3000,3000,3000,3000,"fast","control_informative",0.05,5,0.01,"","separate_mirage","trait1","bfdr_observed_fdp",0.2,0.333333333333333
20260837,25,500,15,3000,3000,3000,3000,"fast","control_informative",0.05,5,0.01,"","separate_mirage","trait1","bfdr_estimate",0.2,0.182059421067244
20260837,25,500,15,3000,3000,3000,3000,"fast","control_informative",0.05,5,0.01,"","separate_mirage","trait1","bfdr_power",0.2,0.08
20260837,25,500,15,3000,3000,3000,3000,"fast","control_informative",0.05,5,0.01,"","separate_mirage","trait1","bfdr_discoveries",0.2,3
20260837,25,500,15,3000,3000,3000,3000,"fast","control_informative",0.05,5,0.01,"","separate_mirage","trait2","bfdr_observed_fdp",0.01,0
20260837,25,500,15,3000,3000,3000,3000,"fast","control_informative",0.05,5,0.01,"","separate_mirage","trait2","bfdr_estimate",0.01,3.05240964726394e-08
20260837,25,500,15,3000,3000,3000,3000,"fast","control_informative",0.05,5,0.01,"","separate_mirage","trait2","bfdr_power",0.01,0.1
20260837,25,500,15,3000,3000,3000,3000,"fast","control_informative",0.05,5,0.01,"","separate_mirage","trait2","bfdr_discoveries",0.01,1
20260837,25,500,15,3000,3000,3000,3000,"fast","control_informative",0.05,5,0.01,"","separate_mirage","trait2","bfdr_observed_fdp",0.05,0
20260837,25,500,15,3000,3000,3000,3000,"fast","control_informative",0.05,5,0.01,"","separate_mirage","trait2","bfdr_estimate",0.05,3.05240964726394e-08
20260837,25,500,15,3000,3000,3000,3000,"fast","control_informative",0.05,5,0.01,"","separate_mirage","trait2","bfdr_power",0.05,0.1
20260837,25,500,15,3000,3000,3000,3000,"fast","control_informative",0.05,5,0.01,"","separate_mirage","trait2","bfdr_discoveries",0.05,1
20260837,25,500,15,3000,3000,3000,3000,"fast","control_informative",0.05,5,0.01,"","separate_mirage","trait2","bfdr_observed_fdp",0.1,0
20260837,25,500,15,3000,3000,3000,3000,"fast","control_informative",0.05,5,0.01,"","separate_mirage","trait2","bfdr_estimate",0.1,3.05240964726394e-08
20260837,25,500,15,3000,3000,3000,3000,"fast","control_informative",0.05,5,0.01,"","separate_mirage","trait2","bfdr_power",0.1,0.1
20260837,25,500,15,3000,3000,3000,3000,"fast","control_informative",0.05,5,0.01,"","separate_mirage","trait2","bfdr_discoveries",0.1,1
20260837,25,500,15,3000,3000,3000,3000,"fast","control_informative",0.05,5,0.01,"","separate_mirage","trait2","bfdr_observed_fdp",0.2,0
20260837,25,500,15,3000,3000,3000,3000,"fast","control_informative",0.05,5,0.01,"","separate_mirage","trait2","bfdr_estimate",0.2,0.160673633911544
20260837,25,500,15,3000,3000,3000,3000,"fast","control_informative",0.05,5,0.01,"","separate_mirage","trait2","bfdr_power",0.2,0.2
20260837,25,500,15,3000,3000,3000,3000,"fast","control_informative",0.05,5,0.01,"","separate_mirage","trait2","bfdr_discoveries",0.2,2
20260837,25,500,15,3000,3000,3000,3000,"fast","control_informative",0.05,5,0.01,"","separate_mirage","pleiotropy","bfdr_observed_fdp",0.01,0
20260837,25,500,15,3000,3000,3000,3000,"fast","control_informative",0.05,5,0.01,"","separate_mirage","pleiotropy","bfdr_estimate",0.01,0
20260837,25,500,15,3000,3000,3000,3000,"fast","control_informative",0.05,5,0.01,"","separate_mirage","pleiotropy","bfdr_power",0.01,0
20260837,25,500,15,3000,3000,3000,3000,"fast","control_informative",0.05,5,0.01,"","separate_mirage","pleiotropy","bfdr_discoveries",0.01,0
20260837,25,500,15,3000,3000,3000,3000,"fast","control_informative",0.05,5,0.01,"","separate_mirage","pleiotropy","bfdr_observed_fdp",0.05,0
20260837,25,500,15,3000,3000,3000,3000,"fast","control_informative",0.05,5,0.01,"","separate_mirage","pleiotropy","bfdr_estimate",0.05,0
20260837,25,500,15,3000,3000,3000,3000,"fast","control_informative",0.05,5,0.01,"","separate_mirage","pleiotropy","bfdr_power",0.05,0
20260837,25,500,15,3000,3000,3000,3000,"fast","control_informative",0.05,5,0.01,"","separate_mirage","pleiotropy","bfdr_discoveries",0.05,0
20260837,25,500,15,3000,3000,3000,3000,"fast","control_informative",0.05,5,0.01,"","separate_mirage","pleiotropy","bfdr_observed_fdp",0.1,0
20260837,25,500,15,3000,3000,3000,3000,"fast","control_informative",0.05,5,0.01,"","separate_mirage","pleiotropy","bfdr_estimate",0.1,0
20260837,25,500,15,3000,3000,3000,3000,"fast","control_informative",0.05,5,0.01,"","separate_mirage","pleiotropy","bfdr_power",0.1,0
20260837,25,500,15,3000,3000,3000,3000,"fast","control_informative",0.05,5,0.01,"","separate_mirage","pleiotropy","bfdr_discoveries",0.1,0
20260837,25,500,15,3000,3000,3000,3000,"fast","control_informative",0.05,5,0.01,"","separate_mirage","pleiotropy","bfdr_observed_fdp",0.2,0
20260837,25,500,15,3000,3000,3000,3000,"fast","control_informative",0.05,5,0.01,"","separate_mirage","pleiotropy","bfdr_estimate",0.2,0
20260837,25,500,15,3000,3000,3000,3000,"fast","control_informative",0.05,5,0.01,"","separate_mirage","pleiotropy","bfdr_power",0.2,0
20260837,25,500,15,3000,3000,3000,3000,"fast","control_informative",0.05,5,0.01,"","separate_mirage","pleiotropy","bfdr_discoveries",0.2,0
20260837,25,500,15,3000,3000,3000,3000,"fast","control_informative",0.05,5,0.01,"","separate_mirage","global","runtime_seconds",NA,17.9730000000001
20260837,25,500,15,3000,3000,3000,3000,"fast","control_informative",0.05,5,0.01,"","separate_mirage","pleiotropy","pi11_estimate",NA,0.001
20260837,25,500,15,3000,3000,3000,3000,"fast","control_informative",0.05,5,0.01,"","mtada_aggregated","trait1","auc",NA,0.629852631578947
20260837,25,500,15,3000,3000,3000,3000,"fast","control_informative",0.05,5,0.01,"","mtada_aggregated","trait2","auc",NA,0.673163265306122
20260837,25,500,15,3000,3000,3000,3000,"fast","control_informative",0.05,5,0.01,"","mtada_aggregated","pleiotropy","auc",NA,0.752323232323232
20260837,25,500,15,3000,3000,3000,3000,"fast","control_informative",0.05,5,0.01,"","mtada_aggregated","trait1","pp08_power",0.8,0.16
20260837,25,500,15,3000,3000,3000,3000,"fast","control_informative",0.05,5,0.01,"","mtada_aggregated","trait1","pp08_fdp",0.8,0.875
20260837,25,500,15,3000,3000,3000,3000,"fast","control_informative",0.05,5,0.01,"","mtada_aggregated","trait1","pp08_discoveries",0.8,32
20260837,25,500,15,3000,3000,3000,3000,"fast","control_informative",0.05,5,0.01,"","mtada_aggregated","trait2","pp08_power",0.8,0.2
20260837,25,500,15,3000,3000,3000,3000,"fast","control_informative",0.05,5,0.01,"","mtada_aggregated","trait2","pp08_fdp",0.8,0.9375
20260837,25,500,15,3000,3000,3000,3000,"fast","control_informative",0.05,5,0.01,"","mtada_aggregated","trait2","pp08_discoveries",0.8,32
20260837,25,500,15,3000,3000,3000,3000,"fast","control_informative",0.05,5,0.01,"","mtada_aggregated","pleiotropy","pp08_power",0.8,0
20260837,25,500,15,3000,3000,3000,3000,"fast","control_informative",0.05,5,0.01,"","mtada_aggregated","pleiotropy","pp08_fdp",0.8,1
20260837,25,500,15,3000,3000,3000,3000,"fast","control_informative",0.05,5,0.01,"","mtada_aggregated","pleiotropy","pp08_discoveries",0.8,3
20260837,25,500,15,3000,3000,3000,3000,"fast","control_informative",0.05,5,0.01,"","mtada_aggregated","trait1","bfdr_observed_fdp",0.01,0.903225806451613
20260837,25,500,15,3000,3000,3000,3000,"fast","control_informative",0.05,5,0.01,"","mtada_aggregated","trait1","bfdr_estimate",0.01,0.00837870350758934
20260837,25,500,15,3000,3000,3000,3000,"fast","control_informative",0.05,5,0.01,"","mtada_aggregated","trait1","bfdr_power",0.01,0.12
20260837,25,500,15,3000,3000,3000,3000,"fast","control_informative",0.05,5,0.01,"","mtada_aggregated","trait1","bfdr_discoveries",0.01,31
20260837,25,500,15,3000,3000,3000,3000,"fast","control_informative",0.05,5,0.01,"","mtada_aggregated","trait1","bfdr_observed_fdp",0.05,0.861111111111111
20260837,25,500,15,3000,3000,3000,3000,"fast","control_informative",0.05,5,0.01,"","mtada_aggregated","trait1","bfdr_estimate",0.05,0.0464790404181272
20260837,25,500,15,3000,3000,3000,3000,"fast","control_informative",0.05,5,0.01,"","mtada_aggregated","trait1","bfdr_power",0.05,0.2
20260837,25,500,15,3000,3000,3000,3000,"fast","control_informative",0.05,5,0.01,"","mtada_aggregated","trait1","bfdr_discoveries",0.05,36
20260837,25,500,15,3000,3000,3000,3000,"fast","control_informative",0.05,5,0.01,"","mtada_aggregated","trait1","bfdr_observed_fdp",0.1,0.871794871794872
20260837,25,500,15,3000,3000,3000,3000,"fast","control_informative",0.05,5,0.01,"","mtada_aggregated","trait1","bfdr_estimate",0.1,0.0873695377947078
20260837,25,500,15,3000,3000,3000,3000,"fast","control_informative",0.05,5,0.01,"","mtada_aggregated","trait1","bfdr_power",0.1,0.2
20260837,25,500,15,3000,3000,3000,3000,"fast","control_informative",0.05,5,0.01,"","mtada_aggregated","trait1","bfdr_discoveries",0.1,39
20260837,25,500,15,3000,3000,3000,3000,"fast","control_informative",0.05,5,0.01,"","mtada_aggregated","trait1","bfdr_observed_fdp",0.2,0.872340425531915
20260837,25,500,15,3000,3000,3000,3000,"fast","control_informative",0.05,5,0.01,"","mtada_aggregated","trait1","bfdr_estimate",0.2,0.195479878228229
20260837,25,500,15,3000,3000,3000,3000,"fast","control_informative",0.05,5,0.01,"","mtada_aggregated","trait1","bfdr_power",0.2,0.24
20260837,25,500,15,3000,3000,3000,3000,"fast","control_informative",0.05,5,0.01,"","mtada_aggregated","trait1","bfdr_discoveries",0.2,47
20260837,25,500,15,3000,3000,3000,3000,"fast","control_informative",0.05,5,0.01,"","mtada_aggregated","trait2","bfdr_observed_fdp",0.01,0.928571428571429
20260837,25,500,15,3000,3000,3000,3000,"fast","control_informative",0.05,5,0.01,"","mtada_aggregated","trait2","bfdr_estimate",0.01,0.00929597181793448
20260837,25,500,15,3000,3000,3000,3000,"fast","control_informative",0.05,5,0.01,"","mtada_aggregated","trait2","bfdr_power",0.01,0.2
20260837,25,500,15,3000,3000,3000,3000,"fast","control_informative",0.05,5,0.01,"","mtada_aggregated","trait2","bfdr_discoveries",0.01,28
20260837,25,500,15,3000,3000,3000,3000,"fast","control_informative",0.05,5,0.01,"","mtada_aggregated","trait2","bfdr_observed_fdp",0.05,0.941176470588235
20260837,25,500,15,3000,3000,3000,3000,"fast","control_informative",0.05,5,0.01,"","mtada_aggregated","trait2","bfdr_estimate",0.05,0.0453333940173302
20260837,25,500,15,3000,3000,3000,3000,"fast","control_informative",0.05,5,0.01,"","mtada_aggregated","trait2","bfdr_power",0.05,0.2
20260837,25,500,15,3000,3000,3000,3000,"fast","control_informative",0.05,5,0.01,"","mtada_aggregated","trait2","bfdr_discoveries",0.05,34
20260837,25,500,15,3000,3000,3000,3000,"fast","control_informative",0.05,5,0.01,"","mtada_aggregated","trait2","bfdr_observed_fdp",0.1,0.897435897435897
20260837,25,500,15,3000,3000,3000,3000,"fast","control_informative",0.05,5,0.01,"","mtada_aggregated","trait2","bfdr_estimate",0.1,0.0996481596306477
20260837,25,500,15,3000,3000,3000,3000,"fast","control_informative",0.05,5,0.01,"","mtada_aggregated","trait2","bfdr_power",0.1,0.4
20260837,25,500,15,3000,3000,3000,3000,"fast","control_informative",0.05,5,0.01,"","mtada_aggregated","trait2","bfdr_discoveries",0.1,39
20260837,25,500,15,3000,3000,3000,3000,"fast","control_informative",0.05,5,0.01,"","mtada_aggregated","trait2","bfdr_observed_fdp",0.2,0.91304347826087
20260837,25,500,15,3000,3000,3000,3000,"fast","control_informative",0.05,5,0.01,"","mtada_aggregated","trait2","bfdr_estimate",0.2,0.191288493728202
20260837,25,500,15,3000,3000,3000,3000,"fast","control_informative",0.05,5,0.01,"","mtada_aggregated","trait2","bfdr_power",0.2,0.4
20260837,25,500,15,3000,3000,3000,3000,"fast","control_informative",0.05,5,0.01,"","mtada_aggregated","trait2","bfdr_discoveries",0.2,46
20260837,25,500,15,3000,3000,3000,3000,"fast","control_informative",0.05,5,0.01,"","mtada_aggregated","pleiotropy","bfdr_observed_fdp",0.01,1
20260837,25,500,15,3000,3000,3000,3000,"fast","control_informative",0.05,5,0.01,"","mtada_aggregated","pleiotropy","bfdr_estimate",0.01,0.00255828174172906
20260837,25,500,15,3000,3000,3000,3000,"fast","control_informative",0.05,5,0.01,"","mtada_aggregated","pleiotropy","bfdr_power",0.01,0
20260837,25,500,15,3000,3000,3000,3000,"fast","control_informative",0.05,5,0.01,"","mtada_aggregated","pleiotropy","bfdr_discoveries",0.01,2
20260837,25,500,15,3000,3000,3000,3000,"fast","control_informative",0.05,5,0.01,"","mtada_aggregated","pleiotropy","bfdr_observed_fdp",0.05,1
20260837,25,500,15,3000,3000,3000,3000,"fast","control_informative",0.05,5,0.01,"","mtada_aggregated","pleiotropy","bfdr_estimate",0.05,0.0197077109948528
20260837,25,500,15,3000,3000,3000,3000,"fast","control_informative",0.05,5,0.01,"","mtada_aggregated","pleiotropy","bfdr_power",0.05,0
20260837,25,500,15,3000,3000,3000,3000,"fast","control_informative",0.05,5,0.01,"","mtada_aggregated","pleiotropy","bfdr_discoveries",0.05,3
20260837,25,500,15,3000,3000,3000,3000,"fast","control_informative",0.05,5,0.01,"","mtada_aggregated","pleiotropy","bfdr_observed_fdp",0.1,1
20260837,25,500,15,3000,3000,3000,3000,"fast","control_informative",0.05,5,0.01,"","mtada_aggregated","pleiotropy","bfdr_estimate",0.1,0.0197077109948528
20260837,25,500,15,3000,3000,3000,3000,"fast","control_informative",0.05,5,0.01,"","mtada_aggregated","pleiotropy","bfdr_power",0.1,0
20260837,25,500,15,3000,3000,3000,3000,"fast","control_informative",0.05,5,0.01,"","mtada_aggregated","pleiotropy","bfdr_discoveries",0.1,3
20260837,25,500,15,3000,3000,3000,3000,"fast","control_informative",0.05,5,0.01,"","mtada_aggregated","pleiotropy","bfdr_observed_fdp",0.2,1
20260837,25,500,15,3000,3000,3000,3000,"fast","control_informative",0.05,5,0.01,"","mtada_aggregated","pleiotropy","bfdr_estimate",0.2,0.0197077109948528
20260837,25,500,15,3000,3000,3000,3000,"fast","control_informative",0.05,5,0.01,"","mtada_aggregated","pleiotropy","bfdr_power",0.2,0
20260837,25,500,15,3000,3000,3000,3000,"fast","control_informative",0.05,5,0.01,"","mtada_aggregated","pleiotropy","bfdr_discoveries",0.2,3
20260837,25,500,15,3000,3000,3000,3000,"fast","control_informative",0.05,5,0.01,"","mtada_aggregated","global","runtime_seconds",NA,0.711999999999989
20260837,25,500,15,3000,3000,3000,3000,"fast","control_informative",0.05,5,0.01,"","mtada_aggregated","pleiotropy","pi11_estimate",NA,0.00184718
20260838,26,500,15,3000,3000,3000,3000,"fast","control_informative",0.05,5,0.01,"","mirage_joint","trait1","auc",NA,0.757221052631579
20260838,26,500,15,3000,3000,3000,3000,"fast","control_informative",0.05,5,0.01,"","mirage_joint","trait2","auc",NA,0.601224489795918
20260838,26,500,15,3000,3000,3000,3000,"fast","control_informative",0.05,5,0.01,"","mirage_joint","pleiotropy","auc",NA,0.68
20260838,26,500,15,3000,3000,3000,3000,"fast","control_informative",0.05,5,0.01,"","mirage_joint","trait1","pp08_power",0.8,0.12
20260838,26,500,15,3000,3000,3000,3000,"fast","control_informative",0.05,5,0.01,"","mirage_joint","trait1","pp08_fdp",0.8,0.25
20260838,26,500,15,3000,3000,3000,3000,"fast","control_informative",0.05,5,0.01,"","mirage_joint","trait1","pp08_discoveries",0.8,4
20260838,26,500,15,3000,3000,3000,3000,"fast","control_informative",0.05,5,0.01,"","mirage_joint","trait2","pp08_power",0.8,0.1
20260838,26,500,15,3000,3000,3000,3000,"fast","control_informative",0.05,5,0.01,"","mirage_joint","trait2","pp08_fdp",0.8,0
20260838,26,500,15,3000,3000,3000,3000,"fast","control_informative",0.05,5,0.01,"","mirage_joint","trait2","pp08_discoveries",0.8,1
20260838,26,500,15,3000,3000,3000,3000,"fast","control_informative",0.05,5,0.01,"","mirage_joint","pleiotropy","pp08_power",0.8,0
20260838,26,500,15,3000,3000,3000,3000,"fast","control_informative",0.05,5,0.01,"","mirage_joint","pleiotropy","pp08_fdp",0.8,0
20260838,26,500,15,3000,3000,3000,3000,"fast","control_informative",0.05,5,0.01,"","mirage_joint","pleiotropy","pp08_discoveries",0.8,0
20260838,26,500,15,3000,3000,3000,3000,"fast","control_informative",0.05,5,0.01,"","mirage_joint","trait1","bfdr_observed_fdp",0.01,0
20260838,26,500,15,3000,3000,3000,3000,"fast","control_informative",0.05,5,0.01,"","mirage_joint","trait1","bfdr_estimate",0.01,0.00266739932549798
20260838,26,500,15,3000,3000,3000,3000,"fast","control_informative",0.05,5,0.01,"","mirage_joint","trait1","bfdr_power",0.01,0.12
20260838,26,500,15,3000,3000,3000,3000,"fast","control_informative",0.05,5,0.01,"","mirage_joint","trait1","bfdr_discoveries",0.01,3
20260838,26,500,15,3000,3000,3000,3000,"fast","control_informative",0.05,5,0.01,"","mirage_joint","trait1","bfdr_observed_fdp",0.05,0.25
20260838,26,500,15,3000,3000,3000,3000,"fast","control_informative",0.05,5,0.01,"","mirage_joint","trait1","bfdr_estimate",0.05,0.0495803981929223
20260838,26,500,15,3000,3000,3000,3000,"fast","control_informative",0.05,5,0.01,"","mirage_joint","trait1","bfdr_power",0.05,0.12
20260838,26,500,15,3000,3000,3000,3000,"fast","control_informative",0.05,5,0.01,"","mirage_joint","trait1","bfdr_discoveries",0.05,4
20260838,26,500,15,3000,3000,3000,3000,"fast","control_informative",0.05,5,0.01,"","mirage_joint","trait1","bfdr_observed_fdp",0.1,0.4
20260838,26,500,15,3000,3000,3000,3000,"fast","control_informative",0.05,5,0.01,"","mirage_joint","trait1","bfdr_estimate",0.1,0.091554202799911
20260838,26,500,15,3000,3000,3000,3000,"fast","control_informative",0.05,5,0.01,"","mirage_joint","trait1","bfdr_power",0.1,0.12
20260838,26,500,15,3000,3000,3000,3000,"fast","control_informative",0.05,5,0.01,"","mirage_joint","trait1","bfdr_discoveries",0.1,5
20260838,26,500,15,3000,3000,3000,3000,"fast","control_informative",0.05,5,0.01,"","mirage_joint","trait1","bfdr_observed_fdp",0.2,0.428571428571429
20260838,26,500,15,3000,3000,3000,3000,"fast","control_informative",0.05,5,0.01,"","mirage_joint","trait1","bfdr_estimate",0.2,0.199057455712767
20260838,26,500,15,3000,3000,3000,3000,"fast","control_informative",0.05,5,0.01,"","mirage_joint","trait1","bfdr_power",0.2,0.16
20260838,26,500,15,3000,3000,3000,3000,"fast","control_informative",0.05,5,0.01,"","mirage_joint","trait1","bfdr_discoveries",0.2,7
20260838,26,500,15,3000,3000,3000,3000,"fast","control_informative",0.05,5,0.01,"","mirage_joint","trait2","bfdr_observed_fdp",0.01,0
20260838,26,500,15,3000,3000,3000,3000,"fast","control_informative",0.05,5,0.01,"","mirage_joint","trait2","bfdr_estimate",0.01,3.87840023097219e-07
20260838,26,500,15,3000,3000,3000,3000,"fast","control_informative",0.05,5,0.01,"","mirage_joint","trait2","bfdr_power",0.01,0.1
20260838,26,500,15,3000,3000,3000,3000,"fast","control_informative",0.05,5,0.01,"","mirage_joint","trait2","bfdr_discoveries",0.01,1
20260838,26,500,15,3000,3000,3000,3000,"fast","control_informative",0.05,5,0.01,"","mirage_joint","trait2","bfdr_observed_fdp",0.05,0
20260838,26,500,15,3000,3000,3000,3000,"fast","control_informative",0.05,5,0.01,"","mirage_joint","trait2","bfdr_estimate",0.05,3.87840023097219e-07
20260838,26,500,15,3000,3000,3000,3000,"fast","control_informative",0.05,5,0.01,"","mirage_joint","trait2","bfdr_power",0.05,0.1
20260838,26,500,15,3000,3000,3000,3000,"fast","control_informative",0.05,5,0.01,"","mirage_joint","trait2","bfdr_discoveries",0.05,1
20260838,26,500,15,3000,3000,3000,3000,"fast","control_informative",0.05,5,0.01,"","mirage_joint","trait2","bfdr_observed_fdp",0.1,0
20260838,26,500,15,3000,3000,3000,3000,"fast","control_informative",0.05,5,0.01,"","mirage_joint","trait2","bfdr_estimate",0.1,3.87840023097219e-07
20260838,26,500,15,3000,3000,3000,3000,"fast","control_informative",0.05,5,0.01,"","mirage_joint","trait2","bfdr_power",0.1,0.1
20260838,26,500,15,3000,3000,3000,3000,"fast","control_informative",0.05,5,0.01,"","mirage_joint","trait2","bfdr_discoveries",0.1,1
20260838,26,500,15,3000,3000,3000,3000,"fast","control_informative",0.05,5,0.01,"","mirage_joint","trait2","bfdr_observed_fdp",0.2,0
20260838,26,500,15,3000,3000,3000,3000,"fast","control_informative",0.05,5,0.01,"","mirage_joint","trait2","bfdr_estimate",0.2,0.19963315889802
20260838,26,500,15,3000,3000,3000,3000,"fast","control_informative",0.05,5,0.01,"","mirage_joint","trait2","bfdr_power",0.2,0.2
20260838,26,500,15,3000,3000,3000,3000,"fast","control_informative",0.05,5,0.01,"","mirage_joint","trait2","bfdr_discoveries",0.2,2
20260838,26,500,15,3000,3000,3000,3000,"fast","control_informative",0.05,5,0.01,"","mirage_joint","pleiotropy","bfdr_observed_fdp",0.01,0
20260838,26,500,15,3000,3000,3000,3000,"fast","control_informative",0.05,5,0.01,"","mirage_joint","pleiotropy","bfdr_estimate",0.01,0
20260838,26,500,15,3000,3000,3000,3000,"fast","control_informative",0.05,5,0.01,"","mirage_joint","pleiotropy","bfdr_power",0.01,0
20260838,26,500,15,3000,3000,3000,3000,"fast","control_informative",0.05,5,0.01,"","mirage_joint","pleiotropy","bfdr_discoveries",0.01,0
20260838,26,500,15,3000,3000,3000,3000,"fast","control_informative",0.05,5,0.01,"","mirage_joint","pleiotropy","bfdr_observed_fdp",0.05,0
20260838,26,500,15,3000,3000,3000,3000,"fast","control_informative",0.05,5,0.01,"","mirage_joint","pleiotropy","bfdr_estimate",0.05,0
20260838,26,500,15,3000,3000,3000,3000,"fast","control_informative",0.05,5,0.01,"","mirage_joint","pleiotropy","bfdr_power",0.05,0
20260838,26,500,15,3000,3000,3000,3000,"fast","control_informative",0.05,5,0.01,"","mirage_joint","pleiotropy","bfdr_discoveries",0.05,0
20260838,26,500,15,3000,3000,3000,3000,"fast","control_informative",0.05,5,0.01,"","mirage_joint","pleiotropy","bfdr_observed_fdp",0.1,0
20260838,26,500,15,3000,3000,3000,3000,"fast","control_informative",0.05,5,0.01,"","mirage_joint","pleiotropy","bfdr_estimate",0.1,0
20260838,26,500,15,3000,3000,3000,3000,"fast","control_informative",0.05,5,0.01,"","mirage_joint","pleiotropy","bfdr_power",0.1,0
20260838,26,500,15,3000,3000,3000,3000,"fast","control_informative",0.05,5,0.01,"","mirage_joint","pleiotropy","bfdr_discoveries",0.1,0
20260838,26,500,15,3000,3000,3000,3000,"fast","control_informative",0.05,5,0.01,"","mirage_joint","pleiotropy","bfdr_observed_fdp",0.2,0
20260838,26,500,15,3000,3000,3000,3000,"fast","control_informative",0.05,5,0.01,"","mirage_joint","pleiotropy","bfdr_estimate",0.2,0
20260838,26,500,15,3000,3000,3000,3000,"fast","control_informative",0.05,5,0.01,"","mirage_joint","pleiotropy","bfdr_power",0.2,0
20260838,26,500,15,3000,3000,3000,3000,"fast","control_informative",0.05,5,0.01,"","mirage_joint","pleiotropy","bfdr_discoveries",0.2,0
20260838,26,500,15,3000,3000,3000,3000,"fast","control_informative",0.05,5,0.01,"","mirage_joint","global","runtime_seconds",NA,18.091
20260838,26,500,15,3000,3000,3000,3000,"fast","control_informative",0.05,5,0.01,"","mirage_joint","pleiotropy","pi11_estimate",NA,0.00888704698713089
20260838,26,500,15,3000,3000,3000,3000,"fast","control_informative",0.05,5,0.01,"","separate_mirage","trait1","auc",NA,0.735915789473684
20260838,26,500,15,3000,3000,3000,3000,"fast","control_informative",0.05,5,0.01,"","separate_mirage","trait2","auc",NA,0.58734693877551
20260838,26,500,15,3000,3000,3000,3000,"fast","control_informative",0.05,5,0.01,"","separate_mirage","pleiotropy","auc",NA,0.664242424242424
20260838,26,500,15,3000,3000,3000,3000,"fast","control_informative",0.05,5,0.01,"","separate_mirage","trait1","pp08_power",0.8,0.12
20260838,26,500,15,3000,3000,3000,3000,"fast","control_informative",0.05,5,0.01,"","separate_mirage","trait1","pp08_fdp",0.8,0.4
20260838,26,500,15,3000,3000,3000,3000,"fast","control_informative",0.05,5,0.01,"","separate_mirage","trait1","pp08_discoveries",0.8,5
20260838,26,500,15,3000,3000,3000,3000,"fast","control_informative",0.05,5,0.01,"","separate_mirage","trait2","pp08_power",0.8,0.1
20260838,26,500,15,3000,3000,3000,3000,"fast","control_informative",0.05,5,0.01,"","separate_mirage","trait2","pp08_fdp",0.8,0
20260838,26,500,15,3000,3000,3000,3000,"fast","control_informative",0.05,5,0.01,"","separate_mirage","trait2","pp08_discoveries",0.8,1
20260838,26,500,15,3000,3000,3000,3000,"fast","control_informative",0.05,5,0.01,"","separate_mirage","pleiotropy","pp08_power",0.8,0
20260838,26,500,15,3000,3000,3000,3000,"fast","control_informative",0.05,5,0.01,"","separate_mirage","pleiotropy","pp08_fdp",0.8,0
20260838,26,500,15,3000,3000,3000,3000,"fast","control_informative",0.05,5,0.01,"","separate_mirage","pleiotropy","pp08_discoveries",0.8,0
20260838,26,500,15,3000,3000,3000,3000,"fast","control_informative",0.05,5,0.01,"","separate_mirage","trait1","bfdr_observed_fdp",0.01,0
20260838,26,500,15,3000,3000,3000,3000,"fast","control_informative",0.05,5,0.01,"","separate_mirage","trait1","bfdr_estimate",0.01,0.00612276016399904
20260838,26,500,15,3000,3000,3000,3000,"fast","control_informative",0.05,5,0.01,"","separate_mirage","trait1","bfdr_power",0.01,0.12
20260838,26,500,15,3000,3000,3000,3000,"fast","control_informative",0.05,5,0.01,"","separate_mirage","trait1","bfdr_discoveries",0.01,3
20260838,26,500,15,3000,3000,3000,3000,"fast","control_informative",0.05,5,0.01,"","separate_mirage","trait1","bfdr_observed_fdp",0.05,0.25
20260838,26,500,15,3000,3000,3000,3000,"fast","control_informative",0.05,5,0.01,"","separate_mirage","trait1","bfdr_estimate",0.05,0.0439884058925341
20260838,26,500,15,3000,3000,3000,3000,"fast","control_informative",0.05,5,0.01,"","separate_mirage","trait1","bfdr_power",0.05,0.12
20260838,26,500,15,3000,3000,3000,3000,"fast","control_informative",0.05,5,0.01,"","separate_mirage","trait1","bfdr_discoveries",0.05,4
20260838,26,500,15,3000,3000,3000,3000,"fast","control_informative",0.05,5,0.01,"","separate_mirage","trait1","bfdr_observed_fdp",0.1,0.4
20260838,26,500,15,3000,3000,3000,3000,"fast","control_informative",0.05,5,0.01,"","separate_mirage","trait1","bfdr_estimate",0.1,0.0694115861946637
20260838,26,500,15,3000,3000,3000,3000,"fast","control_informative",0.05,5,0.01,"","separate_mirage","trait1","bfdr_power",0.1,0.12
20260838,26,500,15,3000,3000,3000,3000,"fast","control_informative",0.05,5,0.01,"","separate_mirage","trait1","bfdr_discoveries",0.1,5
20260838,26,500,15,3000,3000,3000,3000,"fast","control_informative",0.05,5,0.01,"","separate_mirage","trait1","bfdr_observed_fdp",0.2,0.428571428571429
20260838,26,500,15,3000,3000,3000,3000,"fast","control_informative",0.05,5,0.01,"","separate_mirage","trait1","bfdr_estimate",0.2,0.19724673488753
20260838,26,500,15,3000,3000,3000,3000,"fast","control_informative",0.05,5,0.01,"","separate_mirage","trait1","bfdr_power",0.2,0.16
20260838,26,500,15,3000,3000,3000,3000,"fast","control_informative",0.05,5,0.01,"","separate_mirage","trait1","bfdr_discoveries",0.2,7
20260838,26,500,15,3000,3000,3000,3000,"fast","control_informative",0.05,5,0.01,"","separate_mirage","trait2","bfdr_observed_fdp",0.01,0
20260838,26,500,15,3000,3000,3000,3000,"fast","control_informative",0.05,5,0.01,"","separate_mirage","trait2","bfdr_estimate",0.01,2.7393657708874e-07
20260838,26,500,15,3000,3000,3000,3000,"fast","control_informative",0.05,5,0.01,"","separate_mirage","trait2","bfdr_power",0.01,0.1
20260838,26,500,15,3000,3000,3000,3000,"fast","control_informative",0.05,5,0.01,"","separate_mirage","trait2","bfdr_discoveries",0.01,1
20260838,26,500,15,3000,3000,3000,3000,"fast","control_informative",0.05,5,0.01,"","separate_mirage","trait2","bfdr_observed_fdp",0.05,0
20260838,26,500,15,3000,3000,3000,3000,"fast","control_informative",0.05,5,0.01,"","separate_mirage","trait2","bfdr_estimate",0.05,2.7393657708874e-07
20260838,26,500,15,3000,3000,3000,3000,"fast","control_informative",0.05,5,0.01,"","separate_mirage","trait2","bfdr_power",0.05,0.1
20260838,26,500,15,3000,3000,3000,3000,"fast","control_informative",0.05,5,0.01,"","separate_mirage","trait2","bfdr_discoveries",0.05,1
20260838,26,500,15,3000,3000,3000,3000,"fast","control_informative",0.05,5,0.01,"","separate_mirage","trait2","bfdr_observed_fdp",0.1,0
20260838,26,500,15,3000,3000,3000,3000,"fast","control_informative",0.05,5,0.01,"","separate_mirage","trait2","bfdr_estimate",0.1,2.7393657708874e-07
20260838,26,500,15,3000,3000,3000,3000,"fast","control_informative",0.05,5,0.01,"","separate_mirage","trait2","bfdr_power",0.1,0.1
20260838,26,500,15,3000,3000,3000,3000,"fast","control_informative",0.05,5,0.01,"","separate_mirage","trait2","bfdr_discoveries",0.1,1
20260838,26,500,15,3000,3000,3000,3000,"fast","control_informative",0.05,5,0.01,"","separate_mirage","trait2","bfdr_observed_fdp",0.2,0
20260838,26,500,15,3000,3000,3000,3000,"fast","control_informative",0.05,5,0.01,"","separate_mirage","trait2","bfdr_estimate",0.2,2.7393657708874e-07
20260838,26,500,15,3000,3000,3000,3000,"fast","control_informative",0.05,5,0.01,"","separate_mirage","trait2","bfdr_power",0.2,0.1
20260838,26,500,15,3000,3000,3000,3000,"fast","control_informative",0.05,5,0.01,"","separate_mirage","trait2","bfdr_discoveries",0.2,1
20260838,26,500,15,3000,3000,3000,3000,"fast","control_informative",0.05,5,0.01,"","separate_mirage","pleiotropy","bfdr_observed_fdp",0.01,0
20260838,26,500,15,3000,3000,3000,3000,"fast","control_informative",0.05,5,0.01,"","separate_mirage","pleiotropy","bfdr_estimate",0.01,0
20260838,26,500,15,3000,3000,3000,3000,"fast","control_informative",0.05,5,0.01,"","separate_mirage","pleiotropy","bfdr_power",0.01,0
20260838,26,500,15,3000,3000,3000,3000,"fast","control_informative",0.05,5,0.01,"","separate_mirage","pleiotropy","bfdr_discoveries",0.01,0
20260838,26,500,15,3000,3000,3000,3000,"fast","control_informative",0.05,5,0.01,"","separate_mirage","pleiotropy","bfdr_observed_fdp",0.05,0
20260838,26,500,15,3000,3000,3000,3000,"fast","control_informative",0.05,5,0.01,"","separate_mirage","pleiotropy","bfdr_estimate",0.05,0
20260838,26,500,15,3000,3000,3000,3000,"fast","control_informative",0.05,5,0.01,"","separate_mirage","pleiotropy","bfdr_power",0.05,0
20260838,26,500,15,3000,3000,3000,3000,"fast","control_informative",0.05,5,0.01,"","separate_mirage","pleiotropy","bfdr_discoveries",0.05,0
20260838,26,500,15,3000,3000,3000,3000,"fast","control_informative",0.05,5,0.01,"","separate_mirage","pleiotropy","bfdr_observed_fdp",0.1,0
20260838,26,500,15,3000,3000,3000,3000,"fast","control_informative",0.05,5,0.01,"","separate_mirage","pleiotropy","bfdr_estimate",0.1,0
20260838,26,500,15,3000,3000,3000,3000,"fast","control_informative",0.05,5,0.01,"","separate_mirage","pleiotropy","bfdr_power",0.1,0
20260838,26,500,15,3000,3000,3000,3000,"fast","control_informative",0.05,5,0.01,"","separate_mirage","pleiotropy","bfdr_discoveries",0.1,0
20260838,26,500,15,3000,3000,3000,3000,"fast","control_informative",0.05,5,0.01,"","separate_mirage","pleiotropy","bfdr_observed_fdp",0.2,0
20260838,26,500,15,3000,3000,3000,3000,"fast","control_informative",0.05,5,0.01,"","separate_mirage","pleiotropy","bfdr_estimate",0.2,0
20260838,26,500,15,3000,3000,3000,3000,"fast","control_informative",0.05,5,0.01,"","separate_mirage","pleiotropy","bfdr_power",0.2,0
20260838,26,500,15,3000,3000,3000,3000,"fast","control_informative",0.05,5,0.01,"","separate_mirage","pleiotropy","bfdr_discoveries",0.2,0
20260838,26,500,15,3000,3000,3000,3000,"fast","control_informative",0.05,5,0.01,"","separate_mirage","global","runtime_seconds",NA,18.052
20260838,26,500,15,3000,3000,3000,3000,"fast","control_informative",0.05,5,0.01,"","separate_mirage","pleiotropy","pi11_estimate",NA,0.001
20260838,26,500,15,3000,3000,3000,3000,"fast","control_informative",0.05,5,0.01,"","mtada_aggregated","trait1","auc",NA,0.731621052631579
20260838,26,500,15,3000,3000,3000,3000,"fast","control_informative",0.05,5,0.01,"","mtada_aggregated","trait2","auc",NA,0.622959183673469
20260838,26,500,15,3000,3000,3000,3000,"fast","control_informative",0.05,5,0.01,"","mtada_aggregated","pleiotropy","auc",NA,0.768080808080808
20260838,26,500,15,3000,3000,3000,3000,"fast","control_informative",0.05,5,0.01,"","mtada_aggregated","trait1","pp08_power",0.8,0.28
20260838,26,500,15,3000,3000,3000,3000,"fast","control_informative",0.05,5,0.01,"","mtada_aggregated","trait1","pp08_fdp",0.8,0.86
20260838,26,500,15,3000,3000,3000,3000,"fast","control_informative",0.05,5,0.01,"","mtada_aggregated","trait1","pp08_discoveries",0.8,50
20260838,26,500,15,3000,3000,3000,3000,"fast","control_informative",0.05,5,0.01,"","mtada_aggregated","trait2","pp08_power",0.8,0.3
20260838,26,500,15,3000,3000,3000,3000,"fast","control_informative",0.05,5,0.01,"","mtada_aggregated","trait2","pp08_fdp",0.8,0.909090909090909
20260838,26,500,15,3000,3000,3000,3000,"fast","control_informative",0.05,5,0.01,"","mtada_aggregated","trait2","pp08_discoveries",0.8,33
20260838,26,500,15,3000,3000,3000,3000,"fast","control_informative",0.05,5,0.01,"","mtada_aggregated","pleiotropy","pp08_power",0.8,0.2
20260838,26,500,15,3000,3000,3000,3000,"fast","control_informative",0.05,5,0.01,"","mtada_aggregated","pleiotropy","pp08_fdp",0.8,0.75
20260838,26,500,15,3000,3000,3000,3000,"fast","control_informative",0.05,5,0.01,"","mtada_aggregated","pleiotropy","pp08_discoveries",0.8,4
20260838,26,500,15,3000,3000,3000,3000,"fast","control_informative",0.05,5,0.01,"","mtada_aggregated","trait1","bfdr_observed_fdp",0.01,0.844444444444444
20260838,26,500,15,3000,3000,3000,3000,"fast","control_informative",0.05,5,0.01,"","mtada_aggregated","trait1","bfdr_estimate",0.01,0.00842021728876892
20260838,26,500,15,3000,3000,3000,3000,"fast","control_informative",0.05,5,0.01,"","mtada_aggregated","trait1","bfdr_power",0.01,0.28
20260838,26,500,15,3000,3000,3000,3000,"fast","control_informative",0.05,5,0.01,"","mtada_aggregated","trait1","bfdr_discoveries",0.01,45
20260838,26,500,15,3000,3000,3000,3000,"fast","control_informative",0.05,5,0.01,"","mtada_aggregated","trait1","bfdr_observed_fdp",0.05,0.851851851851852
20260838,26,500,15,3000,3000,3000,3000,"fast","control_informative",0.05,5,0.01,"","mtada_aggregated","trait1","bfdr_estimate",0.05,0.0459362073401605
20260838,26,500,15,3000,3000,3000,3000,"fast","control_informative",0.05,5,0.01,"","mtada_aggregated","trait1","bfdr_power",0.05,0.32
20260838,26,500,15,3000,3000,3000,3000,"fast","control_informative",0.05,5,0.01,"","mtada_aggregated","trait1","bfdr_discoveries",0.05,54
20260838,26,500,15,3000,3000,3000,3000,"fast","control_informative",0.05,5,0.01,"","mtada_aggregated","trait1","bfdr_observed_fdp",0.1,0.816666666666667
20260838,26,500,15,3000,3000,3000,3000,"fast","control_informative",0.05,5,0.01,"","mtada_aggregated","trait1","bfdr_estimate",0.1,0.0931229336974912
20260838,26,500,15,3000,3000,3000,3000,"fast","control_informative",0.05,5,0.01,"","mtada_aggregated","trait1","bfdr_power",0.1,0.44
20260838,26,500,15,3000,3000,3000,3000,"fast","control_informative",0.05,5,0.01,"","mtada_aggregated","trait1","bfdr_discoveries",0.1,60
20260838,26,500,15,3000,3000,3000,3000,"fast","control_informative",0.05,5,0.01,"","mtada_aggregated","trait1","bfdr_observed_fdp",0.2,0.833333333333333
20260838,26,500,15,3000,3000,3000,3000,"fast","control_informative",0.05,5,0.01,"","mtada_aggregated","trait1","bfdr_estimate",0.2,0.196196201702591
20260838,26,500,15,3000,3000,3000,3000,"fast","control_informative",0.05,5,0.01,"","mtada_aggregated","trait1","bfdr_power",0.2,0.48
20260838,26,500,15,3000,3000,3000,3000,"fast","control_informative",0.05,5,0.01,"","mtada_aggregated","trait1","bfdr_discoveries",0.2,72
20260838,26,500,15,3000,3000,3000,3000,"fast","control_informative",0.05,5,0.01,"","mtada_aggregated","trait2","bfdr_observed_fdp",0.01,0.896551724137931
20260838,26,500,15,3000,3000,3000,3000,"fast","control_informative",0.05,5,0.01,"","mtada_aggregated","trait2","bfdr_estimate",0.01,0.00692603022947461
20260838,26,500,15,3000,3000,3000,3000,"fast","control_informative",0.05,5,0.01,"","mtada_aggregated","trait2","bfdr_power",0.01,0.3
20260838,26,500,15,3000,3000,3000,3000,"fast","control_informative",0.05,5,0.01,"","mtada_aggregated","trait2","bfdr_discoveries",0.01,29
20260838,26,500,15,3000,3000,3000,3000,"fast","control_informative",0.05,5,0.01,"","mtada_aggregated","trait2","bfdr_observed_fdp",0.05,0.916666666666667
20260838,26,500,15,3000,3000,3000,3000,"fast","control_informative",0.05,5,0.01,"","mtada_aggregated","trait2","bfdr_estimate",0.05,0.0475254205717649
20260838,26,500,15,3000,3000,3000,3000,"fast","control_informative",0.05,5,0.01,"","mtada_aggregated","trait2","bfdr_power",0.05,0.3
20260838,26,500,15,3000,3000,3000,3000,"fast","control_informative",0.05,5,0.01,"","mtada_aggregated","trait2","bfdr_discoveries",0.05,36
20260838,26,500,15,3000,3000,3000,3000,"fast","control_informative",0.05,5,0.01,"","mtada_aggregated","trait2","bfdr_observed_fdp",0.1,0.925
20260838,26,500,15,3000,3000,3000,3000,"fast","control_informative",0.05,5,0.01,"","mtada_aggregated","trait2","bfdr_estimate",0.1,0.0982464991079591
20260838,26,500,15,3000,3000,3000,3000,"fast","control_informative",0.05,5,0.01,"","mtada_aggregated","trait2","bfdr_power",0.1,0.3
20260838,26,500,15,3000,3000,3000,3000,"fast","control_informative",0.05,5,0.01,"","mtada_aggregated","trait2","bfdr_discoveries",0.1,40
20260838,26,500,15,3000,3000,3000,3000,"fast","control_informative",0.05,5,0.01,"","mtada_aggregated","trait2","bfdr_observed_fdp",0.2,0.936170212765957
20260838,26,500,15,3000,3000,3000,3000,"fast","control_informative",0.05,5,0.01,"","mtada_aggregated","trait2","bfdr_estimate",0.2,0.194470943518314
20260838,26,500,15,3000,3000,3000,3000,"fast","control_informative",0.05,5,0.01,"","mtada_aggregated","trait2","bfdr_power",0.2,0.3
20260838,26,500,15,3000,3000,3000,3000,"fast","control_informative",0.05,5,0.01,"","mtada_aggregated","trait2","bfdr_discoveries",0.2,47
20260838,26,500,15,3000,3000,3000,3000,"fast","control_informative",0.05,5,0.01,"","mtada_aggregated","pleiotropy","bfdr_observed_fdp",0.01,0.75
20260838,26,500,15,3000,3000,3000,3000,"fast","control_informative",0.05,5,0.01,"","mtada_aggregated","pleiotropy","bfdr_estimate",0.01,0.00452425630835307
20260838,26,500,15,3000,3000,3000,3000,"fast","control_informative",0.05,5,0.01,"","mtada_aggregated","pleiotropy","bfdr_power",0.01,0.2
20260838,26,500,15,3000,3000,3000,3000,"fast","control_informative",0.05,5,0.01,"","mtada_aggregated","pleiotropy","bfdr_discoveries",0.01,4
20260838,26,500,15,3000,3000,3000,3000,"fast","control_informative",0.05,5,0.01,"","mtada_aggregated","pleiotropy","bfdr_observed_fdp",0.05,0.75
20260838,26,500,15,3000,3000,3000,3000,"fast","control_informative",0.05,5,0.01,"","mtada_aggregated","pleiotropy","bfdr_estimate",0.05,0.00452425630835307
20260838,26,500,15,3000,3000,3000,3000,"fast","control_informative",0.05,5,0.01,"","mtada_aggregated","pleiotropy","bfdr_power",0.05,0.2
20260838,26,500,15,3000,3000,3000,3000,"fast","control_informative",0.05,5,0.01,"","mtada_aggregated","pleiotropy","bfdr_discoveries",0.05,4
20260838,26,500,15,3000,3000,3000,3000,"fast","control_informative",0.05,5,0.01,"","mtada_aggregated","pleiotropy","bfdr_observed_fdp",0.1,0.8
20260838,26,500,15,3000,3000,3000,3000,"fast","control_informative",0.05,5,0.01,"","mtada_aggregated","pleiotropy","bfdr_estimate",0.1,0.0720861894683744
20260838,26,500,15,3000,3000,3000,3000,"fast","control_informative",0.05,5,0.01,"","mtada_aggregated","pleiotropy","bfdr_power",0.1,0.2
20260838,26,500,15,3000,3000,3000,3000,"fast","control_informative",0.05,5,0.01,"","mtada_aggregated","pleiotropy","bfdr_discoveries",0.1,5
20260838,26,500,15,3000,3000,3000,3000,"fast","control_informative",0.05,5,0.01,"","mtada_aggregated","pleiotropy","bfdr_observed_fdp",0.2,0.857142857142857
20260838,26,500,15,3000,3000,3000,3000,"fast","control_informative",0.05,5,0.01,"","mtada_aggregated","pleiotropy","bfdr_estimate",0.2,0.168974294790755
20260838,26,500,15,3000,3000,3000,3000,"fast","control_informative",0.05,5,0.01,"","mtada_aggregated","pleiotropy","bfdr_power",0.2,0.2
20260838,26,500,15,3000,3000,3000,3000,"fast","control_informative",0.05,5,0.01,"","mtada_aggregated","pleiotropy","bfdr_discoveries",0.2,7
20260838,26,500,15,3000,3000,3000,3000,"fast","control_informative",0.05,5,0.01,"","mtada_aggregated","global","runtime_seconds",NA,0.703999999999951
20260838,26,500,15,3000,3000,3000,3000,"fast","control_informative",0.05,5,0.01,"","mtada_aggregated","pleiotropy","pi11_estimate",NA,0.00300224
20260839,27,500,15,3000,3000,3000,3000,"fast","control_informative",0.05,5,0.01,"","mirage_joint","trait1","auc",NA,0.671326315789474
20260839,27,500,15,3000,3000,3000,3000,"fast","control_informative",0.05,5,0.01,"","mirage_joint","trait2","auc",NA,0.796530612244898
20260839,27,500,15,3000,3000,3000,3000,"fast","control_informative",0.05,5,0.01,"","mirage_joint","pleiotropy","auc",NA,0.810909090909091
20260839,27,500,15,3000,3000,3000,3000,"fast","control_informative",0.05,5,0.01,"","mirage_joint","trait1","pp08_power",0.8,0.28
20260839,27,500,15,3000,3000,3000,3000,"fast","control_informative",0.05,5,0.01,"","mirage_joint","trait1","pp08_fdp",0.8,0.125
20260839,27,500,15,3000,3000,3000,3000,"fast","control_informative",0.05,5,0.01,"","mirage_joint","trait1","pp08_discoveries",0.8,8
20260839,27,500,15,3000,3000,3000,3000,"fast","control_informative",0.05,5,0.01,"","mirage_joint","trait2","pp08_power",0.8,0
20260839,27,500,15,3000,3000,3000,3000,"fast","control_informative",0.05,5,0.01,"","mirage_joint","trait2","pp08_fdp",0.8,0
20260839,27,500,15,3000,3000,3000,3000,"fast","control_informative",0.05,5,0.01,"","mirage_joint","trait2","pp08_discoveries",0.8,0
20260839,27,500,15,3000,3000,3000,3000,"fast","control_informative",0.05,5,0.01,"","mirage_joint","pleiotropy","pp08_power",0.8,0
20260839,27,500,15,3000,3000,3000,3000,"fast","control_informative",0.05,5,0.01,"","mirage_joint","pleiotropy","pp08_fdp",0.8,0
20260839,27,500,15,3000,3000,3000,3000,"fast","control_informative",0.05,5,0.01,"","mirage_joint","pleiotropy","pp08_discoveries",0.8,0
20260839,27,500,15,3000,3000,3000,3000,"fast","control_informative",0.05,5,0.01,"","mirage_joint","trait1","bfdr_observed_fdp",0.01,0.2
20260839,27,500,15,3000,3000,3000,3000,"fast","control_informative",0.05,5,0.01,"","mirage_joint","trait1","bfdr_estimate",0.01,0.00823958432450456
20260839,27,500,15,3000,3000,3000,3000,"fast","control_informative",0.05,5,0.01,"","mirage_joint","trait1","bfdr_power",0.01,0.16
20260839,27,500,15,3000,3000,3000,3000,"fast","control_informative",0.05,5,0.01,"","mirage_joint","trait1","bfdr_discoveries",0.01,5
20260839,27,500,15,3000,3000,3000,3000,"fast","control_informative",0.05,5,0.01,"","mirage_joint","trait1","bfdr_observed_fdp",0.05,0.125
20260839,27,500,15,3000,3000,3000,3000,"fast","control_informative",0.05,5,0.01,"","mirage_joint","trait1","bfdr_estimate",0.05,0.0362670297412933
20260839,27,500,15,3000,3000,3000,3000,"fast","control_informative",0.05,5,0.01,"","mirage_joint","trait1","bfdr_power",0.05,0.28
20260839,27,500,15,3000,3000,3000,3000,"fast","control_informative",0.05,5,0.01,"","mirage_joint","trait1","bfdr_discoveries",0.05,8
20260839,27,500,15,3000,3000,3000,3000,"fast","control_informative",0.05,5,0.01,"","mirage_joint","trait1","bfdr_observed_fdp",0.1,0.222222222222222
20260839,27,500,15,3000,3000,3000,3000,"fast","control_informative",0.05,5,0.01,"","mirage_joint","trait1","bfdr_estimate",0.1,0.0761491155035188
20260839,27,500,15,3000,3000,3000,3000,"fast","control_informative",0.05,5,0.01,"","mirage_joint","trait1","bfdr_power",0.1,0.28
20260839,27,500,15,3000,3000,3000,3000,"fast","control_informative",0.05,5,0.01,"","mirage_joint","trait1","bfdr_discoveries",0.1,9
20260839,27,500,15,3000,3000,3000,3000,"fast","control_informative",0.05,5,0.01,"","mirage_joint","trait1","bfdr_observed_fdp",0.2,0.416666666666667
20260839,27,500,15,3000,3000,3000,3000,"fast","control_informative",0.05,5,0.01,"","mirage_joint","trait1","bfdr_estimate",0.2,0.173630055100147
20260839,27,500,15,3000,3000,3000,3000,"fast","control_informative",0.05,5,0.01,"","mirage_joint","trait1","bfdr_power",0.2,0.28
20260839,27,500,15,3000,3000,3000,3000,"fast","control_informative",0.05,5,0.01,"","mirage_joint","trait1","bfdr_discoveries",0.2,12
20260839,27,500,15,3000,3000,3000,3000,"fast","control_informative",0.05,5,0.01,"","mirage_joint","trait2","bfdr_observed_fdp",0.01,0
20260839,27,500,15,3000,3000,3000,3000,"fast","control_informative",0.05,5,0.01,"","mirage_joint","trait2","bfdr_estimate",0.01,0
20260839,27,500,15,3000,3000,3000,3000,"fast","control_informative",0.05,5,0.01,"","mirage_joint","trait2","bfdr_power",0.01,0
20260839,27,500,15,3000,3000,3000,3000,"fast","control_informative",0.05,5,0.01,"","mirage_joint","trait2","bfdr_discoveries",0.01,0
20260839,27,500,15,3000,3000,3000,3000,"fast","control_informative",0.05,5,0.01,"","mirage_joint","trait2","bfdr_observed_fdp",0.05,0
20260839,27,500,15,3000,3000,3000,3000,"fast","control_informative",0.05,5,0.01,"","mirage_joint","trait2","bfdr_estimate",0.05,0
20260839,27,500,15,3000,3000,3000,3000,"fast","control_informative",0.05,5,0.01,"","mirage_joint","trait2","bfdr_power",0.05,0
20260839,27,500,15,3000,3000,3000,3000,"fast","control_informative",0.05,5,0.01,"","mirage_joint","trait2","bfdr_discoveries",0.05,0
20260839,27,500,15,3000,3000,3000,3000,"fast","control_informative",0.05,5,0.01,"","mirage_joint","trait2","bfdr_observed_fdp",0.1,0
20260839,27,500,15,3000,3000,3000,3000,"fast","control_informative",0.05,5,0.01,"","mirage_joint","trait2","bfdr_estimate",0.1,0
20260839,27,500,15,3000,3000,3000,3000,"fast","control_informative",0.05,5,0.01,"","mirage_joint","trait2","bfdr_power",0.1,0
20260839,27,500,15,3000,3000,3000,3000,"fast","control_informative",0.05,5,0.01,"","mirage_joint","trait2","bfdr_discoveries",0.1,0
20260839,27,500,15,3000,3000,3000,3000,"fast","control_informative",0.05,5,0.01,"","mirage_joint","trait2","bfdr_observed_fdp",0.2,0
20260839,27,500,15,3000,3000,3000,3000,"fast","control_informative",0.05,5,0.01,"","mirage_joint","trait2","bfdr_estimate",0.2,0
20260839,27,500,15,3000,3000,3000,3000,"fast","control_informative",0.05,5,0.01,"","mirage_joint","trait2","bfdr_power",0.2,0
20260839,27,500,15,3000,3000,3000,3000,"fast","control_informative",0.05,5,0.01,"","mirage_joint","trait2","bfdr_discoveries",0.2,0
20260839,27,500,15,3000,3000,3000,3000,"fast","control_informative",0.05,5,0.01,"","mirage_joint","pleiotropy","bfdr_observed_fdp",0.01,0
20260839,27,500,15,3000,3000,3000,3000,"fast","control_informative",0.05,5,0.01,"","mirage_joint","pleiotropy","bfdr_estimate",0.01,0
20260839,27,500,15,3000,3000,3000,3000,"fast","control_informative",0.05,5,0.01,"","mirage_joint","pleiotropy","bfdr_power",0.01,0
20260839,27,500,15,3000,3000,3000,3000,"fast","control_informative",0.05,5,0.01,"","mirage_joint","pleiotropy","bfdr_discoveries",0.01,0
20260839,27,500,15,3000,3000,3000,3000,"fast","control_informative",0.05,5,0.01,"","mirage_joint","pleiotropy","bfdr_observed_fdp",0.05,0
20260839,27,500,15,3000,3000,3000,3000,"fast","control_informative",0.05,5,0.01,"","mirage_joint","pleiotropy","bfdr_estimate",0.05,0
20260839,27,500,15,3000,3000,3000,3000,"fast","control_informative",0.05,5,0.01,"","mirage_joint","pleiotropy","bfdr_power",0.05,0
20260839,27,500,15,3000,3000,3000,3000,"fast","control_informative",0.05,5,0.01,"","mirage_joint","pleiotropy","bfdr_discoveries",0.05,0
20260839,27,500,15,3000,3000,3000,3000,"fast","control_informative",0.05,5,0.01,"","mirage_joint","pleiotropy","bfdr_observed_fdp",0.1,0
20260839,27,500,15,3000,3000,3000,3000,"fast","control_informative",0.05,5,0.01,"","mirage_joint","pleiotropy","bfdr_estimate",0.1,0
20260839,27,500,15,3000,3000,3000,3000,"fast","control_informative",0.05,5,0.01,"","mirage_joint","pleiotropy","bfdr_power",0.1,0
20260839,27,500,15,3000,3000,3000,3000,"fast","control_informative",0.05,5,0.01,"","mirage_joint","pleiotropy","bfdr_discoveries",0.1,0
20260839,27,500,15,3000,3000,3000,3000,"fast","control_informative",0.05,5,0.01,"","mirage_joint","pleiotropy","bfdr_observed_fdp",0.2,0
20260839,27,500,15,3000,3000,3000,3000,"fast","control_informative",0.05,5,0.01,"","mirage_joint","pleiotropy","bfdr_estimate",0.2,0
20260839,27,500,15,3000,3000,3000,3000,"fast","control_informative",0.05,5,0.01,"","mirage_joint","pleiotropy","bfdr_power",0.2,0
20260839,27,500,15,3000,3000,3000,3000,"fast","control_informative",0.05,5,0.01,"","mirage_joint","pleiotropy","bfdr_discoveries",0.2,0
20260839,27,500,15,3000,3000,3000,3000,"fast","control_informative",0.05,5,0.01,"","mirage_joint","global","runtime_seconds",NA,18.026
20260839,27,500,15,3000,3000,3000,3000,"fast","control_informative",0.05,5,0.01,"","mirage_joint","pleiotropy","pi11_estimate",NA,0.00408965881711923
20260839,27,500,15,3000,3000,3000,3000,"fast","control_informative",0.05,5,0.01,"","separate_mirage","trait1","auc",NA,0.677305263157895
20260839,27,500,15,3000,3000,3000,3000,"fast","control_informative",0.05,5,0.01,"","separate_mirage","trait2","auc",NA,0.676326530612245
20260839,27,500,15,3000,3000,3000,3000,"fast","control_informative",0.05,5,0.01,"","separate_mirage","pleiotropy","auc",NA,0.831111111111111
20260839,27,500,15,3000,3000,3000,3000,"fast","control_informative",0.05,5,0.01,"","separate_mirage","trait1","pp08_power",0.8,0.28
20260839,27,500,15,3000,3000,3000,3000,"fast","control_informative",0.05,5,0.01,"","separate_mirage","trait1","pp08_fdp",0.8,0.125
20260839,27,500,15,3000,3000,3000,3000,"fast","control_informative",0.05,5,0.01,"","separate_mirage","trait1","pp08_discoveries",0.8,8
20260839,27,500,15,3000,3000,3000,3000,"fast","control_informative",0.05,5,0.01,"","separate_mirage","trait2","pp08_power",0.8,0
20260839,27,500,15,3000,3000,3000,3000,"fast","control_informative",0.05,5,0.01,"","separate_mirage","trait2","pp08_fdp",0.8,0
20260839,27,500,15,3000,3000,3000,3000,"fast","control_informative",0.05,5,0.01,"","separate_mirage","trait2","pp08_discoveries",0.8,0
20260839,27,500,15,3000,3000,3000,3000,"fast","control_informative",0.05,5,0.01,"","separate_mirage","pleiotropy","pp08_power",0.8,0
20260839,27,500,15,3000,3000,3000,3000,"fast","control_informative",0.05,5,0.01,"","separate_mirage","pleiotropy","pp08_fdp",0.8,0
20260839,27,500,15,3000,3000,3000,3000,"fast","control_informative",0.05,5,0.01,"","separate_mirage","pleiotropy","pp08_discoveries",0.8,0
20260839,27,500,15,3000,3000,3000,3000,"fast","control_informative",0.05,5,0.01,"","separate_mirage","trait1","bfdr_observed_fdp",0.01,0
20260839,27,500,15,3000,3000,3000,3000,"fast","control_informative",0.05,5,0.01,"","separate_mirage","trait1","bfdr_estimate",0.01,0.00518195132040203
20260839,27,500,15,3000,3000,3000,3000,"fast","control_informative",0.05,5,0.01,"","separate_mirage","trait1","bfdr_power",0.01,0.16
20260839,27,500,15,3000,3000,3000,3000,"fast","control_informative",0.05,5,0.01,"","separate_mirage","trait1","bfdr_discoveries",0.01,4
20260839,27,500,15,3000,3000,3000,3000,"fast","control_informative",0.05,5,0.01,"","separate_mirage","trait1","bfdr_observed_fdp",0.05,0.142857142857143
20260839,27,500,15,3000,3000,3000,3000,"fast","control_informative",0.05,5,0.01,"","separate_mirage","trait1","bfdr_estimate",0.05,0.0346536149130321
20260839,27,500,15,3000,3000,3000,3000,"fast","control_informative",0.05,5,0.01,"","separate_mirage","trait1","bfdr_power",0.05,0.24
20260839,27,500,15,3000,3000,3000,3000,"fast","control_informative",0.05,5,0.01,"","separate_mirage","trait1","bfdr_discoveries",0.05,7
20260839,27,500,15,3000,3000,3000,3000,"fast","control_informative",0.05,5,0.01,"","separate_mirage","trait1","bfdr_observed_fdp",0.1,0.125
20260839,27,500,15,3000,3000,3000,3000,"fast","control_informative",0.05,5,0.01,"","separate_mirage","trait1","bfdr_estimate",0.1,0.0511815499218222
20260839,27,500,15,3000,3000,3000,3000,"fast","control_informative",0.05,5,0.01,"","separate_mirage","trait1","bfdr_power",0.1,0.28
20260839,27,500,15,3000,3000,3000,3000,"fast","control_informative",0.05,5,0.01,"","separate_mirage","trait1","bfdr_discoveries",0.1,8
20260839,27,500,15,3000,3000,3000,3000,"fast","control_informative",0.05,5,0.01,"","separate_mirage","trait1","bfdr_observed_fdp",0.2,0.363636363636364
20260839,27,500,15,3000,3000,3000,3000,"fast","control_informative",0.05,5,0.01,"","separate_mirage","trait1","bfdr_estimate",0.2,0.196245769348467
20260839,27,500,15,3000,3000,3000,3000,"fast","control_informative",0.05,5,0.01,"","separate_mirage","trait1","bfdr_power",0.2,0.28
20260839,27,500,15,3000,3000,3000,3000,"fast","control_informative",0.05,5,0.01,"","separate_mirage","trait1","bfdr_discoveries",0.2,11
20260839,27,500,15,3000,3000,3000,3000,"fast","control_informative",0.05,5,0.01,"","separate_mirage","trait2","bfdr_observed_fdp",0.01,0
20260839,27,500,15,3000,3000,3000,3000,"fast","control_informative",0.05,5,0.01,"","separate_mirage","trait2","bfdr_estimate",0.01,0
20260839,27,500,15,3000,3000,3000,3000,"fast","control_informative",0.05,5,0.01,"","separate_mirage","trait2","bfdr_power",0.01,0
20260839,27,500,15,3000,3000,3000,3000,"fast","control_informative",0.05,5,0.01,"","separate_mirage","trait2","bfdr_discoveries",0.01,0
20260839,27,500,15,3000,3000,3000,3000,"fast","control_informative",0.05,5,0.01,"","separate_mirage","trait2","bfdr_observed_fdp",0.05,0
20260839,27,500,15,3000,3000,3000,3000,"fast","control_informative",0.05,5,0.01,"","separate_mirage","trait2","bfdr_estimate",0.05,0
20260839,27,500,15,3000,3000,3000,3000,"fast","control_informative",0.05,5,0.01,"","separate_mirage","trait2","bfdr_power",0.05,0
20260839,27,500,15,3000,3000,3000,3000,"fast","control_informative",0.05,5,0.01,"","separate_mirage","trait2","bfdr_discoveries",0.05,0
20260839,27,500,15,3000,3000,3000,3000,"fast","control_informative",0.05,5,0.01,"","separate_mirage","trait2","bfdr_observed_fdp",0.1,0
20260839,27,500,15,3000,3000,3000,3000,"fast","control_informative",0.05,5,0.01,"","separate_mirage","trait2","bfdr_estimate",0.1,0
20260839,27,500,15,3000,3000,3000,3000,"fast","control_informative",0.05,5,0.01,"","separate_mirage","trait2","bfdr_power",0.1,0
20260839,27,500,15,3000,3000,3000,3000,"fast","control_informative",0.05,5,0.01,"","separate_mirage","trait2","bfdr_discoveries",0.1,0
20260839,27,500,15,3000,3000,3000,3000,"fast","control_informative",0.05,5,0.01,"","separate_mirage","trait2","bfdr_observed_fdp",0.2,0
20260839,27,500,15,3000,3000,3000,3000,"fast","control_informative",0.05,5,0.01,"","separate_mirage","trait2","bfdr_estimate",0.2,0
20260839,27,500,15,3000,3000,3000,3000,"fast","control_informative",0.05,5,0.01,"","separate_mirage","trait2","bfdr_power",0.2,0
20260839,27,500,15,3000,3000,3000,3000,"fast","control_informative",0.05,5,0.01,"","separate_mirage","trait2","bfdr_discoveries",0.2,0
20260839,27,500,15,3000,3000,3000,3000,"fast","control_informative",0.05,5,0.01,"","separate_mirage","pleiotropy","bfdr_observed_fdp",0.01,0
20260839,27,500,15,3000,3000,3000,3000,"fast","control_informative",0.05,5,0.01,"","separate_mirage","pleiotropy","bfdr_estimate",0.01,0
20260839,27,500,15,3000,3000,3000,3000,"fast","control_informative",0.05,5,0.01,"","separate_mirage","pleiotropy","bfdr_power",0.01,0
20260839,27,500,15,3000,3000,3000,3000,"fast","control_informative",0.05,5,0.01,"","separate_mirage","pleiotropy","bfdr_discoveries",0.01,0
20260839,27,500,15,3000,3000,3000,3000,"fast","control_informative",0.05,5,0.01,"","separate_mirage","pleiotropy","bfdr_observed_fdp",0.05,0
20260839,27,500,15,3000,3000,3000,3000,"fast","control_informative",0.05,5,0.01,"","separate_mirage","pleiotropy","bfdr_estimate",0.05,0
20260839,27,500,15,3000,3000,3000,3000,"fast","control_informative",0.05,5,0.01,"","separate_mirage","pleiotropy","bfdr_power",0.05,0
20260839,27,500,15,3000,3000,3000,3000,"fast","control_informative",0.05,5,0.01,"","separate_mirage","pleiotropy","bfdr_discoveries",0.05,0
20260839,27,500,15,3000,3000,3000,3000,"fast","control_informative",0.05,5,0.01,"","separate_mirage","pleiotropy","bfdr_observed_fdp",0.1,0
20260839,27,500,15,3000,3000,3000,3000,"fast","control_informative",0.05,5,0.01,"","separate_mirage","pleiotropy","bfdr_estimate",0.1,0
20260839,27,500,15,3000,3000,3000,3000,"fast","control_informative",0.05,5,0.01,"","separate_mirage","pleiotropy","bfdr_power",0.1,0
20260839,27,500,15,3000,3000,3000,3000,"fast","control_informative",0.05,5,0.01,"","separate_mirage","pleiotropy","bfdr_discoveries",0.1,0
20260839,27,500,15,3000,3000,3000,3000,"fast","control_informative",0.05,5,0.01,"","separate_mirage","pleiotropy","bfdr_observed_fdp",0.2,0
20260839,27,500,15,3000,3000,3000,3000,"fast","control_informative",0.05,5,0.01,"","separate_mirage","pleiotropy","bfdr_estimate",0.2,0
20260839,27,500,15,3000,3000,3000,3000,"fast","control_informative",0.05,5,0.01,"","separate_mirage","pleiotropy","bfdr_power",0.2,0
20260839,27,500,15,3000,3000,3000,3000,"fast","control_informative",0.05,5,0.01,"","separate_mirage","pleiotropy","bfdr_discoveries",0.2,0
20260839,27,500,15,3000,3000,3000,3000,"fast","control_informative",0.05,5,0.01,"","separate_mirage","global","runtime_seconds",NA,17.9780000000001
20260839,27,500,15,3000,3000,3000,3000,"fast","control_informative",0.05,5,0.01,"","separate_mirage","pleiotropy","pi11_estimate",NA,0.001
20260839,27,500,15,3000,3000,3000,3000,"fast","control_informative",0.05,5,0.01,"","mtada_aggregated","trait1","auc",NA,0.684673684210526
20260839,27,500,15,3000,3000,3000,3000,"fast","control_informative",0.05,5,0.01,"","mtada_aggregated","trait2","auc",NA,0.70469387755102
20260839,27,500,15,3000,3000,3000,3000,"fast","control_informative",0.05,5,0.01,"","mtada_aggregated","pleiotropy","auc",NA,0.795555555555556
20260839,27,500,15,3000,3000,3000,3000,"fast","control_informative",0.05,5,0.01,"","mtada_aggregated","trait1","pp08_power",0.8,0.28
20260839,27,500,15,3000,3000,3000,3000,"fast","control_informative",0.05,5,0.01,"","mtada_aggregated","trait1","pp08_fdp",0.8,0.865384615384615
20260839,27,500,15,3000,3000,3000,3000,"fast","control_informative",0.05,5,0.01,"","mtada_aggregated","trait1","pp08_discoveries",0.8,52
20260839,27,500,15,3000,3000,3000,3000,"fast","control_informative",0.05,5,0.01,"","mtada_aggregated","trait2","pp08_power",0.8,0.4
20260839,27,500,15,3000,3000,3000,3000,"fast","control_informative",0.05,5,0.01,"","mtada_aggregated","trait2","pp08_fdp",0.8,0.885714285714286
20260839,27,500,15,3000,3000,3000,3000,"fast","control_informative",0.05,5,0.01,"","mtada_aggregated","trait2","pp08_discoveries",0.8,35
20260839,27,500,15,3000,3000,3000,3000,"fast","control_informative",0.05,5,0.01,"","mtada_aggregated","pleiotropy","pp08_power",0.8,0
20260839,27,500,15,3000,3000,3000,3000,"fast","control_informative",0.05,5,0.01,"","mtada_aggregated","pleiotropy","pp08_fdp",0.8,1
20260839,27,500,15,3000,3000,3000,3000,"fast","control_informative",0.05,5,0.01,"","mtada_aggregated","pleiotropy","pp08_discoveries",0.8,1
20260839,27,500,15,3000,3000,3000,3000,"fast","control_informative",0.05,5,0.01,"","mtada_aggregated","trait1","bfdr_observed_fdp",0.01,0.86
20260839,27,500,15,3000,3000,3000,3000,"fast","control_informative",0.05,5,0.01,"","mtada_aggregated","trait1","bfdr_estimate",0.01,0.00974985830896504
20260839,27,500,15,3000,3000,3000,3000,"fast","control_informative",0.05,5,0.01,"","mtada_aggregated","trait1","bfdr_power",0.01,0.28
20260839,27,500,15,3000,3000,3000,3000,"fast","control_informative",0.05,5,0.01,"","mtada_aggregated","trait1","bfdr_discoveries",0.01,50
20260839,27,500,15,3000,3000,3000,3000,"fast","control_informative",0.05,5,0.01,"","mtada_aggregated","trait1","bfdr_observed_fdp",0.05,0.862068965517241
20260839,27,500,15,3000,3000,3000,3000,"fast","control_informative",0.05,5,0.01,"","mtada_aggregated","trait1","bfdr_estimate",0.05,0.0493194988945828
20260839,27,500,15,3000,3000,3000,3000,"fast","control_informative",0.05,5,0.01,"","mtada_aggregated","trait1","bfdr_power",0.05,0.32
20260839,27,500,15,3000,3000,3000,3000,"fast","control_informative",0.05,5,0.01,"","mtada_aggregated","trait1","bfdr_discoveries",0.05,58
20260839,27,500,15,3000,3000,3000,3000,"fast","control_informative",0.05,5,0.01,"","mtada_aggregated","trait1","bfdr_observed_fdp",0.1,0.875
20260839,27,500,15,3000,3000,3000,3000,"fast","control_informative",0.05,5,0.01,"","mtada_aggregated","trait1","bfdr_estimate",0.1,0.0974778752141299
20260839,27,500,15,3000,3000,3000,3000,"fast","control_informative",0.05,5,0.01,"","mtada_aggregated","trait1","bfdr_power",0.1,0.32
20260839,27,500,15,3000,3000,3000,3000,"fast","control_informative",0.05,5,0.01,"","mtada_aggregated","trait1","bfdr_discoveries",0.1,64
20260839,27,500,15,3000,3000,3000,3000,"fast","control_informative",0.05,5,0.01,"","mtada_aggregated","trait1","bfdr_observed_fdp",0.2,0.866666666666667
20260839,27,500,15,3000,3000,3000,3000,"fast","control_informative",0.05,5,0.01,"","mtada_aggregated","trait1","bfdr_estimate",0.2,0.192960792809055
20260839,27,500,15,3000,3000,3000,3000,"fast","control_informative",0.05,5,0.01,"","mtada_aggregated","trait1","bfdr_power",0.2,0.4
20260839,27,500,15,3000,3000,3000,3000,"fast","control_informative",0.05,5,0.01,"","mtada_aggregated","trait1","bfdr_discoveries",0.2,75
20260839,27,500,15,3000,3000,3000,3000,"fast","control_informative",0.05,5,0.01,"","mtada_aggregated","trait2","bfdr_observed_fdp",0.01,0.909090909090909
20260839,27,500,15,3000,3000,3000,3000,"fast","control_informative",0.05,5,0.01,"","mtada_aggregated","trait2","bfdr_estimate",0.01,0.00650995857988443
20260839,27,500,15,3000,3000,3000,3000,"fast","control_informative",0.05,5,0.01,"","mtada_aggregated","trait2","bfdr_power",0.01,0.3
20260839,27,500,15,3000,3000,3000,3000,"fast","control_informative",0.05,5,0.01,"","mtada_aggregated","trait2","bfdr_discoveries",0.01,33
20260839,27,500,15,3000,3000,3000,3000,"fast","control_informative",0.05,5,0.01,"","mtada_aggregated","trait2","bfdr_observed_fdp",0.05,0.875
20260839,27,500,15,3000,3000,3000,3000,"fast","control_informative",0.05,5,0.01,"","mtada_aggregated","trait2","bfdr_estimate",0.05,0.0443586822873022
20260839,27,500,15,3000,3000,3000,3000,"fast","control_informative",0.05,5,0.01,"","mtada_aggregated","trait2","bfdr_power",0.05,0.5
20260839,27,500,15,3000,3000,3000,3000,"fast","control_informative",0.05,5,0.01,"","mtada_aggregated","trait2","bfdr_discoveries",0.05,40
20260839,27,500,15,3000,3000,3000,3000,"fast","control_informative",0.05,5,0.01,"","mtada_aggregated","trait2","bfdr_observed_fdp",0.1,0.888888888888889
20260839,27,500,15,3000,3000,3000,3000,"fast","control_informative",0.05,5,0.01,"","mtada_aggregated","trait2","bfdr_estimate",0.1,0.0934585823999456
20260839,27,500,15,3000,3000,3000,3000,"fast","control_informative",0.05,5,0.01,"","mtada_aggregated","trait2","bfdr_power",0.1,0.5
20260839,27,500,15,3000,3000,3000,3000,"fast","control_informative",0.05,5,0.01,"","mtada_aggregated","trait2","bfdr_discoveries",0.1,45
20260839,27,500,15,3000,3000,3000,3000,"fast","control_informative",0.05,5,0.01,"","mtada_aggregated","trait2","bfdr_observed_fdp",0.2,0.903846153846154
20260839,27,500,15,3000,3000,3000,3000,"fast","control_informative",0.05,5,0.01,"","mtada_aggregated","trait2","bfdr_estimate",0.2,0.191770607346375
20260839,27,500,15,3000,3000,3000,3000,"fast","control_informative",0.05,5,0.01,"","mtada_aggregated","trait2","bfdr_power",0.2,0.5
20260839,27,500,15,3000,3000,3000,3000,"fast","control_informative",0.05,5,0.01,"","mtada_aggregated","trait2","bfdr_discoveries",0.2,52
20260839,27,500,15,3000,3000,3000,3000,"fast","control_informative",0.05,5,0.01,"","mtada_aggregated","pleiotropy","bfdr_observed_fdp",0.01,1
20260839,27,500,15,3000,3000,3000,3000,"fast","control_informative",0.05,5,0.01,"","mtada_aggregated","pleiotropy","bfdr_estimate",0.01,2.24921665403777e-07
20260839,27,500,15,3000,3000,3000,3000,"fast","control_informative",0.05,5,0.01,"","mtada_aggregated","pleiotropy","bfdr_power",0.01,0
20260839,27,500,15,3000,3000,3000,3000,"fast","control_informative",0.05,5,0.01,"","mtada_aggregated","pleiotropy","bfdr_discoveries",0.01,1
20260839,27,500,15,3000,3000,3000,3000,"fast","control_informative",0.05,5,0.01,"","mtada_aggregated","pleiotropy","bfdr_observed_fdp",0.05,1
20260839,27,500,15,3000,3000,3000,3000,"fast","control_informative",0.05,5,0.01,"","mtada_aggregated","pleiotropy","bfdr_estimate",0.05,2.24921665403777e-07
20260839,27,500,15,3000,3000,3000,3000,"fast","control_informative",0.05,5,0.01,"","mtada_aggregated","pleiotropy","bfdr_power",0.05,0
20260839,27,500,15,3000,3000,3000,3000,"fast","control_informative",0.05,5,0.01,"","mtada_aggregated","pleiotropy","bfdr_discoveries",0.05,1
20260839,27,500,15,3000,3000,3000,3000,"fast","control_informative",0.05,5,0.01,"","mtada_aggregated","pleiotropy","bfdr_observed_fdp",0.1,1
20260839,27,500,15,3000,3000,3000,3000,"fast","control_informative",0.05,5,0.01,"","mtada_aggregated","pleiotropy","bfdr_estimate",0.1,2.24921665403777e-07
20260839,27,500,15,3000,3000,3000,3000,"fast","control_informative",0.05,5,0.01,"","mtada_aggregated","pleiotropy","bfdr_power",0.1,0
20260839,27,500,15,3000,3000,3000,3000,"fast","control_informative",0.05,5,0.01,"","mtada_aggregated","pleiotropy","bfdr_discoveries",0.1,1
20260839,27,500,15,3000,3000,3000,3000,"fast","control_informative",0.05,5,0.01,"","mtada_aggregated","pleiotropy","bfdr_observed_fdp",0.2,1
20260839,27,500,15,3000,3000,3000,3000,"fast","control_informative",0.05,5,0.01,"","mtada_aggregated","pleiotropy","bfdr_estimate",0.2,0.187923734643004
20260839,27,500,15,3000,3000,3000,3000,"fast","control_informative",0.05,5,0.01,"","mtada_aggregated","pleiotropy","bfdr_power",0.2,0
20260839,27,500,15,3000,3000,3000,3000,"fast","control_informative",0.05,5,0.01,"","mtada_aggregated","pleiotropy","bfdr_discoveries",0.2,4
20260839,27,500,15,3000,3000,3000,3000,"fast","control_informative",0.05,5,0.01,"","mtada_aggregated","global","runtime_seconds",NA,0.706000000000017
20260839,27,500,15,3000,3000,3000,3000,"fast","control_informative",0.05,5,0.01,"","mtada_aggregated","pleiotropy","pi11_estimate",NA,0.00123219
20260840,28,500,15,3000,3000,3000,3000,"fast","control_informative",0.05,5,0.01,"","mirage_joint","trait1","auc",NA,0.5968
20260840,28,500,15,3000,3000,3000,3000,"fast","control_informative",0.05,5,0.01,"","mirage_joint","trait2","auc",NA,0.666326530612245
20260840,28,500,15,3000,3000,3000,3000,"fast","control_informative",0.05,5,0.01,"","mirage_joint","pleiotropy","auc",NA,0.697777777777778
20260840,28,500,15,3000,3000,3000,3000,"fast","control_informative",0.05,5,0.01,"","mirage_joint","trait1","pp08_power",0.8,0.04
20260840,28,500,15,3000,3000,3000,3000,"fast","control_informative",0.05,5,0.01,"","mirage_joint","trait1","pp08_fdp",0.8,0
20260840,28,500,15,3000,3000,3000,3000,"fast","control_informative",0.05,5,0.01,"","mirage_joint","trait1","pp08_discoveries",0.8,1
20260840,28,500,15,3000,3000,3000,3000,"fast","control_informative",0.05,5,0.01,"","mirage_joint","trait2","pp08_power",0.8,0.1
20260840,28,500,15,3000,3000,3000,3000,"fast","control_informative",0.05,5,0.01,"","mirage_joint","trait2","pp08_fdp",0.8,0
20260840,28,500,15,3000,3000,3000,3000,"fast","control_informative",0.05,5,0.01,"","mirage_joint","trait2","pp08_discoveries",0.8,1
20260840,28,500,15,3000,3000,3000,3000,"fast","control_informative",0.05,5,0.01,"","mirage_joint","pleiotropy","pp08_power",0.8,0
20260840,28,500,15,3000,3000,3000,3000,"fast","control_informative",0.05,5,0.01,"","mirage_joint","pleiotropy","pp08_fdp",0.8,0
20260840,28,500,15,3000,3000,3000,3000,"fast","control_informative",0.05,5,0.01,"","mirage_joint","pleiotropy","pp08_discoveries",0.8,0
20260840,28,500,15,3000,3000,3000,3000,"fast","control_informative",0.05,5,0.01,"","mirage_joint","trait1","bfdr_observed_fdp",0.01,0
20260840,28,500,15,3000,3000,3000,3000,"fast","control_informative",0.05,5,0.01,"","mirage_joint","trait1","bfdr_estimate",0.01,0
20260840,28,500,15,3000,3000,3000,3000,"fast","control_informative",0.05,5,0.01,"","mirage_joint","trait1","bfdr_power",0.01,0
20260840,28,500,15,3000,3000,3000,3000,"fast","control_informative",0.05,5,0.01,"","mirage_joint","trait1","bfdr_discoveries",0.01,0
20260840,28,500,15,3000,3000,3000,3000,"fast","control_informative",0.05,5,0.01,"","mirage_joint","trait1","bfdr_observed_fdp",0.05,0
20260840,28,500,15,3000,3000,3000,3000,"fast","control_informative",0.05,5,0.01,"","mirage_joint","trait1","bfdr_estimate",0.05,0.0195955738466683
20260840,28,500,15,3000,3000,3000,3000,"fast","control_informative",0.05,5,0.01,"","mirage_joint","trait1","bfdr_power",0.05,0.04
20260840,28,500,15,3000,3000,3000,3000,"fast","control_informative",0.05,5,0.01,"","mirage_joint","trait1","bfdr_discoveries",0.05,1
20260840,28,500,15,3000,3000,3000,3000,"fast","control_informative",0.05,5,0.01,"","mirage_joint","trait1","bfdr_observed_fdp",0.1,0
20260840,28,500,15,3000,3000,3000,3000,"fast","control_informative",0.05,5,0.01,"","mirage_joint","trait1","bfdr_estimate",0.1,0.0195955738466683
20260840,28,500,15,3000,3000,3000,3000,"fast","control_informative",0.05,5,0.01,"","mirage_joint","trait1","bfdr_power",0.1,0.04
20260840,28,500,15,3000,3000,3000,3000,"fast","control_informative",0.05,5,0.01,"","mirage_joint","trait1","bfdr_discoveries",0.1,1
20260840,28,500,15,3000,3000,3000,3000,"fast","control_informative",0.05,5,0.01,"","mirage_joint","trait1","bfdr_observed_fdp",0.2,0
20260840,28,500,15,3000,3000,3000,3000,"fast","control_informative",0.05,5,0.01,"","mirage_joint","trait1","bfdr_estimate",0.2,0.0195955738466683
20260840,28,500,15,3000,3000,3000,3000,"fast","control_informative",0.05,5,0.01,"","mirage_joint","trait1","bfdr_power",0.2,0.04
20260840,28,500,15,3000,3000,3000,3000,"fast","control_informative",0.05,5,0.01,"","mirage_joint","trait1","bfdr_discoveries",0.2,1
20260840,28,500,15,3000,3000,3000,3000,"fast","control_informative",0.05,5,0.01,"","mirage_joint","trait2","bfdr_observed_fdp",0.01,0
20260840,28,500,15,3000,3000,3000,3000,"fast","control_informative",0.05,5,0.01,"","mirage_joint","trait2","bfdr_estimate",0.01,3.01066802752548e-05
20260840,28,500,15,3000,3000,3000,3000,"fast","control_informative",0.05,5,0.01,"","mirage_joint","trait2","bfdr_power",0.01,0.1
20260840,28,500,15,3000,3000,3000,3000,"fast","control_informative",0.05,5,0.01,"","mirage_joint","trait2","bfdr_discoveries",0.01,1
20260840,28,500,15,3000,3000,3000,3000,"fast","control_informative",0.05,5,0.01,"","mirage_joint","trait2","bfdr_observed_fdp",0.05,0
20260840,28,500,15,3000,3000,3000,3000,"fast","control_informative",0.05,5,0.01,"","mirage_joint","trait2","bfdr_estimate",0.05,3.01066802752548e-05
20260840,28,500,15,3000,3000,3000,3000,"fast","control_informative",0.05,5,0.01,"","mirage_joint","trait2","bfdr_power",0.05,0.1
20260840,28,500,15,3000,3000,3000,3000,"fast","control_informative",0.05,5,0.01,"","mirage_joint","trait2","bfdr_discoveries",0.05,1
20260840,28,500,15,3000,3000,3000,3000,"fast","control_informative",0.05,5,0.01,"","mirage_joint","trait2","bfdr_observed_fdp",0.1,0
20260840,28,500,15,3000,3000,3000,3000,"fast","control_informative",0.05,5,0.01,"","mirage_joint","trait2","bfdr_estimate",0.1,3.01066802752548e-05
20260840,28,500,15,3000,3000,3000,3000,"fast","control_informative",0.05,5,0.01,"","mirage_joint","trait2","bfdr_power",0.1,0.1
20260840,28,500,15,3000,3000,3000,3000,"fast","control_informative",0.05,5,0.01,"","mirage_joint","trait2","bfdr_discoveries",0.1,1
20260840,28,500,15,3000,3000,3000,3000,"fast","control_informative",0.05,5,0.01,"","mirage_joint","trait2","bfdr_observed_fdp",0.2,0
20260840,28,500,15,3000,3000,3000,3000,"fast","control_informative",0.05,5,0.01,"","mirage_joint","trait2","bfdr_estimate",0.2,3.01066802752548e-05
20260840,28,500,15,3000,3000,3000,3000,"fast","control_informative",0.05,5,0.01,"","mirage_joint","trait2","bfdr_power",0.2,0.1
20260840,28,500,15,3000,3000,3000,3000,"fast","control_informative",0.05,5,0.01,"","mirage_joint","trait2","bfdr_discoveries",0.2,1
20260840,28,500,15,3000,3000,3000,3000,"fast","control_informative",0.05,5,0.01,"","mirage_joint","pleiotropy","bfdr_observed_fdp",0.01,0
20260840,28,500,15,3000,3000,3000,3000,"fast","control_informative",0.05,5,0.01,"","mirage_joint","pleiotropy","bfdr_estimate",0.01,0
20260840,28,500,15,3000,3000,3000,3000,"fast","control_informative",0.05,5,0.01,"","mirage_joint","pleiotropy","bfdr_power",0.01,0
20260840,28,500,15,3000,3000,3000,3000,"fast","control_informative",0.05,5,0.01,"","mirage_joint","pleiotropy","bfdr_discoveries",0.01,0
20260840,28,500,15,3000,3000,3000,3000,"fast","control_informative",0.05,5,0.01,"","mirage_joint","pleiotropy","bfdr_observed_fdp",0.05,0
20260840,28,500,15,3000,3000,3000,3000,"fast","control_informative",0.05,5,0.01,"","mirage_joint","pleiotropy","bfdr_estimate",0.05,0
20260840,28,500,15,3000,3000,3000,3000,"fast","control_informative",0.05,5,0.01,"","mirage_joint","pleiotropy","bfdr_power",0.05,0
20260840,28,500,15,3000,3000,3000,3000,"fast","control_informative",0.05,5,0.01,"","mirage_joint","pleiotropy","bfdr_discoveries",0.05,0
20260840,28,500,15,3000,3000,3000,3000,"fast","control_informative",0.05,5,0.01,"","mirage_joint","pleiotropy","bfdr_observed_fdp",0.1,0
20260840,28,500,15,3000,3000,3000,3000,"fast","control_informative",0.05,5,0.01,"","mirage_joint","pleiotropy","bfdr_estimate",0.1,0
20260840,28,500,15,3000,3000,3000,3000,"fast","control_informative",0.05,5,0.01,"","mirage_joint","pleiotropy","bfdr_power",0.1,0
20260840,28,500,15,3000,3000,3000,3000,"fast","control_informative",0.05,5,0.01,"","mirage_joint","pleiotropy","bfdr_discoveries",0.1,0
20260840,28,500,15,3000,3000,3000,3000,"fast","control_informative",0.05,5,0.01,"","mirage_joint","pleiotropy","bfdr_observed_fdp",0.2,0
20260840,28,500,15,3000,3000,3000,3000,"fast","control_informative",0.05,5,0.01,"","mirage_joint","pleiotropy","bfdr_estimate",0.2,0
20260840,28,500,15,3000,3000,3000,3000,"fast","control_informative",0.05,5,0.01,"","mirage_joint","pleiotropy","bfdr_power",0.2,0
20260840,28,500,15,3000,3000,3000,3000,"fast","control_informative",0.05,5,0.01,"","mirage_joint","pleiotropy","bfdr_discoveries",0.2,0
20260840,28,500,15,3000,3000,3000,3000,"fast","control_informative",0.05,5,0.01,"","mirage_joint","global","runtime_seconds",NA,17.992
20260840,28,500,15,3000,3000,3000,3000,"fast","control_informative",0.05,5,0.01,"","mirage_joint","pleiotropy","pi11_estimate",NA,0.00834648347868964
20260840,28,500,15,3000,3000,3000,3000,"fast","control_informative",0.05,5,0.01,"","separate_mirage","trait1","auc",NA,0.58298947368421
20260840,28,500,15,3000,3000,3000,3000,"fast","control_informative",0.05,5,0.01,"","separate_mirage","trait2","auc",NA,0.645918367346939
20260840,28,500,15,3000,3000,3000,3000,"fast","control_informative",0.05,5,0.01,"","separate_mirage","pleiotropy","auc",NA,0.65979797979798
20260840,28,500,15,3000,3000,3000,3000,"fast","control_informative",0.05,5,0.01,"","separate_mirage","trait1","pp08_power",0.8,0.04
20260840,28,500,15,3000,3000,3000,3000,"fast","control_informative",0.05,5,0.01,"","separate_mirage","trait1","pp08_fdp",0.8,0
20260840,28,500,15,3000,3000,3000,3000,"fast","control_informative",0.05,5,0.01,"","separate_mirage","trait1","pp08_discoveries",0.8,1
20260840,28,500,15,3000,3000,3000,3000,"fast","control_informative",0.05,5,0.01,"","separate_mirage","trait2","pp08_power",0.8,0.1
20260840,28,500,15,3000,3000,3000,3000,"fast","control_informative",0.05,5,0.01,"","separate_mirage","trait2","pp08_fdp",0.8,0
20260840,28,500,15,3000,3000,3000,3000,"fast","control_informative",0.05,5,0.01,"","separate_mirage","trait2","pp08_discoveries",0.8,1
20260840,28,500,15,3000,3000,3000,3000,"fast","control_informative",0.05,5,0.01,"","separate_mirage","pleiotropy","pp08_power",0.8,0
20260840,28,500,15,3000,3000,3000,3000,"fast","control_informative",0.05,5,0.01,"","separate_mirage","pleiotropy","pp08_fdp",0.8,0
20260840,28,500,15,3000,3000,3000,3000,"fast","control_informative",0.05,5,0.01,"","separate_mirage","pleiotropy","pp08_discoveries",0.8,0
20260840,28,500,15,3000,3000,3000,3000,"fast","control_informative",0.05,5,0.01,"","separate_mirage","trait1","bfdr_observed_fdp",0.01,0
20260840,28,500,15,3000,3000,3000,3000,"fast","control_informative",0.05,5,0.01,"","separate_mirage","trait1","bfdr_estimate",0.01,0
20260840,28,500,15,3000,3000,3000,3000,"fast","control_informative",0.05,5,0.01,"","separate_mirage","trait1","bfdr_power",0.01,0
20260840,28,500,15,3000,3000,3000,3000,"fast","control_informative",0.05,5,0.01,"","separate_mirage","trait1","bfdr_discoveries",0.01,0
20260840,28,500,15,3000,3000,3000,3000,"fast","control_informative",0.05,5,0.01,"","separate_mirage","trait1","bfdr_observed_fdp",0.05,0
20260840,28,500,15,3000,3000,3000,3000,"fast","control_informative",0.05,5,0.01,"","separate_mirage","trait1","bfdr_estimate",0.05,0.0165828236357327
20260840,28,500,15,3000,3000,3000,3000,"fast","control_informative",0.05,5,0.01,"","separate_mirage","trait1","bfdr_power",0.05,0.04
20260840,28,500,15,3000,3000,3000,3000,"fast","control_informative",0.05,5,0.01,"","separate_mirage","trait1","bfdr_discoveries",0.05,1
20260840,28,500,15,3000,3000,3000,3000,"fast","control_informative",0.05,5,0.01,"","separate_mirage","trait1","bfdr_observed_fdp",0.1,0
20260840,28,500,15,3000,3000,3000,3000,"fast","control_informative",0.05,5,0.01,"","separate_mirage","trait1","bfdr_estimate",0.1,0.0165828236357327
20260840,28,500,15,3000,3000,3000,3000,"fast","control_informative",0.05,5,0.01,"","separate_mirage","trait1","bfdr_power",0.1,0.04
20260840,28,500,15,3000,3000,3000,3000,"fast","control_informative",0.05,5,0.01,"","separate_mirage","trait1","bfdr_discoveries",0.1,1
20260840,28,500,15,3000,3000,3000,3000,"fast","control_informative",0.05,5,0.01,"","separate_mirage","trait1","bfdr_observed_fdp",0.2,0
20260840,28,500,15,3000,3000,3000,3000,"fast","control_informative",0.05,5,0.01,"","separate_mirage","trait1","bfdr_estimate",0.2,0.0165828236357327
20260840,28,500,15,3000,3000,3000,3000,"fast","control_informative",0.05,5,0.01,"","separate_mirage","trait1","bfdr_power",0.2,0.04
20260840,28,500,15,3000,3000,3000,3000,"fast","control_informative",0.05,5,0.01,"","separate_mirage","trait1","bfdr_discoveries",0.2,1
20260840,28,500,15,3000,3000,3000,3000,"fast","control_informative",0.05,5,0.01,"","separate_mirage","trait2","bfdr_observed_fdp",0.01,0
20260840,28,500,15,3000,3000,3000,3000,"fast","control_informative",0.05,5,0.01,"","separate_mirage","trait2","bfdr_estimate",0.01,3.26102598344757e-05
20260840,28,500,15,3000,3000,3000,3000,"fast","control_informative",0.05,5,0.01,"","separate_mirage","trait2","bfdr_power",0.01,0.1
20260840,28,500,15,3000,3000,3000,3000,"fast","control_informative",0.05,5,0.01,"","separate_mirage","trait2","bfdr_discoveries",0.01,1
20260840,28,500,15,3000,3000,3000,3000,"fast","control_informative",0.05,5,0.01,"","separate_mirage","trait2","bfdr_observed_fdp",0.05,0
20260840,28,500,15,3000,3000,3000,3000,"fast","control_informative",0.05,5,0.01,"","separate_mirage","trait2","bfdr_estimate",0.05,3.26102598344757e-05
20260840,28,500,15,3000,3000,3000,3000,"fast","control_informative",0.05,5,0.01,"","separate_mirage","trait2","bfdr_power",0.05,0.1
20260840,28,500,15,3000,3000,3000,3000,"fast","control_informative",0.05,5,0.01,"","separate_mirage","trait2","bfdr_discoveries",0.05,1
20260840,28,500,15,3000,3000,3000,3000,"fast","control_informative",0.05,5,0.01,"","separate_mirage","trait2","bfdr_observed_fdp",0.1,0
20260840,28,500,15,3000,3000,3000,3000,"fast","control_informative",0.05,5,0.01,"","separate_mirage","trait2","bfdr_estimate",0.1,3.26102598344757e-05
20260840,28,500,15,3000,3000,3000,3000,"fast","control_informative",0.05,5,0.01,"","separate_mirage","trait2","bfdr_power",0.1,0.1
20260840,28,500,15,3000,3000,3000,3000,"fast","control_informative",0.05,5,0.01,"","separate_mirage","trait2","bfdr_discoveries",0.1,1
20260840,28,500,15,3000,3000,3000,3000,"fast","control_informative",0.05,5,0.01,"","separate_mirage","trait2","bfdr_observed_fdp",0.2,0.5
20260840,28,500,15,3000,3000,3000,3000,"fast","control_informative",0.05,5,0.01,"","separate_mirage","trait2","bfdr_estimate",0.2,0.191828913415335
20260840,28,500,15,3000,3000,3000,3000,"fast","control_informative",0.05,5,0.01,"","separate_mirage","trait2","bfdr_power",0.2,0.1
20260840,28,500,15,3000,3000,3000,3000,"fast","control_informative",0.05,5,0.01,"","separate_mirage","trait2","bfdr_discoveries",0.2,2
20260840,28,500,15,3000,3000,3000,3000,"fast","control_informative",0.05,5,0.01,"","separate_mirage","pleiotropy","bfdr_observed_fdp",0.01,0
20260840,28,500,15,3000,3000,3000,3000,"fast","control_informative",0.05,5,0.01,"","separate_mirage","pleiotropy","bfdr_estimate",0.01,0
20260840,28,500,15,3000,3000,3000,3000,"fast","control_informative",0.05,5,0.01,"","separate_mirage","pleiotropy","bfdr_power",0.01,0
20260840,28,500,15,3000,3000,3000,3000,"fast","control_informative",0.05,5,0.01,"","separate_mirage","pleiotropy","bfdr_discoveries",0.01,0
20260840,28,500,15,3000,3000,3000,3000,"fast","control_informative",0.05,5,0.01,"","separate_mirage","pleiotropy","bfdr_observed_fdp",0.05,0
20260840,28,500,15,3000,3000,3000,3000,"fast","control_informative",0.05,5,0.01,"","separate_mirage","pleiotropy","bfdr_estimate",0.05,0
20260840,28,500,15,3000,3000,3000,3000,"fast","control_informative",0.05,5,0.01,"","separate_mirage","pleiotropy","bfdr_power",0.05,0
20260840,28,500,15,3000,3000,3000,3000,"fast","control_informative",0.05,5,0.01,"","separate_mirage","pleiotropy","bfdr_discoveries",0.05,0
20260840,28,500,15,3000,3000,3000,3000,"fast","control_informative",0.05,5,0.01,"","separate_mirage","pleiotropy","bfdr_observed_fdp",0.1,0
20260840,28,500,15,3000,3000,3000,3000,"fast","control_informative",0.05,5,0.01,"","separate_mirage","pleiotropy","bfdr_estimate",0.1,0
20260840,28,500,15,3000,3000,3000,3000,"fast","control_informative",0.05,5,0.01,"","separate_mirage","pleiotropy","bfdr_power",0.1,0
20260840,28,500,15,3000,3000,3000,3000,"fast","control_informative",0.05,5,0.01,"","separate_mirage","pleiotropy","bfdr_discoveries",0.1,0
20260840,28,500,15,3000,3000,3000,3000,"fast","control_informative",0.05,5,0.01,"","separate_mirage","pleiotropy","bfdr_observed_fdp",0.2,0
20260840,28,500,15,3000,3000,3000,3000,"fast","control_informative",0.05,5,0.01,"","separate_mirage","pleiotropy","bfdr_estimate",0.2,0
20260840,28,500,15,3000,3000,3000,3000,"fast","control_informative",0.05,5,0.01,"","separate_mirage","pleiotropy","bfdr_power",0.2,0
20260840,28,500,15,3000,3000,3000,3000,"fast","control_informative",0.05,5,0.01,"","separate_mirage","pleiotropy","bfdr_discoveries",0.2,0
20260840,28,500,15,3000,3000,3000,3000,"fast","control_informative",0.05,5,0.01,"","separate_mirage","global","runtime_seconds",NA,18.0200000000001
20260840,28,500,15,3000,3000,3000,3000,"fast","control_informative",0.05,5,0.01,"","separate_mirage","pleiotropy","pi11_estimate",NA,0.001
20260840,28,500,15,3000,3000,3000,3000,"fast","control_informative",0.05,5,0.01,"","mtada_aggregated","trait1","auc",NA,0.55621052631579
20260840,28,500,15,3000,3000,3000,3000,"fast","control_informative",0.05,5,0.01,"","mtada_aggregated","trait2","auc",NA,0.720204081632653
20260840,28,500,15,3000,3000,3000,3000,"fast","control_informative",0.05,5,0.01,"","mtada_aggregated","pleiotropy","auc",NA,0.507070707070707
20260840,28,500,15,3000,3000,3000,3000,"fast","control_informative",0.05,5,0.01,"","mtada_aggregated","trait1","pp08_power",0.8,0.12
20260840,28,500,15,3000,3000,3000,3000,"fast","control_informative",0.05,5,0.01,"","mtada_aggregated","trait1","pp08_fdp",0.8,0.95
20260840,28,500,15,3000,3000,3000,3000,"fast","control_informative",0.05,5,0.01,"","mtada_aggregated","trait1","pp08_discoveries",0.8,60
20260840,28,500,15,3000,3000,3000,3000,"fast","control_informative",0.05,5,0.01,"","mtada_aggregated","trait2","pp08_power",0.8,0.3
20260840,28,500,15,3000,3000,3000,3000,"fast","control_informative",0.05,5,0.01,"","mtada_aggregated","trait2","pp08_fdp",0.8,0.925
20260840,28,500,15,3000,3000,3000,3000,"fast","control_informative",0.05,5,0.01,"","mtada_aggregated","trait2","pp08_discoveries",0.8,40
20260840,28,500,15,3000,3000,3000,3000,"fast","control_informative",0.05,5,0.01,"","mtada_aggregated","pleiotropy","pp08_power",0.8,0
20260840,28,500,15,3000,3000,3000,3000,"fast","control_informative",0.05,5,0.01,"","mtada_aggregated","pleiotropy","pp08_fdp",0.8,1
20260840,28,500,15,3000,3000,3000,3000,"fast","control_informative",0.05,5,0.01,"","mtada_aggregated","pleiotropy","pp08_discoveries",0.8,4
20260840,28,500,15,3000,3000,3000,3000,"fast","control_informative",0.05,5,0.01,"","mtada_aggregated","trait1","bfdr_observed_fdp",0.01,0.944444444444444
20260840,28,500,15,3000,3000,3000,3000,"fast","control_informative",0.05,5,0.01,"","mtada_aggregated","trait1","bfdr_estimate",0.01,0.00942243167706409
20260840,28,500,15,3000,3000,3000,3000,"fast","control_informative",0.05,5,0.01,"","mtada_aggregated","trait1","bfdr_power",0.01,0.12
20260840,28,500,15,3000,3000,3000,3000,"fast","control_informative",0.05,5,0.01,"","mtada_aggregated","trait1","bfdr_discoveries",0.01,54
20260840,28,500,15,3000,3000,3000,3000,"fast","control_informative",0.05,5,0.01,"","mtada_aggregated","trait1","bfdr_observed_fdp",0.05,0.93939393939394
20260840,28,500,15,3000,3000,3000,3000,"fast","control_informative",0.05,5,0.01,"","mtada_aggregated","trait1","bfdr_estimate",0.05,0.0458859327185517
20260840,28,500,15,3000,3000,3000,3000,"fast","control_informative",0.05,5,0.01,"","mtada_aggregated","trait1","bfdr_power",0.05,0.16
20260840,28,500,15,3000,3000,3000,3000,"fast","control_informative",0.05,5,0.01,"","mtada_aggregated","trait1","bfdr_discoveries",0.05,66
20260840,28,500,15,3000,3000,3000,3000,"fast","control_informative",0.05,5,0.01,"","mtada_aggregated","trait1","bfdr_observed_fdp",0.1,0.917808219178082
20260840,28,500,15,3000,3000,3000,3000,"fast","control_informative",0.05,5,0.01,"","mtada_aggregated","trait1","bfdr_estimate",0.1,0.0960813684583784
20260840,28,500,15,3000,3000,3000,3000,"fast","control_informative",0.05,5,0.01,"","mtada_aggregated","trait1","bfdr_power",0.1,0.24
20260840,28,500,15,3000,3000,3000,3000,"fast","control_informative",0.05,5,0.01,"","mtada_aggregated","trait1","bfdr_discoveries",0.1,73
20260840,28,500,15,3000,3000,3000,3000,"fast","control_informative",0.05,5,0.01,"","mtada_aggregated","trait1","bfdr_observed_fdp",0.2,0.917647058823529
20260840,28,500,15,3000,3000,3000,3000,"fast","control_informative",0.05,5,0.01,"","mtada_aggregated","trait1","bfdr_estimate",0.2,0.192646978652572
20260840,28,500,15,3000,3000,3000,3000,"fast","control_informative",0.05,5,0.01,"","mtada_aggregated","trait1","bfdr_power",0.2,0.28
20260840,28,500,15,3000,3000,3000,3000,"fast","control_informative",0.05,5,0.01,"","mtada_aggregated","trait1","bfdr_discoveries",0.2,85
20260840,28,500,15,3000,3000,3000,3000,"fast","control_informative",0.05,5,0.01,"","mtada_aggregated","trait2","bfdr_observed_fdp",0.01,0.93939393939394
20260840,28,500,15,3000,3000,3000,3000,"fast","control_informative",0.05,5,0.01,"","mtada_aggregated","trait2","bfdr_estimate",0.01,0.00974511522138411
20260840,28,500,15,3000,3000,3000,3000,"fast","control_informative",0.05,5,0.01,"","mtada_aggregated","trait2","bfdr_power",0.01,0.2
20260840,28,500,15,3000,3000,3000,3000,"fast","control_informative",0.05,5,0.01,"","mtada_aggregated","trait2","bfdr_discoveries",0.01,33
20260840,28,500,15,3000,3000,3000,3000,"fast","control_informative",0.05,5,0.01,"","mtada_aggregated","trait2","bfdr_observed_fdp",0.05,0.928571428571429
20260840,28,500,15,3000,3000,3000,3000,"fast","control_informative",0.05,5,0.01,"","mtada_aggregated","trait2","bfdr_estimate",0.05,0.0454058748568864
20260840,28,500,15,3000,3000,3000,3000,"fast","control_informative",0.05,5,0.01,"","mtada_aggregated","trait2","bfdr_power",0.05,0.3
20260840,28,500,15,3000,3000,3000,3000,"fast","control_informative",0.05,5,0.01,"","mtada_aggregated","trait2","bfdr_discoveries",0.05,42
20260840,28,500,15,3000,3000,3000,3000,"fast","control_informative",0.05,5,0.01,"","mtada_aggregated","trait2","bfdr_observed_fdp",0.1,0.938775510204082
20260840,28,500,15,3000,3000,3000,3000,"fast","control_informative",0.05,5,0.01,"","mtada_aggregated","trait2","bfdr_estimate",0.1,0.0918420536757934
20260840,28,500,15,3000,3000,3000,3000,"fast","control_informative",0.05,5,0.01,"","mtada_aggregated","trait2","bfdr_power",0.1,0.3
20260840,28,500,15,3000,3000,3000,3000,"fast","control_informative",0.05,5,0.01,"","mtada_aggregated","trait2","bfdr_discoveries",0.1,49
20260840,28,500,15,3000,3000,3000,3000,"fast","control_informative",0.05,5,0.01,"","mtada_aggregated","trait2","bfdr_observed_fdp",0.2,0.916666666666667
20260840,28,500,15,3000,3000,3000,3000,"fast","control_informative",0.05,5,0.01,"","mtada_aggregated","trait2","bfdr_estimate",0.2,0.19701680116744
20260840,28,500,15,3000,3000,3000,3000,"fast","control_informative",0.05,5,0.01,"","mtada_aggregated","trait2","bfdr_power",0.2,0.5
20260840,28,500,15,3000,3000,3000,3000,"fast","control_informative",0.05,5,0.01,"","mtada_aggregated","trait2","bfdr_discoveries",0.2,60
20260840,28,500,15,3000,3000,3000,3000,"fast","control_informative",0.05,5,0.01,"","mtada_aggregated","pleiotropy","bfdr_observed_fdp",0.01,1
20260840,28,500,15,3000,3000,3000,3000,"fast","control_informative",0.05,5,0.01,"","mtada_aggregated","pleiotropy","bfdr_estimate",0.01,0.00357118574229559
20260840,28,500,15,3000,3000,3000,3000,"fast","control_informative",0.05,5,0.01,"","mtada_aggregated","pleiotropy","bfdr_power",0.01,0
20260840,28,500,15,3000,3000,3000,3000,"fast","control_informative",0.05,5,0.01,"","mtada_aggregated","pleiotropy","bfdr_discoveries",0.01,2
20260840,28,500,15,3000,3000,3000,3000,"fast","control_informative",0.05,5,0.01,"","mtada_aggregated","pleiotropy","bfdr_observed_fdp",0.05,1
20260840,28,500,15,3000,3000,3000,3000,"fast","control_informative",0.05,5,0.01,"","mtada_aggregated","pleiotropy","bfdr_estimate",0.05,0.00357118574229559
20260840,28,500,15,3000,3000,3000,3000,"fast","control_informative",0.05,5,0.01,"","mtada_aggregated","pleiotropy","bfdr_power",0.05,0
20260840,28,500,15,3000,3000,3000,3000,"fast","control_informative",0.05,5,0.01,"","mtada_aggregated","pleiotropy","bfdr_discoveries",0.05,2
20260840,28,500,15,3000,3000,3000,3000,"fast","control_informative",0.05,5,0.01,"","mtada_aggregated","pleiotropy","bfdr_observed_fdp",0.1,1
20260840,28,500,15,3000,3000,3000,3000,"fast","control_informative",0.05,5,0.01,"","mtada_aggregated","pleiotropy","bfdr_estimate",0.1,0.0892667907892755
20260840,28,500,15,3000,3000,3000,3000,"fast","control_informative",0.05,5,0.01,"","mtada_aggregated","pleiotropy","bfdr_power",0.1,0
20260840,28,500,15,3000,3000,3000,3000,"fast","control_informative",0.05,5,0.01,"","mtada_aggregated","pleiotropy","bfdr_discoveries",0.1,4
20260840,28,500,15,3000,3000,3000,3000,"fast","control_informative",0.05,5,0.01,"","mtada_aggregated","pleiotropy","bfdr_observed_fdp",0.2,1
20260840,28,500,15,3000,3000,3000,3000,"fast","control_informative",0.05,5,0.01,"","mtada_aggregated","pleiotropy","bfdr_estimate",0.2,0.184967837200945
20260840,28,500,15,3000,3000,3000,3000,"fast","control_informative",0.05,5,0.01,"","mtada_aggregated","pleiotropy","bfdr_power",0.2,0
20260840,28,500,15,3000,3000,3000,3000,"fast","control_informative",0.05,5,0.01,"","mtada_aggregated","pleiotropy","bfdr_discoveries",0.2,7
20260840,28,500,15,3000,3000,3000,3000,"fast","control_informative",0.05,5,0.01,"","mtada_aggregated","global","runtime_seconds",NA,0.710000000000036
20260840,28,500,15,3000,3000,3000,3000,"fast","control_informative",0.05,5,0.01,"","mtada_aggregated","pleiotropy","pi11_estimate",NA,0.00227237
20260841,29,500,15,3000,3000,3000,3000,"fast","control_informative",0.05,5,0.01,"","mirage_joint","trait1","auc",NA,0.666947368421053
20260841,29,500,15,3000,3000,3000,3000,"fast","control_informative",0.05,5,0.01,"","mirage_joint","trait2","auc",NA,0.606734693877551
20260841,29,500,15,3000,3000,3000,3000,"fast","control_informative",0.05,5,0.01,"","mirage_joint","pleiotropy","auc",NA,0.523232323232323
20260841,29,500,15,3000,3000,3000,3000,"fast","control_informative",0.05,5,0.01,"","mirage_joint","trait1","pp08_power",0.8,0.12
20260841,29,500,15,3000,3000,3000,3000,"fast","control_informative",0.05,5,0.01,"","mirage_joint","trait1","pp08_fdp",0.8,0
20260841,29,500,15,3000,3000,3000,3000,"fast","control_informative",0.05,5,0.01,"","mirage_joint","trait1","pp08_discoveries",0.8,3
20260841,29,500,15,3000,3000,3000,3000,"fast","control_informative",0.05,5,0.01,"","mirage_joint","trait2","pp08_power",0.8,0.1
20260841,29,500,15,3000,3000,3000,3000,"fast","control_informative",0.05,5,0.01,"","mirage_joint","trait2","pp08_fdp",0.8,0.666666666666667
20260841,29,500,15,3000,3000,3000,3000,"fast","control_informative",0.05,5,0.01,"","mirage_joint","trait2","pp08_discoveries",0.8,3
20260841,29,500,15,3000,3000,3000,3000,"fast","control_informative",0.05,5,0.01,"","mirage_joint","pleiotropy","pp08_power",0.8,0.2
20260841,29,500,15,3000,3000,3000,3000,"fast","control_informative",0.05,5,0.01,"","mirage_joint","pleiotropy","pp08_fdp",0.8,0.666666666666667
20260841,29,500,15,3000,3000,3000,3000,"fast","control_informative",0.05,5,0.01,"","mirage_joint","pleiotropy","pp08_discoveries",0.8,3
20260841,29,500,15,3000,3000,3000,3000,"fast","control_informative",0.05,5,0.01,"","mirage_joint","trait1","bfdr_observed_fdp",0.01,0
20260841,29,500,15,3000,3000,3000,3000,"fast","control_informative",0.05,5,0.01,"","mirage_joint","trait1","bfdr_estimate",0.01,0.00683432997030301
20260841,29,500,15,3000,3000,3000,3000,"fast","control_informative",0.05,5,0.01,"","mirage_joint","trait1","bfdr_power",0.01,0.12
20260841,29,500,15,3000,3000,3000,3000,"fast","control_informative",0.05,5,0.01,"","mirage_joint","trait1","bfdr_discoveries",0.01,3
20260841,29,500,15,3000,3000,3000,3000,"fast","control_informative",0.05,5,0.01,"","mirage_joint","trait1","bfdr_observed_fdp",0.05,0
20260841,29,500,15,3000,3000,3000,3000,"fast","control_informative",0.05,5,0.01,"","mirage_joint","trait1","bfdr_estimate",0.05,0.00683432997030301
20260841,29,500,15,3000,3000,3000,3000,"fast","control_informative",0.05,5,0.01,"","mirage_joint","trait1","bfdr_power",0.05,0.12
20260841,29,500,15,3000,3000,3000,3000,"fast","control_informative",0.05,5,0.01,"","mirage_joint","trait1","bfdr_discoveries",0.05,3
20260841,29,500,15,3000,3000,3000,3000,"fast","control_informative",0.05,5,0.01,"","mirage_joint","trait1","bfdr_observed_fdp",0.1,0.25
20260841,29,500,15,3000,3000,3000,3000,"fast","control_informative",0.05,5,0.01,"","mirage_joint","trait1","bfdr_estimate",0.1,0.061267484458106
20260841,29,500,15,3000,3000,3000,3000,"fast","control_informative",0.05,5,0.01,"","mirage_joint","trait1","bfdr_power",0.1,0.12
20260841,29,500,15,3000,3000,3000,3000,"fast","control_informative",0.05,5,0.01,"","mirage_joint","trait1","bfdr_discoveries",0.1,4
20260841,29,500,15,3000,3000,3000,3000,"fast","control_informative",0.05,5,0.01,"","mirage_joint","trait1","bfdr_observed_fdp",0.2,0.333333333333333
20260841,29,500,15,3000,3000,3000,3000,"fast","control_informative",0.05,5,0.01,"","mirage_joint","trait1","bfdr_estimate",0.2,0.162260723247502
20260841,29,500,15,3000,3000,3000,3000,"fast","control_informative",0.05,5,0.01,"","mirage_joint","trait1","bfdr_power",0.2,0.16
20260841,29,500,15,3000,3000,3000,3000,"fast","control_informative",0.05,5,0.01,"","mirage_joint","trait1","bfdr_discoveries",0.2,6
20260841,29,500,15,3000,3000,3000,3000,"fast","control_informative",0.05,5,0.01,"","mirage_joint","trait2","bfdr_observed_fdp",0.01,0
20260841,29,500,15,3000,3000,3000,3000,"fast","control_informative",0.05,5,0.01,"","mirage_joint","trait2","bfdr_estimate",0.01,1.52249455442899e-06
20260841,29,500,15,3000,3000,3000,3000,"fast","control_informative",0.05,5,0.01,"","mirage_joint","trait2","bfdr_power",0.01,0.1
20260841,29,500,15,3000,3000,3000,3000,"fast","control_informative",0.05,5,0.01,"","mirage_joint","trait2","bfdr_discoveries",0.01,1
20260841,29,500,15,3000,3000,3000,3000,"fast","control_informative",0.05,5,0.01,"","mirage_joint","trait2","bfdr_observed_fdp",0.05,0
20260841,29,500,15,3000,3000,3000,3000,"fast","control_informative",0.05,5,0.01,"","mirage_joint","trait2","bfdr_estimate",0.05,1.52249455442899e-06
20260841,29,500,15,3000,3000,3000,3000,"fast","control_informative",0.05,5,0.01,"","mirage_joint","trait2","bfdr_power",0.05,0.1
20260841,29,500,15,3000,3000,3000,3000,"fast","control_informative",0.05,5,0.01,"","mirage_joint","trait2","bfdr_discoveries",0.05,1
20260841,29,500,15,3000,3000,3000,3000,"fast","control_informative",0.05,5,0.01,"","mirage_joint","trait2","bfdr_observed_fdp",0.1,0.5
20260841,29,500,15,3000,3000,3000,3000,"fast","control_informative",0.05,5,0.01,"","mirage_joint","trait2","bfdr_estimate",0.1,0.0625187022708776
20260841,29,500,15,3000,3000,3000,3000,"fast","control_informative",0.05,5,0.01,"","mirage_joint","trait2","bfdr_power",0.1,0.1
20260841,29,500,15,3000,3000,3000,3000,"fast","control_informative",0.05,5,0.01,"","mirage_joint","trait2","bfdr_discoveries",0.1,2
20260841,29,500,15,3000,3000,3000,3000,"fast","control_informative",0.05,5,0.01,"","mirage_joint","trait2","bfdr_observed_fdp",0.2,0.75
20260841,29,500,15,3000,3000,3000,3000,"fast","control_informative",0.05,5,0.01,"","mirage_joint","trait2","bfdr_estimate",0.2,0.162488440505106
20260841,29,500,15,3000,3000,3000,3000,"fast","control_informative",0.05,5,0.01,"","mirage_joint","trait2","bfdr_power",0.2,0.1
20260841,29,500,15,3000,3000,3000,3000,"fast","control_informative",0.05,5,0.01,"","mirage_joint","trait2","bfdr_discoveries",0.2,4
20260841,29,500,15,3000,3000,3000,3000,"fast","control_informative",0.05,5,0.01,"","mirage_joint","pleiotropy","bfdr_observed_fdp",0.01,0
20260841,29,500,15,3000,3000,3000,3000,"fast","control_informative",0.05,5,0.01,"","mirage_joint","pleiotropy","bfdr_estimate",0.01,0.00811688672900501
20260841,29,500,15,3000,3000,3000,3000,"fast","control_informative",0.05,5,0.01,"","mirage_joint","pleiotropy","bfdr_power",0.01,0.2
20260841,29,500,15,3000,3000,3000,3000,"fast","control_informative",0.05,5,0.01,"","mirage_joint","pleiotropy","bfdr_discoveries",0.01,1
20260841,29,500,15,3000,3000,3000,3000,"fast","control_informative",0.05,5,0.01,"","mirage_joint","pleiotropy","bfdr_observed_fdp",0.05,0
20260841,29,500,15,3000,3000,3000,3000,"fast","control_informative",0.05,5,0.01,"","mirage_joint","pleiotropy","bfdr_estimate",0.05,0.00811688672900501
20260841,29,500,15,3000,3000,3000,3000,"fast","control_informative",0.05,5,0.01,"","mirage_joint","pleiotropy","bfdr_power",0.05,0.2
20260841,29,500,15,3000,3000,3000,3000,"fast","control_informative",0.05,5,0.01,"","mirage_joint","pleiotropy","bfdr_discoveries",0.05,1
20260841,29,500,15,3000,3000,3000,3000,"fast","control_informative",0.05,5,0.01,"","mirage_joint","pleiotropy","bfdr_observed_fdp",0.1,0.5
20260841,29,500,15,3000,3000,3000,3000,"fast","control_informative",0.05,5,0.01,"","mirage_joint","pleiotropy","bfdr_estimate",0.1,0.0666372933562394
20260841,29,500,15,3000,3000,3000,3000,"fast","control_informative",0.05,5,0.01,"","mirage_joint","pleiotropy","bfdr_power",0.1,0.2
20260841,29,500,15,3000,3000,3000,3000,"fast","control_informative",0.05,5,0.01,"","mirage_joint","pleiotropy","bfdr_discoveries",0.1,2
20260841,29,500,15,3000,3000,3000,3000,"fast","control_informative",0.05,5,0.01,"","mirage_joint","pleiotropy","bfdr_observed_fdp",0.2,0.75
20260841,29,500,15,3000,3000,3000,3000,"fast","control_informative",0.05,5,0.01,"","mirage_joint","pleiotropy","bfdr_estimate",0.2,0.164971948244664
20260841,29,500,15,3000,3000,3000,3000,"fast","control_informative",0.05,5,0.01,"","mirage_joint","pleiotropy","bfdr_power",0.2,0.2
20260841,29,500,15,3000,3000,3000,3000,"fast","control_informative",0.05,5,0.01,"","mirage_joint","pleiotropy","bfdr_discoveries",0.2,4
20260841,29,500,15,3000,3000,3000,3000,"fast","control_informative",0.05,5,0.01,"","mirage_joint","global","runtime_seconds",NA,17.999
20260841,29,500,15,3000,3000,3000,3000,"fast","control_informative",0.05,5,0.01,"","mirage_joint","pleiotropy","pi11_estimate",NA,0.0740614308374955
20260841,29,500,15,3000,3000,3000,3000,"fast","control_informative",0.05,5,0.01,"","separate_mirage","trait1","auc",NA,0.667536842105263
20260841,29,500,15,3000,3000,3000,3000,"fast","control_informative",0.05,5,0.01,"","separate_mirage","trait2","auc",NA,0.561836734693878
20260841,29,500,15,3000,3000,3000,3000,"fast","control_informative",0.05,5,0.01,"","separate_mirage","pleiotropy","auc",NA,0.498585858585859
20260841,29,500,15,3000,3000,3000,3000,"fast","control_informative",0.05,5,0.01,"","separate_mirage","trait1","pp08_power",0.8,0.08
20260841,29,500,15,3000,3000,3000,3000,"fast","control_informative",0.05,5,0.01,"","separate_mirage","trait1","pp08_fdp",0.8,0
20260841,29,500,15,3000,3000,3000,3000,"fast","control_informative",0.05,5,0.01,"","separate_mirage","trait1","pp08_discoveries",0.8,2
20260841,29,500,15,3000,3000,3000,3000,"fast","control_informative",0.05,5,0.01,"","separate_mirage","trait2","pp08_power",0.8,0.1
20260841,29,500,15,3000,3000,3000,3000,"fast","control_informative",0.05,5,0.01,"","separate_mirage","trait2","pp08_fdp",0.8,0
20260841,29,500,15,3000,3000,3000,3000,"fast","control_informative",0.05,5,0.01,"","separate_mirage","trait2","pp08_discoveries",0.8,1
20260841,29,500,15,3000,3000,3000,3000,"fast","control_informative",0.05,5,0.01,"","separate_mirage","pleiotropy","pp08_power",0.8,0
20260841,29,500,15,3000,3000,3000,3000,"fast","control_informative",0.05,5,0.01,"","separate_mirage","pleiotropy","pp08_fdp",0.8,0
20260841,29,500,15,3000,3000,3000,3000,"fast","control_informative",0.05,5,0.01,"","separate_mirage","pleiotropy","pp08_discoveries",0.8,0
20260841,29,500,15,3000,3000,3000,3000,"fast","control_informative",0.05,5,0.01,"","separate_mirage","trait1","bfdr_observed_fdp",0.01,0
20260841,29,500,15,3000,3000,3000,3000,"fast","control_informative",0.05,5,0.01,"","separate_mirage","trait1","bfdr_estimate",0.01,0.000422009437994197
20260841,29,500,15,3000,3000,3000,3000,"fast","control_informative",0.05,5,0.01,"","separate_mirage","trait1","bfdr_power",0.01,0.04
20260841,29,500,15,3000,3000,3000,3000,"fast","control_informative",0.05,5,0.01,"","separate_mirage","trait1","bfdr_discoveries",0.01,1
20260841,29,500,15,3000,3000,3000,3000,"fast","control_informative",0.05,5,0.01,"","separate_mirage","trait1","bfdr_observed_fdp",0.05,0
20260841,29,500,15,3000,3000,3000,3000,"fast","control_informative",0.05,5,0.01,"","separate_mirage","trait1","bfdr_estimate",0.05,0.0113784638774603
20260841,29,500,15,3000,3000,3000,3000,"fast","control_informative",0.05,5,0.01,"","separate_mirage","trait1","bfdr_power",0.05,0.08
20260841,29,500,15,3000,3000,3000,3000,"fast","control_informative",0.05,5,0.01,"","separate_mirage","trait1","bfdr_discoveries",0.05,2
20260841,29,500,15,3000,3000,3000,3000,"fast","control_informative",0.05,5,0.01,"","separate_mirage","trait1","bfdr_observed_fdp",0.1,0.333333333333333
20260841,29,500,15,3000,3000,3000,3000,"fast","control_informative",0.05,5,0.01,"","separate_mirage","trait1","bfdr_estimate",0.1,0.0965068944671949
20260841,29,500,15,3000,3000,3000,3000,"fast","control_informative",0.05,5,0.01,"","separate_mirage","trait1","bfdr_power",0.1,0.08
20260841,29,500,15,3000,3000,3000,3000,"fast","control_informative",0.05,5,0.01,"","separate_mirage","trait1","bfdr_discoveries",0.1,3
20260841,29,500,15,3000,3000,3000,3000,"fast","control_informative",0.05,5,0.01,"","separate_mirage","trait1","bfdr_observed_fdp",0.2,0.25
20260841,29,500,15,3000,3000,3000,3000,"fast","control_informative",0.05,5,0.01,"","separate_mirage","trait1","bfdr_estimate",0.2,0.174745650574047
20260841,29,500,15,3000,3000,3000,3000,"fast","control_informative",0.05,5,0.01,"","separate_mirage","trait1","bfdr_power",0.2,0.12
20260841,29,500,15,3000,3000,3000,3000,"fast","control_informative",0.05,5,0.01,"","separate_mirage","trait1","bfdr_discoveries",0.2,4
20260841,29,500,15,3000,3000,3000,3000,"fast","control_informative",0.05,5,0.01,"","separate_mirage","trait2","bfdr_observed_fdp",0.01,0
20260841,29,500,15,3000,3000,3000,3000,"fast","control_informative",0.05,5,0.01,"","separate_mirage","trait2","bfdr_estimate",0.01,2.54839222102454e-05
20260841,29,500,15,3000,3000,3000,3000,"fast","control_informative",0.05,5,0.01,"","separate_mirage","trait2","bfdr_power",0.01,0.1
20260841,29,500,15,3000,3000,3000,3000,"fast","control_informative",0.05,5,0.01,"","separate_mirage","trait2","bfdr_discoveries",0.01,1
20260841,29,500,15,3000,3000,3000,3000,"fast","control_informative",0.05,5,0.01,"","separate_mirage","trait2","bfdr_observed_fdp",0.05,0
20260841,29,500,15,3000,3000,3000,3000,"fast","control_informative",0.05,5,0.01,"","separate_mirage","trait2","bfdr_estimate",0.05,2.54839222102454e-05
20260841,29,500,15,3000,3000,3000,3000,"fast","control_informative",0.05,5,0.01,"","separate_mirage","trait2","bfdr_power",0.05,0.1
20260841,29,500,15,3000,3000,3000,3000,"fast","control_informative",0.05,5,0.01,"","separate_mirage","trait2","bfdr_discoveries",0.05,1
20260841,29,500,15,3000,3000,3000,3000,"fast","control_informative",0.05,5,0.01,"","separate_mirage","trait2","bfdr_observed_fdp",0.1,0
20260841,29,500,15,3000,3000,3000,3000,"fast","control_informative",0.05,5,0.01,"","separate_mirage","trait2","bfdr_estimate",0.1,2.54839222102454e-05
20260841,29,500,15,3000,3000,3000,3000,"fast","control_informative",0.05,5,0.01,"","separate_mirage","trait2","bfdr_power",0.1,0.1
20260841,29,500,15,3000,3000,3000,3000,"fast","control_informative",0.05,5,0.01,"","separate_mirage","trait2","bfdr_discoveries",0.1,1
20260841,29,500,15,3000,3000,3000,3000,"fast","control_informative",0.05,5,0.01,"","separate_mirage","trait2","bfdr_observed_fdp",0.2,0
20260841,29,500,15,3000,3000,3000,3000,"fast","control_informative",0.05,5,0.01,"","separate_mirage","trait2","bfdr_estimate",0.2,2.54839222102454e-05
20260841,29,500,15,3000,3000,3000,3000,"fast","control_informative",0.05,5,0.01,"","separate_mirage","trait2","bfdr_power",0.2,0.1
20260841,29,500,15,3000,3000,3000,3000,"fast","control_informative",0.05,5,0.01,"","separate_mirage","trait2","bfdr_discoveries",0.2,1
20260841,29,500,15,3000,3000,3000,3000,"fast","control_informative",0.05,5,0.01,"","separate_mirage","pleiotropy","bfdr_observed_fdp",0.01,0
20260841,29,500,15,3000,3000,3000,3000,"fast","control_informative",0.05,5,0.01,"","separate_mirage","pleiotropy","bfdr_estimate",0.01,0
20260841,29,500,15,3000,3000,3000,3000,"fast","control_informative",0.05,5,0.01,"","separate_mirage","pleiotropy","bfdr_power",0.01,0
20260841,29,500,15,3000,3000,3000,3000,"fast","control_informative",0.05,5,0.01,"","separate_mirage","pleiotropy","bfdr_discoveries",0.01,0
20260841,29,500,15,3000,3000,3000,3000,"fast","control_informative",0.05,5,0.01,"","separate_mirage","pleiotropy","bfdr_observed_fdp",0.05,0
20260841,29,500,15,3000,3000,3000,3000,"fast","control_informative",0.05,5,0.01,"","separate_mirage","pleiotropy","bfdr_estimate",0.05,0
20260841,29,500,15,3000,3000,3000,3000,"fast","control_informative",0.05,5,0.01,"","separate_mirage","pleiotropy","bfdr_power",0.05,0
20260841,29,500,15,3000,3000,3000,3000,"fast","control_informative",0.05,5,0.01,"","separate_mirage","pleiotropy","bfdr_discoveries",0.05,0
20260841,29,500,15,3000,3000,3000,3000,"fast","control_informative",0.05,5,0.01,"","separate_mirage","pleiotropy","bfdr_observed_fdp",0.1,0
20260841,29,500,15,3000,3000,3000,3000,"fast","control_informative",0.05,5,0.01,"","separate_mirage","pleiotropy","bfdr_estimate",0.1,0
20260841,29,500,15,3000,3000,3000,3000,"fast","control_informative",0.05,5,0.01,"","separate_mirage","pleiotropy","bfdr_power",0.1,0
20260841,29,500,15,3000,3000,3000,3000,"fast","control_informative",0.05,5,0.01,"","separate_mirage","pleiotropy","bfdr_discoveries",0.1,0
20260841,29,500,15,3000,3000,3000,3000,"fast","control_informative",0.05,5,0.01,"","separate_mirage","pleiotropy","bfdr_observed_fdp",0.2,0
20260841,29,500,15,3000,3000,3000,3000,"fast","control_informative",0.05,5,0.01,"","separate_mirage","pleiotropy","bfdr_estimate",0.2,0
20260841,29,500,15,3000,3000,3000,3000,"fast","control_informative",0.05,5,0.01,"","separate_mirage","pleiotropy","bfdr_power",0.2,0
20260841,29,500,15,3000,3000,3000,3000,"fast","control_informative",0.05,5,0.01,"","separate_mirage","pleiotropy","bfdr_discoveries",0.2,0
20260841,29,500,15,3000,3000,3000,3000,"fast","control_informative",0.05,5,0.01,"","separate_mirage","global","runtime_seconds",NA,17.99
20260841,29,500,15,3000,3000,3000,3000,"fast","control_informative",0.05,5,0.01,"","separate_mirage","pleiotropy","pi11_estimate",NA,0.001
20260841,29,500,15,3000,3000,3000,3000,"fast","control_informative",0.05,5,0.01,"","mtada_aggregated","trait1","auc",NA,0.596463157894737
20260841,29,500,15,3000,3000,3000,3000,"fast","control_informative",0.05,5,0.01,"","mtada_aggregated","trait2","auc",NA,0.595612244897959
20260841,29,500,15,3000,3000,3000,3000,"fast","control_informative",0.05,5,0.01,"","mtada_aggregated","pleiotropy","auc",NA,0.632727272727273
20260841,29,500,15,3000,3000,3000,3000,"fast","control_informative",0.05,5,0.01,"","mtada_aggregated","trait1","pp08_power",0.8,0.32
20260841,29,500,15,3000,3000,3000,3000,"fast","control_informative",0.05,5,0.01,"","mtada_aggregated","trait1","pp08_fdp",0.8,0.843137254901961
20260841,29,500,15,3000,3000,3000,3000,"fast","control_informative",0.05,5,0.01,"","mtada_aggregated","trait1","pp08_discoveries",0.8,51
20260841,29,500,15,3000,3000,3000,3000,"fast","control_informative",0.05,5,0.01,"","mtada_aggregated","trait2","pp08_power",0.8,0.2
20260841,29,500,15,3000,3000,3000,3000,"fast","control_informative",0.05,5,0.01,"","mtada_aggregated","trait2","pp08_fdp",0.8,0.93939393939394
20260841,29,500,15,3000,3000,3000,3000,"fast","control_informative",0.05,5,0.01,"","mtada_aggregated","trait2","pp08_discoveries",0.8,33
20260841,29,500,15,3000,3000,3000,3000,"fast","control_informative",0.05,5,0.01,"","mtada_aggregated","pleiotropy","pp08_power",0.8,0.2
20260841,29,500,15,3000,3000,3000,3000,"fast","control_informative",0.05,5,0.01,"","mtada_aggregated","pleiotropy","pp08_fdp",0.8,0.8
20260841,29,500,15,3000,3000,3000,3000,"fast","control_informative",0.05,5,0.01,"","mtada_aggregated","pleiotropy","pp08_discoveries",0.8,5
20260841,29,500,15,3000,3000,3000,3000,"fast","control_informative",0.05,5,0.01,"","mtada_aggregated","trait1","bfdr_observed_fdp",0.01,0.826086956521739
20260841,29,500,15,3000,3000,3000,3000,"fast","control_informative",0.05,5,0.01,"","mtada_aggregated","trait1","bfdr_estimate",0.01,0.00987222288283506
20260841,29,500,15,3000,3000,3000,3000,"fast","control_informative",0.05,5,0.01,"","mtada_aggregated","trait1","bfdr_power",0.01,0.32
20260841,29,500,15,3000,3000,3000,3000,"fast","control_informative",0.05,5,0.01,"","mtada_aggregated","trait1","bfdr_discoveries",0.01,46
20260841,29,500,15,3000,3000,3000,3000,"fast","control_informative",0.05,5,0.01,"","mtada_aggregated","trait1","bfdr_observed_fdp",0.05,0.859649122807018
20260841,29,500,15,3000,3000,3000,3000,"fast","control_informative",0.05,5,0.01,"","mtada_aggregated","trait1","bfdr_estimate",0.05,0.0475610146762183
20260841,29,500,15,3000,3000,3000,3000,"fast","control_informative",0.05,5,0.01,"","mtada_aggregated","trait1","bfdr_power",0.05,0.32
20260841,29,500,15,3000,3000,3000,3000,"fast","control_informative",0.05,5,0.01,"","mtada_aggregated","trait1","bfdr_discoveries",0.05,57
20260841,29,500,15,3000,3000,3000,3000,"fast","control_informative",0.05,5,0.01,"","mtada_aggregated","trait1","bfdr_observed_fdp",0.1,0.857142857142857
20260841,29,500,15,3000,3000,3000,3000,"fast","control_informative",0.05,5,0.01,"","mtada_aggregated","trait1","bfdr_estimate",0.1,0.0937769795429967
20260841,29,500,15,3000,3000,3000,3000,"fast","control_informative",0.05,5,0.01,"","mtada_aggregated","trait1","bfdr_power",0.1,0.36
20260841,29,500,15,3000,3000,3000,3000,"fast","control_informative",0.05,5,0.01,"","mtada_aggregated","trait1","bfdr_discoveries",0.1,63
20260841,29,500,15,3000,3000,3000,3000,"fast","control_informative",0.05,5,0.01,"","mtada_aggregated","trait1","bfdr_observed_fdp",0.2,0.866666666666667
20260841,29,500,15,3000,3000,3000,3000,"fast","control_informative",0.05,5,0.01,"","mtada_aggregated","trait1","bfdr_estimate",0.2,0.196404348755274
20260841,29,500,15,3000,3000,3000,3000,"fast","control_informative",0.05,5,0.01,"","mtada_aggregated","trait1","bfdr_power",0.2,0.4
20260841,29,500,15,3000,3000,3000,3000,"fast","control_informative",0.05,5,0.01,"","mtada_aggregated","trait1","bfdr_discoveries",0.2,75
20260841,29,500,15,3000,3000,3000,3000,"fast","control_informative",0.05,5,0.01,"","mtada_aggregated","trait2","bfdr_observed_fdp",0.01,0.933333333333333
20260841,29,500,15,3000,3000,3000,3000,"fast","control_informative",0.05,5,0.01,"","mtada_aggregated","trait2","bfdr_estimate",0.01,0.00626172779434242
20260841,29,500,15,3000,3000,3000,3000,"fast","control_informative",0.05,5,0.01,"","mtada_aggregated","trait2","bfdr_power",0.01,0.2
20260841,29,500,15,3000,3000,3000,3000,"fast","control_informative",0.05,5,0.01,"","mtada_aggregated","trait2","bfdr_discoveries",0.01,30
20260841,29,500,15,3000,3000,3000,3000,"fast","control_informative",0.05,5,0.01,"","mtada_aggregated","trait2","bfdr_observed_fdp",0.05,0.942857142857143
20260841,29,500,15,3000,3000,3000,3000,"fast","control_informative",0.05,5,0.01,"","mtada_aggregated","trait2","bfdr_estimate",0.05,0.0425888059519855
20260841,29,500,15,3000,3000,3000,3000,"fast","control_informative",0.05,5,0.01,"","mtada_aggregated","trait2","bfdr_power",0.05,0.2
20260841,29,500,15,3000,3000,3000,3000,"fast","control_informative",0.05,5,0.01,"","mtada_aggregated","trait2","bfdr_discoveries",0.05,35
20260841,29,500,15,3000,3000,3000,3000,"fast","control_informative",0.05,5,0.01,"","mtada_aggregated","trait2","bfdr_observed_fdp",0.1,0.947368421052632
20260841,29,500,15,3000,3000,3000,3000,"fast","control_informative",0.05,5,0.01,"","mtada_aggregated","trait2","bfdr_estimate",0.1,0.087045338027225
20260841,29,500,15,3000,3000,3000,3000,"fast","control_informative",0.05,5,0.01,"","mtada_aggregated","trait2","bfdr_power",0.1,0.2
20260841,29,500,15,3000,3000,3000,3000,"fast","control_informative",0.05,5,0.01,"","mtada_aggregated","trait2","bfdr_discoveries",0.1,38
20260841,29,500,15,3000,3000,3000,3000,"fast","control_informative",0.05,5,0.01,"","mtada_aggregated","trait2","bfdr_observed_fdp",0.2,0.955555555555556
20260841,29,500,15,3000,3000,3000,3000,"fast","control_informative",0.05,5,0.01,"","mtada_aggregated","trait2","bfdr_estimate",0.2,0.191500836154975
20260841,29,500,15,3000,3000,3000,3000,"fast","control_informative",0.05,5,0.01,"","mtada_aggregated","trait2","bfdr_power",0.2,0.2
20260841,29,500,15,3000,3000,3000,3000,"fast","control_informative",0.05,5,0.01,"","mtada_aggregated","trait2","bfdr_discoveries",0.2,45
20260841,29,500,15,3000,3000,3000,3000,"fast","control_informative",0.05,5,0.01,"","mtada_aggregated","pleiotropy","bfdr_observed_fdp",0.01,0.75
20260841,29,500,15,3000,3000,3000,3000,"fast","control_informative",0.05,5,0.01,"","mtada_aggregated","pleiotropy","bfdr_estimate",0.01,0.00244123811959351
20260841,29,500,15,3000,3000,3000,3000,"fast","control_informative",0.05,5,0.01,"","mtada_aggregated","pleiotropy","bfdr_power",0.01,0.2
20260841,29,500,15,3000,3000,3000,3000,"fast","control_informative",0.05,5,0.01,"","mtada_aggregated","pleiotropy","bfdr_discoveries",0.01,4
20260841,29,500,15,3000,3000,3000,3000,"fast","control_informative",0.05,5,0.01,"","mtada_aggregated","pleiotropy","bfdr_observed_fdp",0.05,0.8
20260841,29,500,15,3000,3000,3000,3000,"fast","control_informative",0.05,5,0.01,"","mtada_aggregated","pleiotropy","bfdr_estimate",0.05,0.0118931928381318
20260841,29,500,15,3000,3000,3000,3000,"fast","control_informative",0.05,5,0.01,"","mtada_aggregated","pleiotropy","bfdr_power",0.05,0.2
20260841,29,500,15,3000,3000,3000,3000,"fast","control_informative",0.05,5,0.01,"","mtada_aggregated","pleiotropy","bfdr_discoveries",0.05,5
20260841,29,500,15,3000,3000,3000,3000,"fast","control_informative",0.05,5,0.01,"","mtada_aggregated","pleiotropy","bfdr_observed_fdp",0.1,0.833333333333333
20260841,29,500,15,3000,3000,3000,3000,"fast","control_informative",0.05,5,0.01,"","mtada_aggregated","pleiotropy","bfdr_estimate",0.1,0.0602592704211407
20260841,29,500,15,3000,3000,3000,3000,"fast","control_informative",0.05,5,0.01,"","mtada_aggregated","pleiotropy","bfdr_power",0.1,0.2
20260841,29,500,15,3000,3000,3000,3000,"fast","control_informative",0.05,5,0.01,"","mtada_aggregated","pleiotropy","bfdr_discoveries",0.1,6
20260841,29,500,15,3000,3000,3000,3000,"fast","control_informative",0.05,5,0.01,"","mtada_aggregated","pleiotropy","bfdr_observed_fdp",0.2,0.857142857142857
20260841,29,500,15,3000,3000,3000,3000,"fast","control_informative",0.05,5,0.01,"","mtada_aggregated","pleiotropy","bfdr_estimate",0.2,0.1459160655994
20260841,29,500,15,3000,3000,3000,3000,"fast","control_informative",0.05,5,0.01,"","mtada_aggregated","pleiotropy","bfdr_power",0.2,0.2
20260841,29,500,15,3000,3000,3000,3000,"fast","control_informative",0.05,5,0.01,"","mtada_aggregated","pleiotropy","bfdr_discoveries",0.2,7
20260841,29,500,15,3000,3000,3000,3000,"fast","control_informative",0.05,5,0.01,"","mtada_aggregated","global","runtime_seconds",NA,0.810999999999922
20260841,29,500,15,3000,3000,3000,3000,"fast","control_informative",0.05,5,0.01,"","mtada_aggregated","pleiotropy","pi11_estimate",NA,0.00251711
20260842,30,500,15,3000,3000,3000,3000,"fast","control_informative",0.05,5,0.01,"","mirage_joint","trait1","auc",NA,0.625347368421053
20260842,30,500,15,3000,3000,3000,3000,"fast","control_informative",0.05,5,0.01,"","mirage_joint","trait2","auc",NA,0.706938775510204
20260842,30,500,15,3000,3000,3000,3000,"fast","control_informative",0.05,5,0.01,"","mirage_joint","pleiotropy","auc",NA,0.637171717171717
20260842,30,500,15,3000,3000,3000,3000,"fast","control_informative",0.05,5,0.01,"","mirage_joint","trait1","pp08_power",0.8,0.16
20260842,30,500,15,3000,3000,3000,3000,"fast","control_informative",0.05,5,0.01,"","mirage_joint","trait1","pp08_fdp",0.8,0.333333333333333
20260842,30,500,15,3000,3000,3000,3000,"fast","control_informative",0.05,5,0.01,"","mirage_joint","trait1","pp08_discoveries",0.8,6
20260842,30,500,15,3000,3000,3000,3000,"fast","control_informative",0.05,5,0.01,"","mirage_joint","trait2","pp08_power",0.8,0.2
20260842,30,500,15,3000,3000,3000,3000,"fast","control_informative",0.05,5,0.01,"","mirage_joint","trait2","pp08_fdp",0.8,0
20260842,30,500,15,3000,3000,3000,3000,"fast","control_informative",0.05,5,0.01,"","mirage_joint","trait2","pp08_discoveries",0.8,2
20260842,30,500,15,3000,3000,3000,3000,"fast","control_informative",0.05,5,0.01,"","mirage_joint","pleiotropy","pp08_power",0.8,0
20260842,30,500,15,3000,3000,3000,3000,"fast","control_informative",0.05,5,0.01,"","mirage_joint","pleiotropy","pp08_fdp",0.8,0
20260842,30,500,15,3000,3000,3000,3000,"fast","control_informative",0.05,5,0.01,"","mirage_joint","pleiotropy","pp08_discoveries",0.8,0
20260842,30,500,15,3000,3000,3000,3000,"fast","control_informative",0.05,5,0.01,"","mirage_joint","trait1","bfdr_observed_fdp",0.01,0
20260842,30,500,15,3000,3000,3000,3000,"fast","control_informative",0.05,5,0.01,"","mirage_joint","trait1","bfdr_estimate",0.01,0.0088173436317954
20260842,30,500,15,3000,3000,3000,3000,"fast","control_informative",0.05,5,0.01,"","mirage_joint","trait1","bfdr_power",0.01,0.16
20260842,30,500,15,3000,3000,3000,3000,"fast","control_informative",0.05,5,0.01,"","mirage_joint","trait1","bfdr_discoveries",0.01,4
20260842,30,500,15,3000,3000,3000,3000,"fast","control_informative",0.05,5,0.01,"","mirage_joint","trait1","bfdr_observed_fdp",0.05,0.333333333333333
20260842,30,500,15,3000,3000,3000,3000,"fast","control_informative",0.05,5,0.01,"","mirage_joint","trait1","bfdr_estimate",0.05,0.0442873856472884
20260842,30,500,15,3000,3000,3000,3000,"fast","control_informative",0.05,5,0.01,"","mirage_joint","trait1","bfdr_power",0.05,0.16
20260842,30,500,15,3000,3000,3000,3000,"fast","control_informative",0.05,5,0.01,"","mirage_joint","trait1","bfdr_discoveries",0.05,6
20260842,30,500,15,3000,3000,3000,3000,"fast","control_informative",0.05,5,0.01,"","mirage_joint","trait1","bfdr_observed_fdp",0.1,0.285714285714286
20260842,30,500,15,3000,3000,3000,3000,"fast","control_informative",0.05,5,0.01,"","mirage_joint","trait1","bfdr_estimate",0.1,0.0710199652367597
20260842,30,500,15,3000,3000,3000,3000,"fast","control_informative",0.05,5,0.01,"","mirage_joint","trait1","bfdr_power",0.1,0.2
20260842,30,500,15,3000,3000,3000,3000,"fast","control_informative",0.05,5,0.01,"","mirage_joint","trait1","bfdr_discoveries",0.1,7
20260842,30,500,15,3000,3000,3000,3000,"fast","control_informative",0.05,5,0.01,"","mirage_joint","trait1","bfdr_observed_fdp",0.2,0.583333333333333
20260842,30,500,15,3000,3000,3000,3000,"fast","control_informative",0.05,5,0.01,"","mirage_joint","trait1","bfdr_estimate",0.2,0.187008112672465
20260842,30,500,15,3000,3000,3000,3000,"fast","control_informative",0.05,5,0.01,"","mirage_joint","trait1","bfdr_power",0.2,0.2
20260842,30,500,15,3000,3000,3000,3000,"fast","control_informative",0.05,5,0.01,"","mirage_joint","trait1","bfdr_discoveries",0.2,12
20260842,30,500,15,3000,3000,3000,3000,"fast","control_informative",0.05,5,0.01,"","mirage_joint","trait2","bfdr_observed_fdp",0.01,0
20260842,30,500,15,3000,3000,3000,3000,"fast","control_informative",0.05,5,0.01,"","mirage_joint","trait2","bfdr_estimate",0.01,0
20260842,30,500,15,3000,3000,3000,3000,"fast","control_informative",0.05,5,0.01,"","mirage_joint","trait2","bfdr_power",0.01,0
20260842,30,500,15,3000,3000,3000,3000,"fast","control_informative",0.05,5,0.01,"","mirage_joint","trait2","bfdr_discoveries",0.01,0
20260842,30,500,15,3000,3000,3000,3000,"fast","control_informative",0.05,5,0.01,"","mirage_joint","trait2","bfdr_observed_fdp",0.05,0
20260842,30,500,15,3000,3000,3000,3000,"fast","control_informative",0.05,5,0.01,"","mirage_joint","trait2","bfdr_estimate",0.05,0
20260842,30,500,15,3000,3000,3000,3000,"fast","control_informative",0.05,5,0.01,"","mirage_joint","trait2","bfdr_power",0.05,0
20260842,30,500,15,3000,3000,3000,3000,"fast","control_informative",0.05,5,0.01,"","mirage_joint","trait2","bfdr_discoveries",0.05,0
20260842,30,500,15,3000,3000,3000,3000,"fast","control_informative",0.05,5,0.01,"","mirage_joint","trait2","bfdr_observed_fdp",0.1,0
20260842,30,500,15,3000,3000,3000,3000,"fast","control_informative",0.05,5,0.01,"","mirage_joint","trait2","bfdr_estimate",0.1,0
20260842,30,500,15,3000,3000,3000,3000,"fast","control_informative",0.05,5,0.01,"","mirage_joint","trait2","bfdr_power",0.1,0
20260842,30,500,15,3000,3000,3000,3000,"fast","control_informative",0.05,5,0.01,"","mirage_joint","trait2","bfdr_discoveries",0.1,0
20260842,30,500,15,3000,3000,3000,3000,"fast","control_informative",0.05,5,0.01,"","mirage_joint","trait2","bfdr_observed_fdp",0.2,0
20260842,30,500,15,3000,3000,3000,3000,"fast","control_informative",0.05,5,0.01,"","mirage_joint","trait2","bfdr_estimate",0.2,0.141856565778832
20260842,30,500,15,3000,3000,3000,3000,"fast","control_informative",0.05,5,0.01,"","mirage_joint","trait2","bfdr_power",0.2,0.2
20260842,30,500,15,3000,3000,3000,3000,"fast","control_informative",0.05,5,0.01,"","mirage_joint","trait2","bfdr_discoveries",0.2,2
20260842,30,500,15,3000,3000,3000,3000,"fast","control_informative",0.05,5,0.01,"","mirage_joint","pleiotropy","bfdr_observed_fdp",0.01,0
20260842,30,500,15,3000,3000,3000,3000,"fast","control_informative",0.05,5,0.01,"","mirage_joint","pleiotropy","bfdr_estimate",0.01,0
20260842,30,500,15,3000,3000,3000,3000,"fast","control_informative",0.05,5,0.01,"","mirage_joint","pleiotropy","bfdr_power",0.01,0
20260842,30,500,15,3000,3000,3000,3000,"fast","control_informative",0.05,5,0.01,"","mirage_joint","pleiotropy","bfdr_discoveries",0.01,0
20260842,30,500,15,3000,3000,3000,3000,"fast","control_informative",0.05,5,0.01,"","mirage_joint","pleiotropy","bfdr_observed_fdp",0.05,0
20260842,30,500,15,3000,3000,3000,3000,"fast","control_informative",0.05,5,0.01,"","mirage_joint","pleiotropy","bfdr_estimate",0.05,0
20260842,30,500,15,3000,3000,3000,3000,"fast","control_informative",0.05,5,0.01,"","mirage_joint","pleiotropy","bfdr_power",0.05,0
20260842,30,500,15,3000,3000,3000,3000,"fast","control_informative",0.05,5,0.01,"","mirage_joint","pleiotropy","bfdr_discoveries",0.05,0
20260842,30,500,15,3000,3000,3000,3000,"fast","control_informative",0.05,5,0.01,"","mirage_joint","pleiotropy","bfdr_observed_fdp",0.1,0
20260842,30,500,15,3000,3000,3000,3000,"fast","control_informative",0.05,5,0.01,"","mirage_joint","pleiotropy","bfdr_estimate",0.1,0
20260842,30,500,15,3000,3000,3000,3000,"fast","control_informative",0.05,5,0.01,"","mirage_joint","pleiotropy","bfdr_power",0.1,0
20260842,30,500,15,3000,3000,3000,3000,"fast","control_informative",0.05,5,0.01,"","mirage_joint","pleiotropy","bfdr_discoveries",0.1,0
20260842,30,500,15,3000,3000,3000,3000,"fast","control_informative",0.05,5,0.01,"","mirage_joint","pleiotropy","bfdr_observed_fdp",0.2,0
20260842,30,500,15,3000,3000,3000,3000,"fast","control_informative",0.05,5,0.01,"","mirage_joint","pleiotropy","bfdr_estimate",0.2,0
20260842,30,500,15,3000,3000,3000,3000,"fast","control_informative",0.05,5,0.01,"","mirage_joint","pleiotropy","bfdr_power",0.2,0
20260842,30,500,15,3000,3000,3000,3000,"fast","control_informative",0.05,5,0.01,"","mirage_joint","pleiotropy","bfdr_discoveries",0.2,0
20260842,30,500,15,3000,3000,3000,3000,"fast","control_informative",0.05,5,0.01,"","mirage_joint","global","runtime_seconds",NA,17.957
20260842,30,500,15,3000,3000,3000,3000,"fast","control_informative",0.05,5,0.01,"","mirage_joint","pleiotropy","pi11_estimate",NA,0.0378616654336683
20260842,30,500,15,3000,3000,3000,3000,"fast","control_informative",0.05,5,0.01,"","separate_mirage","trait1","auc",NA,0.640168421052632
20260842,30,500,15,3000,3000,3000,3000,"fast","control_informative",0.05,5,0.01,"","separate_mirage","trait2","auc",NA,0.67
20260842,30,500,15,3000,3000,3000,3000,"fast","control_informative",0.05,5,0.01,"","separate_mirage","pleiotropy","auc",NA,0.58020202020202
20260842,30,500,15,3000,3000,3000,3000,"fast","control_informative",0.05,5,0.01,"","separate_mirage","trait1","pp08_power",0.8,0.16
20260842,30,500,15,3000,3000,3000,3000,"fast","control_informative",0.05,5,0.01,"","separate_mirage","trait1","pp08_fdp",0.8,0
20260842,30,500,15,3000,3000,3000,3000,"fast","control_informative",0.05,5,0.01,"","separate_mirage","trait1","pp08_discoveries",0.8,4
20260842,30,500,15,3000,3000,3000,3000,"fast","control_informative",0.05,5,0.01,"","separate_mirage","trait2","pp08_power",0.8,0
20260842,30,500,15,3000,3000,3000,3000,"fast","control_informative",0.05,5,0.01,"","separate_mirage","trait2","pp08_fdp",0.8,0
20260842,30,500,15,3000,3000,3000,3000,"fast","control_informative",0.05,5,0.01,"","separate_mirage","trait2","pp08_discoveries",0.8,0
20260842,30,500,15,3000,3000,3000,3000,"fast","control_informative",0.05,5,0.01,"","separate_mirage","pleiotropy","pp08_power",0.8,0
20260842,30,500,15,3000,3000,3000,3000,"fast","control_informative",0.05,5,0.01,"","separate_mirage","pleiotropy","pp08_fdp",0.8,0
20260842,30,500,15,3000,3000,3000,3000,"fast","control_informative",0.05,5,0.01,"","separate_mirage","pleiotropy","pp08_discoveries",0.8,0
20260842,30,500,15,3000,3000,3000,3000,"fast","control_informative",0.05,5,0.01,"","separate_mirage","trait1","bfdr_observed_fdp",0.01,0
20260842,30,500,15,3000,3000,3000,3000,"fast","control_informative",0.05,5,0.01,"","separate_mirage","trait1","bfdr_estimate",0.01,0.00111518579683501
20260842,30,500,15,3000,3000,3000,3000,"fast","control_informative",0.05,5,0.01,"","separate_mirage","trait1","bfdr_power",0.01,0.08
20260842,30,500,15,3000,3000,3000,3000,"fast","control_informative",0.05,5,0.01,"","separate_mirage","trait1","bfdr_discoveries",0.01,2
20260842,30,500,15,3000,3000,3000,3000,"fast","control_informative",0.05,5,0.01,"","separate_mirage","trait1","bfdr_observed_fdp",0.05,0
20260842,30,500,15,3000,3000,3000,3000,"fast","control_informative",0.05,5,0.01,"","separate_mirage","trait1","bfdr_estimate",0.05,0.0198623044226065
20260842,30,500,15,3000,3000,3000,3000,"fast","control_informative",0.05,5,0.01,"","separate_mirage","trait1","bfdr_power",0.05,0.16
20260842,30,500,15,3000,3000,3000,3000,"fast","control_informative",0.05,5,0.01,"","separate_mirage","trait1","bfdr_discoveries",0.05,4
20260842,30,500,15,3000,3000,3000,3000,"fast","control_informative",0.05,5,0.01,"","separate_mirage","trait1","bfdr_observed_fdp",0.1,0.2
20260842,30,500,15,3000,3000,3000,3000,"fast","control_informative",0.05,5,0.01,"","separate_mirage","trait1","bfdr_estimate",0.1,0.0680021720490616
20260842,30,500,15,3000,3000,3000,3000,"fast","control_informative",0.05,5,0.01,"","separate_mirage","trait1","bfdr_power",0.1,0.16
20260842,30,500,15,3000,3000,3000,3000,"fast","control_informative",0.05,5,0.01,"","separate_mirage","trait1","bfdr_discoveries",0.1,5
20260842,30,500,15,3000,3000,3000,3000,"fast","control_informative",0.05,5,0.01,"","separate_mirage","trait1","bfdr_observed_fdp",0.2,0.428571428571429
20260842,30,500,15,3000,3000,3000,3000,"fast","control_informative",0.05,5,0.01,"","separate_mirage","trait1","bfdr_estimate",0.2,0.187175086727924
20260842,30,500,15,3000,3000,3000,3000,"fast","control_informative",0.05,5,0.01,"","separate_mirage","trait1","bfdr_power",0.2,0.16
20260842,30,500,15,3000,3000,3000,3000,"fast","control_informative",0.05,5,0.01,"","separate_mirage","trait1","bfdr_discoveries",0.2,7
20260842,30,500,15,3000,3000,3000,3000,"fast","control_informative",0.05,5,0.01,"","separate_mirage","trait2","bfdr_observed_fdp",0.01,0
20260842,30,500,15,3000,3000,3000,3000,"fast","control_informative",0.05,5,0.01,"","separate_mirage","trait2","bfdr_estimate",0.01,0
20260842,30,500,15,3000,3000,3000,3000,"fast","control_informative",0.05,5,0.01,"","separate_mirage","trait2","bfdr_power",0.01,0
20260842,30,500,15,3000,3000,3000,3000,"fast","control_informative",0.05,5,0.01,"","separate_mirage","trait2","bfdr_discoveries",0.01,0
20260842,30,500,15,3000,3000,3000,3000,"fast","control_informative",0.05,5,0.01,"","separate_mirage","trait2","bfdr_observed_fdp",0.05,0
20260842,30,500,15,3000,3000,3000,3000,"fast","control_informative",0.05,5,0.01,"","separate_mirage","trait2","bfdr_estimate",0.05,0
20260842,30,500,15,3000,3000,3000,3000,"fast","control_informative",0.05,5,0.01,"","separate_mirage","trait2","bfdr_power",0.05,0
20260842,30,500,15,3000,3000,3000,3000,"fast","control_informative",0.05,5,0.01,"","separate_mirage","trait2","bfdr_discoveries",0.05,0
20260842,30,500,15,3000,3000,3000,3000,"fast","control_informative",0.05,5,0.01,"","separate_mirage","trait2","bfdr_observed_fdp",0.1,0
20260842,30,500,15,3000,3000,3000,3000,"fast","control_informative",0.05,5,0.01,"","separate_mirage","trait2","bfdr_estimate",0.1,0
20260842,30,500,15,3000,3000,3000,3000,"fast","control_informative",0.05,5,0.01,"","separate_mirage","trait2","bfdr_power",0.1,0
20260842,30,500,15,3000,3000,3000,3000,"fast","control_informative",0.05,5,0.01,"","separate_mirage","trait2","bfdr_discoveries",0.1,0
20260842,30,500,15,3000,3000,3000,3000,"fast","control_informative",0.05,5,0.01,"","separate_mirage","trait2","bfdr_observed_fdp",0.2,0
20260842,30,500,15,3000,3000,3000,3000,"fast","control_informative",0.05,5,0.01,"","separate_mirage","trait2","bfdr_estimate",0.2,0
20260842,30,500,15,3000,3000,3000,3000,"fast","control_informative",0.05,5,0.01,"","separate_mirage","trait2","bfdr_power",0.2,0
20260842,30,500,15,3000,3000,3000,3000,"fast","control_informative",0.05,5,0.01,"","separate_mirage","trait2","bfdr_discoveries",0.2,0
20260842,30,500,15,3000,3000,3000,3000,"fast","control_informative",0.05,5,0.01,"","separate_mirage","pleiotropy","bfdr_observed_fdp",0.01,0
20260842,30,500,15,3000,3000,3000,3000,"fast","control_informative",0.05,5,0.01,"","separate_mirage","pleiotropy","bfdr_estimate",0.01,0
20260842,30,500,15,3000,3000,3000,3000,"fast","control_informative",0.05,5,0.01,"","separate_mirage","pleiotropy","bfdr_power",0.01,0
20260842,30,500,15,3000,3000,3000,3000,"fast","control_informative",0.05,5,0.01,"","separate_mirage","pleiotropy","bfdr_discoveries",0.01,0
20260842,30,500,15,3000,3000,3000,3000,"fast","control_informative",0.05,5,0.01,"","separate_mirage","pleiotropy","bfdr_observed_fdp",0.05,0
20260842,30,500,15,3000,3000,3000,3000,"fast","control_informative",0.05,5,0.01,"","separate_mirage","pleiotropy","bfdr_estimate",0.05,0
20260842,30,500,15,3000,3000,3000,3000,"fast","control_informative",0.05,5,0.01,"","separate_mirage","pleiotropy","bfdr_power",0.05,0
20260842,30,500,15,3000,3000,3000,3000,"fast","control_informative",0.05,5,0.01,"","separate_mirage","pleiotropy","bfdr_discoveries",0.05,0
20260842,30,500,15,3000,3000,3000,3000,"fast","control_informative",0.05,5,0.01,"","separate_mirage","pleiotropy","bfdr_observed_fdp",0.1,0
20260842,30,500,15,3000,3000,3000,3000,"fast","control_informative",0.05,5,0.01,"","separate_mirage","pleiotropy","bfdr_estimate",0.1,0
20260842,30,500,15,3000,3000,3000,3000,"fast","control_informative",0.05,5,0.01,"","separate_mirage","pleiotropy","bfdr_power",0.1,0
20260842,30,500,15,3000,3000,3000,3000,"fast","control_informative",0.05,5,0.01,"","separate_mirage","pleiotropy","bfdr_discoveries",0.1,0
20260842,30,500,15,3000,3000,3000,3000,"fast","control_informative",0.05,5,0.01,"","separate_mirage","pleiotropy","bfdr_observed_fdp",0.2,0
20260842,30,500,15,3000,3000,3000,3000,"fast","control_informative",0.05,5,0.01,"","separate_mirage","pleiotropy","bfdr_estimate",0.2,0
20260842,30,500,15,3000,3000,3000,3000,"fast","control_informative",0.05,5,0.01,"","separate_mirage","pleiotropy","bfdr_power",0.2,0
20260842,30,500,15,3000,3000,3000,3000,"fast","control_informative",0.05,5,0.01,"","separate_mirage","pleiotropy","bfdr_discoveries",0.2,0
20260842,30,500,15,3000,3000,3000,3000,"fast","control_informative",0.05,5,0.01,"","separate_mirage","global","runtime_seconds",NA,18.01
20260842,30,500,15,3000,3000,3000,3000,"fast","control_informative",0.05,5,0.01,"","separate_mirage","pleiotropy","pi11_estimate",NA,0.001
20260842,30,500,15,3000,3000,3000,3000,"fast","control_informative",0.05,5,0.01,"","mtada_aggregated","trait1","auc",NA,0.720842105263158
20260842,30,500,15,3000,3000,3000,3000,"fast","control_informative",0.05,5,0.01,"","mtada_aggregated","trait2","auc",NA,0.64265306122449
20260842,30,500,15,3000,3000,3000,3000,"fast","control_informative",0.05,5,0.01,"","mtada_aggregated","pleiotropy","auc",NA,0.533737373737374
20260842,30,500,15,3000,3000,3000,3000,"fast","control_informative",0.05,5,0.01,"","mtada_aggregated","trait1","pp08_power",0.8,0.28
20260842,30,500,15,3000,3000,3000,3000,"fast","control_informative",0.05,5,0.01,"","mtada_aggregated","trait1","pp08_fdp",0.8,0.885245901639344
20260842,30,500,15,3000,3000,3000,3000,"fast","control_informative",0.05,5,0.01,"","mtada_aggregated","trait1","pp08_discoveries",0.8,61
20260842,30,500,15,3000,3000,3000,3000,"fast","control_informative",0.05,5,0.01,"","mtada_aggregated","trait2","pp08_power",0.8,0.3
20260842,30,500,15,3000,3000,3000,3000,"fast","control_informative",0.05,5,0.01,"","mtada_aggregated","trait2","pp08_fdp",0.8,0.921052631578947
20260842,30,500,15,3000,3000,3000,3000,"fast","control_informative",0.05,5,0.01,"","mtada_aggregated","trait2","pp08_discoveries",0.8,38
20260842,30,500,15,3000,3000,3000,3000,"fast","control_informative",0.05,5,0.01,"","mtada_aggregated","pleiotropy","pp08_power",0.8,0
20260842,30,500,15,3000,3000,3000,3000,"fast","control_informative",0.05,5,0.01,"","mtada_aggregated","pleiotropy","pp08_fdp",0.8,1
20260842,30,500,15,3000,3000,3000,3000,"fast","control_informative",0.05,5,0.01,"","mtada_aggregated","pleiotropy","pp08_discoveries",0.8,4
20260842,30,500,15,3000,3000,3000,3000,"fast","control_informative",0.05,5,0.01,"","mtada_aggregated","trait1","bfdr_observed_fdp",0.01,0.875
20260842,30,500,15,3000,3000,3000,3000,"fast","control_informative",0.05,5,0.01,"","mtada_aggregated","trait1","bfdr_estimate",0.01,0.008671659545406
20260842,30,500,15,3000,3000,3000,3000,"fast","control_informative",0.05,5,0.01,"","mtada_aggregated","trait1","bfdr_power",0.01,0.28
20260842,30,500,15,3000,3000,3000,3000,"fast","control_informative",0.05,5,0.01,"","mtada_aggregated","trait1","bfdr_discoveries",0.01,56
20260842,30,500,15,3000,3000,3000,3000,"fast","control_informative",0.05,5,0.01,"","mtada_aggregated","trait1","bfdr_observed_fdp",0.05,0.897058823529412
20260842,30,500,15,3000,3000,3000,3000,"fast","control_informative",0.05,5,0.01,"","mtada_aggregated","trait1","bfdr_estimate",0.05,0.0450203679836703
20260842,30,500,15,3000,3000,3000,3000,"fast","control_informative",0.05,5,0.01,"","mtada_aggregated","trait1","bfdr_power",0.05,0.28
20260842,30,500,15,3000,3000,3000,3000,"fast","control_informative",0.05,5,0.01,"","mtada_aggregated","trait1","bfdr_discoveries",0.05,68
20260842,30,500,15,3000,3000,3000,3000,"fast","control_informative",0.05,5,0.01,"","mtada_aggregated","trait1","bfdr_observed_fdp",0.1,0.883116883116883
20260842,30,500,15,3000,3000,3000,3000,"fast","control_informative",0.05,5,0.01,"","mtada_aggregated","trait1","bfdr_estimate",0.1,0.0963506152389793
20260842,30,500,15,3000,3000,3000,3000,"fast","control_informative",0.05,5,0.01,"","mtada_aggregated","trait1","bfdr_power",0.1,0.36
20260842,30,500,15,3000,3000,3000,3000,"fast","control_informative",0.05,5,0.01,"","mtada_aggregated","trait1","bfdr_discoveries",0.1,77
20260842,30,500,15,3000,3000,3000,3000,"fast","control_informative",0.05,5,0.01,"","mtada_aggregated","trait1","bfdr_observed_fdp",0.2,0.857142857142857
20260842,30,500,15,3000,3000,3000,3000,"fast","control_informative",0.05,5,0.01,"","mtada_aggregated","trait1","bfdr_estimate",0.2,0.196217307344046
20260842,30,500,15,3000,3000,3000,3000,"fast","control_informative",0.05,5,0.01,"","mtada_aggregated","trait1","bfdr_power",0.2,0.52
20260842,30,500,15,3000,3000,3000,3000,"fast","control_informative",0.05,5,0.01,"","mtada_aggregated","trait1","bfdr_discoveries",0.2,91
20260842,30,500,15,3000,3000,3000,3000,"fast","control_informative",0.05,5,0.01,"","mtada_aggregated","trait2","bfdr_observed_fdp",0.01,0.931034482758621
20260842,30,500,15,3000,3000,3000,3000,"fast","control_informative",0.05,5,0.01,"","mtada_aggregated","trait2","bfdr_estimate",0.01,0.00948347410101019
20260842,30,500,15,3000,3000,3000,3000,"fast","control_informative",0.05,5,0.01,"","mtada_aggregated","trait2","bfdr_power",0.01,0.2
20260842,30,500,15,3000,3000,3000,3000,"fast","control_informative",0.05,5,0.01,"","mtada_aggregated","trait2","bfdr_discoveries",0.01,29
20260842,30,500,15,3000,3000,3000,3000,"fast","control_informative",0.05,5,0.01,"","mtada_aggregated","trait2","bfdr_observed_fdp",0.05,0.925
20260842,30,500,15,3000,3000,3000,3000,"fast","control_informative",0.05,5,0.01,"","mtada_aggregated","trait2","bfdr_estimate",0.05,0.048597097043991
20260842,30,500,15,3000,3000,3000,3000,"fast","control_informative",0.05,5,0.01,"","mtada_aggregated","trait2","bfdr_power",0.05,0.3
20260842,30,500,15,3000,3000,3000,3000,"fast","control_informative",0.05,5,0.01,"","mtada_aggregated","trait2","bfdr_discoveries",0.05,40
20260842,30,500,15,3000,3000,3000,3000,"fast","control_informative",0.05,5,0.01,"","mtada_aggregated","trait2","bfdr_observed_fdp",0.1,0.933333333333333
20260842,30,500,15,3000,3000,3000,3000,"fast","control_informative",0.05,5,0.01,"","mtada_aggregated","trait2","bfdr_estimate",0.1,0.0922877148484259
20260842,30,500,15,3000,3000,3000,3000,"fast","control_informative",0.05,5,0.01,"","mtada_aggregated","trait2","bfdr_power",0.1,0.3
20260842,30,500,15,3000,3000,3000,3000,"fast","control_informative",0.05,5,0.01,"","mtada_aggregated","trait2","bfdr_discoveries",0.1,45
20260842,30,500,15,3000,3000,3000,3000,"fast","control_informative",0.05,5,0.01,"","mtada_aggregated","trait2","bfdr_observed_fdp",0.2,0.928571428571429
20260842,30,500,15,3000,3000,3000,3000,"fast","control_informative",0.05,5,0.01,"","mtada_aggregated","trait2","bfdr_estimate",0.2,0.194121578412712
20260842,30,500,15,3000,3000,3000,3000,"fast","control_informative",0.05,5,0.01,"","mtada_aggregated","trait2","bfdr_power",0.2,0.4
20260842,30,500,15,3000,3000,3000,3000,"fast","control_informative",0.05,5,0.01,"","mtada_aggregated","trait2","bfdr_discoveries",0.2,56
20260842,30,500,15,3000,3000,3000,3000,"fast","control_informative",0.05,5,0.01,"","mtada_aggregated","pleiotropy","bfdr_observed_fdp",0.01,1
20260842,30,500,15,3000,3000,3000,3000,"fast","control_informative",0.05,5,0.01,"","mtada_aggregated","pleiotropy","bfdr_estimate",0.01,8.69109355243018e-06
20260842,30,500,15,3000,3000,3000,3000,"fast","control_informative",0.05,5,0.01,"","mtada_aggregated","pleiotropy","bfdr_power",0.01,0
20260842,30,500,15,3000,3000,3000,3000,"fast","control_informative",0.05,5,0.01,"","mtada_aggregated","pleiotropy","bfdr_discoveries",0.01,3
20260842,30,500,15,3000,3000,3000,3000,"fast","control_informative",0.05,5,0.01,"","mtada_aggregated","pleiotropy","bfdr_observed_fdp",0.05,1
20260842,30,500,15,3000,3000,3000,3000,"fast","control_informative",0.05,5,0.01,"","mtada_aggregated","pleiotropy","bfdr_estimate",0.05,0.012882345869144
20260842,30,500,15,3000,3000,3000,3000,"fast","control_informative",0.05,5,0.01,"","mtada_aggregated","pleiotropy","bfdr_power",0.05,0
20260842,30,500,15,3000,3000,3000,3000,"fast","control_informative",0.05,5,0.01,"","mtada_aggregated","pleiotropy","bfdr_discoveries",0.05,4
20260842,30,500,15,3000,3000,3000,3000,"fast","control_informative",0.05,5,0.01,"","mtada_aggregated","pleiotropy","bfdr_observed_fdp",0.1,1
20260842,30,500,15,3000,3000,3000,3000,"fast","control_informative",0.05,5,0.01,"","mtada_aggregated","pleiotropy","bfdr_estimate",0.1,0.071815007747222
20260842,30,500,15,3000,3000,3000,3000,"fast","control_informative",0.05,5,0.01,"","mtada_aggregated","pleiotropy","bfdr_power",0.1,0
20260842,30,500,15,3000,3000,3000,3000,"fast","control_informative",0.05,5,0.01,"","mtada_aggregated","pleiotropy","bfdr_discoveries",0.1,5
20260842,30,500,15,3000,3000,3000,3000,"fast","control_informative",0.05,5,0.01,"","mtada_aggregated","pleiotropy","bfdr_observed_fdp",0.2,1
20260842,30,500,15,3000,3000,3000,3000,"fast","control_informative",0.05,5,0.01,"","mtada_aggregated","pleiotropy","bfdr_estimate",0.2,0.158151920799228
20260842,30,500,15,3000,3000,3000,3000,"fast","control_informative",0.05,5,0.01,"","mtada_aggregated","pleiotropy","bfdr_power",0.2,0
20260842,30,500,15,3000,3000,3000,3000,"fast","control_informative",0.05,5,0.01,"","mtada_aggregated","pleiotropy","bfdr_discoveries",0.2,7
20260842,30,500,15,3000,3000,3000,3000,"fast","control_informative",0.05,5,0.01,"","mtada_aggregated","global","runtime_seconds",NA,0.913999999999987
20260842,30,500,15,3000,3000,3000,3000,"fast","control_informative",0.05,5,0.01,"","mtada_aggregated","pleiotropy","pi11_estimate",NA,0.00168239
