"seed","replicate","method","parameter","truth","estimate","abs_error"
20260813,1,"mirage_joint","pi00",0.94,0.865499975039283,0.0745000249607171
20260813,1,"mirage_joint","pi10",0.04,0.0775305467153385,0.0375305467153385
20260813,1,"mirage_joint","pi01",0.01,0.0161347774896369,0.00613477748963686
20260813,1,"mirage_joint","pi11",0.01,0.0408347007557417,0.0308347007557417
20260813,1,"mirage_joint","eta1_C1",0.05,0.0702213098780306,0.0202213098780306
20260813,1,"mirage_joint","eta1_C2",0.2,0.341160129604642,0.141160129604642
20260813,1,"mirage_joint","eta1_C3",0.5,0.45926078231161,0.0407392176883904
20260813,1,"mirage_joint","eta2_C1",0.03,0.0150236742240609,0.0149763257759391
20260813,1,"mirage_joint","eta2_C2",0.15,0.170227179776357,0.0202271797763568
20260813,1,"mirage_joint","eta2_C3",0.4,0.50485927160296,0.10485927160296
20260813,1,"separate_mirage","pi00",0.94,0.931,0.00900000000000001
20260813,1,"separate_mirage","pi10",0.04,0.049,0.009
20260813,1,"separate_mirage","pi01",0.01,0.019,0.009
20260813,1,"separate_mirage","pi11",0.01,0.001,0.009
20260813,1,"separate_mirage","eta1_C1",0.05,0.139898503389596,0.0898985033895956
20260813,1,"separate_mirage","eta1_C2",0.2,0.536476607054328,0.336476607054328
20260813,1,"separate_mirage","eta1_C3",0.5,0.561143913259278,0.0611439132592785
20260813,1,"separate_mirage","eta2_C1",0.03,0.00830842437460568,0.0216915756253943
20260813,1,"separate_mirage","eta2_C2",0.15,0.279939931937383,0.129939931937383
20260813,1,"separate_mirage","eta2_C3",0.4,0.998582950844318,0.598582950844318
20260813,1,"mtada_aggregated","pi00",0.94,0.93142756,0.00857244000000001
20260813,1,"mtada_aggregated","pi10",0.04,0.04857244,0.00857244
20260813,1,"mtada_aggregated","pi01",0.01,0.01857244,0.00857244
20260813,1,"mtada_aggregated","pi11",0.01,0.00142756,0.00857244
20260814,2,"mirage_joint","pi00",0.94,0.870314408888219,0.0696855911117812
20260814,2,"mirage_joint","pi10",0.04,0.0764028739255957,0.0364028739255957
20260814,2,"mirage_joint","pi01",0.01,9.54280320080699e-05,0.00990457196799193
20260814,2,"mirage_joint","pi11",0.01,0.0531872891541775,0.0431872891541775
20260814,2,"mirage_joint","eta1_C1",0.05,0.0936319176822366,0.0436319176822366
20260814,2,"mirage_joint","eta1_C2",0.2,0.185402387868998,0.0145976121310025
20260814,2,"mirage_joint","eta1_C3",0.5,0.523161478486578,0.0231614784865782
20260814,2,"mirage_joint","eta2_C1",0.03,0.000310606920860337,0.0296893930791397
20260814,2,"mirage_joint","eta2_C2",0.15,0.0659739832602856,0.0840260167397144
20260814,2,"mirage_joint","eta2_C3",0.4,0.321299071051316,0.0787009289486835
20260814,2,"separate_mirage","pi00",0.94,0.931,0.00900000000000001
20260814,2,"separate_mirage","pi10",0.04,0.049,0.009
20260814,2,"separate_mirage","pi01",0.01,0.019,0.009
20260814,2,"separate_mirage","pi11",0.01,0.001,0.009
20260814,2,"separate_mirage","eta1_C1",0.05,0.118746887518801,0.0687468875188007
20260814,2,"separate_mirage","eta1_C2",0.2,0.296724088477823,0.0967240884778227
20260814,2,"separate_mirage","eta1_C3",0.5,0.738556559275345,0.238556559275345
20260814,2,"separate_mirage","eta2_C1",0.03,0.000505326379490479,0.0294946736205095
20260814,2,"separate_mirage","eta2_C2",0.15,0.0985745942497898,0.0514254057502102
20260814,2,"separate_mirage","eta2_C3",0.4,0.263775179845203,0.136224820154797
20260814,2,"mtada_aggregated","pi00",0.94,0.932185,0.00781500000000002
20260814,2,"mtada_aggregated","pi10",0.04,0.047815,0.007815
20260814,2,"mtada_aggregated","pi01",0.01,0.017815,0.007815
20260814,2,"mtada_aggregated","pi11",0.01,0.002185,0.007815
20260815,3,"mirage_joint","pi00",0.94,0.815009873024782,0.124990126975218
20260815,3,"mirage_joint","pi10",0.04,0.117847081877218,0.0778470818772178
20260815,3,"mirage_joint","pi01",0.01,0.0191376581659711,0.0091376581659711
20260815,3,"mirage_joint","pi11",0.01,0.0480053869320288,0.0380053869320288
20260815,3,"mirage_joint","eta1_C1",0.05,0.109670353696632,0.0596703536966319
20260815,3,"mirage_joint","eta1_C2",0.2,0.0284422834108763,0.171557716589124
20260815,3,"mirage_joint","eta1_C3",0.5,0.374555217165931,0.125444782834069
20260815,3,"mirage_joint","eta2_C1",0.03,0.190523535184039,0.160523535184039
20260815,3,"mirage_joint","eta2_C2",0.15,0.0022973134520917,0.147702686547908
20260815,3,"mirage_joint","eta2_C3",0.4,0.0080122539377332,0.391987746062267
20260815,3,"separate_mirage","pi00",0.94,0.931,0.00900000000000001
20260815,3,"separate_mirage","pi10",0.04,0.049,0.009
20260815,3,"separate_mirage","pi01",0.01,0.019,0.009
20260815,3,"separate_mirage","pi11",0.01,0.001,0.009
20260815,3,"separate_mirage","eta1_C1",0.05,0.196043185009656,0.146043185009656
20260815,3,"separate_mirage","eta1_C2",0.2,0.0513475235898648,0.148652476410135
20260815,3,"separate_mirage","eta1_C3",0.5,0.779734462725212,0.279734462725212
20260815,3,"separate_mirage","eta2_C1",0.03,0.309088847825346,0.279088847825346
20260815,3,"separate_mirage","eta2_C2",0.15,0.014649733660318,0.135350266339682
20260815,3,"separate_mirage","eta2_C3",0.4,0.0786518904506769,0.321348109549323
20260815,3,"mtada_aggregated","pi00",0.94,0.93165816,0.00834184000000004
20260815,3,"mtada_aggregated","pi10",0.04,0.04834184,0.00834184
20260815,3,"mtada_aggregated","pi01",0.01,0.01834184,0.00834184
20260815,3,"mtada_aggregated","pi11",0.01,0.00165816,0.00834184
20260816,4,"mirage_joint","pi00",0.94,0.905937027852132,0.0340629721478678
20260816,4,"mirage_joint","pi10",0.04,0.0785633376831582,0.0385633376831582
20260816,4,"mirage_joint","pi01",0.01,4.4586429207194e-05,0.00995541357079281
20260816,4,"mirage_joint","pi11",0.01,0.0154550480355024,0.00545504803550241
20260816,4,"mirage_joint","eta1_C1",0.05,0.022635872355395,0.027364127644605
20260816,4,"mirage_joint","eta1_C2",0.2,0.249793078698481,0.0497930786984815
20260816,4,"mirage_joint","eta1_C3",0.5,0.909799737573389,0.409799737573389
20260816,4,"mirage_joint","eta2_C1",0.03,0.0778084443917247,0.0478084443917247
20260816,4,"mirage_joint","eta2_C2",0.15,0.372200057077186,0.222200057077186
20260816,4,"mirage_joint","eta2_C3",0.4,0.955261748401425,0.555261748401425
20260816,4,"separate_mirage","pi00",0.94,0.931,0.00900000000000001
20260816,4,"separate_mirage","pi10",0.04,0.049,0.009
20260816,4,"separate_mirage","pi01",0.01,0.019,0.009
20260816,4,"separate_mirage","pi11",0.01,0.001,0.009
20260816,4,"separate_mirage","eta1_C1",0.05,0.0293458474618532,0.0206541525381468
20260816,4,"separate_mirage","eta1_C2",0.2,0.308541449986829,0.108541449986829
20260816,4,"separate_mirage","eta1_C3",0.5,0.999203963889087,0.499203963889087
20260816,4,"separate_mirage","eta2_C1",0.03,0.0721376926460761,0.0421376926460761
20260816,4,"separate_mirage","eta2_C2",0.15,0.346485030911227,0.196485030911227
20260816,4,"separate_mirage","eta2_C3",0.4,0.911638887281736,0.511638887281736
20260816,4,"mtada_aggregated","pi00",0.94,0.9339514,0.00604859999999996
20260816,4,"mtada_aggregated","pi10",0.04,0.0460486,0.0060486
20260816,4,"mtada_aggregated","pi01",0.01,0.0160486,0.0060486
20260816,4,"mtada_aggregated","pi11",0.01,0.0039514,0.0060486
20260817,5,"mirage_joint","pi00",0.94,0.863752316426793,0.0762476835732071
20260817,5,"mirage_joint","pi10",0.04,0.0166788145317835,0.0233211854682165
20260817,5,"mirage_joint","pi01",0.01,0.0574140713749546,0.0474140713749546
20260817,5,"mirage_joint","pi11",0.01,0.0621547976664691,0.0521547976664691
20260817,5,"mirage_joint","eta1_C1",0.05,0.131536492738947,0.0815364927389471
20260817,5,"mirage_joint","eta1_C2",0.2,0.140945975126717,0.059054024873283
20260817,5,"mirage_joint","eta1_C3",0.5,0.636381325059574,0.136381325059574
20260817,5,"mirage_joint","eta2_C1",0.03,0.0349375507134868,0.00493755071348682
20260817,5,"mirage_joint","eta2_C2",0.15,0.333398326110956,0.183398326110956
20260817,5,"mirage_joint","eta2_C3",0.4,0.190504570746606,0.209495429253394
20260817,5,"separate_mirage","pi00",0.94,0.931,0.00900000000000001
20260817,5,"separate_mirage","pi10",0.04,0.049,0.009
20260817,5,"separate_mirage","pi01",0.01,0.019,0.009
20260817,5,"separate_mirage","pi11",0.01,0.001,0.009
20260817,5,"separate_mirage","eta1_C1",0.05,0.206505648485989,0.156505648485989
20260817,5,"separate_mirage","eta1_C2",0.2,0.221817704022066,0.0218177040220664
20260817,5,"separate_mirage","eta1_C3",0.5,0.717998886972793,0.217998886972793
20260817,5,"separate_mirage","eta2_C1",0.03,0.00613706740275351,0.0238629325972465
20260817,5,"separate_mirage","eta2_C2",0.15,0.714537801531481,0.564537801531481
20260817,5,"separate_mirage","eta2_C3",0.4,0.341517681888535,0.0584823181114649
20260817,5,"mtada_aggregated","pi00",0.94,0.93441788,0.00558212000000002
20260817,5,"mtada_aggregated","pi10",0.04,0.04558212,0.00558212
20260817,5,"mtada_aggregated","pi01",0.01,0.01558212,0.00558212
20260817,5,"mtada_aggregated","pi11",0.01,0.00441788,0.00558212
20260818,6,"mirage_joint","pi00",0.94,0.821196305815171,0.118803694184829
20260818,6,"mirage_joint","pi10",0.04,0.112340720970818,0.072340720970818
20260818,6,"mirage_joint","pi01",0.01,0.0329768584046316,0.0229768584046316
20260818,6,"mirage_joint","pi11",0.01,0.033486114809379,0.023486114809379
20260818,6,"mirage_joint","eta1_C1",0.05,0.0954432205560044,0.0454432205560044
20260818,6,"mirage_joint","eta1_C2",0.2,0.0282856211471087,0.171714378852891
20260818,6,"mirage_joint","eta1_C3",0.5,0.739671254782758,0.239671254782758
20260818,6,"mirage_joint","eta2_C1",0.03,0.00124585606772322,0.0287541439322768
20260818,6,"mirage_joint","eta2_C2",0.15,0.0924579229473169,0.0575420770526831
20260818,6,"mirage_joint","eta2_C3",0.4,0.384817580276768,0.0151824197232319
20260818,6,"separate_mirage","pi00",0.94,0.931,0.00900000000000001
20260818,6,"separate_mirage","pi10",0.04,0.049,0.009
20260818,6,"separate_mirage","pi01",0.01,0.019,0.009
20260818,6,"separate_mirage","pi11",0.01,0.001,0.009
20260818,6,"separate_mirage","eta1_C1",0.05,0.116376563120979,0.0663765631209791
20260818,6,"separate_mirage","eta1_C2",0.2,0.0886283267118965,0.111371673288104
20260818,6,"separate_mirage","eta1_C3",0.5,0.999951302767398,0.499951302767398
20260818,6,"separate_mirage","eta2_C1",0.03,0.000706060883524855,0.0292939391164751
20260818,6,"separate_mirage","eta2_C2",0.15,0.214462542757389,0.0644625427573892
20260818,6,"separate_mirage","eta2_C3",0.4,0.760958326760641,0.360958326760641
20260818,6,"mtada_aggregated","pi00",0.94,0.93316585,0.00683414999999998
20260818,6,"mtada_aggregated","pi10",0.04,0.04683415,0.00683415
20260818,6,"mtada_aggregated","pi01",0.01,0.01683415,0.00683415
20260818,6,"mtada_aggregated","pi11",0.01,0.00316585,0.00683415
20260819,7,"mirage_joint","pi00",0.94,0.80608320902604,0.13391679097396
20260819,7,"mirage_joint","pi10",0.04,0.139356768040836,0.0993567680408364
20260819,7,"mirage_joint","pi01",0.01,0.0417338659806292,0.0317338659806292
20260819,7,"mirage_joint","pi11",0.01,0.0128261569524945,0.00282615695249445
20260819,7,"mirage_joint","eta1_C1",0.05,0.0124850862762128,0.0375149137237872
20260819,7,"mirage_joint","eta1_C2",0.2,0.147632426072208,0.052367573927792
20260819,7,"mirage_joint","eta1_C3",0.5,0.316600101563461,0.183399898436539
20260819,7,"mirage_joint","eta2_C1",0.03,0.00945072076324751,0.0205492792367525
20260819,7,"mirage_joint","eta2_C2",0.15,0.150163856153273,0.000163856153272912
20260819,7,"mirage_joint","eta2_C3",0.4,0.352559105271163,0.0474408947288375
20260819,7,"separate_mirage","pi00",0.94,0.931,0.00900000000000001
20260819,7,"separate_mirage","pi10",0.04,0.049,0.009
20260819,7,"separate_mirage","pi01",0.01,0.019,0.009
20260819,7,"separate_mirage","pi11",0.01,0.001,0.009
20260819,7,"separate_mirage","eta1_C1",0.05,0.00942509589487506,0.0405749041051249
20260819,7,"separate_mirage","eta1_C2",0.2,0.219061813106235,0.0190618131062355
20260819,7,"separate_mirage","eta1_C3",0.5,0.646418439592118,0.146418439592118
20260819,7,"separate_mirage","eta2_C1",0.03,0.00688051024150368,0.0231194897584963
20260819,7,"separate_mirage","eta2_C2",0.15,0.251477367826636,0.101477367826636
20260819,7,"separate_mirage","eta2_C3",0.4,0.468262359981863,0.0682623599818628
20260819,7,"mtada_aggregated","pi00",0.94,0.93229801,0.00770199000000005
20260819,7,"mtada_aggregated","pi10",0.04,0.04770199,0.00770199
20260819,7,"mtada_aggregated","pi01",0.01,0.01770199,0.00770199
20260819,7,"mtada_aggregated","pi11",0.01,0.00229801,0.00770199
20260820,8,"mirage_joint","pi00",0.94,0.796812702556051,0.143187297443949
20260820,8,"mirage_joint","pi10",0.04,0.0401136623146616,0.000113662314661554
20260820,8,"mirage_joint","pi01",0.01,0.00660034444503673,0.00339965555496327
20260820,8,"mirage_joint","pi11",0.01,0.156473290684251,0.146473290684251
20260820,8,"mirage_joint","eta1_C1",0.05,0.0403583383937929,0.00964166160620707
20260820,8,"mirage_joint","eta1_C2",0.2,0.198888650078486,0.00111134992151438
20260820,8,"mirage_joint","eta1_C3",0.5,0.217242367271161,0.282757632728839
20260820,8,"mirage_joint","eta2_C1",0.03,0.00615858983636823,0.0238414101636318
20260820,8,"mirage_joint","eta2_C2",0.15,0.312876016312819,0.162876016312819
20260820,8,"mirage_joint","eta2_C3",0.4,0.185862952732736,0.214137047267264
20260820,8,"separate_mirage","pi00",0.94,0.931,0.00900000000000001
20260820,8,"separate_mirage","pi10",0.04,0.049,0.009
20260820,8,"separate_mirage","pi01",0.01,0.019,0.009
20260820,8,"separate_mirage","pi11",0.01,0.001,0.009
20260820,8,"separate_mirage","eta1_C1",0.05,0.0942646289043581,0.0442646289043581
20260820,8,"separate_mirage","eta1_C2",0.2,0.217566256474463,0.0175662564744634
20260820,8,"separate_mirage","eta1_C3",0.5,0.620306244387333,0.120306244387333
20260820,8,"separate_mirage","eta2_C1",0.03,0.00452732027216385,0.0254726797278362
20260820,8,"separate_mirage","eta2_C2",0.15,0.365251026231189,0.215251026231189
20260820,8,"separate_mirage","eta2_C3",0.4,0.596164288449851,0.196164288449851
20260820,8,"mtada_aggregated","pi00",0.94,0.93137652,0.00862348000000002
20260820,8,"mtada_aggregated","pi10",0.04,0.04862348,0.00862348
20260820,8,"mtada_aggregated","pi01",0.01,0.01862348,0.00862348
20260820,8,"mtada_aggregated","pi11",0.01,0.00137652,0.00862348
20260821,9,"mirage_joint","pi00",0.94,0.847747756101107,0.0922522438988933
20260821,9,"mirage_joint","pi10",0.04,0.0499281094878747,0.00992810948787471
20260821,9,"mirage_joint","pi01",0.01,0.089997104056091,0.079997104056091
20260821,9,"mirage_joint","pi11",0.01,0.0123270303549277,0.0023270303549277
20260821,9,"mirage_joint","eta1_C1",0.05,0.0146768516953103,0.0353231483046897
20260821,9,"mirage_joint","eta1_C2",0.2,0.0891779038831658,0.110822096116834
20260821,9,"mirage_joint","eta1_C3",0.5,0.307594228540683,0.192405771459317
20260821,9,"mirage_joint","eta2_C1",0.03,0.21886745865286,0.18886745865286
20260821,9,"mirage_joint","eta2_C2",0.15,0.423665592317871,0.273665592317871
20260821,9,"mirage_joint","eta2_C3",0.4,0.0481431281841022,0.351856871815898
20260821,9,"separate_mirage","pi00",0.94,0.931,0.00900000000000001
20260821,9,"separate_mirage","pi10",0.04,0.049,0.009
20260821,9,"separate_mirage","pi01",0.01,0.019,0.009
20260821,9,"separate_mirage","pi11",0.01,0.001,0.009
20260821,9,"separate_mirage","eta1_C1",0.05,0.0112924242559546,0.0387075757440454
20260821,9,"separate_mirage","eta1_C2",0.2,0.109641680774771,0.0903583192252292
20260821,9,"separate_mirage","eta1_C3",0.5,0.371162555763343,0.128837444236657
20260821,9,"separate_mirage","eta2_C1",0.03,0.331146728617546,0.301146728617546
20260821,9,"separate_mirage","eta2_C2",0.15,0.896284702581995,0.746284702581995
20260821,9,"separate_mirage","eta2_C3",0.4,0.854859208515258,0.454859208515258
20260821,9,"mtada_aggregated","pi00",0.94,0.93201361,0.00798639000000001
20260821,9,"mtada_aggregated","pi10",0.04,0.04798639,0.00798639
20260821,9,"mtada_aggregated","pi01",0.01,0.01798639,0.00798639
20260821,9,"mtada_aggregated","pi11",0.01,0.00201361,0.00798639
20260822,10,"mirage_joint","pi00",0.94,0.911998782107051,0.0280012178929493
20260822,10,"mirage_joint","pi10",0.04,0.0751951685775909,0.0351951685775909
20260822,10,"mirage_joint","pi01",0.01,5.64314101250081e-07,0.00999943568589875
20260822,10,"mirage_joint","pi11",0.01,0.012805485001257,0.00280548500125705
20260822,10,"mirage_joint","eta1_C1",0.05,0.130379793556984,0.0803797935569844
20260822,10,"mirage_joint","eta1_C2",0.2,0.443855077213854,0.243855077213854
20260822,10,"mirage_joint","eta1_C3",0.5,0.596221032254082,0.0962210322540824
20260822,10,"mirage_joint","eta2_C1",0.03,0.00804813006427247,0.0219518699357275
20260822,10,"mirage_joint","eta2_C2",0.15,0.896702210321072,0.746702210321072
20260822,10,"mirage_joint","eta2_C3",0.4,0.938421480136149,0.538421480136149
20260822,10,"separate_mirage","pi00",0.94,0.931,0.00900000000000001
20260822,10,"separate_mirage","pi10",0.04,0.049,0.009
20260822,10,"separate_mirage","pi01",0.01,0.019,0.009
20260822,10,"separate_mirage","pi11",0.01,0.001,0.009
20260822,10,"separate_mirage","eta1_C1",0.05,0.159450994167816,0.109450994167816
20260822,10,"separate_mirage","eta1_C2",0.2,0.49098660380174,0.29098660380174
20260822,10,"separate_mirage","eta1_C3",0.5,0.874168293239696,0.374168293239696
20260822,10,"separate_mirage","eta2_C1",0.03,0.00554450895909855,0.0244554910409014
20260822,10,"separate_mirage","eta2_C2",0.15,0.894729464586003,0.744729464586003
20260822,10,"separate_mirage","eta2_C3",0.4,0.441574768613702,0.0415747686137022
20260822,10,"mtada_aggregated","pi00",0.94,0.93177426,0.00822573999999998
20260822,10,"mtada_aggregated","pi10",0.04,0.04822574,0.00822574
20260822,10,"mtada_aggregated","pi01",0.01,0.01822574,0.00822574
20260822,10,"mtada_aggregated","pi11",0.01,0.00177426,0.00822574
20260823,11,"mirage_joint","pi00",0.94,0.897887181158407,0.0421128188415928
20260823,11,"mirage_joint","pi10",0.04,0.0914442734336818,0.0514442734336818
20260823,11,"mirage_joint","pi01",0.01,0.000933498674929172,0.00906650132507083
20260823,11,"mirage_joint","pi11",0.01,0.00973504673298183,0.000264953267018175
20260823,11,"mirage_joint","eta1_C1",0.05,0.0488313080381352,0.00116869196186478
20260823,11,"mirage_joint","eta1_C2",0.2,0.366529431761707,0.166529431761707
20260823,11,"mirage_joint","eta1_C3",0.5,0.808201086542488,0.308201086542488
20260823,11,"mirage_joint","eta2_C1",0.03,0.00415653777669166,0.0258434622233083
20260823,11,"mirage_joint","eta2_C2",0.15,0.185491415775412,0.035491415775412
20260823,11,"mirage_joint","eta2_C3",0.4,0.00630902652386478,0.393690973476135
20260823,11,"separate_mirage","pi00",0.94,0.931,0.00900000000000001
20260823,11,"separate_mirage","pi10",0.04,0.049,0.009
20260823,11,"separate_mirage","pi01",0.01,0.019,0.009
20260823,11,"separate_mirage","pi11",0.01,0.001,0.009
20260823,11,"separate_mirage","eta1_C1",0.05,0.0679852851645237,0.0179852851645237
20260823,11,"separate_mirage","eta1_C2",0.2,0.561283717588784,0.361283717588784
20260823,11,"separate_mirage","eta1_C3",0.5,0.97898192512694,0.47898192512694
20260823,11,"separate_mirage","eta2_C1",0.03,0.0205268967275413,0.00947310327245874
20260823,11,"separate_mirage","eta2_C2",0.15,0.0171146866458313,0.132885313354169
20260823,11,"separate_mirage","eta2_C3",0.4,0.00375328580626484,0.396246714193735
20260823,11,"mtada_aggregated","pi00",0.94,0.93212376,0.00787623999999998
20260823,11,"mtada_aggregated","pi10",0.04,0.04787624,0.00787624
20260823,11,"mtada_aggregated","pi01",0.01,0.01787624,0.00787624
20260823,11,"mtada_aggregated","pi11",0.01,0.00212376,0.00787624
20260824,12,"mirage_joint","pi00",0.94,0.796438899010543,0.143561100989457
20260824,12,"mirage_joint","pi10",0.04,0.125584159002677,0.0855841590026766
20260824,12,"mirage_joint","pi01",0.01,0.017294769942763,0.00729476994276298
20260824,12,"mirage_joint","pi11",0.01,0.0606821720440172,0.0506821720440172
20260824,12,"mirage_joint","eta1_C1",0.05,0.0891058919151916,0.0391058919151916
20260824,12,"mirage_joint","eta1_C2",0.2,0.24710500951627,0.0471050095162702
20260824,12,"mirage_joint","eta1_C3",0.5,0.0764481358883652,0.423551864111635
20260824,12,"mirage_joint","eta2_C1",0.03,0.00481105038577645,0.0251889496142235
20260824,12,"mirage_joint","eta2_C2",0.15,0.0381389931780986,0.111861006821901
20260824,12,"mirage_joint","eta2_C3",0.4,0.360326509831737,0.0396734901682631
20260824,12,"separate_mirage","pi00",0.94,0.931,0.00900000000000001
20260824,12,"separate_mirage","pi10",0.04,0.049,0.009
20260824,12,"separate_mirage","pi01",0.01,0.019,0.009
20260824,12,"separate_mirage","pi11",0.01,0.001,0.009
20260824,12,"separate_mirage","eta1_C1",0.05,0.179212919058341,0.129212919058341
20260824,12,"separate_mirage","eta1_C2",0.2,0.458060194993476,0.258060194993476
20260824,12,"separate_mirage","eta1_C3",0.5,0.16958730393002,0.33041269606998
20260824,12,"separate_mirage","eta2_C1",0.03,0.029418799092783,0.000581200907217017
20260824,12,"separate_mirage","eta2_C2",0.15,0.0354434651116879,0.114556534888312
20260824,12,"separate_mirage","eta2_C3",0.4,0.822724118137161,0.422724118137161
20260824,12,"mtada_aggregated","pi00",0.94,0.930919928,0.00908007200000005
20260824,12,"mtada_aggregated","pi10",0.04,0.049080072,0.009080072
20260824,12,"mtada_aggregated","pi01",0.01,0.019080072,0.009080072
20260824,12,"mtada_aggregated","pi11",0.01,0.000919928,0.009080072
20260825,13,"mirage_joint","pi00",0.94,0.899919363221465,0.0400806367785351
20260825,13,"mirage_joint","pi10",0.04,0.0550119547686186,0.0150119547686186
20260825,13,"mirage_joint","pi01",0.01,0.0450682675692527,0.0350682675692527
20260825,13,"mirage_joint","pi11",0.01,4.14440664004799e-07,0.009999585559336
20260825,13,"mirage_joint","eta1_C1",0.05,0.00406566221508665,0.0459343377849133
20260825,13,"mirage_joint","eta1_C2",0.2,0.457161444094538,0.257161444094538
20260825,13,"mirage_joint","eta1_C3",0.5,0.938740089566576,0.438740089566576
20260825,13,"mirage_joint","eta2_C1",0.03,9.71817669121342e-05,0.0299028182330879
20260825,13,"mirage_joint","eta2_C2",0.15,0.290232349747768,0.140232349747768
20260825,13,"mirage_joint","eta2_C3",0.4,0.994807527882839,0.594807527882839
20260825,13,"separate_mirage","pi00",0.94,0.931,0.00900000000000001
20260825,13,"separate_mirage","pi10",0.04,0.049,0.009
20260825,13,"separate_mirage","pi01",0.01,0.019,0.009
20260825,13,"separate_mirage","pi11",0.01,0.001,0.009
20260825,13,"separate_mirage","eta1_C1",0.05,0.00223315155208616,0.0477668484479138
20260825,13,"separate_mirage","eta1_C2",0.2,0.479326846418312,0.279326846418312
20260825,13,"separate_mirage","eta1_C3",0.5,0.990816452178225,0.490816452178225
20260825,13,"separate_mirage","eta2_C1",0.03,2.00078134434908e-05,0.0299799921865565
20260825,13,"separate_mirage","eta2_C2",0.15,0.315537741831048,0.165537741831048
20260825,13,"separate_mirage","eta2_C3",0.4,0.999999948924436,0.599999948924436
20260825,13,"mtada_aggregated","pi00",0.94,0.93268183,0.00731817000000001
20260825,13,"mtada_aggregated","pi10",0.04,0.04731817,0.00731817
20260825,13,"mtada_aggregated","pi01",0.01,0.01731817,0.00731817
20260825,13,"mtada_aggregated","pi11",0.01,0.00268183,0.00731817
20260826,14,"mirage_joint","pi00",0.94,0.850857727952305,0.0891422720476953
20260826,14,"mirage_joint","pi10",0.04,0.0818818934840853,0.0418818934840853
20260826,14,"mirage_joint","pi01",0.01,0.0123439841135808,0.00234398411358077
20260826,14,"mirage_joint","pi11",0.01,0.0549163944500294,0.0449163944500294
20260826,14,"mirage_joint","eta1_C1",0.05,0.0220436242610978,0.0279563757389022
20260826,14,"mirage_joint","eta1_C2",0.2,0.0539780924659796,0.14602190753402
20260826,14,"mirage_joint","eta1_C3",0.5,0.426157571840851,0.0738424281591493
20260826,14,"mirage_joint","eta2_C1",0.03,0.000811824975833905,0.0291881750241661
20260826,14,"mirage_joint","eta2_C2",0.15,0.0143813285769515,0.135618671423048
20260826,14,"mirage_joint","eta2_C3",0.4,0.91777520666683,0.51777520666683
20260826,14,"separate_mirage","pi00",0.94,0.931,0.00900000000000001
20260826,14,"separate_mirage","pi10",0.04,0.049,0.009
20260826,14,"separate_mirage","pi01",0.01,0.019,0.009
20260826,14,"separate_mirage","pi11",0.01,0.001,0.009
20260826,14,"separate_mirage","eta1_C1",0.05,0.0470975165007109,0.00290248349928913
20260826,14,"separate_mirage","eta1_C2",0.2,0.0993911768994247,0.100608823100575
20260826,14,"separate_mirage","eta1_C3",0.5,0.740192456186522,0.240192456186522
20260826,14,"separate_mirage","eta2_C1",0.03,0.000105921912711609,0.0298940780872884
20260826,14,"separate_mirage","eta2_C2",0.15,0.0324957649855992,0.117504235014401
20260826,14,"separate_mirage","eta2_C3",0.4,0.999999893734627,0.599999893734627
20260826,14,"mtada_aggregated","pi00",0.94,0.930163841,0.00983615900000001
20260826,14,"mtada_aggregated","pi10",0.04,0.049836159,0.009836159
20260826,14,"mtada_aggregated","pi01",0.01,0.019836159,0.009836159
20260826,14,"mtada_aggregated","pi11",0.01,0.000163841,0.009836159
20260827,15,"mirage_joint","pi00",0.94,0.848329253096229,0.0916707469037712
20260827,15,"mirage_joint","pi10",0.04,0.113868303938807,0.0738683039388066
20260827,15,"mirage_joint","pi01",0.01,0.000531851455962477,0.00946814854403752
20260827,15,"mirage_joint","pi11",0.01,0.0372705915090023,0.0272705915090023
20260827,15,"mirage_joint","eta1_C1",0.05,0.0352125351671932,0.0147874648328068
20260827,15,"mirage_joint","eta1_C2",0.2,0.33590971282042,0.13590971282042
20260827,15,"mirage_joint","eta1_C3",0.5,0.417321564675141,0.0826784353248589
20260827,15,"mirage_joint","eta2_C1",0.03,0.0039053137590021,0.0260946862409979
20260827,15,"mirage_joint","eta2_C2",0.15,0.0895549005075222,0.0604450994924778
20260827,15,"mirage_joint","eta2_C3",0.4,0.396297579509558,0.00370242049044245
20260827,15,"separate_mirage","pi00",0.94,0.931,0.00900000000000001
20260827,15,"separate_mirage","pi10",0.04,0.049,0.009
20260827,15,"separate_mirage","pi01",0.01,0.019,0.009
20260827,15,"separate_mirage","pi11",0.01,0.001,0.009
20260827,15,"separate_mirage","eta1_C1",0.05,0.0460579074983639,0.00394209250163611
20260827,15,"separate_mirage","eta1_C2",0.2,0.462177836737528,0.262177836737528
20260827,15,"separate_mirage","eta1_C3",0.5,0.682817140022601,0.182817140022601
20260827,15,"separate_mirage","eta2_C1",0.03,0.00050864125774188,0.0294913587422581
20260827,15,"separate_mirage","eta2_C2",0.15,0.109604829953983,0.0403951700460174
20260827,15,"separate_mirage","eta2_C3",0.4,0.874546768244147,0.474546768244147
20260827,15,"mtada_aggregated","pi00",0.94,0.93216248,0.00783752000000004
20260827,15,"mtada_aggregated","pi10",0.04,0.04783752,0.00783752
20260827,15,"mtada_aggregated","pi01",0.01,0.01783752,0.00783752
20260827,15,"mtada_aggregated","pi11",0.01,0.00216248,0.00783752
20260828,16,"mirage_joint","pi00",0.94,0.804331914822513,0.135668085177487
20260828,16,"mirage_joint","pi10",0.04,0.134425444989268,0.0944254449892678
20260828,16,"mirage_joint","pi01",0.01,0.002916166952406,0.007083833047594
20260828,16,"mirage_joint","pi11",0.01,0.058326473235813,0.048326473235813
20260828,16,"mirage_joint","eta1_C1",0.05,0.134435124363555,0.0844351243635552
20260828,16,"mirage_joint","eta1_C2",0.2,0.258842509682852,0.058842509682852
20260828,16,"mirage_joint","eta1_C3",0.5,0.303035173581057,0.196964826418943
20260828,16,"mirage_joint","eta2_C1",0.03,0.00493107232472324,0.0250689276752768
20260828,16,"mirage_joint","eta2_C2",0.15,0.148637176502382,0.00136282349761849
20260828,16,"mirage_joint","eta2_C3",0.4,0.592831893433731,0.192831893433731
20260828,16,"separate_mirage","pi00",0.94,0.931,0.00900000000000001
20260828,16,"separate_mirage","pi10",0.04,0.049,0.009
20260828,16,"separate_mirage","pi01",0.01,0.019,0.009
20260828,16,"separate_mirage","pi11",0.01,0.001,0.009
20260828,16,"separate_mirage","eta1_C1",0.05,0.141150693381924,0.0911506933819235
20260828,16,"separate_mirage","eta1_C2",0.2,0.543541667128489,0.343541667128488
20260828,16,"separate_mirage","eta1_C3",0.5,0.754044385770697,0.254044385770697
20260828,16,"separate_mirage","eta2_C1",0.03,0.000602595495420231,0.0293974045045798
20260828,16,"separate_mirage","eta2_C2",0.15,0.432265341767731,0.282265341767731
20260828,16,"separate_mirage","eta2_C3",0.4,0.896626996273301,0.496626996273301
20260828,16,"mtada_aggregated","pi00",0.94,0.93246574,0.00753426000000001
20260828,16,"mtada_aggregated","pi10",0.04,0.04753426,0.00753426
20260828,16,"mtada_aggregated","pi01",0.01,0.01753426,0.00753426
20260828,16,"mtada_aggregated","pi11",0.01,0.00246574,0.00753426
20260829,17,"mirage_joint","pi00",0.94,0.785113518177278,0.154886481822722
20260829,17,"mirage_joint","pi10",0.04,0.176769665581249,0.136769665581249
20260829,17,"mirage_joint","pi01",0.01,0.030278100473249,0.020278100473249
20260829,17,"mirage_joint","pi11",0.01,0.00783871576822474,0.00216128423177526
20260829,17,"mirage_joint","eta1_C1",0.05,0.104334982953777,0.054334982953777
20260829,17,"mirage_joint","eta1_C2",0.2,0.166511493965496,0.0334885060345039
20260829,17,"mirage_joint","eta1_C3",0.5,0.404170663433427,0.0958293365665727
20260829,17,"mirage_joint","eta2_C1",0.03,0.0484723271667634,0.0184723271667634
20260829,17,"mirage_joint","eta2_C2",0.15,0.134009936777295,0.0159900632227049
20260829,17,"mirage_joint","eta2_C3",0.4,0.953650622164022,0.553650622164021
20260829,17,"separate_mirage","pi00",0.94,0.931,0.00900000000000001
20260829,17,"separate_mirage","pi10",0.04,0.049,0.009
20260829,17,"separate_mirage","pi01",0.01,0.019,0.009
20260829,17,"separate_mirage","pi11",0.01,0.001,0.009
20260829,17,"separate_mirage","eta1_C1",0.05,0.192326734837732,0.142326734837732
20260829,17,"separate_mirage","eta1_C2",0.2,0.325882834154075,0.125882834154075
20260829,17,"separate_mirage","eta1_C3",0.5,0.706570244837816,0.206570244837816
20260829,17,"separate_mirage","eta2_C1",0.03,0.0205805646968201,0.0094194353031799
20260829,17,"separate_mirage","eta2_C2",0.15,0.20142402604395,0.0514240260439497
20260829,17,"separate_mirage","eta2_C3",0.4,0.9999243741842,0.5999243741842
20260829,17,"mtada_aggregated","pi00",0.94,0.93171485,0.00828514999999996
20260829,17,"mtada_aggregated","pi10",0.04,0.04828515,0.00828515
20260829,17,"mtada_aggregated","pi01",0.01,0.01828515,0.00828515
20260829,17,"mtada_aggregated","pi11",0.01,0.00171485,0.00828515
20260830,18,"mirage_joint","pi00",0.94,0.945082004450007,0.00508200445000739
20260830,18,"mirage_joint","pi10",0.04,0.0327645278141669,0.00723547218583309
20260830,18,"mirage_joint","pi01",0.01,0.00846247829266538,0.00153752170733462
20260830,18,"mirage_joint","pi11",0.01,0.0136909894431604,0.00369098944316043
20260830,18,"mirage_joint","eta1_C1",0.05,0.0843121346239091,0.0343121346239091
20260830,18,"mirage_joint","eta1_C2",0.2,0.0874589737739305,0.112541026226069
20260830,18,"mirage_joint","eta1_C3",0.5,0.970203272149129,0.470203272149129
20260830,18,"mirage_joint","eta2_C1",0.03,0.00246221051501081,0.0275377894849892
20260830,18,"mirage_joint","eta2_C2",0.15,0.389283052473643,0.239283052473643
20260830,18,"mirage_joint","eta2_C3",0.4,0.993862153536134,0.593862153536134
20260830,18,"separate_mirage","pi00",0.94,0.931,0.00900000000000001
20260830,18,"separate_mirage","pi10",0.04,0.049,0.009
20260830,18,"separate_mirage","pi01",0.01,0.019,0.009
20260830,18,"separate_mirage","pi11",0.01,0.001,0.009
20260830,18,"separate_mirage","eta1_C1",0.05,0.00475513451088222,0.0452448654891178
20260830,18,"separate_mirage","eta1_C2",0.2,0.0381241214962975,0.161875878503702
20260830,18,"separate_mirage","eta1_C3",0.5,0.993890693979845,0.493890693979845
20260830,18,"separate_mirage","eta2_C1",0.03,0.00155884347294209,0.0284411565270579
20260830,18,"separate_mirage","eta2_C2",0.15,0.309832674412124,0.159832674412124
20260830,18,"separate_mirage","eta2_C3",0.4,0.99996715900231,0.59996715900231
20260830,18,"mtada_aggregated","pi00",0.94,0.93347466,0.00652534000000005
20260830,18,"mtada_aggregated","pi10",0.04,0.04652534,0.00652534
20260830,18,"mtada_aggregated","pi01",0.01,0.01652534,0.00652534
20260830,18,"mtada_aggregated","pi11",0.01,0.00347466,0.00652534
20260831,19,"mirage_joint","pi00",0.94,0.80581295046138,0.134187049538619
20260831,19,"mirage_joint","pi10",0.04,0.104051688176469,0.0640516881764693
20260831,19,"mirage_joint","pi01",0.01,0.0338209761147413,0.0238209761147413
20260831,19,"mirage_joint","pi11",0.01,0.056314385247409,0.046314385247409
20260831,19,"mirage_joint","eta1_C1",0.05,0.0534558964351998,0.0034558964351998
20260831,19,"mirage_joint","eta1_C2",0.2,0.117274343257561,0.0827256567424389
20260831,19,"mirage_joint","eta1_C3",0.5,0.142696669891902,0.357303330108098
20260831,19,"mirage_joint","eta2_C1",0.03,0.0061133863310708,0.0238866136689292
20260831,19,"mirage_joint","eta2_C2",0.15,0.00831205674663388,0.141687943253366
20260831,19,"mirage_joint","eta2_C3",0.4,0.396759085746128,0.00324091425387213
20260831,19,"separate_mirage","pi00",0.94,0.931,0.00900000000000001
20260831,19,"separate_mirage","pi10",0.04,0.049,0.009
20260831,19,"separate_mirage","pi01",0.01,0.019,0.009
20260831,19,"separate_mirage","pi11",0.01,0.001,0.009
20260831,19,"separate_mirage","eta1_C1",0.05,0.124124237738285,0.0741242377382846
20260831,19,"separate_mirage","eta1_C2",0.2,0.271864730636923,0.0718647306369233
20260831,19,"separate_mirage","eta1_C3",0.5,0.23592448374765,0.26407551625235
20260831,19,"separate_mirage","eta2_C1",0.03,0.0164907059520931,0.0135092940479069
20260831,19,"separate_mirage","eta2_C2",0.15,0.000428421483578939,0.149571578516421
20260831,19,"separate_mirage","eta2_C3",0.4,0.984366407127576,0.584366407127575
20260831,19,"mtada_aggregated","pi00",0.94,0.93154648,0.00845351999999999
20260831,19,"mtada_aggregated","pi10",0.04,0.04845352,0.00845352
20260831,19,"mtada_aggregated","pi01",0.01,0.01845352,0.00845352
20260831,19,"mtada_aggregated","pi11",0.01,0.00154648,0.00845352
20260832,20,"mirage_joint","pi00",0.94,0.888324788147494,0.0516752118525063
20260832,20,"mirage_joint","pi10",0.04,0.0973396238276799,0.0573396238276799
20260832,20,"mirage_joint","pi01",0.01,4.89573655541823e-06,0.00999510426344458
20260832,20,"mirage_joint","pi11",0.01,0.0143306922882713,0.00433069228827125
20260832,20,"mirage_joint","eta1_C1",0.05,0.124932102092312,0.0749321020923124
20260832,20,"mirage_joint","eta1_C2",0.2,0.503538961322574,0.303538961322574
20260832,20,"mirage_joint","eta1_C3",0.5,0.636701344643383,0.136701344643383
20260832,20,"mirage_joint","eta2_C1",0.03,0.0883885514242877,0.0583885514242877
20260832,20,"mirage_joint","eta2_C2",0.15,0.00864874026414744,0.141351259735853
20260832,20,"mirage_joint","eta2_C3",0.4,0.795032591941108,0.395032591941108
20260832,20,"separate_mirage","pi00",0.94,0.931,0.00900000000000001
20260832,20,"separate_mirage","pi10",0.04,0.049,0.009
20260832,20,"separate_mirage","pi01",0.01,0.019,0.009
20260832,20,"separate_mirage","pi11",0.01,0.001,0.009
20260832,20,"separate_mirage","eta1_C1",0.05,0.161870871796701,0.111870871796701
20260832,20,"separate_mirage","eta1_C2",0.2,0.638385902090273,0.438385902090273
20260832,20,"separate_mirage","eta1_C3",0.5,0.998465535078561,0.498465535078561
20260832,20,"separate_mirage","eta2_C1",0.03,0.0279872234572342,0.0020127765427658
20260832,20,"separate_mirage","eta2_C2",0.15,0.040774910480448,0.109225089519552
20260832,20,"separate_mirage","eta2_C3",0.4,0.000383911620126046,0.399616088379874
20260832,20,"mtada_aggregated","pi00",0.94,0.93270828,0.00729172
20260832,20,"mtada_aggregated","pi10",0.04,0.04729172,0.00729172
20260832,20,"mtada_aggregated","pi01",0.01,0.01729172,0.00729172
20260832,20,"mtada_aggregated","pi11",0.01,0.00270828,0.00729172
20260833,21,"mirage_joint","pi00",0.94,0.845579843036241,0.0944201569637589
20260833,21,"mirage_joint","pi10",0.04,0.071403450290431,0.031403450290431
20260833,21,"mirage_joint","pi01",0.01,0.0388730302978111,0.0288730302978111
20260833,21,"mirage_joint","pi11",0.01,0.0441436763755169,0.0341436763755169
20260833,21,"mirage_joint","eta1_C1",0.05,0.0617169247876593,0.0117169247876593
20260833,21,"mirage_joint","eta1_C2",0.2,0.148477030349027,0.051522969650973
20260833,21,"mirage_joint","eta1_C3",0.5,0.781691382086675,0.281691382086675
20260833,21,"mirage_joint","eta2_C1",0.03,0.164803373052995,0.134803373052995
20260833,21,"mirage_joint","eta2_C2",0.15,0.224078602835756,0.0740786028357562
20260833,21,"mirage_joint","eta2_C3",0.4,0.665910274583968,0.265910274583968
20260833,21,"separate_mirage","pi00",0.94,0.931,0.00900000000000001
20260833,21,"separate_mirage","pi10",0.04,0.049,0.009
20260833,21,"separate_mirage","pi01",0.01,0.019,0.009
20260833,21,"separate_mirage","pi11",0.01,0.001,0.009
20260833,21,"separate_mirage","eta1_C1",0.05,0.104175117573785,0.0541751175737852
20260833,21,"separate_mirage","eta1_C2",0.2,0.173079948767949,0.0269200512320514
20260833,21,"separate_mirage","eta1_C3",0.5,0.999282082280423,0.499282082280423
20260833,21,"separate_mirage","eta2_C1",0.03,0.221084973431002,0.191084973431002
20260833,21,"separate_mirage","eta2_C2",0.15,0.529021665329376,0.379021665329376
20260833,21,"separate_mirage","eta2_C3",0.4,0.958735346308759,0.558735346308759
20260833,21,"mtada_aggregated","pi00",0.94,0.93193096,0.00806903999999997
20260833,21,"mtada_aggregated","pi10",0.04,0.04806904,0.00806904
20260833,21,"mtada_aggregated","pi01",0.01,0.01806904,0.00806904
20260833,21,"mtada_aggregated","pi11",0.01,0.00193096,0.00806904
20260834,22,"mirage_joint","pi00",0.94,0.899260567798159,0.0407394322018413
20260834,22,"mirage_joint","pi10",0.04,0.0662681297732067,0.0262681297732067
20260834,22,"mirage_joint","pi01",0.01,0.00604171049309028,0.00395828950690972
20260834,22,"mirage_joint","pi11",0.01,0.0284295919355443,0.0184295919355443
20260834,22,"mirage_joint","eta1_C1",0.05,0.0143295082543158,0.0356704917456842
20260834,22,"mirage_joint","eta1_C2",0.2,0.239912949268787,0.0399129492687875
20260834,22,"mirage_joint","eta1_C3",0.5,0.938491826925948,0.438491826925948
20260834,22,"mirage_joint","eta2_C1",0.03,0.0346826814326538,0.00468268143265384
20260834,22,"mirage_joint","eta2_C2",0.15,0.245704593443407,0.0957045934434072
20260834,22,"mirage_joint","eta2_C3",0.4,0.00218671383042562,0.397813286169574
20260834,22,"separate_mirage","pi00",0.94,0.931,0.00900000000000001
20260834,22,"separate_mirage","pi10",0.04,0.049,0.009
20260834,22,"separate_mirage","pi01",0.01,0.019,0.009
20260834,22,"separate_mirage","pi11",0.01,0.001,0.009
20260834,22,"separate_mirage","eta1_C1",0.05,0.0069902197575085,0.0430097802424915
20260834,22,"separate_mirage","eta1_C2",0.2,0.359856970278371,0.159856970278371
20260834,22,"separate_mirage","eta1_C3",0.5,0.999906381996843,0.499906381996843
20260834,22,"separate_mirage","eta2_C1",0.03,0.0294946410053212,0.000505358994678837
20260834,22,"separate_mirage","eta2_C2",0.15,0.186016399933465,0.0360163999334652
20260834,22,"separate_mirage","eta2_C3",0.4,0.00406695874701901,0.395933041252981
20260834,22,"mtada_aggregated","pi00",0.94,0.93155097,0.00844902999999997
20260834,22,"mtada_aggregated","pi10",0.04,0.04844903,0.00844903
20260834,22,"mtada_aggregated","pi01",0.01,0.01844903,0.00844903
20260834,22,"mtada_aggregated","pi11",0.01,0.00155097,0.00844903
20260835,23,"mirage_joint","pi00",0.94,0.86821986973726,0.0717801302627402
20260835,23,"mirage_joint","pi10",0.04,0.0985087857525468,0.0585087857525468
20260835,23,"mirage_joint","pi01",0.01,0.00105477646310973,0.00894522353689027
20260835,23,"mirage_joint","pi11",0.01,0.0322165680470839,0.0222165680470839
20260835,23,"mirage_joint","eta1_C1",0.05,0.173311088831768,0.123311088831768
20260835,23,"mirage_joint","eta1_C2",0.2,0.172442810983747,0.0275571890162528
20260835,23,"mirage_joint","eta1_C3",0.5,0.37064569167104,0.12935430832896
20260835,23,"mirage_joint","eta2_C1",0.03,0.0195996205854384,0.0104003794145616
20260835,23,"mirage_joint","eta2_C2",0.15,0.000806713639221848,0.149193286360778
20260835,23,"mirage_joint","eta2_C3",0.4,0.884547199246863,0.484547199246863
20260835,23,"separate_mirage","pi00",0.94,0.931,0.00900000000000001
20260835,23,"separate_mirage","pi10",0.04,0.049,0.009
20260835,23,"separate_mirage","pi01",0.01,0.019,0.009
20260835,23,"separate_mirage","pi11",0.01,0.001,0.009
20260835,23,"separate_mirage","eta1_C1",0.05,0.276056783920499,0.226056783920499
20260835,23,"separate_mirage","eta1_C2",0.2,0.234461466342405,0.0344614663424046
20260835,23,"separate_mirage","eta1_C3",0.5,0.758181093651673,0.258181093651673
20260835,23,"separate_mirage","eta2_C1",0.03,0.0150908401068699,0.0149091598931301
20260835,23,"separate_mirage","eta2_C2",0.15,0.00117262524293623,0.148827374757064
20260835,23,"separate_mirage","eta2_C3",0.4,0.857468389141477,0.457468389141477
20260835,23,"mtada_aggregated","pi00",0.94,0.93294719,0.00705281000000002
20260835,23,"mtada_aggregated","pi10",0.04,0.04705281,0.00705281
20260835,23,"mtada_aggregated","pi01",0.01,0.01705281,0.00705281
20260835,23,"mtada_aggregated","pi11",0.01,0.00294719,0.00705281
20260836,24,"mirage_joint","pi00",0.94,0.936643124267156,0.00335687573284438
20260836,24,"mirage_joint","pi10",0.04,0.0310126482757046,0.00898735172429536
20260836,24,"mirage_joint","pi01",0.01,0.0321285989053178,0.0221285989053178
20260836,24,"mirage_joint","pi11",0.01,0.00021562855182186,0.00978437144817814
20260836,24,"mirage_joint","eta1_C1",0.05,0.0108404432713901,0.0391595567286099
20260836,24,"mirage_joint","eta1_C2",0.2,0.0399458205873844,0.160054179412616
20260836,24,"mirage_joint","eta1_C3",0.5,0.90501700802055,0.40501700802055
20260836,24,"mirage_joint","eta2_C1",0.03,0.251926277471339,0.221926277471339
20260836,24,"mirage_joint","eta2_C2",0.15,0.0153661542832636,0.134633845716736
20260836,24,"mirage_joint","eta2_C3",0.4,0.985173692157859,0.585173692157859
20260836,24,"separate_mirage","pi00",0.94,0.931,0.00900000000000001
20260836,24,"separate_mirage","pi10",0.04,0.049,0.009
20260836,24,"separate_mirage","pi01",0.01,0.019,0.009
20260836,24,"separate_mirage","pi11",0.01,0.001,0.009
20260836,24,"separate_mirage","eta1_C1",0.05,0.0134643212242932,0.0365356787757068
20260836,24,"separate_mirage","eta1_C2",0.2,0.0303815403894059,0.169618459610594
20260836,24,"separate_mirage","eta1_C3",0.5,0.674120044657075,0.174120044657075
20260836,24,"separate_mirage","eta2_C1",0.03,0.271304845405373,0.241304845405373
20260836,24,"separate_mirage","eta2_C2",0.15,0.0348590856018407,0.115140914398159
20260836,24,"separate_mirage","eta2_C3",0.4,0.999974238677611,0.599974238677611
20260836,24,"mtada_aggregated","pi00",0.94,0.930531351,0.009468649
20260836,24,"mtada_aggregated","pi10",0.04,0.049468649,0.009468649
20260836,24,"mtada_aggregated","pi01",0.01,0.019468649,0.009468649
20260836,24,"mtada_aggregated","pi11",0.01,0.000531351,0.009468649
20260837,25,"mirage_joint","pi00",0.94,0.884336395818371,0.0556636041816293
20260837,25,"mirage_joint","pi10",0.04,0.037503676753948,0.002496323246052
20260837,25,"mirage_joint","pi01",0.01,0.0332168079205057,0.0232168079205057
20260837,25,"mirage_joint","pi11",0.01,0.0449431195071757,0.0349431195071757
20260837,25,"mirage_joint","eta1_C1",0.05,0.0973072208807954,0.0473072208807954
20260837,25,"mirage_joint","eta1_C2",0.2,0.24118155728878,0.0411815572887797
20260837,25,"mirage_joint","eta1_C3",0.5,0.30379234137538,0.19620765862462
20260837,25,"mirage_joint","eta2_C1",0.03,0.011264860663487,0.018735139336513
20260837,25,"mirage_joint","eta2_C2",0.15,0.735298830155558,0.585298830155558
20260837,25,"mirage_joint","eta2_C3",0.4,0.0696123965458525,0.330387603454148
20260837,25,"separate_mirage","pi00",0.94,0.931,0.00900000000000001
20260837,25,"separate_mirage","pi10",0.04,0.049,0.009
20260837,25,"separate_mirage","pi01",0.01,0.019,0.009
20260837,25,"separate_mirage","pi11",0.01,0.001,0.009
20260837,25,"separate_mirage","eta1_C1",0.05,0.0363365852204661,0.0136634147795339
20260837,25,"separate_mirage","eta1_C2",0.2,0.441213207585535,0.241213207585535
20260837,25,"separate_mirage","eta1_C3",0.5,0.427025349053035,0.072974650946965
20260837,25,"separate_mirage","eta2_C1",0.03,0.0609469050462718,0.0309469050462718
20260837,25,"separate_mirage","eta2_C2",0.15,0.995150518514867,0.845150518514867
20260837,25,"separate_mirage","eta2_C3",0.4,0.19617374465033,0.20382625534967
20260837,25,"mtada_aggregated","pi00",0.94,0.93184718,0.00815282000000006
20260837,25,"mtada_aggregated","pi10",0.04,0.04815282,0.00815282
20260837,25,"mtada_aggregated","pi01",0.01,0.01815282,0.00815282
20260837,25,"mtada_aggregated","pi11",0.01,0.00184718,0.00815282
20260838,26,"mirage_joint","pi00",0.94,0.924195513568103,0.0158044864318972
20260838,26,"mirage_joint","pi10",0.04,0.052765743497832,0.012765743497832
20260838,26,"mirage_joint","pi01",0.01,0.0141516959469344,0.00415169594693439
20260838,26,"mirage_joint","pi11",0.01,0.00888704698713089,0.00111295301286911
20260838,26,"mirage_joint","eta1_C1",0.05,0.00232695533556069,0.0476730446644393
20260838,26,"mirage_joint","eta1_C2",0.2,0.552947692133165,0.352947692133165
20260838,26,"mirage_joint","eta1_C3",0.5,0.682046266709697,0.182046266709697
20260838,26,"mirage_joint","eta2_C1",0.03,0.0107211696287336,0.0192788303712664
20260838,26,"mirage_joint","eta2_C2",0.15,0.866221685543305,0.716221685543305
20260838,26,"mirage_joint","eta2_C3",0.4,0.975957142338357,0.575957142338357
20260838,26,"separate_mirage","pi00",0.94,0.931,0.00900000000000001
20260838,26,"separate_mirage","pi10",0.04,0.049,0.009
20260838,26,"separate_mirage","pi01",0.01,0.019,0.009
20260838,26,"separate_mirage","pi11",0.01,0.001,0.009
20260838,26,"separate_mirage","eta1_C1",0.05,0.00112891376834952,0.0488710862316505
20260838,26,"separate_mirage","eta1_C2",0.2,0.704859742237969,0.504859742237969
20260838,26,"separate_mirage","eta1_C3",0.5,0.757108236442223,0.257108236442223
20260838,26,"separate_mirage","eta2_C1",0.03,0.0122175931825098,0.0177824068174902
20260838,26,"separate_mirage","eta2_C2",0.15,0.92857367494562,0.77857367494562
20260838,26,"separate_mirage","eta2_C3",0.4,0.999688508193321,0.599688508193321
20260838,26,"mtada_aggregated","pi00",0.94,0.93300224,0.00699775999999996
20260838,26,"mtada_aggregated","pi10",0.04,0.04699776,0.00699776
20260838,26,"mtada_aggregated","pi01",0.01,0.01699776,0.00699776
20260838,26,"mtada_aggregated","pi11",0.01,0.00300224,0.00699776
20260839,27,"mirage_joint","pi00",0.94,0.895565984176359,0.0444340158236408
20260839,27,"mirage_joint","pi10",0.04,0.0906729078299235,0.0506729078299235
20260839,27,"mirage_joint","pi01",0.01,0.00967144917659827,0.000328550823401731
20260839,27,"mirage_joint","pi11",0.01,0.00408965881711923,0.00591034118288077
20260839,27,"mirage_joint","eta1_C1",0.05,0.0888497717051098,0.0388497717051098
20260839,27,"mirage_joint","eta1_C2",0.2,0.362856863777223,0.162856863777223
20260839,27,"mirage_joint","eta1_C3",0.5,0.94266293636029,0.44266293636029
20260839,27,"mirage_joint","eta2_C1",0.03,0.0652249518598871,0.0352249518598871
20260839,27,"mirage_joint","eta2_C2",0.15,0.14853887662153,0.00146112337847035
20260839,27,"mirage_joint","eta2_C3",0.4,0.33512402551166,0.0648759744883402
20260839,27,"separate_mirage","pi00",0.94,0.931,0.00900000000000001
20260839,27,"separate_mirage","pi10",0.04,0.049,0.009
20260839,27,"separate_mirage","pi01",0.01,0.019,0.009
20260839,27,"separate_mirage","pi11",0.01,0.001,0.009
20260839,27,"separate_mirage","eta1_C1",0.05,0.0965190598493672,0.0465190598493672
20260839,27,"separate_mirage","eta1_C2",0.2,0.548417180608508,0.348417180608508
20260839,27,"separate_mirage","eta1_C3",0.5,0.999974725051034,0.499974725051034
20260839,27,"separate_mirage","eta2_C1",0.03,0.0406427495654983,0.0106427495654983
20260839,27,"separate_mirage","eta2_C2",0.15,0.451083405996775,0.301083405996775
20260839,27,"separate_mirage","eta2_C3",0.4,0.164413103812814,0.235586896187186
20260839,27,"mtada_aggregated","pi00",0.94,0.93123219,0.00876781000000004
20260839,27,"mtada_aggregated","pi10",0.04,0.04876781,0.00876781
20260839,27,"mtada_aggregated","pi01",0.01,0.01876781,0.00876781
20260839,27,"mtada_aggregated","pi11",0.01,0.00123219,0.00876781
20260840,28,"mirage_joint","pi00",0.94,0.916703827092861,0.023296172907139
20260840,28,"mirage_joint","pi10",0.04,0.062043974961178,0.022043974961178
20260840,28,"mirage_joint","pi01",0.01,0.0129057144672715,0.00290571446727155
20260840,28,"mirage_joint","pi11",0.01,0.00834648347868964,0.00165351652131036
20260840,28,"mirage_joint","eta1_C1",0.05,0.0953627790096499,0.0453627790096499
20260840,28,"mirage_joint","eta1_C2",0.2,0.127563057399752,0.0724369426002483
20260840,28,"mirage_joint","eta1_C3",0.5,0.194693032307221,0.305306967692779
20260840,28,"mirage_joint","eta2_C1",0.03,0.0892602306741419,0.0592602306741419
20260840,28,"mirage_joint","eta2_C2",0.15,0.392556239133267,0.242556239133267
20260840,28,"mirage_joint","eta2_C3",0.4,0.547014456809263,0.147014456809263
20260840,28,"separate_mirage","pi00",0.94,0.931,0.00900000000000001
20260840,28,"separate_mirage","pi10",0.04,0.049,0.009
20260840,28,"separate_mirage","pi01",0.01,0.019,0.009
20260840,28,"separate_mirage","pi11",0.01,0.001,0.009
20260840,28,"separate_mirage","eta1_C1",0.05,0.0985031215920874,0.0485031215920874
20260840,28,"separate_mirage","eta1_C2",0.2,0.103138080026538,0.0968619199734617
20260840,28,"separate_mirage","eta1_C3",0.5,0.277619357455324,0.222380642544676
20260840,28,"separate_mirage","eta2_C1",0.03,0.122178251553659,0.0921782515536592
20260840,28,"separate_mirage","eta2_C2",0.15,0.40999013319658,0.25999013319658
20260840,28,"separate_mirage","eta2_C3",0.4,0.571790429219173,0.171790429219173
20260840,28,"mtada_aggregated","pi00",0.94,0.93227237,0.00772762999999999
20260840,28,"mtada_aggregated","pi10",0.04,0.04772763,0.00772763
20260840,28,"mtada_aggregated","pi01",0.01,0.01772763,0.00772763
20260840,28,"mtada_aggregated","pi11",0.01,0.00227237,0.00772763
20260841,29,"mirage_joint","pi00",0.94,0.905851549470864,0.0341484505291355
20260841,29,"mirage_joint","pi10",0.04,0.0134812134128427,0.0265187865871573
20260841,29,"mirage_joint","pi01",0.01,0.00660580627879753,0.00339419372120247
20260841,29,"mirage_joint","pi11",0.01,0.0740614308374955,0.0640614308374955
20260841,29,"mirage_joint","eta1_C1",0.05,0.0926035436511291,0.0426035436511291
20260841,29,"mirage_joint","eta1_C2",0.2,0.0243577431670669,0.175642256832933
20260841,29,"mirage_joint","eta1_C3",0.5,0.688200847568417,0.188200847568417
20260841,29,"mirage_joint","eta2_C1",0.03,0.0917594252345007,0.0617594252345007
20260841,29,"mirage_joint","eta2_C2",0.15,0.094519497976301,0.055480502023699
20260841,29,"mirage_joint","eta2_C3",0.4,0.137907079194487,0.262092920805513
20260841,29,"separate_mirage","pi00",0.94,0.931,0.00900000000000001
20260841,29,"separate_mirage","pi10",0.04,0.049,0.009
20260841,29,"separate_mirage","pi01",0.01,0.019,0.009
20260841,29,"separate_mirage","pi11",0.01,0.001,0.009
20260841,29,"separate_mirage","eta1_C1",0.05,0.125765752403833,0.0757657524038329
20260841,29,"separate_mirage","eta1_C2",0.2,0.024464663535138,0.175535336464862
20260841,29,"separate_mirage","eta1_C3",0.5,0.896025560469219,0.396025560469219
20260841,29,"separate_mirage","eta2_C1",0.03,0.126218483915244,0.0962184839152443
20260841,29,"separate_mirage","eta2_C2",0.15,0.281588507663063,0.131588507663063
20260841,29,"separate_mirage","eta2_C3",0.4,0.114018856911708,0.285981143088292
20260841,29,"mtada_aggregated","pi00",0.94,0.93251711,0.00748289000000002
20260841,29,"mtada_aggregated","pi10",0.04,0.04748289,0.00748289
20260841,29,"mtada_aggregated","pi01",0.01,0.01748289,0.00748289
20260841,29,"mtada_aggregated","pi11",0.01,0.00251711,0.00748289
20260842,30,"mirage_joint","pi00",0.94,0.67850954354921,0.26149045645079
20260842,30,"mirage_joint","pi10",0.04,0.235382110748213,0.195382110748213
20260842,30,"mirage_joint","pi01",0.01,0.0482466802689078,0.0382466802689078
20260842,30,"mirage_joint","pi11",0.01,0.0378616654336683,0.0278616654336683
20260842,30,"mirage_joint","eta1_C1",0.05,0.105098650848494,0.0550986508484939
20260842,30,"mirage_joint","eta1_C2",0.2,0.0260651487117066,0.173934851288293
20260842,30,"mirage_joint","eta1_C3",0.5,0.226008292227208,0.273991707772792
20260842,30,"mirage_joint","eta2_C1",0.03,0.000539457870445895,0.0294605421295541
20260842,30,"mirage_joint","eta2_C2",0.15,0.116768211273834,0.0332317887261659
20260842,30,"mirage_joint","eta2_C3",0.4,0.369356372340899,0.0306436276591014
20260842,30,"separate_mirage","pi00",0.94,0.931,0.00900000000000001
20260842,30,"separate_mirage","pi10",0.04,0.049,0.009
20260842,30,"separate_mirage","pi01",0.01,0.019,0.009
20260842,30,"separate_mirage","pi11",0.01,0.001,0.009
20260842,30,"separate_mirage","eta1_C1",0.05,0.153585709317648,0.103585709317648
20260842,30,"separate_mirage","eta1_C2",0.2,0.0702540522692583,0.129745947730742
20260842,30,"separate_mirage","eta1_C3",0.5,0.734631919986766,0.234631919986766
20260842,30,"separate_mirage","eta2_C1",0.03,0.000887271984720534,0.0291127280152795
20260842,30,"separate_mirage","eta2_C2",0.15,0.402709118881625,0.252709118881625
20260842,30,"separate_mirage","eta2_C3",0.4,0.692880349730486,0.292880349730485
20260842,30,"mtada_aggregated","pi00",0.94,0.93168239,0.00831760999999998
20260842,30,"mtada_aggregated","pi10",0.04,0.04831761,0.00831761
20260842,30,"mtada_aggregated","pi01",0.01,0.01831761,0.00831761
20260842,30,"mtada_aggregated","pi11",0.01,0.00168239,0.00831761
20260843,31,"mirage_joint","pi00",0.94,0.799997612382585,0.140002387617414
20260843,31,"mirage_joint","pi10",0.04,0.0305065870666936,0.00949341293330639
20260843,31,"mirage_joint","pi01",0.01,0.0311321113486953,0.0211321113486953
20260843,31,"mirage_joint","pi11",0.01,0.138363689202026,0.128363689202026
20260843,31,"mirage_joint","eta1_C1",0.05,0.00167449669131572,0.0483255033086843
20260843,31,"mirage_joint","eta1_C2",0.2,0.223101833910082,0.0231018339100822
20260843,31,"mirage_joint","eta1_C3",0.5,0.398678150760537,0.101321849239463
20260843,31,"mirage_joint","eta2_C1",0.03,0.0775640895542753,0.0475640895542753
20260843,31,"mirage_joint","eta2_C2",0.15,0.0865307161236683,0.0634692838763317
20260843,31,"mirage_joint","eta2_C3",0.4,0.366394193848153,0.0336058061518472
20260843,31,"separate_mirage","pi00",0.94,0.931,0.00900000000000001
20260843,31,"separate_mirage","pi10",0.04,0.049,0.009
20260843,31,"separate_mirage","pi01",0.01,0.019,0.009
20260843,31,"separate_mirage","pi11",0.01,0.001,0.009
20260843,31,"separate_mirage","eta1_C1",0.05,0.000155387025179476,0.0498446129748205
20260843,31,"separate_mirage","eta1_C2",0.2,0.456320526109688,0.256320526109688
20260843,31,"separate_mirage","eta1_C3",0.5,0.711865968440137,0.211865968440137
20260843,31,"separate_mirage","eta2_C1",0.03,0.391105752649755,0.361105752649755
20260843,31,"separate_mirage","eta2_C2",0.15,0.0101399061207106,0.139860093879289
20260843,31,"separate_mirage","eta2_C3",0.4,0.590058216473532,0.190058216473532
20260843,31,"mtada_aggregated","pi00",0.94,0.93194072,0.00805928
20260843,31,"mtada_aggregated","pi10",0.04,0.04805928,0.00805928
20260843,31,"mtada_aggregated","pi01",0.01,0.01805928,0.00805928
20260843,31,"mtada_aggregated","pi11",0.01,0.00194072,0.00805928
20260844,32,"mirage_joint","pi00",0.94,0.918674534170874,0.0213254658291263
20260844,32,"mirage_joint","pi10",0.04,0.0189770067360829,0.0210229932639171
20260844,32,"mirage_joint","pi01",0.01,0.0289928092235157,0.0189928092235157
20260844,32,"mirage_joint","pi11",0.01,0.0333556498695278,0.0233556498695278
20260844,32,"mirage_joint","eta1_C1",0.05,0.208159997371493,0.158159997371493
20260844,32,"mirage_joint","eta1_C2",0.2,0.263566742844626,0.063566742844626
20260844,32,"mirage_joint","eta1_C3",0.5,0.986767790655507,0.486767790655507
20260844,32,"mirage_joint","eta2_C1",0.03,0.0904117949416525,0.0604117949416525
20260844,32,"mirage_joint","eta2_C2",0.15,0.0467869702882158,0.103213029711784
20260844,32,"mirage_joint","eta2_C3",0.4,0.716226897550349,0.316226897550348
20260844,32,"separate_mirage","pi00",0.94,0.931,0.00900000000000001
20260844,32,"separate_mirage","pi10",0.04,0.049,0.009
20260844,32,"separate_mirage","pi01",0.01,0.019,0.009
20260844,32,"separate_mirage","pi11",0.01,0.001,0.009
20260844,32,"separate_mirage","eta1_C1",0.05,0.178866861020175,0.128866861020175
20260844,32,"separate_mirage","eta1_C2",0.2,0.309954485204591,0.109954485204591
20260844,32,"separate_mirage","eta1_C3",0.5,0.99035981517983,0.49035981517983
20260844,32,"separate_mirage","eta2_C1",0.03,0.254214189094491,0.224214189094491
20260844,32,"separate_mirage","eta2_C2",0.15,0.0191198278390197,0.13088017216098
20260844,32,"separate_mirage","eta2_C3",0.4,0.773099164832551,0.373099164832551
20260844,32,"mtada_aggregated","pi00",0.94,0.930476291,0.00952370899999999
20260844,32,"mtada_aggregated","pi10",0.04,0.049523709,0.009523709
20260844,32,"mtada_aggregated","pi01",0.01,0.019523709,0.009523709
20260844,32,"mtada_aggregated","pi11",0.01,0.000476291,0.009523709
20260845,33,"mirage_joint","pi00",0.94,0.816675189282843,0.123324810717157
20260845,33,"mirage_joint","pi10",0.04,0.0508803468844949,0.0108803468844949
20260845,33,"mirage_joint","pi01",0.01,0.00785065870402303,0.00214934129597697
20260845,33,"mirage_joint","pi11",0.01,0.124593805128639,0.114593805128639
20260845,33,"mirage_joint","eta1_C1",0.05,0.0205115371246036,0.0294884628753964
20260845,33,"mirage_joint","eta1_C2",0.2,0.143529244801719,0.0564707551982814
20260845,33,"mirage_joint","eta1_C3",0.5,0.346128277305604,0.153871722694396
20260845,33,"mirage_joint","eta2_C1",0.03,0.0821540976945789,0.0521540976945789
20260845,33,"mirage_joint","eta2_C2",0.15,0.1834600088217,0.0334600088216998
20260845,33,"mirage_joint","eta2_C3",0.4,0.186728942396886,0.213271057603114
20260845,33,"separate_mirage","pi00",0.94,0.931,0.00900000000000001
20260845,33,"separate_mirage","pi10",0.04,0.049,0.009
20260845,33,"separate_mirage","pi01",0.01,0.019,0.009
20260845,33,"separate_mirage","pi11",0.01,0.001,0.009
20260845,33,"separate_mirage","eta1_C1",0.05,0.0180024063567944,0.0319975936432056
20260845,33,"separate_mirage","eta1_C2",0.2,0.238650033848474,0.0386500338484737
20260845,33,"separate_mirage","eta1_C3",0.5,0.599476332856778,0.0994763328567781
20260845,33,"separate_mirage","eta2_C1",0.03,0.172201229001589,0.142201229001589
20260845,33,"separate_mirage","eta2_C2",0.15,0.495404033366497,0.345404033366497
20260845,33,"separate_mirage","eta2_C3",0.4,0.360271600557725,0.0397283994422746
20260845,33,"mtada_aggregated","pi00",0.94,0.93236605,0.00763395
20260845,33,"mtada_aggregated","pi10",0.04,0.04763395,0.00763395
20260845,33,"mtada_aggregated","pi01",0.01,0.01763395,0.00763395
20260845,33,"mtada_aggregated","pi11",0.01,0.00236605,0.00763395
20260846,34,"mirage_joint","pi00",0.94,0.77372022822459,0.16627977177541
20260846,34,"mirage_joint","pi10",0.04,0.187784242773527,0.147784242773527
20260846,34,"mirage_joint","pi01",0.01,0.0381694504095696,0.0281694504095696
20260846,34,"mirage_joint","pi11",0.01,0.000326078592313143,0.00967392140768686
20260846,34,"mirage_joint","eta1_C1",0.05,0.0347288184887884,0.0152711815112116
20260846,34,"mirage_joint","eta1_C2",0.2,0.095535019700924,0.104464980299076
20260846,34,"mirage_joint","eta1_C3",0.5,0.489912852229769,0.0100871477702308
20260846,34,"mirage_joint","eta2_C1",0.03,0.000286514946388964,0.029713485053611
20260846,34,"mirage_joint","eta2_C2",0.15,0.748810743579742,0.598810743579742
20260846,34,"mirage_joint","eta2_C3",0.4,0.993425585184398,0.593425585184398
20260846,34,"separate_mirage","pi00",0.94,0.931,0.00900000000000001
20260846,34,"separate_mirage","pi10",0.04,0.049,0.009
20260846,34,"separate_mirage","pi01",0.01,0.019,0.009
20260846,34,"separate_mirage","pi11",0.01,0.001,0.009
20260846,34,"separate_mirage","eta1_C1",0.05,0.0222798454871911,0.0277201545128089
20260846,34,"separate_mirage","eta1_C2",0.2,0.211194788290166,0.0111947882901663
20260846,34,"separate_mirage","eta1_C3",0.5,0.994710261303241,0.494710261303241
20260846,34,"separate_mirage","eta2_C1",0.03,0.000157843679442301,0.0298421563205577
20260846,34,"separate_mirage","eta2_C2",0.15,0.934544183967604,0.784544183967604
20260846,34,"separate_mirage","eta2_C3",0.4,0.999999731672288,0.599999731672287
20260846,34,"mtada_aggregated","pi00",0.94,0.93195541,0.00804459000000002
20260846,34,"mtada_aggregated","pi10",0.04,0.04804459,0.00804459
20260846,34,"mtada_aggregated","pi01",0.01,0.01804459,0.00804459
20260846,34,"mtada_aggregated","pi11",0.01,0.00195541,0.00804459
20260847,35,"mirage_joint","pi00",0.94,0.910685334482787,0.0293146655172126
20260847,35,"mirage_joint","pi10",0.04,0.0706420679689974,0.0306420679689974
20260847,35,"mirage_joint","pi01",0.01,0.0108550737361643,0.00085507373616433
20260847,35,"mirage_joint","pi11",0.01,0.00781752381205102,0.00218247618794898
20260847,35,"mirage_joint","eta1_C1",0.05,0.223267580104246,0.173267580104246
20260847,35,"mirage_joint","eta1_C2",0.2,0.27568777104711,0.0756877710471098
20260847,35,"mirage_joint","eta1_C3",0.5,0.3052262550671,0.1947737449329
20260847,35,"mirage_joint","eta2_C1",0.03,0.000900703840779428,0.0290992961592206
20260847,35,"mirage_joint","eta2_C2",0.15,0.0862193868113347,0.0637806131886653
20260847,35,"mirage_joint","eta2_C3",0.4,0.998395597713093,0.598395597713093
20260847,35,"separate_mirage","pi00",0.94,0.931,0.00900000000000001
20260847,35,"separate_mirage","pi10",0.04,0.049,0.009
20260847,35,"separate_mirage","pi01",0.01,0.019,0.009
20260847,35,"separate_mirage","pi11",0.01,0.001,0.009
20260847,35,"separate_mirage","eta1_C1",0.05,0.279757913986024,0.229757913986024
20260847,35,"separate_mirage","eta1_C2",0.2,0.340363079996457,0.140363079996457
20260847,35,"separate_mirage","eta1_C3",0.5,0.429387836983768,0.070612163016232
20260847,35,"separate_mirage","eta2_C1",0.03,0.00135656611095101,0.028643433889049
20260847,35,"separate_mirage","eta2_C2",0.15,0.0861078263897824,0.0638921736102176
20260847,35,"separate_mirage","eta2_C3",0.4,0.999029048421066,0.599029048421066
20260847,35,"mtada_aggregated","pi00",0.94,0.93114496,0.00885504000000004
20260847,35,"mtada_aggregated","pi10",0.04,0.04885504,0.00885504
20260847,35,"mtada_aggregated","pi01",0.01,0.01885504,0.00885504
20260847,35,"mtada_aggregated","pi11",0.01,0.00114496,0.00885504
20260848,36,"mirage_joint","pi00",0.94,0.874574603443085,0.0654253965569149
20260848,36,"mirage_joint","pi10",0.04,0.0720402011521527,0.0320402011521527
20260848,36,"mirage_joint","pi01",0.01,0.00439600141627165,0.00560399858372835
20260848,36,"mirage_joint","pi11",0.01,0.0489891939884907,0.0389891939884907
20260848,36,"mirage_joint","eta1_C1",0.05,0.177511316895286,0.127511316895286
20260848,36,"mirage_joint","eta1_C2",0.2,0.169385963577659,0.0306140364223413
20260848,36,"mirage_joint","eta1_C3",0.5,0.517588465365079,0.017588465365079
20260848,36,"mirage_joint","eta2_C1",0.03,0.224442035448958,0.194442035448958
20260848,36,"mirage_joint","eta2_C2",0.15,0.00683659191145986,0.14316340808854
20260848,36,"mirage_joint","eta2_C3",0.4,0.481888675703188,0.0818886757031884
20260848,36,"separate_mirage","pi00",0.94,0.931,0.00900000000000001
20260848,36,"separate_mirage","pi10",0.04,0.049,0.009
20260848,36,"separate_mirage","pi01",0.01,0.019,0.009
20260848,36,"separate_mirage","pi11",0.01,0.001,0.009
20260848,36,"separate_mirage","eta1_C1",0.05,0.244213732580086,0.194213732580087
20260848,36,"separate_mirage","eta1_C2",0.2,0.273706181239834,0.0737061812398336
20260848,36,"separate_mirage","eta1_C3",0.5,0.866981747881005,0.366981747881005
20260848,36,"separate_mirage","eta2_C1",0.03,0.423265703749049,0.393265703749049
20260848,36,"separate_mirage","eta2_C2",0.15,0.00157569163233276,0.148424308367667
20260848,36,"separate_mirage","eta2_C3",0.4,0.929311844562663,0.529311844562663
20260848,36,"mtada_aggregated","pi00",0.94,0.93181947,0.00818052999999996
20260848,36,"mtada_aggregated","pi10",0.04,0.04818053,0.00818053
20260848,36,"mtada_aggregated","pi01",0.01,0.01818053,0.00818053
20260848,36,"mtada_aggregated","pi11",0.01,0.00181947,0.00818053
20260849,37,"mirage_joint","pi00",0.94,0.885231657417886,0.0547683425821137
20260849,37,"mirage_joint","pi10",0.04,0.106548288545322,0.0665482885453222
20260849,37,"mirage_joint","pi01",0.01,0.00427481566992286,0.00572518433007714
20260849,37,"mirage_joint","pi11",0.01,0.00394523836686862,0.00605476163313138
20260849,37,"mirage_joint","eta1_C1",0.05,0.0478975055045303,0.00210249449546968
20260849,37,"mirage_joint","eta1_C2",0.2,0.193595878520129,0.00640412147987132
20260849,37,"mirage_joint","eta1_C3",0.5,0.802273336072743,0.302273336072743
20260849,37,"mirage_joint","eta2_C1",0.03,0.0308036429504629,0.000803642950462875
20260849,37,"mirage_joint","eta2_C2",0.15,0.0126840534027827,0.137315946597217
20260849,37,"mirage_joint","eta2_C3",0.4,0.000305366374092161,0.399694633625908
20260849,37,"separate_mirage","pi00",0.94,0.931,0.00900000000000001
20260849,37,"separate_mirage","pi10",0.04,0.049,0.009
20260849,37,"separate_mirage","pi01",0.01,0.019,0.009
20260849,37,"separate_mirage","pi11",0.01,0.001,0.009
20260849,37,"separate_mirage","eta1_C1",0.05,0.0395789366098113,0.0104210633901887
20260849,37,"separate_mirage","eta1_C2",0.2,0.270371777025607,0.0703717770256073
20260849,37,"separate_mirage","eta1_C3",0.5,0.99727658695405,0.49727658695405
20260849,37,"separate_mirage","eta2_C1",0.03,0.0531576262068479,0.0231576262068479
20260849,37,"separate_mirage","eta2_C2",0.15,0.0210123629753251,0.128987637024675
20260849,37,"separate_mirage","eta2_C3",0.4,0.00104969258571499,0.398950307414285
20260849,37,"mtada_aggregated","pi00",0.94,0.93411052,0.00588948
20260849,37,"mtada_aggregated","pi10",0.04,0.04588948,0.00588948
20260849,37,"mtada_aggregated","pi01",0.01,0.01588948,0.00588948
20260849,37,"mtada_aggregated","pi11",0.01,0.00411052,0.00588948
20260850,38,"mirage_joint","pi00",0.94,0.931912362131592,0.00808763786840794
20260850,38,"mirage_joint","pi10",0.04,0.0318435373524377,0.00815646264756231
20260850,38,"mirage_joint","pi01",0.01,0.0195165000912162,0.00951650009121616
20260850,38,"mirage_joint","pi11",0.01,0.0167276004247541,0.00672760042475406
20260850,38,"mirage_joint","eta1_C1",0.05,0.0896847241936418,0.0396847241936418
20260850,38,"mirage_joint","eta1_C2",0.2,0.612005448908802,0.412005448908802
20260850,38,"mirage_joint","eta1_C3",0.5,0.576924847217043,0.076924847217043
20260850,38,"mirage_joint","eta2_C1",0.03,0.0237271203790976,0.0062728796209024
20260850,38,"mirage_joint","eta2_C2",0.15,0.0238318490459153,0.126168150954085
20260850,38,"mirage_joint","eta2_C3",0.4,0.483903108702114,0.0839031087021136
20260850,38,"separate_mirage","pi00",0.94,0.931,0.00900000000000001
20260850,38,"separate_mirage","pi10",0.04,0.049,0.009
20260850,38,"separate_mirage","pi01",0.01,0.019,0.009
20260850,38,"separate_mirage","pi11",0.01,0.001,0.009
20260850,38,"separate_mirage","eta1_C1",0.05,0.0821543377362642,0.0321543377362642
20260850,38,"separate_mirage","eta1_C2",0.2,0.640907638280772,0.440907638280772
20260850,38,"separate_mirage","eta1_C3",0.5,0.624158676974429,0.124158676974429
20260850,38,"separate_mirage","eta2_C1",0.03,0.00464538720645578,0.0253546127935442
20260850,38,"separate_mirage","eta2_C2",0.15,0.0249238398350222,0.125076160164978
20260850,38,"separate_mirage","eta2_C3",0.4,0.589769185154719,0.189769185154719
20260850,38,"mtada_aggregated","pi00",0.94,0.93155196,0.00844803999999999
20260850,38,"mtada_aggregated","pi10",0.04,0.04844804,0.00844804
20260850,38,"mtada_aggregated","pi01",0.01,0.01844804,0.00844804
20260850,38,"mtada_aggregated","pi11",0.01,0.00155196,0.00844804
20260851,39,"mirage_joint","pi00",0.94,0.840575644350238,0.0994243556497615
20260851,39,"mirage_joint","pi10",0.04,0.0586802924200211,0.0186802924200211
20260851,39,"mirage_joint","pi01",0.01,0.0981503865829897,0.0881503865829897
20260851,39,"mirage_joint","pi11",0.01,0.0025936766467507,0.0074063233532493
20260851,39,"mirage_joint","eta1_C1",0.05,0.0218604168140591,0.0281395831859409
20260851,39,"mirage_joint","eta1_C2",0.2,0.346889010025373,0.146889010025373
20260851,39,"mirage_joint","eta1_C3",0.5,0.537784292666669,0.0377842926666686
20260851,39,"mirage_joint","eta2_C1",0.03,0.0970786775838048,0.0670786775838048
20260851,39,"mirage_joint","eta2_C2",0.15,5.08891759019017e-05,0.149949110824098
20260851,39,"mirage_joint","eta2_C3",0.4,0.210607237158011,0.189392762841989
20260851,39,"separate_mirage","pi00",0.94,0.931,0.00900000000000001
20260851,39,"separate_mirage","pi10",0.04,0.049,0.009
20260851,39,"separate_mirage","pi01",0.01,0.019,0.009
20260851,39,"separate_mirage","pi11",0.01,0.001,0.009
20260851,39,"separate_mirage","eta1_C1",0.05,0.0211975373157656,0.0288024626842344
20260851,39,"separate_mirage","eta1_C2",0.2,0.369383788202031,0.169383788202031
20260851,39,"separate_mirage","eta1_C3",0.5,0.597349328461306,0.0973493284613057
20260851,39,"separate_mirage","eta2_C1",0.03,0.246503787942535,0.216503787942535
20260851,39,"separate_mirage","eta2_C2",0.15,5.81578759493523e-06,0.149994184212405
20260851,39,"separate_mirage","eta2_C3",0.4,0.387448073188552,0.0125519268114476
20260851,39,"mtada_aggregated","pi00",0.94,0.930449138,0.00955086199999999
20260851,39,"mtada_aggregated","pi10",0.04,0.049550862,0.009550862
20260851,39,"mtada_aggregated","pi01",0.01,0.019550862,0.009550862
20260851,39,"mtada_aggregated","pi11",0.01,0.000449138,0.009550862
20260852,40,"mirage_joint","pi00",0.94,0.917640987580927,0.022359012419073
20260852,40,"mirage_joint","pi10",0.04,0.0756434736375787,0.0356434736375787
20260852,40,"mirage_joint","pi01",0.01,0.00448117031632796,0.00551882968367204
20260852,40,"mirage_joint","pi11",0.01,0.00223436846516643,0.00776563153483357
20260852,40,"mirage_joint","eta1_C1",0.05,0.125069105803042,0.0750691058030424
20260852,40,"mirage_joint","eta1_C2",0.2,0.426189978476276,0.226189978476276
20260852,40,"mirage_joint","eta1_C3",0.5,0.261410435407774,0.238589564592226
20260852,40,"mirage_joint","eta2_C1",0.03,0.00260380774352964,0.0273961922564704
20260852,40,"mirage_joint","eta2_C2",0.15,0.0115287148028671,0.138471285197133
20260852,40,"mirage_joint","eta2_C3",0.4,0.205072840209243,0.194927159790757
20260852,40,"separate_mirage","pi00",0.94,0.931,0.00900000000000001
20260852,40,"separate_mirage","pi10",0.04,0.049,0.009
20260852,40,"separate_mirage","pi01",0.01,0.019,0.009
20260852,40,"separate_mirage","pi11",0.01,0.001,0.009
20260852,40,"separate_mirage","eta1_C1",0.05,0.170161408709963,0.120161408709963
20260852,40,"separate_mirage","eta1_C2",0.2,0.566878008723749,0.366878008723749
20260852,40,"separate_mirage","eta1_C3",0.5,0.360657534068513,0.139342465931487
20260852,40,"separate_mirage","eta2_C1",0.03,0.001624128562879,0.028375871437121
20260852,40,"separate_mirage","eta2_C2",0.15,0.0214129573556971,0.128587042644303
20260852,40,"separate_mirage","eta2_C3",0.4,0.382099390878643,0.0179006091213568
20260852,40,"mtada_aggregated","pi00",0.94,0.93077656,0.00922343999999997
20260852,40,"mtada_aggregated","pi10",0.04,0.04922344,0.00922344
20260852,40,"mtada_aggregated","pi01",0.01,0.01922344,0.00922344
20260852,40,"mtada_aggregated","pi11",0.01,0.00077656,0.00922344
20260853,41,"mirage_joint","pi00",0.94,0.941205347290586,0.00120534729058619
20260853,41,"mirage_joint","pi10",0.04,0.0254590048714508,0.0145409951285492
20260853,41,"mirage_joint","pi01",0.01,0.000160916870560713,0.00983908312943929
20260853,41,"mirage_joint","pi11",0.01,0.0331747309674023,0.0231747309674023
20260853,41,"mirage_joint","eta1_C1",0.05,0.292174509456432,0.242174509456432
20260853,41,"mirage_joint","eta1_C2",0.2,0.0543817904347155,0.145618209565285
20260853,41,"mirage_joint","eta1_C3",0.5,0.98831758600085,0.48831758600085
20260853,41,"mirage_joint","eta2_C1",0.03,0.245275106928464,0.215275106928464
20260853,41,"mirage_joint","eta2_C2",0.15,0.374816649610676,0.224816649610676
20260853,41,"mirage_joint","eta2_C3",0.4,0.00707562096275375,0.392924379037246
20260853,41,"separate_mirage","pi00",0.94,0.931,0.00900000000000001
20260853,41,"separate_mirage","pi10",0.04,0.049,0.009
20260853,41,"separate_mirage","pi01",0.01,0.019,0.009
20260853,41,"separate_mirage","pi11",0.01,0.001,0.009
20260853,41,"separate_mirage","eta1_C1",0.05,0.385849602335161,0.335849602335161
20260853,41,"separate_mirage","eta1_C2",0.2,0.0703531608456674,0.129646839154333
20260853,41,"separate_mirage","eta1_C3",0.5,0.997543747829585,0.497543747829585
20260853,41,"separate_mirage","eta2_C1",0.03,0.379051290002654,0.349051290002654
20260853,41,"separate_mirage","eta2_C2",0.15,0.521158943862565,0.371158943862565
20260853,41,"separate_mirage","eta2_C3",0.4,0.0147295242271876,0.385270475772812
20260853,41,"mtada_aggregated","pi00",0.94,0.93147949,0.00852050999999998
20260853,41,"mtada_aggregated","pi10",0.04,0.04852051,0.00852051
20260853,41,"mtada_aggregated","pi01",0.01,0.01852051,0.00852051
20260853,41,"mtada_aggregated","pi11",0.01,0.00147949,0.00852051
20260854,42,"mirage_joint","pi00",0.94,0.797533911735902,0.142466088264098
20260854,42,"mirage_joint","pi10",0.04,0.0921726992505995,0.0521726992505995
20260854,42,"mirage_joint","pi01",0.01,0.0947431214818521,0.0847431214818521
20260854,42,"mirage_joint","pi11",0.01,0.0155502675316463,0.00555026753164626
20260854,42,"mirage_joint","eta1_C1",0.05,0.0932455946437641,0.0432455946437641
20260854,42,"mirage_joint","eta1_C2",0.2,0.397026373254026,0.197026373254026
20260854,42,"mirage_joint","eta1_C3",0.5,0.770545167087429,0.270545167087429
20260854,42,"mirage_joint","eta2_C1",0.03,0.214290467980979,0.184290467980979
20260854,42,"mirage_joint","eta2_C2",0.15,0.218819746969599,0.0688197469695994
20260854,42,"mirage_joint","eta2_C3",0.4,1.99133911450187e-05,0.399980086608855
20260854,42,"separate_mirage","pi00",0.94,0.931,0.00900000000000001
20260854,42,"separate_mirage","pi10",0.04,0.049,0.009
20260854,42,"separate_mirage","pi01",0.01,0.019,0.009
20260854,42,"separate_mirage","pi11",0.01,0.001,0.009
20260854,42,"separate_mirage","eta1_C1",0.05,0.141664486245224,0.0916644862452239
20260854,42,"separate_mirage","eta1_C2",0.2,0.62231632864251,0.42231632864251
20260854,42,"separate_mirage","eta1_C3",0.5,0.877467006979089,0.377467006979089
20260854,42,"separate_mirage","eta2_C1",0.03,0.577964478159264,0.547964478159264
20260854,42,"separate_mirage","eta2_C2",0.15,0.334651421345537,0.184651421345537
20260854,42,"separate_mirage","eta2_C3",0.4,1.18077669011736e-06,0.39999881922331
20260854,42,"mtada_aggregated","pi00",0.94,0.9329254,0.00707460000000004
20260854,42,"mtada_aggregated","pi10",0.04,0.0470746,0.0070746
20260854,42,"mtada_aggregated","pi01",0.01,0.0170746,0.0070746
20260854,42,"mtada_aggregated","pi11",0.01,0.0029254,0.0070746
20260855,43,"mirage_joint","pi00",0.94,0.958493422063147,0.0184934220631467
20260855,43,"mirage_joint","pi10",0.04,0.0136414175669877,0.0263585824330123
20260855,43,"mirage_joint","pi01",0.01,0.0278651603611592,0.0178651603611592
20260855,43,"mirage_joint","pi11",0.01,8.70648088768459e-12,0.00999999999129352
20260855,43,"mirage_joint","eta1_C1",0.05,0.248569951569726,0.198569951569726
20260855,43,"mirage_joint","eta1_C2",0.2,0.470876463609628,0.270876463609628
20260855,43,"mirage_joint","eta1_C3",0.5,0.997915610411923,0.497915610411923
20260855,43,"mirage_joint","eta2_C1",0.03,0.163756725072969,0.133756725072969
20260855,43,"mirage_joint","eta2_C2",0.15,0.643341774997944,0.493341774997944
20260855,43,"mirage_joint","eta2_C3",0.4,0.999705717846562,0.599705717846562
20260855,43,"separate_mirage","pi00",0.94,0.931,0.00900000000000001
20260855,43,"separate_mirage","pi10",0.04,0.049,0.009
20260855,43,"separate_mirage","pi01",0.01,0.019,0.009
20260855,43,"separate_mirage","pi11",0.01,0.001,0.009
20260855,43,"separate_mirage","eta1_C1",0.05,0.0944057998006594,0.0444057998006594
20260855,43,"separate_mirage","eta1_C2",0.2,0.238196678510241,0.0381966785102406
20260855,43,"separate_mirage","eta1_C3",0.5,0.583104126883416,0.0831041268834164
20260855,43,"separate_mirage","eta2_C1",0.03,0.216055545871325,0.186055545871325
20260855,43,"separate_mirage","eta2_C2",0.15,0.69636355278473,0.54636355278473
20260855,43,"separate_mirage","eta2_C3",0.4,0.999999672893841,0.599999672893841
20260855,43,"mtada_aggregated","pi00",0.94,0.93111828,0.00888171999999998
20260855,43,"mtada_aggregated","pi10",0.04,0.04888172,0.00888172
20260855,43,"mtada_aggregated","pi01",0.01,0.01888172,0.00888172
20260855,43,"mtada_aggregated","pi11",0.01,0.00111828,0.00888172
20260856,44,"mirage_joint","pi00",0.94,0.91147408450159,0.0285259154984102
20260856,44,"mirage_joint","pi10",0.04,0.0478343495357051,0.00783434953570506
20260856,44,"mirage_joint","pi01",0.01,0.00139509884589,0.00860490115411
20260856,44,"mirage_joint","pi11",0.01,0.0392964671168153,0.0292964671168153
20260856,44,"mirage_joint","eta1_C1",0.05,0.0681114279216207,0.0181114279216207
20260856,44,"mirage_joint","eta1_C2",0.2,0.234096123508808,0.0340961235088079
20260856,44,"mirage_joint","eta1_C3",0.5,0.548285220457575,0.0482852204575748
20260856,44,"mirage_joint","eta2_C1",0.03,0.000549096404692064,0.0294509035953079
20260856,44,"mirage_joint","eta2_C2",0.15,0.300251371251922,0.150251371251922
20260856,44,"mirage_joint","eta2_C3",0.4,0.0404659818995911,0.359534018100409
20260856,44,"separate_mirage","pi00",0.94,0.931,0.00900000000000001
20260856,44,"separate_mirage","pi10",0.04,0.049,0.009
20260856,44,"separate_mirage","pi01",0.01,0.019,0.009
20260856,44,"separate_mirage","pi11",0.01,0.001,0.009
20260856,44,"separate_mirage","eta1_C1",0.05,0.0932756559642286,0.0432756559642286
20260856,44,"separate_mirage","eta1_C2",0.2,0.414923334891177,0.214923334891177
20260856,44,"separate_mirage","eta1_C3",0.5,0.695816527115069,0.195816527115069
20260856,44,"separate_mirage","eta2_C1",0.03,0.00232431129152017,0.0276756887084798
20260856,44,"separate_mirage","eta2_C2",0.15,0.0775441759689369,0.0724558240310631
20260856,44,"separate_mirage","eta2_C3",0.4,0.234655849397936,0.165344150602064
20260856,44,"mtada_aggregated","pi00",0.94,0.93236249,0.00763751000000001
20260856,44,"mtada_aggregated","pi10",0.04,0.04763751,0.00763751
20260856,44,"mtada_aggregated","pi01",0.01,0.01763751,0.00763751
20260856,44,"mtada_aggregated","pi11",0.01,0.00236249,0.00763751
20260857,45,"mirage_joint","pi00",0.94,0.946548447888295,0.00654844788829478
20260857,45,"mirage_joint","pi10",0.04,0.0295018372986794,0.0104981627013206
20260857,45,"mirage_joint","pi01",0.01,0.00713499911282704,0.00286500088717296
20260857,45,"mirage_joint","pi11",0.01,0.0168147157001989,0.0068147157001989
20260857,45,"mirage_joint","eta1_C1",0.05,0.01913230294551,0.03086769705449
20260857,45,"mirage_joint","eta1_C2",0.2,0.1059451238022,0.0940548761977995
20260857,45,"mirage_joint","eta1_C3",0.5,0.901877272336169,0.401877272336169
20260857,45,"mirage_joint","eta2_C1",0.03,0.0127704309571418,0.0172295690428582
20260857,45,"mirage_joint","eta2_C2",0.15,0.308539093312797,0.158539093312797
20260857,45,"mirage_joint","eta2_C3",0.4,0.000724530395870337,0.39927546960413
20260857,45,"separate_mirage","pi00",0.94,0.931,0.00900000000000001
20260857,45,"separate_mirage","pi10",0.04,0.049,0.009
20260857,45,"separate_mirage","pi01",0.01,0.019,0.009
20260857,45,"separate_mirage","pi11",0.01,0.001,0.009
20260857,45,"separate_mirage","eta1_C1",0.05,0.0212783022117558,0.0287216977882442
20260857,45,"separate_mirage","eta1_C2",0.2,0.0977817590537174,0.102218240946283
20260857,45,"separate_mirage","eta1_C3",0.5,0.911028849443315,0.411028849443315
20260857,45,"separate_mirage","eta2_C1",0.03,0.00531060850108781,0.0246893914989122
20260857,45,"separate_mirage","eta2_C2",0.15,0.210925005371311,0.0609250053713105
20260857,45,"separate_mirage","eta2_C3",0.4,0.0027254594897484,0.397274540510252
20260857,45,"mtada_aggregated","pi00",0.94,0.930690661,0.00930933899999997
20260857,45,"mtada_aggregated","pi10",0.04,0.049309339,0.009309339
20260857,45,"mtada_aggregated","pi01",0.01,0.019309339,0.009309339
20260857,45,"mtada_aggregated","pi11",0.01,0.000690661,0.009309339
20260858,46,"mirage_joint","pi00",0.94,0.935236856079125,0.00476314392087518
20260858,46,"mirage_joint","pi10",0.04,0.0480699581779055,0.00806995817790552
20260858,46,"mirage_joint","pi01",0.01,0.000333229608777571,0.00966677039122243
20260858,46,"mirage_joint","pi11",0.01,0.016359956134192,0.00635995613419195
20260858,46,"mirage_joint","eta1_C1",0.05,0.113938888902343,0.0639388889023426
20260858,46,"mirage_joint","eta1_C2",0.2,0.19973797122338,0.000262028776619766
20260858,46,"mirage_joint","eta1_C3",0.5,0.970107854560572,0.470107854560572
20260858,46,"mirage_joint","eta2_C1",0.03,0.00452336995559048,0.0254766300444095
20260858,46,"mirage_joint","eta2_C2",0.15,0.653511680789263,0.503511680789263
20260858,46,"mirage_joint","eta2_C3",0.4,0.628984264171559,0.228984264171559
20260858,46,"separate_mirage","pi00",0.94,0.931,0.00900000000000001
20260858,46,"separate_mirage","pi10",0.04,0.049,0.009
20260858,46,"separate_mirage","pi01",0.01,0.019,0.009
20260858,46,"separate_mirage","pi11",0.01,0.001,0.009
20260858,46,"separate_mirage","eta1_C1",0.05,0.182090535938429,0.132090535938429
20260858,46,"separate_mirage","eta1_C2",0.2,0.157052351271532,0.0429476487284677
20260858,46,"separate_mirage","eta1_C3",0.5,0.999331387189449,0.499331387189449
20260858,46,"separate_mirage","eta2_C1",0.03,0.000302671234392569,0.0296973287656074
20260858,46,"separate_mirage","eta2_C2",0.15,0.836665898792499,0.686665898792499
20260858,46,"separate_mirage","eta2_C3",0.4,0.529924797674946,0.129924797674946
20260858,46,"mtada_aggregated","pi00",0.94,0.930511485,0.00948851500000003
20260858,46,"mtada_aggregated","pi10",0.04,0.049488515,0.009488515
20260858,46,"mtada_aggregated","pi01",0.01,0.019488515,0.009488515
20260858,46,"mtada_aggregated","pi11",0.01,0.000511485,0.009488515
20260859,47,"mirage_joint","pi00",0.94,0.805171523336612,0.134828476663388
20260859,47,"mirage_joint","pi10",0.04,0.153425697652925,0.113425697652925
20260859,47,"mirage_joint","pi01",0.01,0.00930883550002558,0.000691164499974419
20260859,47,"mirage_joint","pi11",0.01,0.0320939435104375,0.0220939435104375
20260859,47,"mirage_joint","eta1_C1",0.05,0.0401241568060236,0.00987584319397642
20260859,47,"mirage_joint","eta1_C2",0.2,0.0493146386090905,0.15068536139091
20260859,47,"mirage_joint","eta1_C3",0.5,0.247372019553834,0.252627980446166
20260859,47,"mirage_joint","eta2_C1",0.03,0.00999605846201493,0.0200039415379851
20260859,47,"mirage_joint","eta2_C2",0.15,0.395889310852374,0.245889310852374
20260859,47,"mirage_joint","eta2_C3",0.4,0.460842122462904,0.0608421224629039
20260859,47,"separate_mirage","pi00",0.94,0.931,0.00900000000000001
20260859,47,"separate_mirage","pi10",0.04,0.049,0.009
20260859,47,"separate_mirage","pi01",0.01,0.019,0.009
20260859,47,"separate_mirage","pi11",0.01,0.001,0.009
20260859,47,"separate_mirage","eta1_C1",0.05,0.0606401575056113,0.0106401575056113
20260859,47,"separate_mirage","eta1_C2",0.2,0.0643258508595809,0.135674149140419
20260859,47,"separate_mirage","eta1_C3",0.5,0.554317412192584,0.0543174121925836
20260859,47,"separate_mirage","eta2_C1",0.03,0.0161321626566853,0.0138678373433147
20260859,47,"separate_mirage","eta2_C2",0.15,0.789473791847282,0.639473791847282
20260859,47,"separate_mirage","eta2_C3",0.4,0.866763530597606,0.466763530597606
20260859,47,"mtada_aggregated","pi00",0.94,0.93115965,0.00884035000000005
20260859,47,"mtada_aggregated","pi10",0.04,0.04884035,0.00884035
20260859,47,"mtada_aggregated","pi01",0.01,0.01884035,0.00884035
20260859,47,"mtada_aggregated","pi11",0.01,0.00115965,0.00884035
20260860,48,"mirage_joint","pi00",0.94,0.898349132924264,0.0416508670757364
20260860,48,"mirage_joint","pi10",0.04,0.0655389403548642,0.0255389403548642
20260860,48,"mirage_joint","pi01",0.01,0.0354448967877102,0.0254448967877102
20260860,48,"mirage_joint","pi11",0.01,0.000667029933161989,0.00933297006683801
20260860,48,"mirage_joint","eta1_C1",0.05,0.357699565709177,0.307699565709177
20260860,48,"mirage_joint","eta1_C2",0.2,0.279044124812805,0.0790441248128048
20260860,48,"mirage_joint","eta1_C3",0.5,0.834685428220381,0.334685428220381
20260860,48,"mirage_joint","eta2_C1",0.03,0.000881094141055548,0.0291189058589445
20260860,48,"mirage_joint","eta2_C2",0.15,0.0712987168225452,0.0787012831774548
20260860,48,"mirage_joint","eta2_C3",0.4,0.663493703906866,0.263493703906866
20260860,48,"separate_mirage","pi00",0.94,0.931,0.00900000000000001
20260860,48,"separate_mirage","pi10",0.04,0.049,0.009
20260860,48,"separate_mirage","pi01",0.01,0.019,0.009
20260860,48,"separate_mirage","pi11",0.01,0.001,0.009
20260860,48,"separate_mirage","eta1_C1",0.05,0.477189610601492,0.427189610601492
20260860,48,"separate_mirage","eta1_C2",0.2,0.331082412238269,0.131082412238269
20260860,48,"separate_mirage","eta1_C3",0.5,0.917467467012389,0.417467467012389
20260860,48,"separate_mirage","eta2_C1",0.03,0.0014563945479864,0.0285436054520136
20260860,48,"separate_mirage","eta2_C2",0.15,0.114820120887117,0.0351798791128834
20260860,48,"separate_mirage","eta2_C3",0.4,0.697923359692776,0.297923359692776
20260860,48,"mtada_aggregated","pi00",0.94,0.93137678,0.00862322000000004
20260860,48,"mtada_aggregated","pi10",0.04,0.04862322,0.00862322
20260860,48,"mtada_aggregated","pi01",0.01,0.01862322,0.00862322
20260860,48,"mtada_aggregated","pi11",0.01,0.00137678,0.00862322
20260861,49,"mirage_joint","pi00",0.94,0.829803753448004,0.110196246551996
20260861,49,"mirage_joint","pi10",0.04,0.139386062561897,0.0993860625618966
20260861,49,"mirage_joint","pi01",0.01,0.000213040371057691,0.00978695962894231
20260861,49,"mirage_joint","pi11",0.01,0.0305971436190417,0.0205971436190417
20260861,49,"mirage_joint","eta1_C1",0.05,0.0370628454136078,0.0129371545863922
20260861,49,"mirage_joint","eta1_C2",0.2,0.140601134027156,0.059398865972844
20260861,49,"mirage_joint","eta1_C3",0.5,0.327888057854935,0.172111942145065
20260861,49,"mirage_joint","eta2_C1",0.03,0.12764717569163,0.0976471756916305
20260861,49,"mirage_joint","eta2_C2",0.15,0.0038081819282244,0.146191818071776
20260861,49,"mirage_joint","eta2_C3",0.4,0.991353783187468,0.591353783187468
20260861,49,"separate_mirage","pi00",0.94,0.931,0.00900000000000001
20260861,49,"separate_mirage","pi10",0.04,0.049,0.009
20260861,49,"separate_mirage","pi01",0.01,0.019,0.009
20260861,49,"separate_mirage","pi11",0.01,0.001,0.009
20260861,49,"separate_mirage","eta1_C1",0.05,0.0101942231346948,0.0398057768653052
20260861,49,"separate_mirage","eta1_C2",0.2,0.2574609958818,0.0574609958817999
20260861,49,"separate_mirage","eta1_C3",0.5,0.716666925831915,0.216666925831915
20260861,49,"separate_mirage","eta2_C1",0.03,0.154723554740275,0.124723554740275
20260861,49,"separate_mirage","eta2_C2",0.15,0.00265961176159192,0.147340388238408
20260861,49,"separate_mirage","eta2_C3",0.4,0.999996092473076,0.599996092473076
20260861,49,"mtada_aggregated","pi00",0.94,0.93144567,0.00855433000000005
20260861,49,"mtada_aggregated","pi10",0.04,0.04855433,0.00855433
20260861,49,"mtada_aggregated","pi01",0.01,0.01855433,0.00855433
20260861,49,"mtada_aggregated","pi11",0.01,0.00144567,0.00855433
20260862,50,"mirage_joint","pi00",0.94,0.95059759125141,0.0105975912514098
20260862,50,"mirage_joint","pi10",0.04,0.0318694332822392,0.00813056671776077
20260862,50,"mirage_joint","pi01",0.01,0.0107285697363678,0.000728569736367828
20260862,50,"mirage_joint","pi11",0.01,0.00680440572998321,0.00319559427001679
20260862,50,"mirage_joint","eta1_C1",0.05,0.238687810853705,0.188687810853705
20260862,50,"mirage_joint","eta1_C2",0.2,0.368285923278703,0.168285923278703
20260862,50,"mirage_joint","eta1_C3",0.5,0.852914922499322,0.352914922499322
20260862,50,"mirage_joint","eta2_C1",0.03,0.0746911822787619,0.0446911822787619
20260862,50,"mirage_joint","eta2_C2",0.15,0.096952131891698,0.053047868108302
20260862,50,"mirage_joint","eta2_C3",0.4,5.31392956738528e-06,0.399994686070433
20260862,50,"separate_mirage","pi00",0.94,0.931,0.00900000000000001
20260862,50,"separate_mirage","pi10",0.04,0.049,0.009
20260862,50,"separate_mirage","pi01",0.01,0.019,0.009
20260862,50,"separate_mirage","pi11",0.01,0.001,0.009
20260862,50,"separate_mirage","eta1_C1",0.05,0.225188618649741,0.175188618649741
20260862,50,"separate_mirage","eta1_C2",0.2,0.325538697818024,0.125538697818024
20260862,50,"separate_mirage","eta1_C3",0.5,0.784231733068578,0.284231733068578
20260862,50,"separate_mirage","eta2_C1",0.03,0.126820975025795,0.0968209750257947
20260862,50,"separate_mirage","eta2_C2",0.15,0.0768005172863095,0.0731994827136905
20260862,50,"separate_mirage","eta2_C3",0.4,2.4751233609053e-06,0.399997524876639
20260862,50,"mtada_aggregated","pi00",0.94,0.93378406,0.00621594000000003
20260862,50,"mtada_aggregated","pi10",0.04,0.04621594,0.00621594
20260862,50,"mtada_aggregated","pi01",0.01,0.01621594,0.00621594
20260862,50,"mtada_aggregated","pi11",0.01,0.00378406,0.00621594
20260863,51,"mirage_joint","pi00",0.94,0.929452202719789,0.0105477972802107
20260863,51,"mirage_joint","pi10",0.04,0.00399662637091419,0.0360033736290858
20260863,51,"mirage_joint","pi01",0.01,0.000285703243971002,0.009714296756029
20260863,51,"mirage_joint","pi11",0.01,0.0662654676653254,0.0562654676653254
20260863,51,"mirage_joint","eta1_C1",0.05,0.195026533409873,0.145026533409873
20260863,51,"mirage_joint","eta1_C2",0.2,0.0748103116264533,0.125189688373547
20260863,51,"mirage_joint","eta1_C3",0.5,0.973218511829035,0.473218511829035
20260863,51,"mirage_joint","eta2_C1",0.03,0.00828895283307483,0.0217110471669252
20260863,51,"mirage_joint","eta2_C2",0.15,0.0396011338374956,0.110398866162504
20260863,51,"mirage_joint","eta2_C3",0.4,0.366544883472427,0.0334551165275728
20260863,51,"separate_mirage","pi00",0.94,0.931,0.00900000000000001
20260863,51,"separate_mirage","pi10",0.04,0.049,0.009
20260863,51,"separate_mirage","pi01",0.01,0.019,0.009
20260863,51,"separate_mirage","pi11",0.01,0.001,0.009
20260863,51,"separate_mirage","eta1_C1",0.05,0.161304779098931,0.111304779098931
20260863,51,"separate_mirage","eta1_C2",0.2,0.0701823613801673,0.129817638619833
20260863,51,"separate_mirage","eta1_C3",0.5,0.999476441111418,0.499476441111418
20260863,51,"separate_mirage","eta2_C1",0.03,0.0861729772284637,0.0561729772284637
20260863,51,"separate_mirage","eta2_C2",0.15,0.0509555382098278,0.0990444617901722
20260863,51,"separate_mirage","eta2_C3",0.4,0.515538987246195,0.115538987246195
20260863,51,"mtada_aggregated","pi00",0.94,0.93268562,0.00731437999999995
20260863,51,"mtada_aggregated","pi10",0.04,0.04731438,0.00731438
20260863,51,"mtada_aggregated","pi01",0.01,0.01731438,0.00731438
20260863,51,"mtada_aggregated","pi11",0.01,0.00268562,0.00731438
20260864,52,"mirage_joint","pi00",0.94,0.926108600637512,0.0138913993624878
20260864,52,"mirage_joint","pi10",0.04,0.0378674028411455,0.00213259715885449
20260864,52,"mirage_joint","pi01",0.01,0.0324697186419883,0.0224697186419883
20260864,52,"mirage_joint","pi11",0.01,0.00355427787935408,0.00644572212064592
20260864,52,"mirage_joint","eta1_C1",0.05,0.0091479578149988,0.0408520421850012
20260864,52,"mirage_joint","eta1_C2",0.2,0.115203687513011,0.0847963124869895
20260864,52,"mirage_joint","eta1_C3",0.5,0.334187437032636,0.165812562967364
20260864,52,"mirage_joint","eta2_C1",0.03,3.21233932559121e-05,0.0299678766067441
20260864,52,"mirage_joint","eta2_C2",0.15,5.32575207115608e-05,0.149946742479288
20260864,52,"mirage_joint","eta2_C3",0.4,0.747137096213559,0.347137096213559
20260864,52,"separate_mirage","pi00",0.94,0.931,0.00900000000000001
20260864,52,"separate_mirage","pi10",0.04,0.049,0.009
20260864,52,"separate_mirage","pi01",0.01,0.019,0.009
20260864,52,"separate_mirage","pi11",0.01,0.001,0.009
20260864,52,"separate_mirage","eta1_C1",0.05,0.00687207408265722,0.0431279259173428
20260864,52,"separate_mirage","eta1_C2",0.2,0.120056869108856,0.0799431308911442
20260864,52,"separate_mirage","eta1_C3",0.5,0.271392189849969,0.228607810150031
20260864,52,"separate_mirage","eta2_C1",0.03,8.45264252272745e-06,0.0299915473574773
20260864,52,"separate_mirage","eta2_C2",0.15,1.73268860617118e-05,0.149982673113938
20260864,52,"separate_mirage","eta2_C3",0.4,0.987080823861492,0.587080823861492
20260864,52,"mtada_aggregated","pi00",0.94,0.93158737,0.00841263000000003
20260864,52,"mtada_aggregated","pi10",0.04,0.04841263,0.00841263
20260864,52,"mtada_aggregated","pi01",0.01,0.01841263,0.00841263
20260864,52,"mtada_aggregated","pi11",0.01,0.00158737,0.00841263
20260865,53,"mirage_joint","pi00",0.94,0.908613616398155,0.0313863836018453
20260865,53,"mirage_joint","pi10",0.04,0.0276227432253782,0.0123772567746218
20260865,53,"mirage_joint","pi01",0.01,0.0101631567310552,0.000163156731055205
20260865,53,"mirage_joint","pi11",0.01,0.0536004836454121,0.0436004836454121
20260865,53,"mirage_joint","eta1_C1",0.05,0.139182603183072,0.0891826031830723
20260865,53,"mirage_joint","eta1_C2",0.2,0.32225921958044,0.12225921958044
20260865,53,"mirage_joint","eta1_C3",0.5,0.946787872632502,0.446787872632502
20260865,53,"mirage_joint","eta2_C1",0.03,0.0470819148287267,0.0170819148287267
20260865,53,"mirage_joint","eta2_C2",0.15,0.114134467003809,0.0358655329961913
20260865,53,"mirage_joint","eta2_C3",0.4,0.511239064048899,0.111239064048899
20260865,53,"separate_mirage","pi00",0.94,0.931,0.00900000000000001
20260865,53,"separate_mirage","pi10",0.04,0.049,0.009
20260865,53,"separate_mirage","pi01",0.01,0.019,0.009
20260865,53,"separate_mirage","pi11",0.01,0.001,0.009
20260865,53,"separate_mirage","eta1_C1",0.05,0.166125336331792,0.116125336331792
20260865,53,"separate_mirage","eta1_C2",0.2,0.314370499232385,0.114370499232385
20260865,53,"separate_mirage","eta1_C3",0.5,0.999947753668229,0.499947753668229
20260865,53,"separate_mirage","eta2_C1",0.03,0.12208633956626,0.0920863395662602
20260865,53,"separate_mirage","eta2_C2",0.15,0.128120070196506,0.0218799298034938
20260865,53,"separate_mirage","eta2_C3",0.4,0.727508507589629,0.327508507589629
20260865,53,"mtada_aggregated","pi00",0.94,0.93148954,0.00851046
20260865,53,"mtada_aggregated","pi10",0.04,0.04851046,0.00851046
20260865,53,"mtada_aggregated","pi01",0.01,0.01851046,0.00851046
20260865,53,"mtada_aggregated","pi11",0.01,0.00148954,0.00851046
20260866,54,"mirage_joint","pi00",0.94,0.822741503058351,0.117258496941649
20260866,54,"mirage_joint","pi10",0.04,0.0835688614370426,0.0435688614370426
20260866,54,"mirage_joint","pi01",0.01,0.0498314005166976,0.0398314005166976
20260866,54,"mirage_joint","pi11",0.01,0.0438582349879087,0.0338582349879087
20260866,54,"mirage_joint","eta1_C1",0.05,0.0277623941520455,0.0222376058479545
20260866,54,"mirage_joint","eta1_C2",0.2,0.393183468156404,0.193183468156404
20260866,54,"mirage_joint","eta1_C3",0.5,0.394890827129284,0.105109172870716
20260866,54,"mirage_joint","eta2_C1",0.03,0.0164091698498452,0.0135908301501548
20260866,54,"mirage_joint","eta2_C2",0.15,0.44359507095108,0.29359507095108
20260866,54,"mirage_joint","eta2_C3",0.4,0.189555112759954,0.210444887240046
20260866,54,"separate_mirage","pi00",0.94,0.931,0.00900000000000001
20260866,54,"separate_mirage","pi10",0.04,0.049,0.009
20260866,54,"separate_mirage","pi01",0.01,0.019,0.009
20260866,54,"separate_mirage","pi11",0.01,0.001,0.009
20260866,54,"separate_mirage","eta1_C1",0.05,0.0383353472807142,0.0116646527192859
20260866,54,"separate_mirage","eta1_C2",0.2,0.622708454262486,0.422708454262486
20260866,54,"separate_mirage","eta1_C3",0.5,0.6333960320494,0.1333960320494
20260866,54,"separate_mirage","eta2_C1",0.03,0.00294209051295392,0.0270579094870461
20260866,54,"separate_mirage","eta2_C2",0.15,0.954655384361046,0.804655384361046
20260866,54,"separate_mirage","eta2_C3",0.4,0.292169774789104,0.107830225210896
20260866,54,"mtada_aggregated","pi00",0.94,0.93187617,0.00812383000000005
20260866,54,"mtada_aggregated","pi10",0.04,0.04812383,0.00812383
20260866,54,"mtada_aggregated","pi01",0.01,0.01812383,0.00812383
20260866,54,"mtada_aggregated","pi11",0.01,0.00187617,0.00812383
20260867,55,"mirage_joint","pi00",0.94,0.898420646627364,0.041579353372636
20260867,55,"mirage_joint","pi10",0.04,0.093711091525778,0.053711091525778
20260867,55,"mirage_joint","pi01",0.01,0.00510239156085061,0.00489760843914939
20260867,55,"mirage_joint","pi11",0.01,0.00276587028600745,0.00723412971399255
20260867,55,"mirage_joint","eta1_C1",0.05,0.0332556255600288,0.0167443744399712
20260867,55,"mirage_joint","eta1_C2",0.2,0.244693312658471,0.0446933126584714
20260867,55,"mirage_joint","eta1_C3",0.5,0.994160871010069,0.494160871010069
20260867,55,"mirage_joint","eta2_C1",0.03,0.0125494582853098,0.0174505417146902
20260867,55,"mirage_joint","eta2_C2",0.15,0.000462937994172567,0.149537062005827
20260867,55,"mirage_joint","eta2_C3",0.4,0.0356717360217562,0.364328263978244
20260867,55,"separate_mirage","pi00",0.94,0.931,0.00900000000000001
20260867,55,"separate_mirage","pi10",0.04,0.049,0.009
20260867,55,"separate_mirage","pi01",0.01,0.019,0.009
20260867,55,"separate_mirage","pi11",0.01,0.001,0.009
20260867,55,"separate_mirage","eta1_C1",0.05,0.0368658154896412,0.0131341845103588
20260867,55,"separate_mirage","eta1_C2",0.2,0.32892492307056,0.12892492307056
20260867,55,"separate_mirage","eta1_C3",0.5,0.999999060196237,0.499999060196237
20260867,55,"separate_mirage","eta2_C1",0.03,0.0124457485528279,0.0175542514471721
20260867,55,"separate_mirage","eta2_C2",0.15,0.00110499575186751,0.148895004248132
20260867,55,"separate_mirage","eta2_C3",0.4,0.122508054431143,0.277491945568857
20260867,55,"mtada_aggregated","pi00",0.94,0.93194813,0.00805186999999996
20260867,55,"mtada_aggregated","pi10",0.04,0.04805187,0.00805187
20260867,55,"mtada_aggregated","pi01",0.01,0.01805187,0.00805187
20260867,55,"mtada_aggregated","pi11",0.01,0.00194813,0.00805187
20260868,56,"mirage_joint","pi00",0.94,0.893153687142665,0.046846312857335
20260868,56,"mirage_joint","pi10",0.04,0.0540318534432681,0.0140318534432681
20260868,56,"mirage_joint","pi01",0.01,0.0131078222065756,0.00310782220657557
20260868,56,"mirage_joint","pi11",0.01,0.0397066372074914,0.0297066372074914
20260868,56,"mirage_joint","eta1_C1",0.05,0.174786154302757,0.124786154302757
20260868,56,"mirage_joint","eta1_C2",0.2,0.157577918854652,0.0424220811453482
20260868,56,"mirage_joint","eta1_C3",0.5,0.745067614921205,0.245067614921205
20260868,56,"mirage_joint","eta2_C1",0.03,0.000168628505351279,0.0298313714946487
20260868,56,"mirage_joint","eta2_C2",0.15,0.786255921435204,0.636255921435204
20260868,56,"mirage_joint","eta2_C3",0.4,0.251060259204479,0.148939740795521
20260868,56,"separate_mirage","pi00",0.94,0.931,0.00900000000000001
20260868,56,"separate_mirage","pi10",0.04,0.049,0.009
20260868,56,"separate_mirage","pi01",0.01,0.019,0.009
20260868,56,"separate_mirage","pi11",0.01,0.001,0.009
20260868,56,"separate_mirage","eta1_C1",0.05,0.212630552705086,0.162630552705086
20260868,56,"separate_mirage","eta1_C2",0.2,0.28075384905421,0.0807538490542096
20260868,56,"separate_mirage","eta1_C3",0.5,0.890073115124887,0.390073115124887
20260868,56,"separate_mirage","eta2_C1",0.03,1.14642154435581e-05,0.0299885357845564
20260868,56,"separate_mirage","eta2_C2",0.15,0.999252301445599,0.849252301445598
20260868,56,"separate_mirage","eta2_C3",0.4,0.41753357105188,0.0175335710518805
20260868,56,"mtada_aggregated","pi00",0.94,0.930904887,0.00909511299999999
20260868,56,"mtada_aggregated","pi10",0.04,0.049095113,0.009095113
20260868,56,"mtada_aggregated","pi01",0.01,0.019095113,0.009095113
20260868,56,"mtada_aggregated","pi11",0.01,0.000904887,0.009095113
20260869,57,"mirage_joint","pi00",0.94,0.888157887013099,0.0518421129869014
20260869,57,"mirage_joint","pi10",0.04,0.0650788396077095,0.0250788396077095
20260869,57,"mirage_joint","pi01",0.01,0.0458591125281307,0.0358591125281307
20260869,57,"mirage_joint","pi11",0.01,0.0009041608510613,0.0090958391489387
20260869,57,"mirage_joint","eta1_C1",0.05,0.00614210548513914,0.0438578945148609
20260869,57,"mirage_joint","eta1_C2",0.2,0.357369254563129,0.157369254563129
20260869,57,"mirage_joint","eta1_C3",0.5,0.025061825756641,0.474938174243359
20260869,57,"mirage_joint","eta2_C1",0.03,0.00305042913932526,0.0269495708606747
20260869,57,"mirage_joint","eta2_C2",0.15,0.047424735868352,0.102575264131648
20260869,57,"mirage_joint","eta2_C3",0.4,0.631834254849564,0.231834254849564
20260869,57,"separate_mirage","pi00",0.94,0.931,0.00900000000000001
20260869,57,"separate_mirage","pi10",0.04,0.049,0.009
20260869,57,"separate_mirage","pi01",0.01,0.019,0.009
20260869,57,"separate_mirage","pi11",0.01,0.001,0.009
20260869,57,"separate_mirage","eta1_C1",0.05,0.00661661220916896,0.043383387790831
20260869,57,"separate_mirage","eta1_C2",0.2,0.428609006752767,0.228609006752767
20260869,57,"separate_mirage","eta1_C3",0.5,0.0185084364924766,0.481491563507523
20260869,57,"separate_mirage","eta2_C1",0.03,0.00356584258928891,0.0264341574107111
20260869,57,"separate_mirage","eta2_C2",0.15,0.0405841900265962,0.109415809973404
20260869,57,"separate_mirage","eta2_C3",0.4,0.838511953913017,0.438511953913017
20260869,57,"mtada_aggregated","pi00",0.94,0.93183563,0.00816437000000003
20260869,57,"mtada_aggregated","pi10",0.04,0.04816437,0.00816437
20260869,57,"mtada_aggregated","pi01",0.01,0.01816437,0.00816437
20260869,57,"mtada_aggregated","pi11",0.01,0.00183563,0.00816437
20260870,58,"mirage_joint","pi00",0.94,0.885345595995015,0.0546544040049851
20260870,58,"mirage_joint","pi10",0.04,0.0486979216745428,0.00869792167454282
20260870,58,"mirage_joint","pi01",0.01,0.0216677935929752,0.0116677935929752
20260870,58,"mirage_joint","pi11",0.01,0.0442886887374671,0.0342886887374671
20260870,58,"mirage_joint","eta1_C1",0.05,0.0004637394016333,0.0495362605983667
20260870,58,"mirage_joint","eta1_C2",0.2,0.264335960671948,0.0643359606719485
20260870,58,"mirage_joint","eta1_C3",0.5,0.862177491406979,0.362177491406979
20260870,58,"mirage_joint","eta2_C1",0.03,0.160442266303525,0.130442266303525
20260870,58,"mirage_joint","eta2_C2",0.15,0.303765073433606,0.153765073433606
20260870,58,"mirage_joint","eta2_C3",0.4,0.104368749482331,0.295631250517669
20260870,58,"separate_mirage","pi00",0.94,0.931,0.00900000000000001
20260870,58,"separate_mirage","pi10",0.04,0.049,0.009
20260870,58,"separate_mirage","pi01",0.01,0.019,0.009
20260870,58,"separate_mirage","pi11",0.01,0.001,0.009
20260870,58,"separate_mirage","eta1_C1",0.05,0.000154106804734412,0.0498458931952656
20260870,58,"separate_mirage","eta1_C2",0.2,0.400410842286183,0.200410842286183
20260870,58,"separate_mirage","eta1_C3",0.5,0.999603814780489,0.499603814780489
20260870,58,"separate_mirage","eta2_C1",0.03,0.23824439659096,0.20824439659096
20260870,58,"separate_mirage","eta2_C2",0.15,0.60820617460273,0.45820617460273
20260870,58,"separate_mirage","eta2_C3",0.4,0.00991694713548909,0.390083052864511
20260870,58,"mtada_aggregated","pi00",0.94,0.93451133,0.00548866999999997
20260870,58,"mtada_aggregated","pi10",0.04,0.04548867,0.00548867
20260870,58,"mtada_aggregated","pi01",0.01,0.01548867,0.00548867
20260870,58,"mtada_aggregated","pi11",0.01,0.00451133,0.00548867
20260871,59,"mirage_joint","pi00",0.94,0.823791660523639,0.116208339476361
20260871,59,"mirage_joint","pi10",0.04,0.157944789554523,0.117944789554523
20260871,59,"mirage_joint","pi01",0.01,0.0159876020247025,0.00598760202470251
20260871,59,"mirage_joint","pi11",0.01,0.00227594789713639,0.00772405210286361
20260871,59,"mirage_joint","eta1_C1",0.05,0.0481537949724588,0.00184620502754121
20260871,59,"mirage_joint","eta1_C2",0.2,0.162991928922964,0.0370080710770363
20260871,59,"mirage_joint","eta1_C3",0.5,0.399831285161197,0.100168714838803
20260871,59,"mirage_joint","eta2_C1",0.03,0.0140056134448425,0.0159943865551575
20260871,59,"mirage_joint","eta2_C2",0.15,0.302878055321959,0.152878055321959
20260871,59,"mirage_joint","eta2_C3",0.4,0.592477266705179,0.192477266705179
20260871,59,"separate_mirage","pi00",0.94,0.931,0.00900000000000001
20260871,59,"separate_mirage","pi10",0.04,0.049,0.009
20260871,59,"separate_mirage","pi01",0.01,0.019,0.009
20260871,59,"separate_mirage","pi11",0.01,0.001,0.009
20260871,59,"separate_mirage","eta1_C1",0.05,0.0595123317556937,0.00951233175569369
20260871,59,"separate_mirage","eta1_C2",0.2,0.315966354833673,0.115966354833673
20260871,59,"separate_mirage","eta1_C3",0.5,0.749484450150858,0.249484450150858
20260871,59,"separate_mirage","eta2_C1",0.03,0.0116929455859301,0.0183070544140699
20260871,59,"separate_mirage","eta2_C2",0.15,0.309775726068101,0.159775726068101
20260871,59,"separate_mirage","eta2_C3",0.4,0.606059945050461,0.206059945050461
20260871,59,"mtada_aggregated","pi00",0.94,0.93243077,0.00756922999999998
20260871,59,"mtada_aggregated","pi10",0.04,0.04756923,0.00756923
20260871,59,"mtada_aggregated","pi01",0.01,0.01756923,0.00756923
20260871,59,"mtada_aggregated","pi11",0.01,0.00243077,0.00756923
20260872,60,"mirage_joint","pi00",0.94,0.858565387801014,0.0814346121989864
20260872,60,"mirage_joint","pi10",0.04,0.112046428055406,0.0720464280554062
20260872,60,"mirage_joint","pi01",0.01,0.0293695637407762,0.0193695637407762
20260872,60,"mirage_joint","pi11",0.01,1.86204028039968e-05,0.009981379597196
20260872,60,"mirage_joint","eta1_C1",0.05,0.013415552554672,0.036584447445328
20260872,60,"mirage_joint","eta1_C2",0.2,0.344160277357921,0.144160277357921
20260872,60,"mirage_joint","eta1_C3",0.5,0.357281967285897,0.142718032714103
20260872,60,"mirage_joint","eta2_C1",0.03,0.00160474228310711,0.0283952577168929
20260872,60,"mirage_joint","eta2_C2",0.15,0.0313974466150493,0.118602553384951
20260872,60,"mirage_joint","eta2_C3",0.4,0.971862286589209,0.571862286589209
20260872,60,"separate_mirage","pi00",0.94,0.931,0.00900000000000001
20260872,60,"separate_mirage","pi10",0.04,0.049,0.009
20260872,60,"separate_mirage","pi01",0.01,0.019,0.009
20260872,60,"separate_mirage","pi11",0.01,0.001,0.009
20260872,60,"separate_mirage","eta1_C1",0.05,0.00291358356114208,0.0470864164388579
20260872,60,"separate_mirage","eta1_C2",0.2,0.540478447172266,0.340478447172266
20260872,60,"separate_mirage","eta1_C3",0.5,0.600020714700262,0.100020714700262
20260872,60,"separate_mirage","eta2_C1",0.03,0.00133527192436001,0.02866472807564
20260872,60,"separate_mirage","eta2_C2",0.15,0.0380692837369251,0.111930716263075
20260872,60,"separate_mirage","eta2_C3",0.4,0.997926387441932,0.597926387441932
20260872,60,"mtada_aggregated","pi00",0.94,0.93152502,0.00847498000000002
20260872,60,"mtada_aggregated","pi10",0.04,0.04847498,0.00847498
20260872,60,"mtada_aggregated","pi01",0.01,0.01847498,0.00847498
20260872,60,"mtada_aggregated","pi11",0.01,0.00152502,0.00847498
20260873,61,"mirage_joint","pi00",0.94,0.92056456402604,0.0194354359739602
20260873,61,"mirage_joint","pi10",0.04,0.0667793703324897,0.0267793703324897
20260873,61,"mirage_joint","pi01",0.01,0.0025936440170026,0.0074063559829974
20260873,61,"mirage_joint","pi11",0.01,0.0100624216244681,6.24216244681196e-05
20260873,61,"mirage_joint","eta1_C1",0.05,0.00112498039033616,0.0488750196096638
20260873,61,"mirage_joint","eta1_C2",0.2,0.420998569631198,0.220998569631198
20260873,61,"mirage_joint","eta1_C3",0.5,0.277843255332535,0.222156744667465
20260873,61,"mirage_joint","eta2_C1",0.03,0.0862131535672311,0.0562131535672311
20260873,61,"mirage_joint","eta2_C2",0.15,0.000729015385507791,0.149270984614492
20260873,61,"mirage_joint","eta2_C3",0.4,0.0371653953336622,0.362834604666338
20260873,61,"separate_mirage","pi00",0.94,0.931,0.00900000000000001
20260873,61,"separate_mirage","pi10",0.04,0.049,0.009
20260873,61,"separate_mirage","pi01",0.01,0.019,0.009
20260873,61,"separate_mirage","pi11",0.01,0.001,0.009
20260873,61,"separate_mirage","eta1_C1",0.05,0.000477376324871135,0.0495226236751289
20260873,61,"separate_mirage","eta1_C2",0.2,0.511391923758932,0.311391923758932
20260873,61,"separate_mirage","eta1_C3",0.5,0.416722022812579,0.0832779771874214
20260873,61,"separate_mirage","eta2_C1",0.03,0.0535555212878928,0.0235555212878928
20260873,61,"separate_mirage","eta2_C2",0.15,0.00109134746592413,0.148908652534076
20260873,61,"separate_mirage","eta2_C3",0.4,0.019473167377013,0.380526832622987
20260873,61,"mtada_aggregated","pi00",0.94,0.93202316,0.00797683999999999
20260873,61,"mtada_aggregated","pi10",0.04,0.04797684,0.00797684
20260873,61,"mtada_aggregated","pi01",0.01,0.01797684,0.00797684
20260873,61,"mtada_aggregated","pi11",0.01,0.00202316,0.00797684
20260874,62,"mirage_joint","pi00",0.94,0.852037688438022,0.0879623115619776
20260874,62,"mirage_joint","pi10",0.04,0.118662876865444,0.0786628768654437
20260874,62,"mirage_joint","pi01",0.01,8.84660595568536e-05,0.00991153394044315
20260874,62,"mirage_joint","pi11",0.01,0.0292109686369771,0.0192109686369771
20260874,62,"mirage_joint","eta1_C1",0.05,0.100634236049027,0.0506342360490272
20260874,62,"mirage_joint","eta1_C2",0.2,0.39286568765272,0.19286568765272
20260874,62,"mirage_joint","eta1_C3",0.5,0.253816932158372,0.246183067841628
20260874,62,"mirage_joint","eta2_C1",0.03,0.0161518260725866,0.0138481739274134
20260874,62,"mirage_joint","eta2_C2",0.15,0.672191388994237,0.522191388994237
20260874,62,"mirage_joint","eta2_C3",0.4,0.666541298305795,0.266541298305795
20260874,62,"separate_mirage","pi00",0.94,0.931,0.00900000000000001
20260874,62,"separate_mirage","pi10",0.04,0.049,0.009
20260874,62,"separate_mirage","pi01",0.01,0.019,0.009
20260874,62,"separate_mirage","pi11",0.01,0.001,0.009
20260874,62,"separate_mirage","eta1_C1",0.05,0.100320746182452,0.0503207461824522
20260874,62,"separate_mirage","eta1_C2",0.2,0.78842261019207,0.58842261019207
20260874,62,"separate_mirage","eta1_C3",0.5,0.444226914033048,0.0557730859669521
20260874,62,"separate_mirage","eta2_C1",0.03,0.0459859627023439,0.0159859627023439
20260874,62,"separate_mirage","eta2_C2",0.15,0.655250359401268,0.505250359401268
20260874,62,"separate_mirage","eta2_C3",0.4,0.980473164288086,0.580473164288086
20260874,62,"mtada_aggregated","pi00",0.94,0.93231943,0.00768057
20260874,62,"mtada_aggregated","pi10",0.04,0.04768057,0.00768057
20260874,62,"mtada_aggregated","pi01",0.01,0.01768057,0.00768057
20260874,62,"mtada_aggregated","pi11",0.01,0.00231943,0.00768057
20260875,63,"mirage_joint","pi00",0.94,0.779089390133276,0.160910609866724
20260875,63,"mirage_joint","pi10",0.04,0.0683394877078144,0.0283394877078144
20260875,63,"mirage_joint","pi01",0.01,0.10847852874683,0.0984785287468299
20260875,63,"mirage_joint","pi11",0.01,0.0440925934120794,0.0340925934120794
20260875,63,"mirage_joint","eta1_C1",0.05,0.088848137042648,0.0388481370426479
20260875,63,"mirage_joint","eta1_C2",0.2,0.386394624349981,0.186394624349981
20260875,63,"mirage_joint","eta1_C3",0.5,0.185654848789567,0.314345151210433
20260875,63,"mirage_joint","eta2_C1",0.03,0.04067080964797,0.01067080964797
20260875,63,"mirage_joint","eta2_C2",0.15,0.192190538291466,0.0421905382914662
20260875,63,"mirage_joint","eta2_C3",0.4,0.339891434506323,0.0601085654936769
20260875,63,"separate_mirage","pi00",0.94,0.931,0.00900000000000001
20260875,63,"separate_mirage","pi10",0.04,0.049,0.009
20260875,63,"separate_mirage","pi01",0.01,0.019,0.009
20260875,63,"separate_mirage","pi11",0.01,0.001,0.009
20260875,63,"separate_mirage","eta1_C1",0.05,0.146340064454289,0.0963400644542886
20260875,63,"separate_mirage","eta1_C2",0.2,0.682704963418864,0.482704963418864
20260875,63,"separate_mirage","eta1_C3",0.5,0.279902697119038,0.220097302880962
20260875,63,"separate_mirage","eta2_C1",0.03,0.00788751914646896,0.022112480853531
20260875,63,"separate_mirage","eta2_C2",0.15,0.292503846070849,0.142503846070849
20260875,63,"separate_mirage","eta2_C3",0.4,0.831412776349092,0.431412776349092
20260875,63,"mtada_aggregated","pi00",0.94,0.930267382,0.00973261800000003
20260875,63,"mtada_aggregated","pi10",0.04,0.049732618,0.009732618
20260875,63,"mtada_aggregated","pi01",0.01,0.019732618,0.009732618
20260875,63,"mtada_aggregated","pi11",0.01,0.000267382,0.009732618
20260876,64,"mirage_joint","pi00",0.94,0.830701538071079,0.109298461928921
20260876,64,"mirage_joint","pi10",0.04,0.0396509523029552,0.000349047697044816
20260876,64,"mirage_joint","pi01",0.01,0.0955641325499621,0.0855641325499621
20260876,64,"mirage_joint","pi11",0.01,0.0340833770760033,0.0240833770760033
20260876,64,"mirage_joint","eta1_C1",0.05,0.045942977055431,0.00405702294456896
20260876,64,"mirage_joint","eta1_C2",0.2,0.236427173895293,0.0364271738952934
20260876,64,"mirage_joint","eta1_C3",0.5,0.930556234169216,0.430556234169216
20260876,64,"mirage_joint","eta2_C1",0.03,0.0016525249572086,0.0283474750427914
20260876,64,"mirage_joint","eta2_C2",0.15,0.252711925280298,0.102711925280298
20260876,64,"mirage_joint","eta2_C3",0.4,0.109163427519705,0.290836572480295
20260876,64,"separate_mirage","pi00",0.94,0.931,0.00900000000000001
20260876,64,"separate_mirage","pi10",0.04,0.049,0.009
20260876,64,"separate_mirage","pi01",0.01,0.019,0.009
20260876,64,"separate_mirage","pi11",0.01,0.001,0.009
20260876,64,"separate_mirage","eta1_C1",0.05,0.0582376218809771,0.00823762188097706
20260876,64,"separate_mirage","eta1_C2",0.2,0.319039382773078,0.119039382773078
20260876,64,"separate_mirage","eta1_C3",0.5,0.998736240079133,0.498736240079133
20260876,64,"separate_mirage","eta2_C1",0.03,0.000212522874560904,0.0297874771254391
20260876,64,"separate_mirage","eta2_C2",0.15,0.438896198863134,0.288896198863134
20260876,64,"separate_mirage","eta2_C3",0.4,0.30350815694708,0.0964918430529204
20260876,64,"mtada_aggregated","pi00",0.94,0.9336391,0.0063609
20260876,64,"mtada_aggregated","pi10",0.04,0.0463609,0.0063609
20260876,64,"mtada_aggregated","pi01",0.01,0.0163609,0.0063609
20260876,64,"mtada_aggregated","pi11",0.01,0.0036391,0.0063609
20260877,65,"mirage_joint","pi00",0.94,0.851505937539593,0.0884940624604068
20260877,65,"mirage_joint","pi10",0.04,0.104705405791023,0.0647054057910226
20260877,65,"mirage_joint","pi01",0.01,0.0413268723346873,0.0313268723346873
20260877,65,"mirage_joint","pi11",0.01,0.00246178433469688,0.00753821566530312
20260877,65,"mirage_joint","eta1_C1",0.05,0.0648458228895318,0.0148458228895318
20260877,65,"mirage_joint","eta1_C2",0.2,0.212496521526025,0.012496521526025
20260877,65,"mirage_joint","eta1_C3",0.5,0.442058613722019,0.057941386277981
20260877,65,"mirage_joint","eta2_C1",0.03,0.00227593119589561,0.0277240688041044
20260877,65,"mirage_joint","eta2_C2",0.15,0.0316972206059225,0.118302779394077
20260877,65,"mirage_joint","eta2_C3",0.4,0.343395085460527,0.056604914539473
20260877,65,"separate_mirage","pi00",0.94,0.931,0.00900000000000001
20260877,65,"separate_mirage","pi10",0.04,0.049,0.009
20260877,65,"separate_mirage","pi01",0.01,0.019,0.009
20260877,65,"separate_mirage","pi11",0.01,0.001,0.009
20260877,65,"separate_mirage","eta1_C1",0.05,0.0586013902968664,0.00860139029686641
20260877,65,"separate_mirage","eta1_C2",0.2,0.295919234387046,0.0959192343870461
20260877,65,"separate_mirage","eta1_C3",0.5,0.755235945047062,0.255235945047062
20260877,65,"separate_mirage","eta2_C1",0.03,0.00165487941324306,0.0283451205867569
20260877,65,"separate_mirage","eta2_C2",0.15,0.0128375609709481,0.137162439029052
20260877,65,"separate_mirage","eta2_C3",0.4,0.592378819707003,0.192378819707003
20260877,65,"mtada_aggregated","pi00",0.94,0.93313386,0.00686613999999997
20260877,65,"mtada_aggregated","pi10",0.04,0.04686614,0.00686614
20260877,65,"mtada_aggregated","pi01",0.01,0.01686614,0.00686614
20260877,65,"mtada_aggregated","pi11",0.01,0.00313386,0.00686614
20260878,66,"mirage_joint","pi00",0.94,0.819224401687309,0.120775598312691
20260878,66,"mirage_joint","pi10",0.04,0.0918821102736997,0.0518821102736997
20260878,66,"mirage_joint","pi01",0.01,0.00668940121025938,0.00331059878974062
20260878,66,"mirage_joint","pi11",0.01,0.0822040868287324,0.0722040868287324
20260878,66,"mirage_joint","eta1_C1",0.05,0.117378988601209,0.0673789886012092
20260878,66,"mirage_joint","eta1_C2",0.2,0.130218509782402,0.069781490217598
20260878,66,"mirage_joint","eta1_C3",0.5,0.352402274054286,0.147597725945714
20260878,66,"mirage_joint","eta2_C1",0.03,0.0817228843306848,0.0517228843306848
20260878,66,"mirage_joint","eta2_C2",0.15,0.109056561375377,0.0409434386246228
20260878,66,"mirage_joint","eta2_C3",0.4,0.145688320092424,0.254311679907576
20260878,66,"separate_mirage","pi00",0.94,0.931,0.00900000000000001
20260878,66,"separate_mirage","pi10",0.04,0.049,0.009
20260878,66,"separate_mirage","pi01",0.01,0.019,0.009
20260878,66,"separate_mirage","pi11",0.01,0.001,0.009
20260878,66,"separate_mirage","eta1_C1",0.05,0.232420241410257,0.182420241410257
20260878,66,"separate_mirage","eta1_C2",0.2,0.397978368023637,0.197978368023637
20260878,66,"separate_mirage","eta1_C3",0.5,0.502639420885326,0.00263942088532565
20260878,66,"separate_mirage","eta2_C1",0.03,0.0257794016032247,0.00422059839677526
20260878,66,"separate_mirage","eta2_C2",0.15,0.421286240040278,0.271286240040278
20260878,66,"separate_mirage","eta2_C3",0.4,0.988499614774339,0.588499614774339
20260878,66,"mtada_aggregated","pi00",0.94,0.93301465,0.00698535
20260878,66,"mtada_aggregated","pi10",0.04,0.04698535,0.00698535
20260878,66,"mtada_aggregated","pi01",0.01,0.01698535,0.00698535
20260878,66,"mtada_aggregated","pi11",0.01,0.00301465,0.00698535
20260879,67,"mirage_joint","pi00",0.94,0.844162526065009,0.0958374739349905
20260879,67,"mirage_joint","pi10",0.04,0.128054757236815,0.0880547572368151
20260879,67,"mirage_joint","pi01",0.01,0.00461013148923292,0.00538986851076708
20260879,67,"mirage_joint","pi11",0.01,0.0231725852089425,0.0131725852089425
20260879,67,"mirage_joint","eta1_C1",0.05,0.0622491231997263,0.0122491231997263
20260879,67,"mirage_joint","eta1_C2",0.2,0.156775535869136,0.0432244641308635
20260879,67,"mirage_joint","eta1_C3",0.5,0.246162735976256,0.253837264023744
20260879,67,"mirage_joint","eta2_C1",0.03,0.00123082913217879,0.0287691708678212
20260879,67,"mirage_joint","eta2_C2",0.15,0.027206320102177,0.122793679897823
20260879,67,"mirage_joint","eta2_C3",0.4,0.820549300368746,0.420549300368745
20260879,67,"separate_mirage","pi00",0.94,0.931,0.00900000000000001
20260879,67,"separate_mirage","pi10",0.04,0.049,0.009
20260879,67,"separate_mirage","pi01",0.01,0.019,0.009
20260879,67,"separate_mirage","pi11",0.01,0.001,0.009
20260879,67,"separate_mirage","eta1_C1",0.05,0.0490833526854768,0.000916647314523227
20260879,67,"separate_mirage","eta1_C2",0.2,0.323683829806205,0.123683829806205
20260879,67,"separate_mirage","eta1_C3",0.5,0.44612437341159,0.0538756265884102
20260879,67,"separate_mirage","eta2_C1",0.03,0.00118211009871462,0.0288178899012854
20260879,67,"separate_mirage","eta2_C2",0.15,0.0330819067705337,0.116918093229466
20260879,67,"separate_mirage","eta2_C3",0.4,0.872644337015731,0.472644337015731
20260879,67,"mtada_aggregated","pi00",0.94,0.93256263,0.00743737
20260879,67,"mtada_aggregated","pi10",0.04,0.04743737,0.00743737
20260879,67,"mtada_aggregated","pi01",0.01,0.01743737,0.00743737
20260879,67,"mtada_aggregated","pi11",0.01,0.00256263,0.00743737
20260880,68,"mirage_joint","pi00",0.94,0.87492480080655,0.0650751991934494
20260880,68,"mirage_joint","pi10",0.04,0.0923005869548609,0.0523005869548609
20260880,68,"mirage_joint","pi01",0.01,0.0326327688350106,0.0226327688350106
20260880,68,"mirage_joint","pi11",0.01,0.000141843403577926,0.00985815659642207
20260880,68,"mirage_joint","eta1_C1",0.05,0.201643251298093,0.151643251298093
20260880,68,"mirage_joint","eta1_C2",0.2,0.215695441605142,0.0156954416051423
20260880,68,"mirage_joint","eta1_C3",0.5,0.993696056836252,0.493696056836252
20260880,68,"mirage_joint","eta2_C1",0.03,0.032851787045533,0.00285178704553302
20260880,68,"mirage_joint","eta2_C2",0.15,0.0126432088645753,0.137356791135425
20260880,68,"mirage_joint","eta2_C3",0.4,0.986698979499522,0.586698979499522
20260880,68,"separate_mirage","pi00",0.94,0.931,0.00900000000000001
20260880,68,"separate_mirage","pi10",0.04,0.049,0.009
20260880,68,"separate_mirage","pi01",0.01,0.019,0.009
20260880,68,"separate_mirage","pi11",0.01,0.001,0.009
20260880,68,"separate_mirage","eta1_C1",0.05,0.278463161296629,0.228463161296629
20260880,68,"separate_mirage","eta1_C2",0.2,0.297184154367367,0.0971841543673665
20260880,68,"separate_mirage","eta1_C3",0.5,0.999993498200023,0.499993498200023
20260880,68,"separate_mirage","eta2_C1",0.03,0.068181514917645,0.0381815149176449
20260880,68,"separate_mirage","eta2_C2",0.15,0.00588745912159056,0.144112540878409
20260880,68,"separate_mirage","eta2_C3",0.4,0.999988097826726,0.599988097826726
20260880,68,"mtada_aggregated","pi00",0.94,0.93136623,0.00863376999999999
20260880,68,"mtada_aggregated","pi10",0.04,0.04863377,0.00863377
20260880,68,"mtada_aggregated","pi01",0.01,0.01863377,0.00863377
20260880,68,"mtada_aggregated","pi11",0.01,0.00136623,0.00863377
20260881,69,"mirage_joint","pi00",0.94,0.902352067938852,0.0376479320611475
20260881,69,"mirage_joint","pi10",0.04,0.0637429531598446,0.0237429531598446
20260881,69,"mirage_joint","pi01",0.01,0.00701340764034753,0.00298659235965248
20260881,69,"mirage_joint","pi11",0.01,0.0268915712609555,0.0168915712609555
20260881,69,"mirage_joint","eta1_C1",0.05,0.207099841060317,0.157099841060317
20260881,69,"mirage_joint","eta1_C2",0.2,0.0388140261608246,0.161185973839175
20260881,69,"mirage_joint","eta1_C3",0.5,0.12785782505154,0.37214217494846
20260881,69,"mirage_joint","eta2_C1",0.03,0.0388501074064136,0.00885010740641359
20260881,69,"mirage_joint","eta2_C2",0.15,0.634897166029215,0.484897166029215
20260881,69,"mirage_joint","eta2_C3",0.4,0.709888671662323,0.309888671662323
20260881,69,"separate_mirage","pi00",0.94,0.931,0.00900000000000001
20260881,69,"separate_mirage","pi10",0.04,0.049,0.009
20260881,69,"separate_mirage","pi01",0.01,0.019,0.009
20260881,69,"separate_mirage","pi11",0.01,0.001,0.009
20260881,69,"separate_mirage","eta1_C1",0.05,0.233054686273382,0.183054686273382
20260881,69,"separate_mirage","eta1_C2",0.2,0.0617978748332909,0.138202125166709
20260881,69,"separate_mirage","eta1_C3",0.5,0.241770792742055,0.258229207257945
20260881,69,"separate_mirage","eta2_C1",0.03,0.00888957061781801,0.021110429382182
20260881,69,"separate_mirage","eta2_C2",0.15,0.733920835496151,0.583920835496151
20260881,69,"separate_mirage","eta2_C3",0.4,0.863264944363282,0.463264944363282
20260881,69,"mtada_aggregated","pi00",0.94,0.93337096,0.00662903999999997
20260881,69,"mtada_aggregated","pi10",0.04,0.04662904,0.00662904
20260881,69,"mtada_aggregated","pi01",0.01,0.01662904,0.00662904
20260881,69,"mtada_aggregated","pi11",0.01,0.00337096,0.00662904
20260882,70,"mirage_joint","pi00",0.94,0.853301959023984,0.086698040976016
20260882,70,"mirage_joint","pi10",0.04,0.128629836579068,0.088629836579068
20260882,70,"mirage_joint","pi01",0.01,0.00133337210903546,0.00866662789096454
20260882,70,"mirage_joint","pi11",0.01,0.0167348322879125,0.00673483228791251
20260882,70,"mirage_joint","eta1_C1",0.05,0.0642550745943754,0.0142550745943754
20260882,70,"mirage_joint","eta1_C2",0.2,0.27977435561822,0.0797743556182204
20260882,70,"mirage_joint","eta1_C3",0.5,0.439214879159695,0.0607851208403054
20260882,70,"mirage_joint","eta2_C1",0.03,0.0054668381441417,0.0245331618558583
20260882,70,"mirage_joint","eta2_C2",0.15,0.182090278606107,0.0320902786061067
20260882,70,"mirage_joint","eta2_C3",0.4,0.855131037363263,0.455131037363263
20260882,70,"separate_mirage","pi00",0.94,0.931,0.00900000000000001
20260882,70,"separate_mirage","pi10",0.04,0.049,0.009
20260882,70,"separate_mirage","pi01",0.01,0.019,0.009
20260882,70,"separate_mirage","pi11",0.01,0.001,0.009
20260882,70,"separate_mirage","eta1_C1",0.05,0.0850214214695142,0.0350214214695142
20260882,70,"separate_mirage","eta1_C2",0.2,0.537360674221358,0.337360674221358
20260882,70,"separate_mirage","eta1_C3",0.5,0.693858855952435,0.193858855952435
20260882,70,"separate_mirage","eta2_C1",0.03,0.00402809245418376,0.0259719075458162
20260882,70,"separate_mirage","eta2_C2",0.15,0.145160610918976,0.00483938908102419
20260882,70,"separate_mirage","eta2_C3",0.4,0.762621174667839,0.362621174667839
20260882,70,"mtada_aggregated","pi00",0.94,0.93271949,0.00728050999999996
20260882,70,"mtada_aggregated","pi10",0.04,0.04728051,0.00728051
20260882,70,"mtada_aggregated","pi01",0.01,0.01728051,0.00728051
20260882,70,"mtada_aggregated","pi11",0.01,0.00271949,0.00728051
20260883,71,"mirage_joint","pi00",0.94,0.91306726661616,0.0269327333838395
20260883,71,"mirage_joint","pi10",0.04,0.00675073035243912,0.0332492696475609
20260883,71,"mirage_joint","pi01",0.01,0.0257833195618015,0.0157833195618015
20260883,71,"mirage_joint","pi11",0.01,0.0543986834695989,0.0443986834695989
20260883,71,"mirage_joint","eta1_C1",0.05,0.00443532845656438,0.0455646715434356
20260883,71,"mirage_joint","eta1_C2",0.2,0.547311043519852,0.347311043519852
20260883,71,"mirage_joint","eta1_C3",0.5,0.543118648905343,0.0431186489053429
20260883,71,"mirage_joint","eta2_C1",0.03,0.274203385804502,0.244203385804502
20260883,71,"mirage_joint","eta2_C2",0.15,0.0741002306925426,0.0758997693074574
20260883,71,"mirage_joint","eta2_C3",0.4,0.00363860377484682,0.396361396225153
20260883,71,"separate_mirage","pi00",0.94,0.931,0.00900000000000001
20260883,71,"separate_mirage","pi10",0.04,0.049,0.009
20260883,71,"separate_mirage","pi01",0.01,0.019,0.009
20260883,71,"separate_mirage","pi11",0.01,0.001,0.009
20260883,71,"separate_mirage","eta1_C1",0.05,0.00547232372089981,0.0445276762791002
20260883,71,"separate_mirage","eta1_C2",0.2,0.512784065062184,0.312784065062184
20260883,71,"separate_mirage","eta1_C3",0.5,0.630437195971515,0.130437195971515
20260883,71,"separate_mirage","eta2_C1",0.03,0.639860832156179,0.609860832156178
20260883,71,"separate_mirage","eta2_C2",0.15,0.000251911631052187,0.149748088368948
20260883,71,"separate_mirage","eta2_C3",0.4,0.000156903012800052,0.3998430969872
20260883,71,"mtada_aggregated","pi00",0.94,0.93280324,0.00719676000000002
20260883,71,"mtada_aggregated","pi10",0.04,0.04719676,0.00719676
20260883,71,"mtada_aggregated","pi01",0.01,0.01719676,0.00719676
20260883,71,"mtada_aggregated","pi11",0.01,0.00280324,0.00719676
20260884,72,"mirage_joint","pi00",0.94,0.750684392240965,0.189315607759035
20260884,72,"mirage_joint","pi10",0.04,0.1542377826939,0.1142377826939
20260884,72,"mirage_joint","pi01",0.01,0.0252878982139266,0.0152878982139266
20260884,72,"mirage_joint","pi11",0.01,0.0697899268512084,0.0597899268512084
20260884,72,"mirage_joint","eta1_C1",0.05,0.0924216844842155,0.0424216844842155
20260884,72,"mirage_joint","eta1_C2",0.2,0.223358239988931,0.0233582399889309
20260884,72,"mirage_joint","eta1_C3",0.5,0.399131144745244,0.100868855254756
20260884,72,"mirage_joint","eta2_C1",0.03,0.103049775430173,0.0730497754301726
20260884,72,"mirage_joint","eta2_C2",0.15,0.0161469570882008,0.133853042911799
20260884,72,"mirage_joint","eta2_C3",0.4,0.399267117464375,0.000732882535624979
20260884,72,"separate_mirage","pi00",0.94,0.931,0.00900000000000001
20260884,72,"separate_mirage","pi10",0.04,0.049,0.009
20260884,72,"separate_mirage","pi01",0.01,0.019,0.009
20260884,72,"separate_mirage","pi11",0.01,0.001,0.009
20260884,72,"separate_mirage","eta1_C1",0.05,0.145679333388203,0.0956793333882029
20260884,72,"separate_mirage","eta1_C2",0.2,0.527141441995589,0.327141441995589
20260884,72,"separate_mirage","eta1_C3",0.5,0.85859667142674,0.358596671426739
20260884,72,"separate_mirage","eta2_C1",0.03,0.342014032541063,0.312014032541063
20260884,72,"separate_mirage","eta2_C2",0.15,0.00285249929021498,0.147147500709785
20260884,72,"separate_mirage","eta2_C3",0.4,0.65165319959395,0.25165319959395
20260884,72,"mtada_aggregated","pi00",0.94,0.93120593,0.00879406999999999
20260884,72,"mtada_aggregated","pi10",0.04,0.04879407,0.00879407
20260884,72,"mtada_aggregated","pi01",0.01,0.01879407,0.00879407
20260884,72,"mtada_aggregated","pi11",0.01,0.00120593,0.00879407
20260885,73,"mirage_joint","pi00",0.94,0.89301023826574,0.0469897617342604
20260885,73,"mirage_joint","pi10",0.04,0.0329542166410479,0.00704578335895212
20260885,73,"mirage_joint","pi01",0.01,0.0464641763121767,0.0364641763121767
20260885,73,"mirage_joint","pi11",0.01,0.027571368781036,0.017571368781036
20260885,73,"mirage_joint","eta1_C1",0.05,0.00146615936107975,0.0485338406389203
20260885,73,"mirage_joint","eta1_C2",0.2,0.202465945444994,0.00246594544499407
20260885,73,"mirage_joint","eta1_C3",0.5,0.946571463244227,0.446571463244227
20260885,73,"mirage_joint","eta2_C1",0.03,0.0151791296823623,0.0148208703176377
20260885,73,"mirage_joint","eta2_C2",0.15,0.304288834268898,0.154288834268898
20260885,73,"mirage_joint","eta2_C3",0.4,0.00210105429524212,0.397898945704758
20260885,73,"separate_mirage","pi00",0.94,0.931,0.00900000000000001
20260885,73,"separate_mirage","pi10",0.04,0.049,0.009
20260885,73,"separate_mirage","pi01",0.01,0.019,0.009
20260885,73,"separate_mirage","pi11",0.01,0.001,0.009
20260885,73,"separate_mirage","eta1_C1",0.05,0.000970892802846414,0.0490291071971536
20260885,73,"separate_mirage","eta1_C2",0.2,0.194136197754524,0.00586380224547609
20260885,73,"separate_mirage","eta1_C3",0.5,0.995721023168981,0.495721023168981
20260885,73,"separate_mirage","eta2_C1",0.03,0.0134775025184703,0.0165224974815297
20260885,73,"separate_mirage","eta2_C2",0.15,0.414926230383622,0.264926230383622
20260885,73,"separate_mirage","eta2_C3",0.4,0.0107748716441329,0.389225128355867
20260885,73,"mtada_aggregated","pi00",0.94,0.93116971,0.00883029000000002
20260885,73,"mtada_aggregated","pi10",0.04,0.04883029,0.00883029
20260885,73,"mtada_aggregated","pi01",0.01,0.01883029,0.00883029
20260885,73,"mtada_aggregated","pi11",0.01,0.00116971,0.00883029
20260886,74,"mirage_joint","pi00",0.94,0.877979952723543,0.0620200472764568
20260886,74,"mirage_joint","pi10",0.04,0.0787207320362497,0.0387207320362497
20260886,74,"mirage_joint","pi01",0.01,0.000828043160322554,0.00917195683967745
20260886,74,"mirage_joint","pi11",0.01,0.0424712720798847,0.0324712720798847
20260886,74,"mirage_joint","eta1_C1",0.05,0.00600564710661119,0.0439943528933888
20260886,74,"mirage_joint","eta1_C2",0.2,0.412542044633824,0.212542044633824
20260886,74,"mirage_joint","eta1_C3",0.5,0.490477898746109,0.00952210125389108
20260886,74,"mirage_joint","eta2_C1",0.03,0.0135985063107568,0.0164014936892432
20260886,74,"mirage_joint","eta2_C2",0.15,0.35862847193194,0.20862847193194
20260886,74,"mirage_joint","eta2_C3",0.4,0.269218284393711,0.130781715606289
20260886,74,"separate_mirage","pi00",0.94,0.931,0.00900000000000001
20260886,74,"separate_mirage","pi10",0.04,0.049,0.009
20260886,74,"separate_mirage","pi01",0.01,0.019,0.009
20260886,74,"separate_mirage","pi11",0.01,0.001,0.009
20260886,74,"separate_mirage","eta1_C1",0.05,0.0133328207862407,0.0366671792137594
20260886,74,"separate_mirage","eta1_C2",0.2,0.670377950370224,0.470377950370224
20260886,74,"separate_mirage","eta1_C3",0.5,0.652201974599551,0.152201974599551
20260886,74,"separate_mirage","eta2_C1",0.03,0.0105342179868658,0.0194657820131342
20260886,74,"separate_mirage","eta2_C2",0.15,0.666327550431505,0.516327550431505
20260886,74,"separate_mirage","eta2_C3",0.4,0.377250300533681,0.0227496994663189
20260886,74,"mtada_aggregated","pi00",0.94,0.93230247,0.00769753000000006
20260886,74,"mtada_aggregated","pi10",0.04,0.04769753,0.00769753
20260886,74,"mtada_aggregated","pi01",0.01,0.01769753,0.00769753
20260886,74,"mtada_aggregated","pi11",0.01,0.00230247,0.00769753
20260887,75,"mirage_joint","pi00",0.94,0.82365629369141,0.11634370630859
20260887,75,"mirage_joint","pi10",0.04,0.092807729725622,0.0528077297256221
20260887,75,"mirage_joint","pi01",0.01,0.030759800731327,0.020759800731327
20260887,75,"mirage_joint","pi11",0.01,0.0527761758516407,0.0427761758516407
20260887,75,"mirage_joint","eta1_C1",0.05,0.256179905532782,0.206179905532782
20260887,75,"mirage_joint","eta1_C2",0.2,0.144276288116278,0.0557237118837221
20260887,75,"mirage_joint","eta1_C3",0.5,0.272773201722121,0.227226798277879
20260887,75,"mirage_joint","eta2_C1",0.03,0.00839850544917585,0.0216014945508242
20260887,75,"mirage_joint","eta2_C2",0.15,0.156714224990575,0.00671422499057536
20260887,75,"mirage_joint","eta2_C3",0.4,0.226520103687356,0.173479896312644
20260887,75,"separate_mirage","pi00",0.94,0.931,0.00900000000000001
20260887,75,"separate_mirage","pi10",0.04,0.049,0.009
20260887,75,"separate_mirage","pi01",0.01,0.019,0.009
20260887,75,"separate_mirage","pi11",0.01,0.001,0.009
20260887,75,"separate_mirage","eta1_C1",0.05,0.483224761168153,0.433224761168153
20260887,75,"separate_mirage","eta1_C2",0.2,0.248628468486695,0.0486284684866947
20260887,75,"separate_mirage","eta1_C3",0.5,0.618041659870864,0.118041659870864
20260887,75,"separate_mirage","eta2_C1",0.03,0.0356562367766829,0.0056562367766829
20260887,75,"separate_mirage","eta2_C2",0.15,0.293334583296044,0.143334583296044
20260887,75,"separate_mirage","eta2_C3",0.4,0.688178590147126,0.288178590147126
20260887,75,"mtada_aggregated","pi00",0.94,0.9316315,0.0083685
20260887,75,"mtada_aggregated","pi10",0.04,0.0483685,0.0083685
20260887,75,"mtada_aggregated","pi01",0.01,0.0183685,0.0083685
20260887,75,"mtada_aggregated","pi11",0.01,0.0016315,0.0083685
20260888,76,"mirage_joint","pi00",0.94,0.821538433766228,0.118461566233771
20260888,76,"mirage_joint","pi10",0.04,0.136401220047801,0.0964012200478013
20260888,76,"mirage_joint","pi01",0.01,0.0393409462100127,0.0293409462100127
20260888,76,"mirage_joint","pi11",0.01,0.00271939997595751,0.00728060002404249
20260888,76,"mirage_joint","eta1_C1",0.05,0.0644877090204205,0.0144877090204205
20260888,76,"mirage_joint","eta1_C2",0.2,0.0685306755737876,0.131469324426212
20260888,76,"mirage_joint","eta1_C3",0.5,0.511799673168415,0.0117996731684152
20260888,76,"mirage_joint","eta2_C1",0.03,0.0103313685251874,0.0196686314748126
20260888,76,"mirage_joint","eta2_C2",0.15,0.024206498983354,0.125793501016646
20260888,76,"mirage_joint","eta2_C3",0.4,0.735159159422245,0.335159159422245
20260888,76,"separate_mirage","pi00",0.94,0.931,0.00900000000000001
20260888,76,"separate_mirage","pi10",0.04,0.049,0.009
20260888,76,"separate_mirage","pi01",0.01,0.019,0.009
20260888,76,"separate_mirage","pi11",0.01,0.001,0.009
20260888,76,"separate_mirage","eta1_C1",0.05,0.132086628602361,0.0820866286023608
20260888,76,"separate_mirage","eta1_C2",0.2,0.093417438162861,0.106582561837139
20260888,76,"separate_mirage","eta1_C3",0.5,0.835505363407771,0.335505363407771
20260888,76,"separate_mirage","eta2_C1",0.03,0.0109209369663228,0.0190790630336772
20260888,76,"separate_mirage","eta2_C2",0.15,0.0320231411016092,0.117976858898391
20260888,76,"separate_mirage","eta2_C3",0.4,0.990642295824473,0.590642295824473
20260888,76,"mtada_aggregated","pi00",0.94,0.93156671,0.00843329000000004
20260888,76,"mtada_aggregated","pi10",0.04,0.04843329,0.00843329
20260888,76,"mtada_aggregated","pi01",0.01,0.01843329,0.00843329
20260888,76,"mtada_aggregated","pi11",0.01,0.00156671,0.00843329
20260889,77,"mirage_joint","pi00",0.94,0.87838491153251,0.0616150884674898
20260889,77,"mirage_joint","pi10",0.04,0.0803721199194737,0.0403721199194737
20260889,77,"mirage_joint","pi01",0.01,0.00279689066677295,0.00720310933322705
20260889,77,"mirage_joint","pi11",0.01,0.0384460778812432,0.0284460778812432
20260889,77,"mirage_joint","eta1_C1",0.05,0.0958031231589386,0.0458031231589386
20260889,77,"mirage_joint","eta1_C2",0.2,0.128034669279374,0.0719653307206259
20260889,77,"mirage_joint","eta1_C3",0.5,0.731118152048686,0.231118152048686
20260889,77,"mirage_joint","eta2_C1",0.03,0.0348908729347929,0.00489087293479286
20260889,77,"mirage_joint","eta2_C2",0.15,0.302692688547386,0.152692688547386
20260889,77,"mirage_joint","eta2_C3",0.4,0.153700872621405,0.246299127378595
20260889,77,"separate_mirage","pi00",0.94,0.931,0.00900000000000001
20260889,77,"separate_mirage","pi10",0.04,0.049,0.009
20260889,77,"separate_mirage","pi01",0.01,0.019,0.009
20260889,77,"separate_mirage","pi11",0.01,0.001,0.009
20260889,77,"separate_mirage","eta1_C1",0.05,0.194817759782197,0.144817759782197
20260889,77,"separate_mirage","eta1_C2",0.2,0.260981855364322,0.0609818553643218
20260889,77,"separate_mirage","eta1_C3",0.5,0.995235812925483,0.495235812925483
20260889,77,"separate_mirage","eta2_C1",0.03,0.0415721128116048,0.0115721128116048
20260889,77,"separate_mirage","eta2_C2",0.15,0.505745614124803,0.355745614124803
20260889,77,"separate_mirage","eta2_C3",0.4,0.000649659886737101,0.399350340113263
20260889,77,"mtada_aggregated","pi00",0.94,0.93203848,0.00796152000000006
20260889,77,"mtada_aggregated","pi10",0.04,0.04796152,0.00796152
20260889,77,"mtada_aggregated","pi01",0.01,0.01796152,0.00796152
20260889,77,"mtada_aggregated","pi11",0.01,0.00203848,0.00796152
20260890,78,"mirage_joint","pi00",0.94,0.882831238630923,0.0571687613690766
20260890,78,"mirage_joint","pi10",0.04,0.105677395249538,0.0656773952495384
20260890,78,"mirage_joint","pi01",0.01,0.00692101437171396,0.00307898562828604
20260890,78,"mirage_joint","pi11",0.01,0.00457035174782412,0.00542964825217588
20260890,78,"mirage_joint","eta1_C1",0.05,0.0496096321042174,0.000390367895782638
20260890,78,"mirage_joint","eta1_C2",0.2,0.234411912905963,0.034411912905963
20260890,78,"mirage_joint","eta1_C3",0.5,0.708976713348217,0.208976713348217
20260890,78,"mirage_joint","eta2_C1",0.03,0.00369571554967866,0.0263042844503213
20260890,78,"mirage_joint","eta2_C2",0.15,0.0801740772254143,0.0698259227745857
20260890,78,"mirage_joint","eta2_C3",0.4,0.05221335632216,0.34778664367784
20260890,78,"separate_mirage","pi00",0.94,0.931,0.00900000000000001
20260890,78,"separate_mirage","pi10",0.04,0.049,0.009
20260890,78,"separate_mirage","pi01",0.01,0.019,0.009
20260890,78,"separate_mirage","pi11",0.01,0.001,0.009
20260890,78,"separate_mirage","eta1_C1",0.05,0.0897978658290972,0.0397978658290972
20260890,78,"separate_mirage","eta1_C2",0.2,0.338852072778808,0.138852072778808
20260890,78,"separate_mirage","eta1_C3",0.5,0.971789686733183,0.471789686733183
20260890,78,"separate_mirage","eta2_C1",0.03,0.00798213500980061,0.0220178649901994
20260890,78,"separate_mirage","eta2_C2",0.15,0.111736899306283,0.0382631006937165
20260890,78,"separate_mirage","eta2_C3",0.4,0.0665049146364999,0.3334950853635
20260890,78,"mtada_aggregated","pi00",0.94,0.93167368,0.00832632
20260890,78,"mtada_aggregated","pi10",0.04,0.04832632,0.00832632
20260890,78,"mtada_aggregated","pi01",0.01,0.01832632,0.00832632
20260890,78,"mtada_aggregated","pi11",0.01,0.00167368,0.00832632
20260891,79,"mirage_joint","pi00",0.94,0.908859336207843,0.0311406637921569
20260891,79,"mirage_joint","pi10",0.04,0.0124032235634458,0.0275967764365542
20260891,79,"mirage_joint","pi01",0.01,0.000700275824967822,0.00929972417503218
20260891,79,"mirage_joint","pi11",0.01,0.0780371644037434,0.0680371644037434
20260891,79,"mirage_joint","eta1_C1",0.05,0.198878533917215,0.148878533917215
20260891,79,"mirage_joint","eta1_C2",0.2,0.344192248252719,0.144192248252719
20260891,79,"mirage_joint","eta1_C3",0.5,0.478126986320696,0.0218730136793044
20260891,79,"mirage_joint","eta2_C1",0.03,0.107135939462616,0.0771359394626158
20260891,79,"mirage_joint","eta2_C2",0.15,0.0308295955573247,0.119170404442675
20260891,79,"mirage_joint","eta2_C3",0.4,0.390993234279403,0.00900676572059717
20260891,79,"separate_mirage","pi00",0.94,0.931,0.00900000000000001
20260891,79,"separate_mirage","pi10",0.04,0.049,0.009
20260891,79,"separate_mirage","pi01",0.01,0.019,0.009
20260891,79,"separate_mirage","pi11",0.01,0.001,0.009
20260891,79,"separate_mirage","eta1_C1",0.05,0.200527317114375,0.150527317114375
20260891,79,"separate_mirage","eta1_C2",0.2,0.439936789322793,0.239936789322793
20260891,79,"separate_mirage","eta1_C3",0.5,0.751950781444932,0.251950781444932
20260891,79,"separate_mirage","eta2_C1",0.03,0.0856635403565201,0.0556635403565201
20260891,79,"separate_mirage","eta2_C2",0.15,0.299179112055657,0.149179112055657
20260891,79,"separate_mirage","eta2_C3",0.4,0.309289482159443,0.0907105178405575
20260891,79,"mtada_aggregated","pi00",0.94,0.93216479,0.00783520999999998
20260891,79,"mtada_aggregated","pi10",0.04,0.04783521,0.00783521
20260891,79,"mtada_aggregated","pi01",0.01,0.01783521,0.00783521
20260891,79,"mtada_aggregated","pi11",0.01,0.00216479,0.00783521
20260892,80,"mirage_joint","pi00",0.94,0.817193425245769,0.122806574754231
20260892,80,"mirage_joint","pi10",0.04,0.0822307652926079,0.0422307652926079
20260892,80,"mirage_joint","pi01",0.01,0.0937894140545171,0.0837894140545171
20260892,80,"mirage_joint","pi11",0.01,0.00678639540710577,0.00321360459289423
20260892,80,"mirage_joint","eta1_C1",0.05,0.160860918846461,0.110860918846461
20260892,80,"mirage_joint","eta1_C2",0.2,0.130663628840677,0.0693363711593229
20260892,80,"mirage_joint","eta1_C3",0.5,0.715842632819735,0.215842632819735
20260892,80,"mirage_joint","eta2_C1",0.03,0.00212408520043483,0.0278759147995652
20260892,80,"mirage_joint","eta2_C2",0.15,0.00165950282624858,0.148340497173751
20260892,80,"mirage_joint","eta2_C3",0.4,0.772995819278173,0.372995819278173
20260892,80,"separate_mirage","pi00",0.94,0.931,0.00900000000000001
20260892,80,"separate_mirage","pi10",0.04,0.049,0.009
20260892,80,"separate_mirage","pi01",0.01,0.019,0.009
20260892,80,"separate_mirage","pi11",0.01,0.001,0.009
20260892,80,"separate_mirage","eta1_C1",0.05,0.208689016910347,0.158689016910347
20260892,80,"separate_mirage","eta1_C2",0.2,0.19339611439373,0.00660388560627034
20260892,80,"separate_mirage","eta1_C3",0.5,0.889294518064259,0.389294518064259
20260892,80,"separate_mirage","eta2_C1",0.03,0.000801804217648147,0.0291981957823519
20260892,80,"separate_mirage","eta2_C2",0.15,0.0055856860478779,0.144414313952122
20260892,80,"separate_mirage","eta2_C3",0.4,0.999982569035314,0.599982569035314
20260892,80,"mtada_aggregated","pi00",0.94,0.93155291,0.00844708999999999
20260892,80,"mtada_aggregated","pi10",0.04,0.04844709,0.00844709
20260892,80,"mtada_aggregated","pi01",0.01,0.01844709,0.00844709
20260892,80,"mtada_aggregated","pi11",0.01,0.00155291,0.00844709
20260893,81,"mirage_joint","pi00",0.94,0.824239725114686,0.115760274885314
20260893,81,"mirage_joint","pi10",0.04,0.145001529755113,0.105001529755113
20260893,81,"mirage_joint","pi01",0.01,0.00712396893874587,0.00287603106125413
20260893,81,"mirage_joint","pi11",0.01,0.0236347761914557,0.0136347761914557
20260893,81,"mirage_joint","eta1_C1",0.05,0.0590009146870781,0.00900091468707814
20260893,81,"mirage_joint","eta1_C2",0.2,0.219783388398674,0.0197833883986735
20260893,81,"mirage_joint","eta1_C3",0.5,0.515960073638491,0.0159600736384907
20260893,81,"mirage_joint","eta2_C1",0.03,0.00839949681486859,0.0216005031851314
20260893,81,"mirage_joint","eta2_C2",0.15,0.382666599360328,0.232666599360328
20260893,81,"mirage_joint","eta2_C3",0.4,0.920391941753498,0.520391941753498
20260893,81,"separate_mirage","pi00",0.94,0.931,0.00900000000000001
20260893,81,"separate_mirage","pi10",0.04,0.049,0.009
20260893,81,"separate_mirage","pi01",0.01,0.019,0.009
20260893,81,"separate_mirage","pi11",0.01,0.001,0.009
20260893,81,"separate_mirage","eta1_C1",0.05,0.0168880296571054,0.0331119703428946
20260893,81,"separate_mirage","eta1_C2",0.2,0.335688831963447,0.135688831963447
20260893,81,"separate_mirage","eta1_C3",0.5,0.977431454791965,0.477431454791965
20260893,81,"separate_mirage","eta2_C1",0.03,0.0224072364991919,0.00759276350080811
20260893,81,"separate_mirage","eta2_C2",0.15,0.473569735598741,0.323569735598741
20260893,81,"separate_mirage","eta2_C3",0.4,0.999746957110054,0.599746957110054
20260893,81,"mtada_aggregated","pi00",0.94,0.93114257,0.00885743000000005
20260893,81,"mtada_aggregated","pi10",0.04,0.04885743,0.00885743
20260893,81,"mtada_aggregated","pi01",0.01,0.01885743,0.00885743
20260893,81,"mtada_aggregated","pi11",0.01,0.00114257,0.00885743
20260894,82,"mirage_joint","pi00",0.94,0.678633844472948,0.261366155527052
20260894,82,"mirage_joint","pi10",0.04,0.209089762764026,0.169089762764026
20260894,82,"mirage_joint","pi01",0.01,0.109957617814354,0.0999576178143542
20260894,82,"mirage_joint","pi11",0.01,0.0023187749486714,0.0076812250513286
20260894,82,"mirage_joint","eta1_C1",0.05,0.0102893297833643,0.0397106702166358
20260894,82,"mirage_joint","eta1_C2",0.2,0.26555837281904,0.0655583728190403
20260894,82,"mirage_joint","eta1_C3",0.5,0.195977658835258,0.304022341164742
20260894,82,"mirage_joint","eta2_C1",0.03,0.00143795939921576,0.0285620406007842
20260894,82,"mirage_joint","eta2_C2",0.15,0.00195181910898099,0.148048180891019
20260894,82,"mirage_joint","eta2_C3",0.4,0.467187424591201,0.0671874245912006
20260894,82,"separate_mirage","pi00",0.94,0.931,0.00900000000000001
20260894,82,"separate_mirage","pi10",0.04,0.049,0.009
20260894,82,"separate_mirage","pi01",0.01,0.019,0.009
20260894,82,"separate_mirage","pi11",0.01,0.001,0.009
20260894,82,"separate_mirage","eta1_C1",0.05,0.0101265263427834,0.0398734736572166
20260894,82,"separate_mirage","eta1_C2",0.2,0.42443125463014,0.224431254630139
20260894,82,"separate_mirage","eta1_C3",0.5,0.635095579410717,0.135095579410717
20260894,82,"separate_mirage","eta2_C1",0.03,0.00161482172984708,0.0283851782701529
20260894,82,"separate_mirage","eta2_C2",0.15,5.02004405040982e-05,0.149949799559496
20260894,82,"separate_mirage","eta2_C3",0.4,0.932535143621454,0.532535143621453
20260894,82,"mtada_aggregated","pi00",0.94,0.930437114,0.00956288599999999
20260894,82,"mtada_aggregated","pi10",0.04,0.049562886,0.009562886
20260894,82,"mtada_aggregated","pi01",0.01,0.019562886,0.009562886
20260894,82,"mtada_aggregated","pi11",0.01,0.000437114,0.009562886
20260895,83,"mirage_joint","pi00",0.94,0.816966516657223,0.123033483342777
20260895,83,"mirage_joint","pi10",0.04,0.0150474850739919,0.0249525149260081
20260895,83,"mirage_joint","pi01",0.01,0.0754170553278805,0.0654170553278805
20260895,83,"mirage_joint","pi11",0.01,0.0925689429409045,0.0825689429409045
20260895,83,"mirage_joint","eta1_C1",0.05,0.069629694052242,0.019629694052242
20260895,83,"mirage_joint","eta1_C2",0.2,0.235635863584093,0.035635863584093
20260895,83,"mirage_joint","eta1_C3",0.5,0.00394396433701607,0.496056035662984
20260895,83,"mirage_joint","eta2_C1",0.03,0.125384353394023,0.0953843533940227
20260895,83,"mirage_joint","eta2_C2",0.15,0.208848748306684,0.0588487483066844
20260895,83,"mirage_joint","eta2_C3",0.4,0.197166866732779,0.202833133267221
20260895,83,"separate_mirage","pi00",0.94,0.931,0.00900000000000001
20260895,83,"separate_mirage","pi10",0.04,0.049,0.009
20260895,83,"separate_mirage","pi01",0.01,0.019,0.009
20260895,83,"separate_mirage","pi11",0.01,0.001,0.009
20260895,83,"separate_mirage","eta1_C1",0.05,0.142211809109699,0.0922118091096989
20260895,83,"separate_mirage","eta1_C2",0.2,0.460888392846504,0.260888392846504
20260895,83,"separate_mirage","eta1_C3",0.5,0.0313307246578951,0.468669275342105
20260895,83,"separate_mirage","eta2_C1",0.03,0.576294999750676,0.546294999750676
20260895,83,"separate_mirage","eta2_C2",0.15,0.618108846108463,0.468108846108463
20260895,83,"separate_mirage","eta2_C3",0.4,0.410457494615999,0.010457494615999
20260895,83,"mtada_aggregated","pi00",0.94,0.93205284,0.00794716000000006
20260895,83,"mtada_aggregated","pi10",0.04,0.04794716,0.00794716
20260895,83,"mtada_aggregated","pi01",0.01,0.01794716,0.00794716
20260895,83,"mtada_aggregated","pi11",0.01,0.00205284,0.00794716
20260896,84,"mirage_joint","pi00",0.94,0.947463747768361,0.00746374776836067
20260896,84,"mirage_joint","pi10",0.04,0.000121420242084889,0.0398785797579151
20260896,84,"mirage_joint","pi01",0.01,0.0304499909570419,0.0204499909570419
20260896,84,"mirage_joint","pi11",0.01,0.0219648410325127,0.0119648410325127
20260896,84,"mirage_joint","eta1_C1",0.05,0.226923663634212,0.176923663634212
20260896,84,"mirage_joint","eta1_C2",0.2,0.355033275955925,0.155033275955925
20260896,84,"mirage_joint","eta1_C3",0.5,0.665699788854067,0.165699788854067
20260896,84,"mirage_joint","eta2_C1",0.03,0.00729962792271001,0.02270037207729
20260896,84,"mirage_joint","eta2_C2",0.15,0.230447899921505,0.0804478999215049
20260896,84,"mirage_joint","eta2_C3",0.4,0.406504992441626,0.00650499244162556
20260896,84,"separate_mirage","pi00",0.94,0.931,0.00900000000000001
20260896,84,"separate_mirage","pi10",0.04,0.049,0.009
20260896,84,"separate_mirage","pi01",0.01,0.019,0.009
20260896,84,"separate_mirage","pi11",0.01,0.001,0.009
20260896,84,"separate_mirage","eta1_C1",0.05,0.00728165190185188,0.0427183480981481
20260896,84,"separate_mirage","eta1_C2",0.2,0.231113546114729,0.0311135461147293
20260896,84,"separate_mirage","eta1_C3",0.5,0.40860190656259,0.0913980934374103
20260896,84,"separate_mirage","eta2_C1",0.03,0.0102005051138553,0.0197994948861447
20260896,84,"separate_mirage","eta2_C2",0.15,0.396194240118918,0.246194240118918
20260896,84,"separate_mirage","eta2_C3",0.4,0.537953993975754,0.137953993975754
20260896,84,"mtada_aggregated","pi00",0.94,0.93204154,0.00795846
20260896,84,"mtada_aggregated","pi10",0.04,0.04795846,0.00795846
20260896,84,"mtada_aggregated","pi01",0.01,0.01795846,0.00795846
20260896,84,"mtada_aggregated","pi11",0.01,0.00204154,0.00795846
20260897,85,"mirage_joint","pi00",0.94,0.904093146218421,0.0359068537815788
20260897,85,"mirage_joint","pi10",0.04,0.0052824512341019,0.0347175487658981
20260897,85,"mirage_joint","pi01",0.01,0.00117760807663835,0.00882239192336165
20260897,85,"mirage_joint","pi11",0.01,0.0894467944708385,0.0794467944708385
20260897,85,"mirage_joint","eta1_C1",0.05,0.0467776940670876,0.00322230593291236
20260897,85,"mirage_joint","eta1_C2",0.2,0.0454817183186184,0.154518281681382
20260897,85,"mirage_joint","eta1_C3",0.5,0.635180244244562,0.135180244244562
20260897,85,"mirage_joint","eta2_C1",0.03,0.107223788972805,0.0772237889728052
20260897,85,"mirage_joint","eta2_C2",0.15,0.00694284322150731,0.143057156778493
20260897,85,"mirage_joint","eta2_C3",0.4,0.262828962750676,0.137171037249324
20260897,85,"separate_mirage","pi00",0.94,0.931,0.00900000000000001
20260897,85,"separate_mirage","pi10",0.04,0.049,0.009
20260897,85,"separate_mirage","pi01",0.01,0.019,0.009
20260897,85,"separate_mirage","pi11",0.01,0.001,0.009
20260897,85,"separate_mirage","eta1_C1",0.05,0.0656701398578032,0.0156701398578032
20260897,85,"separate_mirage","eta1_C2",0.2,0.0596653673020492,0.140334632697951
20260897,85,"separate_mirage","eta1_C3",0.5,0.70394226791385,0.20394226791385
20260897,85,"separate_mirage","eta2_C1",0.03,0.374994276959289,0.344994276959289
20260897,85,"separate_mirage","eta2_C2",0.15,0.000487677988741627,0.149512322011258
20260897,85,"separate_mirage","eta2_C3",0.4,0.484848981087055,0.084848981087055
20260897,85,"mtada_aggregated","pi00",0.94,0.93292922,0.00707078000000005
20260897,85,"mtada_aggregated","pi10",0.04,0.04707078,0.00707078
20260897,85,"mtada_aggregated","pi01",0.01,0.01707078,0.00707078
20260897,85,"mtada_aggregated","pi11",0.01,0.00292922,0.00707078
20260898,86,"mirage_joint","pi00",0.94,0.896168254779256,0.0438317452207441
20260898,86,"mirage_joint","pi10",0.04,0.0649992812586107,0.0249992812586107
20260898,86,"mirage_joint","pi01",0.01,0.000889696755379536,0.00911030324462046
20260898,86,"mirage_joint","pi11",0.01,0.037942767206754,0.027942767206754
20260898,86,"mirage_joint","eta1_C1",0.05,0.103100150911008,0.0531001509110082
20260898,86,"mirage_joint","eta1_C2",0.2,0.00698793402440295,0.193012065975597
20260898,86,"mirage_joint","eta1_C3",0.5,0.46998643846628,0.0300135615337205
20260898,86,"mirage_joint","eta2_C1",0.03,0.0131237757780277,0.0168762242219723
20260898,86,"mirage_joint","eta2_C2",0.15,0.0105931651060207,0.139406834893979
20260898,86,"mirage_joint","eta2_C3",0.4,0.724799598800703,0.324799598800703
20260898,86,"separate_mirage","pi00",0.94,0.931,0.00900000000000001
20260898,86,"separate_mirage","pi10",0.04,0.049,0.009
20260898,86,"separate_mirage","pi01",0.01,0.019,0.009
20260898,86,"separate_mirage","pi11",0.01,0.001,0.009
20260898,86,"separate_mirage","eta1_C1",0.05,0.0945374275941675,0.0445374275941675
20260898,86,"separate_mirage","eta1_C2",0.2,0.00671532140671848,0.193284678593282
20260898,86,"separate_mirage","eta1_C3",0.5,0.698915701703288,0.198915701703288
20260898,86,"separate_mirage","eta2_C1",0.03,0.00776694539397227,0.0222330546060277
20260898,86,"separate_mirage","eta2_C2",0.15,0.0114853272699957,0.138514672730004
20260898,86,"separate_mirage","eta2_C3",0.4,0.683638749488661,0.283638749488661
20260898,86,"mtada_aggregated","pi00",0.94,0.930753383,0.00924661699999996
20260898,86,"mtada_aggregated","pi10",0.04,0.049246617,0.009246617
20260898,86,"mtada_aggregated","pi01",0.01,0.019246617,0.009246617
20260898,86,"mtada_aggregated","pi11",0.01,0.000753383,0.009246617
20260899,87,"mirage_joint","pi00",0.94,0.820459771311052,0.119540228688948
20260899,87,"mirage_joint","pi10",0.04,0.0479700241641024,0.00797002416410236
20260899,87,"mirage_joint","pi01",0.01,0.0250861285119189,0.0150861285119189
20260899,87,"mirage_joint","pi11",0.01,0.106484076012926,0.0964840760129263
20260899,87,"mirage_joint","eta1_C1",0.05,0.0491046207102402,0.000895379289759801
20260899,87,"mirage_joint","eta1_C2",0.2,0.0643831498235281,0.135616850176472
20260899,87,"mirage_joint","eta1_C3",0.5,0.302330887864287,0.197669112135713
20260899,87,"mirage_joint","eta2_C1",0.03,0.0527950458210491,0.0227950458210491
20260899,87,"mirage_joint","eta2_C2",0.15,0.273340660837324,0.123340660837324
20260899,87,"mirage_joint","eta2_C3",0.4,0.241478668481375,0.158521331518625
20260899,87,"separate_mirage","pi00",0.94,0.931,0.00900000000000001
20260899,87,"separate_mirage","pi10",0.04,0.049,0.009
20260899,87,"separate_mirage","pi01",0.01,0.019,0.009
20260899,87,"separate_mirage","pi11",0.01,0.001,0.009
20260899,87,"separate_mirage","eta1_C1",0.05,0.128737105080585,0.0787371050805851
20260899,87,"separate_mirage","eta1_C2",0.2,0.136794696697032,0.0632053033029684
20260899,87,"separate_mirage","eta1_C3",0.5,0.465230545851984,0.0347694541480164
20260899,87,"separate_mirage","eta2_C1",0.03,0.0532946079770029,0.0232946079770029
20260899,87,"separate_mirage","eta2_C2",0.15,0.684548048462364,0.534548048462363
20260899,87,"separate_mirage","eta2_C3",0.4,0.521948445113581,0.121948445113581
20260899,87,"mtada_aggregated","pi00",0.94,0.93248439,0.00751561000000001
20260899,87,"mtada_aggregated","pi10",0.04,0.04751561,0.00751561
20260899,87,"mtada_aggregated","pi01",0.01,0.01751561,0.00751561
20260899,87,"mtada_aggregated","pi11",0.01,0.00248439,0.00751561
20260900,88,"mirage_joint","pi00",0.94,0.816407476968112,0.123592523031888
20260900,88,"mirage_joint","pi10",0.04,0.135371794713733,0.0953717947137329
20260900,88,"mirage_joint","pi01",0.01,0.0477051302028237,0.0377051302028237
20260900,88,"mirage_joint","pi11",0.01,0.000515598115331451,0.00948440188466855
20260900,88,"mirage_joint","eta1_C1",0.05,0.0490670124427018,0.000932987557298169
20260900,88,"mirage_joint","eta1_C2",0.2,0.241680612362292,0.0416806123622923
20260900,88,"mirage_joint","eta1_C3",0.5,0.141945457845911,0.358054542154089
20260900,88,"mirage_joint","eta2_C1",0.03,0.0107086702412289,0.0192913297587711
20260900,88,"mirage_joint","eta2_C2",0.15,0.503858857053641,0.353858857053641
20260900,88,"mirage_joint","eta2_C3",0.4,0.421283183523246,0.0212831835232457
20260900,88,"separate_mirage","pi00",0.94,0.931,0.00900000000000001
20260900,88,"separate_mirage","pi10",0.04,0.049,0.009
20260900,88,"separate_mirage","pi01",0.01,0.019,0.009
20260900,88,"separate_mirage","pi11",0.01,0.001,0.009
20260900,88,"separate_mirage","eta1_C1",0.05,0.0573271125252195,0.00732711252521952
20260900,88,"separate_mirage","eta1_C2",0.2,0.369914559096843,0.169914559096843
20260900,88,"separate_mirage","eta1_C3",0.5,0.303277767008807,0.196722232991193
20260900,88,"separate_mirage","eta2_C1",0.03,0.0516932519457333,0.0216932519457333
20260900,88,"separate_mirage","eta2_C2",0.15,0.938944461888545,0.788944461888545
20260900,88,"separate_mirage","eta2_C3",0.4,0.576724894801253,0.176724894801253
20260900,88,"mtada_aggregated","pi00",0.94,0.93234982,0.00765018000000006
20260900,88,"mtada_aggregated","pi10",0.04,0.04765018,0.00765018
20260900,88,"mtada_aggregated","pi01",0.01,0.01765018,0.00765018
20260900,88,"mtada_aggregated","pi11",0.01,0.00234982,0.00765018
20260901,89,"mirage_joint","pi00",0.94,0.910315966615996,0.0296840333840036
20260901,89,"mirage_joint","pi10",0.04,0.0413742352306607,0.00137423523066067
20260901,89,"mirage_joint","pi01",0.01,0.0377865794268484,0.0277865794268484
20260901,89,"mirage_joint","pi11",0.01,0.0105232187264946,0.000523218726494596
20260901,89,"mirage_joint","eta1_C1",0.05,0.00292448789639196,0.047075512103608
20260901,89,"mirage_joint","eta1_C2",0.2,0.12553386483975,0.07446613516025
20260901,89,"mirage_joint","eta1_C3",0.5,0.716035584036225,0.216035584036225
20260901,89,"mirage_joint","eta2_C1",0.03,0.187324899900278,0.157324899900278
20260901,89,"mirage_joint","eta2_C2",0.15,0.0113882851640828,0.138611714835917
20260901,89,"mirage_joint","eta2_C3",0.4,0.00714091004469074,0.392859089955309
20260901,89,"separate_mirage","pi00",0.94,0.931,0.00900000000000001
20260901,89,"separate_mirage","pi10",0.04,0.049,0.009
20260901,89,"separate_mirage","pi01",0.01,0.019,0.009
20260901,89,"separate_mirage","pi11",0.01,0.001,0.009
20260901,89,"separate_mirage","eta1_C1",0.05,0.00282590297560711,0.0471740970243929
20260901,89,"separate_mirage","eta1_C2",0.2,0.131735312518443,0.068264687481557
20260901,89,"separate_mirage","eta1_C3",0.5,0.723230474631805,0.223230474631805
20260901,89,"separate_mirage","eta2_C1",0.03,0.30471363373294,0.27471363373294
20260901,89,"separate_mirage","eta2_C2",0.15,0.0208856384714768,0.129114361528523
20260901,89,"separate_mirage","eta2_C3",0.4,0.0116904653706793,0.388309534629321
20260901,89,"mtada_aggregated","pi00",0.94,0.930750166,0.00924983400000001
20260901,89,"mtada_aggregated","pi10",0.04,0.049249834,0.009249834
20260901,89,"mtada_aggregated","pi01",0.01,0.019249834,0.009249834
20260901,89,"mtada_aggregated","pi11",0.01,0.000750166,0.009249834
20260902,90,"mirage_joint","pi00",0.94,0.750655772817713,0.189344227182287
20260902,90,"mirage_joint","pi10",0.04,0.144220929922531,0.104220929922531
20260902,90,"mirage_joint","pi01",0.01,0.104404616547833,0.0944046165478327
20260902,90,"mirage_joint","pi11",0.01,0.000718680711923676,0.00928131928807632
20260902,90,"mirage_joint","eta1_C1",0.05,0.125052398447463,0.0750523984474635
20260902,90,"mirage_joint","eta1_C2",0.2,0.168047890129769,0.0319521098702314
20260902,90,"mirage_joint","eta1_C3",0.5,0.431561383743701,0.0684386162562992
20260902,90,"mirage_joint","eta2_C1",0.03,0.00468173970759821,0.0253182602924018
20260902,90,"mirage_joint","eta2_C2",0.15,0.0934713647312557,0.0565286352687443
20260902,90,"mirage_joint","eta2_C3",0.4,0.424933640172395,0.0249336401723946
20260902,90,"separate_mirage","pi00",0.94,0.931,0.00900000000000001
20260902,90,"separate_mirage","pi10",0.04,0.049,0.009
20260902,90,"separate_mirage","pi01",0.01,0.019,0.009
20260902,90,"separate_mirage","pi11",0.01,0.001,0.009
20260902,90,"separate_mirage","eta1_C1",0.05,0.21946302723516,0.16946302723516
20260902,90,"separate_mirage","eta1_C2",0.2,0.266908533201139,0.066908533201139
20260902,90,"separate_mirage","eta1_C3",0.5,0.7695839649992,0.2695839649992
20260902,90,"separate_mirage","eta2_C1",0.03,0.000825121753757904,0.0291748782462421
20260902,90,"separate_mirage","eta2_C2",0.15,0.253354131126659,0.103354131126659
20260902,90,"separate_mirage","eta2_C3",0.4,0.769146438411795,0.369146438411795
20260902,90,"mtada_aggregated","pi00",0.94,0.93361796,0.00638203999999998
20260902,90,"mtada_aggregated","pi10",0.04,0.04638204,0.00638204
20260902,90,"mtada_aggregated","pi01",0.01,0.01638204,0.00638204
20260902,90,"mtada_aggregated","pi11",0.01,0.00361796,0.00638204
20260903,91,"mirage_joint","pi00",0.94,0.887290687225134,0.0527093127748658
20260903,91,"mirage_joint","pi10",0.04,0.0453723513071602,0.00537235130716025
20260903,91,"mirage_joint","pi01",0.01,0.0672891149476984,0.0572891149476984
20260903,91,"mirage_joint","pi11",0.01,4.7846520007165e-05,0.00995215347999284
20260903,91,"mirage_joint","eta1_C1",0.05,0.198911287845687,0.148911287845687
20260903,91,"mirage_joint","eta1_C2",0.2,0.0116034915166882,0.188396508483312
20260903,91,"mirage_joint","eta1_C3",0.5,0.35658629150536,0.14341370849464
20260903,91,"mirage_joint","eta2_C1",0.03,0.220431970540932,0.190431970540932
20260903,91,"mirage_joint","eta2_C2",0.15,0.150372022195375,0.00037202219537491
20260903,91,"mirage_joint","eta2_C3",0.4,0.215806890495437,0.184193109504563
20260903,91,"separate_mirage","pi00",0.94,0.931,0.00900000000000001
20260903,91,"separate_mirage","pi10",0.04,0.049,0.009
20260903,91,"separate_mirage","pi01",0.01,0.019,0.009
20260903,91,"separate_mirage","pi11",0.01,0.001,0.009
20260903,91,"separate_mirage","eta1_C1",0.05,0.184880529064633,0.134880529064633
20260903,91,"separate_mirage","eta1_C2",0.2,0.011543475392456,0.188456524607544
20260903,91,"separate_mirage","eta1_C3",0.5,0.331023017575477,0.168976982424523
20260903,91,"separate_mirage","eta2_C1",0.03,0.423987731436536,0.393987731436536
20260903,91,"separate_mirage","eta2_C2",0.15,0.339764335473951,0.189764335473951
20260903,91,"separate_mirage","eta2_C3",0.4,0.457186760465356,0.0571867604653563
20260903,91,"mtada_aggregated","pi00",0.94,0.93213107,0.00786893
20260903,91,"mtada_aggregated","pi10",0.04,0.04786893,0.00786893
20260903,91,"mtada_aggregated","pi01",0.01,0.01786893,0.00786893
20260903,91,"mtada_aggregated","pi11",0.01,0.00213107,0.00786893
20260904,92,"mirage_joint","pi00",0.94,0.899991252098988,0.0400087479010116
20260904,92,"mirage_joint","pi10",0.04,0.0374089686258628,0.00259103137413722
20260904,92,"mirage_joint","pi01",0.01,0.0298941297386183,0.0198941297386183
20260904,92,"mirage_joint","pi11",0.01,0.0327056495365306,0.0227056495365306
20260904,92,"mirage_joint","eta1_C1",0.05,0.00138740772431304,0.048612592275687
20260904,92,"mirage_joint","eta1_C2",0.2,0.274133851880502,0.074133851880502
20260904,92,"mirage_joint","eta1_C3",0.5,0.902384131684377,0.402384131684377
20260904,92,"mirage_joint","eta2_C1",0.03,0.0462461055278602,0.0162461055278602
20260904,92,"mirage_joint","eta2_C2",0.15,0.36356957509264,0.21356957509264
20260904,92,"mirage_joint","eta2_C3",0.4,0.323112915517326,0.0768870844826737
20260904,92,"separate_mirage","pi00",0.94,0.931,0.00900000000000001
20260904,92,"separate_mirage","pi10",0.04,0.049,0.009
20260904,92,"separate_mirage","pi01",0.01,0.019,0.009
20260904,92,"separate_mirage","pi11",0.01,0.001,0.009
20260904,92,"separate_mirage","eta1_C1",0.05,0.000728337780982872,0.0492716622190171
20260904,92,"separate_mirage","eta1_C2",0.2,0.390705212023627,0.190705212023627
20260904,92,"separate_mirage","eta1_C3",0.5,0.99257593348997,0.49257593348997
20260904,92,"separate_mirage","eta2_C1",0.03,0.0239500174935195,0.00604998250648051
20260904,92,"separate_mirage","eta2_C2",0.15,0.684263414167637,0.534263414167637
20260904,92,"separate_mirage","eta2_C3",0.4,0.175651464233098,0.224348535766902
20260904,92,"mtada_aggregated","pi00",0.94,0.93230948,0.00769052000000003
20260904,92,"mtada_aggregated","pi10",0.04,0.04769052,0.00769052
20260904,92,"mtada_aggregated","pi01",0.01,0.01769052,0.00769052
20260904,92,"mtada_aggregated","pi11",0.01,0.00230948,0.00769052
20260905,93,"mirage_joint","pi00",0.94,0.947962063982794,0.00796206398279431
20260905,93,"mirage_joint","pi10",0.04,0.0118671637216072,0.0281328362783928
20260905,93,"mirage_joint","pi01",0.01,0.038519164693915,0.028519164693915
20260905,93,"mirage_joint","pi11",0.01,0.00165160760168349,0.00834839239831651
20260905,93,"mirage_joint","eta1_C1",0.05,0.0342686835290969,0.0157313164709031
20260905,93,"mirage_joint","eta1_C2",0.2,0.0418931979725157,0.158106802027484
20260905,93,"mirage_joint","eta1_C3",0.5,0.0269620915346503,0.47303790846535
20260905,93,"mirage_joint","eta2_C1",0.03,0.101148056013085,0.0711480560130848
20260905,93,"mirage_joint","eta2_C2",0.15,0.0299535321226365,0.120046467877364
20260905,93,"mirage_joint","eta2_C3",0.4,0.711973356092019,0.311973356092019
20260905,93,"separate_mirage","pi00",0.94,0.931,0.00900000000000001
20260905,93,"separate_mirage","pi10",0.04,0.049,0.009
20260905,93,"separate_mirage","pi01",0.01,0.019,0.009
20260905,93,"separate_mirage","pi11",0.01,0.001,0.009
20260905,93,"separate_mirage","eta1_C1",0.05,0.0281970089690177,0.0218029910309823
20260905,93,"separate_mirage","eta1_C2",0.2,0.0483634197345742,0.151636580265426
20260905,93,"separate_mirage","eta1_C3",0.5,0.0246805544566976,0.475319445543302
20260905,93,"separate_mirage","eta2_C1",0.03,0.0929609528106121,0.0629609528106121
20260905,93,"separate_mirage","eta2_C2",0.15,0.0191289427884386,0.130871057211561
20260905,93,"separate_mirage","eta2_C3",0.4,0.974838239138321,0.574838239138321
20260905,93,"mtada_aggregated","pi00",0.94,0.93304116,0.00695884000000002
20260905,93,"mtada_aggregated","pi10",0.04,0.04695884,0.00695884
20260905,93,"mtada_aggregated","pi01",0.01,0.01695884,0.00695884
20260905,93,"mtada_aggregated","pi11",0.01,0.00304116,0.00695884
20260906,94,"mirage_joint","pi00",0.94,0.790362233916928,0.149637766083072
20260906,94,"mirage_joint","pi10",0.04,0.163165881580627,0.123165881580627
20260906,94,"mirage_joint","pi01",0.01,0.036031294668654,0.026031294668654
20260906,94,"mirage_joint","pi11",0.01,0.0104405898337917,0.000440589833791713
20260906,94,"mirage_joint","eta1_C1",0.05,0.111930285348702,0.0619302853487015
20260906,94,"mirage_joint","eta1_C2",0.2,0.275893323636525,0.075893323636525
20260906,94,"mirage_joint","eta1_C3",0.5,0.32242390259089,0.17757609740911
20260906,94,"mirage_joint","eta2_C1",0.03,0.0645558382111574,0.0345558382111574
20260906,94,"mirage_joint","eta2_C2",0.15,0.350614526869298,0.200614526869298
20260906,94,"mirage_joint","eta2_C3",0.4,0.0853006366631546,0.314699363336845
20260906,94,"separate_mirage","pi00",0.94,0.931,0.00900000000000001
20260906,94,"separate_mirage","pi10",0.04,0.049,0.009
20260906,94,"separate_mirage","pi01",0.01,0.019,0.009
20260906,94,"separate_mirage","pi11",0.01,0.001,0.009
20260906,94,"separate_mirage","eta1_C1",0.05,0.131500145874703,0.081500145874703
20260906,94,"separate_mirage","eta1_C2",0.2,0.493448433776532,0.293448433776532
20260906,94,"separate_mirage","eta1_C3",0.5,0.614913856643424,0.114913856643424
20260906,94,"separate_mirage","eta2_C1",0.03,0.0720264713511565,0.0420264713511565
20260906,94,"separate_mirage","eta2_C2",0.15,0.565870919182819,0.415870919182819
20260906,94,"separate_mirage","eta2_C3",0.4,0.282739158216131,0.117260841783869
20260906,94,"mtada_aggregated","pi00",0.94,0.932699,0.007301
20260906,94,"mtada_aggregated","pi10",0.04,0.047301,0.007301
20260906,94,"mtada_aggregated","pi01",0.01,0.017301,0.007301
20260906,94,"mtada_aggregated","pi11",0.01,0.002699,0.007301
20260907,95,"mirage_joint","pi00",0.94,0.836077919219127,0.103922080780873
20260907,95,"mirage_joint","pi10",0.04,0.0699326716641062,0.0299326716641062
20260907,95,"mirage_joint","pi01",0.01,0.00159255309487831,0.00840744690512169
20260907,95,"mirage_joint","pi11",0.01,0.0923968560218882,0.0823968560218882
20260907,95,"mirage_joint","eta1_C1",0.05,0.0071263578713015,0.0428736421286985
20260907,95,"mirage_joint","eta1_C2",0.2,0.197830798633157,0.0021692013668429
20260907,95,"mirage_joint","eta1_C3",0.5,0.507635776353976,0.00763577635397561
20260907,95,"mirage_joint","eta2_C1",0.03,0.102331600239554,0.0723316002395537
20260907,95,"mirage_joint","eta2_C2",0.15,0.100858908890297,0.0491410911097028
20260907,95,"mirage_joint","eta2_C3",0.4,0.209699157484191,0.190300842515809
20260907,95,"separate_mirage","pi00",0.94,0.931,0.00900000000000001
20260907,95,"separate_mirage","pi10",0.04,0.049,0.009
20260907,95,"separate_mirage","pi01",0.01,0.019,0.009
20260907,95,"separate_mirage","pi11",0.01,0.001,0.009
20260907,95,"separate_mirage","eta1_C1",0.05,0.00790464892758251,0.0420953510724175
20260907,95,"separate_mirage","eta1_C2",0.2,0.359443196617998,0.159443196617998
20260907,95,"separate_mirage","eta1_C3",0.5,0.733613660917761,0.233613660917761
20260907,95,"separate_mirage","eta2_C1",0.03,0.00601323137298343,0.0239867686270166
20260907,95,"separate_mirage","eta2_C2",0.15,0.279502462128119,0.129502462128119
20260907,95,"separate_mirage","eta2_C3",0.4,0.476340181907825,0.0763401819078247
20260907,95,"mtada_aggregated","pi00",0.94,0.93122354,0.00877645999999999
20260907,95,"mtada_aggregated","pi10",0.04,0.04877646,0.00877646
20260907,95,"mtada_aggregated","pi01",0.01,0.01877646,0.00877646
20260907,95,"mtada_aggregated","pi11",0.01,0.00122354,0.00877646
20260908,96,"mirage_joint","pi00",0.94,0.903459629536446,0.0365403704635539
20260908,96,"mirage_joint","pi10",0.04,0.0425260740683916,0.00252607406839161
20260908,96,"mirage_joint","pi01",0.01,0.0348358979402921,0.0248358979402921
20260908,96,"mirage_joint","pi11",0.01,0.0191783984548702,0.00917839845487018
20260908,96,"mirage_joint","eta1_C1",0.05,0.204147324546328,0.154147324546328
20260908,96,"mirage_joint","eta1_C2",0.2,0.0911438911548432,0.108856108845157
20260908,96,"mirage_joint","eta1_C3",0.5,0.875379390253109,0.375379390253109
20260908,96,"mirage_joint","eta2_C1",0.03,0.0122849628749564,0.0177150371250436
20260908,96,"mirage_joint","eta2_C2",0.15,0.0067467743232301,0.14325322567677
20260908,96,"mirage_joint","eta2_C3",0.4,0.59175298538617,0.19175298538617
20260908,96,"separate_mirage","pi00",0.94,0.931,0.00900000000000001
20260908,96,"separate_mirage","pi10",0.04,0.049,0.009
20260908,96,"separate_mirage","pi01",0.01,0.019,0.009
20260908,96,"separate_mirage","pi11",0.01,0.001,0.009
20260908,96,"separate_mirage","eta1_C1",0.05,0.249248452684477,0.199248452684477
20260908,96,"separate_mirage","eta1_C2",0.2,0.103716285004581,0.096283714995419
20260908,96,"separate_mirage","eta1_C3",0.5,0.988482974848424,0.488482974848424
20260908,96,"separate_mirage","eta2_C1",0.03,0.0112329867211163,0.0187670132788837
20260908,96,"separate_mirage","eta2_C2",0.15,0.0021129528041247,0.147887047195875
20260908,96,"separate_mirage","eta2_C3",0.4,0.733704799473715,0.333704799473715
20260908,96,"mtada_aggregated","pi00",0.94,0.93388242,0.00611757999999996
20260908,96,"mtada_aggregated","pi10",0.04,0.04611758,0.00611758
20260908,96,"mtada_aggregated","pi01",0.01,0.01611758,0.00611758
20260908,96,"mtada_aggregated","pi11",0.01,0.00388242,0.00611758
20260909,97,"mirage_joint","pi00",0.94,0.911524508034281,0.0284754919657191
20260909,97,"mirage_joint","pi10",0.04,0.0700952514250938,0.0300952514250938
20260909,97,"mirage_joint","pi01",0.01,0.000684650870183909,0.00931534912981609
20260909,97,"mirage_joint","pi11",0.01,0.0176955896704413,0.00769558967044128
20260909,97,"mirage_joint","eta1_C1",0.05,0.156693730828254,0.106693730828254
20260909,97,"mirage_joint","eta1_C2",0.2,0.177901640647839,0.0220983593521607
20260909,97,"mirage_joint","eta1_C3",0.5,0.508515693990002,0.00851569399000174
20260909,97,"mirage_joint","eta2_C1",0.03,0.494132920348984,0.464132920348984
20260909,97,"mirage_joint","eta2_C2",0.15,0.38646059095958,0.23646059095958
20260909,97,"mirage_joint","eta2_C3",0.4,0.42567127227587,0.0256712722758696
20260909,97,"separate_mirage","pi00",0.94,0.931,0.00900000000000001
20260909,97,"separate_mirage","pi10",0.04,0.049,0.009
20260909,97,"separate_mirage","pi01",0.01,0.019,0.009
20260909,97,"separate_mirage","pi11",0.01,0.001,0.009
20260909,97,"separate_mirage","eta1_C1",0.05,0.230241432828665,0.180241432828665
20260909,97,"separate_mirage","eta1_C2",0.2,0.234369541944994,0.0343695419449943
20260909,97,"separate_mirage","eta1_C3",0.5,0.603504680990417,0.103504680990417
20260909,97,"separate_mirage","eta2_C1",0.03,0.520975410722283,0.490975410722283
20260909,97,"separate_mirage","eta2_C2",0.15,0.394248680358177,0.244248680358177
20260909,97,"separate_mirage","eta2_C3",0.4,0.706871680539432,0.306871680539432
20260909,97,"mtada_aggregated","pi00",0.94,0.930866222,0.00913377800000004
20260909,97,"mtada_aggregated","pi10",0.04,0.049133778,0.009133778
20260909,97,"mtada_aggregated","pi01",0.01,0.019133778,0.009133778
20260909,97,"mtada_aggregated","pi11",0.01,0.000866222,0.009133778
20260910,98,"mirage_joint","pi00",0.94,0.941959214267573,0.00195921426757328
20260910,98,"mirage_joint","pi10",0.04,0.0272679318108294,0.0127320681891706
20260910,98,"mirage_joint","pi01",0.01,0.00677274495611386,0.00322725504388614
20260910,98,"mirage_joint","pi11",0.01,0.0240001089654834,0.0140001089654834
20260910,98,"mirage_joint","eta1_C1",0.05,0.093622844633485,0.043622844633485
20260910,98,"mirage_joint","eta1_C2",0.2,0.296569111081917,0.0965691110819173
20260910,98,"mirage_joint","eta1_C3",0.5,0.646200318715145,0.146200318715145
20260910,98,"mirage_joint","eta2_C1",0.03,0.0867155455998443,0.0567155455998443
20260910,98,"mirage_joint","eta2_C2",0.15,0.0473672207409963,0.102632779259004
20260910,98,"mirage_joint","eta2_C3",0.4,0.965886580731603,0.565886580731603
20260910,98,"separate_mirage","pi00",0.94,0.931,0.00900000000000001
20260910,98,"separate_mirage","pi10",0.04,0.049,0.009
20260910,98,"separate_mirage","pi01",0.01,0.019,0.009
20260910,98,"separate_mirage","pi11",0.01,0.001,0.009
20260910,98,"separate_mirage","eta1_C1",0.05,0.1152724238771,0.0652724238770995
20260910,98,"separate_mirage","eta1_C2",0.2,0.330135761688158,0.130135761688158
20260910,98,"separate_mirage","eta1_C3",0.5,0.581750339921558,0.081750339921558
20260910,98,"separate_mirage","eta2_C1",0.03,0.235225282439673,0.205225282439674
20260910,98,"separate_mirage","eta2_C2",0.15,0.00156996079030796,0.148430039209692
20260910,98,"separate_mirage","eta2_C3",0.4,0.996421191194471,0.596421191194471
20260910,98,"mtada_aggregated","pi00",0.94,0.93433515,0.00566485000000005
20260910,98,"mtada_aggregated","pi10",0.04,0.04566485,0.00566485
20260910,98,"mtada_aggregated","pi01",0.01,0.01566485,0.00566485
20260910,98,"mtada_aggregated","pi11",0.01,0.00433515,0.00566485
20260911,99,"mirage_joint","pi00",0.94,0.90805962047281,0.0319403795271894
20260911,99,"mirage_joint","pi10",0.04,0.0589691955350102,0.0189691955350102
20260911,99,"mirage_joint","pi01",0.01,0.00959606511253083,0.000403934887469171
20260911,99,"mirage_joint","pi11",0.01,0.0233751188796483,0.0133751188796483
20260911,99,"mirage_joint","eta1_C1",0.05,0.0568801412363791,0.00688014123637909
20260911,99,"mirage_joint","eta1_C2",0.2,0.443033822442298,0.243033822442298
20260911,99,"mirage_joint","eta1_C3",0.5,0.607582810378032,0.107582810378032
20260911,99,"mirage_joint","eta2_C1",0.03,0.00124345806691857,0.0287565419330814
20260911,99,"mirage_joint","eta2_C2",0.15,0.280133175340867,0.130133175340867
20260911,99,"mirage_joint","eta2_C3",0.4,0.175251993654959,0.224748006345041
20260911,99,"separate_mirage","pi00",0.94,0.931,0.00900000000000001
20260911,99,"separate_mirage","pi10",0.04,0.049,0.009
20260911,99,"separate_mirage","pi01",0.01,0.019,0.009
20260911,99,"separate_mirage","pi11",0.01,0.001,0.009
20260911,99,"separate_mirage","eta1_C1",0.05,0.091624515387344,0.041624515387344
20260911,99,"separate_mirage","eta1_C2",0.2,0.54254926997719,0.34254926997719
20260911,99,"separate_mirage","eta1_C3",0.5,0.705407752759649,0.205407752759649
20260911,99,"separate_mirage","eta2_C1",0.03,0.0061556431335031,0.0238443568664969
20260911,99,"separate_mirage","eta2_C2",0.15,0.103600656267517,0.0463993437324831
20260911,99,"separate_mirage","eta2_C3",0.4,0.395312031500659,0.00468796849934128
20260911,99,"mtada_aggregated","pi00",0.94,0.93261859,0.00738141000000003
20260911,99,"mtada_aggregated","pi10",0.04,0.04738141,0.00738141
20260911,99,"mtada_aggregated","pi01",0.01,0.01738141,0.00738141
20260911,99,"mtada_aggregated","pi11",0.01,0.00261859,0.00738141
20260912,100,"mirage_joint","pi00",0.94,0.824769429690487,0.115230570309513
20260912,100,"mirage_joint","pi10",0.04,0.040127088639945,0.000127088639945032
20260912,100,"mirage_joint","pi01",0.01,0.132790650546893,0.122790650546893
20260912,100,"mirage_joint","pi11",0.01,0.00231283112267526,0.00768716887732474
20260912,100,"mirage_joint","eta1_C1",0.05,0.00125867786761184,0.0487413221323882
20260912,100,"mirage_joint","eta1_C2",0.2,0.0453022182920076,0.154697781707992
20260912,100,"mirage_joint","eta1_C3",0.5,0.56299987857527,0.0629998785752701
20260912,100,"mirage_joint","eta2_C1",0.03,0.050197597241982,0.020197597241982
20260912,100,"mirage_joint","eta2_C2",0.15,0.293935636868995,0.143935636868995
20260912,100,"mirage_joint","eta2_C3",0.4,0.00131249644515189,0.398687503554848
20260912,100,"separate_mirage","pi00",0.94,0.931,0.00900000000000001
20260912,100,"separate_mirage","pi10",0.04,0.049,0.009
20260912,100,"separate_mirage","pi01",0.01,0.019,0.009
20260912,100,"separate_mirage","pi11",0.01,0.001,0.009
20260912,100,"separate_mirage","eta1_C1",0.05,0.00134211184504491,0.0486578881549551
20260912,100,"separate_mirage","eta1_C2",0.2,0.0452600133904962,0.154739986609504
20260912,100,"separate_mirage","eta1_C3",0.5,0.493753750556405,0.00624624944359542
20260912,100,"separate_mirage","eta2_C1",0.03,0.144887243767005,0.114887243767005
20260912,100,"separate_mirage","eta2_C2",0.15,0.674563701017832,0.524563701017832
20260912,100,"separate_mirage","eta2_C3",0.4,0.527255374221873,0.127255374221873
20260912,100,"mtada_aggregated","pi00",0.94,0.93117408,0.00882592000000004
20260912,100,"mtada_aggregated","pi10",0.04,0.04882592,0.00882592
20260912,100,"mtada_aggregated","pi01",0.01,0.01882592,0.00882592
20260912,100,"mtada_aggregated","pi11",0.01,0.00117408,0.00882592
