"seed","replicate","n_genes","variants_per_gene","n_case1","n_control1","n_case2","n_control2","bf_mode","simulation_design","background_prob","background_multiplier","pi11_truth","mtada_error","method","target","metric","threshold","value"
20260813,1,500,15,3000,3000,3000,3000,"fast","control_informative",0.05,4,0.01,"","mirage_joint","trait1","auc",NA,0.610273684210526
20260813,1,500,15,3000,3000,3000,3000,"fast","control_informative",0.05,4,0.01,"","mirage_joint","trait2","auc",NA,0.586530612244898
20260813,1,500,15,3000,3000,3000,3000,"fast","control_informative",0.05,4,0.01,"","mirage_joint","pleiotropy","auc",NA,0.486464646464646
20260813,1,500,15,3000,3000,3000,3000,"fast","control_informative",0.05,4,0.01,"","mirage_joint","trait1","pp08_power",0.8,0.12
20260813,1,500,15,3000,3000,3000,3000,"fast","control_informative",0.05,4,0.01,"","mirage_joint","trait1","pp08_fdp",0.8,0
20260813,1,500,15,3000,3000,3000,3000,"fast","control_informative",0.05,4,0.01,"","mirage_joint","trait1","pp08_discoveries",0.8,3
20260813,1,500,15,3000,3000,3000,3000,"fast","control_informative",0.05,4,0.01,"","mirage_joint","trait2","pp08_power",0.8,0
20260813,1,500,15,3000,3000,3000,3000,"fast","control_informative",0.05,4,0.01,"","mirage_joint","trait2","pp08_fdp",0.8,0
20260813,1,500,15,3000,3000,3000,3000,"fast","control_informative",0.05,4,0.01,"","mirage_joint","trait2","pp08_discoveries",0.8,0
20260813,1,500,15,3000,3000,3000,3000,"fast","control_informative",0.05,4,0.01,"","mirage_joint","pleiotropy","pp08_power",0.8,0
20260813,1,500,15,3000,3000,3000,3000,"fast","control_informative",0.05,4,0.01,"","mirage_joint","pleiotropy","pp08_fdp",0.8,0
20260813,1,500,15,3000,3000,3000,3000,"fast","control_informative",0.05,4,0.01,"","mirage_joint","pleiotropy","pp08_discoveries",0.8,0
20260813,1,500,15,3000,3000,3000,3000,"fast","control_informative",0.05,4,0.01,"","mirage_joint","trait1","bfdr_observed_fdp",0.01,0
20260813,1,500,15,3000,3000,3000,3000,"fast","control_informative",0.05,4,0.01,"","mirage_joint","trait1","bfdr_estimate",0.01,0.00470453616537
20260813,1,500,15,3000,3000,3000,3000,"fast","control_informative",0.05,4,0.01,"","mirage_joint","trait1","bfdr_power",0.01,0.12
20260813,1,500,15,3000,3000,3000,3000,"fast","control_informative",0.05,4,0.01,"","mirage_joint","trait1","bfdr_discoveries",0.01,3
20260813,1,500,15,3000,3000,3000,3000,"fast","control_informative",0.05,4,0.01,"","mirage_joint","trait1","bfdr_observed_fdp",0.05,0
20260813,1,500,15,3000,3000,3000,3000,"fast","control_informative",0.05,4,0.01,"","mirage_joint","trait1","bfdr_estimate",0.05,0.00470453616537
20260813,1,500,15,3000,3000,3000,3000,"fast","control_informative",0.05,4,0.01,"","mirage_joint","trait1","bfdr_power",0.05,0.12
20260813,1,500,15,3000,3000,3000,3000,"fast","control_informative",0.05,4,0.01,"","mirage_joint","trait1","bfdr_discoveries",0.05,3
20260813,1,500,15,3000,3000,3000,3000,"fast","control_informative",0.05,4,0.01,"","mirage_joint","trait1","bfdr_observed_fdp",0.1,0
20260813,1,500,15,3000,3000,3000,3000,"fast","control_informative",0.05,4,0.01,"","mirage_joint","trait1","bfdr_estimate",0.1,0.0772421121252586
20260813,1,500,15,3000,3000,3000,3000,"fast","control_informative",0.05,4,0.01,"","mirage_joint","trait1","bfdr_power",0.1,0.16
20260813,1,500,15,3000,3000,3000,3000,"fast","control_informative",0.05,4,0.01,"","mirage_joint","trait1","bfdr_discoveries",0.1,4
20260813,1,500,15,3000,3000,3000,3000,"fast","control_informative",0.05,4,0.01,"","mirage_joint","trait1","bfdr_observed_fdp",0.2,0.428571428571429
20260813,1,500,15,3000,3000,3000,3000,"fast","control_informative",0.05,4,0.01,"","mirage_joint","trait1","bfdr_estimate",0.2,0.196724623035005
20260813,1,500,15,3000,3000,3000,3000,"fast","control_informative",0.05,4,0.01,"","mirage_joint","trait1","bfdr_power",0.2,0.16
20260813,1,500,15,3000,3000,3000,3000,"fast","control_informative",0.05,4,0.01,"","mirage_joint","trait1","bfdr_discoveries",0.2,7
20260813,1,500,15,3000,3000,3000,3000,"fast","control_informative",0.05,4,0.01,"","mirage_joint","trait2","bfdr_observed_fdp",0.01,0
20260813,1,500,15,3000,3000,3000,3000,"fast","control_informative",0.05,4,0.01,"","mirage_joint","trait2","bfdr_estimate",0.01,0
20260813,1,500,15,3000,3000,3000,3000,"fast","control_informative",0.05,4,0.01,"","mirage_joint","trait2","bfdr_power",0.01,0
20260813,1,500,15,3000,3000,3000,3000,"fast","control_informative",0.05,4,0.01,"","mirage_joint","trait2","bfdr_discoveries",0.01,0
20260813,1,500,15,3000,3000,3000,3000,"fast","control_informative",0.05,4,0.01,"","mirage_joint","trait2","bfdr_observed_fdp",0.05,0
20260813,1,500,15,3000,3000,3000,3000,"fast","control_informative",0.05,4,0.01,"","mirage_joint","trait2","bfdr_estimate",0.05,0
20260813,1,500,15,3000,3000,3000,3000,"fast","control_informative",0.05,4,0.01,"","mirage_joint","trait2","bfdr_power",0.05,0
20260813,1,500,15,3000,3000,3000,3000,"fast","control_informative",0.05,4,0.01,"","mirage_joint","trait2","bfdr_discoveries",0.05,0
20260813,1,500,15,3000,3000,3000,3000,"fast","control_informative",0.05,4,0.01,"","mirage_joint","trait2","bfdr_observed_fdp",0.1,0
20260813,1,500,15,3000,3000,3000,3000,"fast","control_informative",0.05,4,0.01,"","mirage_joint","trait2","bfdr_estimate",0.1,0
20260813,1,500,15,3000,3000,3000,3000,"fast","control_informative",0.05,4,0.01,"","mirage_joint","trait2","bfdr_power",0.1,0
20260813,1,500,15,3000,3000,3000,3000,"fast","control_informative",0.05,4,0.01,"","mirage_joint","trait2","bfdr_discoveries",0.1,0
20260813,1,500,15,3000,3000,3000,3000,"fast","control_informative",0.05,4,0.01,"","mirage_joint","trait2","bfdr_observed_fdp",0.2,0
20260813,1,500,15,3000,3000,3000,3000,"fast","control_informative",0.05,4,0.01,"","mirage_joint","trait2","bfdr_estimate",0.2,0
20260813,1,500,15,3000,3000,3000,3000,"fast","control_informative",0.05,4,0.01,"","mirage_joint","trait2","bfdr_power",0.2,0
20260813,1,500,15,3000,3000,3000,3000,"fast","control_informative",0.05,4,0.01,"","mirage_joint","trait2","bfdr_discoveries",0.2,0
20260813,1,500,15,3000,3000,3000,3000,"fast","control_informative",0.05,4,0.01,"","mirage_joint","pleiotropy","bfdr_observed_fdp",0.01,0
20260813,1,500,15,3000,3000,3000,3000,"fast","control_informative",0.05,4,0.01,"","mirage_joint","pleiotropy","bfdr_estimate",0.01,0
20260813,1,500,15,3000,3000,3000,3000,"fast","control_informative",0.05,4,0.01,"","mirage_joint","pleiotropy","bfdr_power",0.01,0
20260813,1,500,15,3000,3000,3000,3000,"fast","control_informative",0.05,4,0.01,"","mirage_joint","pleiotropy","bfdr_discoveries",0.01,0
20260813,1,500,15,3000,3000,3000,3000,"fast","control_informative",0.05,4,0.01,"","mirage_joint","pleiotropy","bfdr_observed_fdp",0.05,0
20260813,1,500,15,3000,3000,3000,3000,"fast","control_informative",0.05,4,0.01,"","mirage_joint","pleiotropy","bfdr_estimate",0.05,0
20260813,1,500,15,3000,3000,3000,3000,"fast","control_informative",0.05,4,0.01,"","mirage_joint","pleiotropy","bfdr_power",0.05,0
20260813,1,500,15,3000,3000,3000,3000,"fast","control_informative",0.05,4,0.01,"","mirage_joint","pleiotropy","bfdr_discoveries",0.05,0
20260813,1,500,15,3000,3000,3000,3000,"fast","control_informative",0.05,4,0.01,"","mirage_joint","pleiotropy","bfdr_observed_fdp",0.1,0
20260813,1,500,15,3000,3000,3000,3000,"fast","control_informative",0.05,4,0.01,"","mirage_joint","pleiotropy","bfdr_estimate",0.1,0
20260813,1,500,15,3000,3000,3000,3000,"fast","control_informative",0.05,4,0.01,"","mirage_joint","pleiotropy","bfdr_power",0.1,0
20260813,1,500,15,3000,3000,3000,3000,"fast","control_informative",0.05,4,0.01,"","mirage_joint","pleiotropy","bfdr_discoveries",0.1,0
20260813,1,500,15,3000,3000,3000,3000,"fast","control_informative",0.05,4,0.01,"","mirage_joint","pleiotropy","bfdr_observed_fdp",0.2,0
20260813,1,500,15,3000,3000,3000,3000,"fast","control_informative",0.05,4,0.01,"","mirage_joint","pleiotropy","bfdr_estimate",0.2,0
20260813,1,500,15,3000,3000,3000,3000,"fast","control_informative",0.05,4,0.01,"","mirage_joint","pleiotropy","bfdr_power",0.2,0
20260813,1,500,15,3000,3000,3000,3000,"fast","control_informative",0.05,4,0.01,"","mirage_joint","pleiotropy","bfdr_discoveries",0.2,0
20260813,1,500,15,3000,3000,3000,3000,"fast","control_informative",0.05,4,0.01,"","mirage_joint","global","runtime_seconds",NA,18.381
20260813,1,500,15,3000,3000,3000,3000,"fast","control_informative",0.05,4,0.01,"","mirage_joint","pleiotropy","pi11_estimate",NA,0.0152770753443648
20260813,1,500,15,3000,3000,3000,3000,"fast","control_informative",0.05,4,0.01,"","separate_mirage","trait1","auc",NA,0.612884210526316
20260813,1,500,15,3000,3000,3000,3000,"fast","control_informative",0.05,4,0.01,"","separate_mirage","trait2","auc",NA,0.766530612244898
20260813,1,500,15,3000,3000,3000,3000,"fast","control_informative",0.05,4,0.01,"","separate_mirage","pleiotropy","auc",NA,0.488484848484848
20260813,1,500,15,3000,3000,3000,3000,"fast","control_informative",0.05,4,0.01,"","separate_mirage","trait1","pp08_power",0.8,0.12
20260813,1,500,15,3000,3000,3000,3000,"fast","control_informative",0.05,4,0.01,"","separate_mirage","trait1","pp08_fdp",0.8,0
20260813,1,500,15,3000,3000,3000,3000,"fast","control_informative",0.05,4,0.01,"","separate_mirage","trait1","pp08_discoveries",0.8,3
20260813,1,500,15,3000,3000,3000,3000,"fast","control_informative",0.05,4,0.01,"","separate_mirage","trait2","pp08_power",0.8,0
20260813,1,500,15,3000,3000,3000,3000,"fast","control_informative",0.05,4,0.01,"","separate_mirage","trait2","pp08_fdp",0.8,0
20260813,1,500,15,3000,3000,3000,3000,"fast","control_informative",0.05,4,0.01,"","separate_mirage","trait2","pp08_discoveries",0.8,0
20260813,1,500,15,3000,3000,3000,3000,"fast","control_informative",0.05,4,0.01,"","separate_mirage","pleiotropy","pp08_power",0.8,0
20260813,1,500,15,3000,3000,3000,3000,"fast","control_informative",0.05,4,0.01,"","separate_mirage","pleiotropy","pp08_fdp",0.8,0
20260813,1,500,15,3000,3000,3000,3000,"fast","control_informative",0.05,4,0.01,"","separate_mirage","pleiotropy","pp08_discoveries",0.8,0
20260813,1,500,15,3000,3000,3000,3000,"fast","control_informative",0.05,4,0.01,"","separate_mirage","trait1","bfdr_observed_fdp",0.01,0
20260813,1,500,15,3000,3000,3000,3000,"fast","control_informative",0.05,4,0.01,"","separate_mirage","trait1","bfdr_estimate",0.01,0.00662823172952498
20260813,1,500,15,3000,3000,3000,3000,"fast","control_informative",0.05,4,0.01,"","separate_mirage","trait1","bfdr_power",0.01,0.12
20260813,1,500,15,3000,3000,3000,3000,"fast","control_informative",0.05,4,0.01,"","separate_mirage","trait1","bfdr_discoveries",0.01,3
20260813,1,500,15,3000,3000,3000,3000,"fast","control_informative",0.05,4,0.01,"","separate_mirage","trait1","bfdr_observed_fdp",0.05,0
20260813,1,500,15,3000,3000,3000,3000,"fast","control_informative",0.05,4,0.01,"","separate_mirage","trait1","bfdr_estimate",0.05,0.00662823172952498
20260813,1,500,15,3000,3000,3000,3000,"fast","control_informative",0.05,4,0.01,"","separate_mirage","trait1","bfdr_power",0.05,0.12
20260813,1,500,15,3000,3000,3000,3000,"fast","control_informative",0.05,4,0.01,"","separate_mirage","trait1","bfdr_discoveries",0.05,3
20260813,1,500,15,3000,3000,3000,3000,"fast","control_informative",0.05,4,0.01,"","separate_mirage","trait1","bfdr_observed_fdp",0.1,0.25
20260813,1,500,15,3000,3000,3000,3000,"fast","control_informative",0.05,4,0.01,"","separate_mirage","trait1","bfdr_estimate",0.1,0.0943010012720323
20260813,1,500,15,3000,3000,3000,3000,"fast","control_informative",0.05,4,0.01,"","separate_mirage","trait1","bfdr_power",0.1,0.12
20260813,1,500,15,3000,3000,3000,3000,"fast","control_informative",0.05,4,0.01,"","separate_mirage","trait1","bfdr_discoveries",0.1,4
20260813,1,500,15,3000,3000,3000,3000,"fast","control_informative",0.05,4,0.01,"","separate_mirage","trait1","bfdr_observed_fdp",0.2,0.333333333333333
20260813,1,500,15,3000,3000,3000,3000,"fast","control_informative",0.05,4,0.01,"","separate_mirage","trait1","bfdr_estimate",0.2,0.19035172820781
20260813,1,500,15,3000,3000,3000,3000,"fast","control_informative",0.05,4,0.01,"","separate_mirage","trait1","bfdr_power",0.2,0.16
20260813,1,500,15,3000,3000,3000,3000,"fast","control_informative",0.05,4,0.01,"","separate_mirage","trait1","bfdr_discoveries",0.2,6
20260813,1,500,15,3000,3000,3000,3000,"fast","control_informative",0.05,4,0.01,"","separate_mirage","trait2","bfdr_observed_fdp",0.01,0
20260813,1,500,15,3000,3000,3000,3000,"fast","control_informative",0.05,4,0.01,"","separate_mirage","trait2","bfdr_estimate",0.01,0
20260813,1,500,15,3000,3000,3000,3000,"fast","control_informative",0.05,4,0.01,"","separate_mirage","trait2","bfdr_power",0.01,0
20260813,1,500,15,3000,3000,3000,3000,"fast","control_informative",0.05,4,0.01,"","separate_mirage","trait2","bfdr_discoveries",0.01,0
20260813,1,500,15,3000,3000,3000,3000,"fast","control_informative",0.05,4,0.01,"","separate_mirage","trait2","bfdr_observed_fdp",0.05,0
20260813,1,500,15,3000,3000,3000,3000,"fast","control_informative",0.05,4,0.01,"","separate_mirage","trait2","bfdr_estimate",0.05,0
20260813,1,500,15,3000,3000,3000,3000,"fast","control_informative",0.05,4,0.01,"","separate_mirage","trait2","bfdr_power",0.05,0
20260813,1,500,15,3000,3000,3000,3000,"fast","control_informative",0.05,4,0.01,"","separate_mirage","trait2","bfdr_discoveries",0.05,0
20260813,1,500,15,3000,3000,3000,3000,"fast","control_informative",0.05,4,0.01,"","separate_mirage","trait2","bfdr_observed_fdp",0.1,0
20260813,1,500,15,3000,3000,3000,3000,"fast","control_informative",0.05,4,0.01,"","separate_mirage","trait2","bfdr_estimate",0.1,0
20260813,1,500,15,3000,3000,3000,3000,"fast","control_informative",0.05,4,0.01,"","separate_mirage","trait2","bfdr_power",0.1,0
20260813,1,500,15,3000,3000,3000,3000,"fast","control_informative",0.05,4,0.01,"","separate_mirage","trait2","bfdr_discoveries",0.1,0
20260813,1,500,15,3000,3000,3000,3000,"fast","control_informative",0.05,4,0.01,"","separate_mirage","trait2","bfdr_observed_fdp",0.2,0
20260813,1,500,15,3000,3000,3000,3000,"fast","control_informative",0.05,4,0.01,"","separate_mirage","trait2","bfdr_estimate",0.2,0
20260813,1,500,15,3000,3000,3000,3000,"fast","control_informative",0.05,4,0.01,"","separate_mirage","trait2","bfdr_power",0.2,0
20260813,1,500,15,3000,3000,3000,3000,"fast","control_informative",0.05,4,0.01,"","separate_mirage","trait2","bfdr_discoveries",0.2,0
20260813,1,500,15,3000,3000,3000,3000,"fast","control_informative",0.05,4,0.01,"","separate_mirage","pleiotropy","bfdr_observed_fdp",0.01,0
20260813,1,500,15,3000,3000,3000,3000,"fast","control_informative",0.05,4,0.01,"","separate_mirage","pleiotropy","bfdr_estimate",0.01,0
20260813,1,500,15,3000,3000,3000,3000,"fast","control_informative",0.05,4,0.01,"","separate_mirage","pleiotropy","bfdr_power",0.01,0
20260813,1,500,15,3000,3000,3000,3000,"fast","control_informative",0.05,4,0.01,"","separate_mirage","pleiotropy","bfdr_discoveries",0.01,0
20260813,1,500,15,3000,3000,3000,3000,"fast","control_informative",0.05,4,0.01,"","separate_mirage","pleiotropy","bfdr_observed_fdp",0.05,0
20260813,1,500,15,3000,3000,3000,3000,"fast","control_informative",0.05,4,0.01,"","separate_mirage","pleiotropy","bfdr_estimate",0.05,0
20260813,1,500,15,3000,3000,3000,3000,"fast","control_informative",0.05,4,0.01,"","separate_mirage","pleiotropy","bfdr_power",0.05,0
20260813,1,500,15,3000,3000,3000,3000,"fast","control_informative",0.05,4,0.01,"","separate_mirage","pleiotropy","bfdr_discoveries",0.05,0
20260813,1,500,15,3000,3000,3000,3000,"fast","control_informative",0.05,4,0.01,"","separate_mirage","pleiotropy","bfdr_observed_fdp",0.1,0
20260813,1,500,15,3000,3000,3000,3000,"fast","control_informative",0.05,4,0.01,"","separate_mirage","pleiotropy","bfdr_estimate",0.1,0
20260813,1,500,15,3000,3000,3000,3000,"fast","control_informative",0.05,4,0.01,"","separate_mirage","pleiotropy","bfdr_power",0.1,0
20260813,1,500,15,3000,3000,3000,3000,"fast","control_informative",0.05,4,0.01,"","separate_mirage","pleiotropy","bfdr_discoveries",0.1,0
20260813,1,500,15,3000,3000,3000,3000,"fast","control_informative",0.05,4,0.01,"","separate_mirage","pleiotropy","bfdr_observed_fdp",0.2,0
20260813,1,500,15,3000,3000,3000,3000,"fast","control_informative",0.05,4,0.01,"","separate_mirage","pleiotropy","bfdr_estimate",0.2,0
20260813,1,500,15,3000,3000,3000,3000,"fast","control_informative",0.05,4,0.01,"","separate_mirage","pleiotropy","bfdr_power",0.2,0
20260813,1,500,15,3000,3000,3000,3000,"fast","control_informative",0.05,4,0.01,"","separate_mirage","pleiotropy","bfdr_discoveries",0.2,0
20260813,1,500,15,3000,3000,3000,3000,"fast","control_informative",0.05,4,0.01,"","separate_mirage","global","runtime_seconds",NA,18.192
20260813,1,500,15,3000,3000,3000,3000,"fast","control_informative",0.05,4,0.01,"","separate_mirage","pleiotropy","pi11_estimate",NA,0.001
20260813,1,500,15,3000,3000,3000,3000,"fast","control_informative",0.05,4,0.01,"","mtada_aggregated","trait1","auc",NA,0.6896
20260813,1,500,15,3000,3000,3000,3000,"fast","control_informative",0.05,4,0.01,"","mtada_aggregated","trait2","auc",NA,0.593673469387755
20260813,1,500,15,3000,3000,3000,3000,"fast","control_informative",0.05,4,0.01,"","mtada_aggregated","pleiotropy","auc",NA,0.446060606060606
20260813,1,500,15,3000,3000,3000,3000,"fast","control_informative",0.05,4,0.01,"","mtada_aggregated","trait1","pp08_power",0.8,0.32
20260813,1,500,15,3000,3000,3000,3000,"fast","control_informative",0.05,4,0.01,"","mtada_aggregated","trait1","pp08_fdp",0.8,0.75
20260813,1,500,15,3000,3000,3000,3000,"fast","control_informative",0.05,4,0.01,"","mtada_aggregated","trait1","pp08_discoveries",0.8,32
20260813,1,500,15,3000,3000,3000,3000,"fast","control_informative",0.05,4,0.01,"","mtada_aggregated","trait2","pp08_power",0.8,0.1
20260813,1,500,15,3000,3000,3000,3000,"fast","control_informative",0.05,4,0.01,"","mtada_aggregated","trait2","pp08_fdp",0.8,0.944444444444444
20260813,1,500,15,3000,3000,3000,3000,"fast","control_informative",0.05,4,0.01,"","mtada_aggregated","trait2","pp08_discoveries",0.8,18
20260813,1,500,15,3000,3000,3000,3000,"fast","control_informative",0.05,4,0.01,"","mtada_aggregated","pleiotropy","pp08_power",0.8,0
20260813,1,500,15,3000,3000,3000,3000,"fast","control_informative",0.05,4,0.01,"","mtada_aggregated","pleiotropy","pp08_fdp",0.8,0
20260813,1,500,15,3000,3000,3000,3000,"fast","control_informative",0.05,4,0.01,"","mtada_aggregated","pleiotropy","pp08_discoveries",0.8,0
20260813,1,500,15,3000,3000,3000,3000,"fast","control_informative",0.05,4,0.01,"","mtada_aggregated","trait1","bfdr_observed_fdp",0.01,0.75
20260813,1,500,15,3000,3000,3000,3000,"fast","control_informative",0.05,4,0.01,"","mtada_aggregated","trait1","bfdr_estimate",0.01,0.00853986494422104
20260813,1,500,15,3000,3000,3000,3000,"fast","control_informative",0.05,4,0.01,"","mtada_aggregated","trait1","bfdr_power",0.01,0.28
20260813,1,500,15,3000,3000,3000,3000,"fast","control_informative",0.05,4,0.01,"","mtada_aggregated","trait1","bfdr_discoveries",0.01,28
20260813,1,500,15,3000,3000,3000,3000,"fast","control_informative",0.05,4,0.01,"","mtada_aggregated","trait1","bfdr_observed_fdp",0.05,0.771428571428571
20260813,1,500,15,3000,3000,3000,3000,"fast","control_informative",0.05,4,0.01,"","mtada_aggregated","trait1","bfdr_estimate",0.05,0.0427289862340002
20260813,1,500,15,3000,3000,3000,3000,"fast","control_informative",0.05,4,0.01,"","mtada_aggregated","trait1","bfdr_power",0.05,0.32
20260813,1,500,15,3000,3000,3000,3000,"fast","control_informative",0.05,4,0.01,"","mtada_aggregated","trait1","bfdr_discoveries",0.05,35
20260813,1,500,15,3000,3000,3000,3000,"fast","control_informative",0.05,4,0.01,"","mtada_aggregated","trait1","bfdr_observed_fdp",0.1,0.775
20260813,1,500,15,3000,3000,3000,3000,"fast","control_informative",0.05,4,0.01,"","mtada_aggregated","trait1","bfdr_estimate",0.1,0.0956831773257699
20260813,1,500,15,3000,3000,3000,3000,"fast","control_informative",0.05,4,0.01,"","mtada_aggregated","trait1","bfdr_power",0.1,0.36
20260813,1,500,15,3000,3000,3000,3000,"fast","control_informative",0.05,4,0.01,"","mtada_aggregated","trait1","bfdr_discoveries",0.1,40
20260813,1,500,15,3000,3000,3000,3000,"fast","control_informative",0.05,4,0.01,"","mtada_aggregated","trait1","bfdr_observed_fdp",0.2,0.816326530612245
20260813,1,500,15,3000,3000,3000,3000,"fast","control_informative",0.05,4,0.01,"","mtada_aggregated","trait1","bfdr_estimate",0.2,0.197121661222431
20260813,1,500,15,3000,3000,3000,3000,"fast","control_informative",0.05,4,0.01,"","mtada_aggregated","trait1","bfdr_power",0.2,0.36
20260813,1,500,15,3000,3000,3000,3000,"fast","control_informative",0.05,4,0.01,"","mtada_aggregated","trait1","bfdr_discoveries",0.2,49
20260813,1,500,15,3000,3000,3000,3000,"fast","control_informative",0.05,4,0.01,"","mtada_aggregated","trait2","bfdr_observed_fdp",0.01,0.9
20260813,1,500,15,3000,3000,3000,3000,"fast","control_informative",0.05,4,0.01,"","mtada_aggregated","trait2","bfdr_estimate",0.01,0.00694916546108546
20260813,1,500,15,3000,3000,3000,3000,"fast","control_informative",0.05,4,0.01,"","mtada_aggregated","trait2","bfdr_power",0.01,0.1
20260813,1,500,15,3000,3000,3000,3000,"fast","control_informative",0.05,4,0.01,"","mtada_aggregated","trait2","bfdr_discoveries",0.01,10
20260813,1,500,15,3000,3000,3000,3000,"fast","control_informative",0.05,4,0.01,"","mtada_aggregated","trait2","bfdr_observed_fdp",0.05,0.941176470588235
20260813,1,500,15,3000,3000,3000,3000,"fast","control_informative",0.05,4,0.01,"","mtada_aggregated","trait2","bfdr_estimate",0.05,0.0424485927653668
20260813,1,500,15,3000,3000,3000,3000,"fast","control_informative",0.05,4,0.01,"","mtada_aggregated","trait2","bfdr_power",0.05,0.1
20260813,1,500,15,3000,3000,3000,3000,"fast","control_informative",0.05,4,0.01,"","mtada_aggregated","trait2","bfdr_discoveries",0.05,17
20260813,1,500,15,3000,3000,3000,3000,"fast","control_informative",0.05,4,0.01,"","mtada_aggregated","trait2","bfdr_observed_fdp",0.1,0.956521739130435
20260813,1,500,15,3000,3000,3000,3000,"fast","control_informative",0.05,4,0.01,"","mtada_aggregated","trait2","bfdr_estimate",0.1,0.0958248432710059
20260813,1,500,15,3000,3000,3000,3000,"fast","control_informative",0.05,4,0.01,"","mtada_aggregated","trait2","bfdr_power",0.1,0.1
20260813,1,500,15,3000,3000,3000,3000,"fast","control_informative",0.05,4,0.01,"","mtada_aggregated","trait2","bfdr_discoveries",0.1,23
20260813,1,500,15,3000,3000,3000,3000,"fast","control_informative",0.05,4,0.01,"","mtada_aggregated","trait2","bfdr_observed_fdp",0.2,0.96551724137931
20260813,1,500,15,3000,3000,3000,3000,"fast","control_informative",0.05,4,0.01,"","mtada_aggregated","trait2","bfdr_estimate",0.2,0.19132856847807
20260813,1,500,15,3000,3000,3000,3000,"fast","control_informative",0.05,4,0.01,"","mtada_aggregated","trait2","bfdr_power",0.2,0.1
20260813,1,500,15,3000,3000,3000,3000,"fast","control_informative",0.05,4,0.01,"","mtada_aggregated","trait2","bfdr_discoveries",0.2,29
20260813,1,500,15,3000,3000,3000,3000,"fast","control_informative",0.05,4,0.01,"","mtada_aggregated","pleiotropy","bfdr_observed_fdp",0.01,0
20260813,1,500,15,3000,3000,3000,3000,"fast","control_informative",0.05,4,0.01,"","mtada_aggregated","pleiotropy","bfdr_estimate",0.01,0
20260813,1,500,15,3000,3000,3000,3000,"fast","control_informative",0.05,4,0.01,"","mtada_aggregated","pleiotropy","bfdr_power",0.01,0
20260813,1,500,15,3000,3000,3000,3000,"fast","control_informative",0.05,4,0.01,"","mtada_aggregated","pleiotropy","bfdr_discoveries",0.01,0
20260813,1,500,15,3000,3000,3000,3000,"fast","control_informative",0.05,4,0.01,"","mtada_aggregated","pleiotropy","bfdr_observed_fdp",0.05,0
20260813,1,500,15,3000,3000,3000,3000,"fast","control_informative",0.05,4,0.01,"","mtada_aggregated","pleiotropy","bfdr_estimate",0.05,0
20260813,1,500,15,3000,3000,3000,3000,"fast","control_informative",0.05,4,0.01,"","mtada_aggregated","pleiotropy","bfdr_power",0.05,0
20260813,1,500,15,3000,3000,3000,3000,"fast","control_informative",0.05,4,0.01,"","mtada_aggregated","pleiotropy","bfdr_discoveries",0.05,0
20260813,1,500,15,3000,3000,3000,3000,"fast","control_informative",0.05,4,0.01,"","mtada_aggregated","pleiotropy","bfdr_observed_fdp",0.1,0
20260813,1,500,15,3000,3000,3000,3000,"fast","control_informative",0.05,4,0.01,"","mtada_aggregated","pleiotropy","bfdr_estimate",0.1,0
20260813,1,500,15,3000,3000,3000,3000,"fast","control_informative",0.05,4,0.01,"","mtada_aggregated","pleiotropy","bfdr_power",0.1,0
20260813,1,500,15,3000,3000,3000,3000,"fast","control_informative",0.05,4,0.01,"","mtada_aggregated","pleiotropy","bfdr_discoveries",0.1,0
20260813,1,500,15,3000,3000,3000,3000,"fast","control_informative",0.05,4,0.01,"","mtada_aggregated","pleiotropy","bfdr_observed_fdp",0.2,0
20260813,1,500,15,3000,3000,3000,3000,"fast","control_informative",0.05,4,0.01,"","mtada_aggregated","pleiotropy","bfdr_estimate",0.2,0
20260813,1,500,15,3000,3000,3000,3000,"fast","control_informative",0.05,4,0.01,"","mtada_aggregated","pleiotropy","bfdr_power",0.2,0
20260813,1,500,15,3000,3000,3000,3000,"fast","control_informative",0.05,4,0.01,"","mtada_aggregated","pleiotropy","bfdr_discoveries",0.2,0
20260813,1,500,15,3000,3000,3000,3000,"fast","control_informative",0.05,4,0.01,"","mtada_aggregated","global","runtime_seconds",NA,1.005
20260813,1,500,15,3000,3000,3000,3000,"fast","control_informative",0.05,4,0.01,"","mtada_aggregated","pleiotropy","pi11_estimate",NA,0.000880093
20260814,2,500,15,3000,3000,3000,3000,"fast","control_informative",0.05,4,0.01,"","mirage_joint","trait1","auc",NA,0.728168421052632
20260814,2,500,15,3000,3000,3000,3000,"fast","control_informative",0.05,4,0.01,"","mirage_joint","trait2","auc",NA,0.681428571428571
20260814,2,500,15,3000,3000,3000,3000,"fast","control_informative",0.05,4,0.01,"","mirage_joint","pleiotropy","auc",NA,0.570909090909091
20260814,2,500,15,3000,3000,3000,3000,"fast","control_informative",0.05,4,0.01,"","mirage_joint","trait1","pp08_power",0.8,0.12
20260814,2,500,15,3000,3000,3000,3000,"fast","control_informative",0.05,4,0.01,"","mirage_joint","trait1","pp08_fdp",0.8,0
20260814,2,500,15,3000,3000,3000,3000,"fast","control_informative",0.05,4,0.01,"","mirage_joint","trait1","pp08_discoveries",0.8,3
20260814,2,500,15,3000,3000,3000,3000,"fast","control_informative",0.05,4,0.01,"","mirage_joint","trait2","pp08_power",0.8,0
20260814,2,500,15,3000,3000,3000,3000,"fast","control_informative",0.05,4,0.01,"","mirage_joint","trait2","pp08_fdp",0.8,1
20260814,2,500,15,3000,3000,3000,3000,"fast","control_informative",0.05,4,0.01,"","mirage_joint","trait2","pp08_discoveries",0.8,1
20260814,2,500,15,3000,3000,3000,3000,"fast","control_informative",0.05,4,0.01,"","mirage_joint","pleiotropy","pp08_power",0.8,0
20260814,2,500,15,3000,3000,3000,3000,"fast","control_informative",0.05,4,0.01,"","mirage_joint","pleiotropy","pp08_fdp",0.8,0
20260814,2,500,15,3000,3000,3000,3000,"fast","control_informative",0.05,4,0.01,"","mirage_joint","pleiotropy","pp08_discoveries",0.8,0
20260814,2,500,15,3000,3000,3000,3000,"fast","control_informative",0.05,4,0.01,"","mirage_joint","trait1","bfdr_observed_fdp",0.01,0
20260814,2,500,15,3000,3000,3000,3000,"fast","control_informative",0.05,4,0.01,"","mirage_joint","trait1","bfdr_estimate",0.01,0.00252137546385578
20260814,2,500,15,3000,3000,3000,3000,"fast","control_informative",0.05,4,0.01,"","mirage_joint","trait1","bfdr_power",0.01,0.04
20260814,2,500,15,3000,3000,3000,3000,"fast","control_informative",0.05,4,0.01,"","mirage_joint","trait1","bfdr_discoveries",0.01,1
20260814,2,500,15,3000,3000,3000,3000,"fast","control_informative",0.05,4,0.01,"","mirage_joint","trait1","bfdr_observed_fdp",0.05,0
20260814,2,500,15,3000,3000,3000,3000,"fast","control_informative",0.05,4,0.01,"","mirage_joint","trait1","bfdr_estimate",0.05,0.0221728980654012
20260814,2,500,15,3000,3000,3000,3000,"fast","control_informative",0.05,4,0.01,"","mirage_joint","trait1","bfdr_power",0.05,0.08
20260814,2,500,15,3000,3000,3000,3000,"fast","control_informative",0.05,4,0.01,"","mirage_joint","trait1","bfdr_discoveries",0.05,2
20260814,2,500,15,3000,3000,3000,3000,"fast","control_informative",0.05,4,0.01,"","mirage_joint","trait1","bfdr_observed_fdp",0.1,0
20260814,2,500,15,3000,3000,3000,3000,"fast","control_informative",0.05,4,0.01,"","mirage_joint","trait1","bfdr_estimate",0.1,0.0563737122621973
20260814,2,500,15,3000,3000,3000,3000,"fast","control_informative",0.05,4,0.01,"","mirage_joint","trait1","bfdr_power",0.1,0.12
20260814,2,500,15,3000,3000,3000,3000,"fast","control_informative",0.05,4,0.01,"","mirage_joint","trait1","bfdr_discoveries",0.1,3
20260814,2,500,15,3000,3000,3000,3000,"fast","control_informative",0.05,4,0.01,"","mirage_joint","trait1","bfdr_observed_fdp",0.2,0.625
20260814,2,500,15,3000,3000,3000,3000,"fast","control_informative",0.05,4,0.01,"","mirage_joint","trait1","bfdr_estimate",0.2,0.198596944901694
20260814,2,500,15,3000,3000,3000,3000,"fast","control_informative",0.05,4,0.01,"","mirage_joint","trait1","bfdr_power",0.2,0.12
20260814,2,500,15,3000,3000,3000,3000,"fast","control_informative",0.05,4,0.01,"","mirage_joint","trait1","bfdr_discoveries",0.2,8
20260814,2,500,15,3000,3000,3000,3000,"fast","control_informative",0.05,4,0.01,"","mirage_joint","trait2","bfdr_observed_fdp",0.01,0
20260814,2,500,15,3000,3000,3000,3000,"fast","control_informative",0.05,4,0.01,"","mirage_joint","trait2","bfdr_estimate",0.01,0
20260814,2,500,15,3000,3000,3000,3000,"fast","control_informative",0.05,4,0.01,"","mirage_joint","trait2","bfdr_power",0.01,0
20260814,2,500,15,3000,3000,3000,3000,"fast","control_informative",0.05,4,0.01,"","mirage_joint","trait2","bfdr_discoveries",0.01,0
20260814,2,500,15,3000,3000,3000,3000,"fast","control_informative",0.05,4,0.01,"","mirage_joint","trait2","bfdr_observed_fdp",0.05,0
20260814,2,500,15,3000,3000,3000,3000,"fast","control_informative",0.05,4,0.01,"","mirage_joint","trait2","bfdr_estimate",0.05,0
20260814,2,500,15,3000,3000,3000,3000,"fast","control_informative",0.05,4,0.01,"","mirage_joint","trait2","bfdr_power",0.05,0
20260814,2,500,15,3000,3000,3000,3000,"fast","control_informative",0.05,4,0.01,"","mirage_joint","trait2","bfdr_discoveries",0.05,0
20260814,2,500,15,3000,3000,3000,3000,"fast","control_informative",0.05,4,0.01,"","mirage_joint","trait2","bfdr_observed_fdp",0.1,0
20260814,2,500,15,3000,3000,3000,3000,"fast","control_informative",0.05,4,0.01,"","mirage_joint","trait2","bfdr_estimate",0.1,0
20260814,2,500,15,3000,3000,3000,3000,"fast","control_informative",0.05,4,0.01,"","mirage_joint","trait2","bfdr_power",0.1,0
20260814,2,500,15,3000,3000,3000,3000,"fast","control_informative",0.05,4,0.01,"","mirage_joint","trait2","bfdr_discoveries",0.1,0
20260814,2,500,15,3000,3000,3000,3000,"fast","control_informative",0.05,4,0.01,"","mirage_joint","trait2","bfdr_observed_fdp",0.2,1
20260814,2,500,15,3000,3000,3000,3000,"fast","control_informative",0.05,4,0.01,"","mirage_joint","trait2","bfdr_estimate",0.2,0.134959733478574
20260814,2,500,15,3000,3000,3000,3000,"fast","control_informative",0.05,4,0.01,"","mirage_joint","trait2","bfdr_power",0.2,0
20260814,2,500,15,3000,3000,3000,3000,"fast","control_informative",0.05,4,0.01,"","mirage_joint","trait2","bfdr_discoveries",0.2,1
20260814,2,500,15,3000,3000,3000,3000,"fast","control_informative",0.05,4,0.01,"","mirage_joint","pleiotropy","bfdr_observed_fdp",0.01,0
20260814,2,500,15,3000,3000,3000,3000,"fast","control_informative",0.05,4,0.01,"","mirage_joint","pleiotropy","bfdr_estimate",0.01,0
20260814,2,500,15,3000,3000,3000,3000,"fast","control_informative",0.05,4,0.01,"","mirage_joint","pleiotropy","bfdr_power",0.01,0
20260814,2,500,15,3000,3000,3000,3000,"fast","control_informative",0.05,4,0.01,"","mirage_joint","pleiotropy","bfdr_discoveries",0.01,0
20260814,2,500,15,3000,3000,3000,3000,"fast","control_informative",0.05,4,0.01,"","mirage_joint","pleiotropy","bfdr_observed_fdp",0.05,0
20260814,2,500,15,3000,3000,3000,3000,"fast","control_informative",0.05,4,0.01,"","mirage_joint","pleiotropy","bfdr_estimate",0.05,0
20260814,2,500,15,3000,3000,3000,3000,"fast","control_informative",0.05,4,0.01,"","mirage_joint","pleiotropy","bfdr_power",0.05,0
20260814,2,500,15,3000,3000,3000,3000,"fast","control_informative",0.05,4,0.01,"","mirage_joint","pleiotropy","bfdr_discoveries",0.05,0
20260814,2,500,15,3000,3000,3000,3000,"fast","control_informative",0.05,4,0.01,"","mirage_joint","pleiotropy","bfdr_observed_fdp",0.1,0
20260814,2,500,15,3000,3000,3000,3000,"fast","control_informative",0.05,4,0.01,"","mirage_joint","pleiotropy","bfdr_estimate",0.1,0
20260814,2,500,15,3000,3000,3000,3000,"fast","control_informative",0.05,4,0.01,"","mirage_joint","pleiotropy","bfdr_power",0.1,0
20260814,2,500,15,3000,3000,3000,3000,"fast","control_informative",0.05,4,0.01,"","mirage_joint","pleiotropy","bfdr_discoveries",0.1,0
20260814,2,500,15,3000,3000,3000,3000,"fast","control_informative",0.05,4,0.01,"","mirage_joint","pleiotropy","bfdr_observed_fdp",0.2,0
20260814,2,500,15,3000,3000,3000,3000,"fast","control_informative",0.05,4,0.01,"","mirage_joint","pleiotropy","bfdr_estimate",0.2,0
20260814,2,500,15,3000,3000,3000,3000,"fast","control_informative",0.05,4,0.01,"","mirage_joint","pleiotropy","bfdr_power",0.2,0
20260814,2,500,15,3000,3000,3000,3000,"fast","control_informative",0.05,4,0.01,"","mirage_joint","pleiotropy","bfdr_discoveries",0.2,0
20260814,2,500,15,3000,3000,3000,3000,"fast","control_informative",0.05,4,0.01,"","mirage_joint","global","runtime_seconds",NA,18.168
20260814,2,500,15,3000,3000,3000,3000,"fast","control_informative",0.05,4,0.01,"","mirage_joint","pleiotropy","pi11_estimate",NA,0.0746694601974279
20260814,2,500,15,3000,3000,3000,3000,"fast","control_informative",0.05,4,0.01,"","separate_mirage","trait1","auc",NA,0.758063157894737
20260814,2,500,15,3000,3000,3000,3000,"fast","control_informative",0.05,4,0.01,"","separate_mirage","trait2","auc",NA,0.611836734693878
20260814,2,500,15,3000,3000,3000,3000,"fast","control_informative",0.05,4,0.01,"","separate_mirage","pleiotropy","auc",NA,0.604444444444444
20260814,2,500,15,3000,3000,3000,3000,"fast","control_informative",0.05,4,0.01,"","separate_mirage","trait1","pp08_power",0.8,0.08
20260814,2,500,15,3000,3000,3000,3000,"fast","control_informative",0.05,4,0.01,"","separate_mirage","trait1","pp08_fdp",0.8,0
20260814,2,500,15,3000,3000,3000,3000,"fast","control_informative",0.05,4,0.01,"","separate_mirage","trait1","pp08_discoveries",0.8,2
20260814,2,500,15,3000,3000,3000,3000,"fast","control_informative",0.05,4,0.01,"","separate_mirage","trait2","pp08_power",0.8,0
20260814,2,500,15,3000,3000,3000,3000,"fast","control_informative",0.05,4,0.01,"","separate_mirage","trait2","pp08_fdp",0.8,0
20260814,2,500,15,3000,3000,3000,3000,"fast","control_informative",0.05,4,0.01,"","separate_mirage","trait2","pp08_discoveries",0.8,0
20260814,2,500,15,3000,3000,3000,3000,"fast","control_informative",0.05,4,0.01,"","separate_mirage","pleiotropy","pp08_power",0.8,0
20260814,2,500,15,3000,3000,3000,3000,"fast","control_informative",0.05,4,0.01,"","separate_mirage","pleiotropy","pp08_fdp",0.8,0
20260814,2,500,15,3000,3000,3000,3000,"fast","control_informative",0.05,4,0.01,"","separate_mirage","pleiotropy","pp08_discoveries",0.8,0
20260814,2,500,15,3000,3000,3000,3000,"fast","control_informative",0.05,4,0.01,"","separate_mirage","trait1","bfdr_observed_fdp",0.01,0
20260814,2,500,15,3000,3000,3000,3000,"fast","control_informative",0.05,4,0.01,"","separate_mirage","trait1","bfdr_estimate",0.01,0.00489826973506735
20260814,2,500,15,3000,3000,3000,3000,"fast","control_informative",0.05,4,0.01,"","separate_mirage","trait1","bfdr_power",0.01,0.04
20260814,2,500,15,3000,3000,3000,3000,"fast","control_informative",0.05,4,0.01,"","separate_mirage","trait1","bfdr_discoveries",0.01,1
20260814,2,500,15,3000,3000,3000,3000,"fast","control_informative",0.05,4,0.01,"","separate_mirage","trait1","bfdr_observed_fdp",0.05,0
20260814,2,500,15,3000,3000,3000,3000,"fast","control_informative",0.05,4,0.01,"","separate_mirage","trait1","bfdr_estimate",0.05,0.0354892463765155
20260814,2,500,15,3000,3000,3000,3000,"fast","control_informative",0.05,4,0.01,"","separate_mirage","trait1","bfdr_power",0.05,0.08
20260814,2,500,15,3000,3000,3000,3000,"fast","control_informative",0.05,4,0.01,"","separate_mirage","trait1","bfdr_discoveries",0.05,2
20260814,2,500,15,3000,3000,3000,3000,"fast","control_informative",0.05,4,0.01,"","separate_mirage","trait1","bfdr_observed_fdp",0.1,0
20260814,2,500,15,3000,3000,3000,3000,"fast","control_informative",0.05,4,0.01,"","separate_mirage","trait1","bfdr_estimate",0.1,0.0354892463765155
20260814,2,500,15,3000,3000,3000,3000,"fast","control_informative",0.05,4,0.01,"","separate_mirage","trait1","bfdr_power",0.1,0.08
20260814,2,500,15,3000,3000,3000,3000,"fast","control_informative",0.05,4,0.01,"","separate_mirage","trait1","bfdr_discoveries",0.1,2
20260814,2,500,15,3000,3000,3000,3000,"fast","control_informative",0.05,4,0.01,"","separate_mirage","trait1","bfdr_observed_fdp",0.2,0.25
20260814,2,500,15,3000,3000,3000,3000,"fast","control_informative",0.05,4,0.01,"","separate_mirage","trait1","bfdr_estimate",0.2,0.178492925380527
20260814,2,500,15,3000,3000,3000,3000,"fast","control_informative",0.05,4,0.01,"","separate_mirage","trait1","bfdr_power",0.2,0.12
20260814,2,500,15,3000,3000,3000,3000,"fast","control_informative",0.05,4,0.01,"","separate_mirage","trait1","bfdr_discoveries",0.2,4
20260814,2,500,15,3000,3000,3000,3000,"fast","control_informative",0.05,4,0.01,"","separate_mirage","trait2","bfdr_observed_fdp",0.01,0
20260814,2,500,15,3000,3000,3000,3000,"fast","control_informative",0.05,4,0.01,"","separate_mirage","trait2","bfdr_estimate",0.01,0
20260814,2,500,15,3000,3000,3000,3000,"fast","control_informative",0.05,4,0.01,"","separate_mirage","trait2","bfdr_power",0.01,0
20260814,2,500,15,3000,3000,3000,3000,"fast","control_informative",0.05,4,0.01,"","separate_mirage","trait2","bfdr_discoveries",0.01,0
20260814,2,500,15,3000,3000,3000,3000,"fast","control_informative",0.05,4,0.01,"","separate_mirage","trait2","bfdr_observed_fdp",0.05,0
20260814,2,500,15,3000,3000,3000,3000,"fast","control_informative",0.05,4,0.01,"","separate_mirage","trait2","bfdr_estimate",0.05,0
20260814,2,500,15,3000,3000,3000,3000,"fast","control_informative",0.05,4,0.01,"","separate_mirage","trait2","bfdr_power",0.05,0
20260814,2,500,15,3000,3000,3000,3000,"fast","control_informative",0.05,4,0.01,"","separate_mirage","trait2","bfdr_discoveries",0.05,0
20260814,2,500,15,3000,3000,3000,3000,"fast","control_informative",0.05,4,0.01,"","separate_mirage","trait2","bfdr_observed_fdp",0.1,0
20260814,2,500,15,3000,3000,3000,3000,"fast","control_informative",0.05,4,0.01,"","separate_mirage","trait2","bfdr_estimate",0.1,0
20260814,2,500,15,3000,3000,3000,3000,"fast","control_informative",0.05,4,0.01,"","separate_mirage","trait2","bfdr_power",0.1,0
20260814,2,500,15,3000,3000,3000,3000,"fast","control_informative",0.05,4,0.01,"","separate_mirage","trait2","bfdr_discoveries",0.1,0
20260814,2,500,15,3000,3000,3000,3000,"fast","control_informative",0.05,4,0.01,"","separate_mirage","trait2","bfdr_observed_fdp",0.2,0
20260814,2,500,15,3000,3000,3000,3000,"fast","control_informative",0.05,4,0.01,"","separate_mirage","trait2","bfdr_estimate",0.2,0
20260814,2,500,15,3000,3000,3000,3000,"fast","control_informative",0.05,4,0.01,"","separate_mirage","trait2","bfdr_power",0.2,0
20260814,2,500,15,3000,3000,3000,3000,"fast","control_informative",0.05,4,0.01,"","separate_mirage","trait2","bfdr_discoveries",0.2,0
20260814,2,500,15,3000,3000,3000,3000,"fast","control_informative",0.05,4,0.01,"","separate_mirage","pleiotropy","bfdr_observed_fdp",0.01,0
20260814,2,500,15,3000,3000,3000,3000,"fast","control_informative",0.05,4,0.01,"","separate_mirage","pleiotropy","bfdr_estimate",0.01,0
20260814,2,500,15,3000,3000,3000,3000,"fast","control_informative",0.05,4,0.01,"","separate_mirage","pleiotropy","bfdr_power",0.01,0
20260814,2,500,15,3000,3000,3000,3000,"fast","control_informative",0.05,4,0.01,"","separate_mirage","pleiotropy","bfdr_discoveries",0.01,0
20260814,2,500,15,3000,3000,3000,3000,"fast","control_informative",0.05,4,0.01,"","separate_mirage","pleiotropy","bfdr_observed_fdp",0.05,0
20260814,2,500,15,3000,3000,3000,3000,"fast","control_informative",0.05,4,0.01,"","separate_mirage","pleiotropy","bfdr_estimate",0.05,0
20260814,2,500,15,3000,3000,3000,3000,"fast","control_informative",0.05,4,0.01,"","separate_mirage","pleiotropy","bfdr_power",0.05,0
20260814,2,500,15,3000,3000,3000,3000,"fast","control_informative",0.05,4,0.01,"","separate_mirage","pleiotropy","bfdr_discoveries",0.05,0
20260814,2,500,15,3000,3000,3000,3000,"fast","control_informative",0.05,4,0.01,"","separate_mirage","pleiotropy","bfdr_observed_fdp",0.1,0
20260814,2,500,15,3000,3000,3000,3000,"fast","control_informative",0.05,4,0.01,"","separate_mirage","pleiotropy","bfdr_estimate",0.1,0
20260814,2,500,15,3000,3000,3000,3000,"fast","control_informative",0.05,4,0.01,"","separate_mirage","pleiotropy","bfdr_power",0.1,0
20260814,2,500,15,3000,3000,3000,3000,"fast","control_informative",0.05,4,0.01,"","separate_mirage","pleiotropy","bfdr_discoveries",0.1,0
20260814,2,500,15,3000,3000,3000,3000,"fast","control_informative",0.05,4,0.01,"","separate_mirage","pleiotropy","bfdr_observed_fdp",0.2,0
20260814,2,500,15,3000,3000,3000,3000,"fast","control_informative",0.05,4,0.01,"","separate_mirage","pleiotropy","bfdr_estimate",0.2,0
20260814,2,500,15,3000,3000,3000,3000,"fast","control_informative",0.05,4,0.01,"","separate_mirage","pleiotropy","bfdr_power",0.2,0
20260814,2,500,15,3000,3000,3000,3000,"fast","control_informative",0.05,4,0.01,"","separate_mirage","pleiotropy","bfdr_discoveries",0.2,0
20260814,2,500,15,3000,3000,3000,3000,"fast","control_informative",0.05,4,0.01,"","separate_mirage","global","runtime_seconds",NA,18.14
20260814,2,500,15,3000,3000,3000,3000,"fast","control_informative",0.05,4,0.01,"","separate_mirage","pleiotropy","pi11_estimate",NA,0.001
20260814,2,500,15,3000,3000,3000,3000,"fast","control_informative",0.05,4,0.01,"","mtada_aggregated","trait1","auc",NA,0.817684210526316
20260814,2,500,15,3000,3000,3000,3000,"fast","control_informative",0.05,4,0.01,"","mtada_aggregated","trait2","auc",NA,0.61734693877551
20260814,2,500,15,3000,3000,3000,3000,"fast","control_informative",0.05,4,0.01,"","mtada_aggregated","pleiotropy","auc",NA,0.794343434343434
20260814,2,500,15,3000,3000,3000,3000,"fast","control_informative",0.05,4,0.01,"","mtada_aggregated","trait1","pp08_power",0.8,0.44
20260814,2,500,15,3000,3000,3000,3000,"fast","control_informative",0.05,4,0.01,"","mtada_aggregated","trait1","pp08_fdp",0.8,0.676470588235294
20260814,2,500,15,3000,3000,3000,3000,"fast","control_informative",0.05,4,0.01,"","mtada_aggregated","trait1","pp08_discoveries",0.8,34
20260814,2,500,15,3000,3000,3000,3000,"fast","control_informative",0.05,4,0.01,"","mtada_aggregated","trait2","pp08_power",0.8,0.1
20260814,2,500,15,3000,3000,3000,3000,"fast","control_informative",0.05,4,0.01,"","mtada_aggregated","trait2","pp08_fdp",0.8,0.954545454545455
20260814,2,500,15,3000,3000,3000,3000,"fast","control_informative",0.05,4,0.01,"","mtada_aggregated","trait2","pp08_discoveries",0.8,22
20260814,2,500,15,3000,3000,3000,3000,"fast","control_informative",0.05,4,0.01,"","mtada_aggregated","pleiotropy","pp08_power",0.8,0
20260814,2,500,15,3000,3000,3000,3000,"fast","control_informative",0.05,4,0.01,"","mtada_aggregated","pleiotropy","pp08_fdp",0.8,1
20260814,2,500,15,3000,3000,3000,3000,"fast","control_informative",0.05,4,0.01,"","mtada_aggregated","pleiotropy","pp08_discoveries",0.8,1
20260814,2,500,15,3000,3000,3000,3000,"fast","control_informative",0.05,4,0.01,"","mtada_aggregated","trait1","bfdr_observed_fdp",0.01,0.739130434782609
20260814,2,500,15,3000,3000,3000,3000,"fast","control_informative",0.05,4,0.01,"","mtada_aggregated","trait1","bfdr_estimate",0.01,0.00861708521986129
20260814,2,500,15,3000,3000,3000,3000,"fast","control_informative",0.05,4,0.01,"","mtada_aggregated","trait1","bfdr_power",0.01,0.24
20260814,2,500,15,3000,3000,3000,3000,"fast","control_informative",0.05,4,0.01,"","mtada_aggregated","trait1","bfdr_discoveries",0.01,23
20260814,2,500,15,3000,3000,3000,3000,"fast","control_informative",0.05,4,0.01,"","mtada_aggregated","trait1","bfdr_observed_fdp",0.05,0.676470588235294
20260814,2,500,15,3000,3000,3000,3000,"fast","control_informative",0.05,4,0.01,"","mtada_aggregated","trait1","bfdr_estimate",0.05,0.0448018950475631
20260814,2,500,15,3000,3000,3000,3000,"fast","control_informative",0.05,4,0.01,"","mtada_aggregated","trait1","bfdr_power",0.05,0.44
20260814,2,500,15,3000,3000,3000,3000,"fast","control_informative",0.05,4,0.01,"","mtada_aggregated","trait1","bfdr_discoveries",0.05,34
20260814,2,500,15,3000,3000,3000,3000,"fast","control_informative",0.05,4,0.01,"","mtada_aggregated","trait1","bfdr_observed_fdp",0.1,0.7
20260814,2,500,15,3000,3000,3000,3000,"fast","control_informative",0.05,4,0.01,"","mtada_aggregated","trait1","bfdr_estimate",0.1,0.0962578397771932
20260814,2,500,15,3000,3000,3000,3000,"fast","control_informative",0.05,4,0.01,"","mtada_aggregated","trait1","bfdr_power",0.1,0.48
20260814,2,500,15,3000,3000,3000,3000,"fast","control_informative",0.05,4,0.01,"","mtada_aggregated","trait1","bfdr_discoveries",0.1,40
20260814,2,500,15,3000,3000,3000,3000,"fast","control_informative",0.05,4,0.01,"","mtada_aggregated","trait1","bfdr_observed_fdp",0.2,0.75
20260814,2,500,15,3000,3000,3000,3000,"fast","control_informative",0.05,4,0.01,"","mtada_aggregated","trait1","bfdr_estimate",0.2,0.190855629121667
20260814,2,500,15,3000,3000,3000,3000,"fast","control_informative",0.05,4,0.01,"","mtada_aggregated","trait1","bfdr_power",0.2,0.48
20260814,2,500,15,3000,3000,3000,3000,"fast","control_informative",0.05,4,0.01,"","mtada_aggregated","trait1","bfdr_discoveries",0.2,48
20260814,2,500,15,3000,3000,3000,3000,"fast","control_informative",0.05,4,0.01,"","mtada_aggregated","trait2","bfdr_observed_fdp",0.01,0.9375
20260814,2,500,15,3000,3000,3000,3000,"fast","control_informative",0.05,4,0.01,"","mtada_aggregated","trait2","bfdr_estimate",0.01,0.00726539005723807
20260814,2,500,15,3000,3000,3000,3000,"fast","control_informative",0.05,4,0.01,"","mtada_aggregated","trait2","bfdr_power",0.01,0.1
20260814,2,500,15,3000,3000,3000,3000,"fast","control_informative",0.05,4,0.01,"","mtada_aggregated","trait2","bfdr_discoveries",0.01,16
20260814,2,500,15,3000,3000,3000,3000,"fast","control_informative",0.05,4,0.01,"","mtada_aggregated","trait2","bfdr_observed_fdp",0.05,0.956521739130435
20260814,2,500,15,3000,3000,3000,3000,"fast","control_informative",0.05,4,0.01,"","mtada_aggregated","trait2","bfdr_estimate",0.05,0.0422104128310749
20260814,2,500,15,3000,3000,3000,3000,"fast","control_informative",0.05,4,0.01,"","mtada_aggregated","trait2","bfdr_power",0.05,0.1
20260814,2,500,15,3000,3000,3000,3000,"fast","control_informative",0.05,4,0.01,"","mtada_aggregated","trait2","bfdr_discoveries",0.05,23
20260814,2,500,15,3000,3000,3000,3000,"fast","control_informative",0.05,4,0.01,"","mtada_aggregated","trait2","bfdr_observed_fdp",0.1,0.961538461538462
20260814,2,500,15,3000,3000,3000,3000,"fast","control_informative",0.05,4,0.01,"","mtada_aggregated","trait2","bfdr_estimate",0.1,0.09238463424227
20260814,2,500,15,3000,3000,3000,3000,"fast","control_informative",0.05,4,0.01,"","mtada_aggregated","trait2","bfdr_power",0.1,0.1
20260814,2,500,15,3000,3000,3000,3000,"fast","control_informative",0.05,4,0.01,"","mtada_aggregated","trait2","bfdr_discoveries",0.1,26
20260814,2,500,15,3000,3000,3000,3000,"fast","control_informative",0.05,4,0.01,"","mtada_aggregated","trait2","bfdr_observed_fdp",0.2,0.96875
20260814,2,500,15,3000,3000,3000,3000,"fast","control_informative",0.05,4,0.01,"","mtada_aggregated","trait2","bfdr_estimate",0.2,0.195738617803671
20260814,2,500,15,3000,3000,3000,3000,"fast","control_informative",0.05,4,0.01,"","mtada_aggregated","trait2","bfdr_power",0.2,0.1
20260814,2,500,15,3000,3000,3000,3000,"fast","control_informative",0.05,4,0.01,"","mtada_aggregated","trait2","bfdr_discoveries",0.2,32
20260814,2,500,15,3000,3000,3000,3000,"fast","control_informative",0.05,4,0.01,"","mtada_aggregated","pleiotropy","bfdr_observed_fdp",0.01,0
20260814,2,500,15,3000,3000,3000,3000,"fast","control_informative",0.05,4,0.01,"","mtada_aggregated","pleiotropy","bfdr_estimate",0.01,0
20260814,2,500,15,3000,3000,3000,3000,"fast","control_informative",0.05,4,0.01,"","mtada_aggregated","pleiotropy","bfdr_power",0.01,0
20260814,2,500,15,3000,3000,3000,3000,"fast","control_informative",0.05,4,0.01,"","mtada_aggregated","pleiotropy","bfdr_discoveries",0.01,0
20260814,2,500,15,3000,3000,3000,3000,"fast","control_informative",0.05,4,0.01,"","mtada_aggregated","pleiotropy","bfdr_observed_fdp",0.05,0
20260814,2,500,15,3000,3000,3000,3000,"fast","control_informative",0.05,4,0.01,"","mtada_aggregated","pleiotropy","bfdr_estimate",0.05,0
20260814,2,500,15,3000,3000,3000,3000,"fast","control_informative",0.05,4,0.01,"","mtada_aggregated","pleiotropy","bfdr_power",0.05,0
20260814,2,500,15,3000,3000,3000,3000,"fast","control_informative",0.05,4,0.01,"","mtada_aggregated","pleiotropy","bfdr_discoveries",0.05,0
20260814,2,500,15,3000,3000,3000,3000,"fast","control_informative",0.05,4,0.01,"","mtada_aggregated","pleiotropy","bfdr_observed_fdp",0.1,1
20260814,2,500,15,3000,3000,3000,3000,"fast","control_informative",0.05,4,0.01,"","mtada_aggregated","pleiotropy","bfdr_estimate",0.1,0.0572914329870542
20260814,2,500,15,3000,3000,3000,3000,"fast","control_informative",0.05,4,0.01,"","mtada_aggregated","pleiotropy","bfdr_power",0.1,0
20260814,2,500,15,3000,3000,3000,3000,"fast","control_informative",0.05,4,0.01,"","mtada_aggregated","pleiotropy","bfdr_discoveries",0.1,1
20260814,2,500,15,3000,3000,3000,3000,"fast","control_informative",0.05,4,0.01,"","mtada_aggregated","pleiotropy","bfdr_observed_fdp",0.2,1
20260814,2,500,15,3000,3000,3000,3000,"fast","control_informative",0.05,4,0.01,"","mtada_aggregated","pleiotropy","bfdr_estimate",0.2,0.0572914329870542
20260814,2,500,15,3000,3000,3000,3000,"fast","control_informative",0.05,4,0.01,"","mtada_aggregated","pleiotropy","bfdr_power",0.2,0
20260814,2,500,15,3000,3000,3000,3000,"fast","control_informative",0.05,4,0.01,"","mtada_aggregated","pleiotropy","bfdr_discoveries",0.2,1
20260814,2,500,15,3000,3000,3000,3000,"fast","control_informative",0.05,4,0.01,"","mtada_aggregated","global","runtime_seconds",NA,1.02500000000001
20260814,2,500,15,3000,3000,3000,3000,"fast","control_informative",0.05,4,0.01,"","mtada_aggregated","pleiotropy","pi11_estimate",NA,0.00127446
20260815,3,500,15,3000,3000,3000,3000,"fast","control_informative",0.05,4,0.01,"","mirage_joint","trait1","auc",NA,0.844378947368421
20260815,3,500,15,3000,3000,3000,3000,"fast","control_informative",0.05,4,0.01,"","mirage_joint","trait2","auc",NA,0.678775510204082
20260815,3,500,15,3000,3000,3000,3000,"fast","control_informative",0.05,4,0.01,"","mirage_joint","pleiotropy","auc",NA,0.874343434343434
20260815,3,500,15,3000,3000,3000,3000,"fast","control_informative",0.05,4,0.01,"","mirage_joint","trait1","pp08_power",0.8,0.4
20260815,3,500,15,3000,3000,3000,3000,"fast","control_informative",0.05,4,0.01,"","mirage_joint","trait1","pp08_fdp",0.8,0.0909090909090909
20260815,3,500,15,3000,3000,3000,3000,"fast","control_informative",0.05,4,0.01,"","mirage_joint","trait1","pp08_discoveries",0.8,11
20260815,3,500,15,3000,3000,3000,3000,"fast","control_informative",0.05,4,0.01,"","mirage_joint","trait2","pp08_power",0.8,0.1
20260815,3,500,15,3000,3000,3000,3000,"fast","control_informative",0.05,4,0.01,"","mirage_joint","trait2","pp08_fdp",0.8,0
20260815,3,500,15,3000,3000,3000,3000,"fast","control_informative",0.05,4,0.01,"","mirage_joint","trait2","pp08_discoveries",0.8,1
20260815,3,500,15,3000,3000,3000,3000,"fast","control_informative",0.05,4,0.01,"","mirage_joint","pleiotropy","pp08_power",0.8,0.2
20260815,3,500,15,3000,3000,3000,3000,"fast","control_informative",0.05,4,0.01,"","mirage_joint","pleiotropy","pp08_fdp",0.8,0
20260815,3,500,15,3000,3000,3000,3000,"fast","control_informative",0.05,4,0.01,"","mirage_joint","pleiotropy","pp08_discoveries",0.8,1
20260815,3,500,15,3000,3000,3000,3000,"fast","control_informative",0.05,4,0.01,"","mirage_joint","trait1","bfdr_observed_fdp",0.01,0
20260815,3,500,15,3000,3000,3000,3000,"fast","control_informative",0.05,4,0.01,"","mirage_joint","trait1","bfdr_estimate",0.01,1.72916951408419e-05
20260815,3,500,15,3000,3000,3000,3000,"fast","control_informative",0.05,4,0.01,"","mirage_joint","trait1","bfdr_power",0.01,0.2
20260815,3,500,15,3000,3000,3000,3000,"fast","control_informative",0.05,4,0.01,"","mirage_joint","trait1","bfdr_discoveries",0.01,5
20260815,3,500,15,3000,3000,3000,3000,"fast","control_informative",0.05,4,0.01,"","mirage_joint","trait1","bfdr_observed_fdp",0.05,0
20260815,3,500,15,3000,3000,3000,3000,"fast","control_informative",0.05,4,0.01,"","mirage_joint","trait1","bfdr_estimate",0.05,0.0461238365341567
20260815,3,500,15,3000,3000,3000,3000,"fast","control_informative",0.05,4,0.01,"","mirage_joint","trait1","bfdr_power",0.05,0.36
20260815,3,500,15,3000,3000,3000,3000,"fast","control_informative",0.05,4,0.01,"","mirage_joint","trait1","bfdr_discoveries",0.05,9
20260815,3,500,15,3000,3000,3000,3000,"fast","control_informative",0.05,4,0.01,"","mirage_joint","trait1","bfdr_observed_fdp",0.1,0.230769230769231
20260815,3,500,15,3000,3000,3000,3000,"fast","control_informative",0.05,4,0.01,"","mirage_joint","trait1","bfdr_estimate",0.1,0.0996632419141992
20260815,3,500,15,3000,3000,3000,3000,"fast","control_informative",0.05,4,0.01,"","mirage_joint","trait1","bfdr_power",0.1,0.4
20260815,3,500,15,3000,3000,3000,3000,"fast","control_informative",0.05,4,0.01,"","mirage_joint","trait1","bfdr_discoveries",0.1,13
20260815,3,500,15,3000,3000,3000,3000,"fast","control_informative",0.05,4,0.01,"","mirage_joint","trait1","bfdr_observed_fdp",0.2,0.333333333333333
20260815,3,500,15,3000,3000,3000,3000,"fast","control_informative",0.05,4,0.01,"","mirage_joint","trait1","bfdr_estimate",0.2,0.185703854203732
20260815,3,500,15,3000,3000,3000,3000,"fast","control_informative",0.05,4,0.01,"","mirage_joint","trait1","bfdr_power",0.2,0.48
20260815,3,500,15,3000,3000,3000,3000,"fast","control_informative",0.05,4,0.01,"","mirage_joint","trait1","bfdr_discoveries",0.2,18
20260815,3,500,15,3000,3000,3000,3000,"fast","control_informative",0.05,4,0.01,"","mirage_joint","trait2","bfdr_observed_fdp",0.01,0
20260815,3,500,15,3000,3000,3000,3000,"fast","control_informative",0.05,4,0.01,"","mirage_joint","trait2","bfdr_estimate",0.01,0
20260815,3,500,15,3000,3000,3000,3000,"fast","control_informative",0.05,4,0.01,"","mirage_joint","trait2","bfdr_power",0.01,0
20260815,3,500,15,3000,3000,3000,3000,"fast","control_informative",0.05,4,0.01,"","mirage_joint","trait2","bfdr_discoveries",0.01,0
20260815,3,500,15,3000,3000,3000,3000,"fast","control_informative",0.05,4,0.01,"","mirage_joint","trait2","bfdr_observed_fdp",0.05,0
20260815,3,500,15,3000,3000,3000,3000,"fast","control_informative",0.05,4,0.01,"","mirage_joint","trait2","bfdr_estimate",0.05,0
20260815,3,500,15,3000,3000,3000,3000,"fast","control_informative",0.05,4,0.01,"","mirage_joint","trait2","bfdr_power",0.05,0
20260815,3,500,15,3000,3000,3000,3000,"fast","control_informative",0.05,4,0.01,"","mirage_joint","trait2","bfdr_discoveries",0.05,0
20260815,3,500,15,3000,3000,3000,3000,"fast","control_informative",0.05,4,0.01,"","mirage_joint","trait2","bfdr_observed_fdp",0.1,0
20260815,3,500,15,3000,3000,3000,3000,"fast","control_informative",0.05,4,0.01,"","mirage_joint","trait2","bfdr_estimate",0.1,0.0564287248709391
20260815,3,500,15,3000,3000,3000,3000,"fast","control_informative",0.05,4,0.01,"","mirage_joint","trait2","bfdr_power",0.1,0.1
20260815,3,500,15,3000,3000,3000,3000,"fast","control_informative",0.05,4,0.01,"","mirage_joint","trait2","bfdr_discoveries",0.1,1
20260815,3,500,15,3000,3000,3000,3000,"fast","control_informative",0.05,4,0.01,"","mirage_joint","trait2","bfdr_observed_fdp",0.2,0
20260815,3,500,15,3000,3000,3000,3000,"fast","control_informative",0.05,4,0.01,"","mirage_joint","trait2","bfdr_estimate",0.2,0.193040841776215
20260815,3,500,15,3000,3000,3000,3000,"fast","control_informative",0.05,4,0.01,"","mirage_joint","trait2","bfdr_power",0.2,0.2
20260815,3,500,15,3000,3000,3000,3000,"fast","control_informative",0.05,4,0.01,"","mirage_joint","trait2","bfdr_discoveries",0.2,2
20260815,3,500,15,3000,3000,3000,3000,"fast","control_informative",0.05,4,0.01,"","mirage_joint","pleiotropy","bfdr_observed_fdp",0.01,0
20260815,3,500,15,3000,3000,3000,3000,"fast","control_informative",0.05,4,0.01,"","mirage_joint","pleiotropy","bfdr_estimate",0.01,0
20260815,3,500,15,3000,3000,3000,3000,"fast","control_informative",0.05,4,0.01,"","mirage_joint","pleiotropy","bfdr_power",0.01,0
20260815,3,500,15,3000,3000,3000,3000,"fast","control_informative",0.05,4,0.01,"","mirage_joint","pleiotropy","bfdr_discoveries",0.01,0
20260815,3,500,15,3000,3000,3000,3000,"fast","control_informative",0.05,4,0.01,"","mirage_joint","pleiotropy","bfdr_observed_fdp",0.05,0
20260815,3,500,15,3000,3000,3000,3000,"fast","control_informative",0.05,4,0.01,"","mirage_joint","pleiotropy","bfdr_estimate",0.05,0
20260815,3,500,15,3000,3000,3000,3000,"fast","control_informative",0.05,4,0.01,"","mirage_joint","pleiotropy","bfdr_power",0.05,0
20260815,3,500,15,3000,3000,3000,3000,"fast","control_informative",0.05,4,0.01,"","mirage_joint","pleiotropy","bfdr_discoveries",0.05,0
20260815,3,500,15,3000,3000,3000,3000,"fast","control_informative",0.05,4,0.01,"","mirage_joint","pleiotropy","bfdr_observed_fdp",0.1,0
20260815,3,500,15,3000,3000,3000,3000,"fast","control_informative",0.05,4,0.01,"","mirage_joint","pleiotropy","bfdr_estimate",0.1,0.056428759345358
20260815,3,500,15,3000,3000,3000,3000,"fast","control_informative",0.05,4,0.01,"","mirage_joint","pleiotropy","bfdr_power",0.1,0.2
20260815,3,500,15,3000,3000,3000,3000,"fast","control_informative",0.05,4,0.01,"","mirage_joint","pleiotropy","bfdr_discoveries",0.1,1
20260815,3,500,15,3000,3000,3000,3000,"fast","control_informative",0.05,4,0.01,"","mirage_joint","pleiotropy","bfdr_observed_fdp",0.2,0
20260815,3,500,15,3000,3000,3000,3000,"fast","control_informative",0.05,4,0.01,"","mirage_joint","pleiotropy","bfdr_estimate",0.2,0.193040861175545
20260815,3,500,15,3000,3000,3000,3000,"fast","control_informative",0.05,4,0.01,"","mirage_joint","pleiotropy","bfdr_power",0.2,0.4
20260815,3,500,15,3000,3000,3000,3000,"fast","control_informative",0.05,4,0.01,"","mirage_joint","pleiotropy","bfdr_discoveries",0.2,2
20260815,3,500,15,3000,3000,3000,3000,"fast","control_informative",0.05,4,0.01,"","mirage_joint","global","runtime_seconds",NA,18.156
20260815,3,500,15,3000,3000,3000,3000,"fast","control_informative",0.05,4,0.01,"","mirage_joint","pleiotropy","pi11_estimate",NA,0.0618633212604101
20260815,3,500,15,3000,3000,3000,3000,"fast","control_informative",0.05,4,0.01,"","separate_mirage","trait1","auc",NA,0.836631578947368
20260815,3,500,15,3000,3000,3000,3000,"fast","control_informative",0.05,4,0.01,"","separate_mirage","trait2","auc",NA,0.655918367346939
20260815,3,500,15,3000,3000,3000,3000,"fast","control_informative",0.05,4,0.01,"","separate_mirage","pleiotropy","auc",NA,0.881212121212121
20260815,3,500,15,3000,3000,3000,3000,"fast","control_informative",0.05,4,0.01,"","separate_mirage","trait1","pp08_power",0.8,0.28
20260815,3,500,15,3000,3000,3000,3000,"fast","control_informative",0.05,4,0.01,"","separate_mirage","trait1","pp08_fdp",0.8,0
20260815,3,500,15,3000,3000,3000,3000,"fast","control_informative",0.05,4,0.01,"","separate_mirage","trait1","pp08_discoveries",0.8,7
20260815,3,500,15,3000,3000,3000,3000,"fast","control_informative",0.05,4,0.01,"","separate_mirage","trait2","pp08_power",0.8,0
20260815,3,500,15,3000,3000,3000,3000,"fast","control_informative",0.05,4,0.01,"","separate_mirage","trait2","pp08_fdp",0.8,0
20260815,3,500,15,3000,3000,3000,3000,"fast","control_informative",0.05,4,0.01,"","separate_mirage","trait2","pp08_discoveries",0.8,0
20260815,3,500,15,3000,3000,3000,3000,"fast","control_informative",0.05,4,0.01,"","separate_mirage","pleiotropy","pp08_power",0.8,0
20260815,3,500,15,3000,3000,3000,3000,"fast","control_informative",0.05,4,0.01,"","separate_mirage","pleiotropy","pp08_fdp",0.8,0
20260815,3,500,15,3000,3000,3000,3000,"fast","control_informative",0.05,4,0.01,"","separate_mirage","pleiotropy","pp08_discoveries",0.8,0
20260815,3,500,15,3000,3000,3000,3000,"fast","control_informative",0.05,4,0.01,"","separate_mirage","trait1","bfdr_observed_fdp",0.01,0
20260815,3,500,15,3000,3000,3000,3000,"fast","control_informative",0.05,4,0.01,"","separate_mirage","trait1","bfdr_estimate",0.01,0.000112771076055562
20260815,3,500,15,3000,3000,3000,3000,"fast","control_informative",0.05,4,0.01,"","separate_mirage","trait1","bfdr_power",0.01,0.2
20260815,3,500,15,3000,3000,3000,3000,"fast","control_informative",0.05,4,0.01,"","separate_mirage","trait1","bfdr_discoveries",0.01,5
20260815,3,500,15,3000,3000,3000,3000,"fast","control_informative",0.05,4,0.01,"","separate_mirage","trait1","bfdr_observed_fdp",0.05,0
20260815,3,500,15,3000,3000,3000,3000,"fast","control_informative",0.05,4,0.01,"","separate_mirage","trait1","bfdr_estimate",0.05,0.0490005590488546
20260815,3,500,15,3000,3000,3000,3000,"fast","control_informative",0.05,4,0.01,"","separate_mirage","trait1","bfdr_power",0.05,0.28
20260815,3,500,15,3000,3000,3000,3000,"fast","control_informative",0.05,4,0.01,"","separate_mirage","trait1","bfdr_discoveries",0.05,7
20260815,3,500,15,3000,3000,3000,3000,"fast","control_informative",0.05,4,0.01,"","separate_mirage","trait1","bfdr_observed_fdp",0.1,0
20260815,3,500,15,3000,3000,3000,3000,"fast","control_informative",0.05,4,0.01,"","separate_mirage","trait1","bfdr_estimate",0.1,0.0901730624822681
20260815,3,500,15,3000,3000,3000,3000,"fast","control_informative",0.05,4,0.01,"","separate_mirage","trait1","bfdr_power",0.1,0.36
20260815,3,500,15,3000,3000,3000,3000,"fast","control_informative",0.05,4,0.01,"","separate_mirage","trait1","bfdr_discoveries",0.1,9
20260815,3,500,15,3000,3000,3000,3000,"fast","control_informative",0.05,4,0.01,"","separate_mirage","trait1","bfdr_observed_fdp",0.2,0.230769230769231
20260815,3,500,15,3000,3000,3000,3000,"fast","control_informative",0.05,4,0.01,"","separate_mirage","trait1","bfdr_estimate",0.2,0.182508949258805
20260815,3,500,15,3000,3000,3000,3000,"fast","control_informative",0.05,4,0.01,"","separate_mirage","trait1","bfdr_power",0.2,0.4
20260815,3,500,15,3000,3000,3000,3000,"fast","control_informative",0.05,4,0.01,"","separate_mirage","trait1","bfdr_discoveries",0.2,13
20260815,3,500,15,3000,3000,3000,3000,"fast","control_informative",0.05,4,0.01,"","separate_mirage","trait2","bfdr_observed_fdp",0.01,0
20260815,3,500,15,3000,3000,3000,3000,"fast","control_informative",0.05,4,0.01,"","separate_mirage","trait2","bfdr_estimate",0.01,0
20260815,3,500,15,3000,3000,3000,3000,"fast","control_informative",0.05,4,0.01,"","separate_mirage","trait2","bfdr_power",0.01,0
20260815,3,500,15,3000,3000,3000,3000,"fast","control_informative",0.05,4,0.01,"","separate_mirage","trait2","bfdr_discoveries",0.01,0
20260815,3,500,15,3000,3000,3000,3000,"fast","control_informative",0.05,4,0.01,"","separate_mirage","trait2","bfdr_observed_fdp",0.05,0
20260815,3,500,15,3000,3000,3000,3000,"fast","control_informative",0.05,4,0.01,"","separate_mirage","trait2","bfdr_estimate",0.05,0
20260815,3,500,15,3000,3000,3000,3000,"fast","control_informative",0.05,4,0.01,"","separate_mirage","trait2","bfdr_power",0.05,0
20260815,3,500,15,3000,3000,3000,3000,"fast","control_informative",0.05,4,0.01,"","separate_mirage","trait2","bfdr_discoveries",0.05,0
20260815,3,500,15,3000,3000,3000,3000,"fast","control_informative",0.05,4,0.01,"","separate_mirage","trait2","bfdr_observed_fdp",0.1,0
20260815,3,500,15,3000,3000,3000,3000,"fast","control_informative",0.05,4,0.01,"","separate_mirage","trait2","bfdr_estimate",0.1,0
20260815,3,500,15,3000,3000,3000,3000,"fast","control_informative",0.05,4,0.01,"","separate_mirage","trait2","bfdr_power",0.1,0
20260815,3,500,15,3000,3000,3000,3000,"fast","control_informative",0.05,4,0.01,"","separate_mirage","trait2","bfdr_discoveries",0.1,0
20260815,3,500,15,3000,3000,3000,3000,"fast","control_informative",0.05,4,0.01,"","separate_mirage","trait2","bfdr_observed_fdp",0.2,0
20260815,3,500,15,3000,3000,3000,3000,"fast","control_informative",0.05,4,0.01,"","separate_mirage","trait2","bfdr_estimate",0.2,0
20260815,3,500,15,3000,3000,3000,3000,"fast","control_informative",0.05,4,0.01,"","separate_mirage","trait2","bfdr_power",0.2,0
20260815,3,500,15,3000,3000,3000,3000,"fast","control_informative",0.05,4,0.01,"","separate_mirage","trait2","bfdr_discoveries",0.2,0
20260815,3,500,15,3000,3000,3000,3000,"fast","control_informative",0.05,4,0.01,"","separate_mirage","pleiotropy","bfdr_observed_fdp",0.01,0
20260815,3,500,15,3000,3000,3000,3000,"fast","control_informative",0.05,4,0.01,"","separate_mirage","pleiotropy","bfdr_estimate",0.01,0
20260815,3,500,15,3000,3000,3000,3000,"fast","control_informative",0.05,4,0.01,"","separate_mirage","pleiotropy","bfdr_power",0.01,0
20260815,3,500,15,3000,3000,3000,3000,"fast","control_informative",0.05,4,0.01,"","separate_mirage","pleiotropy","bfdr_discoveries",0.01,0
20260815,3,500,15,3000,3000,3000,3000,"fast","control_informative",0.05,4,0.01,"","separate_mirage","pleiotropy","bfdr_observed_fdp",0.05,0
20260815,3,500,15,3000,3000,3000,3000,"fast","control_informative",0.05,4,0.01,"","separate_mirage","pleiotropy","bfdr_estimate",0.05,0
20260815,3,500,15,3000,3000,3000,3000,"fast","control_informative",0.05,4,0.01,"","separate_mirage","pleiotropy","bfdr_power",0.05,0
20260815,3,500,15,3000,3000,3000,3000,"fast","control_informative",0.05,4,0.01,"","separate_mirage","pleiotropy","bfdr_discoveries",0.05,0
20260815,3,500,15,3000,3000,3000,3000,"fast","control_informative",0.05,4,0.01,"","separate_mirage","pleiotropy","bfdr_observed_fdp",0.1,0
20260815,3,500,15,3000,3000,3000,3000,"fast","control_informative",0.05,4,0.01,"","separate_mirage","pleiotropy","bfdr_estimate",0.1,0
20260815,3,500,15,3000,3000,3000,3000,"fast","control_informative",0.05,4,0.01,"","separate_mirage","pleiotropy","bfdr_power",0.1,0
20260815,3,500,15,3000,3000,3000,3000,"fast","control_informative",0.05,4,0.01,"","separate_mirage","pleiotropy","bfdr_discoveries",0.1,0
20260815,3,500,15,3000,3000,3000,3000,"fast","control_informative",0.05,4,0.01,"","separate_mirage","pleiotropy","bfdr_observed_fdp",0.2,0
20260815,3,500,15,3000,3000,3000,3000,"fast","control_informative",0.05,4,0.01,"","separate_mirage","pleiotropy","bfdr_estimate",0.2,0
20260815,3,500,15,3000,3000,3000,3000,"fast","control_informative",0.05,4,0.01,"","separate_mirage","pleiotropy","bfdr_power",0.2,0
20260815,3,500,15,3000,3000,3000,3000,"fast","control_informative",0.05,4,0.01,"","separate_mirage","pleiotropy","bfdr_discoveries",0.2,0
20260815,3,500,15,3000,3000,3000,3000,"fast","control_informative",0.05,4,0.01,"","separate_mirage","global","runtime_seconds",NA,18.097
20260815,3,500,15,3000,3000,3000,3000,"fast","control_informative",0.05,4,0.01,"","separate_mirage","pleiotropy","pi11_estimate",NA,0.001
20260815,3,500,15,3000,3000,3000,3000,"fast","control_informative",0.05,4,0.01,"","mtada_aggregated","trait1","auc",NA,0.796631578947368
20260815,3,500,15,3000,3000,3000,3000,"fast","control_informative",0.05,4,0.01,"","mtada_aggregated","trait2","auc",NA,0.662244897959184
20260815,3,500,15,3000,3000,3000,3000,"fast","control_informative",0.05,4,0.01,"","mtada_aggregated","pleiotropy","auc",NA,0.797575757575758
20260815,3,500,15,3000,3000,3000,3000,"fast","control_informative",0.05,4,0.01,"","mtada_aggregated","trait1","pp08_power",0.8,0.4
20260815,3,500,15,3000,3000,3000,3000,"fast","control_informative",0.05,4,0.01,"","mtada_aggregated","trait1","pp08_fdp",0.8,0.642857142857143
20260815,3,500,15,3000,3000,3000,3000,"fast","control_informative",0.05,4,0.01,"","mtada_aggregated","trait1","pp08_discoveries",0.8,28
20260815,3,500,15,3000,3000,3000,3000,"fast","control_informative",0.05,4,0.01,"","mtada_aggregated","trait2","pp08_power",0.8,0
20260815,3,500,15,3000,3000,3000,3000,"fast","control_informative",0.05,4,0.01,"","mtada_aggregated","trait2","pp08_fdp",0.8,1
20260815,3,500,15,3000,3000,3000,3000,"fast","control_informative",0.05,4,0.01,"","mtada_aggregated","trait2","pp08_discoveries",0.8,16
20260815,3,500,15,3000,3000,3000,3000,"fast","control_informative",0.05,4,0.01,"","mtada_aggregated","pleiotropy","pp08_power",0.8,0
20260815,3,500,15,3000,3000,3000,3000,"fast","control_informative",0.05,4,0.01,"","mtada_aggregated","pleiotropy","pp08_fdp",0.8,1
20260815,3,500,15,3000,3000,3000,3000,"fast","control_informative",0.05,4,0.01,"","mtada_aggregated","pleiotropy","pp08_discoveries",0.8,1
20260815,3,500,15,3000,3000,3000,3000,"fast","control_informative",0.05,4,0.01,"","mtada_aggregated","trait1","bfdr_observed_fdp",0.01,0.565217391304348
20260815,3,500,15,3000,3000,3000,3000,"fast","control_informative",0.05,4,0.01,"","mtada_aggregated","trait1","bfdr_estimate",0.01,0.00914716817349731
20260815,3,500,15,3000,3000,3000,3000,"fast","control_informative",0.05,4,0.01,"","mtada_aggregated","trait1","bfdr_power",0.01,0.4
20260815,3,500,15,3000,3000,3000,3000,"fast","control_informative",0.05,4,0.01,"","mtada_aggregated","trait1","bfdr_discoveries",0.01,23
20260815,3,500,15,3000,3000,3000,3000,"fast","control_informative",0.05,4,0.01,"","mtada_aggregated","trait1","bfdr_observed_fdp",0.05,0.666666666666667
20260815,3,500,15,3000,3000,3000,3000,"fast","control_informative",0.05,4,0.01,"","mtada_aggregated","trait1","bfdr_estimate",0.05,0.0444936642513126
20260815,3,500,15,3000,3000,3000,3000,"fast","control_informative",0.05,4,0.01,"","mtada_aggregated","trait1","bfdr_power",0.05,0.4
20260815,3,500,15,3000,3000,3000,3000,"fast","control_informative",0.05,4,0.01,"","mtada_aggregated","trait1","bfdr_discoveries",0.05,30
20260815,3,500,15,3000,3000,3000,3000,"fast","control_informative",0.05,4,0.01,"","mtada_aggregated","trait1","bfdr_observed_fdp",0.1,0.722222222222222
20260815,3,500,15,3000,3000,3000,3000,"fast","control_informative",0.05,4,0.01,"","mtada_aggregated","trait1","bfdr_estimate",0.1,0.0919935852957671
20260815,3,500,15,3000,3000,3000,3000,"fast","control_informative",0.05,4,0.01,"","mtada_aggregated","trait1","bfdr_power",0.1,0.4
20260815,3,500,15,3000,3000,3000,3000,"fast","control_informative",0.05,4,0.01,"","mtada_aggregated","trait1","bfdr_discoveries",0.1,36
20260815,3,500,15,3000,3000,3000,3000,"fast","control_informative",0.05,4,0.01,"","mtada_aggregated","trait1","bfdr_observed_fdp",0.2,0.75
20260815,3,500,15,3000,3000,3000,3000,"fast","control_informative",0.05,4,0.01,"","mtada_aggregated","trait1","bfdr_estimate",0.2,0.191030315443834
20260815,3,500,15,3000,3000,3000,3000,"fast","control_informative",0.05,4,0.01,"","mtada_aggregated","trait1","bfdr_power",0.2,0.44
20260815,3,500,15,3000,3000,3000,3000,"fast","control_informative",0.05,4,0.01,"","mtada_aggregated","trait1","bfdr_discoveries",0.2,44
20260815,3,500,15,3000,3000,3000,3000,"fast","control_informative",0.05,4,0.01,"","mtada_aggregated","trait2","bfdr_observed_fdp",0.01,1
20260815,3,500,15,3000,3000,3000,3000,"fast","control_informative",0.05,4,0.01,"","mtada_aggregated","trait2","bfdr_estimate",0.01,0.0045801022477037
20260815,3,500,15,3000,3000,3000,3000,"fast","control_informative",0.05,4,0.01,"","mtada_aggregated","trait2","bfdr_power",0.01,0
20260815,3,500,15,3000,3000,3000,3000,"fast","control_informative",0.05,4,0.01,"","mtada_aggregated","trait2","bfdr_discoveries",0.01,13
20260815,3,500,15,3000,3000,3000,3000,"fast","control_informative",0.05,4,0.01,"","mtada_aggregated","trait2","bfdr_observed_fdp",0.05,1
20260815,3,500,15,3000,3000,3000,3000,"fast","control_informative",0.05,4,0.01,"","mtada_aggregated","trait2","bfdr_estimate",0.05,0.0472863110020883
20260815,3,500,15,3000,3000,3000,3000,"fast","control_informative",0.05,4,0.01,"","mtada_aggregated","trait2","bfdr_power",0.05,0
20260815,3,500,15,3000,3000,3000,3000,"fast","control_informative",0.05,4,0.01,"","mtada_aggregated","trait2","bfdr_discoveries",0.05,18
20260815,3,500,15,3000,3000,3000,3000,"fast","control_informative",0.05,4,0.01,"","mtada_aggregated","trait2","bfdr_observed_fdp",0.1,1
20260815,3,500,15,3000,3000,3000,3000,"fast","control_informative",0.05,4,0.01,"","mtada_aggregated","trait2","bfdr_estimate",0.1,0.0998559144359203
20260815,3,500,15,3000,3000,3000,3000,"fast","control_informative",0.05,4,0.01,"","mtada_aggregated","trait2","bfdr_power",0.1,0
20260815,3,500,15,3000,3000,3000,3000,"fast","control_informative",0.05,4,0.01,"","mtada_aggregated","trait2","bfdr_discoveries",0.1,22
20260815,3,500,15,3000,3000,3000,3000,"fast","control_informative",0.05,4,0.01,"","mtada_aggregated","trait2","bfdr_observed_fdp",0.2,1
20260815,3,500,15,3000,3000,3000,3000,"fast","control_informative",0.05,4,0.01,"","mtada_aggregated","trait2","bfdr_estimate",0.2,0.181280116818505
20260815,3,500,15,3000,3000,3000,3000,"fast","control_informative",0.05,4,0.01,"","mtada_aggregated","trait2","bfdr_power",0.2,0
20260815,3,500,15,3000,3000,3000,3000,"fast","control_informative",0.05,4,0.01,"","mtada_aggregated","trait2","bfdr_discoveries",0.2,26
20260815,3,500,15,3000,3000,3000,3000,"fast","control_informative",0.05,4,0.01,"","mtada_aggregated","pleiotropy","bfdr_observed_fdp",0.01,0
20260815,3,500,15,3000,3000,3000,3000,"fast","control_informative",0.05,4,0.01,"","mtada_aggregated","pleiotropy","bfdr_estimate",0.01,0
20260815,3,500,15,3000,3000,3000,3000,"fast","control_informative",0.05,4,0.01,"","mtada_aggregated","pleiotropy","bfdr_power",0.01,0
20260815,3,500,15,3000,3000,3000,3000,"fast","control_informative",0.05,4,0.01,"","mtada_aggregated","pleiotropy","bfdr_discoveries",0.01,0
20260815,3,500,15,3000,3000,3000,3000,"fast","control_informative",0.05,4,0.01,"","mtada_aggregated","pleiotropy","bfdr_observed_fdp",0.05,0
20260815,3,500,15,3000,3000,3000,3000,"fast","control_informative",0.05,4,0.01,"","mtada_aggregated","pleiotropy","bfdr_estimate",0.05,0
20260815,3,500,15,3000,3000,3000,3000,"fast","control_informative",0.05,4,0.01,"","mtada_aggregated","pleiotropy","bfdr_power",0.05,0
20260815,3,500,15,3000,3000,3000,3000,"fast","control_informative",0.05,4,0.01,"","mtada_aggregated","pleiotropy","bfdr_discoveries",0.05,0
20260815,3,500,15,3000,3000,3000,3000,"fast","control_informative",0.05,4,0.01,"","mtada_aggregated","pleiotropy","bfdr_observed_fdp",0.1,0
20260815,3,500,15,3000,3000,3000,3000,"fast","control_informative",0.05,4,0.01,"","mtada_aggregated","pleiotropy","bfdr_estimate",0.1,0
20260815,3,500,15,3000,3000,3000,3000,"fast","control_informative",0.05,4,0.01,"","mtada_aggregated","pleiotropy","bfdr_power",0.1,0
20260815,3,500,15,3000,3000,3000,3000,"fast","control_informative",0.05,4,0.01,"","mtada_aggregated","pleiotropy","bfdr_discoveries",0.1,0
20260815,3,500,15,3000,3000,3000,3000,"fast","control_informative",0.05,4,0.01,"","mtada_aggregated","pleiotropy","bfdr_observed_fdp",0.2,1
20260815,3,500,15,3000,3000,3000,3000,"fast","control_informative",0.05,4,0.01,"","mtada_aggregated","pleiotropy","bfdr_estimate",0.2,0.16523732695326
20260815,3,500,15,3000,3000,3000,3000,"fast","control_informative",0.05,4,0.01,"","mtada_aggregated","pleiotropy","bfdr_power",0.2,0
20260815,3,500,15,3000,3000,3000,3000,"fast","control_informative",0.05,4,0.01,"","mtada_aggregated","pleiotropy","bfdr_discoveries",0.2,1
20260815,3,500,15,3000,3000,3000,3000,"fast","control_informative",0.05,4,0.01,"","mtada_aggregated","global","runtime_seconds",NA,0.796000000000021
20260815,3,500,15,3000,3000,3000,3000,"fast","control_informative",0.05,4,0.01,"","mtada_aggregated","pleiotropy","pi11_estimate",NA,0.000564292
20260816,4,500,15,3000,3000,3000,3000,"fast","control_informative",0.05,4,0.01,"","mirage_joint","trait1","auc",NA,0.730357894736842
20260816,4,500,15,3000,3000,3000,3000,"fast","control_informative",0.05,4,0.01,"","mirage_joint","trait2","auc",NA,0.713265306122449
20260816,4,500,15,3000,3000,3000,3000,"fast","control_informative",0.05,4,0.01,"","mirage_joint","pleiotropy","auc",NA,0.921616161616162
20260816,4,500,15,3000,3000,3000,3000,"fast","control_informative",0.05,4,0.01,"","mirage_joint","trait1","pp08_power",0.8,0.12
20260816,4,500,15,3000,3000,3000,3000,"fast","control_informative",0.05,4,0.01,"","mirage_joint","trait1","pp08_fdp",0.8,0.25
20260816,4,500,15,3000,3000,3000,3000,"fast","control_informative",0.05,4,0.01,"","mirage_joint","trait1","pp08_discoveries",0.8,4
20260816,4,500,15,3000,3000,3000,3000,"fast","control_informative",0.05,4,0.01,"","mirage_joint","trait2","pp08_power",0.8,0.1
20260816,4,500,15,3000,3000,3000,3000,"fast","control_informative",0.05,4,0.01,"","mirage_joint","trait2","pp08_fdp",0.8,0
20260816,4,500,15,3000,3000,3000,3000,"fast","control_informative",0.05,4,0.01,"","mirage_joint","trait2","pp08_discoveries",0.8,1
20260816,4,500,15,3000,3000,3000,3000,"fast","control_informative",0.05,4,0.01,"","mirage_joint","pleiotropy","pp08_power",0.8,0.2
20260816,4,500,15,3000,3000,3000,3000,"fast","control_informative",0.05,4,0.01,"","mirage_joint","pleiotropy","pp08_fdp",0.8,0
20260816,4,500,15,3000,3000,3000,3000,"fast","control_informative",0.05,4,0.01,"","mirage_joint","pleiotropy","pp08_discoveries",0.8,1
20260816,4,500,15,3000,3000,3000,3000,"fast","control_informative",0.05,4,0.01,"","mirage_joint","trait1","bfdr_observed_fdp",0.01,0
20260816,4,500,15,3000,3000,3000,3000,"fast","control_informative",0.05,4,0.01,"","mirage_joint","trait1","bfdr_estimate",0.01,0.00674414981203636
20260816,4,500,15,3000,3000,3000,3000,"fast","control_informative",0.05,4,0.01,"","mirage_joint","trait1","bfdr_power",0.01,0.08
20260816,4,500,15,3000,3000,3000,3000,"fast","control_informative",0.05,4,0.01,"","mirage_joint","trait1","bfdr_discoveries",0.01,2
20260816,4,500,15,3000,3000,3000,3000,"fast","control_informative",0.05,4,0.01,"","mirage_joint","trait1","bfdr_observed_fdp",0.05,0.25
20260816,4,500,15,3000,3000,3000,3000,"fast","control_informative",0.05,4,0.01,"","mirage_joint","trait1","bfdr_estimate",0.05,0.018720922911068
20260816,4,500,15,3000,3000,3000,3000,"fast","control_informative",0.05,4,0.01,"","mirage_joint","trait1","bfdr_power",0.05,0.12
20260816,4,500,15,3000,3000,3000,3000,"fast","control_informative",0.05,4,0.01,"","mirage_joint","trait1","bfdr_discoveries",0.05,4
20260816,4,500,15,3000,3000,3000,3000,"fast","control_informative",0.05,4,0.01,"","mirage_joint","trait1","bfdr_observed_fdp",0.1,0.4
20260816,4,500,15,3000,3000,3000,3000,"fast","control_informative",0.05,4,0.01,"","mirage_joint","trait1","bfdr_estimate",0.1,0.0622776865339062
20260816,4,500,15,3000,3000,3000,3000,"fast","control_informative",0.05,4,0.01,"","mirage_joint","trait1","bfdr_power",0.1,0.12
20260816,4,500,15,3000,3000,3000,3000,"fast","control_informative",0.05,4,0.01,"","mirage_joint","trait1","bfdr_discoveries",0.1,5
20260816,4,500,15,3000,3000,3000,3000,"fast","control_informative",0.05,4,0.01,"","mirage_joint","trait1","bfdr_observed_fdp",0.2,0.285714285714286
20260816,4,500,15,3000,3000,3000,3000,"fast","control_informative",0.05,4,0.01,"","mirage_joint","trait1","bfdr_estimate",0.2,0.173239498652636
20260816,4,500,15,3000,3000,3000,3000,"fast","control_informative",0.05,4,0.01,"","mirage_joint","trait1","bfdr_power",0.2,0.2
20260816,4,500,15,3000,3000,3000,3000,"fast","control_informative",0.05,4,0.01,"","mirage_joint","trait1","bfdr_discoveries",0.2,7
20260816,4,500,15,3000,3000,3000,3000,"fast","control_informative",0.05,4,0.01,"","mirage_joint","trait2","bfdr_observed_fdp",0.01,0
20260816,4,500,15,3000,3000,3000,3000,"fast","control_informative",0.05,4,0.01,"","mirage_joint","trait2","bfdr_estimate",0.01,0.00919332786212812
20260816,4,500,15,3000,3000,3000,3000,"fast","control_informative",0.05,4,0.01,"","mirage_joint","trait2","bfdr_power",0.01,0.1
20260816,4,500,15,3000,3000,3000,3000,"fast","control_informative",0.05,4,0.01,"","mirage_joint","trait2","bfdr_discoveries",0.01,1
20260816,4,500,15,3000,3000,3000,3000,"fast","control_informative",0.05,4,0.01,"","mirage_joint","trait2","bfdr_observed_fdp",0.05,0
20260816,4,500,15,3000,3000,3000,3000,"fast","control_informative",0.05,4,0.01,"","mirage_joint","trait2","bfdr_estimate",0.05,0.00919332786212812
20260816,4,500,15,3000,3000,3000,3000,"fast","control_informative",0.05,4,0.01,"","mirage_joint","trait2","bfdr_power",0.05,0.1
20260816,4,500,15,3000,3000,3000,3000,"fast","control_informative",0.05,4,0.01,"","mirage_joint","trait2","bfdr_discoveries",0.05,1
20260816,4,500,15,3000,3000,3000,3000,"fast","control_informative",0.05,4,0.01,"","mirage_joint","trait2","bfdr_observed_fdp",0.1,0
20260816,4,500,15,3000,3000,3000,3000,"fast","control_informative",0.05,4,0.01,"","mirage_joint","trait2","bfdr_estimate",0.1,0.00919332786212812
20260816,4,500,15,3000,3000,3000,3000,"fast","control_informative",0.05,4,0.01,"","mirage_joint","trait2","bfdr_power",0.1,0.1
20260816,4,500,15,3000,3000,3000,3000,"fast","control_informative",0.05,4,0.01,"","mirage_joint","trait2","bfdr_discoveries",0.1,1
20260816,4,500,15,3000,3000,3000,3000,"fast","control_informative",0.05,4,0.01,"","mirage_joint","trait2","bfdr_observed_fdp",0.2,0.5
20260816,4,500,15,3000,3000,3000,3000,"fast","control_informative",0.05,4,0.01,"","mirage_joint","trait2","bfdr_estimate",0.2,0.134263551435374
20260816,4,500,15,3000,3000,3000,3000,"fast","control_informative",0.05,4,0.01,"","mirage_joint","trait2","bfdr_power",0.2,0.1
20260816,4,500,15,3000,3000,3000,3000,"fast","control_informative",0.05,4,0.01,"","mirage_joint","trait2","bfdr_discoveries",0.2,2
20260816,4,500,15,3000,3000,3000,3000,"fast","control_informative",0.05,4,0.01,"","mirage_joint","pleiotropy","bfdr_observed_fdp",0.01,0
20260816,4,500,15,3000,3000,3000,3000,"fast","control_informative",0.05,4,0.01,"","mirage_joint","pleiotropy","bfdr_estimate",0.01,0
20260816,4,500,15,3000,3000,3000,3000,"fast","control_informative",0.05,4,0.01,"","mirage_joint","pleiotropy","bfdr_power",0.01,0
20260816,4,500,15,3000,3000,3000,3000,"fast","control_informative",0.05,4,0.01,"","mirage_joint","pleiotropy","bfdr_discoveries",0.01,0
20260816,4,500,15,3000,3000,3000,3000,"fast","control_informative",0.05,4,0.01,"","mirage_joint","pleiotropy","bfdr_observed_fdp",0.05,0
20260816,4,500,15,3000,3000,3000,3000,"fast","control_informative",0.05,4,0.01,"","mirage_joint","pleiotropy","bfdr_estimate",0.05,0.012690292096953
20260816,4,500,15,3000,3000,3000,3000,"fast","control_informative",0.05,4,0.01,"","mirage_joint","pleiotropy","bfdr_power",0.05,0.2
20260816,4,500,15,3000,3000,3000,3000,"fast","control_informative",0.05,4,0.01,"","mirage_joint","pleiotropy","bfdr_discoveries",0.05,1
20260816,4,500,15,3000,3000,3000,3000,"fast","control_informative",0.05,4,0.01,"","mirage_joint","pleiotropy","bfdr_observed_fdp",0.1,0
20260816,4,500,15,3000,3000,3000,3000,"fast","control_informative",0.05,4,0.01,"","mirage_joint","pleiotropy","bfdr_estimate",0.1,0.012690292096953
20260816,4,500,15,3000,3000,3000,3000,"fast","control_informative",0.05,4,0.01,"","mirage_joint","pleiotropy","bfdr_power",0.1,0.2
20260816,4,500,15,3000,3000,3000,3000,"fast","control_informative",0.05,4,0.01,"","mirage_joint","pleiotropy","bfdr_discoveries",0.1,1
20260816,4,500,15,3000,3000,3000,3000,"fast","control_informative",0.05,4,0.01,"","mirage_joint","pleiotropy","bfdr_observed_fdp",0.2,0.5
20260816,4,500,15,3000,3000,3000,3000,"fast","control_informative",0.05,4,0.01,"","mirage_joint","pleiotropy","bfdr_estimate",0.2,0.138131227891711
20260816,4,500,15,3000,3000,3000,3000,"fast","control_informative",0.05,4,0.01,"","mirage_joint","pleiotropy","bfdr_power",0.2,0.2
20260816,4,500,15,3000,3000,3000,3000,"fast","control_informative",0.05,4,0.01,"","mirage_joint","pleiotropy","bfdr_discoveries",0.2,2
20260816,4,500,15,3000,3000,3000,3000,"fast","control_informative",0.05,4,0.01,"","mirage_joint","global","runtime_seconds",NA,18.103
20260816,4,500,15,3000,3000,3000,3000,"fast","control_informative",0.05,4,0.01,"","mirage_joint","pleiotropy","pi11_estimate",NA,0.02887505840239
20260816,4,500,15,3000,3000,3000,3000,"fast","control_informative",0.05,4,0.01,"","separate_mirage","trait1","auc",NA,0.726484210526316
20260816,4,500,15,3000,3000,3000,3000,"fast","control_informative",0.05,4,0.01,"","separate_mirage","trait2","auc",NA,0.572448979591837
20260816,4,500,15,3000,3000,3000,3000,"fast","control_informative",0.05,4,0.01,"","separate_mirage","pleiotropy","auc",NA,0.93010101010101
20260816,4,500,15,3000,3000,3000,3000,"fast","control_informative",0.05,4,0.01,"","separate_mirage","trait1","pp08_power",0.8,0.08
20260816,4,500,15,3000,3000,3000,3000,"fast","control_informative",0.05,4,0.01,"","separate_mirage","trait1","pp08_fdp",0.8,0.333333333333333
20260816,4,500,15,3000,3000,3000,3000,"fast","control_informative",0.05,4,0.01,"","separate_mirage","trait1","pp08_discoveries",0.8,3
20260816,4,500,15,3000,3000,3000,3000,"fast","control_informative",0.05,4,0.01,"","separate_mirage","trait2","pp08_power",0.8,0.1
20260816,4,500,15,3000,3000,3000,3000,"fast","control_informative",0.05,4,0.01,"","separate_mirage","trait2","pp08_fdp",0.8,0
20260816,4,500,15,3000,3000,3000,3000,"fast","control_informative",0.05,4,0.01,"","separate_mirage","trait2","pp08_discoveries",0.8,1
20260816,4,500,15,3000,3000,3000,3000,"fast","control_informative",0.05,4,0.01,"","separate_mirage","pleiotropy","pp08_power",0.8,0
20260816,4,500,15,3000,3000,3000,3000,"fast","control_informative",0.05,4,0.01,"","separate_mirage","pleiotropy","pp08_fdp",0.8,0
20260816,4,500,15,3000,3000,3000,3000,"fast","control_informative",0.05,4,0.01,"","separate_mirage","pleiotropy","pp08_discoveries",0.8,0
20260816,4,500,15,3000,3000,3000,3000,"fast","control_informative",0.05,4,0.01,"","separate_mirage","trait1","bfdr_observed_fdp",0.01,0
20260816,4,500,15,3000,3000,3000,3000,"fast","control_informative",0.05,4,0.01,"","separate_mirage","trait1","bfdr_estimate",0.01,0.00518203033213516
20260816,4,500,15,3000,3000,3000,3000,"fast","control_informative",0.05,4,0.01,"","separate_mirage","trait1","bfdr_power",0.01,0.04
20260816,4,500,15,3000,3000,3000,3000,"fast","control_informative",0.05,4,0.01,"","separate_mirage","trait1","bfdr_discoveries",0.01,1
20260816,4,500,15,3000,3000,3000,3000,"fast","control_informative",0.05,4,0.01,"","separate_mirage","trait1","bfdr_observed_fdp",0.05,0.333333333333333
20260816,4,500,15,3000,3000,3000,3000,"fast","control_informative",0.05,4,0.01,"","separate_mirage","trait1","bfdr_estimate",0.05,0.0351351978837649
20260816,4,500,15,3000,3000,3000,3000,"fast","control_informative",0.05,4,0.01,"","separate_mirage","trait1","bfdr_power",0.05,0.08
20260816,4,500,15,3000,3000,3000,3000,"fast","control_informative",0.05,4,0.01,"","separate_mirage","trait1","bfdr_discoveries",0.05,3
20260816,4,500,15,3000,3000,3000,3000,"fast","control_informative",0.05,4,0.01,"","separate_mirage","trait1","bfdr_observed_fdp",0.1,0.333333333333333
20260816,4,500,15,3000,3000,3000,3000,"fast","control_informative",0.05,4,0.01,"","separate_mirage","trait1","bfdr_estimate",0.1,0.0351351978837649
20260816,4,500,15,3000,3000,3000,3000,"fast","control_informative",0.05,4,0.01,"","separate_mirage","trait1","bfdr_power",0.1,0.08
20260816,4,500,15,3000,3000,3000,3000,"fast","control_informative",0.05,4,0.01,"","separate_mirage","trait1","bfdr_discoveries",0.1,3
20260816,4,500,15,3000,3000,3000,3000,"fast","control_informative",0.05,4,0.01,"","separate_mirage","trait1","bfdr_observed_fdp",0.2,0.5
20260816,4,500,15,3000,3000,3000,3000,"fast","control_informative",0.05,4,0.01,"","separate_mirage","trait1","bfdr_estimate",0.2,0.183343067469351
20260816,4,500,15,3000,3000,3000,3000,"fast","control_informative",0.05,4,0.01,"","separate_mirage","trait1","bfdr_power",0.2,0.08
20260816,4,500,15,3000,3000,3000,3000,"fast","control_informative",0.05,4,0.01,"","separate_mirage","trait1","bfdr_discoveries",0.2,4
20260816,4,500,15,3000,3000,3000,3000,"fast","control_informative",0.05,4,0.01,"","separate_mirage","trait2","bfdr_observed_fdp",0.01,0
20260816,4,500,15,3000,3000,3000,3000,"fast","control_informative",0.05,4,0.01,"","separate_mirage","trait2","bfdr_estimate",0.01,0
20260816,4,500,15,3000,3000,3000,3000,"fast","control_informative",0.05,4,0.01,"","separate_mirage","trait2","bfdr_power",0.01,0
20260816,4,500,15,3000,3000,3000,3000,"fast","control_informative",0.05,4,0.01,"","separate_mirage","trait2","bfdr_discoveries",0.01,0
20260816,4,500,15,3000,3000,3000,3000,"fast","control_informative",0.05,4,0.01,"","separate_mirage","trait2","bfdr_observed_fdp",0.05,0
20260816,4,500,15,3000,3000,3000,3000,"fast","control_informative",0.05,4,0.01,"","separate_mirage","trait2","bfdr_estimate",0.05,0.018872035629663
20260816,4,500,15,3000,3000,3000,3000,"fast","control_informative",0.05,4,0.01,"","separate_mirage","trait2","bfdr_power",0.05,0.1
20260816,4,500,15,3000,3000,3000,3000,"fast","control_informative",0.05,4,0.01,"","separate_mirage","trait2","bfdr_discoveries",0.05,1
20260816,4,500,15,3000,3000,3000,3000,"fast","control_informative",0.05,4,0.01,"","separate_mirage","trait2","bfdr_observed_fdp",0.1,0
20260816,4,500,15,3000,3000,3000,3000,"fast","control_informative",0.05,4,0.01,"","separate_mirage","trait2","bfdr_estimate",0.1,0.018872035629663
20260816,4,500,15,3000,3000,3000,3000,"fast","control_informative",0.05,4,0.01,"","separate_mirage","trait2","bfdr_power",0.1,0.1
20260816,4,500,15,3000,3000,3000,3000,"fast","control_informative",0.05,4,0.01,"","separate_mirage","trait2","bfdr_discoveries",0.1,1
20260816,4,500,15,3000,3000,3000,3000,"fast","control_informative",0.05,4,0.01,"","separate_mirage","trait2","bfdr_observed_fdp",0.2,0.5
20260816,4,500,15,3000,3000,3000,3000,"fast","control_informative",0.05,4,0.01,"","separate_mirage","trait2","bfdr_estimate",0.2,0.174925079080826
20260816,4,500,15,3000,3000,3000,3000,"fast","control_informative",0.05,4,0.01,"","separate_mirage","trait2","bfdr_power",0.2,0.1
20260816,4,500,15,3000,3000,3000,3000,"fast","control_informative",0.05,4,0.01,"","separate_mirage","trait2","bfdr_discoveries",0.2,2
20260816,4,500,15,3000,3000,3000,3000,"fast","control_informative",0.05,4,0.01,"","separate_mirage","pleiotropy","bfdr_observed_fdp",0.01,0
20260816,4,500,15,3000,3000,3000,3000,"fast","control_informative",0.05,4,0.01,"","separate_mirage","pleiotropy","bfdr_estimate",0.01,0
20260816,4,500,15,3000,3000,3000,3000,"fast","control_informative",0.05,4,0.01,"","separate_mirage","pleiotropy","bfdr_power",0.01,0
20260816,4,500,15,3000,3000,3000,3000,"fast","control_informative",0.05,4,0.01,"","separate_mirage","pleiotropy","bfdr_discoveries",0.01,0
20260816,4,500,15,3000,3000,3000,3000,"fast","control_informative",0.05,4,0.01,"","separate_mirage","pleiotropy","bfdr_observed_fdp",0.05,0
20260816,4,500,15,3000,3000,3000,3000,"fast","control_informative",0.05,4,0.01,"","separate_mirage","pleiotropy","bfdr_estimate",0.05,0
20260816,4,500,15,3000,3000,3000,3000,"fast","control_informative",0.05,4,0.01,"","separate_mirage","pleiotropy","bfdr_power",0.05,0
20260816,4,500,15,3000,3000,3000,3000,"fast","control_informative",0.05,4,0.01,"","separate_mirage","pleiotropy","bfdr_discoveries",0.05,0
20260816,4,500,15,3000,3000,3000,3000,"fast","control_informative",0.05,4,0.01,"","separate_mirage","pleiotropy","bfdr_observed_fdp",0.1,0
20260816,4,500,15,3000,3000,3000,3000,"fast","control_informative",0.05,4,0.01,"","separate_mirage","pleiotropy","bfdr_estimate",0.1,0
20260816,4,500,15,3000,3000,3000,3000,"fast","control_informative",0.05,4,0.01,"","separate_mirage","pleiotropy","bfdr_power",0.1,0
20260816,4,500,15,3000,3000,3000,3000,"fast","control_informative",0.05,4,0.01,"","separate_mirage","pleiotropy","bfdr_discoveries",0.1,0
20260816,4,500,15,3000,3000,3000,3000,"fast","control_informative",0.05,4,0.01,"","separate_mirage","pleiotropy","bfdr_observed_fdp",0.2,0
20260816,4,500,15,3000,3000,3000,3000,"fast","control_informative",0.05,4,0.01,"","separate_mirage","pleiotropy","bfdr_estimate",0.2,0
20260816,4,500,15,3000,3000,3000,3000,"fast","control_informative",0.05,4,0.01,"","separate_mirage","pleiotropy","bfdr_power",0.2,0
20260816,4,500,15,3000,3000,3000,3000,"fast","control_informative",0.05,4,0.01,"","separate_mirage","pleiotropy","bfdr_discoveries",0.2,0
20260816,4,500,15,3000,3000,3000,3000,"fast","control_informative",0.05,4,0.01,"","separate_mirage","global","runtime_seconds",NA,18.096
20260816,4,500,15,3000,3000,3000,3000,"fast","control_informative",0.05,4,0.01,"","separate_mirage","pleiotropy","pi11_estimate",NA,0.001
20260816,4,500,15,3000,3000,3000,3000,"fast","control_informative",0.05,4,0.01,"","mtada_aggregated","trait1","auc",NA,0.658442105263158
20260816,4,500,15,3000,3000,3000,3000,"fast","control_informative",0.05,4,0.01,"","mtada_aggregated","trait2","auc",NA,0.633877551020408
20260816,4,500,15,3000,3000,3000,3000,"fast","control_informative",0.05,4,0.01,"","mtada_aggregated","pleiotropy","auc",NA,0.848484848484849
20260816,4,500,15,3000,3000,3000,3000,"fast","control_informative",0.05,4,0.01,"","mtada_aggregated","trait1","pp08_power",0.8,0.12
20260816,4,500,15,3000,3000,3000,3000,"fast","control_informative",0.05,4,0.01,"","mtada_aggregated","trait1","pp08_fdp",0.8,0.911764705882353
20260816,4,500,15,3000,3000,3000,3000,"fast","control_informative",0.05,4,0.01,"","mtada_aggregated","trait1","pp08_discoveries",0.8,34
20260816,4,500,15,3000,3000,3000,3000,"fast","control_informative",0.05,4,0.01,"","mtada_aggregated","trait2","pp08_power",0.8,0.1
20260816,4,500,15,3000,3000,3000,3000,"fast","control_informative",0.05,4,0.01,"","mtada_aggregated","trait2","pp08_fdp",0.8,0.9375
20260816,4,500,15,3000,3000,3000,3000,"fast","control_informative",0.05,4,0.01,"","mtada_aggregated","trait2","pp08_discoveries",0.8,16
20260816,4,500,15,3000,3000,3000,3000,"fast","control_informative",0.05,4,0.01,"","mtada_aggregated","pleiotropy","pp08_power",0.8,0
20260816,4,500,15,3000,3000,3000,3000,"fast","control_informative",0.05,4,0.01,"","mtada_aggregated","pleiotropy","pp08_fdp",0.8,0
20260816,4,500,15,3000,3000,3000,3000,"fast","control_informative",0.05,4,0.01,"","mtada_aggregated","pleiotropy","pp08_discoveries",0.8,0
20260816,4,500,15,3000,3000,3000,3000,"fast","control_informative",0.05,4,0.01,"","mtada_aggregated","trait1","bfdr_observed_fdp",0.01,0.903225806451613
20260816,4,500,15,3000,3000,3000,3000,"fast","control_informative",0.05,4,0.01,"","mtada_aggregated","trait1","bfdr_estimate",0.01,0.00834716497015985
20260816,4,500,15,3000,3000,3000,3000,"fast","control_informative",0.05,4,0.01,"","mtada_aggregated","trait1","bfdr_power",0.01,0.12
20260816,4,500,15,3000,3000,3000,3000,"fast","control_informative",0.05,4,0.01,"","mtada_aggregated","trait1","bfdr_discoveries",0.01,31
20260816,4,500,15,3000,3000,3000,3000,"fast","control_informative",0.05,4,0.01,"","mtada_aggregated","trait1","bfdr_observed_fdp",0.05,0.894736842105263
20260816,4,500,15,3000,3000,3000,3000,"fast","control_informative",0.05,4,0.01,"","mtada_aggregated","trait1","bfdr_estimate",0.05,0.0477927607443294
20260816,4,500,15,3000,3000,3000,3000,"fast","control_informative",0.05,4,0.01,"","mtada_aggregated","trait1","bfdr_power",0.05,0.16
20260816,4,500,15,3000,3000,3000,3000,"fast","control_informative",0.05,4,0.01,"","mtada_aggregated","trait1","bfdr_discoveries",0.05,38
20260816,4,500,15,3000,3000,3000,3000,"fast","control_informative",0.05,4,0.01,"","mtada_aggregated","trait1","bfdr_observed_fdp",0.1,0.880952380952381
20260816,4,500,15,3000,3000,3000,3000,"fast","control_informative",0.05,4,0.01,"","mtada_aggregated","trait1","bfdr_estimate",0.1,0.0948126434112608
20260816,4,500,15,3000,3000,3000,3000,"fast","control_informative",0.05,4,0.01,"","mtada_aggregated","trait1","bfdr_power",0.1,0.2
20260816,4,500,15,3000,3000,3000,3000,"fast","control_informative",0.05,4,0.01,"","mtada_aggregated","trait1","bfdr_discoveries",0.1,42
20260816,4,500,15,3000,3000,3000,3000,"fast","control_informative",0.05,4,0.01,"","mtada_aggregated","trait1","bfdr_observed_fdp",0.2,0.9
20260816,4,500,15,3000,3000,3000,3000,"fast","control_informative",0.05,4,0.01,"","mtada_aggregated","trait1","bfdr_estimate",0.2,0.198900346024347
20260816,4,500,15,3000,3000,3000,3000,"fast","control_informative",0.05,4,0.01,"","mtada_aggregated","trait1","bfdr_power",0.2,0.2
20260816,4,500,15,3000,3000,3000,3000,"fast","control_informative",0.05,4,0.01,"","mtada_aggregated","trait1","bfdr_discoveries",0.2,50
20260816,4,500,15,3000,3000,3000,3000,"fast","control_informative",0.05,4,0.01,"","mtada_aggregated","trait2","bfdr_observed_fdp",0.01,0.933333333333333
20260816,4,500,15,3000,3000,3000,3000,"fast","control_informative",0.05,4,0.01,"","mtada_aggregated","trait2","bfdr_estimate",0.01,0.00879576985598977
20260816,4,500,15,3000,3000,3000,3000,"fast","control_informative",0.05,4,0.01,"","mtada_aggregated","trait2","bfdr_power",0.01,0.1
20260816,4,500,15,3000,3000,3000,3000,"fast","control_informative",0.05,4,0.01,"","mtada_aggregated","trait2","bfdr_discoveries",0.01,15
20260816,4,500,15,3000,3000,3000,3000,"fast","control_informative",0.05,4,0.01,"","mtada_aggregated","trait2","bfdr_observed_fdp",0.05,0.941176470588235
20260816,4,500,15,3000,3000,3000,3000,"fast","control_informative",0.05,4,0.01,"","mtada_aggregated","trait2","bfdr_estimate",0.05,0.0388103967166391
20260816,4,500,15,3000,3000,3000,3000,"fast","control_informative",0.05,4,0.01,"","mtada_aggregated","trait2","bfdr_power",0.05,0.1
20260816,4,500,15,3000,3000,3000,3000,"fast","control_informative",0.05,4,0.01,"","mtada_aggregated","trait2","bfdr_discoveries",0.05,17
20260816,4,500,15,3000,3000,3000,3000,"fast","control_informative",0.05,4,0.01,"","mtada_aggregated","trait2","bfdr_observed_fdp",0.1,0.95
20260816,4,500,15,3000,3000,3000,3000,"fast","control_informative",0.05,4,0.01,"","mtada_aggregated","trait2","bfdr_estimate",0.1,0.0903144641542927
20260816,4,500,15,3000,3000,3000,3000,"fast","control_informative",0.05,4,0.01,"","mtada_aggregated","trait2","bfdr_power",0.1,0.1
20260816,4,500,15,3000,3000,3000,3000,"fast","control_informative",0.05,4,0.01,"","mtada_aggregated","trait2","bfdr_discoveries",0.1,20
20260816,4,500,15,3000,3000,3000,3000,"fast","control_informative",0.05,4,0.01,"","mtada_aggregated","trait2","bfdr_observed_fdp",0.2,0.961538461538462
20260816,4,500,15,3000,3000,3000,3000,"fast","control_informative",0.05,4,0.01,"","mtada_aggregated","trait2","bfdr_estimate",0.2,0.19578866244671
20260816,4,500,15,3000,3000,3000,3000,"fast","control_informative",0.05,4,0.01,"","mtada_aggregated","trait2","bfdr_power",0.2,0.1
20260816,4,500,15,3000,3000,3000,3000,"fast","control_informative",0.05,4,0.01,"","mtada_aggregated","trait2","bfdr_discoveries",0.2,26
20260816,4,500,15,3000,3000,3000,3000,"fast","control_informative",0.05,4,0.01,"","mtada_aggregated","pleiotropy","bfdr_observed_fdp",0.01,0
20260816,4,500,15,3000,3000,3000,3000,"fast","control_informative",0.05,4,0.01,"","mtada_aggregated","pleiotropy","bfdr_estimate",0.01,0
20260816,4,500,15,3000,3000,3000,3000,"fast","control_informative",0.05,4,0.01,"","mtada_aggregated","pleiotropy","bfdr_power",0.01,0
20260816,4,500,15,3000,3000,3000,3000,"fast","control_informative",0.05,4,0.01,"","mtada_aggregated","pleiotropy","bfdr_discoveries",0.01,0
20260816,4,500,15,3000,3000,3000,3000,"fast","control_informative",0.05,4,0.01,"","mtada_aggregated","pleiotropy","bfdr_observed_fdp",0.05,0
20260816,4,500,15,3000,3000,3000,3000,"fast","control_informative",0.05,4,0.01,"","mtada_aggregated","pleiotropy","bfdr_estimate",0.05,0
20260816,4,500,15,3000,3000,3000,3000,"fast","control_informative",0.05,4,0.01,"","mtada_aggregated","pleiotropy","bfdr_power",0.05,0
20260816,4,500,15,3000,3000,3000,3000,"fast","control_informative",0.05,4,0.01,"","mtada_aggregated","pleiotropy","bfdr_discoveries",0.05,0
20260816,4,500,15,3000,3000,3000,3000,"fast","control_informative",0.05,4,0.01,"","mtada_aggregated","pleiotropy","bfdr_observed_fdp",0.1,0
20260816,4,500,15,3000,3000,3000,3000,"fast","control_informative",0.05,4,0.01,"","mtada_aggregated","pleiotropy","bfdr_estimate",0.1,0
20260816,4,500,15,3000,3000,3000,3000,"fast","control_informative",0.05,4,0.01,"","mtada_aggregated","pleiotropy","bfdr_power",0.1,0
20260816,4,500,15,3000,3000,3000,3000,"fast","control_informative",0.05,4,0.01,"","mtada_aggregated","pleiotropy","bfdr_discoveries",0.1,0
20260816,4,500,15,3000,3000,3000,3000,"fast","control_informative",0.05,4,0.01,"","mtada_aggregated","pleiotropy","bfdr_observed_fdp",0.2,0
20260816,4,500,15,3000,3000,3000,3000,"fast","control_informative",0.05,4,0.01,"","mtada_aggregated","pleiotropy","bfdr_estimate",0.2,0
20260816,4,500,15,3000,3000,3000,3000,"fast","control_informative",0.05,4,0.01,"","mtada_aggregated","pleiotropy","bfdr_power",0.2,0
20260816,4,500,15,3000,3000,3000,3000,"fast","control_informative",0.05,4,0.01,"","mtada_aggregated","pleiotropy","bfdr_discoveries",0.2,0
20260816,4,500,15,3000,3000,3000,3000,"fast","control_informative",0.05,4,0.01,"","mtada_aggregated","global","runtime_seconds",NA,0.698000000000008
20260816,4,500,15,3000,3000,3000,3000,"fast","control_informative",0.05,4,0.01,"","mtada_aggregated","pleiotropy","pi11_estimate",NA,0.000835276
20260817,5,500,15,3000,3000,3000,3000,"fast","control_informative",0.05,4,0.01,"","mirage_joint","trait1","auc",NA,0.703157894736842
20260817,5,500,15,3000,3000,3000,3000,"fast","control_informative",0.05,4,0.01,"","mirage_joint","trait2","auc",NA,0.699387755102041
20260817,5,500,15,3000,3000,3000,3000,"fast","control_informative",0.05,4,0.01,"","mirage_joint","pleiotropy","auc",NA,0.743030303030303
20260817,5,500,15,3000,3000,3000,3000,"fast","control_informative",0.05,4,0.01,"","mirage_joint","trait1","pp08_power",0.8,0.28
20260817,5,500,15,3000,3000,3000,3000,"fast","control_informative",0.05,4,0.01,"","mirage_joint","trait1","pp08_fdp",0.8,0.222222222222222
20260817,5,500,15,3000,3000,3000,3000,"fast","control_informative",0.05,4,0.01,"","mirage_joint","trait1","pp08_discoveries",0.8,9
20260817,5,500,15,3000,3000,3000,3000,"fast","control_informative",0.05,4,0.01,"","mirage_joint","trait2","pp08_power",0.8,0.1
20260817,5,500,15,3000,3000,3000,3000,"fast","control_informative",0.05,4,0.01,"","mirage_joint","trait2","pp08_fdp",0.8,0
20260817,5,500,15,3000,3000,3000,3000,"fast","control_informative",0.05,4,0.01,"","mirage_joint","trait2","pp08_discoveries",0.8,1
20260817,5,500,15,3000,3000,3000,3000,"fast","control_informative",0.05,4,0.01,"","mirage_joint","pleiotropy","pp08_power",0.8,0
20260817,5,500,15,3000,3000,3000,3000,"fast","control_informative",0.05,4,0.01,"","mirage_joint","pleiotropy","pp08_fdp",0.8,0
20260817,5,500,15,3000,3000,3000,3000,"fast","control_informative",0.05,4,0.01,"","mirage_joint","pleiotropy","pp08_discoveries",0.8,0
20260817,5,500,15,3000,3000,3000,3000,"fast","control_informative",0.05,4,0.01,"","mirage_joint","trait1","bfdr_observed_fdp",0.01,0
20260817,5,500,15,3000,3000,3000,3000,"fast","control_informative",0.05,4,0.01,"","mirage_joint","trait1","bfdr_estimate",0.01,0.00796812468385477
20260817,5,500,15,3000,3000,3000,3000,"fast","control_informative",0.05,4,0.01,"","mirage_joint","trait1","bfdr_power",0.01,0.2
20260817,5,500,15,3000,3000,3000,3000,"fast","control_informative",0.05,4,0.01,"","mirage_joint","trait1","bfdr_discoveries",0.01,5
20260817,5,500,15,3000,3000,3000,3000,"fast","control_informative",0.05,4,0.01,"","mirage_joint","trait1","bfdr_observed_fdp",0.05,0.25
20260817,5,500,15,3000,3000,3000,3000,"fast","control_informative",0.05,4,0.01,"","mirage_joint","trait1","bfdr_estimate",0.05,0.0375222532591917
20260817,5,500,15,3000,3000,3000,3000,"fast","control_informative",0.05,4,0.01,"","mirage_joint","trait1","bfdr_power",0.05,0.24
20260817,5,500,15,3000,3000,3000,3000,"fast","control_informative",0.05,4,0.01,"","mirage_joint","trait1","bfdr_discoveries",0.05,8
20260817,5,500,15,3000,3000,3000,3000,"fast","control_informative",0.05,4,0.01,"","mirage_joint","trait1","bfdr_observed_fdp",0.1,0.3
20260817,5,500,15,3000,3000,3000,3000,"fast","control_informative",0.05,4,0.01,"","mirage_joint","trait1","bfdr_estimate",0.1,0.070289773677241
20260817,5,500,15,3000,3000,3000,3000,"fast","control_informative",0.05,4,0.01,"","mirage_joint","trait1","bfdr_power",0.1,0.28
20260817,5,500,15,3000,3000,3000,3000,"fast","control_informative",0.05,4,0.01,"","mirage_joint","trait1","bfdr_discoveries",0.1,10
20260817,5,500,15,3000,3000,3000,3000,"fast","control_informative",0.05,4,0.01,"","mirage_joint","trait1","bfdr_observed_fdp",0.2,0.428571428571429
20260817,5,500,15,3000,3000,3000,3000,"fast","control_informative",0.05,4,0.01,"","mirage_joint","trait1","bfdr_estimate",0.2,0.177177136227436
20260817,5,500,15,3000,3000,3000,3000,"fast","control_informative",0.05,4,0.01,"","mirage_joint","trait1","bfdr_power",0.2,0.32
20260817,5,500,15,3000,3000,3000,3000,"fast","control_informative",0.05,4,0.01,"","mirage_joint","trait1","bfdr_discoveries",0.2,14
20260817,5,500,15,3000,3000,3000,3000,"fast","control_informative",0.05,4,0.01,"","mirage_joint","trait2","bfdr_observed_fdp",0.01,0
20260817,5,500,15,3000,3000,3000,3000,"fast","control_informative",0.05,4,0.01,"","mirage_joint","trait2","bfdr_estimate",0.01,0
20260817,5,500,15,3000,3000,3000,3000,"fast","control_informative",0.05,4,0.01,"","mirage_joint","trait2","bfdr_power",0.01,0
20260817,5,500,15,3000,3000,3000,3000,"fast","control_informative",0.05,4,0.01,"","mirage_joint","trait2","bfdr_discoveries",0.01,0
20260817,5,500,15,3000,3000,3000,3000,"fast","control_informative",0.05,4,0.01,"","mirage_joint","trait2","bfdr_observed_fdp",0.05,0
20260817,5,500,15,3000,3000,3000,3000,"fast","control_informative",0.05,4,0.01,"","mirage_joint","trait2","bfdr_estimate",0.05,0.031797764046376
20260817,5,500,15,3000,3000,3000,3000,"fast","control_informative",0.05,4,0.01,"","mirage_joint","trait2","bfdr_power",0.05,0.1
20260817,5,500,15,3000,3000,3000,3000,"fast","control_informative",0.05,4,0.01,"","mirage_joint","trait2","bfdr_discoveries",0.05,1
20260817,5,500,15,3000,3000,3000,3000,"fast","control_informative",0.05,4,0.01,"","mirage_joint","trait2","bfdr_observed_fdp",0.1,0
20260817,5,500,15,3000,3000,3000,3000,"fast","control_informative",0.05,4,0.01,"","mirage_joint","trait2","bfdr_estimate",0.1,0.031797764046376
20260817,5,500,15,3000,3000,3000,3000,"fast","control_informative",0.05,4,0.01,"","mirage_joint","trait2","bfdr_power",0.1,0.1
20260817,5,500,15,3000,3000,3000,3000,"fast","control_informative",0.05,4,0.01,"","mirage_joint","trait2","bfdr_discoveries",0.1,1
20260817,5,500,15,3000,3000,3000,3000,"fast","control_informative",0.05,4,0.01,"","mirage_joint","trait2","bfdr_observed_fdp",0.2,0
20260817,5,500,15,3000,3000,3000,3000,"fast","control_informative",0.05,4,0.01,"","mirage_joint","trait2","bfdr_estimate",0.2,0.031797764046376
20260817,5,500,15,3000,3000,3000,3000,"fast","control_informative",0.05,4,0.01,"","mirage_joint","trait2","bfdr_power",0.2,0.1
20260817,5,500,15,3000,3000,3000,3000,"fast","control_informative",0.05,4,0.01,"","mirage_joint","trait2","bfdr_discoveries",0.2,1
20260817,5,500,15,3000,3000,3000,3000,"fast","control_informative",0.05,4,0.01,"","mirage_joint","pleiotropy","bfdr_observed_fdp",0.01,0
20260817,5,500,15,3000,3000,3000,3000,"fast","control_informative",0.05,4,0.01,"","mirage_joint","pleiotropy","bfdr_estimate",0.01,0
20260817,5,500,15,3000,3000,3000,3000,"fast","control_informative",0.05,4,0.01,"","mirage_joint","pleiotropy","bfdr_power",0.01,0
20260817,5,500,15,3000,3000,3000,3000,"fast","control_informative",0.05,4,0.01,"","mirage_joint","pleiotropy","bfdr_discoveries",0.01,0
20260817,5,500,15,3000,3000,3000,3000,"fast","control_informative",0.05,4,0.01,"","mirage_joint","pleiotropy","bfdr_observed_fdp",0.05,0
20260817,5,500,15,3000,3000,3000,3000,"fast","control_informative",0.05,4,0.01,"","mirage_joint","pleiotropy","bfdr_estimate",0.05,0
20260817,5,500,15,3000,3000,3000,3000,"fast","control_informative",0.05,4,0.01,"","mirage_joint","pleiotropy","bfdr_power",0.05,0
20260817,5,500,15,3000,3000,3000,3000,"fast","control_informative",0.05,4,0.01,"","mirage_joint","pleiotropy","bfdr_discoveries",0.05,0
20260817,5,500,15,3000,3000,3000,3000,"fast","control_informative",0.05,4,0.01,"","mirage_joint","pleiotropy","bfdr_observed_fdp",0.1,0
20260817,5,500,15,3000,3000,3000,3000,"fast","control_informative",0.05,4,0.01,"","mirage_joint","pleiotropy","bfdr_estimate",0.1,0
20260817,5,500,15,3000,3000,3000,3000,"fast","control_informative",0.05,4,0.01,"","mirage_joint","pleiotropy","bfdr_power",0.1,0
20260817,5,500,15,3000,3000,3000,3000,"fast","control_informative",0.05,4,0.01,"","mirage_joint","pleiotropy","bfdr_discoveries",0.1,0
20260817,5,500,15,3000,3000,3000,3000,"fast","control_informative",0.05,4,0.01,"","mirage_joint","pleiotropy","bfdr_observed_fdp",0.2,0
20260817,5,500,15,3000,3000,3000,3000,"fast","control_informative",0.05,4,0.01,"","mirage_joint","pleiotropy","bfdr_estimate",0.2,0
20260817,5,500,15,3000,3000,3000,3000,"fast","control_informative",0.05,4,0.01,"","mirage_joint","pleiotropy","bfdr_power",0.2,0
20260817,5,500,15,3000,3000,3000,3000,"fast","control_informative",0.05,4,0.01,"","mirage_joint","pleiotropy","bfdr_discoveries",0.2,0
20260817,5,500,15,3000,3000,3000,3000,"fast","control_informative",0.05,4,0.01,"","mirage_joint","global","runtime_seconds",NA,18.042
20260817,5,500,15,3000,3000,3000,3000,"fast","control_informative",0.05,4,0.01,"","mirage_joint","pleiotropy","pi11_estimate",NA,0.0229311863622223
20260817,5,500,15,3000,3000,3000,3000,"fast","control_informative",0.05,4,0.01,"","separate_mirage","trait1","auc",NA,0.701389473684211
20260817,5,500,15,3000,3000,3000,3000,"fast","control_informative",0.05,4,0.01,"","separate_mirage","trait2","auc",NA,0.478367346938776
20260817,5,500,15,3000,3000,3000,3000,"fast","control_informative",0.05,4,0.01,"","separate_mirage","pleiotropy","auc",NA,0.717575757575758
20260817,5,500,15,3000,3000,3000,3000,"fast","control_informative",0.05,4,0.01,"","separate_mirage","trait1","pp08_power",0.8,0.24
20260817,5,500,15,3000,3000,3000,3000,"fast","control_informative",0.05,4,0.01,"","separate_mirage","trait1","pp08_fdp",0.8,0.25
20260817,5,500,15,3000,3000,3000,3000,"fast","control_informative",0.05,4,0.01,"","separate_mirage","trait1","pp08_discoveries",0.8,8
20260817,5,500,15,3000,3000,3000,3000,"fast","control_informative",0.05,4,0.01,"","separate_mirage","trait2","pp08_power",0.8,0.1
20260817,5,500,15,3000,3000,3000,3000,"fast","control_informative",0.05,4,0.01,"","separate_mirage","trait2","pp08_fdp",0.8,0
20260817,5,500,15,3000,3000,3000,3000,"fast","control_informative",0.05,4,0.01,"","separate_mirage","trait2","pp08_discoveries",0.8,1
20260817,5,500,15,3000,3000,3000,3000,"fast","control_informative",0.05,4,0.01,"","separate_mirage","pleiotropy","pp08_power",0.8,0
20260817,5,500,15,3000,3000,3000,3000,"fast","control_informative",0.05,4,0.01,"","separate_mirage","pleiotropy","pp08_fdp",0.8,0
20260817,5,500,15,3000,3000,3000,3000,"fast","control_informative",0.05,4,0.01,"","separate_mirage","pleiotropy","pp08_discoveries",0.8,0
20260817,5,500,15,3000,3000,3000,3000,"fast","control_informative",0.05,4,0.01,"","separate_mirage","trait1","bfdr_observed_fdp",0.01,0
20260817,5,500,15,3000,3000,3000,3000,"fast","control_informative",0.05,4,0.01,"","separate_mirage","trait1","bfdr_estimate",0.01,0.000717229316002738
20260817,5,500,15,3000,3000,3000,3000,"fast","control_informative",0.05,4,0.01,"","separate_mirage","trait1","bfdr_power",0.01,0.16
20260817,5,500,15,3000,3000,3000,3000,"fast","control_informative",0.05,4,0.01,"","separate_mirage","trait1","bfdr_discoveries",0.01,4
20260817,5,500,15,3000,3000,3000,3000,"fast","control_informative",0.05,4,0.01,"","separate_mirage","trait1","bfdr_observed_fdp",0.05,0.142857142857143
20260817,5,500,15,3000,3000,3000,3000,"fast","control_informative",0.05,4,0.01,"","separate_mirage","trait1","bfdr_estimate",0.05,0.039034171364945
20260817,5,500,15,3000,3000,3000,3000,"fast","control_informative",0.05,4,0.01,"","separate_mirage","trait1","bfdr_power",0.05,0.24
20260817,5,500,15,3000,3000,3000,3000,"fast","control_informative",0.05,4,0.01,"","separate_mirage","trait1","bfdr_discoveries",0.05,7
20260817,5,500,15,3000,3000,3000,3000,"fast","control_informative",0.05,4,0.01,"","separate_mirage","trait1","bfdr_observed_fdp",0.1,0.222222222222222
20260817,5,500,15,3000,3000,3000,3000,"fast","control_informative",0.05,4,0.01,"","separate_mirage","trait1","bfdr_estimate",0.1,0.0844172018192082
20260817,5,500,15,3000,3000,3000,3000,"fast","control_informative",0.05,4,0.01,"","separate_mirage","trait1","bfdr_power",0.1,0.28
20260817,5,500,15,3000,3000,3000,3000,"fast","control_informative",0.05,4,0.01,"","separate_mirage","trait1","bfdr_discoveries",0.1,9
20260817,5,500,15,3000,3000,3000,3000,"fast","control_informative",0.05,4,0.01,"","separate_mirage","trait1","bfdr_observed_fdp",0.2,0.333333333333333
20260817,5,500,15,3000,3000,3000,3000,"fast","control_informative",0.05,4,0.01,"","separate_mirage","trait1","bfdr_estimate",0.2,0.185918125726043
20260817,5,500,15,3000,3000,3000,3000,"fast","control_informative",0.05,4,0.01,"","separate_mirage","trait1","bfdr_power",0.2,0.32
20260817,5,500,15,3000,3000,3000,3000,"fast","control_informative",0.05,4,0.01,"","separate_mirage","trait1","bfdr_discoveries",0.2,12
20260817,5,500,15,3000,3000,3000,3000,"fast","control_informative",0.05,4,0.01,"","separate_mirage","trait2","bfdr_observed_fdp",0.01,0
20260817,5,500,15,3000,3000,3000,3000,"fast","control_informative",0.05,4,0.01,"","separate_mirage","trait2","bfdr_estimate",0.01,0
20260817,5,500,15,3000,3000,3000,3000,"fast","control_informative",0.05,4,0.01,"","separate_mirage","trait2","bfdr_power",0.01,0
20260817,5,500,15,3000,3000,3000,3000,"fast","control_informative",0.05,4,0.01,"","separate_mirage","trait2","bfdr_discoveries",0.01,0
20260817,5,500,15,3000,3000,3000,3000,"fast","control_informative",0.05,4,0.01,"","separate_mirage","trait2","bfdr_observed_fdp",0.05,0
20260817,5,500,15,3000,3000,3000,3000,"fast","control_informative",0.05,4,0.01,"","separate_mirage","trait2","bfdr_estimate",0.05,0.0448188246971393
20260817,5,500,15,3000,3000,3000,3000,"fast","control_informative",0.05,4,0.01,"","separate_mirage","trait2","bfdr_power",0.05,0.1
20260817,5,500,15,3000,3000,3000,3000,"fast","control_informative",0.05,4,0.01,"","separate_mirage","trait2","bfdr_discoveries",0.05,1
20260817,5,500,15,3000,3000,3000,3000,"fast","control_informative",0.05,4,0.01,"","separate_mirage","trait2","bfdr_observed_fdp",0.1,0
20260817,5,500,15,3000,3000,3000,3000,"fast","control_informative",0.05,4,0.01,"","separate_mirage","trait2","bfdr_estimate",0.1,0.0448188246971393
20260817,5,500,15,3000,3000,3000,3000,"fast","control_informative",0.05,4,0.01,"","separate_mirage","trait2","bfdr_power",0.1,0.1
20260817,5,500,15,3000,3000,3000,3000,"fast","control_informative",0.05,4,0.01,"","separate_mirage","trait2","bfdr_discoveries",0.1,1
20260817,5,500,15,3000,3000,3000,3000,"fast","control_informative",0.05,4,0.01,"","separate_mirage","trait2","bfdr_observed_fdp",0.2,0
20260817,5,500,15,3000,3000,3000,3000,"fast","control_informative",0.05,4,0.01,"","separate_mirage","trait2","bfdr_estimate",0.2,0.0448188246971393
20260817,5,500,15,3000,3000,3000,3000,"fast","control_informative",0.05,4,0.01,"","separate_mirage","trait2","bfdr_power",0.2,0.1
20260817,5,500,15,3000,3000,3000,3000,"fast","control_informative",0.05,4,0.01,"","separate_mirage","trait2","bfdr_discoveries",0.2,1
20260817,5,500,15,3000,3000,3000,3000,"fast","control_informative",0.05,4,0.01,"","separate_mirage","pleiotropy","bfdr_observed_fdp",0.01,0
20260817,5,500,15,3000,3000,3000,3000,"fast","control_informative",0.05,4,0.01,"","separate_mirage","pleiotropy","bfdr_estimate",0.01,0
20260817,5,500,15,3000,3000,3000,3000,"fast","control_informative",0.05,4,0.01,"","separate_mirage","pleiotropy","bfdr_power",0.01,0
20260817,5,500,15,3000,3000,3000,3000,"fast","control_informative",0.05,4,0.01,"","separate_mirage","pleiotropy","bfdr_discoveries",0.01,0
20260817,5,500,15,3000,3000,3000,3000,"fast","control_informative",0.05,4,0.01,"","separate_mirage","pleiotropy","bfdr_observed_fdp",0.05,0
20260817,5,500,15,3000,3000,3000,3000,"fast","control_informative",0.05,4,0.01,"","separate_mirage","pleiotropy","bfdr_estimate",0.05,0
20260817,5,500,15,3000,3000,3000,3000,"fast","control_informative",0.05,4,0.01,"","separate_mirage","pleiotropy","bfdr_power",0.05,0
20260817,5,500,15,3000,3000,3000,3000,"fast","control_informative",0.05,4,0.01,"","separate_mirage","pleiotropy","bfdr_discoveries",0.05,0
20260817,5,500,15,3000,3000,3000,3000,"fast","control_informative",0.05,4,0.01,"","separate_mirage","pleiotropy","bfdr_observed_fdp",0.1,0
20260817,5,500,15,3000,3000,3000,3000,"fast","control_informative",0.05,4,0.01,"","separate_mirage","pleiotropy","bfdr_estimate",0.1,0
20260817,5,500,15,3000,3000,3000,3000,"fast","control_informative",0.05,4,0.01,"","separate_mirage","pleiotropy","bfdr_power",0.1,0
20260817,5,500,15,3000,3000,3000,3000,"fast","control_informative",0.05,4,0.01,"","separate_mirage","pleiotropy","bfdr_discoveries",0.1,0
20260817,5,500,15,3000,3000,3000,3000,"fast","control_informative",0.05,4,0.01,"","separate_mirage","pleiotropy","bfdr_observed_fdp",0.2,0
20260817,5,500,15,3000,3000,3000,3000,"fast","control_informative",0.05,4,0.01,"","separate_mirage","pleiotropy","bfdr_estimate",0.2,0
20260817,5,500,15,3000,3000,3000,3000,"fast","control_informative",0.05,4,0.01,"","separate_mirage","pleiotropy","bfdr_power",0.2,0
20260817,5,500,15,3000,3000,3000,3000,"fast","control_informative",0.05,4,0.01,"","separate_mirage","pleiotropy","bfdr_discoveries",0.2,0
20260817,5,500,15,3000,3000,3000,3000,"fast","control_informative",0.05,4,0.01,"","separate_mirage","global","runtime_seconds",NA,18.109
20260817,5,500,15,3000,3000,3000,3000,"fast","control_informative",0.05,4,0.01,"","separate_mirage","pleiotropy","pi11_estimate",NA,0.001
20260817,5,500,15,3000,3000,3000,3000,"fast","control_informative",0.05,4,0.01,"","mtada_aggregated","trait1","auc",NA,0.676378947368421
20260817,5,500,15,3000,3000,3000,3000,"fast","control_informative",0.05,4,0.01,"","mtada_aggregated","trait2","auc",NA,0.512244897959184
20260817,5,500,15,3000,3000,3000,3000,"fast","control_informative",0.05,4,0.01,"","mtada_aggregated","pleiotropy","auc",NA,0.639191919191919
20260817,5,500,15,3000,3000,3000,3000,"fast","control_informative",0.05,4,0.01,"","mtada_aggregated","trait1","pp08_power",0.8,0.28
20260817,5,500,15,3000,3000,3000,3000,"fast","control_informative",0.05,4,0.01,"","mtada_aggregated","trait1","pp08_fdp",0.8,0.844444444444444
20260817,5,500,15,3000,3000,3000,3000,"fast","control_informative",0.05,4,0.01,"","mtada_aggregated","trait1","pp08_discoveries",0.8,45
20260817,5,500,15,3000,3000,3000,3000,"fast","control_informative",0.05,4,0.01,"","mtada_aggregated","trait2","pp08_power",0.8,0.1
20260817,5,500,15,3000,3000,3000,3000,"fast","control_informative",0.05,4,0.01,"","mtada_aggregated","trait2","pp08_fdp",0.8,0.962962962962963
20260817,5,500,15,3000,3000,3000,3000,"fast","control_informative",0.05,4,0.01,"","mtada_aggregated","trait2","pp08_discoveries",0.8,27
20260817,5,500,15,3000,3000,3000,3000,"fast","control_informative",0.05,4,0.01,"","mtada_aggregated","pleiotropy","pp08_power",0.8,0
20260817,5,500,15,3000,3000,3000,3000,"fast","control_informative",0.05,4,0.01,"","mtada_aggregated","pleiotropy","pp08_fdp",0.8,1
20260817,5,500,15,3000,3000,3000,3000,"fast","control_informative",0.05,4,0.01,"","mtada_aggregated","pleiotropy","pp08_discoveries",0.8,2
20260817,5,500,15,3000,3000,3000,3000,"fast","control_informative",0.05,4,0.01,"","mtada_aggregated","trait1","bfdr_observed_fdp",0.01,0.805555555555556
20260817,5,500,15,3000,3000,3000,3000,"fast","control_informative",0.05,4,0.01,"","mtada_aggregated","trait1","bfdr_estimate",0.01,0.00892112820403908
20260817,5,500,15,3000,3000,3000,3000,"fast","control_informative",0.05,4,0.01,"","mtada_aggregated","trait1","bfdr_power",0.01,0.28
20260817,5,500,15,3000,3000,3000,3000,"fast","control_informative",0.05,4,0.01,"","mtada_aggregated","trait1","bfdr_discoveries",0.01,36
20260817,5,500,15,3000,3000,3000,3000,"fast","control_informative",0.05,4,0.01,"","mtada_aggregated","trait1","bfdr_observed_fdp",0.05,0.833333333333333
20260817,5,500,15,3000,3000,3000,3000,"fast","control_informative",0.05,4,0.01,"","mtada_aggregated","trait1","bfdr_estimate",0.05,0.0465605538937497
20260817,5,500,15,3000,3000,3000,3000,"fast","control_informative",0.05,4,0.01,"","mtada_aggregated","trait1","bfdr_power",0.05,0.32
20260817,5,500,15,3000,3000,3000,3000,"fast","control_informative",0.05,4,0.01,"","mtada_aggregated","trait1","bfdr_discoveries",0.05,48
20260817,5,500,15,3000,3000,3000,3000,"fast","control_informative",0.05,4,0.01,"","mtada_aggregated","trait1","bfdr_observed_fdp",0.1,0.839285714285714
20260817,5,500,15,3000,3000,3000,3000,"fast","control_informative",0.05,4,0.01,"","mtada_aggregated","trait1","bfdr_estimate",0.1,0.0977639872516524
20260817,5,500,15,3000,3000,3000,3000,"fast","control_informative",0.05,4,0.01,"","mtada_aggregated","trait1","bfdr_power",0.1,0.36
20260817,5,500,15,3000,3000,3000,3000,"fast","control_informative",0.05,4,0.01,"","mtada_aggregated","trait1","bfdr_discoveries",0.1,56
20260817,5,500,15,3000,3000,3000,3000,"fast","control_informative",0.05,4,0.01,"","mtada_aggregated","trait1","bfdr_observed_fdp",0.2,0.852941176470588
20260817,5,500,15,3000,3000,3000,3000,"fast","control_informative",0.05,4,0.01,"","mtada_aggregated","trait1","bfdr_estimate",0.2,0.199418062643571
20260817,5,500,15,3000,3000,3000,3000,"fast","control_informative",0.05,4,0.01,"","mtada_aggregated","trait1","bfdr_power",0.2,0.4
20260817,5,500,15,3000,3000,3000,3000,"fast","control_informative",0.05,4,0.01,"","mtada_aggregated","trait1","bfdr_discoveries",0.2,68
20260817,5,500,15,3000,3000,3000,3000,"fast","control_informative",0.05,4,0.01,"","mtada_aggregated","trait2","bfdr_observed_fdp",0.01,0.96
20260817,5,500,15,3000,3000,3000,3000,"fast","control_informative",0.05,4,0.01,"","mtada_aggregated","trait2","bfdr_estimate",0.01,0.0099676806355487
20260817,5,500,15,3000,3000,3000,3000,"fast","control_informative",0.05,4,0.01,"","mtada_aggregated","trait2","bfdr_power",0.01,0.1
20260817,5,500,15,3000,3000,3000,3000,"fast","control_informative",0.05,4,0.01,"","mtada_aggregated","trait2","bfdr_discoveries",0.01,25
20260817,5,500,15,3000,3000,3000,3000,"fast","control_informative",0.05,4,0.01,"","mtada_aggregated","trait2","bfdr_observed_fdp",0.05,0.967741935483871
20260817,5,500,15,3000,3000,3000,3000,"fast","control_informative",0.05,4,0.01,"","mtada_aggregated","trait2","bfdr_estimate",0.05,0.044811105429821
20260817,5,500,15,3000,3000,3000,3000,"fast","control_informative",0.05,4,0.01,"","mtada_aggregated","trait2","bfdr_power",0.05,0.1
20260817,5,500,15,3000,3000,3000,3000,"fast","control_informative",0.05,4,0.01,"","mtada_aggregated","trait2","bfdr_discoveries",0.05,31
20260817,5,500,15,3000,3000,3000,3000,"fast","control_informative",0.05,4,0.01,"","mtada_aggregated","trait2","bfdr_observed_fdp",0.1,0.972222222222222
20260817,5,500,15,3000,3000,3000,3000,"fast","control_informative",0.05,4,0.01,"","mtada_aggregated","trait2","bfdr_estimate",0.1,0.0971570430605421
20260817,5,500,15,3000,3000,3000,3000,"fast","control_informative",0.05,4,0.01,"","mtada_aggregated","trait2","bfdr_power",0.1,0.1
20260817,5,500,15,3000,3000,3000,3000,"fast","control_informative",0.05,4,0.01,"","mtada_aggregated","trait2","bfdr_discoveries",0.1,36
20260817,5,500,15,3000,3000,3000,3000,"fast","control_informative",0.05,4,0.01,"","mtada_aggregated","trait2","bfdr_observed_fdp",0.2,0.975609756097561
20260817,5,500,15,3000,3000,3000,3000,"fast","control_informative",0.05,4,0.01,"","mtada_aggregated","trait2","bfdr_estimate",0.2,0.18772487175653
20260817,5,500,15,3000,3000,3000,3000,"fast","control_informative",0.05,4,0.01,"","mtada_aggregated","trait2","bfdr_power",0.2,0.1
20260817,5,500,15,3000,3000,3000,3000,"fast","control_informative",0.05,4,0.01,"","mtada_aggregated","trait2","bfdr_discoveries",0.2,41
20260817,5,500,15,3000,3000,3000,3000,"fast","control_informative",0.05,4,0.01,"","mtada_aggregated","pleiotropy","bfdr_observed_fdp",0.01,0
20260817,5,500,15,3000,3000,3000,3000,"fast","control_informative",0.05,4,0.01,"","mtada_aggregated","pleiotropy","bfdr_estimate",0.01,0
20260817,5,500,15,3000,3000,3000,3000,"fast","control_informative",0.05,4,0.01,"","mtada_aggregated","pleiotropy","bfdr_power",0.01,0
20260817,5,500,15,3000,3000,3000,3000,"fast","control_informative",0.05,4,0.01,"","mtada_aggregated","pleiotropy","bfdr_discoveries",0.01,0
20260817,5,500,15,3000,3000,3000,3000,"fast","control_informative",0.05,4,0.01,"","mtada_aggregated","pleiotropy","bfdr_observed_fdp",0.05,1
20260817,5,500,15,3000,3000,3000,3000,"fast","control_informative",0.05,4,0.01,"","mtada_aggregated","pleiotropy","bfdr_estimate",0.05,0.0238467236312083
20260817,5,500,15,3000,3000,3000,3000,"fast","control_informative",0.05,4,0.01,"","mtada_aggregated","pleiotropy","bfdr_power",0.05,0
20260817,5,500,15,3000,3000,3000,3000,"fast","control_informative",0.05,4,0.01,"","mtada_aggregated","pleiotropy","bfdr_discoveries",0.05,2
20260817,5,500,15,3000,3000,3000,3000,"fast","control_informative",0.05,4,0.01,"","mtada_aggregated","pleiotropy","bfdr_observed_fdp",0.1,1
20260817,5,500,15,3000,3000,3000,3000,"fast","control_informative",0.05,4,0.01,"","mtada_aggregated","pleiotropy","bfdr_estimate",0.1,0.0238467236312083
20260817,5,500,15,3000,3000,3000,3000,"fast","control_informative",0.05,4,0.01,"","mtada_aggregated","pleiotropy","bfdr_power",0.1,0
20260817,5,500,15,3000,3000,3000,3000,"fast","control_informative",0.05,4,0.01,"","mtada_aggregated","pleiotropy","bfdr_discoveries",0.1,2
20260817,5,500,15,3000,3000,3000,3000,"fast","control_informative",0.05,4,0.01,"","mtada_aggregated","pleiotropy","bfdr_observed_fdp",0.2,1
20260817,5,500,15,3000,3000,3000,3000,"fast","control_informative",0.05,4,0.01,"","mtada_aggregated","pleiotropy","bfdr_estimate",0.2,0.109918289305039
20260817,5,500,15,3000,3000,3000,3000,"fast","control_informative",0.05,4,0.01,"","mtada_aggregated","pleiotropy","bfdr_power",0.2,0
20260817,5,500,15,3000,3000,3000,3000,"fast","control_informative",0.05,4,0.01,"","mtada_aggregated","pleiotropy","bfdr_discoveries",0.2,3
20260817,5,500,15,3000,3000,3000,3000,"fast","control_informative",0.05,4,0.01,"","mtada_aggregated","global","runtime_seconds",NA,0.710000000000008
20260817,5,500,15,3000,3000,3000,3000,"fast","control_informative",0.05,4,0.01,"","mtada_aggregated","pleiotropy","pi11_estimate",NA,0.00156992
20260818,6,500,15,3000,3000,3000,3000,"fast","control_informative",0.05,4,0.01,"","mirage_joint","trait1","auc",NA,0.66618947368421
20260818,6,500,15,3000,3000,3000,3000,"fast","control_informative",0.05,4,0.01,"","mirage_joint","trait2","auc",NA,0.632448979591837
20260818,6,500,15,3000,3000,3000,3000,"fast","control_informative",0.05,4,0.01,"","mirage_joint","pleiotropy","auc",NA,0.557171717171717
20260818,6,500,15,3000,3000,3000,3000,"fast","control_informative",0.05,4,0.01,"","mirage_joint","trait1","pp08_power",0.8,0.12
20260818,6,500,15,3000,3000,3000,3000,"fast","control_informative",0.05,4,0.01,"","mirage_joint","trait1","pp08_fdp",0.8,0.25
20260818,6,500,15,3000,3000,3000,3000,"fast","control_informative",0.05,4,0.01,"","mirage_joint","trait1","pp08_discoveries",0.8,4
20260818,6,500,15,3000,3000,3000,3000,"fast","control_informative",0.05,4,0.01,"","mirage_joint","trait2","pp08_power",0.8,0
20260818,6,500,15,3000,3000,3000,3000,"fast","control_informative",0.05,4,0.01,"","mirage_joint","trait2","pp08_fdp",0.8,0
20260818,6,500,15,3000,3000,3000,3000,"fast","control_informative",0.05,4,0.01,"","mirage_joint","trait2","pp08_discoveries",0.8,0
20260818,6,500,15,3000,3000,3000,3000,"fast","control_informative",0.05,4,0.01,"","mirage_joint","pleiotropy","pp08_power",0.8,0
20260818,6,500,15,3000,3000,3000,3000,"fast","control_informative",0.05,4,0.01,"","mirage_joint","pleiotropy","pp08_fdp",0.8,0
20260818,6,500,15,3000,3000,3000,3000,"fast","control_informative",0.05,4,0.01,"","mirage_joint","pleiotropy","pp08_discoveries",0.8,0
20260818,6,500,15,3000,3000,3000,3000,"fast","control_informative",0.05,4,0.01,"","mirage_joint","trait1","bfdr_observed_fdp",0.01,0
20260818,6,500,15,3000,3000,3000,3000,"fast","control_informative",0.05,4,0.01,"","mirage_joint","trait1","bfdr_estimate",0.01,0.00753573654147173
20260818,6,500,15,3000,3000,3000,3000,"fast","control_informative",0.05,4,0.01,"","mirage_joint","trait1","bfdr_power",0.01,0.12
20260818,6,500,15,3000,3000,3000,3000,"fast","control_informative",0.05,4,0.01,"","mirage_joint","trait1","bfdr_discoveries",0.01,3
20260818,6,500,15,3000,3000,3000,3000,"fast","control_informative",0.05,4,0.01,"","mirage_joint","trait1","bfdr_observed_fdp",0.05,0.25
20260818,6,500,15,3000,3000,3000,3000,"fast","control_informative",0.05,4,0.01,"","mirage_joint","trait1","bfdr_estimate",0.05,0.0365461951870497
20260818,6,500,15,3000,3000,3000,3000,"fast","control_informative",0.05,4,0.01,"","mirage_joint","trait1","bfdr_power",0.05,0.12
20260818,6,500,15,3000,3000,3000,3000,"fast","control_informative",0.05,4,0.01,"","mirage_joint","trait1","bfdr_discoveries",0.05,4
20260818,6,500,15,3000,3000,3000,3000,"fast","control_informative",0.05,4,0.01,"","mirage_joint","trait1","bfdr_observed_fdp",0.1,0.2
20260818,6,500,15,3000,3000,3000,3000,"fast","control_informative",0.05,4,0.01,"","mirage_joint","trait1","bfdr_estimate",0.1,0.0697818765926873
20260818,6,500,15,3000,3000,3000,3000,"fast","control_informative",0.05,4,0.01,"","mirage_joint","trait1","bfdr_power",0.1,0.16
20260818,6,500,15,3000,3000,3000,3000,"fast","control_informative",0.05,4,0.01,"","mirage_joint","trait1","bfdr_discoveries",0.1,5
20260818,6,500,15,3000,3000,3000,3000,"fast","control_informative",0.05,4,0.01,"","mirage_joint","trait1","bfdr_observed_fdp",0.2,0.428571428571429
20260818,6,500,15,3000,3000,3000,3000,"fast","control_informative",0.05,4,0.01,"","mirage_joint","trait1","bfdr_estimate",0.2,0.1762211250753
20260818,6,500,15,3000,3000,3000,3000,"fast","control_informative",0.05,4,0.01,"","mirage_joint","trait1","bfdr_power",0.2,0.16
20260818,6,500,15,3000,3000,3000,3000,"fast","control_informative",0.05,4,0.01,"","mirage_joint","trait1","bfdr_discoveries",0.2,7
20260818,6,500,15,3000,3000,3000,3000,"fast","control_informative",0.05,4,0.01,"","mirage_joint","trait2","bfdr_observed_fdp",0.01,0
20260818,6,500,15,3000,3000,3000,3000,"fast","control_informative",0.05,4,0.01,"","mirage_joint","trait2","bfdr_estimate",0.01,0
20260818,6,500,15,3000,3000,3000,3000,"fast","control_informative",0.05,4,0.01,"","mirage_joint","trait2","bfdr_power",0.01,0
20260818,6,500,15,3000,3000,3000,3000,"fast","control_informative",0.05,4,0.01,"","mirage_joint","trait2","bfdr_discoveries",0.01,0
20260818,6,500,15,3000,3000,3000,3000,"fast","control_informative",0.05,4,0.01,"","mirage_joint","trait2","bfdr_observed_fdp",0.05,0
20260818,6,500,15,3000,3000,3000,3000,"fast","control_informative",0.05,4,0.01,"","mirage_joint","trait2","bfdr_estimate",0.05,0
20260818,6,500,15,3000,3000,3000,3000,"fast","control_informative",0.05,4,0.01,"","mirage_joint","trait2","bfdr_power",0.05,0
20260818,6,500,15,3000,3000,3000,3000,"fast","control_informative",0.05,4,0.01,"","mirage_joint","trait2","bfdr_discoveries",0.05,0
20260818,6,500,15,3000,3000,3000,3000,"fast","control_informative",0.05,4,0.01,"","mirage_joint","trait2","bfdr_observed_fdp",0.1,0
20260818,6,500,15,3000,3000,3000,3000,"fast","control_informative",0.05,4,0.01,"","mirage_joint","trait2","bfdr_estimate",0.1,0
20260818,6,500,15,3000,3000,3000,3000,"fast","control_informative",0.05,4,0.01,"","mirage_joint","trait2","bfdr_power",0.1,0
20260818,6,500,15,3000,3000,3000,3000,"fast","control_informative",0.05,4,0.01,"","mirage_joint","trait2","bfdr_discoveries",0.1,0
20260818,6,500,15,3000,3000,3000,3000,"fast","control_informative",0.05,4,0.01,"","mirage_joint","trait2","bfdr_observed_fdp",0.2,0
20260818,6,500,15,3000,3000,3000,3000,"fast","control_informative",0.05,4,0.01,"","mirage_joint","trait2","bfdr_estimate",0.2,0
20260818,6,500,15,3000,3000,3000,3000,"fast","control_informative",0.05,4,0.01,"","mirage_joint","trait2","bfdr_power",0.2,0
20260818,6,500,15,3000,3000,3000,3000,"fast","control_informative",0.05,4,0.01,"","mirage_joint","trait2","bfdr_discoveries",0.2,0
20260818,6,500,15,3000,3000,3000,3000,"fast","control_informative",0.05,4,0.01,"","mirage_joint","pleiotropy","bfdr_observed_fdp",0.01,0
20260818,6,500,15,3000,3000,3000,3000,"fast","control_informative",0.05,4,0.01,"","mirage_joint","pleiotropy","bfdr_estimate",0.01,0
20260818,6,500,15,3000,3000,3000,3000,"fast","control_informative",0.05,4,0.01,"","mirage_joint","pleiotropy","bfdr_power",0.01,0
20260818,6,500,15,3000,3000,3000,3000,"fast","control_informative",0.05,4,0.01,"","mirage_joint","pleiotropy","bfdr_discoveries",0.01,0
20260818,6,500,15,3000,3000,3000,3000,"fast","control_informative",0.05,4,0.01,"","mirage_joint","pleiotropy","bfdr_observed_fdp",0.05,0
20260818,6,500,15,3000,3000,3000,3000,"fast","control_informative",0.05,4,0.01,"","mirage_joint","pleiotropy","bfdr_estimate",0.05,0
20260818,6,500,15,3000,3000,3000,3000,"fast","control_informative",0.05,4,0.01,"","mirage_joint","pleiotropy","bfdr_power",0.05,0
20260818,6,500,15,3000,3000,3000,3000,"fast","control_informative",0.05,4,0.01,"","mirage_joint","pleiotropy","bfdr_discoveries",0.05,0
20260818,6,500,15,3000,3000,3000,3000,"fast","control_informative",0.05,4,0.01,"","mirage_joint","pleiotropy","bfdr_observed_fdp",0.1,0
20260818,6,500,15,3000,3000,3000,3000,"fast","control_informative",0.05,4,0.01,"","mirage_joint","pleiotropy","bfdr_estimate",0.1,0
20260818,6,500,15,3000,3000,3000,3000,"fast","control_informative",0.05,4,0.01,"","mirage_joint","pleiotropy","bfdr_power",0.1,0
20260818,6,500,15,3000,3000,3000,3000,"fast","control_informative",0.05,4,0.01,"","mirage_joint","pleiotropy","bfdr_discoveries",0.1,0
20260818,6,500,15,3000,3000,3000,3000,"fast","control_informative",0.05,4,0.01,"","mirage_joint","pleiotropy","bfdr_observed_fdp",0.2,0
20260818,6,500,15,3000,3000,3000,3000,"fast","control_informative",0.05,4,0.01,"","mirage_joint","pleiotropy","bfdr_estimate",0.2,0
20260818,6,500,15,3000,3000,3000,3000,"fast","control_informative",0.05,4,0.01,"","mirage_joint","pleiotropy","bfdr_power",0.2,0
20260818,6,500,15,3000,3000,3000,3000,"fast","control_informative",0.05,4,0.01,"","mirage_joint","pleiotropy","bfdr_discoveries",0.2,0
20260818,6,500,15,3000,3000,3000,3000,"fast","control_informative",0.05,4,0.01,"","mirage_joint","global","runtime_seconds",NA,18.134
20260818,6,500,15,3000,3000,3000,3000,"fast","control_informative",0.05,4,0.01,"","mirage_joint","pleiotropy","pi11_estimate",NA,0.031958229309979
20260818,6,500,15,3000,3000,3000,3000,"fast","control_informative",0.05,4,0.01,"","separate_mirage","trait1","auc",NA,0.670315789473684
20260818,6,500,15,3000,3000,3000,3000,"fast","control_informative",0.05,4,0.01,"","separate_mirage","trait2","auc",NA,0.597755102040816
20260818,6,500,15,3000,3000,3000,3000,"fast","control_informative",0.05,4,0.01,"","separate_mirage","pleiotropy","auc",NA,0.519191919191919
20260818,6,500,15,3000,3000,3000,3000,"fast","control_informative",0.05,4,0.01,"","separate_mirage","trait1","pp08_power",0.8,0.12
20260818,6,500,15,3000,3000,3000,3000,"fast","control_informative",0.05,4,0.01,"","separate_mirage","trait1","pp08_fdp",0.8,0
20260818,6,500,15,3000,3000,3000,3000,"fast","control_informative",0.05,4,0.01,"","separate_mirage","trait1","pp08_discoveries",0.8,3
20260818,6,500,15,3000,3000,3000,3000,"fast","control_informative",0.05,4,0.01,"","separate_mirage","trait2","pp08_power",0.8,0
20260818,6,500,15,3000,3000,3000,3000,"fast","control_informative",0.05,4,0.01,"","separate_mirage","trait2","pp08_fdp",0.8,0
20260818,6,500,15,3000,3000,3000,3000,"fast","control_informative",0.05,4,0.01,"","separate_mirage","trait2","pp08_discoveries",0.8,0
20260818,6,500,15,3000,3000,3000,3000,"fast","control_informative",0.05,4,0.01,"","separate_mirage","pleiotropy","pp08_power",0.8,0
20260818,6,500,15,3000,3000,3000,3000,"fast","control_informative",0.05,4,0.01,"","separate_mirage","pleiotropy","pp08_fdp",0.8,0
20260818,6,500,15,3000,3000,3000,3000,"fast","control_informative",0.05,4,0.01,"","separate_mirage","pleiotropy","pp08_discoveries",0.8,0
20260818,6,500,15,3000,3000,3000,3000,"fast","control_informative",0.05,4,0.01,"","separate_mirage","trait1","bfdr_observed_fdp",0.01,0
20260818,6,500,15,3000,3000,3000,3000,"fast","control_informative",0.05,4,0.01,"","separate_mirage","trait1","bfdr_estimate",0.01,0.00441282516370578
20260818,6,500,15,3000,3000,3000,3000,"fast","control_informative",0.05,4,0.01,"","separate_mirage","trait1","bfdr_power",0.01,0.08
20260818,6,500,15,3000,3000,3000,3000,"fast","control_informative",0.05,4,0.01,"","separate_mirage","trait1","bfdr_discoveries",0.01,2
20260818,6,500,15,3000,3000,3000,3000,"fast","control_informative",0.05,4,0.01,"","separate_mirage","trait1","bfdr_observed_fdp",0.05,0
20260818,6,500,15,3000,3000,3000,3000,"fast","control_informative",0.05,4,0.01,"","separate_mirage","trait1","bfdr_estimate",0.05,0.0199937868132472
20260818,6,500,15,3000,3000,3000,3000,"fast","control_informative",0.05,4,0.01,"","separate_mirage","trait1","bfdr_power",0.05,0.12
20260818,6,500,15,3000,3000,3000,3000,"fast","control_informative",0.05,4,0.01,"","separate_mirage","trait1","bfdr_discoveries",0.05,3
20260818,6,500,15,3000,3000,3000,3000,"fast","control_informative",0.05,4,0.01,"","separate_mirage","trait1","bfdr_observed_fdp",0.1,0.25
20260818,6,500,15,3000,3000,3000,3000,"fast","control_informative",0.05,4,0.01,"","separate_mirage","trait1","bfdr_estimate",0.1,0.0713538804714975
20260818,6,500,15,3000,3000,3000,3000,"fast","control_informative",0.05,4,0.01,"","separate_mirage","trait1","bfdr_power",0.1,0.12
20260818,6,500,15,3000,3000,3000,3000,"fast","control_informative",0.05,4,0.01,"","separate_mirage","trait1","bfdr_discoveries",0.1,4
20260818,6,500,15,3000,3000,3000,3000,"fast","control_informative",0.05,4,0.01,"","separate_mirage","trait1","bfdr_observed_fdp",0.2,0.333333333333333
20260818,6,500,15,3000,3000,3000,3000,"fast","control_informative",0.05,4,0.01,"","separate_mirage","trait1","bfdr_estimate",0.2,0.196506406899818
20260818,6,500,15,3000,3000,3000,3000,"fast","control_informative",0.05,4,0.01,"","separate_mirage","trait1","bfdr_power",0.2,0.16
20260818,6,500,15,3000,3000,3000,3000,"fast","control_informative",0.05,4,0.01,"","separate_mirage","trait1","bfdr_discoveries",0.2,6
20260818,6,500,15,3000,3000,3000,3000,"fast","control_informative",0.05,4,0.01,"","separate_mirage","trait2","bfdr_observed_fdp",0.01,0
20260818,6,500,15,3000,3000,3000,3000,"fast","control_informative",0.05,4,0.01,"","separate_mirage","trait2","bfdr_estimate",0.01,0
20260818,6,500,15,3000,3000,3000,3000,"fast","control_informative",0.05,4,0.01,"","separate_mirage","trait2","bfdr_power",0.01,0
20260818,6,500,15,3000,3000,3000,3000,"fast","control_informative",0.05,4,0.01,"","separate_mirage","trait2","bfdr_discoveries",0.01,0
20260818,6,500,15,3000,3000,3000,3000,"fast","control_informative",0.05,4,0.01,"","separate_mirage","trait2","bfdr_observed_fdp",0.05,0
20260818,6,500,15,3000,3000,3000,3000,"fast","control_informative",0.05,4,0.01,"","separate_mirage","trait2","bfdr_estimate",0.05,0
20260818,6,500,15,3000,3000,3000,3000,"fast","control_informative",0.05,4,0.01,"","separate_mirage","trait2","bfdr_power",0.05,0
20260818,6,500,15,3000,3000,3000,3000,"fast","control_informative",0.05,4,0.01,"","separate_mirage","trait2","bfdr_discoveries",0.05,0
20260818,6,500,15,3000,3000,3000,3000,"fast","control_informative",0.05,4,0.01,"","separate_mirage","trait2","bfdr_observed_fdp",0.1,0
20260818,6,500,15,3000,3000,3000,3000,"fast","control_informative",0.05,4,0.01,"","separate_mirage","trait2","bfdr_estimate",0.1,0
20260818,6,500,15,3000,3000,3000,3000,"fast","control_informative",0.05,4,0.01,"","separate_mirage","trait2","bfdr_power",0.1,0
20260818,6,500,15,3000,3000,3000,3000,"fast","control_informative",0.05,4,0.01,"","separate_mirage","trait2","bfdr_discoveries",0.1,0
20260818,6,500,15,3000,3000,3000,3000,"fast","control_informative",0.05,4,0.01,"","separate_mirage","trait2","bfdr_observed_fdp",0.2,0
20260818,6,500,15,3000,3000,3000,3000,"fast","control_informative",0.05,4,0.01,"","separate_mirage","trait2","bfdr_estimate",0.2,0
20260818,6,500,15,3000,3000,3000,3000,"fast","control_informative",0.05,4,0.01,"","separate_mirage","trait2","bfdr_power",0.2,0
20260818,6,500,15,3000,3000,3000,3000,"fast","control_informative",0.05,4,0.01,"","separate_mirage","trait2","bfdr_discoveries",0.2,0
20260818,6,500,15,3000,3000,3000,3000,"fast","control_informative",0.05,4,0.01,"","separate_mirage","pleiotropy","bfdr_observed_fdp",0.01,0
20260818,6,500,15,3000,3000,3000,3000,"fast","control_informative",0.05,4,0.01,"","separate_mirage","pleiotropy","bfdr_estimate",0.01,0
20260818,6,500,15,3000,3000,3000,3000,"fast","control_informative",0.05,4,0.01,"","separate_mirage","pleiotropy","bfdr_power",0.01,0
20260818,6,500,15,3000,3000,3000,3000,"fast","control_informative",0.05,4,0.01,"","separate_mirage","pleiotropy","bfdr_discoveries",0.01,0
20260818,6,500,15,3000,3000,3000,3000,"fast","control_informative",0.05,4,0.01,"","separate_mirage","pleiotropy","bfdr_observed_fdp",0.05,0
20260818,6,500,15,3000,3000,3000,3000,"fast","control_informative",0.05,4,0.01,"","separate_mirage","pleiotropy","bfdr_estimate",0.05,0
20260818,6,500,15,3000,3000,3000,3000,"fast","control_informative",0.05,4,0.01,"","separate_mirage","pleiotropy","bfdr_power",0.05,0
20260818,6,500,15,3000,3000,3000,3000,"fast","control_informative",0.05,4,0.01,"","separate_mirage","pleiotropy","bfdr_discoveries",0.05,0
20260818,6,500,15,3000,3000,3000,3000,"fast","control_informative",0.05,4,0.01,"","separate_mirage","pleiotropy","bfdr_observed_fdp",0.1,0
20260818,6,500,15,3000,3000,3000,3000,"fast","control_informative",0.05,4,0.01,"","separate_mirage","pleiotropy","bfdr_estimate",0.1,0
20260818,6,500,15,3000,3000,3000,3000,"fast","control_informative",0.05,4,0.01,"","separate_mirage","pleiotropy","bfdr_power",0.1,0
20260818,6,500,15,3000,3000,3000,3000,"fast","control_informative",0.05,4,0.01,"","separate_mirage","pleiotropy","bfdr_discoveries",0.1,0
20260818,6,500,15,3000,3000,3000,3000,"fast","control_informative",0.05,4,0.01,"","separate_mirage","pleiotropy","bfdr_observed_fdp",0.2,0
20260818,6,500,15,3000,3000,3000,3000,"fast","control_informative",0.05,4,0.01,"","separate_mirage","pleiotropy","bfdr_estimate",0.2,0
20260818,6,500,15,3000,3000,3000,3000,"fast","control_informative",0.05,4,0.01,"","separate_mirage","pleiotropy","bfdr_power",0.2,0
20260818,6,500,15,3000,3000,3000,3000,"fast","control_informative",0.05,4,0.01,"","separate_mirage","pleiotropy","bfdr_discoveries",0.2,0
20260818,6,500,15,3000,3000,3000,3000,"fast","control_informative",0.05,4,0.01,"","separate_mirage","global","runtime_seconds",NA,18.09
20260818,6,500,15,3000,3000,3000,3000,"fast","control_informative",0.05,4,0.01,"","separate_mirage","pleiotropy","pi11_estimate",NA,0.001
20260818,6,500,15,3000,3000,3000,3000,"fast","control_informative",0.05,4,0.01,"","mtada_aggregated","trait1","auc",NA,0.704505263157895
20260818,6,500,15,3000,3000,3000,3000,"fast","control_informative",0.05,4,0.01,"","mtada_aggregated","trait2","auc",NA,0.645714285714286
20260818,6,500,15,3000,3000,3000,3000,"fast","control_informative",0.05,4,0.01,"","mtada_aggregated","pleiotropy","auc",NA,0.621414141414141
20260818,6,500,15,3000,3000,3000,3000,"fast","control_informative",0.05,4,0.01,"","mtada_aggregated","trait1","pp08_power",0.8,0.24
20260818,6,500,15,3000,3000,3000,3000,"fast","control_informative",0.05,4,0.01,"","mtada_aggregated","trait1","pp08_fdp",0.8,0.785714285714286
20260818,6,500,15,3000,3000,3000,3000,"fast","control_informative",0.05,4,0.01,"","mtada_aggregated","trait1","pp08_discoveries",0.8,28
20260818,6,500,15,3000,3000,3000,3000,"fast","control_informative",0.05,4,0.01,"","mtada_aggregated","trait2","pp08_power",0.8,0.2
20260818,6,500,15,3000,3000,3000,3000,"fast","control_informative",0.05,4,0.01,"","mtada_aggregated","trait2","pp08_fdp",0.8,0.904761904761905
20260818,6,500,15,3000,3000,3000,3000,"fast","control_informative",0.05,4,0.01,"","mtada_aggregated","trait2","pp08_discoveries",0.8,21
20260818,6,500,15,3000,3000,3000,3000,"fast","control_informative",0.05,4,0.01,"","mtada_aggregated","pleiotropy","pp08_power",0.8,0
20260818,6,500,15,3000,3000,3000,3000,"fast","control_informative",0.05,4,0.01,"","mtada_aggregated","pleiotropy","pp08_fdp",0.8,1
20260818,6,500,15,3000,3000,3000,3000,"fast","control_informative",0.05,4,0.01,"","mtada_aggregated","pleiotropy","pp08_discoveries",0.8,1
20260818,6,500,15,3000,3000,3000,3000,"fast","control_informative",0.05,4,0.01,"","mtada_aggregated","trait1","bfdr_observed_fdp",0.01,0.823529411764706
20260818,6,500,15,3000,3000,3000,3000,"fast","control_informative",0.05,4,0.01,"","mtada_aggregated","trait1","bfdr_estimate",0.01,0.00916376484220798
20260818,6,500,15,3000,3000,3000,3000,"fast","control_informative",0.05,4,0.01,"","mtada_aggregated","trait1","bfdr_power",0.01,0.12
20260818,6,500,15,3000,3000,3000,3000,"fast","control_informative",0.05,4,0.01,"","mtada_aggregated","trait1","bfdr_discoveries",0.01,17
20260818,6,500,15,3000,3000,3000,3000,"fast","control_informative",0.05,4,0.01,"","mtada_aggregated","trait1","bfdr_observed_fdp",0.05,0.777777777777778
20260818,6,500,15,3000,3000,3000,3000,"fast","control_informative",0.05,4,0.01,"","mtada_aggregated","trait1","bfdr_estimate",0.05,0.0474559735949036
20260818,6,500,15,3000,3000,3000,3000,"fast","control_informative",0.05,4,0.01,"","mtada_aggregated","trait1","bfdr_power",0.05,0.24
20260818,6,500,15,3000,3000,3000,3000,"fast","control_informative",0.05,4,0.01,"","mtada_aggregated","trait1","bfdr_discoveries",0.05,27
20260818,6,500,15,3000,3000,3000,3000,"fast","control_informative",0.05,4,0.01,"","mtada_aggregated","trait1","bfdr_observed_fdp",0.1,0.828571428571429
20260818,6,500,15,3000,3000,3000,3000,"fast","control_informative",0.05,4,0.01,"","mtada_aggregated","trait1","bfdr_estimate",0.1,0.0987576756359839
20260818,6,500,15,3000,3000,3000,3000,"fast","control_informative",0.05,4,0.01,"","mtada_aggregated","trait1","bfdr_power",0.1,0.24
20260818,6,500,15,3000,3000,3000,3000,"fast","control_informative",0.05,4,0.01,"","mtada_aggregated","trait1","bfdr_discoveries",0.1,35
20260818,6,500,15,3000,3000,3000,3000,"fast","control_informative",0.05,4,0.01,"","mtada_aggregated","trait1","bfdr_observed_fdp",0.2,0.818181818181818
20260818,6,500,15,3000,3000,3000,3000,"fast","control_informative",0.05,4,0.01,"","mtada_aggregated","trait1","bfdr_estimate",0.2,0.1993648294198
20260818,6,500,15,3000,3000,3000,3000,"fast","control_informative",0.05,4,0.01,"","mtada_aggregated","trait1","bfdr_power",0.2,0.32
20260818,6,500,15,3000,3000,3000,3000,"fast","control_informative",0.05,4,0.01,"","mtada_aggregated","trait1","bfdr_discoveries",0.2,44
20260818,6,500,15,3000,3000,3000,3000,"fast","control_informative",0.05,4,0.01,"","mtada_aggregated","trait2","bfdr_observed_fdp",0.01,0.944444444444444
20260818,6,500,15,3000,3000,3000,3000,"fast","control_informative",0.05,4,0.01,"","mtada_aggregated","trait2","bfdr_estimate",0.01,0.00765997899494958
20260818,6,500,15,3000,3000,3000,3000,"fast","control_informative",0.05,4,0.01,"","mtada_aggregated","trait2","bfdr_power",0.01,0.1
20260818,6,500,15,3000,3000,3000,3000,"fast","control_informative",0.05,4,0.01,"","mtada_aggregated","trait2","bfdr_discoveries",0.01,18
20260818,6,500,15,3000,3000,3000,3000,"fast","control_informative",0.05,4,0.01,"","mtada_aggregated","trait2","bfdr_observed_fdp",0.05,0.91304347826087
20260818,6,500,15,3000,3000,3000,3000,"fast","control_informative",0.05,4,0.01,"","mtada_aggregated","trait2","bfdr_estimate",0.05,0.0422930364098977
20260818,6,500,15,3000,3000,3000,3000,"fast","control_informative",0.05,4,0.01,"","mtada_aggregated","trait2","bfdr_power",0.05,0.2
20260818,6,500,15,3000,3000,3000,3000,"fast","control_informative",0.05,4,0.01,"","mtada_aggregated","trait2","bfdr_discoveries",0.05,23
20260818,6,500,15,3000,3000,3000,3000,"fast","control_informative",0.05,4,0.01,"","mtada_aggregated","trait2","bfdr_observed_fdp",0.1,0.925925925925926
20260818,6,500,15,3000,3000,3000,3000,"fast","control_informative",0.05,4,0.01,"","mtada_aggregated","trait2","bfdr_estimate",0.1,0.0879802518177703
20260818,6,500,15,3000,3000,3000,3000,"fast","control_informative",0.05,4,0.01,"","mtada_aggregated","trait2","bfdr_power",0.1,0.2
20260818,6,500,15,3000,3000,3000,3000,"fast","control_informative",0.05,4,0.01,"","mtada_aggregated","trait2","bfdr_discoveries",0.1,27
20260818,6,500,15,3000,3000,3000,3000,"fast","control_informative",0.05,4,0.01,"","mtada_aggregated","trait2","bfdr_observed_fdp",0.2,0.911764705882353
20260818,6,500,15,3000,3000,3000,3000,"fast","control_informative",0.05,4,0.01,"","mtada_aggregated","trait2","bfdr_estimate",0.2,0.190561916120784
20260818,6,500,15,3000,3000,3000,3000,"fast","control_informative",0.05,4,0.01,"","mtada_aggregated","trait2","bfdr_power",0.2,0.3
20260818,6,500,15,3000,3000,3000,3000,"fast","control_informative",0.05,4,0.01,"","mtada_aggregated","trait2","bfdr_discoveries",0.2,34
20260818,6,500,15,3000,3000,3000,3000,"fast","control_informative",0.05,4,0.01,"","mtada_aggregated","pleiotropy","bfdr_observed_fdp",0.01,0
20260818,6,500,15,3000,3000,3000,3000,"fast","control_informative",0.05,4,0.01,"","mtada_aggregated","pleiotropy","bfdr_estimate",0.01,0
20260818,6,500,15,3000,3000,3000,3000,"fast","control_informative",0.05,4,0.01,"","mtada_aggregated","pleiotropy","bfdr_power",0.01,0
20260818,6,500,15,3000,3000,3000,3000,"fast","control_informative",0.05,4,0.01,"","mtada_aggregated","pleiotropy","bfdr_discoveries",0.01,0
20260818,6,500,15,3000,3000,3000,3000,"fast","control_informative",0.05,4,0.01,"","mtada_aggregated","pleiotropy","bfdr_observed_fdp",0.05,0
20260818,6,500,15,3000,3000,3000,3000,"fast","control_informative",0.05,4,0.01,"","mtada_aggregated","pleiotropy","bfdr_estimate",0.05,0
20260818,6,500,15,3000,3000,3000,3000,"fast","control_informative",0.05,4,0.01,"","mtada_aggregated","pleiotropy","bfdr_power",0.05,0
20260818,6,500,15,3000,3000,3000,3000,"fast","control_informative",0.05,4,0.01,"","mtada_aggregated","pleiotropy","bfdr_discoveries",0.05,0
20260818,6,500,15,3000,3000,3000,3000,"fast","control_informative",0.05,4,0.01,"","mtada_aggregated","pleiotropy","bfdr_observed_fdp",0.1,0
20260818,6,500,15,3000,3000,3000,3000,"fast","control_informative",0.05,4,0.01,"","mtada_aggregated","pleiotropy","bfdr_estimate",0.1,0
20260818,6,500,15,3000,3000,3000,3000,"fast","control_informative",0.05,4,0.01,"","mtada_aggregated","pleiotropy","bfdr_power",0.1,0
20260818,6,500,15,3000,3000,3000,3000,"fast","control_informative",0.05,4,0.01,"","mtada_aggregated","pleiotropy","bfdr_discoveries",0.1,0
20260818,6,500,15,3000,3000,3000,3000,"fast","control_informative",0.05,4,0.01,"","mtada_aggregated","pleiotropy","bfdr_observed_fdp",0.2,1
20260818,6,500,15,3000,3000,3000,3000,"fast","control_informative",0.05,4,0.01,"","mtada_aggregated","pleiotropy","bfdr_estimate",0.2,0.11024315851774
20260818,6,500,15,3000,3000,3000,3000,"fast","control_informative",0.05,4,0.01,"","mtada_aggregated","pleiotropy","bfdr_power",0.2,0
20260818,6,500,15,3000,3000,3000,3000,"fast","control_informative",0.05,4,0.01,"","mtada_aggregated","pleiotropy","bfdr_discoveries",0.2,1
20260818,6,500,15,3000,3000,3000,3000,"fast","control_informative",0.05,4,0.01,"","mtada_aggregated","global","runtime_seconds",NA,0.689999999999998
20260818,6,500,15,3000,3000,3000,3000,"fast","control_informative",0.05,4,0.01,"","mtada_aggregated","pleiotropy","pi11_estimate",NA,0.00178027
20260819,7,500,15,3000,3000,3000,3000,"fast","control_informative",0.05,4,0.01,"","mirage_joint","trait1","auc",NA,0.669726315789474
20260819,7,500,15,3000,3000,3000,3000,"fast","control_informative",0.05,4,0.01,"","mirage_joint","trait2","auc",NA,0.537551020408163
20260819,7,500,15,3000,3000,3000,3000,"fast","control_informative",0.05,4,0.01,"","mirage_joint","pleiotropy","auc",NA,0.606464646464646
20260819,7,500,15,3000,3000,3000,3000,"fast","control_informative",0.05,4,0.01,"","mirage_joint","trait1","pp08_power",0.8,0.2
20260819,7,500,15,3000,3000,3000,3000,"fast","control_informative",0.05,4,0.01,"","mirage_joint","trait1","pp08_fdp",0.8,0
20260819,7,500,15,3000,3000,3000,3000,"fast","control_informative",0.05,4,0.01,"","mirage_joint","trait1","pp08_discoveries",0.8,5
20260819,7,500,15,3000,3000,3000,3000,"fast","control_informative",0.05,4,0.01,"","mirage_joint","trait2","pp08_power",0.8,0
20260819,7,500,15,3000,3000,3000,3000,"fast","control_informative",0.05,4,0.01,"","mirage_joint","trait2","pp08_fdp",0.8,0
20260819,7,500,15,3000,3000,3000,3000,"fast","control_informative",0.05,4,0.01,"","mirage_joint","trait2","pp08_discoveries",0.8,0
20260819,7,500,15,3000,3000,3000,3000,"fast","control_informative",0.05,4,0.01,"","mirage_joint","pleiotropy","pp08_power",0.8,0
20260819,7,500,15,3000,3000,3000,3000,"fast","control_informative",0.05,4,0.01,"","mirage_joint","pleiotropy","pp08_fdp",0.8,0
20260819,7,500,15,3000,3000,3000,3000,"fast","control_informative",0.05,4,0.01,"","mirage_joint","pleiotropy","pp08_discoveries",0.8,0
20260819,7,500,15,3000,3000,3000,3000,"fast","control_informative",0.05,4,0.01,"","mirage_joint","trait1","bfdr_observed_fdp",0.01,0
20260819,7,500,15,3000,3000,3000,3000,"fast","control_informative",0.05,4,0.01,"","mirage_joint","trait1","bfdr_estimate",0.01,0.00524695987748488
20260819,7,500,15,3000,3000,3000,3000,"fast","control_informative",0.05,4,0.01,"","mirage_joint","trait1","bfdr_power",0.01,0.12
20260819,7,500,15,3000,3000,3000,3000,"fast","control_informative",0.05,4,0.01,"","mirage_joint","trait1","bfdr_discoveries",0.01,3
20260819,7,500,15,3000,3000,3000,3000,"fast","control_informative",0.05,4,0.01,"","mirage_joint","trait1","bfdr_observed_fdp",0.05,0
20260819,7,500,15,3000,3000,3000,3000,"fast","control_informative",0.05,4,0.01,"","mirage_joint","trait1","bfdr_estimate",0.05,0.0377289661494673
20260819,7,500,15,3000,3000,3000,3000,"fast","control_informative",0.05,4,0.01,"","mirage_joint","trait1","bfdr_power",0.05,0.2
20260819,7,500,15,3000,3000,3000,3000,"fast","control_informative",0.05,4,0.01,"","mirage_joint","trait1","bfdr_discoveries",0.05,5
20260819,7,500,15,3000,3000,3000,3000,"fast","control_informative",0.05,4,0.01,"","mirage_joint","trait1","bfdr_observed_fdp",0.1,0.166666666666667
20260819,7,500,15,3000,3000,3000,3000,"fast","control_informative",0.05,4,0.01,"","mirage_joint","trait1","bfdr_estimate",0.1,0.0955235872608851
20260819,7,500,15,3000,3000,3000,3000,"fast","control_informative",0.05,4,0.01,"","mirage_joint","trait1","bfdr_power",0.1,0.2
20260819,7,500,15,3000,3000,3000,3000,"fast","control_informative",0.05,4,0.01,"","mirage_joint","trait1","bfdr_discoveries",0.1,6
20260819,7,500,15,3000,3000,3000,3000,"fast","control_informative",0.05,4,0.01,"","mirage_joint","trait1","bfdr_observed_fdp",0.2,0.25
20260819,7,500,15,3000,3000,3000,3000,"fast","control_informative",0.05,4,0.01,"","mirage_joint","trait1","bfdr_estimate",0.2,0.180516713402136
20260819,7,500,15,3000,3000,3000,3000,"fast","control_informative",0.05,4,0.01,"","mirage_joint","trait1","bfdr_power",0.2,0.24
20260819,7,500,15,3000,3000,3000,3000,"fast","control_informative",0.05,4,0.01,"","mirage_joint","trait1","bfdr_discoveries",0.2,8
20260819,7,500,15,3000,3000,3000,3000,"fast","control_informative",0.05,4,0.01,"","mirage_joint","trait2","bfdr_observed_fdp",0.01,0
20260819,7,500,15,3000,3000,3000,3000,"fast","control_informative",0.05,4,0.01,"","mirage_joint","trait2","bfdr_estimate",0.01,0
20260819,7,500,15,3000,3000,3000,3000,"fast","control_informative",0.05,4,0.01,"","mirage_joint","trait2","bfdr_power",0.01,0
20260819,7,500,15,3000,3000,3000,3000,"fast","control_informative",0.05,4,0.01,"","mirage_joint","trait2","bfdr_discoveries",0.01,0
20260819,7,500,15,3000,3000,3000,3000,"fast","control_informative",0.05,4,0.01,"","mirage_joint","trait2","bfdr_observed_fdp",0.05,0
20260819,7,500,15,3000,3000,3000,3000,"fast","control_informative",0.05,4,0.01,"","mirage_joint","trait2","bfdr_estimate",0.05,0
20260819,7,500,15,3000,3000,3000,3000,"fast","control_informative",0.05,4,0.01,"","mirage_joint","trait2","bfdr_power",0.05,0
20260819,7,500,15,3000,3000,3000,3000,"fast","control_informative",0.05,4,0.01,"","mirage_joint","trait2","bfdr_discoveries",0.05,0
20260819,7,500,15,3000,3000,3000,3000,"fast","control_informative",0.05,4,0.01,"","mirage_joint","trait2","bfdr_observed_fdp",0.1,0
20260819,7,500,15,3000,3000,3000,3000,"fast","control_informative",0.05,4,0.01,"","mirage_joint","trait2","bfdr_estimate",0.1,0
20260819,7,500,15,3000,3000,3000,3000,"fast","control_informative",0.05,4,0.01,"","mirage_joint","trait2","bfdr_power",0.1,0
20260819,7,500,15,3000,3000,3000,3000,"fast","control_informative",0.05,4,0.01,"","mirage_joint","trait2","bfdr_discoveries",0.1,0
20260819,7,500,15,3000,3000,3000,3000,"fast","control_informative",0.05,4,0.01,"","mirage_joint","trait2","bfdr_observed_fdp",0.2,0
20260819,7,500,15,3000,3000,3000,3000,"fast","control_informative",0.05,4,0.01,"","mirage_joint","trait2","bfdr_estimate",0.2,0
20260819,7,500,15,3000,3000,3000,3000,"fast","control_informative",0.05,4,0.01,"","mirage_joint","trait2","bfdr_power",0.2,0
20260819,7,500,15,3000,3000,3000,3000,"fast","control_informative",0.05,4,0.01,"","mirage_joint","trait2","bfdr_discoveries",0.2,0
20260819,7,500,15,3000,3000,3000,3000,"fast","control_informative",0.05,4,0.01,"","mirage_joint","pleiotropy","bfdr_observed_fdp",0.01,0
20260819,7,500,15,3000,3000,3000,3000,"fast","control_informative",0.05,4,0.01,"","mirage_joint","pleiotropy","bfdr_estimate",0.01,0
20260819,7,500,15,3000,3000,3000,3000,"fast","control_informative",0.05,4,0.01,"","mirage_joint","pleiotropy","bfdr_power",0.01,0
20260819,7,500,15,3000,3000,3000,3000,"fast","control_informative",0.05,4,0.01,"","mirage_joint","pleiotropy","bfdr_discoveries",0.01,0
20260819,7,500,15,3000,3000,3000,3000,"fast","control_informative",0.05,4,0.01,"","mirage_joint","pleiotropy","bfdr_observed_fdp",0.05,0
20260819,7,500,15,3000,3000,3000,3000,"fast","control_informative",0.05,4,0.01,"","mirage_joint","pleiotropy","bfdr_estimate",0.05,0
20260819,7,500,15,3000,3000,3000,3000,"fast","control_informative",0.05,4,0.01,"","mirage_joint","pleiotropy","bfdr_power",0.05,0
20260819,7,500,15,3000,3000,3000,3000,"fast","control_informative",0.05,4,0.01,"","mirage_joint","pleiotropy","bfdr_discoveries",0.05,0
20260819,7,500,15,3000,3000,3000,3000,"fast","control_informative",0.05,4,0.01,"","mirage_joint","pleiotropy","bfdr_observed_fdp",0.1,0
20260819,7,500,15,3000,3000,3000,3000,"fast","control_informative",0.05,4,0.01,"","mirage_joint","pleiotropy","bfdr_estimate",0.1,0
20260819,7,500,15,3000,3000,3000,3000,"fast","control_informative",0.05,4,0.01,"","mirage_joint","pleiotropy","bfdr_power",0.1,0
20260819,7,500,15,3000,3000,3000,3000,"fast","control_informative",0.05,4,0.01,"","mirage_joint","pleiotropy","bfdr_discoveries",0.1,0
20260819,7,500,15,3000,3000,3000,3000,"fast","control_informative",0.05,4,0.01,"","mirage_joint","pleiotropy","bfdr_observed_fdp",0.2,0
20260819,7,500,15,3000,3000,3000,3000,"fast","control_informative",0.05,4,0.01,"","mirage_joint","pleiotropy","bfdr_estimate",0.2,0
20260819,7,500,15,3000,3000,3000,3000,"fast","control_informative",0.05,4,0.01,"","mirage_joint","pleiotropy","bfdr_power",0.2,0
20260819,7,500,15,3000,3000,3000,3000,"fast","control_informative",0.05,4,0.01,"","mirage_joint","pleiotropy","bfdr_discoveries",0.2,0
20260819,7,500,15,3000,3000,3000,3000,"fast","control_informative",0.05,4,0.01,"","mirage_joint","global","runtime_seconds",NA,18.103
20260819,7,500,15,3000,3000,3000,3000,"fast","control_informative",0.05,4,0.01,"","mirage_joint","pleiotropy","pi11_estimate",NA,0.00842460766697439
20260819,7,500,15,3000,3000,3000,3000,"fast","control_informative",0.05,4,0.01,"","separate_mirage","trait1","auc",NA,0.658610526315789
20260819,7,500,15,3000,3000,3000,3000,"fast","control_informative",0.05,4,0.01,"","separate_mirage","trait2","auc",NA,0.514081632653061
20260819,7,500,15,3000,3000,3000,3000,"fast","control_informative",0.05,4,0.01,"","separate_mirage","pleiotropy","auc",NA,0.614141414141414
20260819,7,500,15,3000,3000,3000,3000,"fast","control_informative",0.05,4,0.01,"","separate_mirage","trait1","pp08_power",0.8,0.2
20260819,7,500,15,3000,3000,3000,3000,"fast","control_informative",0.05,4,0.01,"","separate_mirage","trait1","pp08_fdp",0.8,0
20260819,7,500,15,3000,3000,3000,3000,"fast","control_informative",0.05,4,0.01,"","separate_mirage","trait1","pp08_discoveries",0.8,5
20260819,7,500,15,3000,3000,3000,3000,"fast","control_informative",0.05,4,0.01,"","separate_mirage","trait2","pp08_power",0.8,0
20260819,7,500,15,3000,3000,3000,3000,"fast","control_informative",0.05,4,0.01,"","separate_mirage","trait2","pp08_fdp",0.8,0
20260819,7,500,15,3000,3000,3000,3000,"fast","control_informative",0.05,4,0.01,"","separate_mirage","trait2","pp08_discoveries",0.8,0
20260819,7,500,15,3000,3000,3000,3000,"fast","control_informative",0.05,4,0.01,"","separate_mirage","pleiotropy","pp08_power",0.8,0
20260819,7,500,15,3000,3000,3000,3000,"fast","control_informative",0.05,4,0.01,"","separate_mirage","pleiotropy","pp08_fdp",0.8,0
20260819,7,500,15,3000,3000,3000,3000,"fast","control_informative",0.05,4,0.01,"","separate_mirage","pleiotropy","pp08_discoveries",0.8,0
20260819,7,500,15,3000,3000,3000,3000,"fast","control_informative",0.05,4,0.01,"","separate_mirage","trait1","bfdr_observed_fdp",0.01,0
20260819,7,500,15,3000,3000,3000,3000,"fast","control_informative",0.05,4,0.01,"","separate_mirage","trait1","bfdr_estimate",0.01,0.0080415840641472
20260819,7,500,15,3000,3000,3000,3000,"fast","control_informative",0.05,4,0.01,"","separate_mirage","trait1","bfdr_power",0.01,0.12
20260819,7,500,15,3000,3000,3000,3000,"fast","control_informative",0.05,4,0.01,"","separate_mirage","trait1","bfdr_discoveries",0.01,3
20260819,7,500,15,3000,3000,3000,3000,"fast","control_informative",0.05,4,0.01,"","separate_mirage","trait1","bfdr_observed_fdp",0.05,0
20260819,7,500,15,3000,3000,3000,3000,"fast","control_informative",0.05,4,0.01,"","separate_mirage","trait1","bfdr_estimate",0.05,0.0358651677111369
20260819,7,500,15,3000,3000,3000,3000,"fast","control_informative",0.05,4,0.01,"","separate_mirage","trait1","bfdr_power",0.05,0.16
20260819,7,500,15,3000,3000,3000,3000,"fast","control_informative",0.05,4,0.01,"","separate_mirage","trait1","bfdr_discoveries",0.05,4
20260819,7,500,15,3000,3000,3000,3000,"fast","control_informative",0.05,4,0.01,"","separate_mirage","trait1","bfdr_observed_fdp",0.1,0
20260819,7,500,15,3000,3000,3000,3000,"fast","control_informative",0.05,4,0.01,"","separate_mirage","trait1","bfdr_estimate",0.1,0.0548086543404752
20260819,7,500,15,3000,3000,3000,3000,"fast","control_informative",0.05,4,0.01,"","separate_mirage","trait1","bfdr_power",0.1,0.2
20260819,7,500,15,3000,3000,3000,3000,"fast","control_informative",0.05,4,0.01,"","separate_mirage","trait1","bfdr_discoveries",0.1,5
20260819,7,500,15,3000,3000,3000,3000,"fast","control_informative",0.05,4,0.01,"","separate_mirage","trait1","bfdr_observed_fdp",0.2,0.285714285714286
20260819,7,500,15,3000,3000,3000,3000,"fast","control_informative",0.05,4,0.01,"","separate_mirage","trait1","bfdr_estimate",0.2,0.178040955785696
20260819,7,500,15,3000,3000,3000,3000,"fast","control_informative",0.05,4,0.01,"","separate_mirage","trait1","bfdr_power",0.2,0.2
20260819,7,500,15,3000,3000,3000,3000,"fast","control_informative",0.05,4,0.01,"","separate_mirage","trait1","bfdr_discoveries",0.2,7
20260819,7,500,15,3000,3000,3000,3000,"fast","control_informative",0.05,4,0.01,"","separate_mirage","trait2","bfdr_observed_fdp",0.01,0
20260819,7,500,15,3000,3000,3000,3000,"fast","control_informative",0.05,4,0.01,"","separate_mirage","trait2","bfdr_estimate",0.01,0
20260819,7,500,15,3000,3000,3000,3000,"fast","control_informative",0.05,4,0.01,"","separate_mirage","trait2","bfdr_power",0.01,0
20260819,7,500,15,3000,3000,3000,3000,"fast","control_informative",0.05,4,0.01,"","separate_mirage","trait2","bfdr_discoveries",0.01,0
20260819,7,500,15,3000,3000,3000,3000,"fast","control_informative",0.05,4,0.01,"","separate_mirage","trait2","bfdr_observed_fdp",0.05,0
20260819,7,500,15,3000,3000,3000,3000,"fast","control_informative",0.05,4,0.01,"","separate_mirage","trait2","bfdr_estimate",0.05,0
20260819,7,500,15,3000,3000,3000,3000,"fast","control_informative",0.05,4,0.01,"","separate_mirage","trait2","bfdr_power",0.05,0
20260819,7,500,15,3000,3000,3000,3000,"fast","control_informative",0.05,4,0.01,"","separate_mirage","trait2","bfdr_discoveries",0.05,0
20260819,7,500,15,3000,3000,3000,3000,"fast","control_informative",0.05,4,0.01,"","separate_mirage","trait2","bfdr_observed_fdp",0.1,0
20260819,7,500,15,3000,3000,3000,3000,"fast","control_informative",0.05,4,0.01,"","separate_mirage","trait2","bfdr_estimate",0.1,0
20260819,7,500,15,3000,3000,3000,3000,"fast","control_informative",0.05,4,0.01,"","separate_mirage","trait2","bfdr_power",0.1,0
20260819,7,500,15,3000,3000,3000,3000,"fast","control_informative",0.05,4,0.01,"","separate_mirage","trait2","bfdr_discoveries",0.1,0
20260819,7,500,15,3000,3000,3000,3000,"fast","control_informative",0.05,4,0.01,"","separate_mirage","trait2","bfdr_observed_fdp",0.2,0
20260819,7,500,15,3000,3000,3000,3000,"fast","control_informative",0.05,4,0.01,"","separate_mirage","trait2","bfdr_estimate",0.2,0
20260819,7,500,15,3000,3000,3000,3000,"fast","control_informative",0.05,4,0.01,"","separate_mirage","trait2","bfdr_power",0.2,0
20260819,7,500,15,3000,3000,3000,3000,"fast","control_informative",0.05,4,0.01,"","separate_mirage","trait2","bfdr_discoveries",0.2,0
20260819,7,500,15,3000,3000,3000,3000,"fast","control_informative",0.05,4,0.01,"","separate_mirage","pleiotropy","bfdr_observed_fdp",0.01,0
20260819,7,500,15,3000,3000,3000,3000,"fast","control_informative",0.05,4,0.01,"","separate_mirage","pleiotropy","bfdr_estimate",0.01,0
20260819,7,500,15,3000,3000,3000,3000,"fast","control_informative",0.05,4,0.01,"","separate_mirage","pleiotropy","bfdr_power",0.01,0
20260819,7,500,15,3000,3000,3000,3000,"fast","control_informative",0.05,4,0.01,"","separate_mirage","pleiotropy","bfdr_discoveries",0.01,0
20260819,7,500,15,3000,3000,3000,3000,"fast","control_informative",0.05,4,0.01,"","separate_mirage","pleiotropy","bfdr_observed_fdp",0.05,0
20260819,7,500,15,3000,3000,3000,3000,"fast","control_informative",0.05,4,0.01,"","separate_mirage","pleiotropy","bfdr_estimate",0.05,0
20260819,7,500,15,3000,3000,3000,3000,"fast","control_informative",0.05,4,0.01,"","separate_mirage","pleiotropy","bfdr_power",0.05,0
20260819,7,500,15,3000,3000,3000,3000,"fast","control_informative",0.05,4,0.01,"","separate_mirage","pleiotropy","bfdr_discoveries",0.05,0
20260819,7,500,15,3000,3000,3000,3000,"fast","control_informative",0.05,4,0.01,"","separate_mirage","pleiotropy","bfdr_observed_fdp",0.1,0
20260819,7,500,15,3000,3000,3000,3000,"fast","control_informative",0.05,4,0.01,"","separate_mirage","pleiotropy","bfdr_estimate",0.1,0
20260819,7,500,15,3000,3000,3000,3000,"fast","control_informative",0.05,4,0.01,"","separate_mirage","pleiotropy","bfdr_power",0.1,0
20260819,7,500,15,3000,3000,3000,3000,"fast","control_informative",0.05,4,0.01,"","separate_mirage","pleiotropy","bfdr_discoveries",0.1,0
20260819,7,500,15,3000,3000,3000,3000,"fast","control_informative",0.05,4,0.01,"","separate_mirage","pleiotropy","bfdr_observed_fdp",0.2,0
20260819,7,500,15,3000,3000,3000,3000,"fast","control_informative",0.05,4,0.01,"","separate_mirage","pleiotropy","bfdr_estimate",0.2,0
20260819,7,500,15,3000,3000,3000,3000,"fast","control_informative",0.05,4,0.01,"","separate_mirage","pleiotropy","bfdr_power",0.2,0
20260819,7,500,15,3000,3000,3000,3000,"fast","control_informative",0.05,4,0.01,"","separate_mirage","pleiotropy","bfdr_discoveries",0.2,0
20260819,7,500,15,3000,3000,3000,3000,"fast","control_informative",0.05,4,0.01,"","separate_mirage","global","runtime_seconds",NA,18.109
20260819,7,500,15,3000,3000,3000,3000,"fast","control_informative",0.05,4,0.01,"","separate_mirage","pleiotropy","pi11_estimate",NA,0.001
20260819,7,500,15,3000,3000,3000,3000,"fast","control_informative",0.05,4,0.01,"","mtada_aggregated","trait1","auc",NA,0.727073684210526
20260819,7,500,15,3000,3000,3000,3000,"fast","control_informative",0.05,4,0.01,"","mtada_aggregated","trait2","auc",NA,0.628571428571429
20260819,7,500,15,3000,3000,3000,3000,"fast","control_informative",0.05,4,0.01,"","mtada_aggregated","pleiotropy","auc",NA,0.726868686868687
20260819,7,500,15,3000,3000,3000,3000,"fast","control_informative",0.05,4,0.01,"","mtada_aggregated","trait1","pp08_power",0.8,0.24
20260819,7,500,15,3000,3000,3000,3000,"fast","control_informative",0.05,4,0.01,"","mtada_aggregated","trait1","pp08_fdp",0.8,0.842105263157895
20260819,7,500,15,3000,3000,3000,3000,"fast","control_informative",0.05,4,0.01,"","mtada_aggregated","trait1","pp08_discoveries",0.8,38
20260819,7,500,15,3000,3000,3000,3000,"fast","control_informative",0.05,4,0.01,"","mtada_aggregated","trait2","pp08_power",0.8,0.1
20260819,7,500,15,3000,3000,3000,3000,"fast","control_informative",0.05,4,0.01,"","mtada_aggregated","trait2","pp08_fdp",0.8,0.958333333333333
20260819,7,500,15,3000,3000,3000,3000,"fast","control_informative",0.05,4,0.01,"","mtada_aggregated","trait2","pp08_discoveries",0.8,24
20260819,7,500,15,3000,3000,3000,3000,"fast","control_informative",0.05,4,0.01,"","mtada_aggregated","pleiotropy","pp08_power",0.8,0
20260819,7,500,15,3000,3000,3000,3000,"fast","control_informative",0.05,4,0.01,"","mtada_aggregated","pleiotropy","pp08_fdp",0.8,1
20260819,7,500,15,3000,3000,3000,3000,"fast","control_informative",0.05,4,0.01,"","mtada_aggregated","pleiotropy","pp08_discoveries",0.8,2
20260819,7,500,15,3000,3000,3000,3000,"fast","control_informative",0.05,4,0.01,"","mtada_aggregated","trait1","bfdr_observed_fdp",0.01,0.838709677419355
20260819,7,500,15,3000,3000,3000,3000,"fast","control_informative",0.05,4,0.01,"","mtada_aggregated","trait1","bfdr_estimate",0.01,0.0085344346152835
20260819,7,500,15,3000,3000,3000,3000,"fast","control_informative",0.05,4,0.01,"","mtada_aggregated","trait1","bfdr_power",0.01,0.2
20260819,7,500,15,3000,3000,3000,3000,"fast","control_informative",0.05,4,0.01,"","mtada_aggregated","trait1","bfdr_discoveries",0.01,31
20260819,7,500,15,3000,3000,3000,3000,"fast","control_informative",0.05,4,0.01,"","mtada_aggregated","trait1","bfdr_observed_fdp",0.05,0.857142857142857
20260819,7,500,15,3000,3000,3000,3000,"fast","control_informative",0.05,4,0.01,"","mtada_aggregated","trait1","bfdr_estimate",0.05,0.0498951707613686
20260819,7,500,15,3000,3000,3000,3000,"fast","control_informative",0.05,4,0.01,"","mtada_aggregated","trait1","bfdr_power",0.05,0.24
20260819,7,500,15,3000,3000,3000,3000,"fast","control_informative",0.05,4,0.01,"","mtada_aggregated","trait1","bfdr_discoveries",0.05,42
20260819,7,500,15,3000,3000,3000,3000,"fast","control_informative",0.05,4,0.01,"","mtada_aggregated","trait1","bfdr_observed_fdp",0.1,0.872340425531915
20260819,7,500,15,3000,3000,3000,3000,"fast","control_informative",0.05,4,0.01,"","mtada_aggregated","trait1","bfdr_estimate",0.1,0.0915475844851536
20260819,7,500,15,3000,3000,3000,3000,"fast","control_informative",0.05,4,0.01,"","mtada_aggregated","trait1","bfdr_power",0.1,0.24
20260819,7,500,15,3000,3000,3000,3000,"fast","control_informative",0.05,4,0.01,"","mtada_aggregated","trait1","bfdr_discoveries",0.1,47
20260819,7,500,15,3000,3000,3000,3000,"fast","control_informative",0.05,4,0.01,"","mtada_aggregated","trait1","bfdr_observed_fdp",0.2,0.87719298245614
20260819,7,500,15,3000,3000,3000,3000,"fast","control_informative",0.05,4,0.01,"","mtada_aggregated","trait1","bfdr_estimate",0.2,0.190608386908895
20260819,7,500,15,3000,3000,3000,3000,"fast","control_informative",0.05,4,0.01,"","mtada_aggregated","trait1","bfdr_power",0.2,0.28
20260819,7,500,15,3000,3000,3000,3000,"fast","control_informative",0.05,4,0.01,"","mtada_aggregated","trait1","bfdr_discoveries",0.2,57
20260819,7,500,15,3000,3000,3000,3000,"fast","control_informative",0.05,4,0.01,"","mtada_aggregated","trait2","bfdr_observed_fdp",0.01,0.952380952380952
20260819,7,500,15,3000,3000,3000,3000,"fast","control_informative",0.05,4,0.01,"","mtada_aggregated","trait2","bfdr_estimate",0.01,0.00841828641760936
20260819,7,500,15,3000,3000,3000,3000,"fast","control_informative",0.05,4,0.01,"","mtada_aggregated","trait2","bfdr_power",0.01,0.1
20260819,7,500,15,3000,3000,3000,3000,"fast","control_informative",0.05,4,0.01,"","mtada_aggregated","trait2","bfdr_discoveries",0.01,21
20260819,7,500,15,3000,3000,3000,3000,"fast","control_informative",0.05,4,0.01,"","mtada_aggregated","trait2","bfdr_observed_fdp",0.05,0.961538461538462
20260819,7,500,15,3000,3000,3000,3000,"fast","control_informative",0.05,4,0.01,"","mtada_aggregated","trait2","bfdr_estimate",0.05,0.0477117499236395
20260819,7,500,15,3000,3000,3000,3000,"fast","control_informative",0.05,4,0.01,"","mtada_aggregated","trait2","bfdr_power",0.05,0.1
20260819,7,500,15,3000,3000,3000,3000,"fast","control_informative",0.05,4,0.01,"","mtada_aggregated","trait2","bfdr_discoveries",0.05,26
20260819,7,500,15,3000,3000,3000,3000,"fast","control_informative",0.05,4,0.01,"","mtada_aggregated","trait2","bfdr_observed_fdp",0.1,0.96551724137931
20260819,7,500,15,3000,3000,3000,3000,"fast","control_informative",0.05,4,0.01,"","mtada_aggregated","trait2","bfdr_estimate",0.1,0.0874156685879814
20260819,7,500,15,3000,3000,3000,3000,"fast","control_informative",0.05,4,0.01,"","mtada_aggregated","trait2","bfdr_power",0.1,0.1
20260819,7,500,15,3000,3000,3000,3000,"fast","control_informative",0.05,4,0.01,"","mtada_aggregated","trait2","bfdr_discoveries",0.1,29
20260819,7,500,15,3000,3000,3000,3000,"fast","control_informative",0.05,4,0.01,"","mtada_aggregated","trait2","bfdr_observed_fdp",0.2,0.971428571428571
20260819,7,500,15,3000,3000,3000,3000,"fast","control_informative",0.05,4,0.01,"","mtada_aggregated","trait2","bfdr_estimate",0.2,0.186436181861121
20260819,7,500,15,3000,3000,3000,3000,"fast","control_informative",0.05,4,0.01,"","mtada_aggregated","trait2","bfdr_power",0.2,0.1
20260819,7,500,15,3000,3000,3000,3000,"fast","control_informative",0.05,4,0.01,"","mtada_aggregated","trait2","bfdr_discoveries",0.2,35
20260819,7,500,15,3000,3000,3000,3000,"fast","control_informative",0.05,4,0.01,"","mtada_aggregated","pleiotropy","bfdr_observed_fdp",0.01,1
20260819,7,500,15,3000,3000,3000,3000,"fast","control_informative",0.05,4,0.01,"","mtada_aggregated","pleiotropy","bfdr_estimate",0.01,0.0062031960493788
20260819,7,500,15,3000,3000,3000,3000,"fast","control_informative",0.05,4,0.01,"","mtada_aggregated","pleiotropy","bfdr_power",0.01,0
20260819,7,500,15,3000,3000,3000,3000,"fast","control_informative",0.05,4,0.01,"","mtada_aggregated","pleiotropy","bfdr_discoveries",0.01,1
20260819,7,500,15,3000,3000,3000,3000,"fast","control_informative",0.05,4,0.01,"","mtada_aggregated","pleiotropy","bfdr_observed_fdp",0.05,1
20260819,7,500,15,3000,3000,3000,3000,"fast","control_informative",0.05,4,0.01,"","mtada_aggregated","pleiotropy","bfdr_estimate",0.05,0.0062031960493788
20260819,7,500,15,3000,3000,3000,3000,"fast","control_informative",0.05,4,0.01,"","mtada_aggregated","pleiotropy","bfdr_power",0.05,0
20260819,7,500,15,3000,3000,3000,3000,"fast","control_informative",0.05,4,0.01,"","mtada_aggregated","pleiotropy","bfdr_discoveries",0.05,1
20260819,7,500,15,3000,3000,3000,3000,"fast","control_informative",0.05,4,0.01,"","mtada_aggregated","pleiotropy","bfdr_observed_fdp",0.1,1
20260819,7,500,15,3000,3000,3000,3000,"fast","control_informative",0.05,4,0.01,"","mtada_aggregated","pleiotropy","bfdr_estimate",0.1,0.0809040038034859
20260819,7,500,15,3000,3000,3000,3000,"fast","control_informative",0.05,4,0.01,"","mtada_aggregated","pleiotropy","bfdr_power",0.1,0
20260819,7,500,15,3000,3000,3000,3000,"fast","control_informative",0.05,4,0.01,"","mtada_aggregated","pleiotropy","bfdr_discoveries",0.1,2
20260819,7,500,15,3000,3000,3000,3000,"fast","control_informative",0.05,4,0.01,"","mtada_aggregated","pleiotropy","bfdr_observed_fdp",0.2,1
20260819,7,500,15,3000,3000,3000,3000,"fast","control_informative",0.05,4,0.01,"","mtada_aggregated","pleiotropy","bfdr_estimate",0.2,0.183859558661198
20260819,7,500,15,3000,3000,3000,3000,"fast","control_informative",0.05,4,0.01,"","mtada_aggregated","pleiotropy","bfdr_power",0.2,0
20260819,7,500,15,3000,3000,3000,3000,"fast","control_informative",0.05,4,0.01,"","mtada_aggregated","pleiotropy","bfdr_discoveries",0.2,3
20260819,7,500,15,3000,3000,3000,3000,"fast","control_informative",0.05,4,0.01,"","mtada_aggregated","global","runtime_seconds",NA,0.697000000000003
20260819,7,500,15,3000,3000,3000,3000,"fast","control_informative",0.05,4,0.01,"","mtada_aggregated","pleiotropy","pi11_estimate",NA,0.00161228
20260820,8,500,15,3000,3000,3000,3000,"fast","control_informative",0.05,4,0.01,"","mirage_joint","trait1","auc",NA,0.686736842105263
20260820,8,500,15,3000,3000,3000,3000,"fast","control_informative",0.05,4,0.01,"","mirage_joint","trait2","auc",NA,0.647551020408163
20260820,8,500,15,3000,3000,3000,3000,"fast","control_informative",0.05,4,0.01,"","mirage_joint","pleiotropy","auc",NA,0.75030303030303
20260820,8,500,15,3000,3000,3000,3000,"fast","control_informative",0.05,4,0.01,"","mirage_joint","trait1","pp08_power",0.8,0.2
20260820,8,500,15,3000,3000,3000,3000,"fast","control_informative",0.05,4,0.01,"","mirage_joint","trait1","pp08_fdp",0.8,0
20260820,8,500,15,3000,3000,3000,3000,"fast","control_informative",0.05,4,0.01,"","mirage_joint","trait1","pp08_discoveries",0.8,5
20260820,8,500,15,3000,3000,3000,3000,"fast","control_informative",0.05,4,0.01,"","mirage_joint","trait2","pp08_power",0.8,0.1
20260820,8,500,15,3000,3000,3000,3000,"fast","control_informative",0.05,4,0.01,"","mirage_joint","trait2","pp08_fdp",0.8,0
20260820,8,500,15,3000,3000,3000,3000,"fast","control_informative",0.05,4,0.01,"","mirage_joint","trait2","pp08_discoveries",0.8,1
20260820,8,500,15,3000,3000,3000,3000,"fast","control_informative",0.05,4,0.01,"","mirage_joint","pleiotropy","pp08_power",0.8,0.2
20260820,8,500,15,3000,3000,3000,3000,"fast","control_informative",0.05,4,0.01,"","mirage_joint","pleiotropy","pp08_fdp",0.8,0
20260820,8,500,15,3000,3000,3000,3000,"fast","control_informative",0.05,4,0.01,"","mirage_joint","pleiotropy","pp08_discoveries",0.8,1
20260820,8,500,15,3000,3000,3000,3000,"fast","control_informative",0.05,4,0.01,"","mirage_joint","trait1","bfdr_observed_fdp",0.01,0
20260820,8,500,15,3000,3000,3000,3000,"fast","control_informative",0.05,4,0.01,"","mirage_joint","trait1","bfdr_estimate",0.01,0.00840002655966338
20260820,8,500,15,3000,3000,3000,3000,"fast","control_informative",0.05,4,0.01,"","mirage_joint","trait1","bfdr_power",0.01,0.08
20260820,8,500,15,3000,3000,3000,3000,"fast","control_informative",0.05,4,0.01,"","mirage_joint","trait1","bfdr_discoveries",0.01,2
20260820,8,500,15,3000,3000,3000,3000,"fast","control_informative",0.05,4,0.01,"","mirage_joint","trait1","bfdr_observed_fdp",0.05,0
20260820,8,500,15,3000,3000,3000,3000,"fast","control_informative",0.05,4,0.01,"","mirage_joint","trait1","bfdr_estimate",0.05,0.0406687174215329
20260820,8,500,15,3000,3000,3000,3000,"fast","control_informative",0.05,4,0.01,"","mirage_joint","trait1","bfdr_power",0.05,0.16
20260820,8,500,15,3000,3000,3000,3000,"fast","control_informative",0.05,4,0.01,"","mirage_joint","trait1","bfdr_discoveries",0.05,4
20260820,8,500,15,3000,3000,3000,3000,"fast","control_informative",0.05,4,0.01,"","mirage_joint","trait1","bfdr_observed_fdp",0.1,0.166666666666667
20260820,8,500,15,3000,3000,3000,3000,"fast","control_informative",0.05,4,0.01,"","mirage_joint","trait1","bfdr_estimate",0.1,0.098957220256561
20260820,8,500,15,3000,3000,3000,3000,"fast","control_informative",0.05,4,0.01,"","mirage_joint","trait1","bfdr_power",0.1,0.2
20260820,8,500,15,3000,3000,3000,3000,"fast","control_informative",0.05,4,0.01,"","mirage_joint","trait1","bfdr_discoveries",0.1,6
20260820,8,500,15,3000,3000,3000,3000,"fast","control_informative",0.05,4,0.01,"","mirage_joint","trait1","bfdr_observed_fdp",0.2,0.454545454545455
20260820,8,500,15,3000,3000,3000,3000,"fast","control_informative",0.05,4,0.01,"","mirage_joint","trait1","bfdr_estimate",0.2,0.197869419310614
20260820,8,500,15,3000,3000,3000,3000,"fast","control_informative",0.05,4,0.01,"","mirage_joint","trait1","bfdr_power",0.2,0.24
20260820,8,500,15,3000,3000,3000,3000,"fast","control_informative",0.05,4,0.01,"","mirage_joint","trait1","bfdr_discoveries",0.2,11
20260820,8,500,15,3000,3000,3000,3000,"fast","control_informative",0.05,4,0.01,"","mirage_joint","trait2","bfdr_observed_fdp",0.01,0
20260820,8,500,15,3000,3000,3000,3000,"fast","control_informative",0.05,4,0.01,"","mirage_joint","trait2","bfdr_estimate",0.01,0
20260820,8,500,15,3000,3000,3000,3000,"fast","control_informative",0.05,4,0.01,"","mirage_joint","trait2","bfdr_power",0.01,0
20260820,8,500,15,3000,3000,3000,3000,"fast","control_informative",0.05,4,0.01,"","mirage_joint","trait2","bfdr_discoveries",0.01,0
20260820,8,500,15,3000,3000,3000,3000,"fast","control_informative",0.05,4,0.01,"","mirage_joint","trait2","bfdr_observed_fdp",0.05,0
20260820,8,500,15,3000,3000,3000,3000,"fast","control_informative",0.05,4,0.01,"","mirage_joint","trait2","bfdr_estimate",0.05,0
20260820,8,500,15,3000,3000,3000,3000,"fast","control_informative",0.05,4,0.01,"","mirage_joint","trait2","bfdr_power",0.05,0
20260820,8,500,15,3000,3000,3000,3000,"fast","control_informative",0.05,4,0.01,"","mirage_joint","trait2","bfdr_discoveries",0.05,0
20260820,8,500,15,3000,3000,3000,3000,"fast","control_informative",0.05,4,0.01,"","mirage_joint","trait2","bfdr_observed_fdp",0.1,0
20260820,8,500,15,3000,3000,3000,3000,"fast","control_informative",0.05,4,0.01,"","mirage_joint","trait2","bfdr_estimate",0.1,0
20260820,8,500,15,3000,3000,3000,3000,"fast","control_informative",0.05,4,0.01,"","mirage_joint","trait2","bfdr_power",0.1,0
20260820,8,500,15,3000,3000,3000,3000,"fast","control_informative",0.05,4,0.01,"","mirage_joint","trait2","bfdr_discoveries",0.1,0
20260820,8,500,15,3000,3000,3000,3000,"fast","control_informative",0.05,4,0.01,"","mirage_joint","trait2","bfdr_observed_fdp",0.2,0
20260820,8,500,15,3000,3000,3000,3000,"fast","control_informative",0.05,4,0.01,"","mirage_joint","trait2","bfdr_estimate",0.2,0.160515927807118
20260820,8,500,15,3000,3000,3000,3000,"fast","control_informative",0.05,4,0.01,"","mirage_joint","trait2","bfdr_power",0.2,0.1
20260820,8,500,15,3000,3000,3000,3000,"fast","control_informative",0.05,4,0.01,"","mirage_joint","trait2","bfdr_discoveries",0.2,1
20260820,8,500,15,3000,3000,3000,3000,"fast","control_informative",0.05,4,0.01,"","mirage_joint","pleiotropy","bfdr_observed_fdp",0.01,0
20260820,8,500,15,3000,3000,3000,3000,"fast","control_informative",0.05,4,0.01,"","mirage_joint","pleiotropy","bfdr_estimate",0.01,0
20260820,8,500,15,3000,3000,3000,3000,"fast","control_informative",0.05,4,0.01,"","mirage_joint","pleiotropy","bfdr_power",0.01,0
20260820,8,500,15,3000,3000,3000,3000,"fast","control_informative",0.05,4,0.01,"","mirage_joint","pleiotropy","bfdr_discoveries",0.01,0
20260820,8,500,15,3000,3000,3000,3000,"fast","control_informative",0.05,4,0.01,"","mirage_joint","pleiotropy","bfdr_observed_fdp",0.05,0
20260820,8,500,15,3000,3000,3000,3000,"fast","control_informative",0.05,4,0.01,"","mirage_joint","pleiotropy","bfdr_estimate",0.05,0
20260820,8,500,15,3000,3000,3000,3000,"fast","control_informative",0.05,4,0.01,"","mirage_joint","pleiotropy","bfdr_power",0.05,0
20260820,8,500,15,3000,3000,3000,3000,"fast","control_informative",0.05,4,0.01,"","mirage_joint","pleiotropy","bfdr_discoveries",0.05,0
20260820,8,500,15,3000,3000,3000,3000,"fast","control_informative",0.05,4,0.01,"","mirage_joint","pleiotropy","bfdr_observed_fdp",0.1,0
20260820,8,500,15,3000,3000,3000,3000,"fast","control_informative",0.05,4,0.01,"","mirage_joint","pleiotropy","bfdr_estimate",0.1,0
20260820,8,500,15,3000,3000,3000,3000,"fast","control_informative",0.05,4,0.01,"","mirage_joint","pleiotropy","bfdr_power",0.1,0
20260820,8,500,15,3000,3000,3000,3000,"fast","control_informative",0.05,4,0.01,"","mirage_joint","pleiotropy","bfdr_discoveries",0.1,0
20260820,8,500,15,3000,3000,3000,3000,"fast","control_informative",0.05,4,0.01,"","mirage_joint","pleiotropy","bfdr_observed_fdp",0.2,0
20260820,8,500,15,3000,3000,3000,3000,"fast","control_informative",0.05,4,0.01,"","mirage_joint","pleiotropy","bfdr_estimate",0.2,0.162935967354634
20260820,8,500,15,3000,3000,3000,3000,"fast","control_informative",0.05,4,0.01,"","mirage_joint","pleiotropy","bfdr_power",0.2,0.2
20260820,8,500,15,3000,3000,3000,3000,"fast","control_informative",0.05,4,0.01,"","mirage_joint","pleiotropy","bfdr_discoveries",0.2,1
20260820,8,500,15,3000,3000,3000,3000,"fast","control_informative",0.05,4,0.01,"","mirage_joint","global","runtime_seconds",NA,18.092
20260820,8,500,15,3000,3000,3000,3000,"fast","control_informative",0.05,4,0.01,"","mirage_joint","pleiotropy","pi11_estimate",NA,0.0810384202191003
20260820,8,500,15,3000,3000,3000,3000,"fast","control_informative",0.05,4,0.01,"","separate_mirage","trait1","auc",NA,0.683115789473684
20260820,8,500,15,3000,3000,3000,3000,"fast","control_informative",0.05,4,0.01,"","separate_mirage","trait2","auc",NA,0.605714285714286
20260820,8,500,15,3000,3000,3000,3000,"fast","control_informative",0.05,4,0.01,"","separate_mirage","pleiotropy","auc",NA,0.743838383838384
20260820,8,500,15,3000,3000,3000,3000,"fast","control_informative",0.05,4,0.01,"","separate_mirage","trait1","pp08_power",0.8,0.08
20260820,8,500,15,3000,3000,3000,3000,"fast","control_informative",0.05,4,0.01,"","separate_mirage","trait1","pp08_fdp",0.8,0
20260820,8,500,15,3000,3000,3000,3000,"fast","control_informative",0.05,4,0.01,"","separate_mirage","trait1","pp08_discoveries",0.8,2
20260820,8,500,15,3000,3000,3000,3000,"fast","control_informative",0.05,4,0.01,"","separate_mirage","trait2","pp08_power",0.8,0
20260820,8,500,15,3000,3000,3000,3000,"fast","control_informative",0.05,4,0.01,"","separate_mirage","trait2","pp08_fdp",0.8,0
20260820,8,500,15,3000,3000,3000,3000,"fast","control_informative",0.05,4,0.01,"","separate_mirage","trait2","pp08_discoveries",0.8,0
20260820,8,500,15,3000,3000,3000,3000,"fast","control_informative",0.05,4,0.01,"","separate_mirage","pleiotropy","pp08_power",0.8,0
20260820,8,500,15,3000,3000,3000,3000,"fast","control_informative",0.05,4,0.01,"","separate_mirage","pleiotropy","pp08_fdp",0.8,0
20260820,8,500,15,3000,3000,3000,3000,"fast","control_informative",0.05,4,0.01,"","separate_mirage","pleiotropy","pp08_discoveries",0.8,0
20260820,8,500,15,3000,3000,3000,3000,"fast","control_informative",0.05,4,0.01,"","separate_mirage","trait1","bfdr_observed_fdp",0.01,0
20260820,8,500,15,3000,3000,3000,3000,"fast","control_informative",0.05,4,0.01,"","separate_mirage","trait1","bfdr_estimate",0.01,1.07385519712011e-05
20260820,8,500,15,3000,3000,3000,3000,"fast","control_informative",0.05,4,0.01,"","separate_mirage","trait1","bfdr_power",0.01,0.04
20260820,8,500,15,3000,3000,3000,3000,"fast","control_informative",0.05,4,0.01,"","separate_mirage","trait1","bfdr_discoveries",0.01,1
20260820,8,500,15,3000,3000,3000,3000,"fast","control_informative",0.05,4,0.01,"","separate_mirage","trait1","bfdr_observed_fdp",0.05,0
20260820,8,500,15,3000,3000,3000,3000,"fast","control_informative",0.05,4,0.01,"","separate_mirage","trait1","bfdr_estimate",0.05,0.0135587674132726
20260820,8,500,15,3000,3000,3000,3000,"fast","control_informative",0.05,4,0.01,"","separate_mirage","trait1","bfdr_power",0.05,0.08
20260820,8,500,15,3000,3000,3000,3000,"fast","control_informative",0.05,4,0.01,"","separate_mirage","trait1","bfdr_discoveries",0.05,2
20260820,8,500,15,3000,3000,3000,3000,"fast","control_informative",0.05,4,0.01,"","separate_mirage","trait1","bfdr_observed_fdp",0.1,0
20260820,8,500,15,3000,3000,3000,3000,"fast","control_informative",0.05,4,0.01,"","separate_mirage","trait1","bfdr_estimate",0.1,0.0940934716678962
20260820,8,500,15,3000,3000,3000,3000,"fast","control_informative",0.05,4,0.01,"","separate_mirage","trait1","bfdr_power",0.1,0.12
20260820,8,500,15,3000,3000,3000,3000,"fast","control_informative",0.05,4,0.01,"","separate_mirage","trait1","bfdr_discoveries",0.1,3
20260820,8,500,15,3000,3000,3000,3000,"fast","control_informative",0.05,4,0.01,"","separate_mirage","trait1","bfdr_observed_fdp",0.2,0
20260820,8,500,15,3000,3000,3000,3000,"fast","control_informative",0.05,4,0.01,"","separate_mirage","trait1","bfdr_estimate",0.2,0.163461466773542
20260820,8,500,15,3000,3000,3000,3000,"fast","control_informative",0.05,4,0.01,"","separate_mirage","trait1","bfdr_power",0.2,0.16
20260820,8,500,15,3000,3000,3000,3000,"fast","control_informative",0.05,4,0.01,"","separate_mirage","trait1","bfdr_discoveries",0.2,4
20260820,8,500,15,3000,3000,3000,3000,"fast","control_informative",0.05,4,0.01,"","separate_mirage","trait2","bfdr_observed_fdp",0.01,0
20260820,8,500,15,3000,3000,3000,3000,"fast","control_informative",0.05,4,0.01,"","separate_mirage","trait2","bfdr_estimate",0.01,0
20260820,8,500,15,3000,3000,3000,3000,"fast","control_informative",0.05,4,0.01,"","separate_mirage","trait2","bfdr_power",0.01,0
20260820,8,500,15,3000,3000,3000,3000,"fast","control_informative",0.05,4,0.01,"","separate_mirage","trait2","bfdr_discoveries",0.01,0
20260820,8,500,15,3000,3000,3000,3000,"fast","control_informative",0.05,4,0.01,"","separate_mirage","trait2","bfdr_observed_fdp",0.05,0
20260820,8,500,15,3000,3000,3000,3000,"fast","control_informative",0.05,4,0.01,"","separate_mirage","trait2","bfdr_estimate",0.05,0
20260820,8,500,15,3000,3000,3000,3000,"fast","control_informative",0.05,4,0.01,"","separate_mirage","trait2","bfdr_power",0.05,0
20260820,8,500,15,3000,3000,3000,3000,"fast","control_informative",0.05,4,0.01,"","separate_mirage","trait2","bfdr_discoveries",0.05,0
20260820,8,500,15,3000,3000,3000,3000,"fast","control_informative",0.05,4,0.01,"","separate_mirage","trait2","bfdr_observed_fdp",0.1,0
20260820,8,500,15,3000,3000,3000,3000,"fast","control_informative",0.05,4,0.01,"","separate_mirage","trait2","bfdr_estimate",0.1,0
20260820,8,500,15,3000,3000,3000,3000,"fast","control_informative",0.05,4,0.01,"","separate_mirage","trait2","bfdr_power",0.1,0
20260820,8,500,15,3000,3000,3000,3000,"fast","control_informative",0.05,4,0.01,"","separate_mirage","trait2","bfdr_discoveries",0.1,0
20260820,8,500,15,3000,3000,3000,3000,"fast","control_informative",0.05,4,0.01,"","separate_mirage","trait2","bfdr_observed_fdp",0.2,0
20260820,8,500,15,3000,3000,3000,3000,"fast","control_informative",0.05,4,0.01,"","separate_mirage","trait2","bfdr_estimate",0.2,0
20260820,8,500,15,3000,3000,3000,3000,"fast","control_informative",0.05,4,0.01,"","separate_mirage","trait2","bfdr_power",0.2,0
20260820,8,500,15,3000,3000,3000,3000,"fast","control_informative",0.05,4,0.01,"","separate_mirage","trait2","bfdr_discoveries",0.2,0
20260820,8,500,15,3000,3000,3000,3000,"fast","control_informative",0.05,4,0.01,"","separate_mirage","pleiotropy","bfdr_observed_fdp",0.01,0
20260820,8,500,15,3000,3000,3000,3000,"fast","control_informative",0.05,4,0.01,"","separate_mirage","pleiotropy","bfdr_estimate",0.01,0
20260820,8,500,15,3000,3000,3000,3000,"fast","control_informative",0.05,4,0.01,"","separate_mirage","pleiotropy","bfdr_power",0.01,0
20260820,8,500,15,3000,3000,3000,3000,"fast","control_informative",0.05,4,0.01,"","separate_mirage","pleiotropy","bfdr_discoveries",0.01,0
20260820,8,500,15,3000,3000,3000,3000,"fast","control_informative",0.05,4,0.01,"","separate_mirage","pleiotropy","bfdr_observed_fdp",0.05,0
20260820,8,500,15,3000,3000,3000,3000,"fast","control_informative",0.05,4,0.01,"","separate_mirage","pleiotropy","bfdr_estimate",0.05,0
20260820,8,500,15,3000,3000,3000,3000,"fast","control_informative",0.05,4,0.01,"","separate_mirage","pleiotropy","bfdr_power",0.05,0
20260820,8,500,15,3000,3000,3000,3000,"fast","control_informative",0.05,4,0.01,"","separate_mirage","pleiotropy","bfdr_discoveries",0.05,0
20260820,8,500,15,3000,3000,3000,3000,"fast","control_informative",0.05,4,0.01,"","separate_mirage","pleiotropy","bfdr_observed_fdp",0.1,0
20260820,8,500,15,3000,3000,3000,3000,"fast","control_informative",0.05,4,0.01,"","separate_mirage","pleiotropy","bfdr_estimate",0.1,0
20260820,8,500,15,3000,3000,3000,3000,"fast","control_informative",0.05,4,0.01,"","separate_mirage","pleiotropy","bfdr_power",0.1,0
20260820,8,500,15,3000,3000,3000,3000,"fast","control_informative",0.05,4,0.01,"","separate_mirage","pleiotropy","bfdr_discoveries",0.1,0
20260820,8,500,15,3000,3000,3000,3000,"fast","control_informative",0.05,4,0.01,"","separate_mirage","pleiotropy","bfdr_observed_fdp",0.2,0
20260820,8,500,15,3000,3000,3000,3000,"fast","control_informative",0.05,4,0.01,"","separate_mirage","pleiotropy","bfdr_estimate",0.2,0
20260820,8,500,15,3000,3000,3000,3000,"fast","control_informative",0.05,4,0.01,"","separate_mirage","pleiotropy","bfdr_power",0.2,0
20260820,8,500,15,3000,3000,3000,3000,"fast","control_informative",0.05,4,0.01,"","separate_mirage","pleiotropy","bfdr_discoveries",0.2,0
20260820,8,500,15,3000,3000,3000,3000,"fast","control_informative",0.05,4,0.01,"","separate_mirage","global","runtime_seconds",NA,18.138
20260820,8,500,15,3000,3000,3000,3000,"fast","control_informative",0.05,4,0.01,"","separate_mirage","pleiotropy","pi11_estimate",NA,0.001
20260820,8,500,15,3000,3000,3000,3000,"fast","control_informative",0.05,4,0.01,"","mtada_aggregated","trait1","auc",NA,0.716126315789474
20260820,8,500,15,3000,3000,3000,3000,"fast","control_informative",0.05,4,0.01,"","mtada_aggregated","trait2","auc",NA,0.603265306122449
20260820,8,500,15,3000,3000,3000,3000,"fast","control_informative",0.05,4,0.01,"","mtada_aggregated","pleiotropy","auc",NA,0.797575757575758
20260820,8,500,15,3000,3000,3000,3000,"fast","control_informative",0.05,4,0.01,"","mtada_aggregated","trait1","pp08_power",0.8,0.24
20260820,8,500,15,3000,3000,3000,3000,"fast","control_informative",0.05,4,0.01,"","mtada_aggregated","trait1","pp08_fdp",0.8,0.793103448275862
20260820,8,500,15,3000,3000,3000,3000,"fast","control_informative",0.05,4,0.01,"","mtada_aggregated","trait1","pp08_discoveries",0.8,29
20260820,8,500,15,3000,3000,3000,3000,"fast","control_informative",0.05,4,0.01,"","mtada_aggregated","trait2","pp08_power",0.8,0.1
20260820,8,500,15,3000,3000,3000,3000,"fast","control_informative",0.05,4,0.01,"","mtada_aggregated","trait2","pp08_fdp",0.8,0.966666666666667
20260820,8,500,15,3000,3000,3000,3000,"fast","control_informative",0.05,4,0.01,"","mtada_aggregated","trait2","pp08_discoveries",0.8,30
20260820,8,500,15,3000,3000,3000,3000,"fast","control_informative",0.05,4,0.01,"","mtada_aggregated","pleiotropy","pp08_power",0.8,0
20260820,8,500,15,3000,3000,3000,3000,"fast","control_informative",0.05,4,0.01,"","mtada_aggregated","pleiotropy","pp08_fdp",0.8,0
20260820,8,500,15,3000,3000,3000,3000,"fast","control_informative",0.05,4,0.01,"","mtada_aggregated","pleiotropy","pp08_discoveries",0.8,0
20260820,8,500,15,3000,3000,3000,3000,"fast","control_informative",0.05,4,0.01,"","mtada_aggregated","trait1","bfdr_observed_fdp",0.01,0.75
20260820,8,500,15,3000,3000,3000,3000,"fast","control_informative",0.05,4,0.01,"","mtada_aggregated","trait1","bfdr_estimate",0.01,0.00777654838202923
20260820,8,500,15,3000,3000,3000,3000,"fast","control_informative",0.05,4,0.01,"","mtada_aggregated","trait1","bfdr_power",0.01,0.24
20260820,8,500,15,3000,3000,3000,3000,"fast","control_informative",0.05,4,0.01,"","mtada_aggregated","trait1","bfdr_discoveries",0.01,24
20260820,8,500,15,3000,3000,3000,3000,"fast","control_informative",0.05,4,0.01,"","mtada_aggregated","trait1","bfdr_observed_fdp",0.05,0.8125
20260820,8,500,15,3000,3000,3000,3000,"fast","control_informative",0.05,4,0.01,"","mtada_aggregated","trait1","bfdr_estimate",0.05,0.0493192765931323
20260820,8,500,15,3000,3000,3000,3000,"fast","control_informative",0.05,4,0.01,"","mtada_aggregated","trait1","bfdr_power",0.05,0.24
20260820,8,500,15,3000,3000,3000,3000,"fast","control_informative",0.05,4,0.01,"","mtada_aggregated","trait1","bfdr_discoveries",0.05,32
20260820,8,500,15,3000,3000,3000,3000,"fast","control_informative",0.05,4,0.01,"","mtada_aggregated","trait1","bfdr_observed_fdp",0.1,0.789473684210526
20260820,8,500,15,3000,3000,3000,3000,"fast","control_informative",0.05,4,0.01,"","mtada_aggregated","trait1","bfdr_estimate",0.1,0.0925564149923402
20260820,8,500,15,3000,3000,3000,3000,"fast","control_informative",0.05,4,0.01,"","mtada_aggregated","trait1","bfdr_power",0.1,0.32
20260820,8,500,15,3000,3000,3000,3000,"fast","control_informative",0.05,4,0.01,"","mtada_aggregated","trait1","bfdr_discoveries",0.1,38
20260820,8,500,15,3000,3000,3000,3000,"fast","control_informative",0.05,4,0.01,"","mtada_aggregated","trait1","bfdr_observed_fdp",0.2,0.808510638297872
20260820,8,500,15,3000,3000,3000,3000,"fast","control_informative",0.05,4,0.01,"","mtada_aggregated","trait1","bfdr_estimate",0.2,0.191862938458781
20260820,8,500,15,3000,3000,3000,3000,"fast","control_informative",0.05,4,0.01,"","mtada_aggregated","trait1","bfdr_power",0.2,0.36
20260820,8,500,15,3000,3000,3000,3000,"fast","control_informative",0.05,4,0.01,"","mtada_aggregated","trait1","bfdr_discoveries",0.2,47
20260820,8,500,15,3000,3000,3000,3000,"fast","control_informative",0.05,4,0.01,"","mtada_aggregated","trait2","bfdr_observed_fdp",0.01,0.956521739130435
20260820,8,500,15,3000,3000,3000,3000,"fast","control_informative",0.05,4,0.01,"","mtada_aggregated","trait2","bfdr_estimate",0.01,0.00790671877984706
20260820,8,500,15,3000,3000,3000,3000,"fast","control_informative",0.05,4,0.01,"","mtada_aggregated","trait2","bfdr_power",0.01,0.1
20260820,8,500,15,3000,3000,3000,3000,"fast","control_informative",0.05,4,0.01,"","mtada_aggregated","trait2","bfdr_discoveries",0.01,23
20260820,8,500,15,3000,3000,3000,3000,"fast","control_informative",0.05,4,0.01,"","mtada_aggregated","trait2","bfdr_observed_fdp",0.05,0.9375
20260820,8,500,15,3000,3000,3000,3000,"fast","control_informative",0.05,4,0.01,"","mtada_aggregated","trait2","bfdr_estimate",0.05,0.0486854230253052
20260820,8,500,15,3000,3000,3000,3000,"fast","control_informative",0.05,4,0.01,"","mtada_aggregated","trait2","bfdr_power",0.05,0.2
20260820,8,500,15,3000,3000,3000,3000,"fast","control_informative",0.05,4,0.01,"","mtada_aggregated","trait2","bfdr_discoveries",0.05,32
20260820,8,500,15,3000,3000,3000,3000,"fast","control_informative",0.05,4,0.01,"","mtada_aggregated","trait2","bfdr_observed_fdp",0.1,0.947368421052632
20260820,8,500,15,3000,3000,3000,3000,"fast","control_informative",0.05,4,0.01,"","mtada_aggregated","trait2","bfdr_estimate",0.1,0.0998333940885485
20260820,8,500,15,3000,3000,3000,3000,"fast","control_informative",0.05,4,0.01,"","mtada_aggregated","trait2","bfdr_power",0.1,0.2
20260820,8,500,15,3000,3000,3000,3000,"fast","control_informative",0.05,4,0.01,"","mtada_aggregated","trait2","bfdr_discoveries",0.1,38
20260820,8,500,15,3000,3000,3000,3000,"fast","control_informative",0.05,4,0.01,"","mtada_aggregated","trait2","bfdr_observed_fdp",0.2,0.955555555555556
20260820,8,500,15,3000,3000,3000,3000,"fast","control_informative",0.05,4,0.01,"","mtada_aggregated","trait2","bfdr_estimate",0.2,0.195494066393182
20260820,8,500,15,3000,3000,3000,3000,"fast","control_informative",0.05,4,0.01,"","mtada_aggregated","trait2","bfdr_power",0.2,0.2
20260820,8,500,15,3000,3000,3000,3000,"fast","control_informative",0.05,4,0.01,"","mtada_aggregated","trait2","bfdr_discoveries",0.2,45
20260820,8,500,15,3000,3000,3000,3000,"fast","control_informative",0.05,4,0.01,"","mtada_aggregated","pleiotropy","bfdr_observed_fdp",0.01,0
20260820,8,500,15,3000,3000,3000,3000,"fast","control_informative",0.05,4,0.01,"","mtada_aggregated","pleiotropy","bfdr_estimate",0.01,0
20260820,8,500,15,3000,3000,3000,3000,"fast","control_informative",0.05,4,0.01,"","mtada_aggregated","pleiotropy","bfdr_power",0.01,0
20260820,8,500,15,3000,3000,3000,3000,"fast","control_informative",0.05,4,0.01,"","mtada_aggregated","pleiotropy","bfdr_discoveries",0.01,0
20260820,8,500,15,3000,3000,3000,3000,"fast","control_informative",0.05,4,0.01,"","mtada_aggregated","pleiotropy","bfdr_observed_fdp",0.05,0
20260820,8,500,15,3000,3000,3000,3000,"fast","control_informative",0.05,4,0.01,"","mtada_aggregated","pleiotropy","bfdr_estimate",0.05,0
20260820,8,500,15,3000,3000,3000,3000,"fast","control_informative",0.05,4,0.01,"","mtada_aggregated","pleiotropy","bfdr_power",0.05,0
20260820,8,500,15,3000,3000,3000,3000,"fast","control_informative",0.05,4,0.01,"","mtada_aggregated","pleiotropy","bfdr_discoveries",0.05,0
20260820,8,500,15,3000,3000,3000,3000,"fast","control_informative",0.05,4,0.01,"","mtada_aggregated","pleiotropy","bfdr_observed_fdp",0.1,0
20260820,8,500,15,3000,3000,3000,3000,"fast","control_informative",0.05,4,0.01,"","mtada_aggregated","pleiotropy","bfdr_estimate",0.1,0
20260820,8,500,15,3000,3000,3000,3000,"fast","control_informative",0.05,4,0.01,"","mtada_aggregated","pleiotropy","bfdr_power",0.1,0
20260820,8,500,15,3000,3000,3000,3000,"fast","control_informative",0.05,4,0.01,"","mtada_aggregated","pleiotropy","bfdr_discoveries",0.1,0
20260820,8,500,15,3000,3000,3000,3000,"fast","control_informative",0.05,4,0.01,"","mtada_aggregated","pleiotropy","bfdr_observed_fdp",0.2,0
20260820,8,500,15,3000,3000,3000,3000,"fast","control_informative",0.05,4,0.01,"","mtada_aggregated","pleiotropy","bfdr_estimate",0.2,0
20260820,8,500,15,3000,3000,3000,3000,"fast","control_informative",0.05,4,0.01,"","mtada_aggregated","pleiotropy","bfdr_power",0.2,0
20260820,8,500,15,3000,3000,3000,3000,"fast","control_informative",0.05,4,0.01,"","mtada_aggregated","pleiotropy","bfdr_discoveries",0.2,0
20260820,8,500,15,3000,3000,3000,3000,"fast","control_informative",0.05,4,0.01,"","mtada_aggregated","global","runtime_seconds",NA,0.861999999999966
20260820,8,500,15,3000,3000,3000,3000,"fast","control_informative",0.05,4,0.01,"","mtada_aggregated","pleiotropy","pi11_estimate",NA,0.00113915
20260821,9,500,15,3000,3000,3000,3000,"fast","control_informative",0.05,4,0.01,"","mirage_joint","trait1","auc",NA,0.735157894736842
20260821,9,500,15,3000,3000,3000,3000,"fast","control_informative",0.05,4,0.01,"","mirage_joint","trait2","auc",NA,0.772857142857143
20260821,9,500,15,3000,3000,3000,3000,"fast","control_informative",0.05,4,0.01,"","mirage_joint","pleiotropy","auc",NA,0.822626262626263
20260821,9,500,15,3000,3000,3000,3000,"fast","control_informative",0.05,4,0.01,"","mirage_joint","trait1","pp08_power",0.8,0.2
20260821,9,500,15,3000,3000,3000,3000,"fast","control_informative",0.05,4,0.01,"","mirage_joint","trait1","pp08_fdp",0.8,0
20260821,9,500,15,3000,3000,3000,3000,"fast","control_informative",0.05,4,0.01,"","mirage_joint","trait1","pp08_discoveries",0.8,5
20260821,9,500,15,3000,3000,3000,3000,"fast","control_informative",0.05,4,0.01,"","mirage_joint","trait2","pp08_power",0.8,0
20260821,9,500,15,3000,3000,3000,3000,"fast","control_informative",0.05,4,0.01,"","mirage_joint","trait2","pp08_fdp",0.8,0
20260821,9,500,15,3000,3000,3000,3000,"fast","control_informative",0.05,4,0.01,"","mirage_joint","trait2","pp08_discoveries",0.8,0
20260821,9,500,15,3000,3000,3000,3000,"fast","control_informative",0.05,4,0.01,"","mirage_joint","pleiotropy","pp08_power",0.8,0
20260821,9,500,15,3000,3000,3000,3000,"fast","control_informative",0.05,4,0.01,"","mirage_joint","pleiotropy","pp08_fdp",0.8,0
20260821,9,500,15,3000,3000,3000,3000,"fast","control_informative",0.05,4,0.01,"","mirage_joint","pleiotropy","pp08_discoveries",0.8,0
20260821,9,500,15,3000,3000,3000,3000,"fast","control_informative",0.05,4,0.01,"","mirage_joint","trait1","bfdr_observed_fdp",0.01,0
20260821,9,500,15,3000,3000,3000,3000,"fast","control_informative",0.05,4,0.01,"","mirage_joint","trait1","bfdr_estimate",0.01,0.00447659546685153
20260821,9,500,15,3000,3000,3000,3000,"fast","control_informative",0.05,4,0.01,"","mirage_joint","trait1","bfdr_power",0.01,0.12
20260821,9,500,15,3000,3000,3000,3000,"fast","control_informative",0.05,4,0.01,"","mirage_joint","trait1","bfdr_discoveries",0.01,3
20260821,9,500,15,3000,3000,3000,3000,"fast","control_informative",0.05,4,0.01,"","mirage_joint","trait1","bfdr_observed_fdp",0.05,0
20260821,9,500,15,3000,3000,3000,3000,"fast","control_informative",0.05,4,0.01,"","mirage_joint","trait1","bfdr_estimate",0.05,0.015163269602739
20260821,9,500,15,3000,3000,3000,3000,"fast","control_informative",0.05,4,0.01,"","mirage_joint","trait1","bfdr_power",0.05,0.2
20260821,9,500,15,3000,3000,3000,3000,"fast","control_informative",0.05,4,0.01,"","mirage_joint","trait1","bfdr_discoveries",0.05,5
20260821,9,500,15,3000,3000,3000,3000,"fast","control_informative",0.05,4,0.01,"","mirage_joint","trait1","bfdr_observed_fdp",0.1,0
20260821,9,500,15,3000,3000,3000,3000,"fast","control_informative",0.05,4,0.01,"","mirage_joint","trait1","bfdr_estimate",0.1,0.0623402306803233
20260821,9,500,15,3000,3000,3000,3000,"fast","control_informative",0.05,4,0.01,"","mirage_joint","trait1","bfdr_power",0.1,0.24
20260821,9,500,15,3000,3000,3000,3000,"fast","control_informative",0.05,4,0.01,"","mirage_joint","trait1","bfdr_discoveries",0.1,6
20260821,9,500,15,3000,3000,3000,3000,"fast","control_informative",0.05,4,0.01,"","mirage_joint","trait1","bfdr_observed_fdp",0.2,0.222222222222222
20260821,9,500,15,3000,3000,3000,3000,"fast","control_informative",0.05,4,0.01,"","mirage_joint","trait1","bfdr_estimate",0.2,0.19045505731028
20260821,9,500,15,3000,3000,3000,3000,"fast","control_informative",0.05,4,0.01,"","mirage_joint","trait1","bfdr_power",0.2,0.28
20260821,9,500,15,3000,3000,3000,3000,"fast","control_informative",0.05,4,0.01,"","mirage_joint","trait1","bfdr_discoveries",0.2,9
20260821,9,500,15,3000,3000,3000,3000,"fast","control_informative",0.05,4,0.01,"","mirage_joint","trait2","bfdr_observed_fdp",0.01,0
20260821,9,500,15,3000,3000,3000,3000,"fast","control_informative",0.05,4,0.01,"","mirage_joint","trait2","bfdr_estimate",0.01,0
20260821,9,500,15,3000,3000,3000,3000,"fast","control_informative",0.05,4,0.01,"","mirage_joint","trait2","bfdr_power",0.01,0
20260821,9,500,15,3000,3000,3000,3000,"fast","control_informative",0.05,4,0.01,"","mirage_joint","trait2","bfdr_discoveries",0.01,0
20260821,9,500,15,3000,3000,3000,3000,"fast","control_informative",0.05,4,0.01,"","mirage_joint","trait2","bfdr_observed_fdp",0.05,0
20260821,9,500,15,3000,3000,3000,3000,"fast","control_informative",0.05,4,0.01,"","mirage_joint","trait2","bfdr_estimate",0.05,0
20260821,9,500,15,3000,3000,3000,3000,"fast","control_informative",0.05,4,0.01,"","mirage_joint","trait2","bfdr_power",0.05,0
20260821,9,500,15,3000,3000,3000,3000,"fast","control_informative",0.05,4,0.01,"","mirage_joint","trait2","bfdr_discoveries",0.05,0
20260821,9,500,15,3000,3000,3000,3000,"fast","control_informative",0.05,4,0.01,"","mirage_joint","trait2","bfdr_observed_fdp",0.1,0
20260821,9,500,15,3000,3000,3000,3000,"fast","control_informative",0.05,4,0.01,"","mirage_joint","trait2","bfdr_estimate",0.1,0
20260821,9,500,15,3000,3000,3000,3000,"fast","control_informative",0.05,4,0.01,"","mirage_joint","trait2","bfdr_power",0.1,0
20260821,9,500,15,3000,3000,3000,3000,"fast","control_informative",0.05,4,0.01,"","mirage_joint","trait2","bfdr_discoveries",0.1,0
20260821,9,500,15,3000,3000,3000,3000,"fast","control_informative",0.05,4,0.01,"","mirage_joint","trait2","bfdr_observed_fdp",0.2,0
20260821,9,500,15,3000,3000,3000,3000,"fast","control_informative",0.05,4,0.01,"","mirage_joint","trait2","bfdr_estimate",0.2,0
20260821,9,500,15,3000,3000,3000,3000,"fast","control_informative",0.05,4,0.01,"","mirage_joint","trait2","bfdr_power",0.2,0
20260821,9,500,15,3000,3000,3000,3000,"fast","control_informative",0.05,4,0.01,"","mirage_joint","trait2","bfdr_discoveries",0.2,0
20260821,9,500,15,3000,3000,3000,3000,"fast","control_informative",0.05,4,0.01,"","mirage_joint","pleiotropy","bfdr_observed_fdp",0.01,0
20260821,9,500,15,3000,3000,3000,3000,"fast","control_informative",0.05,4,0.01,"","mirage_joint","pleiotropy","bfdr_estimate",0.01,0
20260821,9,500,15,3000,3000,3000,3000,"fast","control_informative",0.05,4,0.01,"","mirage_joint","pleiotropy","bfdr_power",0.01,0
20260821,9,500,15,3000,3000,3000,3000,"fast","control_informative",0.05,4,0.01,"","mirage_joint","pleiotropy","bfdr_discoveries",0.01,0
20260821,9,500,15,3000,3000,3000,3000,"fast","control_informative",0.05,4,0.01,"","mirage_joint","pleiotropy","bfdr_observed_fdp",0.05,0
20260821,9,500,15,3000,3000,3000,3000,"fast","control_informative",0.05,4,0.01,"","mirage_joint","pleiotropy","bfdr_estimate",0.05,0
20260821,9,500,15,3000,3000,3000,3000,"fast","control_informative",0.05,4,0.01,"","mirage_joint","pleiotropy","bfdr_power",0.05,0
20260821,9,500,15,3000,3000,3000,3000,"fast","control_informative",0.05,4,0.01,"","mirage_joint","pleiotropy","bfdr_discoveries",0.05,0
20260821,9,500,15,3000,3000,3000,3000,"fast","control_informative",0.05,4,0.01,"","mirage_joint","pleiotropy","bfdr_observed_fdp",0.1,0
20260821,9,500,15,3000,3000,3000,3000,"fast","control_informative",0.05,4,0.01,"","mirage_joint","pleiotropy","bfdr_estimate",0.1,0
20260821,9,500,15,3000,3000,3000,3000,"fast","control_informative",0.05,4,0.01,"","mirage_joint","pleiotropy","bfdr_power",0.1,0
20260821,9,500,15,3000,3000,3000,3000,"fast","control_informative",0.05,4,0.01,"","mirage_joint","pleiotropy","bfdr_discoveries",0.1,0
20260821,9,500,15,3000,3000,3000,3000,"fast","control_informative",0.05,4,0.01,"","mirage_joint","pleiotropy","bfdr_observed_fdp",0.2,0
20260821,9,500,15,3000,3000,3000,3000,"fast","control_informative",0.05,4,0.01,"","mirage_joint","pleiotropy","bfdr_estimate",0.2,0
20260821,9,500,15,3000,3000,3000,3000,"fast","control_informative",0.05,4,0.01,"","mirage_joint","pleiotropy","bfdr_power",0.2,0
20260821,9,500,15,3000,3000,3000,3000,"fast","control_informative",0.05,4,0.01,"","mirage_joint","pleiotropy","bfdr_discoveries",0.2,0
20260821,9,500,15,3000,3000,3000,3000,"fast","control_informative",0.05,4,0.01,"","mirage_joint","global","runtime_seconds",NA,18.089
20260821,9,500,15,3000,3000,3000,3000,"fast","control_informative",0.05,4,0.01,"","mirage_joint","pleiotropy","pi11_estimate",NA,0.00480946176587739
20260821,9,500,15,3000,3000,3000,3000,"fast","control_informative",0.05,4,0.01,"","separate_mirage","trait1","auc",NA,0.723621052631579
20260821,9,500,15,3000,3000,3000,3000,"fast","control_informative",0.05,4,0.01,"","separate_mirage","trait2","auc",NA,0.69734693877551
20260821,9,500,15,3000,3000,3000,3000,"fast","control_informative",0.05,4,0.01,"","separate_mirage","pleiotropy","auc",NA,0.861818181818182
20260821,9,500,15,3000,3000,3000,3000,"fast","control_informative",0.05,4,0.01,"","separate_mirage","trait1","pp08_power",0.8,0.2
20260821,9,500,15,3000,3000,3000,3000,"fast","control_informative",0.05,4,0.01,"","separate_mirage","trait1","pp08_fdp",0.8,0
20260821,9,500,15,3000,3000,3000,3000,"fast","control_informative",0.05,4,0.01,"","separate_mirage","trait1","pp08_discoveries",0.8,5
20260821,9,500,15,3000,3000,3000,3000,"fast","control_informative",0.05,4,0.01,"","separate_mirage","trait2","pp08_power",0.8,0
20260821,9,500,15,3000,3000,3000,3000,"fast","control_informative",0.05,4,0.01,"","separate_mirage","trait2","pp08_fdp",0.8,0
20260821,9,500,15,3000,3000,3000,3000,"fast","control_informative",0.05,4,0.01,"","separate_mirage","trait2","pp08_discoveries",0.8,0
20260821,9,500,15,3000,3000,3000,3000,"fast","control_informative",0.05,4,0.01,"","separate_mirage","pleiotropy","pp08_power",0.8,0
20260821,9,500,15,3000,3000,3000,3000,"fast","control_informative",0.05,4,0.01,"","separate_mirage","pleiotropy","pp08_fdp",0.8,0
20260821,9,500,15,3000,3000,3000,3000,"fast","control_informative",0.05,4,0.01,"","separate_mirage","pleiotropy","pp08_discoveries",0.8,0
20260821,9,500,15,3000,3000,3000,3000,"fast","control_informative",0.05,4,0.01,"","separate_mirage","trait1","bfdr_observed_fdp",0.01,0
20260821,9,500,15,3000,3000,3000,3000,"fast","control_informative",0.05,4,0.01,"","separate_mirage","trait1","bfdr_estimate",0.01,0.00766554936351353
20260821,9,500,15,3000,3000,3000,3000,"fast","control_informative",0.05,4,0.01,"","separate_mirage","trait1","bfdr_power",0.01,0.12
20260821,9,500,15,3000,3000,3000,3000,"fast","control_informative",0.05,4,0.01,"","separate_mirage","trait1","bfdr_discoveries",0.01,3
20260821,9,500,15,3000,3000,3000,3000,"fast","control_informative",0.05,4,0.01,"","separate_mirage","trait1","bfdr_observed_fdp",0.05,0
20260821,9,500,15,3000,3000,3000,3000,"fast","control_informative",0.05,4,0.01,"","separate_mirage","trait1","bfdr_estimate",0.05,0.0233213648600795
20260821,9,500,15,3000,3000,3000,3000,"fast","control_informative",0.05,4,0.01,"","separate_mirage","trait1","bfdr_power",0.05,0.2
20260821,9,500,15,3000,3000,3000,3000,"fast","control_informative",0.05,4,0.01,"","separate_mirage","trait1","bfdr_discoveries",0.05,5
20260821,9,500,15,3000,3000,3000,3000,"fast","control_informative",0.05,4,0.01,"","separate_mirage","trait1","bfdr_observed_fdp",0.1,0.166666666666667
20260821,9,500,15,3000,3000,3000,3000,"fast","control_informative",0.05,4,0.01,"","separate_mirage","trait1","bfdr_estimate",0.1,0.0783705402721389
20260821,9,500,15,3000,3000,3000,3000,"fast","control_informative",0.05,4,0.01,"","separate_mirage","trait1","bfdr_power",0.1,0.2
20260821,9,500,15,3000,3000,3000,3000,"fast","control_informative",0.05,4,0.01,"","separate_mirage","trait1","bfdr_discoveries",0.1,6
20260821,9,500,15,3000,3000,3000,3000,"fast","control_informative",0.05,4,0.01,"","separate_mirage","trait1","bfdr_observed_fdp",0.2,0.375
20260821,9,500,15,3000,3000,3000,3000,"fast","control_informative",0.05,4,0.01,"","separate_mirage","trait1","bfdr_estimate",0.2,0.196058992488799
20260821,9,500,15,3000,3000,3000,3000,"fast","control_informative",0.05,4,0.01,"","separate_mirage","trait1","bfdr_power",0.2,0.2
20260821,9,500,15,3000,3000,3000,3000,"fast","control_informative",0.05,4,0.01,"","separate_mirage","trait1","bfdr_discoveries",0.2,8
20260821,9,500,15,3000,3000,3000,3000,"fast","control_informative",0.05,4,0.01,"","separate_mirage","trait2","bfdr_observed_fdp",0.01,0
20260821,9,500,15,3000,3000,3000,3000,"fast","control_informative",0.05,4,0.01,"","separate_mirage","trait2","bfdr_estimate",0.01,0
20260821,9,500,15,3000,3000,3000,3000,"fast","control_informative",0.05,4,0.01,"","separate_mirage","trait2","bfdr_power",0.01,0
20260821,9,500,15,3000,3000,3000,3000,"fast","control_informative",0.05,4,0.01,"","separate_mirage","trait2","bfdr_discoveries",0.01,0
20260821,9,500,15,3000,3000,3000,3000,"fast","control_informative",0.05,4,0.01,"","separate_mirage","trait2","bfdr_observed_fdp",0.05,0
20260821,9,500,15,3000,3000,3000,3000,"fast","control_informative",0.05,4,0.01,"","separate_mirage","trait2","bfdr_estimate",0.05,0
20260821,9,500,15,3000,3000,3000,3000,"fast","control_informative",0.05,4,0.01,"","separate_mirage","trait2","bfdr_power",0.05,0
20260821,9,500,15,3000,3000,3000,3000,"fast","control_informative",0.05,4,0.01,"","separate_mirage","trait2","bfdr_discoveries",0.05,0
20260821,9,500,15,3000,3000,3000,3000,"fast","control_informative",0.05,4,0.01,"","separate_mirage","trait2","bfdr_observed_fdp",0.1,0
20260821,9,500,15,3000,3000,3000,3000,"fast","control_informative",0.05,4,0.01,"","separate_mirage","trait2","bfdr_estimate",0.1,0
20260821,9,500,15,3000,3000,3000,3000,"fast","control_informative",0.05,4,0.01,"","separate_mirage","trait2","bfdr_power",0.1,0
20260821,9,500,15,3000,3000,3000,3000,"fast","control_informative",0.05,4,0.01,"","separate_mirage","trait2","bfdr_discoveries",0.1,0
20260821,9,500,15,3000,3000,3000,3000,"fast","control_informative",0.05,4,0.01,"","separate_mirage","trait2","bfdr_observed_fdp",0.2,0
20260821,9,500,15,3000,3000,3000,3000,"fast","control_informative",0.05,4,0.01,"","separate_mirage","trait2","bfdr_estimate",0.2,0
20260821,9,500,15,3000,3000,3000,3000,"fast","control_informative",0.05,4,0.01,"","separate_mirage","trait2","bfdr_power",0.2,0
20260821,9,500,15,3000,3000,3000,3000,"fast","control_informative",0.05,4,0.01,"","separate_mirage","trait2","bfdr_discoveries",0.2,0
20260821,9,500,15,3000,3000,3000,3000,"fast","control_informative",0.05,4,0.01,"","separate_mirage","pleiotropy","bfdr_observed_fdp",0.01,0
20260821,9,500,15,3000,3000,3000,3000,"fast","control_informative",0.05,4,0.01,"","separate_mirage","pleiotropy","bfdr_estimate",0.01,0
20260821,9,500,15,3000,3000,3000,3000,"fast","control_informative",0.05,4,0.01,"","separate_mirage","pleiotropy","bfdr_power",0.01,0
20260821,9,500,15,3000,3000,3000,3000,"fast","control_informative",0.05,4,0.01,"","separate_mirage","pleiotropy","bfdr_discoveries",0.01,0
20260821,9,500,15,3000,3000,3000,3000,"fast","control_informative",0.05,4,0.01,"","separate_mirage","pleiotropy","bfdr_observed_fdp",0.05,0
20260821,9,500,15,3000,3000,3000,3000,"fast","control_informative",0.05,4,0.01,"","separate_mirage","pleiotropy","bfdr_estimate",0.05,0
20260821,9,500,15,3000,3000,3000,3000,"fast","control_informative",0.05,4,0.01,"","separate_mirage","pleiotropy","bfdr_power",0.05,0
20260821,9,500,15,3000,3000,3000,3000,"fast","control_informative",0.05,4,0.01,"","separate_mirage","pleiotropy","bfdr_discoveries",0.05,0
20260821,9,500,15,3000,3000,3000,3000,"fast","control_informative",0.05,4,0.01,"","separate_mirage","pleiotropy","bfdr_observed_fdp",0.1,0
20260821,9,500,15,3000,3000,3000,3000,"fast","control_informative",0.05,4,0.01,"","separate_mirage","pleiotropy","bfdr_estimate",0.1,0
20260821,9,500,15,3000,3000,3000,3000,"fast","control_informative",0.05,4,0.01,"","separate_mirage","pleiotropy","bfdr_power",0.1,0
20260821,9,500,15,3000,3000,3000,3000,"fast","control_informative",0.05,4,0.01,"","separate_mirage","pleiotropy","bfdr_discoveries",0.1,0
20260821,9,500,15,3000,3000,3000,3000,"fast","control_informative",0.05,4,0.01,"","separate_mirage","pleiotropy","bfdr_observed_fdp",0.2,0
20260821,9,500,15,3000,3000,3000,3000,"fast","control_informative",0.05,4,0.01,"","separate_mirage","pleiotropy","bfdr_estimate",0.2,0
20260821,9,500,15,3000,3000,3000,3000,"fast","control_informative",0.05,4,0.01,"","separate_mirage","pleiotropy","bfdr_power",0.2,0
20260821,9,500,15,3000,3000,3000,3000,"fast","control_informative",0.05,4,0.01,"","separate_mirage","pleiotropy","bfdr_discoveries",0.2,0
20260821,9,500,15,3000,3000,3000,3000,"fast","control_informative",0.05,4,0.01,"","separate_mirage","global","runtime_seconds",NA,18.084
20260821,9,500,15,3000,3000,3000,3000,"fast","control_informative",0.05,4,0.01,"","separate_mirage","pleiotropy","pi11_estimate",NA,0.001
20260821,9,500,15,3000,3000,3000,3000,"fast","control_informative",0.05,4,0.01,"","mtada_aggregated","trait1","auc",NA,0.763536842105263
20260821,9,500,15,3000,3000,3000,3000,"fast","control_informative",0.05,4,0.01,"","mtada_aggregated","trait2","auc",NA,0.681632653061224
20260821,9,500,15,3000,3000,3000,3000,"fast","control_informative",0.05,4,0.01,"","mtada_aggregated","pleiotropy","auc",NA,0.776565656565657
20260821,9,500,15,3000,3000,3000,3000,"fast","control_informative",0.05,4,0.01,"","mtada_aggregated","trait1","pp08_power",0.8,0.24
20260821,9,500,15,3000,3000,3000,3000,"fast","control_informative",0.05,4,0.01,"","mtada_aggregated","trait1","pp08_fdp",0.8,0.777777777777778
20260821,9,500,15,3000,3000,3000,3000,"fast","control_informative",0.05,4,0.01,"","mtada_aggregated","trait1","pp08_discoveries",0.8,27
20260821,9,500,15,3000,3000,3000,3000,"fast","control_informative",0.05,4,0.01,"","mtada_aggregated","trait2","pp08_power",0.8,0.2
20260821,9,500,15,3000,3000,3000,3000,"fast","control_informative",0.05,4,0.01,"","mtada_aggregated","trait2","pp08_fdp",0.8,0.875
20260821,9,500,15,3000,3000,3000,3000,"fast","control_informative",0.05,4,0.01,"","mtada_aggregated","trait2","pp08_discoveries",0.8,16
20260821,9,500,15,3000,3000,3000,3000,"fast","control_informative",0.05,4,0.01,"","mtada_aggregated","pleiotropy","pp08_power",0.8,0
20260821,9,500,15,3000,3000,3000,3000,"fast","control_informative",0.05,4,0.01,"","mtada_aggregated","pleiotropy","pp08_fdp",0.8,0
20260821,9,500,15,3000,3000,3000,3000,"fast","control_informative",0.05,4,0.01,"","mtada_aggregated","pleiotropy","pp08_discoveries",0.8,0
20260821,9,500,15,3000,3000,3000,3000,"fast","control_informative",0.05,4,0.01,"","mtada_aggregated","trait1","bfdr_observed_fdp",0.01,0.782608695652174
20260821,9,500,15,3000,3000,3000,3000,"fast","control_informative",0.05,4,0.01,"","mtada_aggregated","trait1","bfdr_estimate",0.01,0.00838023497581439
20260821,9,500,15,3000,3000,3000,3000,"fast","control_informative",0.05,4,0.01,"","mtada_aggregated","trait1","bfdr_power",0.01,0.2
20260821,9,500,15,3000,3000,3000,3000,"fast","control_informative",0.05,4,0.01,"","mtada_aggregated","trait1","bfdr_discoveries",0.01,23
20260821,9,500,15,3000,3000,3000,3000,"fast","control_informative",0.05,4,0.01,"","mtada_aggregated","trait1","bfdr_observed_fdp",0.05,0.806451612903226
20260821,9,500,15,3000,3000,3000,3000,"fast","control_informative",0.05,4,0.01,"","mtada_aggregated","trait1","bfdr_estimate",0.05,0.0496633441288865
20260821,9,500,15,3000,3000,3000,3000,"fast","control_informative",0.05,4,0.01,"","mtada_aggregated","trait1","bfdr_power",0.05,0.24
20260821,9,500,15,3000,3000,3000,3000,"fast","control_informative",0.05,4,0.01,"","mtada_aggregated","trait1","bfdr_discoveries",0.05,31
20260821,9,500,15,3000,3000,3000,3000,"fast","control_informative",0.05,4,0.01,"","mtada_aggregated","trait1","bfdr_observed_fdp",0.1,0.810810810810811
20260821,9,500,15,3000,3000,3000,3000,"fast","control_informative",0.05,4,0.01,"","mtada_aggregated","trait1","bfdr_estimate",0.1,0.0998956791066812
20260821,9,500,15,3000,3000,3000,3000,"fast","control_informative",0.05,4,0.01,"","mtada_aggregated","trait1","bfdr_power",0.1,0.28
20260821,9,500,15,3000,3000,3000,3000,"fast","control_informative",0.05,4,0.01,"","mtada_aggregated","trait1","bfdr_discoveries",0.1,37
20260821,9,500,15,3000,3000,3000,3000,"fast","control_informative",0.05,4,0.01,"","mtada_aggregated","trait1","bfdr_observed_fdp",0.2,0.826086956521739
20260821,9,500,15,3000,3000,3000,3000,"fast","control_informative",0.05,4,0.01,"","mtada_aggregated","trait1","bfdr_estimate",0.2,0.19576568576749
20260821,9,500,15,3000,3000,3000,3000,"fast","control_informative",0.05,4,0.01,"","mtada_aggregated","trait1","bfdr_power",0.2,0.32
20260821,9,500,15,3000,3000,3000,3000,"fast","control_informative",0.05,4,0.01,"","mtada_aggregated","trait1","bfdr_discoveries",0.2,46
20260821,9,500,15,3000,3000,3000,3000,"fast","control_informative",0.05,4,0.01,"","mtada_aggregated","trait2","bfdr_observed_fdp",0.01,0.846153846153846
20260821,9,500,15,3000,3000,3000,3000,"fast","control_informative",0.05,4,0.01,"","mtada_aggregated","trait2","bfdr_estimate",0.01,0.00768713134088397
20260821,9,500,15,3000,3000,3000,3000,"fast","control_informative",0.05,4,0.01,"","mtada_aggregated","trait2","bfdr_power",0.01,0.2
20260821,9,500,15,3000,3000,3000,3000,"fast","control_informative",0.05,4,0.01,"","mtada_aggregated","trait2","bfdr_discoveries",0.01,13
20260821,9,500,15,3000,3000,3000,3000,"fast","control_informative",0.05,4,0.01,"","mtada_aggregated","trait2","bfdr_observed_fdp",0.05,0.88235294117647
20260821,9,500,15,3000,3000,3000,3000,"fast","control_informative",0.05,4,0.01,"","mtada_aggregated","trait2","bfdr_estimate",0.05,0.0398367582545617
20260821,9,500,15,3000,3000,3000,3000,"fast","control_informative",0.05,4,0.01,"","mtada_aggregated","trait2","bfdr_power",0.05,0.2
20260821,9,500,15,3000,3000,3000,3000,"fast","control_informative",0.05,4,0.01,"","mtada_aggregated","trait2","bfdr_discoveries",0.05,17
20260821,9,500,15,3000,3000,3000,3000,"fast","control_informative",0.05,4,0.01,"","mtada_aggregated","trait2","bfdr_observed_fdp",0.1,0.9
20260821,9,500,15,3000,3000,3000,3000,"fast","control_informative",0.05,4,0.01,"","mtada_aggregated","trait2","bfdr_estimate",0.1,0.0944774654917058
20260821,9,500,15,3000,3000,3000,3000,"fast","control_informative",0.05,4,0.01,"","mtada_aggregated","trait2","bfdr_power",0.1,0.2
20260821,9,500,15,3000,3000,3000,3000,"fast","control_informative",0.05,4,0.01,"","mtada_aggregated","trait2","bfdr_discoveries",0.1,20
20260821,9,500,15,3000,3000,3000,3000,"fast","control_informative",0.05,4,0.01,"","mtada_aggregated","trait2","bfdr_observed_fdp",0.2,0.91304347826087
20260821,9,500,15,3000,3000,3000,3000,"fast","control_informative",0.05,4,0.01,"","mtada_aggregated","trait2","bfdr_estimate",0.2,0.173714568601868
20260821,9,500,15,3000,3000,3000,3000,"fast","control_informative",0.05,4,0.01,"","mtada_aggregated","trait2","bfdr_power",0.2,0.2
20260821,9,500,15,3000,3000,3000,3000,"fast","control_informative",0.05,4,0.01,"","mtada_aggregated","trait2","bfdr_discoveries",0.2,23
20260821,9,500,15,3000,3000,3000,3000,"fast","control_informative",0.05,4,0.01,"","mtada_aggregated","pleiotropy","bfdr_observed_fdp",0.01,0
20260821,9,500,15,3000,3000,3000,3000,"fast","control_informative",0.05,4,0.01,"","mtada_aggregated","pleiotropy","bfdr_estimate",0.01,0
20260821,9,500,15,3000,3000,3000,3000,"fast","control_informative",0.05,4,0.01,"","mtada_aggregated","pleiotropy","bfdr_power",0.01,0
20260821,9,500,15,3000,3000,3000,3000,"fast","control_informative",0.05,4,0.01,"","mtada_aggregated","pleiotropy","bfdr_discoveries",0.01,0
20260821,9,500,15,3000,3000,3000,3000,"fast","control_informative",0.05,4,0.01,"","mtada_aggregated","pleiotropy","bfdr_observed_fdp",0.05,0
20260821,9,500,15,3000,3000,3000,3000,"fast","control_informative",0.05,4,0.01,"","mtada_aggregated","pleiotropy","bfdr_estimate",0.05,0
20260821,9,500,15,3000,3000,3000,3000,"fast","control_informative",0.05,4,0.01,"","mtada_aggregated","pleiotropy","bfdr_power",0.05,0
20260821,9,500,15,3000,3000,3000,3000,"fast","control_informative",0.05,4,0.01,"","mtada_aggregated","pleiotropy","bfdr_discoveries",0.05,0
20260821,9,500,15,3000,3000,3000,3000,"fast","control_informative",0.05,4,0.01,"","mtada_aggregated","pleiotropy","bfdr_observed_fdp",0.1,0
20260821,9,500,15,3000,3000,3000,3000,"fast","control_informative",0.05,4,0.01,"","mtada_aggregated","pleiotropy","bfdr_estimate",0.1,0
20260821,9,500,15,3000,3000,3000,3000,"fast","control_informative",0.05,4,0.01,"","mtada_aggregated","pleiotropy","bfdr_power",0.1,0
20260821,9,500,15,3000,3000,3000,3000,"fast","control_informative",0.05,4,0.01,"","mtada_aggregated","pleiotropy","bfdr_discoveries",0.1,0
20260821,9,500,15,3000,3000,3000,3000,"fast","control_informative",0.05,4,0.01,"","mtada_aggregated","pleiotropy","bfdr_observed_fdp",0.2,0
20260821,9,500,15,3000,3000,3000,3000,"fast","control_informative",0.05,4,0.01,"","mtada_aggregated","pleiotropy","bfdr_estimate",0.2,0
20260821,9,500,15,3000,3000,3000,3000,"fast","control_informative",0.05,4,0.01,"","mtada_aggregated","pleiotropy","bfdr_power",0.2,0
20260821,9,500,15,3000,3000,3000,3000,"fast","control_informative",0.05,4,0.01,"","mtada_aggregated","pleiotropy","bfdr_discoveries",0.2,0
20260821,9,500,15,3000,3000,3000,3000,"fast","control_informative",0.05,4,0.01,"","mtada_aggregated","global","runtime_seconds",NA,0.73599999999999
20260821,9,500,15,3000,3000,3000,3000,"fast","control_informative",0.05,4,0.01,"","mtada_aggregated","pleiotropy","pi11_estimate",NA,0.00124429
20260822,10,500,15,3000,3000,3000,3000,"fast","control_informative",0.05,4,0.01,"","mirage_joint","trait1","auc",NA,0.66618947368421
20260822,10,500,15,3000,3000,3000,3000,"fast","control_informative",0.05,4,0.01,"","mirage_joint","trait2","auc",NA,0.606530612244898
20260822,10,500,15,3000,3000,3000,3000,"fast","control_informative",0.05,4,0.01,"","mirage_joint","pleiotropy","auc",NA,0.847676767676768
20260822,10,500,15,3000,3000,3000,3000,"fast","control_informative",0.05,4,0.01,"","mirage_joint","trait1","pp08_power",0.8,0.2
20260822,10,500,15,3000,3000,3000,3000,"fast","control_informative",0.05,4,0.01,"","mirage_joint","trait1","pp08_fdp",0.8,0.285714285714286
20260822,10,500,15,3000,3000,3000,3000,"fast","control_informative",0.05,4,0.01,"","mirage_joint","trait1","pp08_discoveries",0.8,7
20260822,10,500,15,3000,3000,3000,3000,"fast","control_informative",0.05,4,0.01,"","mirage_joint","trait2","pp08_power",0.8,0.3
20260822,10,500,15,3000,3000,3000,3000,"fast","control_informative",0.05,4,0.01,"","mirage_joint","trait2","pp08_fdp",0.8,0.4
20260822,10,500,15,3000,3000,3000,3000,"fast","control_informative",0.05,4,0.01,"","mirage_joint","trait2","pp08_discoveries",0.8,5
20260822,10,500,15,3000,3000,3000,3000,"fast","control_informative",0.05,4,0.01,"","mirage_joint","pleiotropy","pp08_power",0.8,0.6
20260822,10,500,15,3000,3000,3000,3000,"fast","control_informative",0.05,4,0.01,"","mirage_joint","pleiotropy","pp08_fdp",0.8,0.4
20260822,10,500,15,3000,3000,3000,3000,"fast","control_informative",0.05,4,0.01,"","mirage_joint","pleiotropy","pp08_discoveries",0.8,5
20260822,10,500,15,3000,3000,3000,3000,"fast","control_informative",0.05,4,0.01,"","mirage_joint","trait1","bfdr_observed_fdp",0.01,0.333333333333333
20260822,10,500,15,3000,3000,3000,3000,"fast","control_informative",0.05,4,0.01,"","mirage_joint","trait1","bfdr_estimate",0.01,0.00486523021685126
20260822,10,500,15,3000,3000,3000,3000,"fast","control_informative",0.05,4,0.01,"","mirage_joint","trait1","bfdr_power",0.01,0.08
20260822,10,500,15,3000,3000,3000,3000,"fast","control_informative",0.05,4,0.01,"","mirage_joint","trait1","bfdr_discoveries",0.01,3
20260822,10,500,15,3000,3000,3000,3000,"fast","control_informative",0.05,4,0.01,"","mirage_joint","trait1","bfdr_observed_fdp",0.05,0.2
20260822,10,500,15,3000,3000,3000,3000,"fast","control_informative",0.05,4,0.01,"","mirage_joint","trait1","bfdr_estimate",0.05,0.0411937765533376
20260822,10,500,15,3000,3000,3000,3000,"fast","control_informative",0.05,4,0.01,"","mirage_joint","trait1","bfdr_power",0.05,0.16
20260822,10,500,15,3000,3000,3000,3000,"fast","control_informative",0.05,4,0.01,"","mirage_joint","trait1","bfdr_discoveries",0.05,5
20260822,10,500,15,3000,3000,3000,3000,"fast","control_informative",0.05,4,0.01,"","mirage_joint","trait1","bfdr_observed_fdp",0.1,0.285714285714286
20260822,10,500,15,3000,3000,3000,3000,"fast","control_informative",0.05,4,0.01,"","mirage_joint","trait1","bfdr_estimate",0.1,0.0758325049877868
20260822,10,500,15,3000,3000,3000,3000,"fast","control_informative",0.05,4,0.01,"","mirage_joint","trait1","bfdr_power",0.1,0.2
20260822,10,500,15,3000,3000,3000,3000,"fast","control_informative",0.05,4,0.01,"","mirage_joint","trait1","bfdr_discoveries",0.1,7
20260822,10,500,15,3000,3000,3000,3000,"fast","control_informative",0.05,4,0.01,"","mirage_joint","trait1","bfdr_observed_fdp",0.2,0.363636363636364
20260822,10,500,15,3000,3000,3000,3000,"fast","control_informative",0.05,4,0.01,"","mirage_joint","trait1","bfdr_estimate",0.2,0.19377564297228
20260822,10,500,15,3000,3000,3000,3000,"fast","control_informative",0.05,4,0.01,"","mirage_joint","trait1","bfdr_power",0.2,0.28
20260822,10,500,15,3000,3000,3000,3000,"fast","control_informative",0.05,4,0.01,"","mirage_joint","trait1","bfdr_discoveries",0.2,11
20260822,10,500,15,3000,3000,3000,3000,"fast","control_informative",0.05,4,0.01,"","mirage_joint","trait2","bfdr_observed_fdp",0.01,0.5
20260822,10,500,15,3000,3000,3000,3000,"fast","control_informative",0.05,4,0.01,"","mirage_joint","trait2","bfdr_estimate",0.01,0.00511311759331001
20260822,10,500,15,3000,3000,3000,3000,"fast","control_informative",0.05,4,0.01,"","mirage_joint","trait2","bfdr_power",0.01,0.1
20260822,10,500,15,3000,3000,3000,3000,"fast","control_informative",0.05,4,0.01,"","mirage_joint","trait2","bfdr_discoveries",0.01,2
20260822,10,500,15,3000,3000,3000,3000,"fast","control_informative",0.05,4,0.01,"","mirage_joint","trait2","bfdr_observed_fdp",0.05,0.25
20260822,10,500,15,3000,3000,3000,3000,"fast","control_informative",0.05,4,0.01,"","mirage_joint","trait2","bfdr_estimate",0.05,0.0492342395901278
20260822,10,500,15,3000,3000,3000,3000,"fast","control_informative",0.05,4,0.01,"","mirage_joint","trait2","bfdr_power",0.05,0.3
20260822,10,500,15,3000,3000,3000,3000,"fast","control_informative",0.05,4,0.01,"","mirage_joint","trait2","bfdr_discoveries",0.05,4
20260822,10,500,15,3000,3000,3000,3000,"fast","control_informative",0.05,4,0.01,"","mirage_joint","trait2","bfdr_observed_fdp",0.1,0.5
20260822,10,500,15,3000,3000,3000,3000,"fast","control_informative",0.05,4,0.01,"","mirage_joint","trait2","bfdr_estimate",0.1,0.0974980261452036
20260822,10,500,15,3000,3000,3000,3000,"fast","control_informative",0.05,4,0.01,"","mirage_joint","trait2","bfdr_power",0.1,0.3
20260822,10,500,15,3000,3000,3000,3000,"fast","control_informative",0.05,4,0.01,"","mirage_joint","trait2","bfdr_discoveries",0.1,6
20260822,10,500,15,3000,3000,3000,3000,"fast","control_informative",0.05,4,0.01,"","mirage_joint","trait2","bfdr_observed_fdp",0.2,0.7
20260822,10,500,15,3000,3000,3000,3000,"fast","control_informative",0.05,4,0.01,"","mirage_joint","trait2","bfdr_estimate",0.2,0.198468429104823
20260822,10,500,15,3000,3000,3000,3000,"fast","control_informative",0.05,4,0.01,"","mirage_joint","trait2","bfdr_power",0.2,0.3
20260822,10,500,15,3000,3000,3000,3000,"fast","control_informative",0.05,4,0.01,"","mirage_joint","trait2","bfdr_discoveries",0.2,10
20260822,10,500,15,3000,3000,3000,3000,"fast","control_informative",0.05,4,0.01,"","mirage_joint","pleiotropy","bfdr_observed_fdp",0.01,0.5
20260822,10,500,15,3000,3000,3000,3000,"fast","control_informative",0.05,4,0.01,"","mirage_joint","pleiotropy","bfdr_estimate",0.01,0.00612794635307595
20260822,10,500,15,3000,3000,3000,3000,"fast","control_informative",0.05,4,0.01,"","mirage_joint","pleiotropy","bfdr_power",0.01,0.2
20260822,10,500,15,3000,3000,3000,3000,"fast","control_informative",0.05,4,0.01,"","mirage_joint","pleiotropy","bfdr_discoveries",0.01,2
20260822,10,500,15,3000,3000,3000,3000,"fast","control_informative",0.05,4,0.01,"","mirage_joint","pleiotropy","bfdr_observed_fdp",0.05,0.333333333333333
20260822,10,500,15,3000,3000,3000,3000,"fast","control_informative",0.05,4,0.01,"","mirage_joint","pleiotropy","bfdr_estimate",0.05,0.0345605712007088
20260822,10,500,15,3000,3000,3000,3000,"fast","control_informative",0.05,4,0.01,"","mirage_joint","pleiotropy","bfdr_power",0.05,0.4
20260822,10,500,15,3000,3000,3000,3000,"fast","control_informative",0.05,4,0.01,"","mirage_joint","pleiotropy","bfdr_discoveries",0.05,3
20260822,10,500,15,3000,3000,3000,3000,"fast","control_informative",0.05,4,0.01,"","mirage_joint","pleiotropy","bfdr_observed_fdp",0.1,0.4
20260822,10,500,15,3000,3000,3000,3000,"fast","control_informative",0.05,4,0.01,"","mirage_joint","pleiotropy","bfdr_estimate",0.1,0.0689016534415461
20260822,10,500,15,3000,3000,3000,3000,"fast","control_informative",0.05,4,0.01,"","mirage_joint","pleiotropy","bfdr_power",0.1,0.6
20260822,10,500,15,3000,3000,3000,3000,"fast","control_informative",0.05,4,0.01,"","mirage_joint","pleiotropy","bfdr_discoveries",0.1,5
20260822,10,500,15,3000,3000,3000,3000,"fast","control_informative",0.05,4,0.01,"","mirage_joint","pleiotropy","bfdr_observed_fdp",0.2,0.666666666666667
20260822,10,500,15,3000,3000,3000,3000,"fast","control_informative",0.05,4,0.01,"","mirage_joint","pleiotropy","bfdr_estimate",0.2,0.180470590865382
20260822,10,500,15,3000,3000,3000,3000,"fast","control_informative",0.05,4,0.01,"","mirage_joint","pleiotropy","bfdr_power",0.2,0.6
20260822,10,500,15,3000,3000,3000,3000,"fast","control_informative",0.05,4,0.01,"","mirage_joint","pleiotropy","bfdr_discoveries",0.2,9
20260822,10,500,15,3000,3000,3000,3000,"fast","control_informative",0.05,4,0.01,"","mirage_joint","global","runtime_seconds",NA,18.061
20260822,10,500,15,3000,3000,3000,3000,"fast","control_informative",0.05,4,0.01,"","mirage_joint","pleiotropy","pi11_estimate",NA,0.0728883634356688
20260822,10,500,15,3000,3000,3000,3000,"fast","control_informative",0.05,4,0.01,"","separate_mirage","trait1","auc",NA,0.67941052631579
20260822,10,500,15,3000,3000,3000,3000,"fast","control_informative",0.05,4,0.01,"","separate_mirage","trait2","auc",NA,0.639183673469388
20260822,10,500,15,3000,3000,3000,3000,"fast","control_informative",0.05,4,0.01,"","separate_mirage","pleiotropy","auc",NA,0.821818181818182
20260822,10,500,15,3000,3000,3000,3000,"fast","control_informative",0.05,4,0.01,"","separate_mirage","trait1","pp08_power",0.8,0.04
20260822,10,500,15,3000,3000,3000,3000,"fast","control_informative",0.05,4,0.01,"","separate_mirage","trait1","pp08_fdp",0.8,0
20260822,10,500,15,3000,3000,3000,3000,"fast","control_informative",0.05,4,0.01,"","separate_mirage","trait1","pp08_discoveries",0.8,1
20260822,10,500,15,3000,3000,3000,3000,"fast","control_informative",0.05,4,0.01,"","separate_mirage","trait2","pp08_power",0.8,0.1
20260822,10,500,15,3000,3000,3000,3000,"fast","control_informative",0.05,4,0.01,"","separate_mirage","trait2","pp08_fdp",0.8,0.5
20260822,10,500,15,3000,3000,3000,3000,"fast","control_informative",0.05,4,0.01,"","separate_mirage","trait2","pp08_discoveries",0.8,2
20260822,10,500,15,3000,3000,3000,3000,"fast","control_informative",0.05,4,0.01,"","separate_mirage","pleiotropy","pp08_power",0.8,0
20260822,10,500,15,3000,3000,3000,3000,"fast","control_informative",0.05,4,0.01,"","separate_mirage","pleiotropy","pp08_fdp",0.8,0
20260822,10,500,15,3000,3000,3000,3000,"fast","control_informative",0.05,4,0.01,"","separate_mirage","pleiotropy","pp08_discoveries",0.8,0
20260822,10,500,15,3000,3000,3000,3000,"fast","control_informative",0.05,4,0.01,"","separate_mirage","trait1","bfdr_observed_fdp",0.01,0
20260822,10,500,15,3000,3000,3000,3000,"fast","control_informative",0.05,4,0.01,"","separate_mirage","trait1","bfdr_estimate",0.01,0.0016751146882823
20260822,10,500,15,3000,3000,3000,3000,"fast","control_informative",0.05,4,0.01,"","separate_mirage","trait1","bfdr_power",0.01,0.04
20260822,10,500,15,3000,3000,3000,3000,"fast","control_informative",0.05,4,0.01,"","separate_mirage","trait1","bfdr_discoveries",0.01,1
20260822,10,500,15,3000,3000,3000,3000,"fast","control_informative",0.05,4,0.01,"","separate_mirage","trait1","bfdr_observed_fdp",0.05,0
20260822,10,500,15,3000,3000,3000,3000,"fast","control_informative",0.05,4,0.01,"","separate_mirage","trait1","bfdr_estimate",0.05,0.0016751146882823
20260822,10,500,15,3000,3000,3000,3000,"fast","control_informative",0.05,4,0.01,"","separate_mirage","trait1","bfdr_power",0.05,0.04
20260822,10,500,15,3000,3000,3000,3000,"fast","control_informative",0.05,4,0.01,"","separate_mirage","trait1","bfdr_discoveries",0.05,1
20260822,10,500,15,3000,3000,3000,3000,"fast","control_informative",0.05,4,0.01,"","separate_mirage","trait1","bfdr_observed_fdp",0.1,0
20260822,10,500,15,3000,3000,3000,3000,"fast","control_informative",0.05,4,0.01,"","separate_mirage","trait1","bfdr_estimate",0.1,0.0016751146882823
20260822,10,500,15,3000,3000,3000,3000,"fast","control_informative",0.05,4,0.01,"","separate_mirage","trait1","bfdr_power",0.1,0.04
20260822,10,500,15,3000,3000,3000,3000,"fast","control_informative",0.05,4,0.01,"","separate_mirage","trait1","bfdr_discoveries",0.1,1
20260822,10,500,15,3000,3000,3000,3000,"fast","control_informative",0.05,4,0.01,"","separate_mirage","trait1","bfdr_observed_fdp",0.2,0
20260822,10,500,15,3000,3000,3000,3000,"fast","control_informative",0.05,4,0.01,"","separate_mirage","trait1","bfdr_estimate",0.2,0.0016751146882823
20260822,10,500,15,3000,3000,3000,3000,"fast","control_informative",0.05,4,0.01,"","separate_mirage","trait1","bfdr_power",0.2,0.04
20260822,10,500,15,3000,3000,3000,3000,"fast","control_informative",0.05,4,0.01,"","separate_mirage","trait1","bfdr_discoveries",0.2,1
20260822,10,500,15,3000,3000,3000,3000,"fast","control_informative",0.05,4,0.01,"","separate_mirage","trait2","bfdr_observed_fdp",0.01,0
20260822,10,500,15,3000,3000,3000,3000,"fast","control_informative",0.05,4,0.01,"","separate_mirage","trait2","bfdr_estimate",0.01,3.89621765961579e-08
20260822,10,500,15,3000,3000,3000,3000,"fast","control_informative",0.05,4,0.01,"","separate_mirage","trait2","bfdr_power",0.01,0.1
20260822,10,500,15,3000,3000,3000,3000,"fast","control_informative",0.05,4,0.01,"","separate_mirage","trait2","bfdr_discoveries",0.01,1
20260822,10,500,15,3000,3000,3000,3000,"fast","control_informative",0.05,4,0.01,"","separate_mirage","trait2","bfdr_observed_fdp",0.05,0.5
20260822,10,500,15,3000,3000,3000,3000,"fast","control_informative",0.05,4,0.01,"","separate_mirage","trait2","bfdr_estimate",0.05,0.0497175941446276
20260822,10,500,15,3000,3000,3000,3000,"fast","control_informative",0.05,4,0.01,"","separate_mirage","trait2","bfdr_power",0.05,0.1
20260822,10,500,15,3000,3000,3000,3000,"fast","control_informative",0.05,4,0.01,"","separate_mirage","trait2","bfdr_discoveries",0.05,2
20260822,10,500,15,3000,3000,3000,3000,"fast","control_informative",0.05,4,0.01,"","separate_mirage","trait2","bfdr_observed_fdp",0.1,0.5
20260822,10,500,15,3000,3000,3000,3000,"fast","control_informative",0.05,4,0.01,"","separate_mirage","trait2","bfdr_estimate",0.1,0.0497175941446276
20260822,10,500,15,3000,3000,3000,3000,"fast","control_informative",0.05,4,0.01,"","separate_mirage","trait2","bfdr_power",0.1,0.1
20260822,10,500,15,3000,3000,3000,3000,"fast","control_informative",0.05,4,0.01,"","separate_mirage","trait2","bfdr_discoveries",0.1,2
20260822,10,500,15,3000,3000,3000,3000,"fast","control_informative",0.05,4,0.01,"","separate_mirage","trait2","bfdr_observed_fdp",0.2,0.5
20260822,10,500,15,3000,3000,3000,3000,"fast","control_informative",0.05,4,0.01,"","separate_mirage","trait2","bfdr_estimate",0.2,0.16048982901433
20260822,10,500,15,3000,3000,3000,3000,"fast","control_informative",0.05,4,0.01,"","separate_mirage","trait2","bfdr_power",0.2,0.2
20260822,10,500,15,3000,3000,3000,3000,"fast","control_informative",0.05,4,0.01,"","separate_mirage","trait2","bfdr_discoveries",0.2,4
20260822,10,500,15,3000,3000,3000,3000,"fast","control_informative",0.05,4,0.01,"","separate_mirage","pleiotropy","bfdr_observed_fdp",0.01,0
20260822,10,500,15,3000,3000,3000,3000,"fast","control_informative",0.05,4,0.01,"","separate_mirage","pleiotropy","bfdr_estimate",0.01,0
20260822,10,500,15,3000,3000,3000,3000,"fast","control_informative",0.05,4,0.01,"","separate_mirage","pleiotropy","bfdr_power",0.01,0
20260822,10,500,15,3000,3000,3000,3000,"fast","control_informative",0.05,4,0.01,"","separate_mirage","pleiotropy","bfdr_discoveries",0.01,0
20260822,10,500,15,3000,3000,3000,3000,"fast","control_informative",0.05,4,0.01,"","separate_mirage","pleiotropy","bfdr_observed_fdp",0.05,0
20260822,10,500,15,3000,3000,3000,3000,"fast","control_informative",0.05,4,0.01,"","separate_mirage","pleiotropy","bfdr_estimate",0.05,0
20260822,10,500,15,3000,3000,3000,3000,"fast","control_informative",0.05,4,0.01,"","separate_mirage","pleiotropy","bfdr_power",0.05,0
20260822,10,500,15,3000,3000,3000,3000,"fast","control_informative",0.05,4,0.01,"","separate_mirage","pleiotropy","bfdr_discoveries",0.05,0
20260822,10,500,15,3000,3000,3000,3000,"fast","control_informative",0.05,4,0.01,"","separate_mirage","pleiotropy","bfdr_observed_fdp",0.1,0
20260822,10,500,15,3000,3000,3000,3000,"fast","control_informative",0.05,4,0.01,"","separate_mirage","pleiotropy","bfdr_estimate",0.1,0
20260822,10,500,15,3000,3000,3000,3000,"fast","control_informative",0.05,4,0.01,"","separate_mirage","pleiotropy","bfdr_power",0.1,0
20260822,10,500,15,3000,3000,3000,3000,"fast","control_informative",0.05,4,0.01,"","separate_mirage","pleiotropy","bfdr_discoveries",0.1,0
20260822,10,500,15,3000,3000,3000,3000,"fast","control_informative",0.05,4,0.01,"","separate_mirage","pleiotropy","bfdr_observed_fdp",0.2,0
20260822,10,500,15,3000,3000,3000,3000,"fast","control_informative",0.05,4,0.01,"","separate_mirage","pleiotropy","bfdr_estimate",0.2,0
20260822,10,500,15,3000,3000,3000,3000,"fast","control_informative",0.05,4,0.01,"","separate_mirage","pleiotropy","bfdr_power",0.2,0
20260822,10,500,15,3000,3000,3000,3000,"fast","control_informative",0.05,4,0.01,"","separate_mirage","pleiotropy","bfdr_discoveries",0.2,0
20260822,10,500,15,3000,3000,3000,3000,"fast","control_informative",0.05,4,0.01,"","separate_mirage","global","runtime_seconds",NA,18.055
20260822,10,500,15,3000,3000,3000,3000,"fast","control_informative",0.05,4,0.01,"","separate_mirage","pleiotropy","pi11_estimate",NA,0.001
20260822,10,500,15,3000,3000,3000,3000,"fast","control_informative",0.05,4,0.01,"","mtada_aggregated","trait1","auc",NA,0.726652631578947
20260822,10,500,15,3000,3000,3000,3000,"fast","control_informative",0.05,4,0.01,"","mtada_aggregated","trait2","auc",NA,0.695102040816327
20260822,10,500,15,3000,3000,3000,3000,"fast","control_informative",0.05,4,0.01,"","mtada_aggregated","pleiotropy","auc",NA,0.78020202020202
20260822,10,500,15,3000,3000,3000,3000,"fast","control_informative",0.05,4,0.01,"","mtada_aggregated","trait1","pp08_power",0.8,0.2
20260822,10,500,15,3000,3000,3000,3000,"fast","control_informative",0.05,4,0.01,"","mtada_aggregated","trait1","pp08_fdp",0.8,0.857142857142857
20260822,10,500,15,3000,3000,3000,3000,"fast","control_informative",0.05,4,0.01,"","mtada_aggregated","trait1","pp08_discoveries",0.8,35
20260822,10,500,15,3000,3000,3000,3000,"fast","control_informative",0.05,4,0.01,"","mtada_aggregated","trait2","pp08_power",0.8,0.4
20260822,10,500,15,3000,3000,3000,3000,"fast","control_informative",0.05,4,0.01,"","mtada_aggregated","trait2","pp08_fdp",0.8,0.789473684210526
20260822,10,500,15,3000,3000,3000,3000,"fast","control_informative",0.05,4,0.01,"","mtada_aggregated","trait2","pp08_discoveries",0.8,19
20260822,10,500,15,3000,3000,3000,3000,"fast","control_informative",0.05,4,0.01,"","mtada_aggregated","pleiotropy","pp08_power",0.8,0.2
20260822,10,500,15,3000,3000,3000,3000,"fast","control_informative",0.05,4,0.01,"","mtada_aggregated","pleiotropy","pp08_fdp",0.8,0.666666666666667
20260822,10,500,15,3000,3000,3000,3000,"fast","control_informative",0.05,4,0.01,"","mtada_aggregated","pleiotropy","pp08_discoveries",0.8,3
20260822,10,500,15,3000,3000,3000,3000,"fast","control_informative",0.05,4,0.01,"","mtada_aggregated","trait1","bfdr_observed_fdp",0.01,0.84375
20260822,10,500,15,3000,3000,3000,3000,"fast","control_informative",0.05,4,0.01,"","mtada_aggregated","trait1","bfdr_estimate",0.01,0.00812363088977748
20260822,10,500,15,3000,3000,3000,3000,"fast","control_informative",0.05,4,0.01,"","mtada_aggregated","trait1","bfdr_power",0.01,0.2
20260822,10,500,15,3000,3000,3000,3000,"fast","control_informative",0.05,4,0.01,"","mtada_aggregated","trait1","bfdr_discoveries",0.01,32
20260822,10,500,15,3000,3000,3000,3000,"fast","control_informative",0.05,4,0.01,"","mtada_aggregated","trait1","bfdr_observed_fdp",0.05,0.871794871794872
20260822,10,500,15,3000,3000,3000,3000,"fast","control_informative",0.05,4,0.01,"","mtada_aggregated","trait1","bfdr_estimate",0.05,0.0477436085660786
20260822,10,500,15,3000,3000,3000,3000,"fast","control_informative",0.05,4,0.01,"","mtada_aggregated","trait1","bfdr_power",0.05,0.2
20260822,10,500,15,3000,3000,3000,3000,"fast","control_informative",0.05,4,0.01,"","mtada_aggregated","trait1","bfdr_discoveries",0.05,39
20260822,10,500,15,3000,3000,3000,3000,"fast","control_informative",0.05,4,0.01,"","mtada_aggregated","trait1","bfdr_observed_fdp",0.1,0.863636363636364
20260822,10,500,15,3000,3000,3000,3000,"fast","control_informative",0.05,4,0.01,"","mtada_aggregated","trait1","bfdr_estimate",0.1,0.091509641043849
20260822,10,500,15,3000,3000,3000,3000,"fast","control_informative",0.05,4,0.01,"","mtada_aggregated","trait1","bfdr_power",0.1,0.24
20260822,10,500,15,3000,3000,3000,3000,"fast","control_informative",0.05,4,0.01,"","mtada_aggregated","trait1","bfdr_discoveries",0.1,44
20260822,10,500,15,3000,3000,3000,3000,"fast","control_informative",0.05,4,0.01,"","mtada_aggregated","trait1","bfdr_observed_fdp",0.2,0.888888888888889
20260822,10,500,15,3000,3000,3000,3000,"fast","control_informative",0.05,4,0.01,"","mtada_aggregated","trait1","bfdr_estimate",0.2,0.191842562979379
20260822,10,500,15,3000,3000,3000,3000,"fast","control_informative",0.05,4,0.01,"","mtada_aggregated","trait1","bfdr_power",0.2,0.24
20260822,10,500,15,3000,3000,3000,3000,"fast","control_informative",0.05,4,0.01,"","mtada_aggregated","trait1","bfdr_discoveries",0.2,54
20260822,10,500,15,3000,3000,3000,3000,"fast","control_informative",0.05,4,0.01,"","mtada_aggregated","trait2","bfdr_observed_fdp",0.01,0.764705882352941
20260822,10,500,15,3000,3000,3000,3000,"fast","control_informative",0.05,4,0.01,"","mtada_aggregated","trait2","bfdr_estimate",0.01,0.00944608816223675
20260822,10,500,15,3000,3000,3000,3000,"fast","control_informative",0.05,4,0.01,"","mtada_aggregated","trait2","bfdr_power",0.01,0.4
20260822,10,500,15,3000,3000,3000,3000,"fast","control_informative",0.05,4,0.01,"","mtada_aggregated","trait2","bfdr_discoveries",0.01,17
20260822,10,500,15,3000,3000,3000,3000,"fast","control_informative",0.05,4,0.01,"","mtada_aggregated","trait2","bfdr_observed_fdp",0.05,0.818181818181818
20260822,10,500,15,3000,3000,3000,3000,"fast","control_informative",0.05,4,0.01,"","mtada_aggregated","trait2","bfdr_estimate",0.05,0.0492071395981785
20260822,10,500,15,3000,3000,3000,3000,"fast","control_informative",0.05,4,0.01,"","mtada_aggregated","trait2","bfdr_power",0.05,0.4
20260822,10,500,15,3000,3000,3000,3000,"fast","control_informative",0.05,4,0.01,"","mtada_aggregated","trait2","bfdr_discoveries",0.05,22
20260822,10,500,15,3000,3000,3000,3000,"fast","control_informative",0.05,4,0.01,"","mtada_aggregated","trait2","bfdr_observed_fdp",0.1,0.846153846153846
20260822,10,500,15,3000,3000,3000,3000,"fast","control_informative",0.05,4,0.01,"","mtada_aggregated","trait2","bfdr_estimate",0.1,0.0954329632859758
20260822,10,500,15,3000,3000,3000,3000,"fast","control_informative",0.05,4,0.01,"","mtada_aggregated","trait2","bfdr_power",0.1,0.4
20260822,10,500,15,3000,3000,3000,3000,"fast","control_informative",0.05,4,0.01,"","mtada_aggregated","trait2","bfdr_discoveries",0.1,26
20260822,10,500,15,3000,3000,3000,3000,"fast","control_informative",0.05,4,0.01,"","mtada_aggregated","trait2","bfdr_observed_fdp",0.2,0.875
20260822,10,500,15,3000,3000,3000,3000,"fast","control_informative",0.05,4,0.01,"","mtada_aggregated","trait2","bfdr_estimate",0.2,0.191191109056768
20260822,10,500,15,3000,3000,3000,3000,"fast","control_informative",0.05,4,0.01,"","mtada_aggregated","trait2","bfdr_power",0.2,0.4
20260822,10,500,15,3000,3000,3000,3000,"fast","control_informative",0.05,4,0.01,"","mtada_aggregated","trait2","bfdr_discoveries",0.2,32
20260822,10,500,15,3000,3000,3000,3000,"fast","control_informative",0.05,4,0.01,"","mtada_aggregated","pleiotropy","bfdr_observed_fdp",0.01,1
20260822,10,500,15,3000,3000,3000,3000,"fast","control_informative",0.05,4,0.01,"","mtada_aggregated","pleiotropy","bfdr_estimate",0.01,0.00034619736185959
20260822,10,500,15,3000,3000,3000,3000,"fast","control_informative",0.05,4,0.01,"","mtada_aggregated","pleiotropy","bfdr_power",0.01,0
20260822,10,500,15,3000,3000,3000,3000,"fast","control_informative",0.05,4,0.01,"","mtada_aggregated","pleiotropy","bfdr_discoveries",0.01,1
20260822,10,500,15,3000,3000,3000,3000,"fast","control_informative",0.05,4,0.01,"","mtada_aggregated","pleiotropy","bfdr_observed_fdp",0.05,0.666666666666667
20260822,10,500,15,3000,3000,3000,3000,"fast","control_informative",0.05,4,0.01,"","mtada_aggregated","pleiotropy","bfdr_estimate",0.05,0.0412879655961147
20260822,10,500,15,3000,3000,3000,3000,"fast","control_informative",0.05,4,0.01,"","mtada_aggregated","pleiotropy","bfdr_power",0.05,0.2
20260822,10,500,15,3000,3000,3000,3000,"fast","control_informative",0.05,4,0.01,"","mtada_aggregated","pleiotropy","bfdr_discoveries",0.05,3
20260822,10,500,15,3000,3000,3000,3000,"fast","control_informative",0.05,4,0.01,"","mtada_aggregated","pleiotropy","bfdr_observed_fdp",0.1,0.666666666666667
20260822,10,500,15,3000,3000,3000,3000,"fast","control_informative",0.05,4,0.01,"","mtada_aggregated","pleiotropy","bfdr_estimate",0.1,0.0412879655961147
20260822,10,500,15,3000,3000,3000,3000,"fast","control_informative",0.05,4,0.01,"","mtada_aggregated","pleiotropy","bfdr_power",0.1,0.2
20260822,10,500,15,3000,3000,3000,3000,"fast","control_informative",0.05,4,0.01,"","mtada_aggregated","pleiotropy","bfdr_discoveries",0.1,3
20260822,10,500,15,3000,3000,3000,3000,"fast","control_informative",0.05,4,0.01,"","mtada_aggregated","pleiotropy","bfdr_observed_fdp",0.2,0.75
20260822,10,500,15,3000,3000,3000,3000,"fast","control_informative",0.05,4,0.01,"","mtada_aggregated","pleiotropy","bfdr_estimate",0.2,0.197478855085556
20260822,10,500,15,3000,3000,3000,3000,"fast","control_informative",0.05,4,0.01,"","mtada_aggregated","pleiotropy","bfdr_power",0.2,0.2
20260822,10,500,15,3000,3000,3000,3000,"fast","control_informative",0.05,4,0.01,"","mtada_aggregated","pleiotropy","bfdr_discoveries",0.2,4
20260822,10,500,15,3000,3000,3000,3000,"fast","control_informative",0.05,4,0.01,"","mtada_aggregated","global","runtime_seconds",NA,0.711000000000013
20260822,10,500,15,3000,3000,3000,3000,"fast","control_informative",0.05,4,0.01,"","mtada_aggregated","pleiotropy","pi11_estimate",NA,0.00202615
