"seed","replicate","n_genes","variants_per_gene","n_case1","n_control1","n_case2","n_control2","bf_mode","simulation_design","background_prob","background_multiplier","pi11_truth","mtada_error","method","target","metric","threshold","value"
20260813,1,500,15,3000,3000,3000,3000,"fast","control_informative",0.05,3,0.01,"","mirage_joint","trait1","auc",NA,0.725473684210526
20260813,1,500,15,3000,3000,3000,3000,"fast","control_informative",0.05,3,0.01,"","mirage_joint","trait2","auc",NA,0.736326530612245
20260813,1,500,15,3000,3000,3000,3000,"fast","control_informative",0.05,3,0.01,"","mirage_joint","pleiotropy","auc",NA,0.698585858585859
20260813,1,500,15,3000,3000,3000,3000,"fast","control_informative",0.05,3,0.01,"","mirage_joint","trait1","pp08_power",0.8,0.12
20260813,1,500,15,3000,3000,3000,3000,"fast","control_informative",0.05,3,0.01,"","mirage_joint","trait1","pp08_fdp",0.8,0.25
20260813,1,500,15,3000,3000,3000,3000,"fast","control_informative",0.05,3,0.01,"","mirage_joint","trait1","pp08_discoveries",0.8,4
20260813,1,500,15,3000,3000,3000,3000,"fast","control_informative",0.05,3,0.01,"","mirage_joint","trait2","pp08_power",0.8,0.1
20260813,1,500,15,3000,3000,3000,3000,"fast","control_informative",0.05,3,0.01,"","mirage_joint","trait2","pp08_fdp",0.8,0
20260813,1,500,15,3000,3000,3000,3000,"fast","control_informative",0.05,3,0.01,"","mirage_joint","trait2","pp08_discoveries",0.8,1
20260813,1,500,15,3000,3000,3000,3000,"fast","control_informative",0.05,3,0.01,"","mirage_joint","pleiotropy","pp08_power",0.8,0
20260813,1,500,15,3000,3000,3000,3000,"fast","control_informative",0.05,3,0.01,"","mirage_joint","pleiotropy","pp08_fdp",0.8,1
20260813,1,500,15,3000,3000,3000,3000,"fast","control_informative",0.05,3,0.01,"","mirage_joint","pleiotropy","pp08_discoveries",0.8,1
20260813,1,500,15,3000,3000,3000,3000,"fast","control_informative",0.05,3,0.01,"","mirage_joint","trait1","bfdr_observed_fdp",0.01,0
20260813,1,500,15,3000,3000,3000,3000,"fast","control_informative",0.05,3,0.01,"","mirage_joint","trait1","bfdr_estimate",0.01,0.00597147089144442
20260813,1,500,15,3000,3000,3000,3000,"fast","control_informative",0.05,3,0.01,"","mirage_joint","trait1","bfdr_power",0.01,0.12
20260813,1,500,15,3000,3000,3000,3000,"fast","control_informative",0.05,3,0.01,"","mirage_joint","trait1","bfdr_discoveries",0.01,3
20260813,1,500,15,3000,3000,3000,3000,"fast","control_informative",0.05,3,0.01,"","mirage_joint","trait1","bfdr_observed_fdp",0.05,0.25
20260813,1,500,15,3000,3000,3000,3000,"fast","control_informative",0.05,3,0.01,"","mirage_joint","trait1","bfdr_estimate",0.05,0.0312582219369884
20260813,1,500,15,3000,3000,3000,3000,"fast","control_informative",0.05,3,0.01,"","mirage_joint","trait1","bfdr_power",0.05,0.12
20260813,1,500,15,3000,3000,3000,3000,"fast","control_informative",0.05,3,0.01,"","mirage_joint","trait1","bfdr_discoveries",0.05,4
20260813,1,500,15,3000,3000,3000,3000,"fast","control_informative",0.05,3,0.01,"","mirage_joint","trait1","bfdr_observed_fdp",0.1,0.2
20260813,1,500,15,3000,3000,3000,3000,"fast","control_informative",0.05,3,0.01,"","mirage_joint","trait1","bfdr_estimate",0.1,0.0829294395750832
20260813,1,500,15,3000,3000,3000,3000,"fast","control_informative",0.05,3,0.01,"","mirage_joint","trait1","bfdr_power",0.1,0.16
20260813,1,500,15,3000,3000,3000,3000,"fast","control_informative",0.05,3,0.01,"","mirage_joint","trait1","bfdr_discoveries",0.1,5
20260813,1,500,15,3000,3000,3000,3000,"fast","control_informative",0.05,3,0.01,"","mirage_joint","trait1","bfdr_observed_fdp",0.2,0.428571428571429
20260813,1,500,15,3000,3000,3000,3000,"fast","control_informative",0.05,3,0.01,"","mirage_joint","trait1","bfdr_estimate",0.2,0.182064038646822
20260813,1,500,15,3000,3000,3000,3000,"fast","control_informative",0.05,3,0.01,"","mirage_joint","trait1","bfdr_power",0.2,0.16
20260813,1,500,15,3000,3000,3000,3000,"fast","control_informative",0.05,3,0.01,"","mirage_joint","trait1","bfdr_discoveries",0.2,7
20260813,1,500,15,3000,3000,3000,3000,"fast","control_informative",0.05,3,0.01,"","mirage_joint","trait2","bfdr_observed_fdp",0.01,0
20260813,1,500,15,3000,3000,3000,3000,"fast","control_informative",0.05,3,0.01,"","mirage_joint","trait2","bfdr_estimate",0.01,7.65953023229571e-09
20260813,1,500,15,3000,3000,3000,3000,"fast","control_informative",0.05,3,0.01,"","mirage_joint","trait2","bfdr_power",0.01,0.1
20260813,1,500,15,3000,3000,3000,3000,"fast","control_informative",0.05,3,0.01,"","mirage_joint","trait2","bfdr_discoveries",0.01,1
20260813,1,500,15,3000,3000,3000,3000,"fast","control_informative",0.05,3,0.01,"","mirage_joint","trait2","bfdr_observed_fdp",0.05,0
20260813,1,500,15,3000,3000,3000,3000,"fast","control_informative",0.05,3,0.01,"","mirage_joint","trait2","bfdr_estimate",0.05,7.65953023229571e-09
20260813,1,500,15,3000,3000,3000,3000,"fast","control_informative",0.05,3,0.01,"","mirage_joint","trait2","bfdr_power",0.05,0.1
20260813,1,500,15,3000,3000,3000,3000,"fast","control_informative",0.05,3,0.01,"","mirage_joint","trait2","bfdr_discoveries",0.05,1
20260813,1,500,15,3000,3000,3000,3000,"fast","control_informative",0.05,3,0.01,"","mirage_joint","trait2","bfdr_observed_fdp",0.1,0
20260813,1,500,15,3000,3000,3000,3000,"fast","control_informative",0.05,3,0.01,"","mirage_joint","trait2","bfdr_estimate",0.1,7.65953023229571e-09
20260813,1,500,15,3000,3000,3000,3000,"fast","control_informative",0.05,3,0.01,"","mirage_joint","trait2","bfdr_power",0.1,0.1
20260813,1,500,15,3000,3000,3000,3000,"fast","control_informative",0.05,3,0.01,"","mirage_joint","trait2","bfdr_discoveries",0.1,1
20260813,1,500,15,3000,3000,3000,3000,"fast","control_informative",0.05,3,0.01,"","mirage_joint","trait2","bfdr_observed_fdp",0.2,0
20260813,1,500,15,3000,3000,3000,3000,"fast","control_informative",0.05,3,0.01,"","mirage_joint","trait2","bfdr_estimate",0.2,7.65953023229571e-09
20260813,1,500,15,3000,3000,3000,3000,"fast","control_informative",0.05,3,0.01,"","mirage_joint","trait2","bfdr_power",0.2,0.1
20260813,1,500,15,3000,3000,3000,3000,"fast","control_informative",0.05,3,0.01,"","mirage_joint","trait2","bfdr_discoveries",0.2,1
20260813,1,500,15,3000,3000,3000,3000,"fast","control_informative",0.05,3,0.01,"","mirage_joint","pleiotropy","bfdr_observed_fdp",0.01,0
20260813,1,500,15,3000,3000,3000,3000,"fast","control_informative",0.05,3,0.01,"","mirage_joint","pleiotropy","bfdr_estimate",0.01,0
20260813,1,500,15,3000,3000,3000,3000,"fast","control_informative",0.05,3,0.01,"","mirage_joint","pleiotropy","bfdr_power",0.01,0
20260813,1,500,15,3000,3000,3000,3000,"fast","control_informative",0.05,3,0.01,"","mirage_joint","pleiotropy","bfdr_discoveries",0.01,0
20260813,1,500,15,3000,3000,3000,3000,"fast","control_informative",0.05,3,0.01,"","mirage_joint","pleiotropy","bfdr_observed_fdp",0.05,0
20260813,1,500,15,3000,3000,3000,3000,"fast","control_informative",0.05,3,0.01,"","mirage_joint","pleiotropy","bfdr_estimate",0.05,0
20260813,1,500,15,3000,3000,3000,3000,"fast","control_informative",0.05,3,0.01,"","mirage_joint","pleiotropy","bfdr_power",0.05,0
20260813,1,500,15,3000,3000,3000,3000,"fast","control_informative",0.05,3,0.01,"","mirage_joint","pleiotropy","bfdr_discoveries",0.05,0
20260813,1,500,15,3000,3000,3000,3000,"fast","control_informative",0.05,3,0.01,"","mirage_joint","pleiotropy","bfdr_observed_fdp",0.1,0
20260813,1,500,15,3000,3000,3000,3000,"fast","control_informative",0.05,3,0.01,"","mirage_joint","pleiotropy","bfdr_estimate",0.1,0
20260813,1,500,15,3000,3000,3000,3000,"fast","control_informative",0.05,3,0.01,"","mirage_joint","pleiotropy","bfdr_power",0.1,0
20260813,1,500,15,3000,3000,3000,3000,"fast","control_informative",0.05,3,0.01,"","mirage_joint","pleiotropy","bfdr_discoveries",0.1,0
20260813,1,500,15,3000,3000,3000,3000,"fast","control_informative",0.05,3,0.01,"","mirage_joint","pleiotropy","bfdr_observed_fdp",0.2,1
20260813,1,500,15,3000,3000,3000,3000,"fast","control_informative",0.05,3,0.01,"","mirage_joint","pleiotropy","bfdr_estimate",0.2,0.107118476953812
20260813,1,500,15,3000,3000,3000,3000,"fast","control_informative",0.05,3,0.01,"","mirage_joint","pleiotropy","bfdr_power",0.2,0
20260813,1,500,15,3000,3000,3000,3000,"fast","control_informative",0.05,3,0.01,"","mirage_joint","pleiotropy","bfdr_discoveries",0.2,1
20260813,1,500,15,3000,3000,3000,3000,"fast","control_informative",0.05,3,0.01,"","mirage_joint","global","runtime_seconds",NA,19.011
20260813,1,500,15,3000,3000,3000,3000,"fast","control_informative",0.05,3,0.01,"","mirage_joint","pleiotropy","pi11_estimate",NA,0.0201729558982151
20260813,1,500,15,3000,3000,3000,3000,"fast","control_informative",0.05,3,0.01,"","separate_mirage","trait1","auc",NA,0.696757894736842
20260813,1,500,15,3000,3000,3000,3000,"fast","control_informative",0.05,3,0.01,"","separate_mirage","trait2","auc",NA,0.681224489795918
20260813,1,500,15,3000,3000,3000,3000,"fast","control_informative",0.05,3,0.01,"","separate_mirage","pleiotropy","auc",NA,0.708686868686869
20260813,1,500,15,3000,3000,3000,3000,"fast","control_informative",0.05,3,0.01,"","separate_mirage","trait1","pp08_power",0.8,0.12
20260813,1,500,15,3000,3000,3000,3000,"fast","control_informative",0.05,3,0.01,"","separate_mirage","trait1","pp08_fdp",0.8,0
20260813,1,500,15,3000,3000,3000,3000,"fast","control_informative",0.05,3,0.01,"","separate_mirage","trait1","pp08_discoveries",0.8,3
20260813,1,500,15,3000,3000,3000,3000,"fast","control_informative",0.05,3,0.01,"","separate_mirage","trait2","pp08_power",0.8,0.1
20260813,1,500,15,3000,3000,3000,3000,"fast","control_informative",0.05,3,0.01,"","separate_mirage","trait2","pp08_fdp",0.8,0
20260813,1,500,15,3000,3000,3000,3000,"fast","control_informative",0.05,3,0.01,"","separate_mirage","trait2","pp08_discoveries",0.8,1
20260813,1,500,15,3000,3000,3000,3000,"fast","control_informative",0.05,3,0.01,"","separate_mirage","pleiotropy","pp08_power",0.8,0
20260813,1,500,15,3000,3000,3000,3000,"fast","control_informative",0.05,3,0.01,"","separate_mirage","pleiotropy","pp08_fdp",0.8,0
20260813,1,500,15,3000,3000,3000,3000,"fast","control_informative",0.05,3,0.01,"","separate_mirage","pleiotropy","pp08_discoveries",0.8,0
20260813,1,500,15,3000,3000,3000,3000,"fast","control_informative",0.05,3,0.01,"","separate_mirage","trait1","bfdr_observed_fdp",0.01,0
20260813,1,500,15,3000,3000,3000,3000,"fast","control_informative",0.05,3,0.01,"","separate_mirage","trait1","bfdr_estimate",0.01,0.00493046554046909
20260813,1,500,15,3000,3000,3000,3000,"fast","control_informative",0.05,3,0.01,"","separate_mirage","trait1","bfdr_power",0.01,0.12
20260813,1,500,15,3000,3000,3000,3000,"fast","control_informative",0.05,3,0.01,"","separate_mirage","trait1","bfdr_discoveries",0.01,3
20260813,1,500,15,3000,3000,3000,3000,"fast","control_informative",0.05,3,0.01,"","separate_mirage","trait1","bfdr_observed_fdp",0.05,0
20260813,1,500,15,3000,3000,3000,3000,"fast","control_informative",0.05,3,0.01,"","separate_mirage","trait1","bfdr_estimate",0.05,0.00493046554046909
20260813,1,500,15,3000,3000,3000,3000,"fast","control_informative",0.05,3,0.01,"","separate_mirage","trait1","bfdr_power",0.05,0.12
20260813,1,500,15,3000,3000,3000,3000,"fast","control_informative",0.05,3,0.01,"","separate_mirage","trait1","bfdr_discoveries",0.05,3
20260813,1,500,15,3000,3000,3000,3000,"fast","control_informative",0.05,3,0.01,"","separate_mirage","trait1","bfdr_observed_fdp",0.1,0
20260813,1,500,15,3000,3000,3000,3000,"fast","control_informative",0.05,3,0.01,"","separate_mirage","trait1","bfdr_estimate",0.1,0.0675225299986225
20260813,1,500,15,3000,3000,3000,3000,"fast","control_informative",0.05,3,0.01,"","separate_mirage","trait1","bfdr_power",0.1,0.16
20260813,1,500,15,3000,3000,3000,3000,"fast","control_informative",0.05,3,0.01,"","separate_mirage","trait1","bfdr_discoveries",0.1,4
20260813,1,500,15,3000,3000,3000,3000,"fast","control_informative",0.05,3,0.01,"","separate_mirage","trait1","bfdr_observed_fdp",0.2,0.2
20260813,1,500,15,3000,3000,3000,3000,"fast","control_informative",0.05,3,0.01,"","separate_mirage","trait1","bfdr_estimate",0.2,0.134385603066431
20260813,1,500,15,3000,3000,3000,3000,"fast","control_informative",0.05,3,0.01,"","separate_mirage","trait1","bfdr_power",0.2,0.16
20260813,1,500,15,3000,3000,3000,3000,"fast","control_informative",0.05,3,0.01,"","separate_mirage","trait1","bfdr_discoveries",0.2,5
20260813,1,500,15,3000,3000,3000,3000,"fast","control_informative",0.05,3,0.01,"","separate_mirage","trait2","bfdr_observed_fdp",0.01,0
20260813,1,500,15,3000,3000,3000,3000,"fast","control_informative",0.05,3,0.01,"","separate_mirage","trait2","bfdr_estimate",0.01,4.32993162435835e-08
20260813,1,500,15,3000,3000,3000,3000,"fast","control_informative",0.05,3,0.01,"","separate_mirage","trait2","bfdr_power",0.01,0.1
20260813,1,500,15,3000,3000,3000,3000,"fast","control_informative",0.05,3,0.01,"","separate_mirage","trait2","bfdr_discoveries",0.01,1
20260813,1,500,15,3000,3000,3000,3000,"fast","control_informative",0.05,3,0.01,"","separate_mirage","trait2","bfdr_observed_fdp",0.05,0
20260813,1,500,15,3000,3000,3000,3000,"fast","control_informative",0.05,3,0.01,"","separate_mirage","trait2","bfdr_estimate",0.05,4.32993162435835e-08
20260813,1,500,15,3000,3000,3000,3000,"fast","control_informative",0.05,3,0.01,"","separate_mirage","trait2","bfdr_power",0.05,0.1
20260813,1,500,15,3000,3000,3000,3000,"fast","control_informative",0.05,3,0.01,"","separate_mirage","trait2","bfdr_discoveries",0.05,1
20260813,1,500,15,3000,3000,3000,3000,"fast","control_informative",0.05,3,0.01,"","separate_mirage","trait2","bfdr_observed_fdp",0.1,0
20260813,1,500,15,3000,3000,3000,3000,"fast","control_informative",0.05,3,0.01,"","separate_mirage","trait2","bfdr_estimate",0.1,4.32993162435835e-08
20260813,1,500,15,3000,3000,3000,3000,"fast","control_informative",0.05,3,0.01,"","separate_mirage","trait2","bfdr_power",0.1,0.1
20260813,1,500,15,3000,3000,3000,3000,"fast","control_informative",0.05,3,0.01,"","separate_mirage","trait2","bfdr_discoveries",0.1,1
20260813,1,500,15,3000,3000,3000,3000,"fast","control_informative",0.05,3,0.01,"","separate_mirage","trait2","bfdr_observed_fdp",0.2,0
20260813,1,500,15,3000,3000,3000,3000,"fast","control_informative",0.05,3,0.01,"","separate_mirage","trait2","bfdr_estimate",0.2,4.32993162435835e-08
20260813,1,500,15,3000,3000,3000,3000,"fast","control_informative",0.05,3,0.01,"","separate_mirage","trait2","bfdr_power",0.2,0.1
20260813,1,500,15,3000,3000,3000,3000,"fast","control_informative",0.05,3,0.01,"","separate_mirage","trait2","bfdr_discoveries",0.2,1
20260813,1,500,15,3000,3000,3000,3000,"fast","control_informative",0.05,3,0.01,"","separate_mirage","pleiotropy","bfdr_observed_fdp",0.01,0
20260813,1,500,15,3000,3000,3000,3000,"fast","control_informative",0.05,3,0.01,"","separate_mirage","pleiotropy","bfdr_estimate",0.01,0
20260813,1,500,15,3000,3000,3000,3000,"fast","control_informative",0.05,3,0.01,"","separate_mirage","pleiotropy","bfdr_power",0.01,0
20260813,1,500,15,3000,3000,3000,3000,"fast","control_informative",0.05,3,0.01,"","separate_mirage","pleiotropy","bfdr_discoveries",0.01,0
20260813,1,500,15,3000,3000,3000,3000,"fast","control_informative",0.05,3,0.01,"","separate_mirage","pleiotropy","bfdr_observed_fdp",0.05,0
20260813,1,500,15,3000,3000,3000,3000,"fast","control_informative",0.05,3,0.01,"","separate_mirage","pleiotropy","bfdr_estimate",0.05,0
20260813,1,500,15,3000,3000,3000,3000,"fast","control_informative",0.05,3,0.01,"","separate_mirage","pleiotropy","bfdr_power",0.05,0
20260813,1,500,15,3000,3000,3000,3000,"fast","control_informative",0.05,3,0.01,"","separate_mirage","pleiotropy","bfdr_discoveries",0.05,0
20260813,1,500,15,3000,3000,3000,3000,"fast","control_informative",0.05,3,0.01,"","separate_mirage","pleiotropy","bfdr_observed_fdp",0.1,0
20260813,1,500,15,3000,3000,3000,3000,"fast","control_informative",0.05,3,0.01,"","separate_mirage","pleiotropy","bfdr_estimate",0.1,0
20260813,1,500,15,3000,3000,3000,3000,"fast","control_informative",0.05,3,0.01,"","separate_mirage","pleiotropy","bfdr_power",0.1,0
20260813,1,500,15,3000,3000,3000,3000,"fast","control_informative",0.05,3,0.01,"","separate_mirage","pleiotropy","bfdr_discoveries",0.1,0
20260813,1,500,15,3000,3000,3000,3000,"fast","control_informative",0.05,3,0.01,"","separate_mirage","pleiotropy","bfdr_observed_fdp",0.2,0
20260813,1,500,15,3000,3000,3000,3000,"fast","control_informative",0.05,3,0.01,"","separate_mirage","pleiotropy","bfdr_estimate",0.2,0
20260813,1,500,15,3000,3000,3000,3000,"fast","control_informative",0.05,3,0.01,"","separate_mirage","pleiotropy","bfdr_power",0.2,0
20260813,1,500,15,3000,3000,3000,3000,"fast","control_informative",0.05,3,0.01,"","separate_mirage","pleiotropy","bfdr_discoveries",0.2,0
20260813,1,500,15,3000,3000,3000,3000,"fast","control_informative",0.05,3,0.01,"","separate_mirage","global","runtime_seconds",NA,18.289
20260813,1,500,15,3000,3000,3000,3000,"fast","control_informative",0.05,3,0.01,"","separate_mirage","pleiotropy","pi11_estimate",NA,0.001
20260813,1,500,15,3000,3000,3000,3000,"fast","control_informative",0.05,3,0.01,"","mtada_aggregated","trait1","auc",NA,0.691536842105263
20260813,1,500,15,3000,3000,3000,3000,"fast","control_informative",0.05,3,0.01,"","mtada_aggregated","trait2","auc",NA,0.570408163265306
20260813,1,500,15,3000,3000,3000,3000,"fast","control_informative",0.05,3,0.01,"","mtada_aggregated","pleiotropy","auc",NA,0.416161616161616
20260813,1,500,15,3000,3000,3000,3000,"fast","control_informative",0.05,3,0.01,"","mtada_aggregated","trait1","pp08_power",0.8,0.16
20260813,1,500,15,3000,3000,3000,3000,"fast","control_informative",0.05,3,0.01,"","mtada_aggregated","trait1","pp08_fdp",0.8,0.714285714285714
20260813,1,500,15,3000,3000,3000,3000,"fast","control_informative",0.05,3,0.01,"","mtada_aggregated","trait1","pp08_discoveries",0.8,14
20260813,1,500,15,3000,3000,3000,3000,"fast","control_informative",0.05,3,0.01,"","mtada_aggregated","trait2","pp08_power",0.8,0.2
20260813,1,500,15,3000,3000,3000,3000,"fast","control_informative",0.05,3,0.01,"","mtada_aggregated","trait2","pp08_fdp",0.8,0.6
20260813,1,500,15,3000,3000,3000,3000,"fast","control_informative",0.05,3,0.01,"","mtada_aggregated","trait2","pp08_discoveries",0.8,5
20260813,1,500,15,3000,3000,3000,3000,"fast","control_informative",0.05,3,0.01,"","mtada_aggregated","pleiotropy","pp08_power",0.8,0
20260813,1,500,15,3000,3000,3000,3000,"fast","control_informative",0.05,3,0.01,"","mtada_aggregated","pleiotropy","pp08_fdp",0.8,0
20260813,1,500,15,3000,3000,3000,3000,"fast","control_informative",0.05,3,0.01,"","mtada_aggregated","pleiotropy","pp08_discoveries",0.8,0
20260813,1,500,15,3000,3000,3000,3000,"fast","control_informative",0.05,3,0.01,"","mtada_aggregated","trait1","bfdr_observed_fdp",0.01,0.666666666666667
20260813,1,500,15,3000,3000,3000,3000,"fast","control_informative",0.05,3,0.01,"","mtada_aggregated","trait1","bfdr_estimate",0.01,0.00971026170230645
20260813,1,500,15,3000,3000,3000,3000,"fast","control_informative",0.05,3,0.01,"","mtada_aggregated","trait1","bfdr_power",0.01,0.12
20260813,1,500,15,3000,3000,3000,3000,"fast","control_informative",0.05,3,0.01,"","mtada_aggregated","trait1","bfdr_discoveries",0.01,9
20260813,1,500,15,3000,3000,3000,3000,"fast","control_informative",0.05,3,0.01,"","mtada_aggregated","trait1","bfdr_observed_fdp",0.05,0.692307692307692
20260813,1,500,15,3000,3000,3000,3000,"fast","control_informative",0.05,3,0.01,"","mtada_aggregated","trait1","bfdr_estimate",0.05,0.0403497028787924
20260813,1,500,15,3000,3000,3000,3000,"fast","control_informative",0.05,3,0.01,"","mtada_aggregated","trait1","bfdr_power",0.05,0.16
20260813,1,500,15,3000,3000,3000,3000,"fast","control_informative",0.05,3,0.01,"","mtada_aggregated","trait1","bfdr_discoveries",0.05,13
20260813,1,500,15,3000,3000,3000,3000,"fast","control_informative",0.05,3,0.01,"","mtada_aggregated","trait1","bfdr_observed_fdp",0.1,0.705882352941177
20260813,1,500,15,3000,3000,3000,3000,"fast","control_informative",0.05,3,0.01,"","mtada_aggregated","trait1","bfdr_estimate",0.1,0.0906956736296096
20260813,1,500,15,3000,3000,3000,3000,"fast","control_informative",0.05,3,0.01,"","mtada_aggregated","trait1","bfdr_power",0.1,0.2
20260813,1,500,15,3000,3000,3000,3000,"fast","control_informative",0.05,3,0.01,"","mtada_aggregated","trait1","bfdr_discoveries",0.1,17
20260813,1,500,15,3000,3000,3000,3000,"fast","control_informative",0.05,3,0.01,"","mtada_aggregated","trait1","bfdr_observed_fdp",0.2,0.76
20260813,1,500,15,3000,3000,3000,3000,"fast","control_informative",0.05,3,0.01,"","mtada_aggregated","trait1","bfdr_estimate",0.2,0.19808868741922
20260813,1,500,15,3000,3000,3000,3000,"fast","control_informative",0.05,3,0.01,"","mtada_aggregated","trait1","bfdr_power",0.2,0.24
20260813,1,500,15,3000,3000,3000,3000,"fast","control_informative",0.05,3,0.01,"","mtada_aggregated","trait1","bfdr_discoveries",0.2,25
20260813,1,500,15,3000,3000,3000,3000,"fast","control_informative",0.05,3,0.01,"","mtada_aggregated","trait2","bfdr_observed_fdp",0.01,0.5
20260813,1,500,15,3000,3000,3000,3000,"fast","control_informative",0.05,3,0.01,"","mtada_aggregated","trait2","bfdr_estimate",0.01,0.00342135925591747
20260813,1,500,15,3000,3000,3000,3000,"fast","control_informative",0.05,3,0.01,"","mtada_aggregated","trait2","bfdr_power",0.01,0.2
20260813,1,500,15,3000,3000,3000,3000,"fast","control_informative",0.05,3,0.01,"","mtada_aggregated","trait2","bfdr_discoveries",0.01,4
20260813,1,500,15,3000,3000,3000,3000,"fast","control_informative",0.05,3,0.01,"","mtada_aggregated","trait2","bfdr_observed_fdp",0.05,0.6
20260813,1,500,15,3000,3000,3000,3000,"fast","control_informative",0.05,3,0.01,"","mtada_aggregated","trait2","bfdr_estimate",0.05,0.0392416689604679
20260813,1,500,15,3000,3000,3000,3000,"fast","control_informative",0.05,3,0.01,"","mtada_aggregated","trait2","bfdr_power",0.05,0.2
20260813,1,500,15,3000,3000,3000,3000,"fast","control_informative",0.05,3,0.01,"","mtada_aggregated","trait2","bfdr_discoveries",0.05,5
20260813,1,500,15,3000,3000,3000,3000,"fast","control_informative",0.05,3,0.01,"","mtada_aggregated","trait2","bfdr_observed_fdp",0.1,0.666666666666667
20260813,1,500,15,3000,3000,3000,3000,"fast","control_informative",0.05,3,0.01,"","mtada_aggregated","trait2","bfdr_estimate",0.1,0.0831015562249485
20260813,1,500,15,3000,3000,3000,3000,"fast","control_informative",0.05,3,0.01,"","mtada_aggregated","trait2","bfdr_power",0.1,0.2
20260813,1,500,15,3000,3000,3000,3000,"fast","control_informative",0.05,3,0.01,"","mtada_aggregated","trait2","bfdr_discoveries",0.1,6
20260813,1,500,15,3000,3000,3000,3000,"fast","control_informative",0.05,3,0.01,"","mtada_aggregated","trait2","bfdr_observed_fdp",0.2,0.777777777777778
20260813,1,500,15,3000,3000,3000,3000,"fast","control_informative",0.05,3,0.01,"","mtada_aggregated","trait2","bfdr_estimate",0.2,0.187278590832798
20260813,1,500,15,3000,3000,3000,3000,"fast","control_informative",0.05,3,0.01,"","mtada_aggregated","trait2","bfdr_power",0.2,0.2
20260813,1,500,15,3000,3000,3000,3000,"fast","control_informative",0.05,3,0.01,"","mtada_aggregated","trait2","bfdr_discoveries",0.2,9
20260813,1,500,15,3000,3000,3000,3000,"fast","control_informative",0.05,3,0.01,"","mtada_aggregated","pleiotropy","bfdr_observed_fdp",0.01,0
20260813,1,500,15,3000,3000,3000,3000,"fast","control_informative",0.05,3,0.01,"","mtada_aggregated","pleiotropy","bfdr_estimate",0.01,0
20260813,1,500,15,3000,3000,3000,3000,"fast","control_informative",0.05,3,0.01,"","mtada_aggregated","pleiotropy","bfdr_power",0.01,0
20260813,1,500,15,3000,3000,3000,3000,"fast","control_informative",0.05,3,0.01,"","mtada_aggregated","pleiotropy","bfdr_discoveries",0.01,0
20260813,1,500,15,3000,3000,3000,3000,"fast","control_informative",0.05,3,0.01,"","mtada_aggregated","pleiotropy","bfdr_observed_fdp",0.05,0
20260813,1,500,15,3000,3000,3000,3000,"fast","control_informative",0.05,3,0.01,"","mtada_aggregated","pleiotropy","bfdr_estimate",0.05,0
20260813,1,500,15,3000,3000,3000,3000,"fast","control_informative",0.05,3,0.01,"","mtada_aggregated","pleiotropy","bfdr_power",0.05,0
20260813,1,500,15,3000,3000,3000,3000,"fast","control_informative",0.05,3,0.01,"","mtada_aggregated","pleiotropy","bfdr_discoveries",0.05,0
20260813,1,500,15,3000,3000,3000,3000,"fast","control_informative",0.05,3,0.01,"","mtada_aggregated","pleiotropy","bfdr_observed_fdp",0.1,0
20260813,1,500,15,3000,3000,3000,3000,"fast","control_informative",0.05,3,0.01,"","mtada_aggregated","pleiotropy","bfdr_estimate",0.1,0
20260813,1,500,15,3000,3000,3000,3000,"fast","control_informative",0.05,3,0.01,"","mtada_aggregated","pleiotropy","bfdr_power",0.1,0
20260813,1,500,15,3000,3000,3000,3000,"fast","control_informative",0.05,3,0.01,"","mtada_aggregated","pleiotropy","bfdr_discoveries",0.1,0
20260813,1,500,15,3000,3000,3000,3000,"fast","control_informative",0.05,3,0.01,"","mtada_aggregated","pleiotropy","bfdr_observed_fdp",0.2,0
20260813,1,500,15,3000,3000,3000,3000,"fast","control_informative",0.05,3,0.01,"","mtada_aggregated","pleiotropy","bfdr_estimate",0.2,0
20260813,1,500,15,3000,3000,3000,3000,"fast","control_informative",0.05,3,0.01,"","mtada_aggregated","pleiotropy","bfdr_power",0.2,0
20260813,1,500,15,3000,3000,3000,3000,"fast","control_informative",0.05,3,0.01,"","mtada_aggregated","pleiotropy","bfdr_discoveries",0.2,0
20260813,1,500,15,3000,3000,3000,3000,"fast","control_informative",0.05,3,0.01,"","mtada_aggregated","global","runtime_seconds",NA,0.811999999999998
20260813,1,500,15,3000,3000,3000,3000,"fast","control_informative",0.05,3,0.01,"","mtada_aggregated","pleiotropy","pi11_estimate",NA,0.00329705
20260814,2,500,15,3000,3000,3000,3000,"fast","control_informative",0.05,3,0.01,"","mirage_joint","trait1","auc",NA,0.621136842105263
20260814,2,500,15,3000,3000,3000,3000,"fast","control_informative",0.05,3,0.01,"","mirage_joint","trait2","auc",NA,0.696326530612245
20260814,2,500,15,3000,3000,3000,3000,"fast","control_informative",0.05,3,0.01,"","mirage_joint","pleiotropy","auc",NA,0.612929292929293
20260814,2,500,15,3000,3000,3000,3000,"fast","control_informative",0.05,3,0.01,"","mirage_joint","trait1","pp08_power",0.8,0.08
20260814,2,500,15,3000,3000,3000,3000,"fast","control_informative",0.05,3,0.01,"","mirage_joint","trait1","pp08_fdp",0.8,0
20260814,2,500,15,3000,3000,3000,3000,"fast","control_informative",0.05,3,0.01,"","mirage_joint","trait1","pp08_discoveries",0.8,2
20260814,2,500,15,3000,3000,3000,3000,"fast","control_informative",0.05,3,0.01,"","mirage_joint","trait2","pp08_power",0.8,0.1
20260814,2,500,15,3000,3000,3000,3000,"fast","control_informative",0.05,3,0.01,"","mirage_joint","trait2","pp08_fdp",0.8,0.5
20260814,2,500,15,3000,3000,3000,3000,"fast","control_informative",0.05,3,0.01,"","mirage_joint","trait2","pp08_discoveries",0.8,2
20260814,2,500,15,3000,3000,3000,3000,"fast","control_informative",0.05,3,0.01,"","mirage_joint","pleiotropy","pp08_power",0.8,0
20260814,2,500,15,3000,3000,3000,3000,"fast","control_informative",0.05,3,0.01,"","mirage_joint","pleiotropy","pp08_fdp",0.8,0
20260814,2,500,15,3000,3000,3000,3000,"fast","control_informative",0.05,3,0.01,"","mirage_joint","pleiotropy","pp08_discoveries",0.8,0
20260814,2,500,15,3000,3000,3000,3000,"fast","control_informative",0.05,3,0.01,"","mirage_joint","trait1","bfdr_observed_fdp",0.01,0
20260814,2,500,15,3000,3000,3000,3000,"fast","control_informative",0.05,3,0.01,"","mirage_joint","trait1","bfdr_estimate",0.01,0.0060701643778015
20260814,2,500,15,3000,3000,3000,3000,"fast","control_informative",0.05,3,0.01,"","mirage_joint","trait1","bfdr_power",0.01,0.08
20260814,2,500,15,3000,3000,3000,3000,"fast","control_informative",0.05,3,0.01,"","mirage_joint","trait1","bfdr_discoveries",0.01,2
20260814,2,500,15,3000,3000,3000,3000,"fast","control_informative",0.05,3,0.01,"","mirage_joint","trait1","bfdr_observed_fdp",0.05,0
20260814,2,500,15,3000,3000,3000,3000,"fast","control_informative",0.05,3,0.01,"","mirage_joint","trait1","bfdr_estimate",0.05,0.0060701643778015
20260814,2,500,15,3000,3000,3000,3000,"fast","control_informative",0.05,3,0.01,"","mirage_joint","trait1","bfdr_power",0.05,0.08
20260814,2,500,15,3000,3000,3000,3000,"fast","control_informative",0.05,3,0.01,"","mirage_joint","trait1","bfdr_discoveries",0.05,2
20260814,2,500,15,3000,3000,3000,3000,"fast","control_informative",0.05,3,0.01,"","mirage_joint","trait1","bfdr_observed_fdp",0.1,0
20260814,2,500,15,3000,3000,3000,3000,"fast","control_informative",0.05,3,0.01,"","mirage_joint","trait1","bfdr_estimate",0.1,0.0060701643778015
20260814,2,500,15,3000,3000,3000,3000,"fast","control_informative",0.05,3,0.01,"","mirage_joint","trait1","bfdr_power",0.1,0.08
20260814,2,500,15,3000,3000,3000,3000,"fast","control_informative",0.05,3,0.01,"","mirage_joint","trait1","bfdr_discoveries",0.1,2
20260814,2,500,15,3000,3000,3000,3000,"fast","control_informative",0.05,3,0.01,"","mirage_joint","trait1","bfdr_observed_fdp",0.2,0.333333333333333
20260814,2,500,15,3000,3000,3000,3000,"fast","control_informative",0.05,3,0.01,"","mirage_joint","trait1","bfdr_estimate",0.2,0.140465963455182
20260814,2,500,15,3000,3000,3000,3000,"fast","control_informative",0.05,3,0.01,"","mirage_joint","trait1","bfdr_power",0.2,0.08
20260814,2,500,15,3000,3000,3000,3000,"fast","control_informative",0.05,3,0.01,"","mirage_joint","trait1","bfdr_discoveries",0.2,3
20260814,2,500,15,3000,3000,3000,3000,"fast","control_informative",0.05,3,0.01,"","mirage_joint","trait2","bfdr_observed_fdp",0.01,0
20260814,2,500,15,3000,3000,3000,3000,"fast","control_informative",0.05,3,0.01,"","mirage_joint","trait2","bfdr_estimate",0.01,0
20260814,2,500,15,3000,3000,3000,3000,"fast","control_informative",0.05,3,0.01,"","mirage_joint","trait2","bfdr_power",0.01,0
20260814,2,500,15,3000,3000,3000,3000,"fast","control_informative",0.05,3,0.01,"","mirage_joint","trait2","bfdr_discoveries",0.01,0
20260814,2,500,15,3000,3000,3000,3000,"fast","control_informative",0.05,3,0.01,"","mirage_joint","trait2","bfdr_observed_fdp",0.05,0
20260814,2,500,15,3000,3000,3000,3000,"fast","control_informative",0.05,3,0.01,"","mirage_joint","trait2","bfdr_estimate",0.05,0.0112628845389694
20260814,2,500,15,3000,3000,3000,3000,"fast","control_informative",0.05,3,0.01,"","mirage_joint","trait2","bfdr_power",0.05,0.1
20260814,2,500,15,3000,3000,3000,3000,"fast","control_informative",0.05,3,0.01,"","mirage_joint","trait2","bfdr_discoveries",0.05,1
20260814,2,500,15,3000,3000,3000,3000,"fast","control_informative",0.05,3,0.01,"","mirage_joint","trait2","bfdr_observed_fdp",0.1,0.5
20260814,2,500,15,3000,3000,3000,3000,"fast","control_informative",0.05,3,0.01,"","mirage_joint","trait2","bfdr_estimate",0.1,0.0812326434954955
20260814,2,500,15,3000,3000,3000,3000,"fast","control_informative",0.05,3,0.01,"","mirage_joint","trait2","bfdr_power",0.1,0.1
20260814,2,500,15,3000,3000,3000,3000,"fast","control_informative",0.05,3,0.01,"","mirage_joint","trait2","bfdr_discoveries",0.1,2
20260814,2,500,15,3000,3000,3000,3000,"fast","control_informative",0.05,3,0.01,"","mirage_joint","trait2","bfdr_observed_fdp",0.2,0.666666666666667
20260814,2,500,15,3000,3000,3000,3000,"fast","control_informative",0.05,3,0.01,"","mirage_joint","trait2","bfdr_estimate",0.2,0.163636252684783
20260814,2,500,15,3000,3000,3000,3000,"fast","control_informative",0.05,3,0.01,"","mirage_joint","trait2","bfdr_power",0.2,0.1
20260814,2,500,15,3000,3000,3000,3000,"fast","control_informative",0.05,3,0.01,"","mirage_joint","trait2","bfdr_discoveries",0.2,3
20260814,2,500,15,3000,3000,3000,3000,"fast","control_informative",0.05,3,0.01,"","mirage_joint","pleiotropy","bfdr_observed_fdp",0.01,0
20260814,2,500,15,3000,3000,3000,3000,"fast","control_informative",0.05,3,0.01,"","mirage_joint","pleiotropy","bfdr_estimate",0.01,0
20260814,2,500,15,3000,3000,3000,3000,"fast","control_informative",0.05,3,0.01,"","mirage_joint","pleiotropy","bfdr_power",0.01,0
20260814,2,500,15,3000,3000,3000,3000,"fast","control_informative",0.05,3,0.01,"","mirage_joint","pleiotropy","bfdr_discoveries",0.01,0
20260814,2,500,15,3000,3000,3000,3000,"fast","control_informative",0.05,3,0.01,"","mirage_joint","pleiotropy","bfdr_observed_fdp",0.05,0
20260814,2,500,15,3000,3000,3000,3000,"fast","control_informative",0.05,3,0.01,"","mirage_joint","pleiotropy","bfdr_estimate",0.05,0
20260814,2,500,15,3000,3000,3000,3000,"fast","control_informative",0.05,3,0.01,"","mirage_joint","pleiotropy","bfdr_power",0.05,0
20260814,2,500,15,3000,3000,3000,3000,"fast","control_informative",0.05,3,0.01,"","mirage_joint","pleiotropy","bfdr_discoveries",0.05,0
20260814,2,500,15,3000,3000,3000,3000,"fast","control_informative",0.05,3,0.01,"","mirage_joint","pleiotropy","bfdr_observed_fdp",0.1,0
20260814,2,500,15,3000,3000,3000,3000,"fast","control_informative",0.05,3,0.01,"","mirage_joint","pleiotropy","bfdr_estimate",0.1,0
20260814,2,500,15,3000,3000,3000,3000,"fast","control_informative",0.05,3,0.01,"","mirage_joint","pleiotropy","bfdr_power",0.1,0
20260814,2,500,15,3000,3000,3000,3000,"fast","control_informative",0.05,3,0.01,"","mirage_joint","pleiotropy","bfdr_discoveries",0.1,0
20260814,2,500,15,3000,3000,3000,3000,"fast","control_informative",0.05,3,0.01,"","mirage_joint","pleiotropy","bfdr_observed_fdp",0.2,0
20260814,2,500,15,3000,3000,3000,3000,"fast","control_informative",0.05,3,0.01,"","mirage_joint","pleiotropy","bfdr_estimate",0.2,0
20260814,2,500,15,3000,3000,3000,3000,"fast","control_informative",0.05,3,0.01,"","mirage_joint","pleiotropy","bfdr_power",0.2,0
20260814,2,500,15,3000,3000,3000,3000,"fast","control_informative",0.05,3,0.01,"","mirage_joint","pleiotropy","bfdr_discoveries",0.2,0
20260814,2,500,15,3000,3000,3000,3000,"fast","control_informative",0.05,3,0.01,"","mirage_joint","global","runtime_seconds",NA,18.322
20260814,2,500,15,3000,3000,3000,3000,"fast","control_informative",0.05,3,0.01,"","mirage_joint","pleiotropy","pi11_estimate",NA,0.00120988578398081
20260814,2,500,15,3000,3000,3000,3000,"fast","control_informative",0.05,3,0.01,"","separate_mirage","trait1","auc",NA,0.62138947368421
20260814,2,500,15,3000,3000,3000,3000,"fast","control_informative",0.05,3,0.01,"","separate_mirage","trait2","auc",NA,0.706326530612245
20260814,2,500,15,3000,3000,3000,3000,"fast","control_informative",0.05,3,0.01,"","separate_mirage","pleiotropy","auc",NA,0.656161616161616
20260814,2,500,15,3000,3000,3000,3000,"fast","control_informative",0.05,3,0.01,"","separate_mirage","trait1","pp08_power",0.8,0.08
20260814,2,500,15,3000,3000,3000,3000,"fast","control_informative",0.05,3,0.01,"","separate_mirage","trait1","pp08_fdp",0.8,0
20260814,2,500,15,3000,3000,3000,3000,"fast","control_informative",0.05,3,0.01,"","separate_mirage","trait1","pp08_discoveries",0.8,2
20260814,2,500,15,3000,3000,3000,3000,"fast","control_informative",0.05,3,0.01,"","separate_mirage","trait2","pp08_power",0.8,0.1
20260814,2,500,15,3000,3000,3000,3000,"fast","control_informative",0.05,3,0.01,"","separate_mirage","trait2","pp08_fdp",0.8,0
20260814,2,500,15,3000,3000,3000,3000,"fast","control_informative",0.05,3,0.01,"","separate_mirage","trait2","pp08_discoveries",0.8,1
20260814,2,500,15,3000,3000,3000,3000,"fast","control_informative",0.05,3,0.01,"","separate_mirage","pleiotropy","pp08_power",0.8,0
20260814,2,500,15,3000,3000,3000,3000,"fast","control_informative",0.05,3,0.01,"","separate_mirage","pleiotropy","pp08_fdp",0.8,0
20260814,2,500,15,3000,3000,3000,3000,"fast","control_informative",0.05,3,0.01,"","separate_mirage","pleiotropy","pp08_discoveries",0.8,0
20260814,2,500,15,3000,3000,3000,3000,"fast","control_informative",0.05,3,0.01,"","separate_mirage","trait1","bfdr_observed_fdp",0.01,0
20260814,2,500,15,3000,3000,3000,3000,"fast","control_informative",0.05,3,0.01,"","separate_mirage","trait1","bfdr_estimate",0.01,0.00556563872923327
20260814,2,500,15,3000,3000,3000,3000,"fast","control_informative",0.05,3,0.01,"","separate_mirage","trait1","bfdr_power",0.01,0.08
20260814,2,500,15,3000,3000,3000,3000,"fast","control_informative",0.05,3,0.01,"","separate_mirage","trait1","bfdr_discoveries",0.01,2
20260814,2,500,15,3000,3000,3000,3000,"fast","control_informative",0.05,3,0.01,"","separate_mirage","trait1","bfdr_observed_fdp",0.05,0
20260814,2,500,15,3000,3000,3000,3000,"fast","control_informative",0.05,3,0.01,"","separate_mirage","trait1","bfdr_estimate",0.05,0.00556563872923327
20260814,2,500,15,3000,3000,3000,3000,"fast","control_informative",0.05,3,0.01,"","separate_mirage","trait1","bfdr_power",0.05,0.08
20260814,2,500,15,3000,3000,3000,3000,"fast","control_informative",0.05,3,0.01,"","separate_mirage","trait1","bfdr_discoveries",0.05,2
20260814,2,500,15,3000,3000,3000,3000,"fast","control_informative",0.05,3,0.01,"","separate_mirage","trait1","bfdr_observed_fdp",0.1,0
20260814,2,500,15,3000,3000,3000,3000,"fast","control_informative",0.05,3,0.01,"","separate_mirage","trait1","bfdr_estimate",0.1,0.00556563872923327
20260814,2,500,15,3000,3000,3000,3000,"fast","control_informative",0.05,3,0.01,"","separate_mirage","trait1","bfdr_power",0.1,0.08
20260814,2,500,15,3000,3000,3000,3000,"fast","control_informative",0.05,3,0.01,"","separate_mirage","trait1","bfdr_discoveries",0.1,2
20260814,2,500,15,3000,3000,3000,3000,"fast","control_informative",0.05,3,0.01,"","separate_mirage","trait1","bfdr_observed_fdp",0.2,0.25
20260814,2,500,15,3000,3000,3000,3000,"fast","control_informative",0.05,3,0.01,"","separate_mirage","trait1","bfdr_estimate",0.2,0.192091332084624
20260814,2,500,15,3000,3000,3000,3000,"fast","control_informative",0.05,3,0.01,"","separate_mirage","trait1","bfdr_power",0.2,0.12
20260814,2,500,15,3000,3000,3000,3000,"fast","control_informative",0.05,3,0.01,"","separate_mirage","trait1","bfdr_discoveries",0.2,4
20260814,2,500,15,3000,3000,3000,3000,"fast","control_informative",0.05,3,0.01,"","separate_mirage","trait2","bfdr_observed_fdp",0.01,0
20260814,2,500,15,3000,3000,3000,3000,"fast","control_informative",0.05,3,0.01,"","separate_mirage","trait2","bfdr_estimate",0.01,0
20260814,2,500,15,3000,3000,3000,3000,"fast","control_informative",0.05,3,0.01,"","separate_mirage","trait2","bfdr_power",0.01,0
20260814,2,500,15,3000,3000,3000,3000,"fast","control_informative",0.05,3,0.01,"","separate_mirage","trait2","bfdr_discoveries",0.01,0
20260814,2,500,15,3000,3000,3000,3000,"fast","control_informative",0.05,3,0.01,"","separate_mirage","trait2","bfdr_observed_fdp",0.05,0
20260814,2,500,15,3000,3000,3000,3000,"fast","control_informative",0.05,3,0.01,"","separate_mirage","trait2","bfdr_estimate",0.05,0.0148857729345123
20260814,2,500,15,3000,3000,3000,3000,"fast","control_informative",0.05,3,0.01,"","separate_mirage","trait2","bfdr_power",0.05,0.1
20260814,2,500,15,3000,3000,3000,3000,"fast","control_informative",0.05,3,0.01,"","separate_mirage","trait2","bfdr_discoveries",0.05,1
20260814,2,500,15,3000,3000,3000,3000,"fast","control_informative",0.05,3,0.01,"","separate_mirage","trait2","bfdr_observed_fdp",0.1,0
20260814,2,500,15,3000,3000,3000,3000,"fast","control_informative",0.05,3,0.01,"","separate_mirage","trait2","bfdr_estimate",0.1,0.0148857729345123
20260814,2,500,15,3000,3000,3000,3000,"fast","control_informative",0.05,3,0.01,"","separate_mirage","trait2","bfdr_power",0.1,0.1
20260814,2,500,15,3000,3000,3000,3000,"fast","control_informative",0.05,3,0.01,"","separate_mirage","trait2","bfdr_discoveries",0.1,1
20260814,2,500,15,3000,3000,3000,3000,"fast","control_informative",0.05,3,0.01,"","separate_mirage","trait2","bfdr_observed_fdp",0.2,0.5
20260814,2,500,15,3000,3000,3000,3000,"fast","control_informative",0.05,3,0.01,"","separate_mirage","trait2","bfdr_estimate",0.2,0.144347319729133
20260814,2,500,15,3000,3000,3000,3000,"fast","control_informative",0.05,3,0.01,"","separate_mirage","trait2","bfdr_power",0.2,0.1
20260814,2,500,15,3000,3000,3000,3000,"fast","control_informative",0.05,3,0.01,"","separate_mirage","trait2","bfdr_discoveries",0.2,2
20260814,2,500,15,3000,3000,3000,3000,"fast","control_informative",0.05,3,0.01,"","separate_mirage","pleiotropy","bfdr_observed_fdp",0.01,0
20260814,2,500,15,3000,3000,3000,3000,"fast","control_informative",0.05,3,0.01,"","separate_mirage","pleiotropy","bfdr_estimate",0.01,0
20260814,2,500,15,3000,3000,3000,3000,"fast","control_informative",0.05,3,0.01,"","separate_mirage","pleiotropy","bfdr_power",0.01,0
20260814,2,500,15,3000,3000,3000,3000,"fast","control_informative",0.05,3,0.01,"","separate_mirage","pleiotropy","bfdr_discoveries",0.01,0
20260814,2,500,15,3000,3000,3000,3000,"fast","control_informative",0.05,3,0.01,"","separate_mirage","pleiotropy","bfdr_observed_fdp",0.05,0
20260814,2,500,15,3000,3000,3000,3000,"fast","control_informative",0.05,3,0.01,"","separate_mirage","pleiotropy","bfdr_estimate",0.05,0
20260814,2,500,15,3000,3000,3000,3000,"fast","control_informative",0.05,3,0.01,"","separate_mirage","pleiotropy","bfdr_power",0.05,0
20260814,2,500,15,3000,3000,3000,3000,"fast","control_informative",0.05,3,0.01,"","separate_mirage","pleiotropy","bfdr_discoveries",0.05,0
20260814,2,500,15,3000,3000,3000,3000,"fast","control_informative",0.05,3,0.01,"","separate_mirage","pleiotropy","bfdr_observed_fdp",0.1,0
20260814,2,500,15,3000,3000,3000,3000,"fast","control_informative",0.05,3,0.01,"","separate_mirage","pleiotropy","bfdr_estimate",0.1,0
20260814,2,500,15,3000,3000,3000,3000,"fast","control_informative",0.05,3,0.01,"","separate_mirage","pleiotropy","bfdr_power",0.1,0
20260814,2,500,15,3000,3000,3000,3000,"fast","control_informative",0.05,3,0.01,"","separate_mirage","pleiotropy","bfdr_discoveries",0.1,0
20260814,2,500,15,3000,3000,3000,3000,"fast","control_informative",0.05,3,0.01,"","separate_mirage","pleiotropy","bfdr_observed_fdp",0.2,0
20260814,2,500,15,3000,3000,3000,3000,"fast","control_informative",0.05,3,0.01,"","separate_mirage","pleiotropy","bfdr_estimate",0.2,0
20260814,2,500,15,3000,3000,3000,3000,"fast","control_informative",0.05,3,0.01,"","separate_mirage","pleiotropy","bfdr_power",0.2,0
20260814,2,500,15,3000,3000,3000,3000,"fast","control_informative",0.05,3,0.01,"","separate_mirage","pleiotropy","bfdr_discoveries",0.2,0
20260814,2,500,15,3000,3000,3000,3000,"fast","control_informative",0.05,3,0.01,"","separate_mirage","global","runtime_seconds",NA,18.336
20260814,2,500,15,3000,3000,3000,3000,"fast","control_informative",0.05,3,0.01,"","separate_mirage","pleiotropy","pi11_estimate",NA,0.001
20260814,2,500,15,3000,3000,3000,3000,"fast","control_informative",0.05,3,0.01,"","mtada_aggregated","trait1","auc",NA,0.708631578947368
20260814,2,500,15,3000,3000,3000,3000,"fast","control_informative",0.05,3,0.01,"","mtada_aggregated","trait2","auc",NA,0.826122448979592
20260814,2,500,15,3000,3000,3000,3000,"fast","control_informative",0.05,3,0.01,"","mtada_aggregated","pleiotropy","auc",NA,0.840808080808081
20260814,2,500,15,3000,3000,3000,3000,"fast","control_informative",0.05,3,0.01,"","mtada_aggregated","trait1","pp08_power",0.8,0.2
20260814,2,500,15,3000,3000,3000,3000,"fast","control_informative",0.05,3,0.01,"","mtada_aggregated","trait1","pp08_fdp",0.8,0.545454545454545
20260814,2,500,15,3000,3000,3000,3000,"fast","control_informative",0.05,3,0.01,"","mtada_aggregated","trait1","pp08_discoveries",0.8,11
20260814,2,500,15,3000,3000,3000,3000,"fast","control_informative",0.05,3,0.01,"","mtada_aggregated","trait2","pp08_power",0.8,0.4
20260814,2,500,15,3000,3000,3000,3000,"fast","control_informative",0.05,3,0.01,"","mtada_aggregated","trait2","pp08_fdp",0.8,0.764705882352941
20260814,2,500,15,3000,3000,3000,3000,"fast","control_informative",0.05,3,0.01,"","mtada_aggregated","trait2","pp08_discoveries",0.8,17
20260814,2,500,15,3000,3000,3000,3000,"fast","control_informative",0.05,3,0.01,"","mtada_aggregated","pleiotropy","pp08_power",0.8,0.2
20260814,2,500,15,3000,3000,3000,3000,"fast","control_informative",0.05,3,0.01,"","mtada_aggregated","pleiotropy","pp08_fdp",0.8,0
20260814,2,500,15,3000,3000,3000,3000,"fast","control_informative",0.05,3,0.01,"","mtada_aggregated","pleiotropy","pp08_discoveries",0.8,1
20260814,2,500,15,3000,3000,3000,3000,"fast","control_informative",0.05,3,0.01,"","mtada_aggregated","trait1","bfdr_observed_fdp",0.01,0.166666666666667
20260814,2,500,15,3000,3000,3000,3000,"fast","control_informative",0.05,3,0.01,"","mtada_aggregated","trait1","bfdr_estimate",0.01,0.00723560617850921
20260814,2,500,15,3000,3000,3000,3000,"fast","control_informative",0.05,3,0.01,"","mtada_aggregated","trait1","bfdr_power",0.01,0.2
20260814,2,500,15,3000,3000,3000,3000,"fast","control_informative",0.05,3,0.01,"","mtada_aggregated","trait1","bfdr_discoveries",0.01,6
20260814,2,500,15,3000,3000,3000,3000,"fast","control_informative",0.05,3,0.01,"","mtada_aggregated","trait1","bfdr_observed_fdp",0.05,0.583333333333333
20260814,2,500,15,3000,3000,3000,3000,"fast","control_informative",0.05,3,0.01,"","mtada_aggregated","trait1","bfdr_estimate",0.05,0.044149365764001
20260814,2,500,15,3000,3000,3000,3000,"fast","control_informative",0.05,3,0.01,"","mtada_aggregated","trait1","bfdr_power",0.05,0.2
20260814,2,500,15,3000,3000,3000,3000,"fast","control_informative",0.05,3,0.01,"","mtada_aggregated","trait1","bfdr_discoveries",0.05,12
20260814,2,500,15,3000,3000,3000,3000,"fast","control_informative",0.05,3,0.01,"","mtada_aggregated","trait1","bfdr_observed_fdp",0.1,0.533333333333333
20260814,2,500,15,3000,3000,3000,3000,"fast","control_informative",0.05,3,0.01,"","mtada_aggregated","trait1","bfdr_estimate",0.1,0.0884071082657756
20260814,2,500,15,3000,3000,3000,3000,"fast","control_informative",0.05,3,0.01,"","mtada_aggregated","trait1","bfdr_power",0.1,0.28
20260814,2,500,15,3000,3000,3000,3000,"fast","control_informative",0.05,3,0.01,"","mtada_aggregated","trait1","bfdr_discoveries",0.1,15
20260814,2,500,15,3000,3000,3000,3000,"fast","control_informative",0.05,3,0.01,"","mtada_aggregated","trait1","bfdr_observed_fdp",0.2,0.636363636363636
20260814,2,500,15,3000,3000,3000,3000,"fast","control_informative",0.05,3,0.01,"","mtada_aggregated","trait1","bfdr_estimate",0.2,0.196010619657434
20260814,2,500,15,3000,3000,3000,3000,"fast","control_informative",0.05,3,0.01,"","mtada_aggregated","trait1","bfdr_power",0.2,0.32
20260814,2,500,15,3000,3000,3000,3000,"fast","control_informative",0.05,3,0.01,"","mtada_aggregated","trait1","bfdr_discoveries",0.2,22
20260814,2,500,15,3000,3000,3000,3000,"fast","control_informative",0.05,3,0.01,"","mtada_aggregated","trait2","bfdr_observed_fdp",0.01,0.833333333333333
20260814,2,500,15,3000,3000,3000,3000,"fast","control_informative",0.05,3,0.01,"","mtada_aggregated","trait2","bfdr_estimate",0.01,0.00832081597283878
20260814,2,500,15,3000,3000,3000,3000,"fast","control_informative",0.05,3,0.01,"","mtada_aggregated","trait2","bfdr_power",0.01,0.2
20260814,2,500,15,3000,3000,3000,3000,"fast","control_informative",0.05,3,0.01,"","mtada_aggregated","trait2","bfdr_discoveries",0.01,12
20260814,2,500,15,3000,3000,3000,3000,"fast","control_informative",0.05,3,0.01,"","mtada_aggregated","trait2","bfdr_observed_fdp",0.05,0.764705882352941
20260814,2,500,15,3000,3000,3000,3000,"fast","control_informative",0.05,3,0.01,"","mtada_aggregated","trait2","bfdr_estimate",0.05,0.036572945322998
20260814,2,500,15,3000,3000,3000,3000,"fast","control_informative",0.05,3,0.01,"","mtada_aggregated","trait2","bfdr_power",0.05,0.4
20260814,2,500,15,3000,3000,3000,3000,"fast","control_informative",0.05,3,0.01,"","mtada_aggregated","trait2","bfdr_discoveries",0.05,17
20260814,2,500,15,3000,3000,3000,3000,"fast","control_informative",0.05,3,0.01,"","mtada_aggregated","trait2","bfdr_observed_fdp",0.1,0.8
20260814,2,500,15,3000,3000,3000,3000,"fast","control_informative",0.05,3,0.01,"","mtada_aggregated","trait2","bfdr_estimate",0.1,0.0975240441454506
20260814,2,500,15,3000,3000,3000,3000,"fast","control_informative",0.05,3,0.01,"","mtada_aggregated","trait2","bfdr_power",0.1,0.4
20260814,2,500,15,3000,3000,3000,3000,"fast","control_informative",0.05,3,0.01,"","mtada_aggregated","trait2","bfdr_discoveries",0.1,20
20260814,2,500,15,3000,3000,3000,3000,"fast","control_informative",0.05,3,0.01,"","mtada_aggregated","trait2","bfdr_observed_fdp",0.2,0.84
20260814,2,500,15,3000,3000,3000,3000,"fast","control_informative",0.05,3,0.01,"","mtada_aggregated","trait2","bfdr_estimate",0.2,0.195016563636974
20260814,2,500,15,3000,3000,3000,3000,"fast","control_informative",0.05,3,0.01,"","mtada_aggregated","trait2","bfdr_power",0.2,0.4
20260814,2,500,15,3000,3000,3000,3000,"fast","control_informative",0.05,3,0.01,"","mtada_aggregated","trait2","bfdr_discoveries",0.2,25
20260814,2,500,15,3000,3000,3000,3000,"fast","control_informative",0.05,3,0.01,"","mtada_aggregated","pleiotropy","bfdr_observed_fdp",0.01,0
20260814,2,500,15,3000,3000,3000,3000,"fast","control_informative",0.05,3,0.01,"","mtada_aggregated","pleiotropy","bfdr_estimate",0.01,0
20260814,2,500,15,3000,3000,3000,3000,"fast","control_informative",0.05,3,0.01,"","mtada_aggregated","pleiotropy","bfdr_power",0.01,0
20260814,2,500,15,3000,3000,3000,3000,"fast","control_informative",0.05,3,0.01,"","mtada_aggregated","pleiotropy","bfdr_discoveries",0.01,0
20260814,2,500,15,3000,3000,3000,3000,"fast","control_informative",0.05,3,0.01,"","mtada_aggregated","pleiotropy","bfdr_observed_fdp",0.05,0
20260814,2,500,15,3000,3000,3000,3000,"fast","control_informative",0.05,3,0.01,"","mtada_aggregated","pleiotropy","bfdr_estimate",0.05,0
20260814,2,500,15,3000,3000,3000,3000,"fast","control_informative",0.05,3,0.01,"","mtada_aggregated","pleiotropy","bfdr_power",0.05,0
20260814,2,500,15,3000,3000,3000,3000,"fast","control_informative",0.05,3,0.01,"","mtada_aggregated","pleiotropy","bfdr_discoveries",0.05,0
20260814,2,500,15,3000,3000,3000,3000,"fast","control_informative",0.05,3,0.01,"","mtada_aggregated","pleiotropy","bfdr_observed_fdp",0.1,0
20260814,2,500,15,3000,3000,3000,3000,"fast","control_informative",0.05,3,0.01,"","mtada_aggregated","pleiotropy","bfdr_estimate",0.1,0.06995329594562
20260814,2,500,15,3000,3000,3000,3000,"fast","control_informative",0.05,3,0.01,"","mtada_aggregated","pleiotropy","bfdr_power",0.1,0.2
20260814,2,500,15,3000,3000,3000,3000,"fast","control_informative",0.05,3,0.01,"","mtada_aggregated","pleiotropy","bfdr_discoveries",0.1,1
20260814,2,500,15,3000,3000,3000,3000,"fast","control_informative",0.05,3,0.01,"","mtada_aggregated","pleiotropy","bfdr_observed_fdp",0.2,0
20260814,2,500,15,3000,3000,3000,3000,"fast","control_informative",0.05,3,0.01,"","mtada_aggregated","pleiotropy","bfdr_estimate",0.2,0.06995329594562
20260814,2,500,15,3000,3000,3000,3000,"fast","control_informative",0.05,3,0.01,"","mtada_aggregated","pleiotropy","bfdr_power",0.2,0.2
20260814,2,500,15,3000,3000,3000,3000,"fast","control_informative",0.05,3,0.01,"","mtada_aggregated","pleiotropy","bfdr_discoveries",0.2,1
20260814,2,500,15,3000,3000,3000,3000,"fast","control_informative",0.05,3,0.01,"","mtada_aggregated","global","runtime_seconds",NA,0.828999999999994
20260814,2,500,15,3000,3000,3000,3000,"fast","control_informative",0.05,3,0.01,"","mtada_aggregated","pleiotropy","pi11_estimate",NA,0.00138333
20260815,3,500,15,3000,3000,3000,3000,"fast","control_informative",0.05,3,0.01,"","mirage_joint","trait1","auc",NA,0.611873684210526
20260815,3,500,15,3000,3000,3000,3000,"fast","control_informative",0.05,3,0.01,"","mirage_joint","trait2","auc",NA,0.67
20260815,3,500,15,3000,3000,3000,3000,"fast","control_informative",0.05,3,0.01,"","mirage_joint","pleiotropy","auc",NA,0.633939393939394
20260815,3,500,15,3000,3000,3000,3000,"fast","control_informative",0.05,3,0.01,"","mirage_joint","trait1","pp08_power",0.8,0.08
20260815,3,500,15,3000,3000,3000,3000,"fast","control_informative",0.05,3,0.01,"","mirage_joint","trait1","pp08_fdp",0.8,0.333333333333333
20260815,3,500,15,3000,3000,3000,3000,"fast","control_informative",0.05,3,0.01,"","mirage_joint","trait1","pp08_discoveries",0.8,3
20260815,3,500,15,3000,3000,3000,3000,"fast","control_informative",0.05,3,0.01,"","mirage_joint","trait2","pp08_power",0.8,0.1
20260815,3,500,15,3000,3000,3000,3000,"fast","control_informative",0.05,3,0.01,"","mirage_joint","trait2","pp08_fdp",0.8,0
20260815,3,500,15,3000,3000,3000,3000,"fast","control_informative",0.05,3,0.01,"","mirage_joint","trait2","pp08_discoveries",0.8,1
20260815,3,500,15,3000,3000,3000,3000,"fast","control_informative",0.05,3,0.01,"","mirage_joint","pleiotropy","pp08_power",0.8,0
20260815,3,500,15,3000,3000,3000,3000,"fast","control_informative",0.05,3,0.01,"","mirage_joint","pleiotropy","pp08_fdp",0.8,0
20260815,3,500,15,3000,3000,3000,3000,"fast","control_informative",0.05,3,0.01,"","mirage_joint","pleiotropy","pp08_discoveries",0.8,0
20260815,3,500,15,3000,3000,3000,3000,"fast","control_informative",0.05,3,0.01,"","mirage_joint","trait1","bfdr_observed_fdp",0.01,0
20260815,3,500,15,3000,3000,3000,3000,"fast","control_informative",0.05,3,0.01,"","mirage_joint","trait1","bfdr_estimate",0.01,0.000952435223885384
20260815,3,500,15,3000,3000,3000,3000,"fast","control_informative",0.05,3,0.01,"","mirage_joint","trait1","bfdr_power",0.01,0.08
20260815,3,500,15,3000,3000,3000,3000,"fast","control_informative",0.05,3,0.01,"","mirage_joint","trait1","bfdr_discoveries",0.01,2
20260815,3,500,15,3000,3000,3000,3000,"fast","control_informative",0.05,3,0.01,"","mirage_joint","trait1","bfdr_observed_fdp",0.05,0
20260815,3,500,15,3000,3000,3000,3000,"fast","control_informative",0.05,3,0.01,"","mirage_joint","trait1","bfdr_estimate",0.05,0.000952435223885384
20260815,3,500,15,3000,3000,3000,3000,"fast","control_informative",0.05,3,0.01,"","mirage_joint","trait1","bfdr_power",0.05,0.08
20260815,3,500,15,3000,3000,3000,3000,"fast","control_informative",0.05,3,0.01,"","mirage_joint","trait1","bfdr_discoveries",0.05,2
20260815,3,500,15,3000,3000,3000,3000,"fast","control_informative",0.05,3,0.01,"","mirage_joint","trait1","bfdr_observed_fdp",0.1,0.333333333333333
20260815,3,500,15,3000,3000,3000,3000,"fast","control_informative",0.05,3,0.01,"","mirage_joint","trait1","bfdr_estimate",0.1,0.0610590410965958
20260815,3,500,15,3000,3000,3000,3000,"fast","control_informative",0.05,3,0.01,"","mirage_joint","trait1","bfdr_power",0.1,0.08
20260815,3,500,15,3000,3000,3000,3000,"fast","control_informative",0.05,3,0.01,"","mirage_joint","trait1","bfdr_discoveries",0.1,3
20260815,3,500,15,3000,3000,3000,3000,"fast","control_informative",0.05,3,0.01,"","mirage_joint","trait1","bfdr_observed_fdp",0.2,0.25
20260815,3,500,15,3000,3000,3000,3000,"fast","control_informative",0.05,3,0.01,"","mirage_joint","trait1","bfdr_estimate",0.2,0.141628652483087
20260815,3,500,15,3000,3000,3000,3000,"fast","control_informative",0.05,3,0.01,"","mirage_joint","trait1","bfdr_power",0.2,0.12
20260815,3,500,15,3000,3000,3000,3000,"fast","control_informative",0.05,3,0.01,"","mirage_joint","trait1","bfdr_discoveries",0.2,4
20260815,3,500,15,3000,3000,3000,3000,"fast","control_informative",0.05,3,0.01,"","mirage_joint","trait2","bfdr_observed_fdp",0.01,0
20260815,3,500,15,3000,3000,3000,3000,"fast","control_informative",0.05,3,0.01,"","mirage_joint","trait2","bfdr_estimate",0.01,0
20260815,3,500,15,3000,3000,3000,3000,"fast","control_informative",0.05,3,0.01,"","mirage_joint","trait2","bfdr_power",0.01,0
20260815,3,500,15,3000,3000,3000,3000,"fast","control_informative",0.05,3,0.01,"","mirage_joint","trait2","bfdr_discoveries",0.01,0
20260815,3,500,15,3000,3000,3000,3000,"fast","control_informative",0.05,3,0.01,"","mirage_joint","trait2","bfdr_observed_fdp",0.05,0
20260815,3,500,15,3000,3000,3000,3000,"fast","control_informative",0.05,3,0.01,"","mirage_joint","trait2","bfdr_estimate",0.05,0.0201488972563548
20260815,3,500,15,3000,3000,3000,3000,"fast","control_informative",0.05,3,0.01,"","mirage_joint","trait2","bfdr_power",0.05,0.1
20260815,3,500,15,3000,3000,3000,3000,"fast","control_informative",0.05,3,0.01,"","mirage_joint","trait2","bfdr_discoveries",0.05,1
20260815,3,500,15,3000,3000,3000,3000,"fast","control_informative",0.05,3,0.01,"","mirage_joint","trait2","bfdr_observed_fdp",0.1,0
20260815,3,500,15,3000,3000,3000,3000,"fast","control_informative",0.05,3,0.01,"","mirage_joint","trait2","bfdr_estimate",0.1,0.0201488972563548
20260815,3,500,15,3000,3000,3000,3000,"fast","control_informative",0.05,3,0.01,"","mirage_joint","trait2","bfdr_power",0.1,0.1
20260815,3,500,15,3000,3000,3000,3000,"fast","control_informative",0.05,3,0.01,"","mirage_joint","trait2","bfdr_discoveries",0.1,1
20260815,3,500,15,3000,3000,3000,3000,"fast","control_informative",0.05,3,0.01,"","mirage_joint","trait2","bfdr_observed_fdp",0.2,0.5
20260815,3,500,15,3000,3000,3000,3000,"fast","control_informative",0.05,3,0.01,"","mirage_joint","trait2","bfdr_estimate",0.2,0.134592705800955
20260815,3,500,15,3000,3000,3000,3000,"fast","control_informative",0.05,3,0.01,"","mirage_joint","trait2","bfdr_power",0.2,0.1
20260815,3,500,15,3000,3000,3000,3000,"fast","control_informative",0.05,3,0.01,"","mirage_joint","trait2","bfdr_discoveries",0.2,2
20260815,3,500,15,3000,3000,3000,3000,"fast","control_informative",0.05,3,0.01,"","mirage_joint","pleiotropy","bfdr_observed_fdp",0.01,0
20260815,3,500,15,3000,3000,3000,3000,"fast","control_informative",0.05,3,0.01,"","mirage_joint","pleiotropy","bfdr_estimate",0.01,0
20260815,3,500,15,3000,3000,3000,3000,"fast","control_informative",0.05,3,0.01,"","mirage_joint","pleiotropy","bfdr_power",0.01,0
20260815,3,500,15,3000,3000,3000,3000,"fast","control_informative",0.05,3,0.01,"","mirage_joint","pleiotropy","bfdr_discoveries",0.01,0
20260815,3,500,15,3000,3000,3000,3000,"fast","control_informative",0.05,3,0.01,"","mirage_joint","pleiotropy","bfdr_observed_fdp",0.05,0
20260815,3,500,15,3000,3000,3000,3000,"fast","control_informative",0.05,3,0.01,"","mirage_joint","pleiotropy","bfdr_estimate",0.05,0
20260815,3,500,15,3000,3000,3000,3000,"fast","control_informative",0.05,3,0.01,"","mirage_joint","pleiotropy","bfdr_power",0.05,0
20260815,3,500,15,3000,3000,3000,3000,"fast","control_informative",0.05,3,0.01,"","mirage_joint","pleiotropy","bfdr_discoveries",0.05,0
20260815,3,500,15,3000,3000,3000,3000,"fast","control_informative",0.05,3,0.01,"","mirage_joint","pleiotropy","bfdr_observed_fdp",0.1,0
20260815,3,500,15,3000,3000,3000,3000,"fast","control_informative",0.05,3,0.01,"","mirage_joint","pleiotropy","bfdr_estimate",0.1,0
20260815,3,500,15,3000,3000,3000,3000,"fast","control_informative",0.05,3,0.01,"","mirage_joint","pleiotropy","bfdr_power",0.1,0
20260815,3,500,15,3000,3000,3000,3000,"fast","control_informative",0.05,3,0.01,"","mirage_joint","pleiotropy","bfdr_discoveries",0.1,0
20260815,3,500,15,3000,3000,3000,3000,"fast","control_informative",0.05,3,0.01,"","mirage_joint","pleiotropy","bfdr_observed_fdp",0.2,0
20260815,3,500,15,3000,3000,3000,3000,"fast","control_informative",0.05,3,0.01,"","mirage_joint","pleiotropy","bfdr_estimate",0.2,0
20260815,3,500,15,3000,3000,3000,3000,"fast","control_informative",0.05,3,0.01,"","mirage_joint","pleiotropy","bfdr_power",0.2,0
20260815,3,500,15,3000,3000,3000,3000,"fast","control_informative",0.05,3,0.01,"","mirage_joint","pleiotropy","bfdr_discoveries",0.2,0
20260815,3,500,15,3000,3000,3000,3000,"fast","control_informative",0.05,3,0.01,"","mirage_joint","global","runtime_seconds",NA,18.279
20260815,3,500,15,3000,3000,3000,3000,"fast","control_informative",0.05,3,0.01,"","mirage_joint","pleiotropy","pi11_estimate",NA,0.019645702061224
20260815,3,500,15,3000,3000,3000,3000,"fast","control_informative",0.05,3,0.01,"","separate_mirage","trait1","auc",NA,0.57861052631579
20260815,3,500,15,3000,3000,3000,3000,"fast","control_informative",0.05,3,0.01,"","separate_mirage","trait2","auc",NA,0.66
20260815,3,500,15,3000,3000,3000,3000,"fast","control_informative",0.05,3,0.01,"","separate_mirage","pleiotropy","auc",NA,0.673535353535354
20260815,3,500,15,3000,3000,3000,3000,"fast","control_informative",0.05,3,0.01,"","separate_mirage","trait1","pp08_power",0.8,0.08
20260815,3,500,15,3000,3000,3000,3000,"fast","control_informative",0.05,3,0.01,"","separate_mirage","trait1","pp08_fdp",0.8,0.333333333333333
20260815,3,500,15,3000,3000,3000,3000,"fast","control_informative",0.05,3,0.01,"","separate_mirage","trait1","pp08_discoveries",0.8,3
20260815,3,500,15,3000,3000,3000,3000,"fast","control_informative",0.05,3,0.01,"","separate_mirage","trait2","pp08_power",0.8,0.1
20260815,3,500,15,3000,3000,3000,3000,"fast","control_informative",0.05,3,0.01,"","separate_mirage","trait2","pp08_fdp",0.8,0
20260815,3,500,15,3000,3000,3000,3000,"fast","control_informative",0.05,3,0.01,"","separate_mirage","trait2","pp08_discoveries",0.8,1
20260815,3,500,15,3000,3000,3000,3000,"fast","control_informative",0.05,3,0.01,"","separate_mirage","pleiotropy","pp08_power",0.8,0
20260815,3,500,15,3000,3000,3000,3000,"fast","control_informative",0.05,3,0.01,"","separate_mirage","pleiotropy","pp08_fdp",0.8,0
20260815,3,500,15,3000,3000,3000,3000,"fast","control_informative",0.05,3,0.01,"","separate_mirage","pleiotropy","pp08_discoveries",0.8,0
20260815,3,500,15,3000,3000,3000,3000,"fast","control_informative",0.05,3,0.01,"","separate_mirage","trait1","bfdr_observed_fdp",0.01,0
20260815,3,500,15,3000,3000,3000,3000,"fast","control_informative",0.05,3,0.01,"","separate_mirage","trait1","bfdr_estimate",0.01,0.00108418581228437
20260815,3,500,15,3000,3000,3000,3000,"fast","control_informative",0.05,3,0.01,"","separate_mirage","trait1","bfdr_power",0.01,0.08
20260815,3,500,15,3000,3000,3000,3000,"fast","control_informative",0.05,3,0.01,"","separate_mirage","trait1","bfdr_discoveries",0.01,2
20260815,3,500,15,3000,3000,3000,3000,"fast","control_informative",0.05,3,0.01,"","separate_mirage","trait1","bfdr_observed_fdp",0.05,0.333333333333333
20260815,3,500,15,3000,3000,3000,3000,"fast","control_informative",0.05,3,0.01,"","separate_mirage","trait1","bfdr_estimate",0.05,0.0426682162068836
20260815,3,500,15,3000,3000,3000,3000,"fast","control_informative",0.05,3,0.01,"","separate_mirage","trait1","bfdr_power",0.05,0.08
20260815,3,500,15,3000,3000,3000,3000,"fast","control_informative",0.05,3,0.01,"","separate_mirage","trait1","bfdr_discoveries",0.05,3
20260815,3,500,15,3000,3000,3000,3000,"fast","control_informative",0.05,3,0.01,"","separate_mirage","trait1","bfdr_observed_fdp",0.1,0.333333333333333
20260815,3,500,15,3000,3000,3000,3000,"fast","control_informative",0.05,3,0.01,"","separate_mirage","trait1","bfdr_estimate",0.1,0.0426682162068836
20260815,3,500,15,3000,3000,3000,3000,"fast","control_informative",0.05,3,0.01,"","separate_mirage","trait1","bfdr_power",0.1,0.08
20260815,3,500,15,3000,3000,3000,3000,"fast","control_informative",0.05,3,0.01,"","separate_mirage","trait1","bfdr_discoveries",0.1,3
20260815,3,500,15,3000,3000,3000,3000,"fast","control_informative",0.05,3,0.01,"","separate_mirage","trait1","bfdr_observed_fdp",0.2,0.25
20260815,3,500,15,3000,3000,3000,3000,"fast","control_informative",0.05,3,0.01,"","separate_mirage","trait1","bfdr_estimate",0.2,0.128867473400169
20260815,3,500,15,3000,3000,3000,3000,"fast","control_informative",0.05,3,0.01,"","separate_mirage","trait1","bfdr_power",0.2,0.12
20260815,3,500,15,3000,3000,3000,3000,"fast","control_informative",0.05,3,0.01,"","separate_mirage","trait1","bfdr_discoveries",0.2,4
20260815,3,500,15,3000,3000,3000,3000,"fast","control_informative",0.05,3,0.01,"","separate_mirage","trait2","bfdr_observed_fdp",0.01,0
20260815,3,500,15,3000,3000,3000,3000,"fast","control_informative",0.05,3,0.01,"","separate_mirage","trait2","bfdr_estimate",0.01,0
20260815,3,500,15,3000,3000,3000,3000,"fast","control_informative",0.05,3,0.01,"","separate_mirage","trait2","bfdr_power",0.01,0
20260815,3,500,15,3000,3000,3000,3000,"fast","control_informative",0.05,3,0.01,"","separate_mirage","trait2","bfdr_discoveries",0.01,0
20260815,3,500,15,3000,3000,3000,3000,"fast","control_informative",0.05,3,0.01,"","separate_mirage","trait2","bfdr_observed_fdp",0.05,0
20260815,3,500,15,3000,3000,3000,3000,"fast","control_informative",0.05,3,0.01,"","separate_mirage","trait2","bfdr_estimate",0.05,0.0321430226947047
20260815,3,500,15,3000,3000,3000,3000,"fast","control_informative",0.05,3,0.01,"","separate_mirage","trait2","bfdr_power",0.05,0.1
20260815,3,500,15,3000,3000,3000,3000,"fast","control_informative",0.05,3,0.01,"","separate_mirage","trait2","bfdr_discoveries",0.05,1
20260815,3,500,15,3000,3000,3000,3000,"fast","control_informative",0.05,3,0.01,"","separate_mirage","trait2","bfdr_observed_fdp",0.1,0
20260815,3,500,15,3000,3000,3000,3000,"fast","control_informative",0.05,3,0.01,"","separate_mirage","trait2","bfdr_estimate",0.1,0.0321430226947047
20260815,3,500,15,3000,3000,3000,3000,"fast","control_informative",0.05,3,0.01,"","separate_mirage","trait2","bfdr_power",0.1,0.1
20260815,3,500,15,3000,3000,3000,3000,"fast","control_informative",0.05,3,0.01,"","separate_mirage","trait2","bfdr_discoveries",0.1,1
20260815,3,500,15,3000,3000,3000,3000,"fast","control_informative",0.05,3,0.01,"","separate_mirage","trait2","bfdr_observed_fdp",0.2,0
20260815,3,500,15,3000,3000,3000,3000,"fast","control_informative",0.05,3,0.01,"","separate_mirage","trait2","bfdr_estimate",0.2,0.0321430226947047
20260815,3,500,15,3000,3000,3000,3000,"fast","control_informative",0.05,3,0.01,"","separate_mirage","trait2","bfdr_power",0.2,0.1
20260815,3,500,15,3000,3000,3000,3000,"fast","control_informative",0.05,3,0.01,"","separate_mirage","trait2","bfdr_discoveries",0.2,1
20260815,3,500,15,3000,3000,3000,3000,"fast","control_informative",0.05,3,0.01,"","separate_mirage","pleiotropy","bfdr_observed_fdp",0.01,0
20260815,3,500,15,3000,3000,3000,3000,"fast","control_informative",0.05,3,0.01,"","separate_mirage","pleiotropy","bfdr_estimate",0.01,0
20260815,3,500,15,3000,3000,3000,3000,"fast","control_informative",0.05,3,0.01,"","separate_mirage","pleiotropy","bfdr_power",0.01,0
20260815,3,500,15,3000,3000,3000,3000,"fast","control_informative",0.05,3,0.01,"","separate_mirage","pleiotropy","bfdr_discoveries",0.01,0
20260815,3,500,15,3000,3000,3000,3000,"fast","control_informative",0.05,3,0.01,"","separate_mirage","pleiotropy","bfdr_observed_fdp",0.05,0
20260815,3,500,15,3000,3000,3000,3000,"fast","control_informative",0.05,3,0.01,"","separate_mirage","pleiotropy","bfdr_estimate",0.05,0
20260815,3,500,15,3000,3000,3000,3000,"fast","control_informative",0.05,3,0.01,"","separate_mirage","pleiotropy","bfdr_power",0.05,0
20260815,3,500,15,3000,3000,3000,3000,"fast","control_informative",0.05,3,0.01,"","separate_mirage","pleiotropy","bfdr_discoveries",0.05,0
20260815,3,500,15,3000,3000,3000,3000,"fast","control_informative",0.05,3,0.01,"","separate_mirage","pleiotropy","bfdr_observed_fdp",0.1,0
20260815,3,500,15,3000,3000,3000,3000,"fast","control_informative",0.05,3,0.01,"","separate_mirage","pleiotropy","bfdr_estimate",0.1,0
20260815,3,500,15,3000,3000,3000,3000,"fast","control_informative",0.05,3,0.01,"","separate_mirage","pleiotropy","bfdr_power",0.1,0
20260815,3,500,15,3000,3000,3000,3000,"fast","control_informative",0.05,3,0.01,"","separate_mirage","pleiotropy","bfdr_discoveries",0.1,0
20260815,3,500,15,3000,3000,3000,3000,"fast","control_informative",0.05,3,0.01,"","separate_mirage","pleiotropy","bfdr_observed_fdp",0.2,0
20260815,3,500,15,3000,3000,3000,3000,"fast","control_informative",0.05,3,0.01,"","separate_mirage","pleiotropy","bfdr_estimate",0.2,0
20260815,3,500,15,3000,3000,3000,3000,"fast","control_informative",0.05,3,0.01,"","separate_mirage","pleiotropy","bfdr_power",0.2,0
20260815,3,500,15,3000,3000,3000,3000,"fast","control_informative",0.05,3,0.01,"","separate_mirage","pleiotropy","bfdr_discoveries",0.2,0
20260815,3,500,15,3000,3000,3000,3000,"fast","control_informative",0.05,3,0.01,"","separate_mirage","global","runtime_seconds",NA,18.188
20260815,3,500,15,3000,3000,3000,3000,"fast","control_informative",0.05,3,0.01,"","separate_mirage","pleiotropy","pi11_estimate",NA,0.001
20260815,3,500,15,3000,3000,3000,3000,"fast","control_informative",0.05,3,0.01,"","mtada_aggregated","trait1","auc",NA,0.593010526315789
20260815,3,500,15,3000,3000,3000,3000,"fast","control_informative",0.05,3,0.01,"","mtada_aggregated","trait2","auc",NA,0.809183673469388
20260815,3,500,15,3000,3000,3000,3000,"fast","control_informative",0.05,3,0.01,"","mtada_aggregated","pleiotropy","auc",NA,0.692929292929293
20260815,3,500,15,3000,3000,3000,3000,"fast","control_informative",0.05,3,0.01,"","mtada_aggregated","trait1","pp08_power",0.8,0.08
20260815,3,500,15,3000,3000,3000,3000,"fast","control_informative",0.05,3,0.01,"","mtada_aggregated","trait1","pp08_fdp",0.8,0.833333333333333
20260815,3,500,15,3000,3000,3000,3000,"fast","control_informative",0.05,3,0.01,"","mtada_aggregated","trait1","pp08_discoveries",0.8,12
20260815,3,500,15,3000,3000,3000,3000,"fast","control_informative",0.05,3,0.01,"","mtada_aggregated","trait2","pp08_power",0.8,0.2
20260815,3,500,15,3000,3000,3000,3000,"fast","control_informative",0.05,3,0.01,"","mtada_aggregated","trait2","pp08_fdp",0.8,0.777777777777778
20260815,3,500,15,3000,3000,3000,3000,"fast","control_informative",0.05,3,0.01,"","mtada_aggregated","trait2","pp08_discoveries",0.8,9
20260815,3,500,15,3000,3000,3000,3000,"fast","control_informative",0.05,3,0.01,"","mtada_aggregated","pleiotropy","pp08_power",0.8,0
20260815,3,500,15,3000,3000,3000,3000,"fast","control_informative",0.05,3,0.01,"","mtada_aggregated","pleiotropy","pp08_fdp",0.8,0
20260815,3,500,15,3000,3000,3000,3000,"fast","control_informative",0.05,3,0.01,"","mtada_aggregated","pleiotropy","pp08_discoveries",0.8,0
20260815,3,500,15,3000,3000,3000,3000,"fast","control_informative",0.05,3,0.01,"","mtada_aggregated","trait1","bfdr_observed_fdp",0.01,0.714285714285714
20260815,3,500,15,3000,3000,3000,3000,"fast","control_informative",0.05,3,0.01,"","mtada_aggregated","trait1","bfdr_estimate",0.01,0.00754425878920257
20260815,3,500,15,3000,3000,3000,3000,"fast","control_informative",0.05,3,0.01,"","mtada_aggregated","trait1","bfdr_power",0.01,0.08
20260815,3,500,15,3000,3000,3000,3000,"fast","control_informative",0.05,3,0.01,"","mtada_aggregated","trait1","bfdr_discoveries",0.01,7
20260815,3,500,15,3000,3000,3000,3000,"fast","control_informative",0.05,3,0.01,"","mtada_aggregated","trait1","bfdr_observed_fdp",0.05,0.833333333333333
20260815,3,500,15,3000,3000,3000,3000,"fast","control_informative",0.05,3,0.01,"","mtada_aggregated","trait1","bfdr_estimate",0.05,0.042371649516801
20260815,3,500,15,3000,3000,3000,3000,"fast","control_informative",0.05,3,0.01,"","mtada_aggregated","trait1","bfdr_power",0.05,0.08
20260815,3,500,15,3000,3000,3000,3000,"fast","control_informative",0.05,3,0.01,"","mtada_aggregated","trait1","bfdr_discoveries",0.05,12
20260815,3,500,15,3000,3000,3000,3000,"fast","control_informative",0.05,3,0.01,"","mtada_aggregated","trait1","bfdr_observed_fdp",0.1,0.875
20260815,3,500,15,3000,3000,3000,3000,"fast","control_informative",0.05,3,0.01,"","mtada_aggregated","trait1","bfdr_estimate",0.1,0.0942408106326132
20260815,3,500,15,3000,3000,3000,3000,"fast","control_informative",0.05,3,0.01,"","mtada_aggregated","trait1","bfdr_power",0.1,0.08
20260815,3,500,15,3000,3000,3000,3000,"fast","control_informative",0.05,3,0.01,"","mtada_aggregated","trait1","bfdr_discoveries",0.1,16
20260815,3,500,15,3000,3000,3000,3000,"fast","control_informative",0.05,3,0.01,"","mtada_aggregated","trait1","bfdr_observed_fdp",0.2,0.857142857142857
20260815,3,500,15,3000,3000,3000,3000,"fast","control_informative",0.05,3,0.01,"","mtada_aggregated","trait1","bfdr_estimate",0.2,0.193414907421511
20260815,3,500,15,3000,3000,3000,3000,"fast","control_informative",0.05,3,0.01,"","mtada_aggregated","trait1","bfdr_power",0.2,0.12
20260815,3,500,15,3000,3000,3000,3000,"fast","control_informative",0.05,3,0.01,"","mtada_aggregated","trait1","bfdr_discoveries",0.2,21
20260815,3,500,15,3000,3000,3000,3000,"fast","control_informative",0.05,3,0.01,"","mtada_aggregated","trait2","bfdr_observed_fdp",0.01,0.75
20260815,3,500,15,3000,3000,3000,3000,"fast","control_informative",0.05,3,0.01,"","mtada_aggregated","trait2","bfdr_estimate",0.01,0.00730783965051354
20260815,3,500,15,3000,3000,3000,3000,"fast","control_informative",0.05,3,0.01,"","mtada_aggregated","trait2","bfdr_power",0.01,0.1
20260815,3,500,15,3000,3000,3000,3000,"fast","control_informative",0.05,3,0.01,"","mtada_aggregated","trait2","bfdr_discoveries",0.01,4
20260815,3,500,15,3000,3000,3000,3000,"fast","control_informative",0.05,3,0.01,"","mtada_aggregated","trait2","bfdr_observed_fdp",0.05,0.777777777777778
20260815,3,500,15,3000,3000,3000,3000,"fast","control_informative",0.05,3,0.01,"","mtada_aggregated","trait2","bfdr_estimate",0.05,0.0442434697012406
20260815,3,500,15,3000,3000,3000,3000,"fast","control_informative",0.05,3,0.01,"","mtada_aggregated","trait2","bfdr_power",0.05,0.2
20260815,3,500,15,3000,3000,3000,3000,"fast","control_informative",0.05,3,0.01,"","mtada_aggregated","trait2","bfdr_discoveries",0.05,9
20260815,3,500,15,3000,3000,3000,3000,"fast","control_informative",0.05,3,0.01,"","mtada_aggregated","trait2","bfdr_observed_fdp",0.1,0.833333333333333
20260815,3,500,15,3000,3000,3000,3000,"fast","control_informative",0.05,3,0.01,"","mtada_aggregated","trait2","bfdr_estimate",0.1,0.0936752663263517
20260815,3,500,15,3000,3000,3000,3000,"fast","control_informative",0.05,3,0.01,"","mtada_aggregated","trait2","bfdr_power",0.1,0.2
20260815,3,500,15,3000,3000,3000,3000,"fast","control_informative",0.05,3,0.01,"","mtada_aggregated","trait2","bfdr_discoveries",0.1,12
20260815,3,500,15,3000,3000,3000,3000,"fast","control_informative",0.05,3,0.01,"","mtada_aggregated","trait2","bfdr_observed_fdp",0.2,0.8125
20260815,3,500,15,3000,3000,3000,3000,"fast","control_informative",0.05,3,0.01,"","mtada_aggregated","trait2","bfdr_estimate",0.2,0.193410151920081
20260815,3,500,15,3000,3000,3000,3000,"fast","control_informative",0.05,3,0.01,"","mtada_aggregated","trait2","bfdr_power",0.2,0.3
20260815,3,500,15,3000,3000,3000,3000,"fast","control_informative",0.05,3,0.01,"","mtada_aggregated","trait2","bfdr_discoveries",0.2,16
20260815,3,500,15,3000,3000,3000,3000,"fast","control_informative",0.05,3,0.01,"","mtada_aggregated","pleiotropy","bfdr_observed_fdp",0.01,0
20260815,3,500,15,3000,3000,3000,3000,"fast","control_informative",0.05,3,0.01,"","mtada_aggregated","pleiotropy","bfdr_estimate",0.01,0
20260815,3,500,15,3000,3000,3000,3000,"fast","control_informative",0.05,3,0.01,"","mtada_aggregated","pleiotropy","bfdr_power",0.01,0
20260815,3,500,15,3000,3000,3000,3000,"fast","control_informative",0.05,3,0.01,"","mtada_aggregated","pleiotropy","bfdr_discoveries",0.01,0
20260815,3,500,15,3000,3000,3000,3000,"fast","control_informative",0.05,3,0.01,"","mtada_aggregated","pleiotropy","bfdr_observed_fdp",0.05,0
20260815,3,500,15,3000,3000,3000,3000,"fast","control_informative",0.05,3,0.01,"","mtada_aggregated","pleiotropy","bfdr_estimate",0.05,0
20260815,3,500,15,3000,3000,3000,3000,"fast","control_informative",0.05,3,0.01,"","mtada_aggregated","pleiotropy","bfdr_power",0.05,0
20260815,3,500,15,3000,3000,3000,3000,"fast","control_informative",0.05,3,0.01,"","mtada_aggregated","pleiotropy","bfdr_discoveries",0.05,0
20260815,3,500,15,3000,3000,3000,3000,"fast","control_informative",0.05,3,0.01,"","mtada_aggregated","pleiotropy","bfdr_observed_fdp",0.1,0
20260815,3,500,15,3000,3000,3000,3000,"fast","control_informative",0.05,3,0.01,"","mtada_aggregated","pleiotropy","bfdr_estimate",0.1,0
20260815,3,500,15,3000,3000,3000,3000,"fast","control_informative",0.05,3,0.01,"","mtada_aggregated","pleiotropy","bfdr_power",0.1,0
20260815,3,500,15,3000,3000,3000,3000,"fast","control_informative",0.05,3,0.01,"","mtada_aggregated","pleiotropy","bfdr_discoveries",0.1,0
20260815,3,500,15,3000,3000,3000,3000,"fast","control_informative",0.05,3,0.01,"","mtada_aggregated","pleiotropy","bfdr_observed_fdp",0.2,0
20260815,3,500,15,3000,3000,3000,3000,"fast","control_informative",0.05,3,0.01,"","mtada_aggregated","pleiotropy","bfdr_estimate",0.2,0
20260815,3,500,15,3000,3000,3000,3000,"fast","control_informative",0.05,3,0.01,"","mtada_aggregated","pleiotropy","bfdr_power",0.2,0
20260815,3,500,15,3000,3000,3000,3000,"fast","control_informative",0.05,3,0.01,"","mtada_aggregated","pleiotropy","bfdr_discoveries",0.2,0
20260815,3,500,15,3000,3000,3000,3000,"fast","control_informative",0.05,3,0.01,"","mtada_aggregated","global","runtime_seconds",NA,0.75800000000001
20260815,3,500,15,3000,3000,3000,3000,"fast","control_informative",0.05,3,0.01,"","mtada_aggregated","pleiotropy","pi11_estimate",NA,0.000518929
20260816,4,500,15,3000,3000,3000,3000,"fast","control_informative",0.05,3,0.01,"","mirage_joint","trait1","auc",NA,0.685473684210526
20260816,4,500,15,3000,3000,3000,3000,"fast","control_informative",0.05,3,0.01,"","mirage_joint","trait2","auc",NA,0.500816326530612
20260816,4,500,15,3000,3000,3000,3000,"fast","control_informative",0.05,3,0.01,"","mirage_joint","pleiotropy","auc",NA,0.496565656565657
20260816,4,500,15,3000,3000,3000,3000,"fast","control_informative",0.05,3,0.01,"","mirage_joint","trait1","pp08_power",0.8,0.12
20260816,4,500,15,3000,3000,3000,3000,"fast","control_informative",0.05,3,0.01,"","mirage_joint","trait1","pp08_fdp",0.8,0
20260816,4,500,15,3000,3000,3000,3000,"fast","control_informative",0.05,3,0.01,"","mirage_joint","trait1","pp08_discoveries",0.8,3
20260816,4,500,15,3000,3000,3000,3000,"fast","control_informative",0.05,3,0.01,"","mirage_joint","trait2","pp08_power",0.8,0.2
20260816,4,500,15,3000,3000,3000,3000,"fast","control_informative",0.05,3,0.01,"","mirage_joint","trait2","pp08_fdp",0.8,0
20260816,4,500,15,3000,3000,3000,3000,"fast","control_informative",0.05,3,0.01,"","mirage_joint","trait2","pp08_discoveries",0.8,2
20260816,4,500,15,3000,3000,3000,3000,"fast","control_informative",0.05,3,0.01,"","mirage_joint","pleiotropy","pp08_power",0.8,0
20260816,4,500,15,3000,3000,3000,3000,"fast","control_informative",0.05,3,0.01,"","mirage_joint","pleiotropy","pp08_fdp",0.8,0
20260816,4,500,15,3000,3000,3000,3000,"fast","control_informative",0.05,3,0.01,"","mirage_joint","pleiotropy","pp08_discoveries",0.8,0
20260816,4,500,15,3000,3000,3000,3000,"fast","control_informative",0.05,3,0.01,"","mirage_joint","trait1","bfdr_observed_fdp",0.01,0
20260816,4,500,15,3000,3000,3000,3000,"fast","control_informative",0.05,3,0.01,"","mirage_joint","trait1","bfdr_estimate",0.01,0.00272217546230374
20260816,4,500,15,3000,3000,3000,3000,"fast","control_informative",0.05,3,0.01,"","mirage_joint","trait1","bfdr_power",0.01,0.08
20260816,4,500,15,3000,3000,3000,3000,"fast","control_informative",0.05,3,0.01,"","mirage_joint","trait1","bfdr_discoveries",0.01,2
20260816,4,500,15,3000,3000,3000,3000,"fast","control_informative",0.05,3,0.01,"","mirage_joint","trait1","bfdr_observed_fdp",0.05,0
20260816,4,500,15,3000,3000,3000,3000,"fast","control_informative",0.05,3,0.01,"","mirage_joint","trait1","bfdr_estimate",0.05,0.0134922170654233
20260816,4,500,15,3000,3000,3000,3000,"fast","control_informative",0.05,3,0.01,"","mirage_joint","trait1","bfdr_power",0.05,0.12
20260816,4,500,15,3000,3000,3000,3000,"fast","control_informative",0.05,3,0.01,"","mirage_joint","trait1","bfdr_discoveries",0.05,3
20260816,4,500,15,3000,3000,3000,3000,"fast","control_informative",0.05,3,0.01,"","mirage_joint","trait1","bfdr_observed_fdp",0.1,0
20260816,4,500,15,3000,3000,3000,3000,"fast","control_informative",0.05,3,0.01,"","mirage_joint","trait1","bfdr_estimate",0.1,0.0996350692848693
20260816,4,500,15,3000,3000,3000,3000,"fast","control_informative",0.05,3,0.01,"","mirage_joint","trait1","bfdr_power",0.1,0.16
20260816,4,500,15,3000,3000,3000,3000,"fast","control_informative",0.05,3,0.01,"","mirage_joint","trait1","bfdr_discoveries",0.1,4
20260816,4,500,15,3000,3000,3000,3000,"fast","control_informative",0.05,3,0.01,"","mirage_joint","trait1","bfdr_observed_fdp",0.2,0.2
20260816,4,500,15,3000,3000,3000,3000,"fast","control_informative",0.05,3,0.01,"","mirage_joint","trait1","bfdr_estimate",0.2,0.179148399622217
20260816,4,500,15,3000,3000,3000,3000,"fast","control_informative",0.05,3,0.01,"","mirage_joint","trait1","bfdr_power",0.2,0.16
20260816,4,500,15,3000,3000,3000,3000,"fast","control_informative",0.05,3,0.01,"","mirage_joint","trait1","bfdr_discoveries",0.2,5
20260816,4,500,15,3000,3000,3000,3000,"fast","control_informative",0.05,3,0.01,"","mirage_joint","trait2","bfdr_observed_fdp",0.01,0
20260816,4,500,15,3000,3000,3000,3000,"fast","control_informative",0.05,3,0.01,"","mirage_joint","trait2","bfdr_estimate",0.01,0
20260816,4,500,15,3000,3000,3000,3000,"fast","control_informative",0.05,3,0.01,"","mirage_joint","trait2","bfdr_power",0.01,0
20260816,4,500,15,3000,3000,3000,3000,"fast","control_informative",0.05,3,0.01,"","mirage_joint","trait2","bfdr_discoveries",0.01,0
20260816,4,500,15,3000,3000,3000,3000,"fast","control_informative",0.05,3,0.01,"","mirage_joint","trait2","bfdr_observed_fdp",0.05,0
20260816,4,500,15,3000,3000,3000,3000,"fast","control_informative",0.05,3,0.01,"","mirage_joint","trait2","bfdr_estimate",0.05,0
20260816,4,500,15,3000,3000,3000,3000,"fast","control_informative",0.05,3,0.01,"","mirage_joint","trait2","bfdr_power",0.05,0
20260816,4,500,15,3000,3000,3000,3000,"fast","control_informative",0.05,3,0.01,"","mirage_joint","trait2","bfdr_discoveries",0.05,0
20260816,4,500,15,3000,3000,3000,3000,"fast","control_informative",0.05,3,0.01,"","mirage_joint","trait2","bfdr_observed_fdp",0.1,0
20260816,4,500,15,3000,3000,3000,3000,"fast","control_informative",0.05,3,0.01,"","mirage_joint","trait2","bfdr_estimate",0.1,0.0870045027167632
20260816,4,500,15,3000,3000,3000,3000,"fast","control_informative",0.05,3,0.01,"","mirage_joint","trait2","bfdr_power",0.1,0.2
20260816,4,500,15,3000,3000,3000,3000,"fast","control_informative",0.05,3,0.01,"","mirage_joint","trait2","bfdr_discoveries",0.1,2
20260816,4,500,15,3000,3000,3000,3000,"fast","control_informative",0.05,3,0.01,"","mirage_joint","trait2","bfdr_observed_fdp",0.2,0
20260816,4,500,15,3000,3000,3000,3000,"fast","control_informative",0.05,3,0.01,"","mirage_joint","trait2","bfdr_estimate",0.2,0.0870045027167632
20260816,4,500,15,3000,3000,3000,3000,"fast","control_informative",0.05,3,0.01,"","mirage_joint","trait2","bfdr_power",0.2,0.2
20260816,4,500,15,3000,3000,3000,3000,"fast","control_informative",0.05,3,0.01,"","mirage_joint","trait2","bfdr_discoveries",0.2,2
20260816,4,500,15,3000,3000,3000,3000,"fast","control_informative",0.05,3,0.01,"","mirage_joint","pleiotropy","bfdr_observed_fdp",0.01,0
20260816,4,500,15,3000,3000,3000,3000,"fast","control_informative",0.05,3,0.01,"","mirage_joint","pleiotropy","bfdr_estimate",0.01,0
20260816,4,500,15,3000,3000,3000,3000,"fast","control_informative",0.05,3,0.01,"","mirage_joint","pleiotropy","bfdr_power",0.01,0
20260816,4,500,15,3000,3000,3000,3000,"fast","control_informative",0.05,3,0.01,"","mirage_joint","pleiotropy","bfdr_discoveries",0.01,0
20260816,4,500,15,3000,3000,3000,3000,"fast","control_informative",0.05,3,0.01,"","mirage_joint","pleiotropy","bfdr_observed_fdp",0.05,0
20260816,4,500,15,3000,3000,3000,3000,"fast","control_informative",0.05,3,0.01,"","mirage_joint","pleiotropy","bfdr_estimate",0.05,0
20260816,4,500,15,3000,3000,3000,3000,"fast","control_informative",0.05,3,0.01,"","mirage_joint","pleiotropy","bfdr_power",0.05,0
20260816,4,500,15,3000,3000,3000,3000,"fast","control_informative",0.05,3,0.01,"","mirage_joint","pleiotropy","bfdr_discoveries",0.05,0
20260816,4,500,15,3000,3000,3000,3000,"fast","control_informative",0.05,3,0.01,"","mirage_joint","pleiotropy","bfdr_observed_fdp",0.1,0
20260816,4,500,15,3000,3000,3000,3000,"fast","control_informative",0.05,3,0.01,"","mirage_joint","pleiotropy","bfdr_estimate",0.1,0
20260816,4,500,15,3000,3000,3000,3000,"fast","control_informative",0.05,3,0.01,"","mirage_joint","pleiotropy","bfdr_power",0.1,0
20260816,4,500,15,3000,3000,3000,3000,"fast","control_informative",0.05,3,0.01,"","mirage_joint","pleiotropy","bfdr_discoveries",0.1,0
20260816,4,500,15,3000,3000,3000,3000,"fast","control_informative",0.05,3,0.01,"","mirage_joint","pleiotropy","bfdr_observed_fdp",0.2,0
20260816,4,500,15,3000,3000,3000,3000,"fast","control_informative",0.05,3,0.01,"","mirage_joint","pleiotropy","bfdr_estimate",0.2,0
20260816,4,500,15,3000,3000,3000,3000,"fast","control_informative",0.05,3,0.01,"","mirage_joint","pleiotropy","bfdr_power",0.2,0
20260816,4,500,15,3000,3000,3000,3000,"fast","control_informative",0.05,3,0.01,"","mirage_joint","pleiotropy","bfdr_discoveries",0.2,0
20260816,4,500,15,3000,3000,3000,3000,"fast","control_informative",0.05,3,0.01,"","mirage_joint","global","runtime_seconds",NA,18.211
20260816,4,500,15,3000,3000,3000,3000,"fast","control_informative",0.05,3,0.01,"","mirage_joint","pleiotropy","pi11_estimate",NA,1.01761477604534e-05
20260816,4,500,15,3000,3000,3000,3000,"fast","control_informative",0.05,3,0.01,"","separate_mirage","trait1","auc",NA,0.693136842105263
20260816,4,500,15,3000,3000,3000,3000,"fast","control_informative",0.05,3,0.01,"","separate_mirage","trait2","auc",NA,0.565918367346939
20260816,4,500,15,3000,3000,3000,3000,"fast","control_informative",0.05,3,0.01,"","separate_mirage","pleiotropy","auc",NA,0.524444444444444
20260816,4,500,15,3000,3000,3000,3000,"fast","control_informative",0.05,3,0.01,"","separate_mirage","trait1","pp08_power",0.8,0.12
20260816,4,500,15,3000,3000,3000,3000,"fast","control_informative",0.05,3,0.01,"","separate_mirage","trait1","pp08_fdp",0.8,0
20260816,4,500,15,3000,3000,3000,3000,"fast","control_informative",0.05,3,0.01,"","separate_mirage","trait1","pp08_discoveries",0.8,3
20260816,4,500,15,3000,3000,3000,3000,"fast","control_informative",0.05,3,0.01,"","separate_mirage","trait2","pp08_power",0.8,0.2
20260816,4,500,15,3000,3000,3000,3000,"fast","control_informative",0.05,3,0.01,"","separate_mirage","trait2","pp08_fdp",0.8,0
20260816,4,500,15,3000,3000,3000,3000,"fast","control_informative",0.05,3,0.01,"","separate_mirage","trait2","pp08_discoveries",0.8,2
20260816,4,500,15,3000,3000,3000,3000,"fast","control_informative",0.05,3,0.01,"","separate_mirage","pleiotropy","pp08_power",0.8,0
20260816,4,500,15,3000,3000,3000,3000,"fast","control_informative",0.05,3,0.01,"","separate_mirage","pleiotropy","pp08_fdp",0.8,0
20260816,4,500,15,3000,3000,3000,3000,"fast","control_informative",0.05,3,0.01,"","separate_mirage","pleiotropy","pp08_discoveries",0.8,0
20260816,4,500,15,3000,3000,3000,3000,"fast","control_informative",0.05,3,0.01,"","separate_mirage","trait1","bfdr_observed_fdp",0.01,0
20260816,4,500,15,3000,3000,3000,3000,"fast","control_informative",0.05,3,0.01,"","separate_mirage","trait1","bfdr_estimate",0.01,0.00334707321111016
20260816,4,500,15,3000,3000,3000,3000,"fast","control_informative",0.05,3,0.01,"","separate_mirage","trait1","bfdr_power",0.01,0.08
20260816,4,500,15,3000,3000,3000,3000,"fast","control_informative",0.05,3,0.01,"","separate_mirage","trait1","bfdr_discoveries",0.01,2
20260816,4,500,15,3000,3000,3000,3000,"fast","control_informative",0.05,3,0.01,"","separate_mirage","trait1","bfdr_observed_fdp",0.05,0
20260816,4,500,15,3000,3000,3000,3000,"fast","control_informative",0.05,3,0.01,"","separate_mirage","trait1","bfdr_estimate",0.05,0.0208275901850132
20260816,4,500,15,3000,3000,3000,3000,"fast","control_informative",0.05,3,0.01,"","separate_mirage","trait1","bfdr_power",0.05,0.12
20260816,4,500,15,3000,3000,3000,3000,"fast","control_informative",0.05,3,0.01,"","separate_mirage","trait1","bfdr_discoveries",0.05,3
20260816,4,500,15,3000,3000,3000,3000,"fast","control_informative",0.05,3,0.01,"","separate_mirage","trait1","bfdr_observed_fdp",0.1,0
20260816,4,500,15,3000,3000,3000,3000,"fast","control_informative",0.05,3,0.01,"","separate_mirage","trait1","bfdr_estimate",0.1,0.0208275901850132
20260816,4,500,15,3000,3000,3000,3000,"fast","control_informative",0.05,3,0.01,"","separate_mirage","trait1","bfdr_power",0.1,0.12
20260816,4,500,15,3000,3000,3000,3000,"fast","control_informative",0.05,3,0.01,"","separate_mirage","trait1","bfdr_discoveries",0.1,3
20260816,4,500,15,3000,3000,3000,3000,"fast","control_informative",0.05,3,0.01,"","separate_mirage","trait1","bfdr_observed_fdp",0.2,0.2
20260816,4,500,15,3000,3000,3000,3000,"fast","control_informative",0.05,3,0.01,"","separate_mirage","trait1","bfdr_estimate",0.2,0.193847978863395
20260816,4,500,15,3000,3000,3000,3000,"fast","control_informative",0.05,3,0.01,"","separate_mirage","trait1","bfdr_power",0.2,0.16
20260816,4,500,15,3000,3000,3000,3000,"fast","control_informative",0.05,3,0.01,"","separate_mirage","trait1","bfdr_discoveries",0.2,5
20260816,4,500,15,3000,3000,3000,3000,"fast","control_informative",0.05,3,0.01,"","separate_mirage","trait2","bfdr_observed_fdp",0.01,0
20260816,4,500,15,3000,3000,3000,3000,"fast","control_informative",0.05,3,0.01,"","separate_mirage","trait2","bfdr_estimate",0.01,0
20260816,4,500,15,3000,3000,3000,3000,"fast","control_informative",0.05,3,0.01,"","separate_mirage","trait2","bfdr_power",0.01,0
20260816,4,500,15,3000,3000,3000,3000,"fast","control_informative",0.05,3,0.01,"","separate_mirage","trait2","bfdr_discoveries",0.01,0
20260816,4,500,15,3000,3000,3000,3000,"fast","control_informative",0.05,3,0.01,"","separate_mirage","trait2","bfdr_observed_fdp",0.05,0
20260816,4,500,15,3000,3000,3000,3000,"fast","control_informative",0.05,3,0.01,"","separate_mirage","trait2","bfdr_estimate",0.05,0
20260816,4,500,15,3000,3000,3000,3000,"fast","control_informative",0.05,3,0.01,"","separate_mirage","trait2","bfdr_power",0.05,0
20260816,4,500,15,3000,3000,3000,3000,"fast","control_informative",0.05,3,0.01,"","separate_mirage","trait2","bfdr_discoveries",0.05,0
20260816,4,500,15,3000,3000,3000,3000,"fast","control_informative",0.05,3,0.01,"","separate_mirage","trait2","bfdr_observed_fdp",0.1,0
20260816,4,500,15,3000,3000,3000,3000,"fast","control_informative",0.05,3,0.01,"","separate_mirage","trait2","bfdr_estimate",0.1,0
20260816,4,500,15,3000,3000,3000,3000,"fast","control_informative",0.05,3,0.01,"","separate_mirage","trait2","bfdr_power",0.1,0
20260816,4,500,15,3000,3000,3000,3000,"fast","control_informative",0.05,3,0.01,"","separate_mirage","trait2","bfdr_discoveries",0.1,0
20260816,4,500,15,3000,3000,3000,3000,"fast","control_informative",0.05,3,0.01,"","separate_mirage","trait2","bfdr_observed_fdp",0.2,0
20260816,4,500,15,3000,3000,3000,3000,"fast","control_informative",0.05,3,0.01,"","separate_mirage","trait2","bfdr_estimate",0.2,0.145891021761843
20260816,4,500,15,3000,3000,3000,3000,"fast","control_informative",0.05,3,0.01,"","separate_mirage","trait2","bfdr_power",0.2,0.2
20260816,4,500,15,3000,3000,3000,3000,"fast","control_informative",0.05,3,0.01,"","separate_mirage","trait2","bfdr_discoveries",0.2,2
20260816,4,500,15,3000,3000,3000,3000,"fast","control_informative",0.05,3,0.01,"","separate_mirage","pleiotropy","bfdr_observed_fdp",0.01,0
20260816,4,500,15,3000,3000,3000,3000,"fast","control_informative",0.05,3,0.01,"","separate_mirage","pleiotropy","bfdr_estimate",0.01,0
20260816,4,500,15,3000,3000,3000,3000,"fast","control_informative",0.05,3,0.01,"","separate_mirage","pleiotropy","bfdr_power",0.01,0
20260816,4,500,15,3000,3000,3000,3000,"fast","control_informative",0.05,3,0.01,"","separate_mirage","pleiotropy","bfdr_discoveries",0.01,0
20260816,4,500,15,3000,3000,3000,3000,"fast","control_informative",0.05,3,0.01,"","separate_mirage","pleiotropy","bfdr_observed_fdp",0.05,0
20260816,4,500,15,3000,3000,3000,3000,"fast","control_informative",0.05,3,0.01,"","separate_mirage","pleiotropy","bfdr_estimate",0.05,0
20260816,4,500,15,3000,3000,3000,3000,"fast","control_informative",0.05,3,0.01,"","separate_mirage","pleiotropy","bfdr_power",0.05,0
20260816,4,500,15,3000,3000,3000,3000,"fast","control_informative",0.05,3,0.01,"","separate_mirage","pleiotropy","bfdr_discoveries",0.05,0
20260816,4,500,15,3000,3000,3000,3000,"fast","control_informative",0.05,3,0.01,"","separate_mirage","pleiotropy","bfdr_observed_fdp",0.1,0
20260816,4,500,15,3000,3000,3000,3000,"fast","control_informative",0.05,3,0.01,"","separate_mirage","pleiotropy","bfdr_estimate",0.1,0
20260816,4,500,15,3000,3000,3000,3000,"fast","control_informative",0.05,3,0.01,"","separate_mirage","pleiotropy","bfdr_power",0.1,0
20260816,4,500,15,3000,3000,3000,3000,"fast","control_informative",0.05,3,0.01,"","separate_mirage","pleiotropy","bfdr_discoveries",0.1,0
20260816,4,500,15,3000,3000,3000,3000,"fast","control_informative",0.05,3,0.01,"","separate_mirage","pleiotropy","bfdr_observed_fdp",0.2,0
20260816,4,500,15,3000,3000,3000,3000,"fast","control_informative",0.05,3,0.01,"","separate_mirage","pleiotropy","bfdr_estimate",0.2,0
20260816,4,500,15,3000,3000,3000,3000,"fast","control_informative",0.05,3,0.01,"","separate_mirage","pleiotropy","bfdr_power",0.2,0
20260816,4,500,15,3000,3000,3000,3000,"fast","control_informative",0.05,3,0.01,"","separate_mirage","pleiotropy","bfdr_discoveries",0.2,0
20260816,4,500,15,3000,3000,3000,3000,"fast","control_informative",0.05,3,0.01,"","separate_mirage","global","runtime_seconds",NA,18.262
20260816,4,500,15,3000,3000,3000,3000,"fast","control_informative",0.05,3,0.01,"","separate_mirage","pleiotropy","pi11_estimate",NA,0.001
20260816,4,500,15,3000,3000,3000,3000,"fast","control_informative",0.05,3,0.01,"","mtada_aggregated","trait1","auc",NA,0.698947368421053
20260816,4,500,15,3000,3000,3000,3000,"fast","control_informative",0.05,3,0.01,"","mtada_aggregated","trait2","auc",NA,0.68
20260816,4,500,15,3000,3000,3000,3000,"fast","control_informative",0.05,3,0.01,"","mtada_aggregated","pleiotropy","auc",NA,0.764040404040404
20260816,4,500,15,3000,3000,3000,3000,"fast","control_informative",0.05,3,0.01,"","mtada_aggregated","trait1","pp08_power",0.8,0.2
20260816,4,500,15,3000,3000,3000,3000,"fast","control_informative",0.05,3,0.01,"","mtada_aggregated","trait1","pp08_fdp",0.8,0.642857142857143
20260816,4,500,15,3000,3000,3000,3000,"fast","control_informative",0.05,3,0.01,"","mtada_aggregated","trait1","pp08_discoveries",0.8,14
20260816,4,500,15,3000,3000,3000,3000,"fast","control_informative",0.05,3,0.01,"","mtada_aggregated","trait2","pp08_power",0.8,0.2
20260816,4,500,15,3000,3000,3000,3000,"fast","control_informative",0.05,3,0.01,"","mtada_aggregated","trait2","pp08_fdp",0.8,0.8
20260816,4,500,15,3000,3000,3000,3000,"fast","control_informative",0.05,3,0.01,"","mtada_aggregated","trait2","pp08_discoveries",0.8,10
20260816,4,500,15,3000,3000,3000,3000,"fast","control_informative",0.05,3,0.01,"","mtada_aggregated","pleiotropy","pp08_power",0.8,0
20260816,4,500,15,3000,3000,3000,3000,"fast","control_informative",0.05,3,0.01,"","mtada_aggregated","pleiotropy","pp08_fdp",0.8,0
20260816,4,500,15,3000,3000,3000,3000,"fast","control_informative",0.05,3,0.01,"","mtada_aggregated","pleiotropy","pp08_discoveries",0.8,0
20260816,4,500,15,3000,3000,3000,3000,"fast","control_informative",0.05,3,0.01,"","mtada_aggregated","trait1","bfdr_observed_fdp",0.01,0.636363636363636
20260816,4,500,15,3000,3000,3000,3000,"fast","control_informative",0.05,3,0.01,"","mtada_aggregated","trait1","bfdr_estimate",0.01,0.00806577483292165
20260816,4,500,15,3000,3000,3000,3000,"fast","control_informative",0.05,3,0.01,"","mtada_aggregated","trait1","bfdr_power",0.01,0.16
20260816,4,500,15,3000,3000,3000,3000,"fast","control_informative",0.05,3,0.01,"","mtada_aggregated","trait1","bfdr_discoveries",0.01,11
20260816,4,500,15,3000,3000,3000,3000,"fast","control_informative",0.05,3,0.01,"","mtada_aggregated","trait1","bfdr_observed_fdp",0.05,0.666666666666667
20260816,4,500,15,3000,3000,3000,3000,"fast","control_informative",0.05,3,0.01,"","mtada_aggregated","trait1","bfdr_estimate",0.05,0.0401358960622832
20260816,4,500,15,3000,3000,3000,3000,"fast","control_informative",0.05,3,0.01,"","mtada_aggregated","trait1","bfdr_power",0.05,0.2
20260816,4,500,15,3000,3000,3000,3000,"fast","control_informative",0.05,3,0.01,"","mtada_aggregated","trait1","bfdr_discoveries",0.05,15
20260816,4,500,15,3000,3000,3000,3000,"fast","control_informative",0.05,3,0.01,"","mtada_aggregated","trait1","bfdr_observed_fdp",0.1,0.68421052631579
20260816,4,500,15,3000,3000,3000,3000,"fast","control_informative",0.05,3,0.01,"","mtada_aggregated","trait1","bfdr_estimate",0.1,0.0882112007965185
20260816,4,500,15,3000,3000,3000,3000,"fast","control_informative",0.05,3,0.01,"","mtada_aggregated","trait1","bfdr_power",0.1,0.24
20260816,4,500,15,3000,3000,3000,3000,"fast","control_informative",0.05,3,0.01,"","mtada_aggregated","trait1","bfdr_discoveries",0.1,19
20260816,4,500,15,3000,3000,3000,3000,"fast","control_informative",0.05,3,0.01,"","mtada_aggregated","trait1","bfdr_observed_fdp",0.2,0.730769230769231
20260816,4,500,15,3000,3000,3000,3000,"fast","control_informative",0.05,3,0.01,"","mtada_aggregated","trait1","bfdr_estimate",0.2,0.194244036593294
20260816,4,500,15,3000,3000,3000,3000,"fast","control_informative",0.05,3,0.01,"","mtada_aggregated","trait1","bfdr_power",0.2,0.28
20260816,4,500,15,3000,3000,3000,3000,"fast","control_informative",0.05,3,0.01,"","mtada_aggregated","trait1","bfdr_discoveries",0.2,26
20260816,4,500,15,3000,3000,3000,3000,"fast","control_informative",0.05,3,0.01,"","mtada_aggregated","trait2","bfdr_observed_fdp",0.01,0.75
20260816,4,500,15,3000,3000,3000,3000,"fast","control_informative",0.05,3,0.01,"","mtada_aggregated","trait2","bfdr_estimate",0.01,0.0083673250014348
20260816,4,500,15,3000,3000,3000,3000,"fast","control_informative",0.05,3,0.01,"","mtada_aggregated","trait2","bfdr_power",0.01,0.2
20260816,4,500,15,3000,3000,3000,3000,"fast","control_informative",0.05,3,0.01,"","mtada_aggregated","trait2","bfdr_discoveries",0.01,8
20260816,4,500,15,3000,3000,3000,3000,"fast","control_informative",0.05,3,0.01,"","mtada_aggregated","trait2","bfdr_observed_fdp",0.05,0.818181818181818
20260816,4,500,15,3000,3000,3000,3000,"fast","control_informative",0.05,3,0.01,"","mtada_aggregated","trait2","bfdr_estimate",0.05,0.0399732540219669
20260816,4,500,15,3000,3000,3000,3000,"fast","control_informative",0.05,3,0.01,"","mtada_aggregated","trait2","bfdr_power",0.05,0.2
20260816,4,500,15,3000,3000,3000,3000,"fast","control_informative",0.05,3,0.01,"","mtada_aggregated","trait2","bfdr_discoveries",0.05,11
20260816,4,500,15,3000,3000,3000,3000,"fast","control_informative",0.05,3,0.01,"","mtada_aggregated","trait2","bfdr_observed_fdp",0.1,0.846153846153846
20260816,4,500,15,3000,3000,3000,3000,"fast","control_informative",0.05,3,0.01,"","mtada_aggregated","trait2","bfdr_estimate",0.1,0.0986159389292245
20260816,4,500,15,3000,3000,3000,3000,"fast","control_informative",0.05,3,0.01,"","mtada_aggregated","trait2","bfdr_power",0.1,0.2
20260816,4,500,15,3000,3000,3000,3000,"fast","control_informative",0.05,3,0.01,"","mtada_aggregated","trait2","bfdr_discoveries",0.1,13
20260816,4,500,15,3000,3000,3000,3000,"fast","control_informative",0.05,3,0.01,"","mtada_aggregated","trait2","bfdr_observed_fdp",0.2,0.88235294117647
20260816,4,500,15,3000,3000,3000,3000,"fast","control_informative",0.05,3,0.01,"","mtada_aggregated","trait2","bfdr_estimate",0.2,0.185944655682645
20260816,4,500,15,3000,3000,3000,3000,"fast","control_informative",0.05,3,0.01,"","mtada_aggregated","trait2","bfdr_power",0.2,0.2
20260816,4,500,15,3000,3000,3000,3000,"fast","control_informative",0.05,3,0.01,"","mtada_aggregated","trait2","bfdr_discoveries",0.2,17
20260816,4,500,15,3000,3000,3000,3000,"fast","control_informative",0.05,3,0.01,"","mtada_aggregated","pleiotropy","bfdr_observed_fdp",0.01,0
20260816,4,500,15,3000,3000,3000,3000,"fast","control_informative",0.05,3,0.01,"","mtada_aggregated","pleiotropy","bfdr_estimate",0.01,0
20260816,4,500,15,3000,3000,3000,3000,"fast","control_informative",0.05,3,0.01,"","mtada_aggregated","pleiotropy","bfdr_power",0.01,0
20260816,4,500,15,3000,3000,3000,3000,"fast","control_informative",0.05,3,0.01,"","mtada_aggregated","pleiotropy","bfdr_discoveries",0.01,0
20260816,4,500,15,3000,3000,3000,3000,"fast","control_informative",0.05,3,0.01,"","mtada_aggregated","pleiotropy","bfdr_observed_fdp",0.05,0
20260816,4,500,15,3000,3000,3000,3000,"fast","control_informative",0.05,3,0.01,"","mtada_aggregated","pleiotropy","bfdr_estimate",0.05,0
20260816,4,500,15,3000,3000,3000,3000,"fast","control_informative",0.05,3,0.01,"","mtada_aggregated","pleiotropy","bfdr_power",0.05,0
20260816,4,500,15,3000,3000,3000,3000,"fast","control_informative",0.05,3,0.01,"","mtada_aggregated","pleiotropy","bfdr_discoveries",0.05,0
20260816,4,500,15,3000,3000,3000,3000,"fast","control_informative",0.05,3,0.01,"","mtada_aggregated","pleiotropy","bfdr_observed_fdp",0.1,0
20260816,4,500,15,3000,3000,3000,3000,"fast","control_informative",0.05,3,0.01,"","mtada_aggregated","pleiotropy","bfdr_estimate",0.1,0
20260816,4,500,15,3000,3000,3000,3000,"fast","control_informative",0.05,3,0.01,"","mtada_aggregated","pleiotropy","bfdr_power",0.1,0
20260816,4,500,15,3000,3000,3000,3000,"fast","control_informative",0.05,3,0.01,"","mtada_aggregated","pleiotropy","bfdr_discoveries",0.1,0
20260816,4,500,15,3000,3000,3000,3000,"fast","control_informative",0.05,3,0.01,"","mtada_aggregated","pleiotropy","bfdr_observed_fdp",0.2,0
20260816,4,500,15,3000,3000,3000,3000,"fast","control_informative",0.05,3,0.01,"","mtada_aggregated","pleiotropy","bfdr_estimate",0.2,0
20260816,4,500,15,3000,3000,3000,3000,"fast","control_informative",0.05,3,0.01,"","mtada_aggregated","pleiotropy","bfdr_power",0.2,0
20260816,4,500,15,3000,3000,3000,3000,"fast","control_informative",0.05,3,0.01,"","mtada_aggregated","pleiotropy","bfdr_discoveries",0.2,0
20260816,4,500,15,3000,3000,3000,3000,"fast","control_informative",0.05,3,0.01,"","mtada_aggregated","global","runtime_seconds",NA,0.699999999999989
20260816,4,500,15,3000,3000,3000,3000,"fast","control_informative",0.05,3,0.01,"","mtada_aggregated","pleiotropy","pi11_estimate",NA,0.00127363
20260817,5,500,15,3000,3000,3000,3000,"fast","control_informative",0.05,3,0.01,"","mirage_joint","trait1","auc",NA,0.728757894736842
20260817,5,500,15,3000,3000,3000,3000,"fast","control_informative",0.05,3,0.01,"","mirage_joint","trait2","auc",NA,0.720408163265306
20260817,5,500,15,3000,3000,3000,3000,"fast","control_informative",0.05,3,0.01,"","mirage_joint","pleiotropy","auc",NA,0.892525252525252
20260817,5,500,15,3000,3000,3000,3000,"fast","control_informative",0.05,3,0.01,"","mirage_joint","trait1","pp08_power",0.8,0.16
20260817,5,500,15,3000,3000,3000,3000,"fast","control_informative",0.05,3,0.01,"","mirage_joint","trait1","pp08_fdp",0.8,0.2
20260817,5,500,15,3000,3000,3000,3000,"fast","control_informative",0.05,3,0.01,"","mirage_joint","trait1","pp08_discoveries",0.8,5
20260817,5,500,15,3000,3000,3000,3000,"fast","control_informative",0.05,3,0.01,"","mirage_joint","trait2","pp08_power",0.8,0.1
20260817,5,500,15,3000,3000,3000,3000,"fast","control_informative",0.05,3,0.01,"","mirage_joint","trait2","pp08_fdp",0.8,0
20260817,5,500,15,3000,3000,3000,3000,"fast","control_informative",0.05,3,0.01,"","mirage_joint","trait2","pp08_discoveries",0.8,1
20260817,5,500,15,3000,3000,3000,3000,"fast","control_informative",0.05,3,0.01,"","mirage_joint","pleiotropy","pp08_power",0.8,0
20260817,5,500,15,3000,3000,3000,3000,"fast","control_informative",0.05,3,0.01,"","mirage_joint","pleiotropy","pp08_fdp",0.8,0
20260817,5,500,15,3000,3000,3000,3000,"fast","control_informative",0.05,3,0.01,"","mirage_joint","pleiotropy","pp08_discoveries",0.8,0
20260817,5,500,15,3000,3000,3000,3000,"fast","control_informative",0.05,3,0.01,"","mirage_joint","trait1","bfdr_observed_fdp",0.01,0
20260817,5,500,15,3000,3000,3000,3000,"fast","control_informative",0.05,3,0.01,"","mirage_joint","trait1","bfdr_estimate",0.01,8.9348929355193e-07
20260817,5,500,15,3000,3000,3000,3000,"fast","control_informative",0.05,3,0.01,"","mirage_joint","trait1","bfdr_power",0.01,0.04
20260817,5,500,15,3000,3000,3000,3000,"fast","control_informative",0.05,3,0.01,"","mirage_joint","trait1","bfdr_discoveries",0.01,1
20260817,5,500,15,3000,3000,3000,3000,"fast","control_informative",0.05,3,0.01,"","mirage_joint","trait1","bfdr_observed_fdp",0.05,0
20260817,5,500,15,3000,3000,3000,3000,"fast","control_informative",0.05,3,0.01,"","mirage_joint","trait1","bfdr_estimate",0.05,0.0445042257061555
20260817,5,500,15,3000,3000,3000,3000,"fast","control_informative",0.05,3,0.01,"","mirage_joint","trait1","bfdr_power",0.05,0.12
20260817,5,500,15,3000,3000,3000,3000,"fast","control_informative",0.05,3,0.01,"","mirage_joint","trait1","bfdr_discoveries",0.05,3
20260817,5,500,15,3000,3000,3000,3000,"fast","control_informative",0.05,3,0.01,"","mirage_joint","trait1","bfdr_observed_fdp",0.1,0.2
20260817,5,500,15,3000,3000,3000,3000,"fast","control_informative",0.05,3,0.01,"","mirage_joint","trait1","bfdr_estimate",0.1,0.0839888901568328
20260817,5,500,15,3000,3000,3000,3000,"fast","control_informative",0.05,3,0.01,"","mirage_joint","trait1","bfdr_power",0.1,0.16
20260817,5,500,15,3000,3000,3000,3000,"fast","control_informative",0.05,3,0.01,"","mirage_joint","trait1","bfdr_discoveries",0.1,5
20260817,5,500,15,3000,3000,3000,3000,"fast","control_informative",0.05,3,0.01,"","mirage_joint","trait1","bfdr_observed_fdp",0.2,0.5
20260817,5,500,15,3000,3000,3000,3000,"fast","control_informative",0.05,3,0.01,"","mirage_joint","trait1","bfdr_estimate",0.2,0.181394814120559
20260817,5,500,15,3000,3000,3000,3000,"fast","control_informative",0.05,3,0.01,"","mirage_joint","trait1","bfdr_power",0.2,0.16
20260817,5,500,15,3000,3000,3000,3000,"fast","control_informative",0.05,3,0.01,"","mirage_joint","trait1","bfdr_discoveries",0.2,8
20260817,5,500,15,3000,3000,3000,3000,"fast","control_informative",0.05,3,0.01,"","mirage_joint","trait2","bfdr_observed_fdp",0.01,0
20260817,5,500,15,3000,3000,3000,3000,"fast","control_informative",0.05,3,0.01,"","mirage_joint","trait2","bfdr_estimate",0.01,0
20260817,5,500,15,3000,3000,3000,3000,"fast","control_informative",0.05,3,0.01,"","mirage_joint","trait2","bfdr_power",0.01,0
20260817,5,500,15,3000,3000,3000,3000,"fast","control_informative",0.05,3,0.01,"","mirage_joint","trait2","bfdr_discoveries",0.01,0
20260817,5,500,15,3000,3000,3000,3000,"fast","control_informative",0.05,3,0.01,"","mirage_joint","trait2","bfdr_observed_fdp",0.05,0
20260817,5,500,15,3000,3000,3000,3000,"fast","control_informative",0.05,3,0.01,"","mirage_joint","trait2","bfdr_estimate",0.05,0.0157587871863497
20260817,5,500,15,3000,3000,3000,3000,"fast","control_informative",0.05,3,0.01,"","mirage_joint","trait2","bfdr_power",0.05,0.1
20260817,5,500,15,3000,3000,3000,3000,"fast","control_informative",0.05,3,0.01,"","mirage_joint","trait2","bfdr_discoveries",0.05,1
20260817,5,500,15,3000,3000,3000,3000,"fast","control_informative",0.05,3,0.01,"","mirage_joint","trait2","bfdr_observed_fdp",0.1,0
20260817,5,500,15,3000,3000,3000,3000,"fast","control_informative",0.05,3,0.01,"","mirage_joint","trait2","bfdr_estimate",0.1,0.0157587871863497
20260817,5,500,15,3000,3000,3000,3000,"fast","control_informative",0.05,3,0.01,"","mirage_joint","trait2","bfdr_power",0.1,0.1
20260817,5,500,15,3000,3000,3000,3000,"fast","control_informative",0.05,3,0.01,"","mirage_joint","trait2","bfdr_discoveries",0.1,1
20260817,5,500,15,3000,3000,3000,3000,"fast","control_informative",0.05,3,0.01,"","mirage_joint","trait2","bfdr_observed_fdp",0.2,0.5
20260817,5,500,15,3000,3000,3000,3000,"fast","control_informative",0.05,3,0.01,"","mirage_joint","trait2","bfdr_estimate",0.2,0.1818578597153
20260817,5,500,15,3000,3000,3000,3000,"fast","control_informative",0.05,3,0.01,"","mirage_joint","trait2","bfdr_power",0.2,0.1
20260817,5,500,15,3000,3000,3000,3000,"fast","control_informative",0.05,3,0.01,"","mirage_joint","trait2","bfdr_discoveries",0.2,2
20260817,5,500,15,3000,3000,3000,3000,"fast","control_informative",0.05,3,0.01,"","mirage_joint","pleiotropy","bfdr_observed_fdp",0.01,0
20260817,5,500,15,3000,3000,3000,3000,"fast","control_informative",0.05,3,0.01,"","mirage_joint","pleiotropy","bfdr_estimate",0.01,0
20260817,5,500,15,3000,3000,3000,3000,"fast","control_informative",0.05,3,0.01,"","mirage_joint","pleiotropy","bfdr_power",0.01,0
20260817,5,500,15,3000,3000,3000,3000,"fast","control_informative",0.05,3,0.01,"","mirage_joint","pleiotropy","bfdr_discoveries",0.01,0
20260817,5,500,15,3000,3000,3000,3000,"fast","control_informative",0.05,3,0.01,"","mirage_joint","pleiotropy","bfdr_observed_fdp",0.05,0
20260817,5,500,15,3000,3000,3000,3000,"fast","control_informative",0.05,3,0.01,"","mirage_joint","pleiotropy","bfdr_estimate",0.05,0
20260817,5,500,15,3000,3000,3000,3000,"fast","control_informative",0.05,3,0.01,"","mirage_joint","pleiotropy","bfdr_power",0.05,0
20260817,5,500,15,3000,3000,3000,3000,"fast","control_informative",0.05,3,0.01,"","mirage_joint","pleiotropy","bfdr_discoveries",0.05,0
20260817,5,500,15,3000,3000,3000,3000,"fast","control_informative",0.05,3,0.01,"","mirage_joint","pleiotropy","bfdr_observed_fdp",0.1,0
20260817,5,500,15,3000,3000,3000,3000,"fast","control_informative",0.05,3,0.01,"","mirage_joint","pleiotropy","bfdr_estimate",0.1,0
20260817,5,500,15,3000,3000,3000,3000,"fast","control_informative",0.05,3,0.01,"","mirage_joint","pleiotropy","bfdr_power",0.1,0
20260817,5,500,15,3000,3000,3000,3000,"fast","control_informative",0.05,3,0.01,"","mirage_joint","pleiotropy","bfdr_discoveries",0.1,0
20260817,5,500,15,3000,3000,3000,3000,"fast","control_informative",0.05,3,0.01,"","mirage_joint","pleiotropy","bfdr_observed_fdp",0.2,0
20260817,5,500,15,3000,3000,3000,3000,"fast","control_informative",0.05,3,0.01,"","mirage_joint","pleiotropy","bfdr_estimate",0.2,0
20260817,5,500,15,3000,3000,3000,3000,"fast","control_informative",0.05,3,0.01,"","mirage_joint","pleiotropy","bfdr_power",0.2,0
20260817,5,500,15,3000,3000,3000,3000,"fast","control_informative",0.05,3,0.01,"","mirage_joint","pleiotropy","bfdr_discoveries",0.2,0
20260817,5,500,15,3000,3000,3000,3000,"fast","control_informative",0.05,3,0.01,"","mirage_joint","global","runtime_seconds",NA,18.223
20260817,5,500,15,3000,3000,3000,3000,"fast","control_informative",0.05,3,0.01,"","mirage_joint","pleiotropy","pi11_estimate",NA,0.000648584709454543
20260817,5,500,15,3000,3000,3000,3000,"fast","control_informative",0.05,3,0.01,"","separate_mirage","trait1","auc",NA,0.728926315789474
20260817,5,500,15,3000,3000,3000,3000,"fast","control_informative",0.05,3,0.01,"","separate_mirage","trait2","auc",NA,0.715714285714286
20260817,5,500,15,3000,3000,3000,3000,"fast","control_informative",0.05,3,0.01,"","separate_mirage","pleiotropy","auc",NA,0.867474747474748
20260817,5,500,15,3000,3000,3000,3000,"fast","control_informative",0.05,3,0.01,"","separate_mirage","trait1","pp08_power",0.8,0.12
20260817,5,500,15,3000,3000,3000,3000,"fast","control_informative",0.05,3,0.01,"","separate_mirage","trait1","pp08_fdp",0.8,0
20260817,5,500,15,3000,3000,3000,3000,"fast","control_informative",0.05,3,0.01,"","separate_mirage","trait1","pp08_discoveries",0.8,3
20260817,5,500,15,3000,3000,3000,3000,"fast","control_informative",0.05,3,0.01,"","separate_mirage","trait2","pp08_power",0.8,0.1
20260817,5,500,15,3000,3000,3000,3000,"fast","control_informative",0.05,3,0.01,"","separate_mirage","trait2","pp08_fdp",0.8,0
20260817,5,500,15,3000,3000,3000,3000,"fast","control_informative",0.05,3,0.01,"","separate_mirage","trait2","pp08_discoveries",0.8,1
20260817,5,500,15,3000,3000,3000,3000,"fast","control_informative",0.05,3,0.01,"","separate_mirage","pleiotropy","pp08_power",0.8,0
20260817,5,500,15,3000,3000,3000,3000,"fast","control_informative",0.05,3,0.01,"","separate_mirage","pleiotropy","pp08_fdp",0.8,0
20260817,5,500,15,3000,3000,3000,3000,"fast","control_informative",0.05,3,0.01,"","separate_mirage","pleiotropy","pp08_discoveries",0.8,0
20260817,5,500,15,3000,3000,3000,3000,"fast","control_informative",0.05,3,0.01,"","separate_mirage","trait1","bfdr_observed_fdp",0.01,0
20260817,5,500,15,3000,3000,3000,3000,"fast","control_informative",0.05,3,0.01,"","separate_mirage","trait1","bfdr_estimate",0.01,1.09450853391646e-06
20260817,5,500,15,3000,3000,3000,3000,"fast","control_informative",0.05,3,0.01,"","separate_mirage","trait1","bfdr_power",0.01,0.04
20260817,5,500,15,3000,3000,3000,3000,"fast","control_informative",0.05,3,0.01,"","separate_mirage","trait1","bfdr_discoveries",0.01,1
20260817,5,500,15,3000,3000,3000,3000,"fast","control_informative",0.05,3,0.01,"","separate_mirage","trait1","bfdr_observed_fdp",0.05,0
20260817,5,500,15,3000,3000,3000,3000,"fast","control_informative",0.05,3,0.01,"","separate_mirage","trait1","bfdr_estimate",0.05,1.09450853391646e-06
20260817,5,500,15,3000,3000,3000,3000,"fast","control_informative",0.05,3,0.01,"","separate_mirage","trait1","bfdr_power",0.05,0.04
20260817,5,500,15,3000,3000,3000,3000,"fast","control_informative",0.05,3,0.01,"","separate_mirage","trait1","bfdr_discoveries",0.05,1
20260817,5,500,15,3000,3000,3000,3000,"fast","control_informative",0.05,3,0.01,"","separate_mirage","trait1","bfdr_observed_fdp",0.1,0
20260817,5,500,15,3000,3000,3000,3000,"fast","control_informative",0.05,3,0.01,"","separate_mirage","trait1","bfdr_estimate",0.1,0.0846046792057181
20260817,5,500,15,3000,3000,3000,3000,"fast","control_informative",0.05,3,0.01,"","separate_mirage","trait1","bfdr_power",0.1,0.12
20260817,5,500,15,3000,3000,3000,3000,"fast","control_informative",0.05,3,0.01,"","separate_mirage","trait1","bfdr_discoveries",0.1,3
20260817,5,500,15,3000,3000,3000,3000,"fast","control_informative",0.05,3,0.01,"","separate_mirage","trait1","bfdr_observed_fdp",0.2,0.333333333333333
20260817,5,500,15,3000,3000,3000,3000,"fast","control_informative",0.05,3,0.01,"","separate_mirage","trait1","bfdr_estimate",0.2,0.194572898498312
20260817,5,500,15,3000,3000,3000,3000,"fast","control_informative",0.05,3,0.01,"","separate_mirage","trait1","bfdr_power",0.2,0.16
20260817,5,500,15,3000,3000,3000,3000,"fast","control_informative",0.05,3,0.01,"","separate_mirage","trait1","bfdr_discoveries",0.2,6
20260817,5,500,15,3000,3000,3000,3000,"fast","control_informative",0.05,3,0.01,"","separate_mirage","trait2","bfdr_observed_fdp",0.01,0
20260817,5,500,15,3000,3000,3000,3000,"fast","control_informative",0.05,3,0.01,"","separate_mirage","trait2","bfdr_estimate",0.01,0
20260817,5,500,15,3000,3000,3000,3000,"fast","control_informative",0.05,3,0.01,"","separate_mirage","trait2","bfdr_power",0.01,0
20260817,5,500,15,3000,3000,3000,3000,"fast","control_informative",0.05,3,0.01,"","separate_mirage","trait2","bfdr_discoveries",0.01,0
20260817,5,500,15,3000,3000,3000,3000,"fast","control_informative",0.05,3,0.01,"","separate_mirage","trait2","bfdr_observed_fdp",0.05,0
20260817,5,500,15,3000,3000,3000,3000,"fast","control_informative",0.05,3,0.01,"","separate_mirage","trait2","bfdr_estimate",0.05,0.0185794443731078
20260817,5,500,15,3000,3000,3000,3000,"fast","control_informative",0.05,3,0.01,"","separate_mirage","trait2","bfdr_power",0.05,0.1
20260817,5,500,15,3000,3000,3000,3000,"fast","control_informative",0.05,3,0.01,"","separate_mirage","trait2","bfdr_discoveries",0.05,1
20260817,5,500,15,3000,3000,3000,3000,"fast","control_informative",0.05,3,0.01,"","separate_mirage","trait2","bfdr_observed_fdp",0.1,0
20260817,5,500,15,3000,3000,3000,3000,"fast","control_informative",0.05,3,0.01,"","separate_mirage","trait2","bfdr_estimate",0.1,0.0185794443731078
20260817,5,500,15,3000,3000,3000,3000,"fast","control_informative",0.05,3,0.01,"","separate_mirage","trait2","bfdr_power",0.1,0.1
20260817,5,500,15,3000,3000,3000,3000,"fast","control_informative",0.05,3,0.01,"","separate_mirage","trait2","bfdr_discoveries",0.1,1
20260817,5,500,15,3000,3000,3000,3000,"fast","control_informative",0.05,3,0.01,"","separate_mirage","trait2","bfdr_observed_fdp",0.2,0.5
20260817,5,500,15,3000,3000,3000,3000,"fast","control_informative",0.05,3,0.01,"","separate_mirage","trait2","bfdr_estimate",0.2,0.189623063350679
20260817,5,500,15,3000,3000,3000,3000,"fast","control_informative",0.05,3,0.01,"","separate_mirage","trait2","bfdr_power",0.2,0.1
20260817,5,500,15,3000,3000,3000,3000,"fast","control_informative",0.05,3,0.01,"","separate_mirage","trait2","bfdr_discoveries",0.2,2
20260817,5,500,15,3000,3000,3000,3000,"fast","control_informative",0.05,3,0.01,"","separate_mirage","pleiotropy","bfdr_observed_fdp",0.01,0
20260817,5,500,15,3000,3000,3000,3000,"fast","control_informative",0.05,3,0.01,"","separate_mirage","pleiotropy","bfdr_estimate",0.01,0
20260817,5,500,15,3000,3000,3000,3000,"fast","control_informative",0.05,3,0.01,"","separate_mirage","pleiotropy","bfdr_power",0.01,0
20260817,5,500,15,3000,3000,3000,3000,"fast","control_informative",0.05,3,0.01,"","separate_mirage","pleiotropy","bfdr_discoveries",0.01,0
20260817,5,500,15,3000,3000,3000,3000,"fast","control_informative",0.05,3,0.01,"","separate_mirage","pleiotropy","bfdr_observed_fdp",0.05,0
20260817,5,500,15,3000,3000,3000,3000,"fast","control_informative",0.05,3,0.01,"","separate_mirage","pleiotropy","bfdr_estimate",0.05,0
20260817,5,500,15,3000,3000,3000,3000,"fast","control_informative",0.05,3,0.01,"","separate_mirage","pleiotropy","bfdr_power",0.05,0
20260817,5,500,15,3000,3000,3000,3000,"fast","control_informative",0.05,3,0.01,"","separate_mirage","pleiotropy","bfdr_discoveries",0.05,0
20260817,5,500,15,3000,3000,3000,3000,"fast","control_informative",0.05,3,0.01,"","separate_mirage","pleiotropy","bfdr_observed_fdp",0.1,0
20260817,5,500,15,3000,3000,3000,3000,"fast","control_informative",0.05,3,0.01,"","separate_mirage","pleiotropy","bfdr_estimate",0.1,0
20260817,5,500,15,3000,3000,3000,3000,"fast","control_informative",0.05,3,0.01,"","separate_mirage","pleiotropy","bfdr_power",0.1,0
20260817,5,500,15,3000,3000,3000,3000,"fast","control_informative",0.05,3,0.01,"","separate_mirage","pleiotropy","bfdr_discoveries",0.1,0
20260817,5,500,15,3000,3000,3000,3000,"fast","control_informative",0.05,3,0.01,"","separate_mirage","pleiotropy","bfdr_observed_fdp",0.2,0
20260817,5,500,15,3000,3000,3000,3000,"fast","control_informative",0.05,3,0.01,"","separate_mirage","pleiotropy","bfdr_estimate",0.2,0
20260817,5,500,15,3000,3000,3000,3000,"fast","control_informative",0.05,3,0.01,"","separate_mirage","pleiotropy","bfdr_power",0.2,0
20260817,5,500,15,3000,3000,3000,3000,"fast","control_informative",0.05,3,0.01,"","separate_mirage","pleiotropy","bfdr_discoveries",0.2,0
20260817,5,500,15,3000,3000,3000,3000,"fast","control_informative",0.05,3,0.01,"","separate_mirage","global","runtime_seconds",NA,18.497
20260817,5,500,15,3000,3000,3000,3000,"fast","control_informative",0.05,3,0.01,"","separate_mirage","pleiotropy","pi11_estimate",NA,0.001
20260817,5,500,15,3000,3000,3000,3000,"fast","control_informative",0.05,3,0.01,"","mtada_aggregated","trait1","auc",NA,0.681178947368421
20260817,5,500,15,3000,3000,3000,3000,"fast","control_informative",0.05,3,0.01,"","mtada_aggregated","trait2","auc",NA,0.748163265306122
20260817,5,500,15,3000,3000,3000,3000,"fast","control_informative",0.05,3,0.01,"","mtada_aggregated","pleiotropy","auc",NA,0.878787878787879
20260817,5,500,15,3000,3000,3000,3000,"fast","control_informative",0.05,3,0.01,"","mtada_aggregated","trait1","pp08_power",0.8,0.16
20260817,5,500,15,3000,3000,3000,3000,"fast","control_informative",0.05,3,0.01,"","mtada_aggregated","trait1","pp08_fdp",0.8,0.714285714285714
20260817,5,500,15,3000,3000,3000,3000,"fast","control_informative",0.05,3,0.01,"","mtada_aggregated","trait1","pp08_discoveries",0.8,14
20260817,5,500,15,3000,3000,3000,3000,"fast","control_informative",0.05,3,0.01,"","mtada_aggregated","trait2","pp08_power",0.8,0.1
20260817,5,500,15,3000,3000,3000,3000,"fast","control_informative",0.05,3,0.01,"","mtada_aggregated","trait2","pp08_fdp",0.8,0.933333333333333
20260817,5,500,15,3000,3000,3000,3000,"fast","control_informative",0.05,3,0.01,"","mtada_aggregated","trait2","pp08_discoveries",0.8,15
20260817,5,500,15,3000,3000,3000,3000,"fast","control_informative",0.05,3,0.01,"","mtada_aggregated","pleiotropy","pp08_power",0.8,0
20260817,5,500,15,3000,3000,3000,3000,"fast","control_informative",0.05,3,0.01,"","mtada_aggregated","pleiotropy","pp08_fdp",0.8,1
20260817,5,500,15,3000,3000,3000,3000,"fast","control_informative",0.05,3,0.01,"","mtada_aggregated","pleiotropy","pp08_discoveries",0.8,1
20260817,5,500,15,3000,3000,3000,3000,"fast","control_informative",0.05,3,0.01,"","mtada_aggregated","trait1","bfdr_observed_fdp",0.01,0.7
20260817,5,500,15,3000,3000,3000,3000,"fast","control_informative",0.05,3,0.01,"","mtada_aggregated","trait1","bfdr_estimate",0.01,0.00977316953363476
20260817,5,500,15,3000,3000,3000,3000,"fast","control_informative",0.05,3,0.01,"","mtada_aggregated","trait1","bfdr_power",0.01,0.12
20260817,5,500,15,3000,3000,3000,3000,"fast","control_informative",0.05,3,0.01,"","mtada_aggregated","trait1","bfdr_discoveries",0.01,10
20260817,5,500,15,3000,3000,3000,3000,"fast","control_informative",0.05,3,0.01,"","mtada_aggregated","trait1","bfdr_observed_fdp",0.05,0.666666666666667
20260817,5,500,15,3000,3000,3000,3000,"fast","control_informative",0.05,3,0.01,"","mtada_aggregated","trait1","bfdr_estimate",0.05,0.0434422539252207
20260817,5,500,15,3000,3000,3000,3000,"fast","control_informative",0.05,3,0.01,"","mtada_aggregated","trait1","bfdr_power",0.05,0.2
20260817,5,500,15,3000,3000,3000,3000,"fast","control_informative",0.05,3,0.01,"","mtada_aggregated","trait1","bfdr_discoveries",0.05,15
20260817,5,500,15,3000,3000,3000,3000,"fast","control_informative",0.05,3,0.01,"","mtada_aggregated","trait1","bfdr_observed_fdp",0.1,0.7
20260817,5,500,15,3000,3000,3000,3000,"fast","control_informative",0.05,3,0.01,"","mtada_aggregated","trait1","bfdr_estimate",0.1,0.0979867747720953
20260817,5,500,15,3000,3000,3000,3000,"fast","control_informative",0.05,3,0.01,"","mtada_aggregated","trait1","bfdr_power",0.1,0.24
20260817,5,500,15,3000,3000,3000,3000,"fast","control_informative",0.05,3,0.01,"","mtada_aggregated","trait1","bfdr_discoveries",0.1,20
20260817,5,500,15,3000,3000,3000,3000,"fast","control_informative",0.05,3,0.01,"","mtada_aggregated","trait1","bfdr_observed_fdp",0.2,0.769230769230769
20260817,5,500,15,3000,3000,3000,3000,"fast","control_informative",0.05,3,0.01,"","mtada_aggregated","trait1","bfdr_estimate",0.2,0.198644808649863
20260817,5,500,15,3000,3000,3000,3000,"fast","control_informative",0.05,3,0.01,"","mtada_aggregated","trait1","bfdr_power",0.2,0.24
20260817,5,500,15,3000,3000,3000,3000,"fast","control_informative",0.05,3,0.01,"","mtada_aggregated","trait1","bfdr_discoveries",0.2,26
20260817,5,500,15,3000,3000,3000,3000,"fast","control_informative",0.05,3,0.01,"","mtada_aggregated","trait2","bfdr_observed_fdp",0.01,0.923076923076923
20260817,5,500,15,3000,3000,3000,3000,"fast","control_informative",0.05,3,0.01,"","mtada_aggregated","trait2","bfdr_estimate",0.01,0.00670776745262389
20260817,5,500,15,3000,3000,3000,3000,"fast","control_informative",0.05,3,0.01,"","mtada_aggregated","trait2","bfdr_power",0.01,0.1
20260817,5,500,15,3000,3000,3000,3000,"fast","control_informative",0.05,3,0.01,"","mtada_aggregated","trait2","bfdr_discoveries",0.01,13
20260817,5,500,15,3000,3000,3000,3000,"fast","control_informative",0.05,3,0.01,"","mtada_aggregated","trait2","bfdr_observed_fdp",0.05,0.9375
20260817,5,500,15,3000,3000,3000,3000,"fast","control_informative",0.05,3,0.01,"","mtada_aggregated","trait2","bfdr_estimate",0.05,0.0376667162340636
20260817,5,500,15,3000,3000,3000,3000,"fast","control_informative",0.05,3,0.01,"","mtada_aggregated","trait2","bfdr_power",0.05,0.1
20260817,5,500,15,3000,3000,3000,3000,"fast","control_informative",0.05,3,0.01,"","mtada_aggregated","trait2","bfdr_discoveries",0.05,16
20260817,5,500,15,3000,3000,3000,3000,"fast","control_informative",0.05,3,0.01,"","mtada_aggregated","trait2","bfdr_observed_fdp",0.1,0.888888888888889
20260817,5,500,15,3000,3000,3000,3000,"fast","control_informative",0.05,3,0.01,"","mtada_aggregated","trait2","bfdr_estimate",0.1,0.083694684700494
20260817,5,500,15,3000,3000,3000,3000,"fast","control_informative",0.05,3,0.01,"","mtada_aggregated","trait2","bfdr_power",0.1,0.2
20260817,5,500,15,3000,3000,3000,3000,"fast","control_informative",0.05,3,0.01,"","mtada_aggregated","trait2","bfdr_discoveries",0.1,18
20260817,5,500,15,3000,3000,3000,3000,"fast","control_informative",0.05,3,0.01,"","mtada_aggregated","trait2","bfdr_observed_fdp",0.2,0.863636363636364
20260817,5,500,15,3000,3000,3000,3000,"fast","control_informative",0.05,3,0.01,"","mtada_aggregated","trait2","bfdr_estimate",0.2,0.181106205673226
20260817,5,500,15,3000,3000,3000,3000,"fast","control_informative",0.05,3,0.01,"","mtada_aggregated","trait2","bfdr_power",0.2,0.3
20260817,5,500,15,3000,3000,3000,3000,"fast","control_informative",0.05,3,0.01,"","mtada_aggregated","trait2","bfdr_discoveries",0.2,22
20260817,5,500,15,3000,3000,3000,3000,"fast","control_informative",0.05,3,0.01,"","mtada_aggregated","pleiotropy","bfdr_observed_fdp",0.01,1
20260817,5,500,15,3000,3000,3000,3000,"fast","control_informative",0.05,3,0.01,"","mtada_aggregated","pleiotropy","bfdr_estimate",0.01,0.0085407613677565
20260817,5,500,15,3000,3000,3000,3000,"fast","control_informative",0.05,3,0.01,"","mtada_aggregated","pleiotropy","bfdr_power",0.01,0
20260817,5,500,15,3000,3000,3000,3000,"fast","control_informative",0.05,3,0.01,"","mtada_aggregated","pleiotropy","bfdr_discoveries",0.01,1
20260817,5,500,15,3000,3000,3000,3000,"fast","control_informative",0.05,3,0.01,"","mtada_aggregated","pleiotropy","bfdr_observed_fdp",0.05,1
20260817,5,500,15,3000,3000,3000,3000,"fast","control_informative",0.05,3,0.01,"","mtada_aggregated","pleiotropy","bfdr_estimate",0.05,0.0085407613677565
20260817,5,500,15,3000,3000,3000,3000,"fast","control_informative",0.05,3,0.01,"","mtada_aggregated","pleiotropy","bfdr_power",0.05,0
20260817,5,500,15,3000,3000,3000,3000,"fast","control_informative",0.05,3,0.01,"","mtada_aggregated","pleiotropy","bfdr_discoveries",0.05,1
20260817,5,500,15,3000,3000,3000,3000,"fast","control_informative",0.05,3,0.01,"","mtada_aggregated","pleiotropy","bfdr_observed_fdp",0.1,1
20260817,5,500,15,3000,3000,3000,3000,"fast","control_informative",0.05,3,0.01,"","mtada_aggregated","pleiotropy","bfdr_estimate",0.1,0.0085407613677565
20260817,5,500,15,3000,3000,3000,3000,"fast","control_informative",0.05,3,0.01,"","mtada_aggregated","pleiotropy","bfdr_power",0.1,0
20260817,5,500,15,3000,3000,3000,3000,"fast","control_informative",0.05,3,0.01,"","mtada_aggregated","pleiotropy","bfdr_discoveries",0.1,1
20260817,5,500,15,3000,3000,3000,3000,"fast","control_informative",0.05,3,0.01,"","mtada_aggregated","pleiotropy","bfdr_observed_fdp",0.2,1
20260817,5,500,15,3000,3000,3000,3000,"fast","control_informative",0.05,3,0.01,"","mtada_aggregated","pleiotropy","bfdr_estimate",0.2,0.0085407613677565
20260817,5,500,15,3000,3000,3000,3000,"fast","control_informative",0.05,3,0.01,"","mtada_aggregated","pleiotropy","bfdr_power",0.2,0
20260817,5,500,15,3000,3000,3000,3000,"fast","control_informative",0.05,3,0.01,"","mtada_aggregated","pleiotropy","bfdr_discoveries",0.2,1
20260817,5,500,15,3000,3000,3000,3000,"fast","control_informative",0.05,3,0.01,"","mtada_aggregated","global","runtime_seconds",NA,0.912000000000006
20260817,5,500,15,3000,3000,3000,3000,"fast","control_informative",0.05,3,0.01,"","mtada_aggregated","pleiotropy","pi11_estimate",NA,0.00319412
20260818,6,500,15,3000,3000,3000,3000,"fast","control_informative",0.05,3,0.01,"","mirage_joint","trait1","auc",NA,0.784084210526316
20260818,6,500,15,3000,3000,3000,3000,"fast","control_informative",0.05,3,0.01,"","mirage_joint","trait2","auc",NA,0.647755102040816
20260818,6,500,15,3000,3000,3000,3000,"fast","control_informative",0.05,3,0.01,"","mirage_joint","pleiotropy","auc",NA,0.737373737373737
20260818,6,500,15,3000,3000,3000,3000,"fast","control_informative",0.05,3,0.01,"","mirage_joint","trait1","pp08_power",0.8,0.28
20260818,6,500,15,3000,3000,3000,3000,"fast","control_informative",0.05,3,0.01,"","mirage_joint","trait1","pp08_fdp",0.8,0.222222222222222
20260818,6,500,15,3000,3000,3000,3000,"fast","control_informative",0.05,3,0.01,"","mirage_joint","trait1","pp08_discoveries",0.8,9
20260818,6,500,15,3000,3000,3000,3000,"fast","control_informative",0.05,3,0.01,"","mirage_joint","trait2","pp08_power",0.8,0.1
20260818,6,500,15,3000,3000,3000,3000,"fast","control_informative",0.05,3,0.01,"","mirage_joint","trait2","pp08_fdp",0.8,0
20260818,6,500,15,3000,3000,3000,3000,"fast","control_informative",0.05,3,0.01,"","mirage_joint","trait2","pp08_discoveries",0.8,1
20260818,6,500,15,3000,3000,3000,3000,"fast","control_informative",0.05,3,0.01,"","mirage_joint","pleiotropy","pp08_power",0.8,0
20260818,6,500,15,3000,3000,3000,3000,"fast","control_informative",0.05,3,0.01,"","mirage_joint","pleiotropy","pp08_fdp",0.8,0
20260818,6,500,15,3000,3000,3000,3000,"fast","control_informative",0.05,3,0.01,"","mirage_joint","pleiotropy","pp08_discoveries",0.8,0
20260818,6,500,15,3000,3000,3000,3000,"fast","control_informative",0.05,3,0.01,"","mirage_joint","trait1","bfdr_observed_fdp",0.01,0
20260818,6,500,15,3000,3000,3000,3000,"fast","control_informative",0.05,3,0.01,"","mirage_joint","trait1","bfdr_estimate",0.01,0.00149654092623813
20260818,6,500,15,3000,3000,3000,3000,"fast","control_informative",0.05,3,0.01,"","mirage_joint","trait1","bfdr_power",0.01,0.08
20260818,6,500,15,3000,3000,3000,3000,"fast","control_informative",0.05,3,0.01,"","mirage_joint","trait1","bfdr_discoveries",0.01,2
20260818,6,500,15,3000,3000,3000,3000,"fast","control_informative",0.05,3,0.01,"","mirage_joint","trait1","bfdr_observed_fdp",0.05,0.166666666666667
20260818,6,500,15,3000,3000,3000,3000,"fast","control_informative",0.05,3,0.01,"","mirage_joint","trait1","bfdr_estimate",0.05,0.049599616769355
20260818,6,500,15,3000,3000,3000,3000,"fast","control_informative",0.05,3,0.01,"","mirage_joint","trait1","bfdr_power",0.05,0.2
20260818,6,500,15,3000,3000,3000,3000,"fast","control_informative",0.05,3,0.01,"","mirage_joint","trait1","bfdr_discoveries",0.05,6
20260818,6,500,15,3000,3000,3000,3000,"fast","control_informative",0.05,3,0.01,"","mirage_joint","trait1","bfdr_observed_fdp",0.1,0.222222222222222
20260818,6,500,15,3000,3000,3000,3000,"fast","control_informative",0.05,3,0.01,"","mirage_joint","trait1","bfdr_estimate",0.1,0.0813008297421736
20260818,6,500,15,3000,3000,3000,3000,"fast","control_informative",0.05,3,0.01,"","mirage_joint","trait1","bfdr_power",0.1,0.28
20260818,6,500,15,3000,3000,3000,3000,"fast","control_informative",0.05,3,0.01,"","mirage_joint","trait1","bfdr_discoveries",0.1,9
20260818,6,500,15,3000,3000,3000,3000,"fast","control_informative",0.05,3,0.01,"","mirage_joint","trait1","bfdr_observed_fdp",0.2,0.333333333333333
20260818,6,500,15,3000,3000,3000,3000,"fast","control_informative",0.05,3,0.01,"","mirage_joint","trait1","bfdr_estimate",0.2,0.173516345989501
20260818,6,500,15,3000,3000,3000,3000,"fast","control_informative",0.05,3,0.01,"","mirage_joint","trait1","bfdr_power",0.2,0.32
20260818,6,500,15,3000,3000,3000,3000,"fast","control_informative",0.05,3,0.01,"","mirage_joint","trait1","bfdr_discoveries",0.2,12
20260818,6,500,15,3000,3000,3000,3000,"fast","control_informative",0.05,3,0.01,"","mirage_joint","trait2","bfdr_observed_fdp",0.01,0
20260818,6,500,15,3000,3000,3000,3000,"fast","control_informative",0.05,3,0.01,"","mirage_joint","trait2","bfdr_estimate",0.01,0
20260818,6,500,15,3000,3000,3000,3000,"fast","control_informative",0.05,3,0.01,"","mirage_joint","trait2","bfdr_power",0.01,0
20260818,6,500,15,3000,3000,3000,3000,"fast","control_informative",0.05,3,0.01,"","mirage_joint","trait2","bfdr_discoveries",0.01,0
20260818,6,500,15,3000,3000,3000,3000,"fast","control_informative",0.05,3,0.01,"","mirage_joint","trait2","bfdr_observed_fdp",0.05,0
20260818,6,500,15,3000,3000,3000,3000,"fast","control_informative",0.05,3,0.01,"","mirage_joint","trait2","bfdr_estimate",0.05,0
20260818,6,500,15,3000,3000,3000,3000,"fast","control_informative",0.05,3,0.01,"","mirage_joint","trait2","bfdr_power",0.05,0
20260818,6,500,15,3000,3000,3000,3000,"fast","control_informative",0.05,3,0.01,"","mirage_joint","trait2","bfdr_discoveries",0.05,0
20260818,6,500,15,3000,3000,3000,3000,"fast","control_informative",0.05,3,0.01,"","mirage_joint","trait2","bfdr_observed_fdp",0.1,0
20260818,6,500,15,3000,3000,3000,3000,"fast","control_informative",0.05,3,0.01,"","mirage_joint","trait2","bfdr_estimate",0.1,0
20260818,6,500,15,3000,3000,3000,3000,"fast","control_informative",0.05,3,0.01,"","mirage_joint","trait2","bfdr_power",0.1,0
20260818,6,500,15,3000,3000,3000,3000,"fast","control_informative",0.05,3,0.01,"","mirage_joint","trait2","bfdr_discoveries",0.1,0
20260818,6,500,15,3000,3000,3000,3000,"fast","control_informative",0.05,3,0.01,"","mirage_joint","trait2","bfdr_observed_fdp",0.2,0
20260818,6,500,15,3000,3000,3000,3000,"fast","control_informative",0.05,3,0.01,"","mirage_joint","trait2","bfdr_estimate",0.2,0.182945233894139
20260818,6,500,15,3000,3000,3000,3000,"fast","control_informative",0.05,3,0.01,"","mirage_joint","trait2","bfdr_power",0.2,0.1
20260818,6,500,15,3000,3000,3000,3000,"fast","control_informative",0.05,3,0.01,"","mirage_joint","trait2","bfdr_discoveries",0.2,1
20260818,6,500,15,3000,3000,3000,3000,"fast","control_informative",0.05,3,0.01,"","mirage_joint","pleiotropy","bfdr_observed_fdp",0.01,0
20260818,6,500,15,3000,3000,3000,3000,"fast","control_informative",0.05,3,0.01,"","mirage_joint","pleiotropy","bfdr_estimate",0.01,0
20260818,6,500,15,3000,3000,3000,3000,"fast","control_informative",0.05,3,0.01,"","mirage_joint","pleiotropy","bfdr_power",0.01,0
20260818,6,500,15,3000,3000,3000,3000,"fast","control_informative",0.05,3,0.01,"","mirage_joint","pleiotropy","bfdr_discoveries",0.01,0
20260818,6,500,15,3000,3000,3000,3000,"fast","control_informative",0.05,3,0.01,"","mirage_joint","pleiotropy","bfdr_observed_fdp",0.05,0
20260818,6,500,15,3000,3000,3000,3000,"fast","control_informative",0.05,3,0.01,"","mirage_joint","pleiotropy","bfdr_estimate",0.05,0
20260818,6,500,15,3000,3000,3000,3000,"fast","control_informative",0.05,3,0.01,"","mirage_joint","pleiotropy","bfdr_power",0.05,0
20260818,6,500,15,3000,3000,3000,3000,"fast","control_informative",0.05,3,0.01,"","mirage_joint","pleiotropy","bfdr_discoveries",0.05,0
20260818,6,500,15,3000,3000,3000,3000,"fast","control_informative",0.05,3,0.01,"","mirage_joint","pleiotropy","bfdr_observed_fdp",0.1,0
20260818,6,500,15,3000,3000,3000,3000,"fast","control_informative",0.05,3,0.01,"","mirage_joint","pleiotropy","bfdr_estimate",0.1,0
20260818,6,500,15,3000,3000,3000,3000,"fast","control_informative",0.05,3,0.01,"","mirage_joint","pleiotropy","bfdr_power",0.1,0
20260818,6,500,15,3000,3000,3000,3000,"fast","control_informative",0.05,3,0.01,"","mirage_joint","pleiotropy","bfdr_discoveries",0.1,0
20260818,6,500,15,3000,3000,3000,3000,"fast","control_informative",0.05,3,0.01,"","mirage_joint","pleiotropy","bfdr_observed_fdp",0.2,0
20260818,6,500,15,3000,3000,3000,3000,"fast","control_informative",0.05,3,0.01,"","mirage_joint","pleiotropy","bfdr_estimate",0.2,0
20260818,6,500,15,3000,3000,3000,3000,"fast","control_informative",0.05,3,0.01,"","mirage_joint","pleiotropy","bfdr_power",0.2,0
20260818,6,500,15,3000,3000,3000,3000,"fast","control_informative",0.05,3,0.01,"","mirage_joint","pleiotropy","bfdr_discoveries",0.2,0
20260818,6,500,15,3000,3000,3000,3000,"fast","control_informative",0.05,3,0.01,"","mirage_joint","global","runtime_seconds",NA,18.279
20260818,6,500,15,3000,3000,3000,3000,"fast","control_informative",0.05,3,0.01,"","mirage_joint","pleiotropy","pi11_estimate",NA,0.0252884316599985
20260818,6,500,15,3000,3000,3000,3000,"fast","control_informative",0.05,3,0.01,"","separate_mirage","trait1","auc",NA,0.729094736842105
20260818,6,500,15,3000,3000,3000,3000,"fast","control_informative",0.05,3,0.01,"","separate_mirage","trait2","auc",NA,0.600408163265306
20260818,6,500,15,3000,3000,3000,3000,"fast","control_informative",0.05,3,0.01,"","separate_mirage","pleiotropy","auc",NA,0.57010101010101
20260818,6,500,15,3000,3000,3000,3000,"fast","control_informative",0.05,3,0.01,"","separate_mirage","trait1","pp08_power",0.8,0.24
20260818,6,500,15,3000,3000,3000,3000,"fast","control_informative",0.05,3,0.01,"","separate_mirage","trait1","pp08_fdp",0.8,0.142857142857143
20260818,6,500,15,3000,3000,3000,3000,"fast","control_informative",0.05,3,0.01,"","separate_mirage","trait1","pp08_discoveries",0.8,7
20260818,6,500,15,3000,3000,3000,3000,"fast","control_informative",0.05,3,0.01,"","separate_mirage","trait2","pp08_power",0.8,0
20260818,6,500,15,3000,3000,3000,3000,"fast","control_informative",0.05,3,0.01,"","separate_mirage","trait2","pp08_fdp",0.8,0
20260818,6,500,15,3000,3000,3000,3000,"fast","control_informative",0.05,3,0.01,"","separate_mirage","trait2","pp08_discoveries",0.8,0
20260818,6,500,15,3000,3000,3000,3000,"fast","control_informative",0.05,3,0.01,"","separate_mirage","pleiotropy","pp08_power",0.8,0
20260818,6,500,15,3000,3000,3000,3000,"fast","control_informative",0.05,3,0.01,"","separate_mirage","pleiotropy","pp08_fdp",0.8,0
20260818,6,500,15,3000,3000,3000,3000,"fast","control_informative",0.05,3,0.01,"","separate_mirage","pleiotropy","pp08_discoveries",0.8,0
20260818,6,500,15,3000,3000,3000,3000,"fast","control_informative",0.05,3,0.01,"","separate_mirage","trait1","bfdr_observed_fdp",0.01,0
20260818,6,500,15,3000,3000,3000,3000,"fast","control_informative",0.05,3,0.01,"","separate_mirage","trait1","bfdr_estimate",0.01,0.00201337732447238
20260818,6,500,15,3000,3000,3000,3000,"fast","control_informative",0.05,3,0.01,"","separate_mirage","trait1","bfdr_power",0.01,0.08
20260818,6,500,15,3000,3000,3000,3000,"fast","control_informative",0.05,3,0.01,"","separate_mirage","trait1","bfdr_discoveries",0.01,2
20260818,6,500,15,3000,3000,3000,3000,"fast","control_informative",0.05,3,0.01,"","separate_mirage","trait1","bfdr_observed_fdp",0.05,0
20260818,6,500,15,3000,3000,3000,3000,"fast","control_informative",0.05,3,0.01,"","separate_mirage","trait1","bfdr_estimate",0.05,0.0429572487618633
20260818,6,500,15,3000,3000,3000,3000,"fast","control_informative",0.05,3,0.01,"","separate_mirage","trait1","bfdr_power",0.05,0.16
20260818,6,500,15,3000,3000,3000,3000,"fast","control_informative",0.05,3,0.01,"","separate_mirage","trait1","bfdr_discoveries",0.05,4
20260818,6,500,15,3000,3000,3000,3000,"fast","control_informative",0.05,3,0.01,"","separate_mirage","trait1","bfdr_observed_fdp",0.1,0.142857142857143
20260818,6,500,15,3000,3000,3000,3000,"fast","control_informative",0.05,3,0.01,"","separate_mirage","trait1","bfdr_estimate",0.1,0.0943540170905112
20260818,6,500,15,3000,3000,3000,3000,"fast","control_informative",0.05,3,0.01,"","separate_mirage","trait1","bfdr_power",0.1,0.24
20260818,6,500,15,3000,3000,3000,3000,"fast","control_informative",0.05,3,0.01,"","separate_mirage","trait1","bfdr_discoveries",0.1,7
20260818,6,500,15,3000,3000,3000,3000,"fast","control_informative",0.05,3,0.01,"","separate_mirage","trait1","bfdr_observed_fdp",0.2,0.272727272727273
20260818,6,500,15,3000,3000,3000,3000,"fast","control_informative",0.05,3,0.01,"","separate_mirage","trait1","bfdr_estimate",0.2,0.191566135135165
20260818,6,500,15,3000,3000,3000,3000,"fast","control_informative",0.05,3,0.01,"","separate_mirage","trait1","bfdr_power",0.2,0.32
20260818,6,500,15,3000,3000,3000,3000,"fast","control_informative",0.05,3,0.01,"","separate_mirage","trait1","bfdr_discoveries",0.2,11
20260818,6,500,15,3000,3000,3000,3000,"fast","control_informative",0.05,3,0.01,"","separate_mirage","trait2","bfdr_observed_fdp",0.01,0
20260818,6,500,15,3000,3000,3000,3000,"fast","control_informative",0.05,3,0.01,"","separate_mirage","trait2","bfdr_estimate",0.01,0
20260818,6,500,15,3000,3000,3000,3000,"fast","control_informative",0.05,3,0.01,"","separate_mirage","trait2","bfdr_power",0.01,0
20260818,6,500,15,3000,3000,3000,3000,"fast","control_informative",0.05,3,0.01,"","separate_mirage","trait2","bfdr_discoveries",0.01,0
20260818,6,500,15,3000,3000,3000,3000,"fast","control_informative",0.05,3,0.01,"","separate_mirage","trait2","bfdr_observed_fdp",0.05,0
20260818,6,500,15,3000,3000,3000,3000,"fast","control_informative",0.05,3,0.01,"","separate_mirage","trait2","bfdr_estimate",0.05,0
20260818,6,500,15,3000,3000,3000,3000,"fast","control_informative",0.05,3,0.01,"","separate_mirage","trait2","bfdr_power",0.05,0
20260818,6,500,15,3000,3000,3000,3000,"fast","control_informative",0.05,3,0.01,"","separate_mirage","trait2","bfdr_discoveries",0.05,0
20260818,6,500,15,3000,3000,3000,3000,"fast","control_informative",0.05,3,0.01,"","separate_mirage","trait2","bfdr_observed_fdp",0.1,0
20260818,6,500,15,3000,3000,3000,3000,"fast","control_informative",0.05,3,0.01,"","separate_mirage","trait2","bfdr_estimate",0.1,0
20260818,6,500,15,3000,3000,3000,3000,"fast","control_informative",0.05,3,0.01,"","separate_mirage","trait2","bfdr_power",0.1,0
20260818,6,500,15,3000,3000,3000,3000,"fast","control_informative",0.05,3,0.01,"","separate_mirage","trait2","bfdr_discoveries",0.1,0
20260818,6,500,15,3000,3000,3000,3000,"fast","control_informative",0.05,3,0.01,"","separate_mirage","trait2","bfdr_observed_fdp",0.2,0
20260818,6,500,15,3000,3000,3000,3000,"fast","control_informative",0.05,3,0.01,"","separate_mirage","trait2","bfdr_estimate",0.2,0
20260818,6,500,15,3000,3000,3000,3000,"fast","control_informative",0.05,3,0.01,"","separate_mirage","trait2","bfdr_power",0.2,0
20260818,6,500,15,3000,3000,3000,3000,"fast","control_informative",0.05,3,0.01,"","separate_mirage","trait2","bfdr_discoveries",0.2,0
20260818,6,500,15,3000,3000,3000,3000,"fast","control_informative",0.05,3,0.01,"","separate_mirage","pleiotropy","bfdr_observed_fdp",0.01,0
20260818,6,500,15,3000,3000,3000,3000,"fast","control_informative",0.05,3,0.01,"","separate_mirage","pleiotropy","bfdr_estimate",0.01,0
20260818,6,500,15,3000,3000,3000,3000,"fast","control_informative",0.05,3,0.01,"","separate_mirage","pleiotropy","bfdr_power",0.01,0
20260818,6,500,15,3000,3000,3000,3000,"fast","control_informative",0.05,3,0.01,"","separate_mirage","pleiotropy","bfdr_discoveries",0.01,0
20260818,6,500,15,3000,3000,3000,3000,"fast","control_informative",0.05,3,0.01,"","separate_mirage","pleiotropy","bfdr_observed_fdp",0.05,0
20260818,6,500,15,3000,3000,3000,3000,"fast","control_informative",0.05,3,0.01,"","separate_mirage","pleiotropy","bfdr_estimate",0.05,0
20260818,6,500,15,3000,3000,3000,3000,"fast","control_informative",0.05,3,0.01,"","separate_mirage","pleiotropy","bfdr_power",0.05,0
20260818,6,500,15,3000,3000,3000,3000,"fast","control_informative",0.05,3,0.01,"","separate_mirage","pleiotropy","bfdr_discoveries",0.05,0
20260818,6,500,15,3000,3000,3000,3000,"fast","control_informative",0.05,3,0.01,"","separate_mirage","pleiotropy","bfdr_observed_fdp",0.1,0
20260818,6,500,15,3000,3000,3000,3000,"fast","control_informative",0.05,3,0.01,"","separate_mirage","pleiotropy","bfdr_estimate",0.1,0
20260818,6,500,15,3000,3000,3000,3000,"fast","control_informative",0.05,3,0.01,"","separate_mirage","pleiotropy","bfdr_power",0.1,0
20260818,6,500,15,3000,3000,3000,3000,"fast","control_informative",0.05,3,0.01,"","separate_mirage","pleiotropy","bfdr_discoveries",0.1,0
20260818,6,500,15,3000,3000,3000,3000,"fast","control_informative",0.05,3,0.01,"","separate_mirage","pleiotropy","bfdr_observed_fdp",0.2,0
20260818,6,500,15,3000,3000,3000,3000,"fast","control_informative",0.05,3,0.01,"","separate_mirage","pleiotropy","bfdr_estimate",0.2,0
20260818,6,500,15,3000,3000,3000,3000,"fast","control_informative",0.05,3,0.01,"","separate_mirage","pleiotropy","bfdr_power",0.2,0
20260818,6,500,15,3000,3000,3000,3000,"fast","control_informative",0.05,3,0.01,"","separate_mirage","pleiotropy","bfdr_discoveries",0.2,0
20260818,6,500,15,3000,3000,3000,3000,"fast","control_informative",0.05,3,0.01,"","separate_mirage","global","runtime_seconds",NA,18.275
20260818,6,500,15,3000,3000,3000,3000,"fast","control_informative",0.05,3,0.01,"","separate_mirage","pleiotropy","pi11_estimate",NA,0.001
20260818,6,500,15,3000,3000,3000,3000,"fast","control_informative",0.05,3,0.01,"","mtada_aggregated","trait1","auc",NA,0.801178947368421
20260818,6,500,15,3000,3000,3000,3000,"fast","control_informative",0.05,3,0.01,"","mtada_aggregated","trait2","auc",NA,0.805102040816327
20260818,6,500,15,3000,3000,3000,3000,"fast","control_informative",0.05,3,0.01,"","mtada_aggregated","pleiotropy","auc",NA,0.77050505050505
20260818,6,500,15,3000,3000,3000,3000,"fast","control_informative",0.05,3,0.01,"","mtada_aggregated","trait1","pp08_power",0.8,0.24
20260818,6,500,15,3000,3000,3000,3000,"fast","control_informative",0.05,3,0.01,"","mtada_aggregated","trait1","pp08_fdp",0.8,0.5
20260818,6,500,15,3000,3000,3000,3000,"fast","control_informative",0.05,3,0.01,"","mtada_aggregated","trait1","pp08_discoveries",0.8,12
20260818,6,500,15,3000,3000,3000,3000,"fast","control_informative",0.05,3,0.01,"","mtada_aggregated","trait2","pp08_power",0.8,0.3
20260818,6,500,15,3000,3000,3000,3000,"fast","control_informative",0.05,3,0.01,"","mtada_aggregated","trait2","pp08_fdp",0.8,0.666666666666667
20260818,6,500,15,3000,3000,3000,3000,"fast","control_informative",0.05,3,0.01,"","mtada_aggregated","trait2","pp08_discoveries",0.8,9
20260818,6,500,15,3000,3000,3000,3000,"fast","control_informative",0.05,3,0.01,"","mtada_aggregated","pleiotropy","pp08_power",0.8,0
20260818,6,500,15,3000,3000,3000,3000,"fast","control_informative",0.05,3,0.01,"","mtada_aggregated","pleiotropy","pp08_fdp",0.8,0
20260818,6,500,15,3000,3000,3000,3000,"fast","control_informative",0.05,3,0.01,"","mtada_aggregated","pleiotropy","pp08_discoveries",0.8,0
20260818,6,500,15,3000,3000,3000,3000,"fast","control_informative",0.05,3,0.01,"","mtada_aggregated","trait1","bfdr_observed_fdp",0.01,0.444444444444444
20260818,6,500,15,3000,3000,3000,3000,"fast","control_informative",0.05,3,0.01,"","mtada_aggregated","trait1","bfdr_estimate",0.01,0.00657977371221152
20260818,6,500,15,3000,3000,3000,3000,"fast","control_informative",0.05,3,0.01,"","mtada_aggregated","trait1","bfdr_power",0.01,0.2
20260818,6,500,15,3000,3000,3000,3000,"fast","control_informative",0.05,3,0.01,"","mtada_aggregated","trait1","bfdr_discoveries",0.01,9
20260818,6,500,15,3000,3000,3000,3000,"fast","control_informative",0.05,3,0.01,"","mtada_aggregated","trait1","bfdr_observed_fdp",0.05,0.428571428571429
20260818,6,500,15,3000,3000,3000,3000,"fast","control_informative",0.05,3,0.01,"","mtada_aggregated","trait1","bfdr_estimate",0.05,0.0495240992272516
20260818,6,500,15,3000,3000,3000,3000,"fast","control_informative",0.05,3,0.01,"","mtada_aggregated","trait1","bfdr_power",0.05,0.32
20260818,6,500,15,3000,3000,3000,3000,"fast","control_informative",0.05,3,0.01,"","mtada_aggregated","trait1","bfdr_discoveries",0.05,14
20260818,6,500,15,3000,3000,3000,3000,"fast","control_informative",0.05,3,0.01,"","mtada_aggregated","trait1","bfdr_observed_fdp",0.1,0.5
20260818,6,500,15,3000,3000,3000,3000,"fast","control_informative",0.05,3,0.01,"","mtada_aggregated","trait1","bfdr_estimate",0.1,0.0894141249134227
20260818,6,500,15,3000,3000,3000,3000,"fast","control_informative",0.05,3,0.01,"","mtada_aggregated","trait1","bfdr_power",0.1,0.32
20260818,6,500,15,3000,3000,3000,3000,"fast","control_informative",0.05,3,0.01,"","mtada_aggregated","trait1","bfdr_discoveries",0.1,16
20260818,6,500,15,3000,3000,3000,3000,"fast","control_informative",0.05,3,0.01,"","mtada_aggregated","trait1","bfdr_observed_fdp",0.2,0.55
20260818,6,500,15,3000,3000,3000,3000,"fast","control_informative",0.05,3,0.01,"","mtada_aggregated","trait1","bfdr_estimate",0.2,0.196283950002199
20260818,6,500,15,3000,3000,3000,3000,"fast","control_informative",0.05,3,0.01,"","mtada_aggregated","trait1","bfdr_power",0.2,0.36
20260818,6,500,15,3000,3000,3000,3000,"fast","control_informative",0.05,3,0.01,"","mtada_aggregated","trait1","bfdr_discoveries",0.2,20
20260818,6,500,15,3000,3000,3000,3000,"fast","control_informative",0.05,3,0.01,"","mtada_aggregated","trait2","bfdr_observed_fdp",0.01,0.857142857142857
20260818,6,500,15,3000,3000,3000,3000,"fast","control_informative",0.05,3,0.01,"","mtada_aggregated","trait2","bfdr_estimate",0.01,0.00755911602774584
20260818,6,500,15,3000,3000,3000,3000,"fast","control_informative",0.05,3,0.01,"","mtada_aggregated","trait2","bfdr_power",0.01,0.1
20260818,6,500,15,3000,3000,3000,3000,"fast","control_informative",0.05,3,0.01,"","mtada_aggregated","trait2","bfdr_discoveries",0.01,7
20260818,6,500,15,3000,3000,3000,3000,"fast","control_informative",0.05,3,0.01,"","mtada_aggregated","trait2","bfdr_observed_fdp",0.05,0.666666666666667
20260818,6,500,15,3000,3000,3000,3000,"fast","control_informative",0.05,3,0.01,"","mtada_aggregated","trait2","bfdr_estimate",0.05,0.0219197595898285
20260818,6,500,15,3000,3000,3000,3000,"fast","control_informative",0.05,3,0.01,"","mtada_aggregated","trait2","bfdr_power",0.05,0.3
20260818,6,500,15,3000,3000,3000,3000,"fast","control_informative",0.05,3,0.01,"","mtada_aggregated","trait2","bfdr_discoveries",0.05,9
20260818,6,500,15,3000,3000,3000,3000,"fast","control_informative",0.05,3,0.01,"","mtada_aggregated","trait2","bfdr_observed_fdp",0.1,0.727272727272727
20260818,6,500,15,3000,3000,3000,3000,"fast","control_informative",0.05,3,0.01,"","mtada_aggregated","trait2","bfdr_estimate",0.1,0.0823997889472304
20260818,6,500,15,3000,3000,3000,3000,"fast","control_informative",0.05,3,0.01,"","mtada_aggregated","trait2","bfdr_power",0.1,0.3
20260818,6,500,15,3000,3000,3000,3000,"fast","control_informative",0.05,3,0.01,"","mtada_aggregated","trait2","bfdr_discoveries",0.1,11
20260818,6,500,15,3000,3000,3000,3000,"fast","control_informative",0.05,3,0.01,"","mtada_aggregated","trait2","bfdr_observed_fdp",0.2,0.714285714285714
20260818,6,500,15,3000,3000,3000,3000,"fast","control_informative",0.05,3,0.01,"","mtada_aggregated","trait2","bfdr_estimate",0.2,0.190932246959203
20260818,6,500,15,3000,3000,3000,3000,"fast","control_informative",0.05,3,0.01,"","mtada_aggregated","trait2","bfdr_power",0.2,0.4
20260818,6,500,15,3000,3000,3000,3000,"fast","control_informative",0.05,3,0.01,"","mtada_aggregated","trait2","bfdr_discoveries",0.2,14
20260818,6,500,15,3000,3000,3000,3000,"fast","control_informative",0.05,3,0.01,"","mtada_aggregated","pleiotropy","bfdr_observed_fdp",0.01,0
20260818,6,500,15,3000,3000,3000,3000,"fast","control_informative",0.05,3,0.01,"","mtada_aggregated","pleiotropy","bfdr_estimate",0.01,0
20260818,6,500,15,3000,3000,3000,3000,"fast","control_informative",0.05,3,0.01,"","mtada_aggregated","pleiotropy","bfdr_power",0.01,0
20260818,6,500,15,3000,3000,3000,3000,"fast","control_informative",0.05,3,0.01,"","mtada_aggregated","pleiotropy","bfdr_discoveries",0.01,0
20260818,6,500,15,3000,3000,3000,3000,"fast","control_informative",0.05,3,0.01,"","mtada_aggregated","pleiotropy","bfdr_observed_fdp",0.05,0
20260818,6,500,15,3000,3000,3000,3000,"fast","control_informative",0.05,3,0.01,"","mtada_aggregated","pleiotropy","bfdr_estimate",0.05,0
20260818,6,500,15,3000,3000,3000,3000,"fast","control_informative",0.05,3,0.01,"","mtada_aggregated","pleiotropy","bfdr_power",0.05,0
20260818,6,500,15,3000,3000,3000,3000,"fast","control_informative",0.05,3,0.01,"","mtada_aggregated","pleiotropy","bfdr_discoveries",0.05,0
20260818,6,500,15,3000,3000,3000,3000,"fast","control_informative",0.05,3,0.01,"","mtada_aggregated","pleiotropy","bfdr_observed_fdp",0.1,0
20260818,6,500,15,3000,3000,3000,3000,"fast","control_informative",0.05,3,0.01,"","mtada_aggregated","pleiotropy","bfdr_estimate",0.1,0
20260818,6,500,15,3000,3000,3000,3000,"fast","control_informative",0.05,3,0.01,"","mtada_aggregated","pleiotropy","bfdr_power",0.1,0
20260818,6,500,15,3000,3000,3000,3000,"fast","control_informative",0.05,3,0.01,"","mtada_aggregated","pleiotropy","bfdr_discoveries",0.1,0
20260818,6,500,15,3000,3000,3000,3000,"fast","control_informative",0.05,3,0.01,"","mtada_aggregated","pleiotropy","bfdr_observed_fdp",0.2,0
20260818,6,500,15,3000,3000,3000,3000,"fast","control_informative",0.05,3,0.01,"","mtada_aggregated","pleiotropy","bfdr_estimate",0.2,0
20260818,6,500,15,3000,3000,3000,3000,"fast","control_informative",0.05,3,0.01,"","mtada_aggregated","pleiotropy","bfdr_power",0.2,0
20260818,6,500,15,3000,3000,3000,3000,"fast","control_informative",0.05,3,0.01,"","mtada_aggregated","pleiotropy","bfdr_discoveries",0.2,0
20260818,6,500,15,3000,3000,3000,3000,"fast","control_informative",0.05,3,0.01,"","mtada_aggregated","global","runtime_seconds",NA,0.717999999999989
20260818,6,500,15,3000,3000,3000,3000,"fast","control_informative",0.05,3,0.01,"","mtada_aggregated","pleiotropy","pi11_estimate",NA,0.000480996
20260819,7,500,15,3000,3000,3000,3000,"fast","control_informative",0.05,3,0.01,"","mirage_joint","trait1","auc",NA,0.640673684210526
20260819,7,500,15,3000,3000,3000,3000,"fast","control_informative",0.05,3,0.01,"","mirage_joint","trait2","auc",NA,0.582040816326531
20260819,7,500,15,3000,3000,3000,3000,"fast","control_informative",0.05,3,0.01,"","mirage_joint","pleiotropy","auc",NA,0.62949494949495
20260819,7,500,15,3000,3000,3000,3000,"fast","control_informative",0.05,3,0.01,"","mirage_joint","trait1","pp08_power",0.8,0.04
20260819,7,500,15,3000,3000,3000,3000,"fast","control_informative",0.05,3,0.01,"","mirage_joint","trait1","pp08_fdp",0.8,0
20260819,7,500,15,3000,3000,3000,3000,"fast","control_informative",0.05,3,0.01,"","mirage_joint","trait1","pp08_discoveries",0.8,1
20260819,7,500,15,3000,3000,3000,3000,"fast","control_informative",0.05,3,0.01,"","mirage_joint","trait2","pp08_power",0.8,0.1
20260819,7,500,15,3000,3000,3000,3000,"fast","control_informative",0.05,3,0.01,"","mirage_joint","trait2","pp08_fdp",0.8,0
20260819,7,500,15,3000,3000,3000,3000,"fast","control_informative",0.05,3,0.01,"","mirage_joint","trait2","pp08_discoveries",0.8,1
20260819,7,500,15,3000,3000,3000,3000,"fast","control_informative",0.05,3,0.01,"","mirage_joint","pleiotropy","pp08_power",0.8,0.2
20260819,7,500,15,3000,3000,3000,3000,"fast","control_informative",0.05,3,0.01,"","mirage_joint","pleiotropy","pp08_fdp",0.8,0
20260819,7,500,15,3000,3000,3000,3000,"fast","control_informative",0.05,3,0.01,"","mirage_joint","pleiotropy","pp08_discoveries",0.8,1
20260819,7,500,15,3000,3000,3000,3000,"fast","control_informative",0.05,3,0.01,"","mirage_joint","trait1","bfdr_observed_fdp",0.01,0
20260819,7,500,15,3000,3000,3000,3000,"fast","control_informative",0.05,3,0.01,"","mirage_joint","trait1","bfdr_estimate",0.01,8.41024673570168e-07
20260819,7,500,15,3000,3000,3000,3000,"fast","control_informative",0.05,3,0.01,"","mirage_joint","trait1","bfdr_power",0.01,0.04
20260819,7,500,15,3000,3000,3000,3000,"fast","control_informative",0.05,3,0.01,"","mirage_joint","trait1","bfdr_discoveries",0.01,1
20260819,7,500,15,3000,3000,3000,3000,"fast","control_informative",0.05,3,0.01,"","mirage_joint","trait1","bfdr_observed_fdp",0.05,0
20260819,7,500,15,3000,3000,3000,3000,"fast","control_informative",0.05,3,0.01,"","mirage_joint","trait1","bfdr_estimate",0.05,8.41024673570168e-07
20260819,7,500,15,3000,3000,3000,3000,"fast","control_informative",0.05,3,0.01,"","mirage_joint","trait1","bfdr_power",0.05,0.04
20260819,7,500,15,3000,3000,3000,3000,"fast","control_informative",0.05,3,0.01,"","mirage_joint","trait1","bfdr_discoveries",0.05,1
20260819,7,500,15,3000,3000,3000,3000,"fast","control_informative",0.05,3,0.01,"","mirage_joint","trait1","bfdr_observed_fdp",0.1,0
20260819,7,500,15,3000,3000,3000,3000,"fast","control_informative",0.05,3,0.01,"","mirage_joint","trait1","bfdr_estimate",0.1,8.41024673570168e-07
20260819,7,500,15,3000,3000,3000,3000,"fast","control_informative",0.05,3,0.01,"","mirage_joint","trait1","bfdr_power",0.1,0.04
20260819,7,500,15,3000,3000,3000,3000,"fast","control_informative",0.05,3,0.01,"","mirage_joint","trait1","bfdr_discoveries",0.1,1
20260819,7,500,15,3000,3000,3000,3000,"fast","control_informative",0.05,3,0.01,"","mirage_joint","trait1","bfdr_observed_fdp",0.2,0.5
20260819,7,500,15,3000,3000,3000,3000,"fast","control_informative",0.05,3,0.01,"","mirage_joint","trait1","bfdr_estimate",0.2,0.188932638420572
20260819,7,500,15,3000,3000,3000,3000,"fast","control_informative",0.05,3,0.01,"","mirage_joint","trait1","bfdr_power",0.2,0.04
20260819,7,500,15,3000,3000,3000,3000,"fast","control_informative",0.05,3,0.01,"","mirage_joint","trait1","bfdr_discoveries",0.2,2
20260819,7,500,15,3000,3000,3000,3000,"fast","control_informative",0.05,3,0.01,"","mirage_joint","trait2","bfdr_observed_fdp",0.01,0
20260819,7,500,15,3000,3000,3000,3000,"fast","control_informative",0.05,3,0.01,"","mirage_joint","trait2","bfdr_estimate",0.01,0.00440844037638
20260819,7,500,15,3000,3000,3000,3000,"fast","control_informative",0.05,3,0.01,"","mirage_joint","trait2","bfdr_power",0.01,0.1
20260819,7,500,15,3000,3000,3000,3000,"fast","control_informative",0.05,3,0.01,"","mirage_joint","trait2","bfdr_discoveries",0.01,1
20260819,7,500,15,3000,3000,3000,3000,"fast","control_informative",0.05,3,0.01,"","mirage_joint","trait2","bfdr_observed_fdp",0.05,0
20260819,7,500,15,3000,3000,3000,3000,"fast","control_informative",0.05,3,0.01,"","mirage_joint","trait2","bfdr_estimate",0.05,0.00440844037638
20260819,7,500,15,3000,3000,3000,3000,"fast","control_informative",0.05,3,0.01,"","mirage_joint","trait2","bfdr_power",0.05,0.1
20260819,7,500,15,3000,3000,3000,3000,"fast","control_informative",0.05,3,0.01,"","mirage_joint","trait2","bfdr_discoveries",0.05,1
20260819,7,500,15,3000,3000,3000,3000,"fast","control_informative",0.05,3,0.01,"","mirage_joint","trait2","bfdr_observed_fdp",0.1,0
20260819,7,500,15,3000,3000,3000,3000,"fast","control_informative",0.05,3,0.01,"","mirage_joint","trait2","bfdr_estimate",0.1,0.00440844037638
20260819,7,500,15,3000,3000,3000,3000,"fast","control_informative",0.05,3,0.01,"","mirage_joint","trait2","bfdr_power",0.1,0.1
20260819,7,500,15,3000,3000,3000,3000,"fast","control_informative",0.05,3,0.01,"","mirage_joint","trait2","bfdr_discoveries",0.1,1
20260819,7,500,15,3000,3000,3000,3000,"fast","control_informative",0.05,3,0.01,"","mirage_joint","trait2","bfdr_observed_fdp",0.2,0.5
20260819,7,500,15,3000,3000,3000,3000,"fast","control_informative",0.05,3,0.01,"","mirage_joint","trait2","bfdr_estimate",0.2,0.155267963740388
20260819,7,500,15,3000,3000,3000,3000,"fast","control_informative",0.05,3,0.01,"","mirage_joint","trait2","bfdr_power",0.2,0.1
20260819,7,500,15,3000,3000,3000,3000,"fast","control_informative",0.05,3,0.01,"","mirage_joint","trait2","bfdr_discoveries",0.2,2
20260819,7,500,15,3000,3000,3000,3000,"fast","control_informative",0.05,3,0.01,"","mirage_joint","pleiotropy","bfdr_observed_fdp",0.01,0
20260819,7,500,15,3000,3000,3000,3000,"fast","control_informative",0.05,3,0.01,"","mirage_joint","pleiotropy","bfdr_estimate",0.01,0.00440854360947662
20260819,7,500,15,3000,3000,3000,3000,"fast","control_informative",0.05,3,0.01,"","mirage_joint","pleiotropy","bfdr_power",0.01,0.2
20260819,7,500,15,3000,3000,3000,3000,"fast","control_informative",0.05,3,0.01,"","mirage_joint","pleiotropy","bfdr_discoveries",0.01,1
20260819,7,500,15,3000,3000,3000,3000,"fast","control_informative",0.05,3,0.01,"","mirage_joint","pleiotropy","bfdr_observed_fdp",0.05,0
20260819,7,500,15,3000,3000,3000,3000,"fast","control_informative",0.05,3,0.01,"","mirage_joint","pleiotropy","bfdr_estimate",0.05,0.00440854360947662
20260819,7,500,15,3000,3000,3000,3000,"fast","control_informative",0.05,3,0.01,"","mirage_joint","pleiotropy","bfdr_power",0.05,0.2
20260819,7,500,15,3000,3000,3000,3000,"fast","control_informative",0.05,3,0.01,"","mirage_joint","pleiotropy","bfdr_discoveries",0.05,1
20260819,7,500,15,3000,3000,3000,3000,"fast","control_informative",0.05,3,0.01,"","mirage_joint","pleiotropy","bfdr_observed_fdp",0.1,0
20260819,7,500,15,3000,3000,3000,3000,"fast","control_informative",0.05,3,0.01,"","mirage_joint","pleiotropy","bfdr_estimate",0.1,0.00440854360947662
20260819,7,500,15,3000,3000,3000,3000,"fast","control_informative",0.05,3,0.01,"","mirage_joint","pleiotropy","bfdr_power",0.1,0.2
20260819,7,500,15,3000,3000,3000,3000,"fast","control_informative",0.05,3,0.01,"","mirage_joint","pleiotropy","bfdr_discoveries",0.1,1
20260819,7,500,15,3000,3000,3000,3000,"fast","control_informative",0.05,3,0.01,"","mirage_joint","pleiotropy","bfdr_observed_fdp",0.2,0.5
20260819,7,500,15,3000,3000,3000,3000,"fast","control_informative",0.05,3,0.01,"","mirage_joint","pleiotropy","bfdr_estimate",0.2,0.191934643257972
20260819,7,500,15,3000,3000,3000,3000,"fast","control_informative",0.05,3,0.01,"","mirage_joint","pleiotropy","bfdr_power",0.2,0.2
20260819,7,500,15,3000,3000,3000,3000,"fast","control_informative",0.05,3,0.01,"","mirage_joint","pleiotropy","bfdr_discoveries",0.2,2
20260819,7,500,15,3000,3000,3000,3000,"fast","control_informative",0.05,3,0.01,"","mirage_joint","global","runtime_seconds",NA,18.36
20260819,7,500,15,3000,3000,3000,3000,"fast","control_informative",0.05,3,0.01,"","mirage_joint","pleiotropy","pi11_estimate",NA,0.0551307030843093
20260819,7,500,15,3000,3000,3000,3000,"fast","control_informative",0.05,3,0.01,"","separate_mirage","trait1","auc",NA,0.623494736842105
20260819,7,500,15,3000,3000,3000,3000,"fast","control_informative",0.05,3,0.01,"","separate_mirage","trait2","auc",NA,0.616122448979592
20260819,7,500,15,3000,3000,3000,3000,"fast","control_informative",0.05,3,0.01,"","separate_mirage","pleiotropy","auc",NA,0.631515151515151
20260819,7,500,15,3000,3000,3000,3000,"fast","control_informative",0.05,3,0.01,"","separate_mirage","trait1","pp08_power",0.8,0.04
20260819,7,500,15,3000,3000,3000,3000,"fast","control_informative",0.05,3,0.01,"","separate_mirage","trait1","pp08_fdp",0.8,0
20260819,7,500,15,3000,3000,3000,3000,"fast","control_informative",0.05,3,0.01,"","separate_mirage","trait1","pp08_discoveries",0.8,1
20260819,7,500,15,3000,3000,3000,3000,"fast","control_informative",0.05,3,0.01,"","separate_mirage","trait2","pp08_power",0.8,0
20260819,7,500,15,3000,3000,3000,3000,"fast","control_informative",0.05,3,0.01,"","separate_mirage","trait2","pp08_fdp",0.8,0
20260819,7,500,15,3000,3000,3000,3000,"fast","control_informative",0.05,3,0.01,"","separate_mirage","trait2","pp08_discoveries",0.8,0
20260819,7,500,15,3000,3000,3000,3000,"fast","control_informative",0.05,3,0.01,"","separate_mirage","pleiotropy","pp08_power",0.8,0
20260819,7,500,15,3000,3000,3000,3000,"fast","control_informative",0.05,3,0.01,"","separate_mirage","pleiotropy","pp08_fdp",0.8,0
20260819,7,500,15,3000,3000,3000,3000,"fast","control_informative",0.05,3,0.01,"","separate_mirage","pleiotropy","pp08_discoveries",0.8,0
20260819,7,500,15,3000,3000,3000,3000,"fast","control_informative",0.05,3,0.01,"","separate_mirage","trait1","bfdr_observed_fdp",0.01,0
20260819,7,500,15,3000,3000,3000,3000,"fast","control_informative",0.05,3,0.01,"","separate_mirage","trait1","bfdr_estimate",0.01,1.40402776858117e-05
20260819,7,500,15,3000,3000,3000,3000,"fast","control_informative",0.05,3,0.01,"","separate_mirage","trait1","bfdr_power",0.01,0.04
20260819,7,500,15,3000,3000,3000,3000,"fast","control_informative",0.05,3,0.01,"","separate_mirage","trait1","bfdr_discoveries",0.01,1
20260819,7,500,15,3000,3000,3000,3000,"fast","control_informative",0.05,3,0.01,"","separate_mirage","trait1","bfdr_observed_fdp",0.05,0
20260819,7,500,15,3000,3000,3000,3000,"fast","control_informative",0.05,3,0.01,"","separate_mirage","trait1","bfdr_estimate",0.05,1.40402776858117e-05
20260819,7,500,15,3000,3000,3000,3000,"fast","control_informative",0.05,3,0.01,"","separate_mirage","trait1","bfdr_power",0.05,0.04
20260819,7,500,15,3000,3000,3000,3000,"fast","control_informative",0.05,3,0.01,"","separate_mirage","trait1","bfdr_discoveries",0.05,1
20260819,7,500,15,3000,3000,3000,3000,"fast","control_informative",0.05,3,0.01,"","separate_mirage","trait1","bfdr_observed_fdp",0.1,0
20260819,7,500,15,3000,3000,3000,3000,"fast","control_informative",0.05,3,0.01,"","separate_mirage","trait1","bfdr_estimate",0.1,1.40402776858117e-05
20260819,7,500,15,3000,3000,3000,3000,"fast","control_informative",0.05,3,0.01,"","separate_mirage","trait1","bfdr_power",0.1,0.04
20260819,7,500,15,3000,3000,3000,3000,"fast","control_informative",0.05,3,0.01,"","separate_mirage","trait1","bfdr_discoveries",0.1,1
20260819,7,500,15,3000,3000,3000,3000,"fast","control_informative",0.05,3,0.01,"","separate_mirage","trait1","bfdr_observed_fdp",0.2,0
20260819,7,500,15,3000,3000,3000,3000,"fast","control_informative",0.05,3,0.01,"","separate_mirage","trait1","bfdr_estimate",0.2,1.40402776858117e-05
20260819,7,500,15,3000,3000,3000,3000,"fast","control_informative",0.05,3,0.01,"","separate_mirage","trait1","bfdr_power",0.2,0.04
20260819,7,500,15,3000,3000,3000,3000,"fast","control_informative",0.05,3,0.01,"","separate_mirage","trait1","bfdr_discoveries",0.2,1
20260819,7,500,15,3000,3000,3000,3000,"fast","control_informative",0.05,3,0.01,"","separate_mirage","trait2","bfdr_observed_fdp",0.01,0
20260819,7,500,15,3000,3000,3000,3000,"fast","control_informative",0.05,3,0.01,"","separate_mirage","trait2","bfdr_estimate",0.01,0
20260819,7,500,15,3000,3000,3000,3000,"fast","control_informative",0.05,3,0.01,"","separate_mirage","trait2","bfdr_power",0.01,0
20260819,7,500,15,3000,3000,3000,3000,"fast","control_informative",0.05,3,0.01,"","separate_mirage","trait2","bfdr_discoveries",0.01,0
20260819,7,500,15,3000,3000,3000,3000,"fast","control_informative",0.05,3,0.01,"","separate_mirage","trait2","bfdr_observed_fdp",0.05,0
20260819,7,500,15,3000,3000,3000,3000,"fast","control_informative",0.05,3,0.01,"","separate_mirage","trait2","bfdr_estimate",0.05,0
20260819,7,500,15,3000,3000,3000,3000,"fast","control_informative",0.05,3,0.01,"","separate_mirage","trait2","bfdr_power",0.05,0
20260819,7,500,15,3000,3000,3000,3000,"fast","control_informative",0.05,3,0.01,"","separate_mirage","trait2","bfdr_discoveries",0.05,0
20260819,7,500,15,3000,3000,3000,3000,"fast","control_informative",0.05,3,0.01,"","separate_mirage","trait2","bfdr_observed_fdp",0.1,0
20260819,7,500,15,3000,3000,3000,3000,"fast","control_informative",0.05,3,0.01,"","separate_mirage","trait2","bfdr_estimate",0.1,0
20260819,7,500,15,3000,3000,3000,3000,"fast","control_informative",0.05,3,0.01,"","separate_mirage","trait2","bfdr_power",0.1,0
20260819,7,500,15,3000,3000,3000,3000,"fast","control_informative",0.05,3,0.01,"","separate_mirage","trait2","bfdr_discoveries",0.1,0
20260819,7,500,15,3000,3000,3000,3000,"fast","control_informative",0.05,3,0.01,"","separate_mirage","trait2","bfdr_observed_fdp",0.2,0
20260819,7,500,15,3000,3000,3000,3000,"fast","control_informative",0.05,3,0.01,"","separate_mirage","trait2","bfdr_estimate",0.2,0
20260819,7,500,15,3000,3000,3000,3000,"fast","control_informative",0.05,3,0.01,"","separate_mirage","trait2","bfdr_power",0.2,0
20260819,7,500,15,3000,3000,3000,3000,"fast","control_informative",0.05,3,0.01,"","separate_mirage","trait2","bfdr_discoveries",0.2,0
20260819,7,500,15,3000,3000,3000,3000,"fast","control_informative",0.05,3,0.01,"","separate_mirage","pleiotropy","bfdr_observed_fdp",0.01,0
20260819,7,500,15,3000,3000,3000,3000,"fast","control_informative",0.05,3,0.01,"","separate_mirage","pleiotropy","bfdr_estimate",0.01,0
20260819,7,500,15,3000,3000,3000,3000,"fast","control_informative",0.05,3,0.01,"","separate_mirage","pleiotropy","bfdr_power",0.01,0
20260819,7,500,15,3000,3000,3000,3000,"fast","control_informative",0.05,3,0.01,"","separate_mirage","pleiotropy","bfdr_discoveries",0.01,0
20260819,7,500,15,3000,3000,3000,3000,"fast","control_informative",0.05,3,0.01,"","separate_mirage","pleiotropy","bfdr_observed_fdp",0.05,0
20260819,7,500,15,3000,3000,3000,3000,"fast","control_informative",0.05,3,0.01,"","separate_mirage","pleiotropy","bfdr_estimate",0.05,0
20260819,7,500,15,3000,3000,3000,3000,"fast","control_informative",0.05,3,0.01,"","separate_mirage","pleiotropy","bfdr_power",0.05,0
20260819,7,500,15,3000,3000,3000,3000,"fast","control_informative",0.05,3,0.01,"","separate_mirage","pleiotropy","bfdr_discoveries",0.05,0
20260819,7,500,15,3000,3000,3000,3000,"fast","control_informative",0.05,3,0.01,"","separate_mirage","pleiotropy","bfdr_observed_fdp",0.1,0
20260819,7,500,15,3000,3000,3000,3000,"fast","control_informative",0.05,3,0.01,"","separate_mirage","pleiotropy","bfdr_estimate",0.1,0
20260819,7,500,15,3000,3000,3000,3000,"fast","control_informative",0.05,3,0.01,"","separate_mirage","pleiotropy","bfdr_power",0.1,0
20260819,7,500,15,3000,3000,3000,3000,"fast","control_informative",0.05,3,0.01,"","separate_mirage","pleiotropy","bfdr_discoveries",0.1,0
20260819,7,500,15,3000,3000,3000,3000,"fast","control_informative",0.05,3,0.01,"","separate_mirage","pleiotropy","bfdr_observed_fdp",0.2,0
20260819,7,500,15,3000,3000,3000,3000,"fast","control_informative",0.05,3,0.01,"","separate_mirage","pleiotropy","bfdr_estimate",0.2,0
20260819,7,500,15,3000,3000,3000,3000,"fast","control_informative",0.05,3,0.01,"","separate_mirage","pleiotropy","bfdr_power",0.2,0
20260819,7,500,15,3000,3000,3000,3000,"fast","control_informative",0.05,3,0.01,"","separate_mirage","pleiotropy","bfdr_discoveries",0.2,0
20260819,7,500,15,3000,3000,3000,3000,"fast","control_informative",0.05,3,0.01,"","separate_mirage","global","runtime_seconds",NA,18.357
20260819,7,500,15,3000,3000,3000,3000,"fast","control_informative",0.05,3,0.01,"","separate_mirage","pleiotropy","pi11_estimate",NA,0.001
20260819,7,500,15,3000,3000,3000,3000,"fast","control_informative",0.05,3,0.01,"","mtada_aggregated","trait1","auc",NA,0.669642105263158
20260819,7,500,15,3000,3000,3000,3000,"fast","control_informative",0.05,3,0.01,"","mtada_aggregated","trait2","auc",NA,0.668979591836735
20260819,7,500,15,3000,3000,3000,3000,"fast","control_informative",0.05,3,0.01,"","mtada_aggregated","pleiotropy","auc",NA,0.772121212121212
20260819,7,500,15,3000,3000,3000,3000,"fast","control_informative",0.05,3,0.01,"","mtada_aggregated","trait1","pp08_power",0.8,0.16
20260819,7,500,15,3000,3000,3000,3000,"fast","control_informative",0.05,3,0.01,"","mtada_aggregated","trait1","pp08_fdp",0.8,0.714285714285714
20260819,7,500,15,3000,3000,3000,3000,"fast","control_informative",0.05,3,0.01,"","mtada_aggregated","trait1","pp08_discoveries",0.8,14
20260819,7,500,15,3000,3000,3000,3000,"fast","control_informative",0.05,3,0.01,"","mtada_aggregated","trait2","pp08_power",0.8,0
20260819,7,500,15,3000,3000,3000,3000,"fast","control_informative",0.05,3,0.01,"","mtada_aggregated","trait2","pp08_fdp",0.8,1
20260819,7,500,15,3000,3000,3000,3000,"fast","control_informative",0.05,3,0.01,"","mtada_aggregated","trait2","pp08_discoveries",0.8,10
20260819,7,500,15,3000,3000,3000,3000,"fast","control_informative",0.05,3,0.01,"","mtada_aggregated","pleiotropy","pp08_power",0.8,0
20260819,7,500,15,3000,3000,3000,3000,"fast","control_informative",0.05,3,0.01,"","mtada_aggregated","pleiotropy","pp08_fdp",0.8,0
20260819,7,500,15,3000,3000,3000,3000,"fast","control_informative",0.05,3,0.01,"","mtada_aggregated","pleiotropy","pp08_discoveries",0.8,0
20260819,7,500,15,3000,3000,3000,3000,"fast","control_informative",0.05,3,0.01,"","mtada_aggregated","trait1","bfdr_observed_fdp",0.01,0.857142857142857
20260819,7,500,15,3000,3000,3000,3000,"fast","control_informative",0.05,3,0.01,"","mtada_aggregated","trait1","bfdr_estimate",0.01,0.0098714530148345
20260819,7,500,15,3000,3000,3000,3000,"fast","control_informative",0.05,3,0.01,"","mtada_aggregated","trait1","bfdr_power",0.01,0.04
20260819,7,500,15,3000,3000,3000,3000,"fast","control_informative",0.05,3,0.01,"","mtada_aggregated","trait1","bfdr_discoveries",0.01,7
20260819,7,500,15,3000,3000,3000,3000,"fast","control_informative",0.05,3,0.01,"","mtada_aggregated","trait1","bfdr_observed_fdp",0.05,0.75
20260819,7,500,15,3000,3000,3000,3000,"fast","control_informative",0.05,3,0.01,"","mtada_aggregated","trait1","bfdr_estimate",0.05,0.0459573478244971
20260819,7,500,15,3000,3000,3000,3000,"fast","control_informative",0.05,3,0.01,"","mtada_aggregated","trait1","bfdr_power",0.05,0.12
20260819,7,500,15,3000,3000,3000,3000,"fast","control_informative",0.05,3,0.01,"","mtada_aggregated","trait1","bfdr_discoveries",0.05,12
20260819,7,500,15,3000,3000,3000,3000,"fast","control_informative",0.05,3,0.01,"","mtada_aggregated","trait1","bfdr_observed_fdp",0.1,0.764705882352941
20260819,7,500,15,3000,3000,3000,3000,"fast","control_informative",0.05,3,0.01,"","mtada_aggregated","trait1","bfdr_estimate",0.1,0.0973595626304209
20260819,7,500,15,3000,3000,3000,3000,"fast","control_informative",0.05,3,0.01,"","mtada_aggregated","trait1","bfdr_power",0.1,0.16
20260819,7,500,15,3000,3000,3000,3000,"fast","control_informative",0.05,3,0.01,"","mtada_aggregated","trait1","bfdr_discoveries",0.1,17
20260819,7,500,15,3000,3000,3000,3000,"fast","control_informative",0.05,3,0.01,"","mtada_aggregated","trait1","bfdr_observed_fdp",0.2,0.818181818181818
20260819,7,500,15,3000,3000,3000,3000,"fast","control_informative",0.05,3,0.01,"","mtada_aggregated","trait1","bfdr_estimate",0.2,0.180273834864429
20260819,7,500,15,3000,3000,3000,3000,"fast","control_informative",0.05,3,0.01,"","mtada_aggregated","trait1","bfdr_power",0.2,0.16
20260819,7,500,15,3000,3000,3000,3000,"fast","control_informative",0.05,3,0.01,"","mtada_aggregated","trait1","bfdr_discoveries",0.2,22
20260819,7,500,15,3000,3000,3000,3000,"fast","control_informative",0.05,3,0.01,"","mtada_aggregated","trait2","bfdr_observed_fdp",0.01,1
20260819,7,500,15,3000,3000,3000,3000,"fast","control_informative",0.05,3,0.01,"","mtada_aggregated","trait2","bfdr_estimate",0.01,0.00993166078933376
20260819,7,500,15,3000,3000,3000,3000,"fast","control_informative",0.05,3,0.01,"","mtada_aggregated","trait2","bfdr_power",0.01,0
20260819,7,500,15,3000,3000,3000,3000,"fast","control_informative",0.05,3,0.01,"","mtada_aggregated","trait2","bfdr_discoveries",0.01,10
20260819,7,500,15,3000,3000,3000,3000,"fast","control_informative",0.05,3,0.01,"","mtada_aggregated","trait2","bfdr_observed_fdp",0.05,1
20260819,7,500,15,3000,3000,3000,3000,"fast","control_informative",0.05,3,0.01,"","mtada_aggregated","trait2","bfdr_estimate",0.05,0.0279397384070338
20260819,7,500,15,3000,3000,3000,3000,"fast","control_informative",0.05,3,0.01,"","mtada_aggregated","trait2","bfdr_power",0.05,0
20260819,7,500,15,3000,3000,3000,3000,"fast","control_informative",0.05,3,0.01,"","mtada_aggregated","trait2","bfdr_discoveries",0.05,11
20260819,7,500,15,3000,3000,3000,3000,"fast","control_informative",0.05,3,0.01,"","mtada_aggregated","trait2","bfdr_observed_fdp",0.1,1
20260819,7,500,15,3000,3000,3000,3000,"fast","control_informative",0.05,3,0.01,"","mtada_aggregated","trait2","bfdr_estimate",0.1,0.095450630951936
20260819,7,500,15,3000,3000,3000,3000,"fast","control_informative",0.05,3,0.01,"","mtada_aggregated","trait2","bfdr_power",0.1,0
20260819,7,500,15,3000,3000,3000,3000,"fast","control_informative",0.05,3,0.01,"","mtada_aggregated","trait2","bfdr_discoveries",0.1,14
20260819,7,500,15,3000,3000,3000,3000,"fast","control_informative",0.05,3,0.01,"","mtada_aggregated","trait2","bfdr_observed_fdp",0.2,1
20260819,7,500,15,3000,3000,3000,3000,"fast","control_informative",0.05,3,0.01,"","mtada_aggregated","trait2","bfdr_estimate",0.2,0.179528536954095
20260819,7,500,15,3000,3000,3000,3000,"fast","control_informative",0.05,3,0.01,"","mtada_aggregated","trait2","bfdr_power",0.2,0
20260819,7,500,15,3000,3000,3000,3000,"fast","control_informative",0.05,3,0.01,"","mtada_aggregated","trait2","bfdr_discoveries",0.2,17
20260819,7,500,15,3000,3000,3000,3000,"fast","control_informative",0.05,3,0.01,"","mtada_aggregated","pleiotropy","bfdr_observed_fdp",0.01,0
20260819,7,500,15,3000,3000,3000,3000,"fast","control_informative",0.05,3,0.01,"","mtada_aggregated","pleiotropy","bfdr_estimate",0.01,0
20260819,7,500,15,3000,3000,3000,3000,"fast","control_informative",0.05,3,0.01,"","mtada_aggregated","pleiotropy","bfdr_power",0.01,0
20260819,7,500,15,3000,3000,3000,3000,"fast","control_informative",0.05,3,0.01,"","mtada_aggregated","pleiotropy","bfdr_discoveries",0.01,0
20260819,7,500,15,3000,3000,3000,3000,"fast","control_informative",0.05,3,0.01,"","mtada_aggregated","pleiotropy","bfdr_observed_fdp",0.05,0
20260819,7,500,15,3000,3000,3000,3000,"fast","control_informative",0.05,3,0.01,"","mtada_aggregated","pleiotropy","bfdr_estimate",0.05,0
20260819,7,500,15,3000,3000,3000,3000,"fast","control_informative",0.05,3,0.01,"","mtada_aggregated","pleiotropy","bfdr_power",0.05,0
20260819,7,500,15,3000,3000,3000,3000,"fast","control_informative",0.05,3,0.01,"","mtada_aggregated","pleiotropy","bfdr_discoveries",0.05,0
20260819,7,500,15,3000,3000,3000,3000,"fast","control_informative",0.05,3,0.01,"","mtada_aggregated","pleiotropy","bfdr_observed_fdp",0.1,0
20260819,7,500,15,3000,3000,3000,3000,"fast","control_informative",0.05,3,0.01,"","mtada_aggregated","pleiotropy","bfdr_estimate",0.1,0
20260819,7,500,15,3000,3000,3000,3000,"fast","control_informative",0.05,3,0.01,"","mtada_aggregated","pleiotropy","bfdr_power",0.1,0
20260819,7,500,15,3000,3000,3000,3000,"fast","control_informative",0.05,3,0.01,"","mtada_aggregated","pleiotropy","bfdr_discoveries",0.1,0
20260819,7,500,15,3000,3000,3000,3000,"fast","control_informative",0.05,3,0.01,"","mtada_aggregated","pleiotropy","bfdr_observed_fdp",0.2,0
20260819,7,500,15,3000,3000,3000,3000,"fast","control_informative",0.05,3,0.01,"","mtada_aggregated","pleiotropy","bfdr_estimate",0.2,0
20260819,7,500,15,3000,3000,3000,3000,"fast","control_informative",0.05,3,0.01,"","mtada_aggregated","pleiotropy","bfdr_power",0.2,0
20260819,7,500,15,3000,3000,3000,3000,"fast","control_informative",0.05,3,0.01,"","mtada_aggregated","pleiotropy","bfdr_discoveries",0.2,0
20260819,7,500,15,3000,3000,3000,3000,"fast","control_informative",0.05,3,0.01,"","mtada_aggregated","global","runtime_seconds",NA,0.713000000000022
20260819,7,500,15,3000,3000,3000,3000,"fast","control_informative",0.05,3,0.01,"","mtada_aggregated","pleiotropy","pi11_estimate",NA,0.000962853
20260820,8,500,15,3000,3000,3000,3000,"fast","control_informative",0.05,3,0.01,"","mirage_joint","trait1","auc",NA,0.673515789473684
20260820,8,500,15,3000,3000,3000,3000,"fast","control_informative",0.05,3,0.01,"","mirage_joint","trait2","auc",NA,0.428367346938775
20260820,8,500,15,3000,3000,3000,3000,"fast","control_informative",0.05,3,0.01,"","mirage_joint","pleiotropy","auc",NA,0.688080808080808
20260820,8,500,15,3000,3000,3000,3000,"fast","control_informative",0.05,3,0.01,"","mirage_joint","trait1","pp08_power",0.8,0.16
20260820,8,500,15,3000,3000,3000,3000,"fast","control_informative",0.05,3,0.01,"","mirage_joint","trait1","pp08_fdp",0.8,0
20260820,8,500,15,3000,3000,3000,3000,"fast","control_informative",0.05,3,0.01,"","mirage_joint","trait1","pp08_discoveries",0.8,4
20260820,8,500,15,3000,3000,3000,3000,"fast","control_informative",0.05,3,0.01,"","mirage_joint","trait2","pp08_power",0.8,0.1
20260820,8,500,15,3000,3000,3000,3000,"fast","control_informative",0.05,3,0.01,"","mirage_joint","trait2","pp08_fdp",0.8,0
20260820,8,500,15,3000,3000,3000,3000,"fast","control_informative",0.05,3,0.01,"","mirage_joint","trait2","pp08_discoveries",0.8,1
20260820,8,500,15,3000,3000,3000,3000,"fast","control_informative",0.05,3,0.01,"","mirage_joint","pleiotropy","pp08_power",0.8,0
20260820,8,500,15,3000,3000,3000,3000,"fast","control_informative",0.05,3,0.01,"","mirage_joint","pleiotropy","pp08_fdp",0.8,0
20260820,8,500,15,3000,3000,3000,3000,"fast","control_informative",0.05,3,0.01,"","mirage_joint","pleiotropy","pp08_discoveries",0.8,0
20260820,8,500,15,3000,3000,3000,3000,"fast","control_informative",0.05,3,0.01,"","mirage_joint","trait1","bfdr_observed_fdp",0.01,0
20260820,8,500,15,3000,3000,3000,3000,"fast","control_informative",0.05,3,0.01,"","mirage_joint","trait1","bfdr_estimate",0.01,0.00335271529105652
20260820,8,500,15,3000,3000,3000,3000,"fast","control_informative",0.05,3,0.01,"","mirage_joint","trait1","bfdr_power",0.01,0.12
20260820,8,500,15,3000,3000,3000,3000,"fast","control_informative",0.05,3,0.01,"","mirage_joint","trait1","bfdr_discoveries",0.01,3
20260820,8,500,15,3000,3000,3000,3000,"fast","control_informative",0.05,3,0.01,"","mirage_joint","trait1","bfdr_observed_fdp",0.05,0
20260820,8,500,15,3000,3000,3000,3000,"fast","control_informative",0.05,3,0.01,"","mirage_joint","trait1","bfdr_estimate",0.05,0.0340060227345365
20260820,8,500,15,3000,3000,3000,3000,"fast","control_informative",0.05,3,0.01,"","mirage_joint","trait1","bfdr_power",0.05,0.16
20260820,8,500,15,3000,3000,3000,3000,"fast","control_informative",0.05,3,0.01,"","mirage_joint","trait1","bfdr_discoveries",0.05,4
20260820,8,500,15,3000,3000,3000,3000,"fast","control_informative",0.05,3,0.01,"","mirage_joint","trait1","bfdr_observed_fdp",0.1,0
20260820,8,500,15,3000,3000,3000,3000,"fast","control_informative",0.05,3,0.01,"","mirage_joint","trait1","bfdr_estimate",0.1,0.0340060227345365
20260820,8,500,15,3000,3000,3000,3000,"fast","control_informative",0.05,3,0.01,"","mirage_joint","trait1","bfdr_power",0.1,0.16
20260820,8,500,15,3000,3000,3000,3000,"fast","control_informative",0.05,3,0.01,"","mirage_joint","trait1","bfdr_discoveries",0.1,4
20260820,8,500,15,3000,3000,3000,3000,"fast","control_informative",0.05,3,0.01,"","mirage_joint","trait1","bfdr_observed_fdp",0.2,0.285714285714286
20260820,8,500,15,3000,3000,3000,3000,"fast","control_informative",0.05,3,0.01,"","mirage_joint","trait1","bfdr_estimate",0.2,0.183236398714128
20260820,8,500,15,3000,3000,3000,3000,"fast","control_informative",0.05,3,0.01,"","mirage_joint","trait1","bfdr_power",0.2,0.2
20260820,8,500,15,3000,3000,3000,3000,"fast","control_informative",0.05,3,0.01,"","mirage_joint","trait1","bfdr_discoveries",0.2,7
20260820,8,500,15,3000,3000,3000,3000,"fast","control_informative",0.05,3,0.01,"","mirage_joint","trait2","bfdr_observed_fdp",0.01,0
20260820,8,500,15,3000,3000,3000,3000,"fast","control_informative",0.05,3,0.01,"","mirage_joint","trait2","bfdr_estimate",0.01,0
20260820,8,500,15,3000,3000,3000,3000,"fast","control_informative",0.05,3,0.01,"","mirage_joint","trait2","bfdr_power",0.01,0
20260820,8,500,15,3000,3000,3000,3000,"fast","control_informative",0.05,3,0.01,"","mirage_joint","trait2","bfdr_discoveries",0.01,0
20260820,8,500,15,3000,3000,3000,3000,"fast","control_informative",0.05,3,0.01,"","mirage_joint","trait2","bfdr_observed_fdp",0.05,0
20260820,8,500,15,3000,3000,3000,3000,"fast","control_informative",0.05,3,0.01,"","mirage_joint","trait2","bfdr_estimate",0.05,0
20260820,8,500,15,3000,3000,3000,3000,"fast","control_informative",0.05,3,0.01,"","mirage_joint","trait2","bfdr_power",0.05,0
20260820,8,500,15,3000,3000,3000,3000,"fast","control_informative",0.05,3,0.01,"","mirage_joint","trait2","bfdr_discoveries",0.05,0
20260820,8,500,15,3000,3000,3000,3000,"fast","control_informative",0.05,3,0.01,"","mirage_joint","trait2","bfdr_observed_fdp",0.1,0
20260820,8,500,15,3000,3000,3000,3000,"fast","control_informative",0.05,3,0.01,"","mirage_joint","trait2","bfdr_estimate",0.1,0.0801927530634032
20260820,8,500,15,3000,3000,3000,3000,"fast","control_informative",0.05,3,0.01,"","mirage_joint","trait2","bfdr_power",0.1,0.1
20260820,8,500,15,3000,3000,3000,3000,"fast","control_informative",0.05,3,0.01,"","mirage_joint","trait2","bfdr_discoveries",0.1,1
20260820,8,500,15,3000,3000,3000,3000,"fast","control_informative",0.05,3,0.01,"","mirage_joint","trait2","bfdr_observed_fdp",0.2,0.5
20260820,8,500,15,3000,3000,3000,3000,"fast","control_informative",0.05,3,0.01,"","mirage_joint","trait2","bfdr_estimate",0.2,0.196392523012273
20260820,8,500,15,3000,3000,3000,3000,"fast","control_informative",0.05,3,0.01,"","mirage_joint","trait2","bfdr_power",0.2,0.1
20260820,8,500,15,3000,3000,3000,3000,"fast","control_informative",0.05,3,0.01,"","mirage_joint","trait2","bfdr_discoveries",0.2,2
20260820,8,500,15,3000,3000,3000,3000,"fast","control_informative",0.05,3,0.01,"","mirage_joint","pleiotropy","bfdr_observed_fdp",0.01,0
20260820,8,500,15,3000,3000,3000,3000,"fast","control_informative",0.05,3,0.01,"","mirage_joint","pleiotropy","bfdr_estimate",0.01,0
20260820,8,500,15,3000,3000,3000,3000,"fast","control_informative",0.05,3,0.01,"","mirage_joint","pleiotropy","bfdr_power",0.01,0
20260820,8,500,15,3000,3000,3000,3000,"fast","control_informative",0.05,3,0.01,"","mirage_joint","pleiotropy","bfdr_discoveries",0.01,0
20260820,8,500,15,3000,3000,3000,3000,"fast","control_informative",0.05,3,0.01,"","mirage_joint","pleiotropy","bfdr_observed_fdp",0.05,0
20260820,8,500,15,3000,3000,3000,3000,"fast","control_informative",0.05,3,0.01,"","mirage_joint","pleiotropy","bfdr_estimate",0.05,0
20260820,8,500,15,3000,3000,3000,3000,"fast","control_informative",0.05,3,0.01,"","mirage_joint","pleiotropy","bfdr_power",0.05,0
20260820,8,500,15,3000,3000,3000,3000,"fast","control_informative",0.05,3,0.01,"","mirage_joint","pleiotropy","bfdr_discoveries",0.05,0
20260820,8,500,15,3000,3000,3000,3000,"fast","control_informative",0.05,3,0.01,"","mirage_joint","pleiotropy","bfdr_observed_fdp",0.1,0
20260820,8,500,15,3000,3000,3000,3000,"fast","control_informative",0.05,3,0.01,"","mirage_joint","pleiotropy","bfdr_estimate",0.1,0
20260820,8,500,15,3000,3000,3000,3000,"fast","control_informative",0.05,3,0.01,"","mirage_joint","pleiotropy","bfdr_power",0.1,0
20260820,8,500,15,3000,3000,3000,3000,"fast","control_informative",0.05,3,0.01,"","mirage_joint","pleiotropy","bfdr_discoveries",0.1,0
20260820,8,500,15,3000,3000,3000,3000,"fast","control_informative",0.05,3,0.01,"","mirage_joint","pleiotropy","bfdr_observed_fdp",0.2,0
20260820,8,500,15,3000,3000,3000,3000,"fast","control_informative",0.05,3,0.01,"","mirage_joint","pleiotropy","bfdr_estimate",0.2,0
20260820,8,500,15,3000,3000,3000,3000,"fast","control_informative",0.05,3,0.01,"","mirage_joint","pleiotropy","bfdr_power",0.2,0
20260820,8,500,15,3000,3000,3000,3000,"fast","control_informative",0.05,3,0.01,"","mirage_joint","pleiotropy","bfdr_discoveries",0.2,0
20260820,8,500,15,3000,3000,3000,3000,"fast","control_informative",0.05,3,0.01,"","mirage_joint","global","runtime_seconds",NA,18.365
20260820,8,500,15,3000,3000,3000,3000,"fast","control_informative",0.05,3,0.01,"","mirage_joint","pleiotropy","pi11_estimate",NA,0.0114379494511188
20260820,8,500,15,3000,3000,3000,3000,"fast","control_informative",0.05,3,0.01,"","separate_mirage","trait1","auc",NA,0.676547368421053
20260820,8,500,15,3000,3000,3000,3000,"fast","control_informative",0.05,3,0.01,"","separate_mirage","trait2","auc",NA,0.464897959183673
20260820,8,500,15,3000,3000,3000,3000,"fast","control_informative",0.05,3,0.01,"","separate_mirage","pleiotropy","auc",NA,0.725656565656566
20260820,8,500,15,3000,3000,3000,3000,"fast","control_informative",0.05,3,0.01,"","separate_mirage","trait1","pp08_power",0.8,0.12
20260820,8,500,15,3000,3000,3000,3000,"fast","control_informative",0.05,3,0.01,"","separate_mirage","trait1","pp08_fdp",0.8,0
20260820,8,500,15,3000,3000,3000,3000,"fast","control_informative",0.05,3,0.01,"","separate_mirage","trait1","pp08_discoveries",0.8,3
20260820,8,500,15,3000,3000,3000,3000,"fast","control_informative",0.05,3,0.01,"","separate_mirage","trait2","pp08_power",0.8,0.1
20260820,8,500,15,3000,3000,3000,3000,"fast","control_informative",0.05,3,0.01,"","separate_mirage","trait2","pp08_fdp",0.8,0
20260820,8,500,15,3000,3000,3000,3000,"fast","control_informative",0.05,3,0.01,"","separate_mirage","trait2","pp08_discoveries",0.8,1
20260820,8,500,15,3000,3000,3000,3000,"fast","control_informative",0.05,3,0.01,"","separate_mirage","pleiotropy","pp08_power",0.8,0
20260820,8,500,15,3000,3000,3000,3000,"fast","control_informative",0.05,3,0.01,"","separate_mirage","pleiotropy","pp08_fdp",0.8,0
20260820,8,500,15,3000,3000,3000,3000,"fast","control_informative",0.05,3,0.01,"","separate_mirage","pleiotropy","pp08_discoveries",0.8,0
20260820,8,500,15,3000,3000,3000,3000,"fast","control_informative",0.05,3,0.01,"","separate_mirage","trait1","bfdr_observed_fdp",0.01,0
20260820,8,500,15,3000,3000,3000,3000,"fast","control_informative",0.05,3,0.01,"","separate_mirage","trait1","bfdr_estimate",0.01,0.00550878215778801
20260820,8,500,15,3000,3000,3000,3000,"fast","control_informative",0.05,3,0.01,"","separate_mirage","trait1","bfdr_power",0.01,0.12
20260820,8,500,15,3000,3000,3000,3000,"fast","control_informative",0.05,3,0.01,"","separate_mirage","trait1","bfdr_discoveries",0.01,3
20260820,8,500,15,3000,3000,3000,3000,"fast","control_informative",0.05,3,0.01,"","separate_mirage","trait1","bfdr_observed_fdp",0.05,0
20260820,8,500,15,3000,3000,3000,3000,"fast","control_informative",0.05,3,0.01,"","separate_mirage","trait1","bfdr_estimate",0.05,0.00550878215778801
20260820,8,500,15,3000,3000,3000,3000,"fast","control_informative",0.05,3,0.01,"","separate_mirage","trait1","bfdr_power",0.05,0.12
20260820,8,500,15,3000,3000,3000,3000,"fast","control_informative",0.05,3,0.01,"","separate_mirage","trait1","bfdr_discoveries",0.05,3
20260820,8,500,15,3000,3000,3000,3000,"fast","control_informative",0.05,3,0.01,"","separate_mirage","trait1","bfdr_observed_fdp",0.1,0
20260820,8,500,15,3000,3000,3000,3000,"fast","control_informative",0.05,3,0.01,"","separate_mirage","trait1","bfdr_estimate",0.1,0.0931177454888428
20260820,8,500,15,3000,3000,3000,3000,"fast","control_informative",0.05,3,0.01,"","separate_mirage","trait1","bfdr_power",0.1,0.16
20260820,8,500,15,3000,3000,3000,3000,"fast","control_informative",0.05,3,0.01,"","separate_mirage","trait1","bfdr_discoveries",0.1,4
20260820,8,500,15,3000,3000,3000,3000,"fast","control_informative",0.05,3,0.01,"","separate_mirage","trait1","bfdr_observed_fdp",0.2,0.2
20260820,8,500,15,3000,3000,3000,3000,"fast","control_informative",0.05,3,0.01,"","separate_mirage","trait1","bfdr_estimate",0.2,0.176060449212466
20260820,8,500,15,3000,3000,3000,3000,"fast","control_informative",0.05,3,0.01,"","separate_mirage","trait1","bfdr_power",0.2,0.16
20260820,8,500,15,3000,3000,3000,3000,"fast","control_informative",0.05,3,0.01,"","separate_mirage","trait1","bfdr_discoveries",0.2,5
20260820,8,500,15,3000,3000,3000,3000,"fast","control_informative",0.05,3,0.01,"","separate_mirage","trait2","bfdr_observed_fdp",0.01,0
20260820,8,500,15,3000,3000,3000,3000,"fast","control_informative",0.05,3,0.01,"","separate_mirage","trait2","bfdr_estimate",0.01,0
20260820,8,500,15,3000,3000,3000,3000,"fast","control_informative",0.05,3,0.01,"","separate_mirage","trait2","bfdr_power",0.01,0
20260820,8,500,15,3000,3000,3000,3000,"fast","control_informative",0.05,3,0.01,"","separate_mirage","trait2","bfdr_discoveries",0.01,0
20260820,8,500,15,3000,3000,3000,3000,"fast","control_informative",0.05,3,0.01,"","separate_mirage","trait2","bfdr_observed_fdp",0.05,0
20260820,8,500,15,3000,3000,3000,3000,"fast","control_informative",0.05,3,0.01,"","separate_mirage","trait2","bfdr_estimate",0.05,0
20260820,8,500,15,3000,3000,3000,3000,"fast","control_informative",0.05,3,0.01,"","separate_mirage","trait2","bfdr_power",0.05,0
20260820,8,500,15,3000,3000,3000,3000,"fast","control_informative",0.05,3,0.01,"","separate_mirage","trait2","bfdr_discoveries",0.05,0
20260820,8,500,15,3000,3000,3000,3000,"fast","control_informative",0.05,3,0.01,"","separate_mirage","trait2","bfdr_observed_fdp",0.1,0
20260820,8,500,15,3000,3000,3000,3000,"fast","control_informative",0.05,3,0.01,"","separate_mirage","trait2","bfdr_estimate",0.1,0.087220568824496
20260820,8,500,15,3000,3000,3000,3000,"fast","control_informative",0.05,3,0.01,"","separate_mirage","trait2","bfdr_power",0.1,0.1
20260820,8,500,15,3000,3000,3000,3000,"fast","control_informative",0.05,3,0.01,"","separate_mirage","trait2","bfdr_discoveries",0.1,1
20260820,8,500,15,3000,3000,3000,3000,"fast","control_informative",0.05,3,0.01,"","separate_mirage","trait2","bfdr_observed_fdp",0.2,0
20260820,8,500,15,3000,3000,3000,3000,"fast","control_informative",0.05,3,0.01,"","separate_mirage","trait2","bfdr_estimate",0.2,0.087220568824496
20260820,8,500,15,3000,3000,3000,3000,"fast","control_informative",0.05,3,0.01,"","separate_mirage","trait2","bfdr_power",0.2,0.1
20260820,8,500,15,3000,3000,3000,3000,"fast","control_informative",0.05,3,0.01,"","separate_mirage","trait2","bfdr_discoveries",0.2,1
20260820,8,500,15,3000,3000,3000,3000,"fast","control_informative",0.05,3,0.01,"","separate_mirage","pleiotropy","bfdr_observed_fdp",0.01,0
20260820,8,500,15,3000,3000,3000,3000,"fast","control_informative",0.05,3,0.01,"","separate_mirage","pleiotropy","bfdr_estimate",0.01,0
20260820,8,500,15,3000,3000,3000,3000,"fast","control_informative",0.05,3,0.01,"","separate_mirage","pleiotropy","bfdr_power",0.01,0
20260820,8,500,15,3000,3000,3000,3000,"fast","control_informative",0.05,3,0.01,"","separate_mirage","pleiotropy","bfdr_discoveries",0.01,0
20260820,8,500,15,3000,3000,3000,3000,"fast","control_informative",0.05,3,0.01,"","separate_mirage","pleiotropy","bfdr_observed_fdp",0.05,0
20260820,8,500,15,3000,3000,3000,3000,"fast","control_informative",0.05,3,0.01,"","separate_mirage","pleiotropy","bfdr_estimate",0.05,0
20260820,8,500,15,3000,3000,3000,3000,"fast","control_informative",0.05,3,0.01,"","separate_mirage","pleiotropy","bfdr_power",0.05,0
20260820,8,500,15,3000,3000,3000,3000,"fast","control_informative",0.05,3,0.01,"","separate_mirage","pleiotropy","bfdr_discoveries",0.05,0
20260820,8,500,15,3000,3000,3000,3000,"fast","control_informative",0.05,3,0.01,"","separate_mirage","pleiotropy","bfdr_observed_fdp",0.1,0
20260820,8,500,15,3000,3000,3000,3000,"fast","control_informative",0.05,3,0.01,"","separate_mirage","pleiotropy","bfdr_estimate",0.1,0
20260820,8,500,15,3000,3000,3000,3000,"fast","control_informative",0.05,3,0.01,"","separate_mirage","pleiotropy","bfdr_power",0.1,0
20260820,8,500,15,3000,3000,3000,3000,"fast","control_informative",0.05,3,0.01,"","separate_mirage","pleiotropy","bfdr_discoveries",0.1,0
20260820,8,500,15,3000,3000,3000,3000,"fast","control_informative",0.05,3,0.01,"","separate_mirage","pleiotropy","bfdr_observed_fdp",0.2,0
20260820,8,500,15,3000,3000,3000,3000,"fast","control_informative",0.05,3,0.01,"","separate_mirage","pleiotropy","bfdr_estimate",0.2,0
20260820,8,500,15,3000,3000,3000,3000,"fast","control_informative",0.05,3,0.01,"","separate_mirage","pleiotropy","bfdr_power",0.2,0
20260820,8,500,15,3000,3000,3000,3000,"fast","control_informative",0.05,3,0.01,"","separate_mirage","pleiotropy","bfdr_discoveries",0.2,0
20260820,8,500,15,3000,3000,3000,3000,"fast","control_informative",0.05,3,0.01,"","separate_mirage","global","runtime_seconds",NA,18.223
20260820,8,500,15,3000,3000,3000,3000,"fast","control_informative",0.05,3,0.01,"","separate_mirage","pleiotropy","pi11_estimate",NA,0.001
20260820,8,500,15,3000,3000,3000,3000,"fast","control_informative",0.05,3,0.01,"","mtada_aggregated","trait1","auc",NA,0.80101052631579
20260820,8,500,15,3000,3000,3000,3000,"fast","control_informative",0.05,3,0.01,"","mtada_aggregated","trait2","auc",NA,0.489591836734694
20260820,8,500,15,3000,3000,3000,3000,"fast","control_informative",0.05,3,0.01,"","mtada_aggregated","pleiotropy","auc",NA,0.761616161616162
20260820,8,500,15,3000,3000,3000,3000,"fast","control_informative",0.05,3,0.01,"","mtada_aggregated","trait1","pp08_power",0.8,0.2
20260820,8,500,15,3000,3000,3000,3000,"fast","control_informative",0.05,3,0.01,"","mtada_aggregated","trait1","pp08_fdp",0.8,0.6875
20260820,8,500,15,3000,3000,3000,3000,"fast","control_informative",0.05,3,0.01,"","mtada_aggregated","trait1","pp08_discoveries",0.8,16
20260820,8,500,15,3000,3000,3000,3000,"fast","control_informative",0.05,3,0.01,"","mtada_aggregated","trait2","pp08_power",0.8,0.2
20260820,8,500,15,3000,3000,3000,3000,"fast","control_informative",0.05,3,0.01,"","mtada_aggregated","trait2","pp08_fdp",0.8,0.75
20260820,8,500,15,3000,3000,3000,3000,"fast","control_informative",0.05,3,0.01,"","mtada_aggregated","trait2","pp08_discoveries",0.8,8
20260820,8,500,15,3000,3000,3000,3000,"fast","control_informative",0.05,3,0.01,"","mtada_aggregated","pleiotropy","pp08_power",0.8,0
20260820,8,500,15,3000,3000,3000,3000,"fast","control_informative",0.05,3,0.01,"","mtada_aggregated","pleiotropy","pp08_fdp",0.8,0
20260820,8,500,15,3000,3000,3000,3000,"fast","control_informative",0.05,3,0.01,"","mtada_aggregated","pleiotropy","pp08_discoveries",0.8,0
20260820,8,500,15,3000,3000,3000,3000,"fast","control_informative",0.05,3,0.01,"","mtada_aggregated","trait1","bfdr_observed_fdp",0.01,0.555555555555556
20260820,8,500,15,3000,3000,3000,3000,"fast","control_informative",0.05,3,0.01,"","mtada_aggregated","trait1","bfdr_estimate",0.01,0.00629871496623527
20260820,8,500,15,3000,3000,3000,3000,"fast","control_informative",0.05,3,0.01,"","mtada_aggregated","trait1","bfdr_power",0.01,0.16
20260820,8,500,15,3000,3000,3000,3000,"fast","control_informative",0.05,3,0.01,"","mtada_aggregated","trait1","bfdr_discoveries",0.01,9
20260820,8,500,15,3000,3000,3000,3000,"fast","control_informative",0.05,3,0.01,"","mtada_aggregated","trait1","bfdr_observed_fdp",0.05,0.666666666666667
20260820,8,500,15,3000,3000,3000,3000,"fast","control_informative",0.05,3,0.01,"","mtada_aggregated","trait1","bfdr_estimate",0.05,0.0416805649246925
20260820,8,500,15,3000,3000,3000,3000,"fast","control_informative",0.05,3,0.01,"","mtada_aggregated","trait1","bfdr_power",0.05,0.2
20260820,8,500,15,3000,3000,3000,3000,"fast","control_informative",0.05,3,0.01,"","mtada_aggregated","trait1","bfdr_discoveries",0.05,15
20260820,8,500,15,3000,3000,3000,3000,"fast","control_informative",0.05,3,0.01,"","mtada_aggregated","trait1","bfdr_observed_fdp",0.1,0.75
20260820,8,500,15,3000,3000,3000,3000,"fast","control_informative",0.05,3,0.01,"","mtada_aggregated","trait1","bfdr_estimate",0.1,0.0914381476926712
20260820,8,500,15,3000,3000,3000,3000,"fast","control_informative",0.05,3,0.01,"","mtada_aggregated","trait1","bfdr_power",0.1,0.2
20260820,8,500,15,3000,3000,3000,3000,"fast","control_informative",0.05,3,0.01,"","mtada_aggregated","trait1","bfdr_discoveries",0.1,20
20260820,8,500,15,3000,3000,3000,3000,"fast","control_informative",0.05,3,0.01,"","mtada_aggregated","trait1","bfdr_observed_fdp",0.2,0.75
20260820,8,500,15,3000,3000,3000,3000,"fast","control_informative",0.05,3,0.01,"","mtada_aggregated","trait1","bfdr_estimate",0.2,0.187815506033904
20260820,8,500,15,3000,3000,3000,3000,"fast","control_informative",0.05,3,0.01,"","mtada_aggregated","trait1","bfdr_power",0.2,0.28
20260820,8,500,15,3000,3000,3000,3000,"fast","control_informative",0.05,3,0.01,"","mtada_aggregated","trait1","bfdr_discoveries",0.2,28
20260820,8,500,15,3000,3000,3000,3000,"fast","control_informative",0.05,3,0.01,"","mtada_aggregated","trait2","bfdr_observed_fdp",0.01,0.666666666666667
20260820,8,500,15,3000,3000,3000,3000,"fast","control_informative",0.05,3,0.01,"","mtada_aggregated","trait2","bfdr_estimate",0.01,0.0033625647041398
20260820,8,500,15,3000,3000,3000,3000,"fast","control_informative",0.05,3,0.01,"","mtada_aggregated","trait2","bfdr_power",0.01,0.2
20260820,8,500,15,3000,3000,3000,3000,"fast","control_informative",0.05,3,0.01,"","mtada_aggregated","trait2","bfdr_discoveries",0.01,6
20260820,8,500,15,3000,3000,3000,3000,"fast","control_informative",0.05,3,0.01,"","mtada_aggregated","trait2","bfdr_observed_fdp",0.05,0.75
20260820,8,500,15,3000,3000,3000,3000,"fast","control_informative",0.05,3,0.01,"","mtada_aggregated","trait2","bfdr_estimate",0.05,0.0387638189470179
20260820,8,500,15,3000,3000,3000,3000,"fast","control_informative",0.05,3,0.01,"","mtada_aggregated","trait2","bfdr_power",0.05,0.2
20260820,8,500,15,3000,3000,3000,3000,"fast","control_informative",0.05,3,0.01,"","mtada_aggregated","trait2","bfdr_discoveries",0.05,8
20260820,8,500,15,3000,3000,3000,3000,"fast","control_informative",0.05,3,0.01,"","mtada_aggregated","trait2","bfdr_observed_fdp",0.1,0.777777777777778
20260820,8,500,15,3000,3000,3000,3000,"fast","control_informative",0.05,3,0.01,"","mtada_aggregated","trait2","bfdr_estimate",0.1,0.0683094821270185
20260820,8,500,15,3000,3000,3000,3000,"fast","control_informative",0.05,3,0.01,"","mtada_aggregated","trait2","bfdr_power",0.1,0.2
20260820,8,500,15,3000,3000,3000,3000,"fast","control_informative",0.05,3,0.01,"","mtada_aggregated","trait2","bfdr_discoveries",0.1,9
20260820,8,500,15,3000,3000,3000,3000,"fast","control_informative",0.05,3,0.01,"","mtada_aggregated","trait2","bfdr_observed_fdp",0.2,0.818181818181818
20260820,8,500,15,3000,3000,3000,3000,"fast","control_informative",0.05,3,0.01,"","mtada_aggregated","trait2","bfdr_estimate",0.2,0.164672950939213
20260820,8,500,15,3000,3000,3000,3000,"fast","control_informative",0.05,3,0.01,"","mtada_aggregated","trait2","bfdr_power",0.2,0.2
20260820,8,500,15,3000,3000,3000,3000,"fast","control_informative",0.05,3,0.01,"","mtada_aggregated","trait2","bfdr_discoveries",0.2,11
20260820,8,500,15,3000,3000,3000,3000,"fast","control_informative",0.05,3,0.01,"","mtada_aggregated","pleiotropy","bfdr_observed_fdp",0.01,0
20260820,8,500,15,3000,3000,3000,3000,"fast","control_informative",0.05,3,0.01,"","mtada_aggregated","pleiotropy","bfdr_estimate",0.01,0
20260820,8,500,15,3000,3000,3000,3000,"fast","control_informative",0.05,3,0.01,"","mtada_aggregated","pleiotropy","bfdr_power",0.01,0
20260820,8,500,15,3000,3000,3000,3000,"fast","control_informative",0.05,3,0.01,"","mtada_aggregated","pleiotropy","bfdr_discoveries",0.01,0
20260820,8,500,15,3000,3000,3000,3000,"fast","control_informative",0.05,3,0.01,"","mtada_aggregated","pleiotropy","bfdr_observed_fdp",0.05,0
20260820,8,500,15,3000,3000,3000,3000,"fast","control_informative",0.05,3,0.01,"","mtada_aggregated","pleiotropy","bfdr_estimate",0.05,0
20260820,8,500,15,3000,3000,3000,3000,"fast","control_informative",0.05,3,0.01,"","mtada_aggregated","pleiotropy","bfdr_power",0.05,0
20260820,8,500,15,3000,3000,3000,3000,"fast","control_informative",0.05,3,0.01,"","mtada_aggregated","pleiotropy","bfdr_discoveries",0.05,0
20260820,8,500,15,3000,3000,3000,3000,"fast","control_informative",0.05,3,0.01,"","mtada_aggregated","pleiotropy","bfdr_observed_fdp",0.1,0
20260820,8,500,15,3000,3000,3000,3000,"fast","control_informative",0.05,3,0.01,"","mtada_aggregated","pleiotropy","bfdr_estimate",0.1,0
20260820,8,500,15,3000,3000,3000,3000,"fast","control_informative",0.05,3,0.01,"","mtada_aggregated","pleiotropy","bfdr_power",0.1,0
20260820,8,500,15,3000,3000,3000,3000,"fast","control_informative",0.05,3,0.01,"","mtada_aggregated","pleiotropy","bfdr_discoveries",0.1,0
20260820,8,500,15,3000,3000,3000,3000,"fast","control_informative",0.05,3,0.01,"","mtada_aggregated","pleiotropy","bfdr_observed_fdp",0.2,0
20260820,8,500,15,3000,3000,3000,3000,"fast","control_informative",0.05,3,0.01,"","mtada_aggregated","pleiotropy","bfdr_estimate",0.2,0
20260820,8,500,15,3000,3000,3000,3000,"fast","control_informative",0.05,3,0.01,"","mtada_aggregated","pleiotropy","bfdr_power",0.2,0
20260820,8,500,15,3000,3000,3000,3000,"fast","control_informative",0.05,3,0.01,"","mtada_aggregated","pleiotropy","bfdr_discoveries",0.2,0
20260820,8,500,15,3000,3000,3000,3000,"fast","control_informative",0.05,3,0.01,"","mtada_aggregated","global","runtime_seconds",NA,0.724999999999966
20260820,8,500,15,3000,3000,3000,3000,"fast","control_informative",0.05,3,0.01,"","mtada_aggregated","pleiotropy","pi11_estimate",NA,0.000612189
20260821,9,500,15,3000,3000,3000,3000,"fast","control_informative",0.05,3,0.01,"","mirage_joint","trait1","auc",NA,0.804378947368421
20260821,9,500,15,3000,3000,3000,3000,"fast","control_informative",0.05,3,0.01,"","mirage_joint","trait2","auc",NA,0.719795918367347
20260821,9,500,15,3000,3000,3000,3000,"fast","control_informative",0.05,3,0.01,"","mirage_joint","pleiotropy","auc",NA,0.887676767676768
20260821,9,500,15,3000,3000,3000,3000,"fast","control_informative",0.05,3,0.01,"","mirage_joint","trait1","pp08_power",0.8,0.32
20260821,9,500,15,3000,3000,3000,3000,"fast","control_informative",0.05,3,0.01,"","mirage_joint","trait1","pp08_fdp",0.8,0.111111111111111
20260821,9,500,15,3000,3000,3000,3000,"fast","control_informative",0.05,3,0.01,"","mirage_joint","trait1","pp08_discoveries",0.8,9
20260821,9,500,15,3000,3000,3000,3000,"fast","control_informative",0.05,3,0.01,"","mirage_joint","trait2","pp08_power",0.8,0.1
20260821,9,500,15,3000,3000,3000,3000,"fast","control_informative",0.05,3,0.01,"","mirage_joint","trait2","pp08_fdp",0.8,0
20260821,9,500,15,3000,3000,3000,3000,"fast","control_informative",0.05,3,0.01,"","mirage_joint","trait2","pp08_discoveries",0.8,1
20260821,9,500,15,3000,3000,3000,3000,"fast","control_informative",0.05,3,0.01,"","mirage_joint","pleiotropy","pp08_power",0.8,0.2
20260821,9,500,15,3000,3000,3000,3000,"fast","control_informative",0.05,3,0.01,"","mirage_joint","pleiotropy","pp08_fdp",0.8,0
20260821,9,500,15,3000,3000,3000,3000,"fast","control_informative",0.05,3,0.01,"","mirage_joint","pleiotropy","pp08_discoveries",0.8,1
20260821,9,500,15,3000,3000,3000,3000,"fast","control_informative",0.05,3,0.01,"","mirage_joint","trait1","bfdr_observed_fdp",0.01,0
20260821,9,500,15,3000,3000,3000,3000,"fast","control_informative",0.05,3,0.01,"","mirage_joint","trait1","bfdr_estimate",0.01,0.00858547118189712
20260821,9,500,15,3000,3000,3000,3000,"fast","control_informative",0.05,3,0.01,"","mirage_joint","trait1","bfdr_power",0.01,0.16
20260821,9,500,15,3000,3000,3000,3000,"fast","control_informative",0.05,3,0.01,"","mirage_joint","trait1","bfdr_discoveries",0.01,4
20260821,9,500,15,3000,3000,3000,3000,"fast","control_informative",0.05,3,0.01,"","mirage_joint","trait1","bfdr_observed_fdp",0.05,0.125
20260821,9,500,15,3000,3000,3000,3000,"fast","control_informative",0.05,3,0.01,"","mirage_joint","trait1","bfdr_estimate",0.05,0.0484737637292072
20260821,9,500,15,3000,3000,3000,3000,"fast","control_informative",0.05,3,0.01,"","mirage_joint","trait1","bfdr_power",0.05,0.28
20260821,9,500,15,3000,3000,3000,3000,"fast","control_informative",0.05,3,0.01,"","mirage_joint","trait1","bfdr_discoveries",0.05,8
20260821,9,500,15,3000,3000,3000,3000,"fast","control_informative",0.05,3,0.01,"","mirage_joint","trait1","bfdr_observed_fdp",0.1,0.2
20260821,9,500,15,3000,3000,3000,3000,"fast","control_informative",0.05,3,0.01,"","mirage_joint","trait1","bfdr_estimate",0.1,0.082411866739817
20260821,9,500,15,3000,3000,3000,3000,"fast","control_informative",0.05,3,0.01,"","mirage_joint","trait1","bfdr_power",0.1,0.32
20260821,9,500,15,3000,3000,3000,3000,"fast","control_informative",0.05,3,0.01,"","mirage_joint","trait1","bfdr_discoveries",0.1,10
20260821,9,500,15,3000,3000,3000,3000,"fast","control_informative",0.05,3,0.01,"","mirage_joint","trait1","bfdr_observed_fdp",0.2,0.333333333333333
20260821,9,500,15,3000,3000,3000,3000,"fast","control_informative",0.05,3,0.01,"","mirage_joint","trait1","bfdr_estimate",0.2,0.188284752516112
20260821,9,500,15,3000,3000,3000,3000,"fast","control_informative",0.05,3,0.01,"","mirage_joint","trait1","bfdr_power",0.2,0.4
20260821,9,500,15,3000,3000,3000,3000,"fast","control_informative",0.05,3,0.01,"","mirage_joint","trait1","bfdr_discoveries",0.2,15
20260821,9,500,15,3000,3000,3000,3000,"fast","control_informative",0.05,3,0.01,"","mirage_joint","trait2","bfdr_observed_fdp",0.01,0
20260821,9,500,15,3000,3000,3000,3000,"fast","control_informative",0.05,3,0.01,"","mirage_joint","trait2","bfdr_estimate",0.01,0
20260821,9,500,15,3000,3000,3000,3000,"fast","control_informative",0.05,3,0.01,"","mirage_joint","trait2","bfdr_power",0.01,0
20260821,9,500,15,3000,3000,3000,3000,"fast","control_informative",0.05,3,0.01,"","mirage_joint","trait2","bfdr_discoveries",0.01,0
20260821,9,500,15,3000,3000,3000,3000,"fast","control_informative",0.05,3,0.01,"","mirage_joint","trait2","bfdr_observed_fdp",0.05,0
20260821,9,500,15,3000,3000,3000,3000,"fast","control_informative",0.05,3,0.01,"","mirage_joint","trait2","bfdr_estimate",0.05,0.0395195309592574
20260821,9,500,15,3000,3000,3000,3000,"fast","control_informative",0.05,3,0.01,"","mirage_joint","trait2","bfdr_power",0.05,0.1
20260821,9,500,15,3000,3000,3000,3000,"fast","control_informative",0.05,3,0.01,"","mirage_joint","trait2","bfdr_discoveries",0.05,1
20260821,9,500,15,3000,3000,3000,3000,"fast","control_informative",0.05,3,0.01,"","mirage_joint","trait2","bfdr_observed_fdp",0.1,0
20260821,9,500,15,3000,3000,3000,3000,"fast","control_informative",0.05,3,0.01,"","mirage_joint","trait2","bfdr_estimate",0.1,0.0395195309592574
20260821,9,500,15,3000,3000,3000,3000,"fast","control_informative",0.05,3,0.01,"","mirage_joint","trait2","bfdr_power",0.1,0.1
20260821,9,500,15,3000,3000,3000,3000,"fast","control_informative",0.05,3,0.01,"","mirage_joint","trait2","bfdr_discoveries",0.1,1
20260821,9,500,15,3000,3000,3000,3000,"fast","control_informative",0.05,3,0.01,"","mirage_joint","trait2","bfdr_observed_fdp",0.2,0.5
20260821,9,500,15,3000,3000,3000,3000,"fast","control_informative",0.05,3,0.01,"","mirage_joint","trait2","bfdr_estimate",0.2,0.149087068446282
20260821,9,500,15,3000,3000,3000,3000,"fast","control_informative",0.05,3,0.01,"","mirage_joint","trait2","bfdr_power",0.2,0.1
20260821,9,500,15,3000,3000,3000,3000,"fast","control_informative",0.05,3,0.01,"","mirage_joint","trait2","bfdr_discoveries",0.2,2
20260821,9,500,15,3000,3000,3000,3000,"fast","control_informative",0.05,3,0.01,"","mirage_joint","pleiotropy","bfdr_observed_fdp",0.01,0
20260821,9,500,15,3000,3000,3000,3000,"fast","control_informative",0.05,3,0.01,"","mirage_joint","pleiotropy","bfdr_estimate",0.01,0
20260821,9,500,15,3000,3000,3000,3000,"fast","control_informative",0.05,3,0.01,"","mirage_joint","pleiotropy","bfdr_power",0.01,0
20260821,9,500,15,3000,3000,3000,3000,"fast","control_informative",0.05,3,0.01,"","mirage_joint","pleiotropy","bfdr_discoveries",0.01,0
20260821,9,500,15,3000,3000,3000,3000,"fast","control_informative",0.05,3,0.01,"","mirage_joint","pleiotropy","bfdr_observed_fdp",0.05,0
20260821,9,500,15,3000,3000,3000,3000,"fast","control_informative",0.05,3,0.01,"","mirage_joint","pleiotropy","bfdr_estimate",0.05,0.0497323846277647
20260821,9,500,15,3000,3000,3000,3000,"fast","control_informative",0.05,3,0.01,"","mirage_joint","pleiotropy","bfdr_power",0.05,0.2
20260821,9,500,15,3000,3000,3000,3000,"fast","control_informative",0.05,3,0.01,"","mirage_joint","pleiotropy","bfdr_discoveries",0.05,1
20260821,9,500,15,3000,3000,3000,3000,"fast","control_informative",0.05,3,0.01,"","mirage_joint","pleiotropy","bfdr_observed_fdp",0.1,0
20260821,9,500,15,3000,3000,3000,3000,"fast","control_informative",0.05,3,0.01,"","mirage_joint","pleiotropy","bfdr_estimate",0.1,0.0497323846277647
20260821,9,500,15,3000,3000,3000,3000,"fast","control_informative",0.05,3,0.01,"","mirage_joint","pleiotropy","bfdr_power",0.1,0.2
20260821,9,500,15,3000,3000,3000,3000,"fast","control_informative",0.05,3,0.01,"","mirage_joint","pleiotropy","bfdr_discoveries",0.1,1
20260821,9,500,15,3000,3000,3000,3000,"fast","control_informative",0.05,3,0.01,"","mirage_joint","pleiotropy","bfdr_observed_fdp",0.2,0.5
20260821,9,500,15,3000,3000,3000,3000,"fast","control_informative",0.05,3,0.01,"","mirage_joint","pleiotropy","bfdr_estimate",0.2,0.165515940768152
20260821,9,500,15,3000,3000,3000,3000,"fast","control_informative",0.05,3,0.01,"","mirage_joint","pleiotropy","bfdr_power",0.2,0.2
20260821,9,500,15,3000,3000,3000,3000,"fast","control_informative",0.05,3,0.01,"","mirage_joint","pleiotropy","bfdr_discoveries",0.2,2
20260821,9,500,15,3000,3000,3000,3000,"fast","control_informative",0.05,3,0.01,"","mirage_joint","global","runtime_seconds",NA,18.408
20260821,9,500,15,3000,3000,3000,3000,"fast","control_informative",0.05,3,0.01,"","mirage_joint","pleiotropy","pi11_estimate",NA,0.0707631397575455
20260821,9,500,15,3000,3000,3000,3000,"fast","control_informative",0.05,3,0.01,"","separate_mirage","trait1","auc",NA,0.795957894736842
20260821,9,500,15,3000,3000,3000,3000,"fast","control_informative",0.05,3,0.01,"","separate_mirage","trait2","auc",NA,0.641224489795918
20260821,9,500,15,3000,3000,3000,3000,"fast","control_informative",0.05,3,0.01,"","separate_mirage","pleiotropy","auc",NA,0.90989898989899
20260821,9,500,15,3000,3000,3000,3000,"fast","control_informative",0.05,3,0.01,"","separate_mirage","trait1","pp08_power",0.8,0.24
20260821,9,500,15,3000,3000,3000,3000,"fast","control_informative",0.05,3,0.01,"","separate_mirage","trait1","pp08_fdp",0.8,0
20260821,9,500,15,3000,3000,3000,3000,"fast","control_informative",0.05,3,0.01,"","separate_mirage","trait1","pp08_discoveries",0.8,6
20260821,9,500,15,3000,3000,3000,3000,"fast","control_informative",0.05,3,0.01,"","separate_mirage","trait2","pp08_power",0.8,0.1
20260821,9,500,15,3000,3000,3000,3000,"fast","control_informative",0.05,3,0.01,"","separate_mirage","trait2","pp08_fdp",0.8,0.5
20260821,9,500,15,3000,3000,3000,3000,"fast","control_informative",0.05,3,0.01,"","separate_mirage","trait2","pp08_discoveries",0.8,2
20260821,9,500,15,3000,3000,3000,3000,"fast","control_informative",0.05,3,0.01,"","separate_mirage","pleiotropy","pp08_power",0.8,0
20260821,9,500,15,3000,3000,3000,3000,"fast","control_informative",0.05,3,0.01,"","separate_mirage","pleiotropy","pp08_fdp",0.8,0
20260821,9,500,15,3000,3000,3000,3000,"fast","control_informative",0.05,3,0.01,"","separate_mirage","pleiotropy","pp08_discoveries",0.8,0
20260821,9,500,15,3000,3000,3000,3000,"fast","control_informative",0.05,3,0.01,"","separate_mirage","trait1","bfdr_observed_fdp",0.01,0
20260821,9,500,15,3000,3000,3000,3000,"fast","control_informative",0.05,3,0.01,"","separate_mirage","trait1","bfdr_estimate",0.01,0.00753066926467161
20260821,9,500,15,3000,3000,3000,3000,"fast","control_informative",0.05,3,0.01,"","separate_mirage","trait1","bfdr_power",0.01,0.12
20260821,9,500,15,3000,3000,3000,3000,"fast","control_informative",0.05,3,0.01,"","separate_mirage","trait1","bfdr_discoveries",0.01,3
20260821,9,500,15,3000,3000,3000,3000,"fast","control_informative",0.05,3,0.01,"","separate_mirage","trait1","bfdr_observed_fdp",0.05,0
20260821,9,500,15,3000,3000,3000,3000,"fast","control_informative",0.05,3,0.01,"","separate_mirage","trait1","bfdr_estimate",0.05,0.0334698936106594
20260821,9,500,15,3000,3000,3000,3000,"fast","control_informative",0.05,3,0.01,"","separate_mirage","trait1","bfdr_power",0.05,0.2
20260821,9,500,15,3000,3000,3000,3000,"fast","control_informative",0.05,3,0.01,"","separate_mirage","trait1","bfdr_discoveries",0.05,5
20260821,9,500,15,3000,3000,3000,3000,"fast","control_informative",0.05,3,0.01,"","separate_mirage","trait1","bfdr_observed_fdp",0.1,0.142857142857143
20260821,9,500,15,3000,3000,3000,3000,"fast","control_informative",0.05,3,0.01,"","separate_mirage","trait1","bfdr_estimate",0.1,0.0962265977945924
20260821,9,500,15,3000,3000,3000,3000,"fast","control_informative",0.05,3,0.01,"","separate_mirage","trait1","bfdr_power",0.1,0.24
20260821,9,500,15,3000,3000,3000,3000,"fast","control_informative",0.05,3,0.01,"","separate_mirage","trait1","bfdr_discoveries",0.1,7
20260821,9,500,15,3000,3000,3000,3000,"fast","control_informative",0.05,3,0.01,"","separate_mirage","trait1","bfdr_observed_fdp",0.2,0.222222222222222
20260821,9,500,15,3000,3000,3000,3000,"fast","control_informative",0.05,3,0.01,"","separate_mirage","trait1","bfdr_estimate",0.2,0.178348681236197
20260821,9,500,15,3000,3000,3000,3000,"fast","control_informative",0.05,3,0.01,"","separate_mirage","trait1","bfdr_power",0.2,0.28
20260821,9,500,15,3000,3000,3000,3000,"fast","control_informative",0.05,3,0.01,"","separate_mirage","trait1","bfdr_discoveries",0.2,9
20260821,9,500,15,3000,3000,3000,3000,"fast","control_informative",0.05,3,0.01,"","separate_mirage","trait2","bfdr_observed_fdp",0.01,0
20260821,9,500,15,3000,3000,3000,3000,"fast","control_informative",0.05,3,0.01,"","separate_mirage","trait2","bfdr_estimate",0.01,0
20260821,9,500,15,3000,3000,3000,3000,"fast","control_informative",0.05,3,0.01,"","separate_mirage","trait2","bfdr_power",0.01,0
20260821,9,500,15,3000,3000,3000,3000,"fast","control_informative",0.05,3,0.01,"","separate_mirage","trait2","bfdr_discoveries",0.01,0
20260821,9,500,15,3000,3000,3000,3000,"fast","control_informative",0.05,3,0.01,"","separate_mirage","trait2","bfdr_observed_fdp",0.05,0
20260821,9,500,15,3000,3000,3000,3000,"fast","control_informative",0.05,3,0.01,"","separate_mirage","trait2","bfdr_estimate",0.05,0
20260821,9,500,15,3000,3000,3000,3000,"fast","control_informative",0.05,3,0.01,"","separate_mirage","trait2","bfdr_power",0.05,0
20260821,9,500,15,3000,3000,3000,3000,"fast","control_informative",0.05,3,0.01,"","separate_mirage","trait2","bfdr_discoveries",0.05,0
20260821,9,500,15,3000,3000,3000,3000,"fast","control_informative",0.05,3,0.01,"","separate_mirage","trait2","bfdr_observed_fdp",0.1,0
20260821,9,500,15,3000,3000,3000,3000,"fast","control_informative",0.05,3,0.01,"","separate_mirage","trait2","bfdr_estimate",0.1,0
20260821,9,500,15,3000,3000,3000,3000,"fast","control_informative",0.05,3,0.01,"","separate_mirage","trait2","bfdr_power",0.1,0
20260821,9,500,15,3000,3000,3000,3000,"fast","control_informative",0.05,3,0.01,"","separate_mirage","trait2","bfdr_discoveries",0.1,0
20260821,9,500,15,3000,3000,3000,3000,"fast","control_informative",0.05,3,0.01,"","separate_mirage","trait2","bfdr_observed_fdp",0.2,0.5
20260821,9,500,15,3000,3000,3000,3000,"fast","control_informative",0.05,3,0.01,"","separate_mirage","trait2","bfdr_estimate",0.2,0.130931604113401
20260821,9,500,15,3000,3000,3000,3000,"fast","control_informative",0.05,3,0.01,"","separate_mirage","trait2","bfdr_power",0.2,0.1
20260821,9,500,15,3000,3000,3000,3000,"fast","control_informative",0.05,3,0.01,"","separate_mirage","trait2","bfdr_discoveries",0.2,2
20260821,9,500,15,3000,3000,3000,3000,"fast","control_informative",0.05,3,0.01,"","separate_mirage","pleiotropy","bfdr_observed_fdp",0.01,0
20260821,9,500,15,3000,3000,3000,3000,"fast","control_informative",0.05,3,0.01,"","separate_mirage","pleiotropy","bfdr_estimate",0.01,0
20260821,9,500,15,3000,3000,3000,3000,"fast","control_informative",0.05,3,0.01,"","separate_mirage","pleiotropy","bfdr_power",0.01,0
20260821,9,500,15,3000,3000,3000,3000,"fast","control_informative",0.05,3,0.01,"","separate_mirage","pleiotropy","bfdr_discoveries",0.01,0
20260821,9,500,15,3000,3000,3000,3000,"fast","control_informative",0.05,3,0.01,"","separate_mirage","pleiotropy","bfdr_observed_fdp",0.05,0
20260821,9,500,15,3000,3000,3000,3000,"fast","control_informative",0.05,3,0.01,"","separate_mirage","pleiotropy","bfdr_estimate",0.05,0
20260821,9,500,15,3000,3000,3000,3000,"fast","control_informative",0.05,3,0.01,"","separate_mirage","pleiotropy","bfdr_power",0.05,0
20260821,9,500,15,3000,3000,3000,3000,"fast","control_informative",0.05,3,0.01,"","separate_mirage","pleiotropy","bfdr_discoveries",0.05,0
20260821,9,500,15,3000,3000,3000,3000,"fast","control_informative",0.05,3,0.01,"","separate_mirage","pleiotropy","bfdr_observed_fdp",0.1,0
20260821,9,500,15,3000,3000,3000,3000,"fast","control_informative",0.05,3,0.01,"","separate_mirage","pleiotropy","bfdr_estimate",0.1,0
20260821,9,500,15,3000,3000,3000,3000,"fast","control_informative",0.05,3,0.01,"","separate_mirage","pleiotropy","bfdr_power",0.1,0
20260821,9,500,15,3000,3000,3000,3000,"fast","control_informative",0.05,3,0.01,"","separate_mirage","pleiotropy","bfdr_discoveries",0.1,0
20260821,9,500,15,3000,3000,3000,3000,"fast","control_informative",0.05,3,0.01,"","separate_mirage","pleiotropy","bfdr_observed_fdp",0.2,0
20260821,9,500,15,3000,3000,3000,3000,"fast","control_informative",0.05,3,0.01,"","separate_mirage","pleiotropy","bfdr_estimate",0.2,0
20260821,9,500,15,3000,3000,3000,3000,"fast","control_informative",0.05,3,0.01,"","separate_mirage","pleiotropy","bfdr_power",0.2,0
20260821,9,500,15,3000,3000,3000,3000,"fast","control_informative",0.05,3,0.01,"","separate_mirage","pleiotropy","bfdr_discoveries",0.2,0
20260821,9,500,15,3000,3000,3000,3000,"fast","control_informative",0.05,3,0.01,"","separate_mirage","global","runtime_seconds",NA,18.2
20260821,9,500,15,3000,3000,3000,3000,"fast","control_informative",0.05,3,0.01,"","separate_mirage","pleiotropy","pi11_estimate",NA,0.001
20260821,9,500,15,3000,3000,3000,3000,"fast","control_informative",0.05,3,0.01,"","mtada_aggregated","trait1","auc",NA,0.8352
20260821,9,500,15,3000,3000,3000,3000,"fast","control_informative",0.05,3,0.01,"","mtada_aggregated","trait2","auc",NA,0.60469387755102
20260821,9,500,15,3000,3000,3000,3000,"fast","control_informative",0.05,3,0.01,"","mtada_aggregated","pleiotropy","auc",NA,0.898181818181818
20260821,9,500,15,3000,3000,3000,3000,"fast","control_informative",0.05,3,0.01,"","mtada_aggregated","trait1","pp08_power",0.8,0.32
20260821,9,500,15,3000,3000,3000,3000,"fast","control_informative",0.05,3,0.01,"","mtada_aggregated","trait1","pp08_fdp",0.8,0.6
20260821,9,500,15,3000,3000,3000,3000,"fast","control_informative",0.05,3,0.01,"","mtada_aggregated","trait1","pp08_discoveries",0.8,20
20260821,9,500,15,3000,3000,3000,3000,"fast","control_informative",0.05,3,0.01,"","mtada_aggregated","trait2","pp08_power",0.8,0.1
20260821,9,500,15,3000,3000,3000,3000,"fast","control_informative",0.05,3,0.01,"","mtada_aggregated","trait2","pp08_fdp",0.8,0.9
20260821,9,500,15,3000,3000,3000,3000,"fast","control_informative",0.05,3,0.01,"","mtada_aggregated","trait2","pp08_discoveries",0.8,10
20260821,9,500,15,3000,3000,3000,3000,"fast","control_informative",0.05,3,0.01,"","mtada_aggregated","pleiotropy","pp08_power",0.8,0
20260821,9,500,15,3000,3000,3000,3000,"fast","control_informative",0.05,3,0.01,"","mtada_aggregated","pleiotropy","pp08_fdp",0.8,0
20260821,9,500,15,3000,3000,3000,3000,"fast","control_informative",0.05,3,0.01,"","mtada_aggregated","pleiotropy","pp08_discoveries",0.8,0
20260821,9,500,15,3000,3000,3000,3000,"fast","control_informative",0.05,3,0.01,"","mtada_aggregated","trait1","bfdr_observed_fdp",0.01,0.533333333333333
20260821,9,500,15,3000,3000,3000,3000,"fast","control_informative",0.05,3,0.01,"","mtada_aggregated","trait1","bfdr_estimate",0.01,0.00912478804817731
20260821,9,500,15,3000,3000,3000,3000,"fast","control_informative",0.05,3,0.01,"","mtada_aggregated","trait1","bfdr_power",0.01,0.28
20260821,9,500,15,3000,3000,3000,3000,"fast","control_informative",0.05,3,0.01,"","mtada_aggregated","trait1","bfdr_discoveries",0.01,15
20260821,9,500,15,3000,3000,3000,3000,"fast","control_informative",0.05,3,0.01,"","mtada_aggregated","trait1","bfdr_observed_fdp",0.05,0.636363636363636
20260821,9,500,15,3000,3000,3000,3000,"fast","control_informative",0.05,3,0.01,"","mtada_aggregated","trait1","bfdr_estimate",0.05,0.049610509111744
20260821,9,500,15,3000,3000,3000,3000,"fast","control_informative",0.05,3,0.01,"","mtada_aggregated","trait1","bfdr_power",0.05,0.32
20260821,9,500,15,3000,3000,3000,3000,"fast","control_informative",0.05,3,0.01,"","mtada_aggregated","trait1","bfdr_discoveries",0.05,22
20260821,9,500,15,3000,3000,3000,3000,"fast","control_informative",0.05,3,0.01,"","mtada_aggregated","trait1","bfdr_observed_fdp",0.1,0.64
20260821,9,500,15,3000,3000,3000,3000,"fast","control_informative",0.05,3,0.01,"","mtada_aggregated","trait1","bfdr_estimate",0.1,0.0917738784399645
20260821,9,500,15,3000,3000,3000,3000,"fast","control_informative",0.05,3,0.01,"","mtada_aggregated","trait1","bfdr_power",0.1,0.36
20260821,9,500,15,3000,3000,3000,3000,"fast","control_informative",0.05,3,0.01,"","mtada_aggregated","trait1","bfdr_discoveries",0.1,25
20260821,9,500,15,3000,3000,3000,3000,"fast","control_informative",0.05,3,0.01,"","mtada_aggregated","trait1","bfdr_observed_fdp",0.2,0.71875
20260821,9,500,15,3000,3000,3000,3000,"fast","control_informative",0.05,3,0.01,"","mtada_aggregated","trait1","bfdr_estimate",0.2,0.190818615673125
20260821,9,500,15,3000,3000,3000,3000,"fast","control_informative",0.05,3,0.01,"","mtada_aggregated","trait1","bfdr_power",0.2,0.36
20260821,9,500,15,3000,3000,3000,3000,"fast","control_informative",0.05,3,0.01,"","mtada_aggregated","trait1","bfdr_discoveries",0.2,32
20260821,9,500,15,3000,3000,3000,3000,"fast","control_informative",0.05,3,0.01,"","mtada_aggregated","trait2","bfdr_observed_fdp",0.01,0.875
20260821,9,500,15,3000,3000,3000,3000,"fast","control_informative",0.05,3,0.01,"","mtada_aggregated","trait2","bfdr_estimate",0.01,0.00172836319826863
20260821,9,500,15,3000,3000,3000,3000,"fast","control_informative",0.05,3,0.01,"","mtada_aggregated","trait2","bfdr_power",0.01,0.1
20260821,9,500,15,3000,3000,3000,3000,"fast","control_informative",0.05,3,0.01,"","mtada_aggregated","trait2","bfdr_discoveries",0.01,8
20260821,9,500,15,3000,3000,3000,3000,"fast","control_informative",0.05,3,0.01,"","mtada_aggregated","trait2","bfdr_observed_fdp",0.05,0.9
20260821,9,500,15,3000,3000,3000,3000,"fast","control_informative",0.05,3,0.01,"","mtada_aggregated","trait2","bfdr_estimate",0.05,0.0282018451553106
20260821,9,500,15,3000,3000,3000,3000,"fast","control_informative",0.05,3,0.01,"","mtada_aggregated","trait2","bfdr_power",0.05,0.1
20260821,9,500,15,3000,3000,3000,3000,"fast","control_informative",0.05,3,0.01,"","mtada_aggregated","trait2","bfdr_discoveries",0.05,10
20260821,9,500,15,3000,3000,3000,3000,"fast","control_informative",0.05,3,0.01,"","mtada_aggregated","trait2","bfdr_observed_fdp",0.1,0.916666666666667
20260821,9,500,15,3000,3000,3000,3000,"fast","control_informative",0.05,3,0.01,"","mtada_aggregated","trait2","bfdr_estimate",0.1,0.0860274696253418
20260821,9,500,15,3000,3000,3000,3000,"fast","control_informative",0.05,3,0.01,"","mtada_aggregated","trait2","bfdr_power",0.1,0.1
20260821,9,500,15,3000,3000,3000,3000,"fast","control_informative",0.05,3,0.01,"","mtada_aggregated","trait2","bfdr_discoveries",0.1,12
20260821,9,500,15,3000,3000,3000,3000,"fast","control_informative",0.05,3,0.01,"","mtada_aggregated","trait2","bfdr_observed_fdp",0.2,0.866666666666667
20260821,9,500,15,3000,3000,3000,3000,"fast","control_informative",0.05,3,0.01,"","mtada_aggregated","trait2","bfdr_estimate",0.2,0.180750128821659
20260821,9,500,15,3000,3000,3000,3000,"fast","control_informative",0.05,3,0.01,"","mtada_aggregated","trait2","bfdr_power",0.2,0.2
20260821,9,500,15,3000,3000,3000,3000,"fast","control_informative",0.05,3,0.01,"","mtada_aggregated","trait2","bfdr_discoveries",0.2,15
20260821,9,500,15,3000,3000,3000,3000,"fast","control_informative",0.05,3,0.01,"","mtada_aggregated","pleiotropy","bfdr_observed_fdp",0.01,0
20260821,9,500,15,3000,3000,3000,3000,"fast","control_informative",0.05,3,0.01,"","mtada_aggregated","pleiotropy","bfdr_estimate",0.01,0
20260821,9,500,15,3000,3000,3000,3000,"fast","control_informative",0.05,3,0.01,"","mtada_aggregated","pleiotropy","bfdr_power",0.01,0
20260821,9,500,15,3000,3000,3000,3000,"fast","control_informative",0.05,3,0.01,"","mtada_aggregated","pleiotropy","bfdr_discoveries",0.01,0
20260821,9,500,15,3000,3000,3000,3000,"fast","control_informative",0.05,3,0.01,"","mtada_aggregated","pleiotropy","bfdr_observed_fdp",0.05,0
20260821,9,500,15,3000,3000,3000,3000,"fast","control_informative",0.05,3,0.01,"","mtada_aggregated","pleiotropy","bfdr_estimate",0.05,0
20260821,9,500,15,3000,3000,3000,3000,"fast","control_informative",0.05,3,0.01,"","mtada_aggregated","pleiotropy","bfdr_power",0.05,0
20260821,9,500,15,3000,3000,3000,3000,"fast","control_informative",0.05,3,0.01,"","mtada_aggregated","pleiotropy","bfdr_discoveries",0.05,0
20260821,9,500,15,3000,3000,3000,3000,"fast","control_informative",0.05,3,0.01,"","mtada_aggregated","pleiotropy","bfdr_observed_fdp",0.1,0
20260821,9,500,15,3000,3000,3000,3000,"fast","control_informative",0.05,3,0.01,"","mtada_aggregated","pleiotropy","bfdr_estimate",0.1,0
20260821,9,500,15,3000,3000,3000,3000,"fast","control_informative",0.05,3,0.01,"","mtada_aggregated","pleiotropy","bfdr_power",0.1,0
20260821,9,500,15,3000,3000,3000,3000,"fast","control_informative",0.05,3,0.01,"","mtada_aggregated","pleiotropy","bfdr_discoveries",0.1,0
20260821,9,500,15,3000,3000,3000,3000,"fast","control_informative",0.05,3,0.01,"","mtada_aggregated","pleiotropy","bfdr_observed_fdp",0.2,0
20260821,9,500,15,3000,3000,3000,3000,"fast","control_informative",0.05,3,0.01,"","mtada_aggregated","pleiotropy","bfdr_estimate",0.2,0
20260821,9,500,15,3000,3000,3000,3000,"fast","control_informative",0.05,3,0.01,"","mtada_aggregated","pleiotropy","bfdr_power",0.2,0
20260821,9,500,15,3000,3000,3000,3000,"fast","control_informative",0.05,3,0.01,"","mtada_aggregated","pleiotropy","bfdr_discoveries",0.2,0
20260821,9,500,15,3000,3000,3000,3000,"fast","control_informative",0.05,3,0.01,"","mtada_aggregated","global","runtime_seconds",NA,0.732000000000028
20260821,9,500,15,3000,3000,3000,3000,"fast","control_informative",0.05,3,0.01,"","mtada_aggregated","pleiotropy","pi11_estimate",NA,0.000800207
20260822,10,500,15,3000,3000,3000,3000,"fast","control_informative",0.05,3,0.01,"","mirage_joint","trait1","auc",NA,0.665852631578947
20260822,10,500,15,3000,3000,3000,3000,"fast","control_informative",0.05,3,0.01,"","mirage_joint","trait2","auc",NA,0.530204081632653
20260822,10,500,15,3000,3000,3000,3000,"fast","control_informative",0.05,3,0.01,"","mirage_joint","pleiotropy","auc",NA,0.512323232323232
20260822,10,500,15,3000,3000,3000,3000,"fast","control_informative",0.05,3,0.01,"","mirage_joint","trait1","pp08_power",0.8,0.12
20260822,10,500,15,3000,3000,3000,3000,"fast","control_informative",0.05,3,0.01,"","mirage_joint","trait1","pp08_fdp",0.8,0
20260822,10,500,15,3000,3000,3000,3000,"fast","control_informative",0.05,3,0.01,"","mirage_joint","trait1","pp08_discoveries",0.8,3
20260822,10,500,15,3000,3000,3000,3000,"fast","control_informative",0.05,3,0.01,"","mirage_joint","trait2","pp08_power",0.8,0.1
20260822,10,500,15,3000,3000,3000,3000,"fast","control_informative",0.05,3,0.01,"","mirage_joint","trait2","pp08_fdp",0.8,0
20260822,10,500,15,3000,3000,3000,3000,"fast","control_informative",0.05,3,0.01,"","mirage_joint","trait2","pp08_discoveries",0.8,1
20260822,10,500,15,3000,3000,3000,3000,"fast","control_informative",0.05,3,0.01,"","mirage_joint","pleiotropy","pp08_power",0.8,0
20260822,10,500,15,3000,3000,3000,3000,"fast","control_informative",0.05,3,0.01,"","mirage_joint","pleiotropy","pp08_fdp",0.8,0
20260822,10,500,15,3000,3000,3000,3000,"fast","control_informative",0.05,3,0.01,"","mirage_joint","pleiotropy","pp08_discoveries",0.8,0
20260822,10,500,15,3000,3000,3000,3000,"fast","control_informative",0.05,3,0.01,"","mirage_joint","trait1","bfdr_observed_fdp",0.01,0
20260822,10,500,15,3000,3000,3000,3000,"fast","control_informative",0.05,3,0.01,"","mirage_joint","trait1","bfdr_estimate",0.01,2.28715474720476e-06
20260822,10,500,15,3000,3000,3000,3000,"fast","control_informative",0.05,3,0.01,"","mirage_joint","trait1","bfdr_power",0.01,0.08
20260822,10,500,15,3000,3000,3000,3000,"fast","control_informative",0.05,3,0.01,"","mirage_joint","trait1","bfdr_discoveries",0.01,2
20260822,10,500,15,3000,3000,3000,3000,"fast","control_informative",0.05,3,0.01,"","mirage_joint","trait1","bfdr_observed_fdp",0.05,0
20260822,10,500,15,3000,3000,3000,3000,"fast","control_informative",0.05,3,0.01,"","mirage_joint","trait1","bfdr_estimate",0.05,0.0472304516398749
20260822,10,500,15,3000,3000,3000,3000,"fast","control_informative",0.05,3,0.01,"","mirage_joint","trait1","bfdr_power",0.05,0.12
20260822,10,500,15,3000,3000,3000,3000,"fast","control_informative",0.05,3,0.01,"","mirage_joint","trait1","bfdr_discoveries",0.05,3
20260822,10,500,15,3000,3000,3000,3000,"fast","control_informative",0.05,3,0.01,"","mirage_joint","trait1","bfdr_observed_fdp",0.1,0
20260822,10,500,15,3000,3000,3000,3000,"fast","control_informative",0.05,3,0.01,"","mirage_joint","trait1","bfdr_estimate",0.1,0.0472304516398749
20260822,10,500,15,3000,3000,3000,3000,"fast","control_informative",0.05,3,0.01,"","mirage_joint","trait1","bfdr_power",0.1,0.12
20260822,10,500,15,3000,3000,3000,3000,"fast","control_informative",0.05,3,0.01,"","mirage_joint","trait1","bfdr_discoveries",0.1,3
20260822,10,500,15,3000,3000,3000,3000,"fast","control_informative",0.05,3,0.01,"","mirage_joint","trait1","bfdr_observed_fdp",0.2,0.333333333333333
20260822,10,500,15,3000,3000,3000,3000,"fast","control_informative",0.05,3,0.01,"","mirage_joint","trait1","bfdr_estimate",0.2,0.192354501835631
20260822,10,500,15,3000,3000,3000,3000,"fast","control_informative",0.05,3,0.01,"","mirage_joint","trait1","bfdr_power",0.2,0.16
20260822,10,500,15,3000,3000,3000,3000,"fast","control_informative",0.05,3,0.01,"","mirage_joint","trait1","bfdr_discoveries",0.2,6
20260822,10,500,15,3000,3000,3000,3000,"fast","control_informative",0.05,3,0.01,"","mirage_joint","trait2","bfdr_observed_fdp",0.01,0
20260822,10,500,15,3000,3000,3000,3000,"fast","control_informative",0.05,3,0.01,"","mirage_joint","trait2","bfdr_estimate",0.01,3.60693122813949e-07
20260822,10,500,15,3000,3000,3000,3000,"fast","control_informative",0.05,3,0.01,"","mirage_joint","trait2","bfdr_power",0.01,0.1
20260822,10,500,15,3000,3000,3000,3000,"fast","control_informative",0.05,3,0.01,"","mirage_joint","trait2","bfdr_discoveries",0.01,1
20260822,10,500,15,3000,3000,3000,3000,"fast","control_informative",0.05,3,0.01,"","mirage_joint","trait2","bfdr_observed_fdp",0.05,0
20260822,10,500,15,3000,3000,3000,3000,"fast","control_informative",0.05,3,0.01,"","mirage_joint","trait2","bfdr_estimate",0.05,3.60693122813949e-07
20260822,10,500,15,3000,3000,3000,3000,"fast","control_informative",0.05,3,0.01,"","mirage_joint","trait2","bfdr_power",0.05,0.1
20260822,10,500,15,3000,3000,3000,3000,"fast","control_informative",0.05,3,0.01,"","mirage_joint","trait2","bfdr_discoveries",0.05,1
20260822,10,500,15,3000,3000,3000,3000,"fast","control_informative",0.05,3,0.01,"","mirage_joint","trait2","bfdr_observed_fdp",0.1,0
20260822,10,500,15,3000,3000,3000,3000,"fast","control_informative",0.05,3,0.01,"","mirage_joint","trait2","bfdr_estimate",0.1,3.60693122813949e-07
20260822,10,500,15,3000,3000,3000,3000,"fast","control_informative",0.05,3,0.01,"","mirage_joint","trait2","bfdr_power",0.1,0.1
20260822,10,500,15,3000,3000,3000,3000,"fast","control_informative",0.05,3,0.01,"","mirage_joint","trait2","bfdr_discoveries",0.1,1
20260822,10,500,15,3000,3000,3000,3000,"fast","control_informative",0.05,3,0.01,"","mirage_joint","trait2","bfdr_observed_fdp",0.2,0.5
20260822,10,500,15,3000,3000,3000,3000,"fast","control_informative",0.05,3,0.01,"","mirage_joint","trait2","bfdr_estimate",0.2,0.109363925904855
20260822,10,500,15,3000,3000,3000,3000,"fast","control_informative",0.05,3,0.01,"","mirage_joint","trait2","bfdr_power",0.2,0.1
20260822,10,500,15,3000,3000,3000,3000,"fast","control_informative",0.05,3,0.01,"","mirage_joint","trait2","bfdr_discoveries",0.2,2
20260822,10,500,15,3000,3000,3000,3000,"fast","control_informative",0.05,3,0.01,"","mirage_joint","pleiotropy","bfdr_observed_fdp",0.01,0
20260822,10,500,15,3000,3000,3000,3000,"fast","control_informative",0.05,3,0.01,"","mirage_joint","pleiotropy","bfdr_estimate",0.01,0
20260822,10,500,15,3000,3000,3000,3000,"fast","control_informative",0.05,3,0.01,"","mirage_joint","pleiotropy","bfdr_power",0.01,0
20260822,10,500,15,3000,3000,3000,3000,"fast","control_informative",0.05,3,0.01,"","mirage_joint","pleiotropy","bfdr_discoveries",0.01,0
20260822,10,500,15,3000,3000,3000,3000,"fast","control_informative",0.05,3,0.01,"","mirage_joint","pleiotropy","bfdr_observed_fdp",0.05,0
20260822,10,500,15,3000,3000,3000,3000,"fast","control_informative",0.05,3,0.01,"","mirage_joint","pleiotropy","bfdr_estimate",0.05,0
20260822,10,500,15,3000,3000,3000,3000,"fast","control_informative",0.05,3,0.01,"","mirage_joint","pleiotropy","bfdr_power",0.05,0
20260822,10,500,15,3000,3000,3000,3000,"fast","control_informative",0.05,3,0.01,"","mirage_joint","pleiotropy","bfdr_discoveries",0.05,0
20260822,10,500,15,3000,3000,3000,3000,"fast","control_informative",0.05,3,0.01,"","mirage_joint","pleiotropy","bfdr_observed_fdp",0.1,0
20260822,10,500,15,3000,3000,3000,3000,"fast","control_informative",0.05,3,0.01,"","mirage_joint","pleiotropy","bfdr_estimate",0.1,0
20260822,10,500,15,3000,3000,3000,3000,"fast","control_informative",0.05,3,0.01,"","mirage_joint","pleiotropy","bfdr_power",0.1,0
20260822,10,500,15,3000,3000,3000,3000,"fast","control_informative",0.05,3,0.01,"","mirage_joint","pleiotropy","bfdr_discoveries",0.1,0
20260822,10,500,15,3000,3000,3000,3000,"fast","control_informative",0.05,3,0.01,"","mirage_joint","pleiotropy","bfdr_observed_fdp",0.2,0
20260822,10,500,15,3000,3000,3000,3000,"fast","control_informative",0.05,3,0.01,"","mirage_joint","pleiotropy","bfdr_estimate",0.2,0
20260822,10,500,15,3000,3000,3000,3000,"fast","control_informative",0.05,3,0.01,"","mirage_joint","pleiotropy","bfdr_power",0.2,0
20260822,10,500,15,3000,3000,3000,3000,"fast","control_informative",0.05,3,0.01,"","mirage_joint","pleiotropy","bfdr_discoveries",0.2,0
20260822,10,500,15,3000,3000,3000,3000,"fast","control_informative",0.05,3,0.01,"","mirage_joint","global","runtime_seconds",NA,18.2430000000001
20260822,10,500,15,3000,3000,3000,3000,"fast","control_informative",0.05,3,0.01,"","mirage_joint","pleiotropy","pi11_estimate",NA,0.00059514417000117
20260822,10,500,15,3000,3000,3000,3000,"fast","control_informative",0.05,3,0.01,"","separate_mirage","trait1","auc",NA,0.647326315789474
20260822,10,500,15,3000,3000,3000,3000,"fast","control_informative",0.05,3,0.01,"","separate_mirage","trait2","auc",NA,0.516122448979592
20260822,10,500,15,3000,3000,3000,3000,"fast","control_informative",0.05,3,0.01,"","separate_mirage","pleiotropy","auc",NA,0.498989898989899
20260822,10,500,15,3000,3000,3000,3000,"fast","control_informative",0.05,3,0.01,"","separate_mirage","trait1","pp08_power",0.8,0.08
20260822,10,500,15,3000,3000,3000,3000,"fast","control_informative",0.05,3,0.01,"","separate_mirage","trait1","pp08_fdp",0.8,0
20260822,10,500,15,3000,3000,3000,3000,"fast","control_informative",0.05,3,0.01,"","separate_mirage","trait1","pp08_discoveries",0.8,2
20260822,10,500,15,3000,3000,3000,3000,"fast","control_informative",0.05,3,0.01,"","separate_mirage","trait2","pp08_power",0.8,0.1
20260822,10,500,15,3000,3000,3000,3000,"fast","control_informative",0.05,3,0.01,"","separate_mirage","trait2","pp08_fdp",0.8,0
20260822,10,500,15,3000,3000,3000,3000,"fast","control_informative",0.05,3,0.01,"","separate_mirage","trait2","pp08_discoveries",0.8,1
20260822,10,500,15,3000,3000,3000,3000,"fast","control_informative",0.05,3,0.01,"","separate_mirage","pleiotropy","pp08_power",0.8,0
20260822,10,500,15,3000,3000,3000,3000,"fast","control_informative",0.05,3,0.01,"","separate_mirage","pleiotropy","pp08_fdp",0.8,0
20260822,10,500,15,3000,3000,3000,3000,"fast","control_informative",0.05,3,0.01,"","separate_mirage","pleiotropy","pp08_discoveries",0.8,0
20260822,10,500,15,3000,3000,3000,3000,"fast","control_informative",0.05,3,0.01,"","separate_mirage","trait1","bfdr_observed_fdp",0.01,0
20260822,10,500,15,3000,3000,3000,3000,"fast","control_informative",0.05,3,0.01,"","separate_mirage","trait1","bfdr_estimate",0.01,1.51289364469509e-06
20260822,10,500,15,3000,3000,3000,3000,"fast","control_informative",0.05,3,0.01,"","separate_mirage","trait1","bfdr_power",0.01,0.08
20260822,10,500,15,3000,3000,3000,3000,"fast","control_informative",0.05,3,0.01,"","separate_mirage","trait1","bfdr_discoveries",0.01,2
20260822,10,500,15,3000,3000,3000,3000,"fast","control_informative",0.05,3,0.01,"","separate_mirage","trait1","bfdr_observed_fdp",0.05,0
20260822,10,500,15,3000,3000,3000,3000,"fast","control_informative",0.05,3,0.01,"","separate_mirage","trait1","bfdr_estimate",0.05,1.51289364469509e-06
20260822,10,500,15,3000,3000,3000,3000,"fast","control_informative",0.05,3,0.01,"","separate_mirage","trait1","bfdr_power",0.05,0.08
20260822,10,500,15,3000,3000,3000,3000,"fast","control_informative",0.05,3,0.01,"","separate_mirage","trait1","bfdr_discoveries",0.05,2
20260822,10,500,15,3000,3000,3000,3000,"fast","control_informative",0.05,3,0.01,"","separate_mirage","trait1","bfdr_observed_fdp",0.1,0
20260822,10,500,15,3000,3000,3000,3000,"fast","control_informative",0.05,3,0.01,"","separate_mirage","trait1","bfdr_estimate",0.1,0.0673261123417064
20260822,10,500,15,3000,3000,3000,3000,"fast","control_informative",0.05,3,0.01,"","separate_mirage","trait1","bfdr_power",0.1,0.12
20260822,10,500,15,3000,3000,3000,3000,"fast","control_informative",0.05,3,0.01,"","separate_mirage","trait1","bfdr_discoveries",0.1,3
20260822,10,500,15,3000,3000,3000,3000,"fast","control_informative",0.05,3,0.01,"","separate_mirage","trait1","bfdr_observed_fdp",0.2,0.4
20260822,10,500,15,3000,3000,3000,3000,"fast","control_informative",0.05,3,0.01,"","separate_mirage","trait1","bfdr_estimate",0.2,0.190729251230343
20260822,10,500,15,3000,3000,3000,3000,"fast","control_informative",0.05,3,0.01,"","separate_mirage","trait1","bfdr_power",0.2,0.12
20260822,10,500,15,3000,3000,3000,3000,"fast","control_informative",0.05,3,0.01,"","separate_mirage","trait1","bfdr_discoveries",0.2,5
20260822,10,500,15,3000,3000,3000,3000,"fast","control_informative",0.05,3,0.01,"","separate_mirage","trait2","bfdr_observed_fdp",0.01,0
20260822,10,500,15,3000,3000,3000,3000,"fast","control_informative",0.05,3,0.01,"","separate_mirage","trait2","bfdr_estimate",0.01,5.33941758806833e-07
20260822,10,500,15,3000,3000,3000,3000,"fast","control_informative",0.05,3,0.01,"","separate_mirage","trait2","bfdr_power",0.01,0.1
20260822,10,500,15,3000,3000,3000,3000,"fast","control_informative",0.05,3,0.01,"","separate_mirage","trait2","bfdr_discoveries",0.01,1
20260822,10,500,15,3000,3000,3000,3000,"fast","control_informative",0.05,3,0.01,"","separate_mirage","trait2","bfdr_observed_fdp",0.05,0
20260822,10,500,15,3000,3000,3000,3000,"fast","control_informative",0.05,3,0.01,"","separate_mirage","trait2","bfdr_estimate",0.05,5.33941758806833e-07
20260822,10,500,15,3000,3000,3000,3000,"fast","control_informative",0.05,3,0.01,"","separate_mirage","trait2","bfdr_power",0.05,0.1
20260822,10,500,15,3000,3000,3000,3000,"fast","control_informative",0.05,3,0.01,"","separate_mirage","trait2","bfdr_discoveries",0.05,1
20260822,10,500,15,3000,3000,3000,3000,"fast","control_informative",0.05,3,0.01,"","separate_mirage","trait2","bfdr_observed_fdp",0.1,0
20260822,10,500,15,3000,3000,3000,3000,"fast","control_informative",0.05,3,0.01,"","separate_mirage","trait2","bfdr_estimate",0.1,5.33941758806833e-07
20260822,10,500,15,3000,3000,3000,3000,"fast","control_informative",0.05,3,0.01,"","separate_mirage","trait2","bfdr_power",0.1,0.1
20260822,10,500,15,3000,3000,3000,3000,"fast","control_informative",0.05,3,0.01,"","separate_mirage","trait2","bfdr_discoveries",0.1,1
20260822,10,500,15,3000,3000,3000,3000,"fast","control_informative",0.05,3,0.01,"","separate_mirage","trait2","bfdr_observed_fdp",0.2,0.5
20260822,10,500,15,3000,3000,3000,3000,"fast","control_informative",0.05,3,0.01,"","separate_mirage","trait2","bfdr_estimate",0.2,0.143990772094588
20260822,10,500,15,3000,3000,3000,3000,"fast","control_informative",0.05,3,0.01,"","separate_mirage","trait2","bfdr_power",0.2,0.1
20260822,10,500,15,3000,3000,3000,3000,"fast","control_informative",0.05,3,0.01,"","separate_mirage","trait2","bfdr_discoveries",0.2,2
20260822,10,500,15,3000,3000,3000,3000,"fast","control_informative",0.05,3,0.01,"","separate_mirage","pleiotropy","bfdr_observed_fdp",0.01,0
20260822,10,500,15,3000,3000,3000,3000,"fast","control_informative",0.05,3,0.01,"","separate_mirage","pleiotropy","bfdr_estimate",0.01,0
20260822,10,500,15,3000,3000,3000,3000,"fast","control_informative",0.05,3,0.01,"","separate_mirage","pleiotropy","bfdr_power",0.01,0
20260822,10,500,15,3000,3000,3000,3000,"fast","control_informative",0.05,3,0.01,"","separate_mirage","pleiotropy","bfdr_discoveries",0.01,0
20260822,10,500,15,3000,3000,3000,3000,"fast","control_informative",0.05,3,0.01,"","separate_mirage","pleiotropy","bfdr_observed_fdp",0.05,0
20260822,10,500,15,3000,3000,3000,3000,"fast","control_informative",0.05,3,0.01,"","separate_mirage","pleiotropy","bfdr_estimate",0.05,0
20260822,10,500,15,3000,3000,3000,3000,"fast","control_informative",0.05,3,0.01,"","separate_mirage","pleiotropy","bfdr_power",0.05,0
20260822,10,500,15,3000,3000,3000,3000,"fast","control_informative",0.05,3,0.01,"","separate_mirage","pleiotropy","bfdr_discoveries",0.05,0
20260822,10,500,15,3000,3000,3000,3000,"fast","control_informative",0.05,3,0.01,"","separate_mirage","pleiotropy","bfdr_observed_fdp",0.1,0
20260822,10,500,15,3000,3000,3000,3000,"fast","control_informative",0.05,3,0.01,"","separate_mirage","pleiotropy","bfdr_estimate",0.1,0
20260822,10,500,15,3000,3000,3000,3000,"fast","control_informative",0.05,3,0.01,"","separate_mirage","pleiotropy","bfdr_power",0.1,0
20260822,10,500,15,3000,3000,3000,3000,"fast","control_informative",0.05,3,0.01,"","separate_mirage","pleiotropy","bfdr_discoveries",0.1,0
20260822,10,500,15,3000,3000,3000,3000,"fast","control_informative",0.05,3,0.01,"","separate_mirage","pleiotropy","bfdr_observed_fdp",0.2,0
20260822,10,500,15,3000,3000,3000,3000,"fast","control_informative",0.05,3,0.01,"","separate_mirage","pleiotropy","bfdr_estimate",0.2,0
20260822,10,500,15,3000,3000,3000,3000,"fast","control_informative",0.05,3,0.01,"","separate_mirage","pleiotropy","bfdr_power",0.2,0
20260822,10,500,15,3000,3000,3000,3000,"fast","control_informative",0.05,3,0.01,"","separate_mirage","pleiotropy","bfdr_discoveries",0.2,0
20260822,10,500,15,3000,3000,3000,3000,"fast","control_informative",0.05,3,0.01,"","separate_mirage","global","runtime_seconds",NA,18.307
20260822,10,500,15,3000,3000,3000,3000,"fast","control_informative",0.05,3,0.01,"","separate_mirage","pleiotropy","pi11_estimate",NA,0.001
20260822,10,500,15,3000,3000,3000,3000,"fast","control_informative",0.05,3,0.01,"","mtada_aggregated","trait1","auc",NA,0.630063157894737
20260822,10,500,15,3000,3000,3000,3000,"fast","control_informative",0.05,3,0.01,"","mtada_aggregated","trait2","auc",NA,0.746938775510204
20260822,10,500,15,3000,3000,3000,3000,"fast","control_informative",0.05,3,0.01,"","mtada_aggregated","pleiotropy","auc",NA,0.507878787878788
20260822,10,500,15,3000,3000,3000,3000,"fast","control_informative",0.05,3,0.01,"","mtada_aggregated","trait1","pp08_power",0.8,0.16
20260822,10,500,15,3000,3000,3000,3000,"fast","control_informative",0.05,3,0.01,"","mtada_aggregated","trait1","pp08_fdp",0.8,0.75
20260822,10,500,15,3000,3000,3000,3000,"fast","control_informative",0.05,3,0.01,"","mtada_aggregated","trait1","pp08_discoveries",0.8,16
20260822,10,500,15,3000,3000,3000,3000,"fast","control_informative",0.05,3,0.01,"","mtada_aggregated","trait2","pp08_power",0.8,0.1
20260822,10,500,15,3000,3000,3000,3000,"fast","control_informative",0.05,3,0.01,"","mtada_aggregated","trait2","pp08_fdp",0.8,0.9
20260822,10,500,15,3000,3000,3000,3000,"fast","control_informative",0.05,3,0.01,"","mtada_aggregated","trait2","pp08_discoveries",0.8,10
20260822,10,500,15,3000,3000,3000,3000,"fast","control_informative",0.05,3,0.01,"","mtada_aggregated","pleiotropy","pp08_power",0.8,0
20260822,10,500,15,3000,3000,3000,3000,"fast","control_informative",0.05,3,0.01,"","mtada_aggregated","pleiotropy","pp08_fdp",0.8,1
20260822,10,500,15,3000,3000,3000,3000,"fast","control_informative",0.05,3,0.01,"","mtada_aggregated","pleiotropy","pp08_discoveries",0.8,1
20260822,10,500,15,3000,3000,3000,3000,"fast","control_informative",0.05,3,0.01,"","mtada_aggregated","trait1","bfdr_observed_fdp",0.01,0.636363636363636
20260822,10,500,15,3000,3000,3000,3000,"fast","control_informative",0.05,3,0.01,"","mtada_aggregated","trait1","bfdr_estimate",0.01,0.00171495618639813
20260822,10,500,15,3000,3000,3000,3000,"fast","control_informative",0.05,3,0.01,"","mtada_aggregated","trait1","bfdr_power",0.01,0.16
20260822,10,500,15,3000,3000,3000,3000,"fast","control_informative",0.05,3,0.01,"","mtada_aggregated","trait1","bfdr_discoveries",0.01,11
20260822,10,500,15,3000,3000,3000,3000,"fast","control_informative",0.05,3,0.01,"","mtada_aggregated","trait1","bfdr_observed_fdp",0.05,0.75
20260822,10,500,15,3000,3000,3000,3000,"fast","control_informative",0.05,3,0.01,"","mtada_aggregated","trait1","bfdr_estimate",0.05,0.045814056147306
20260822,10,500,15,3000,3000,3000,3000,"fast","control_informative",0.05,3,0.01,"","mtada_aggregated","trait1","bfdr_power",0.05,0.16
20260822,10,500,15,3000,3000,3000,3000,"fast","control_informative",0.05,3,0.01,"","mtada_aggregated","trait1","bfdr_discoveries",0.05,16
20260822,10,500,15,3000,3000,3000,3000,"fast","control_informative",0.05,3,0.01,"","mtada_aggregated","trait1","bfdr_observed_fdp",0.1,0.8
20260822,10,500,15,3000,3000,3000,3000,"fast","control_informative",0.05,3,0.01,"","mtada_aggregated","trait1","bfdr_estimate",0.1,0.0960258761325613
20260822,10,500,15,3000,3000,3000,3000,"fast","control_informative",0.05,3,0.01,"","mtada_aggregated","trait1","bfdr_power",0.1,0.16
20260822,10,500,15,3000,3000,3000,3000,"fast","control_informative",0.05,3,0.01,"","mtada_aggregated","trait1","bfdr_discoveries",0.1,20
20260822,10,500,15,3000,3000,3000,3000,"fast","control_informative",0.05,3,0.01,"","mtada_aggregated","trait1","bfdr_observed_fdp",0.2,0.740740740740741
20260822,10,500,15,3000,3000,3000,3000,"fast","control_informative",0.05,3,0.01,"","mtada_aggregated","trait1","bfdr_estimate",0.2,0.195505117644015
20260822,10,500,15,3000,3000,3000,3000,"fast","control_informative",0.05,3,0.01,"","mtada_aggregated","trait1","bfdr_power",0.2,0.28
20260822,10,500,15,3000,3000,3000,3000,"fast","control_informative",0.05,3,0.01,"","mtada_aggregated","trait1","bfdr_discoveries",0.2,27
20260822,10,500,15,3000,3000,3000,3000,"fast","control_informative",0.05,3,0.01,"","mtada_aggregated","trait2","bfdr_observed_fdp",0.01,0.8
20260822,10,500,15,3000,3000,3000,3000,"fast","control_informative",0.05,3,0.01,"","mtada_aggregated","trait2","bfdr_estimate",0.01,0.00948615211779746
20260822,10,500,15,3000,3000,3000,3000,"fast","control_informative",0.05,3,0.01,"","mtada_aggregated","trait2","bfdr_power",0.01,0.1
20260822,10,500,15,3000,3000,3000,3000,"fast","control_informative",0.05,3,0.01,"","mtada_aggregated","trait2","bfdr_discoveries",0.01,5
20260822,10,500,15,3000,3000,3000,3000,"fast","control_informative",0.05,3,0.01,"","mtada_aggregated","trait2","bfdr_observed_fdp",0.05,0.888888888888889
20260822,10,500,15,3000,3000,3000,3000,"fast","control_informative",0.05,3,0.01,"","mtada_aggregated","trait2","bfdr_estimate",0.05,0.0465451995173598
20260822,10,500,15,3000,3000,3000,3000,"fast","control_informative",0.05,3,0.01,"","mtada_aggregated","trait2","bfdr_power",0.05,0.1
20260822,10,500,15,3000,3000,3000,3000,"fast","control_informative",0.05,3,0.01,"","mtada_aggregated","trait2","bfdr_discoveries",0.05,9
20260822,10,500,15,3000,3000,3000,3000,"fast","control_informative",0.05,3,0.01,"","mtada_aggregated","trait2","bfdr_observed_fdp",0.1,0.833333333333333
20260822,10,500,15,3000,3000,3000,3000,"fast","control_informative",0.05,3,0.01,"","mtada_aggregated","trait2","bfdr_estimate",0.1,0.0949420607699238
20260822,10,500,15,3000,3000,3000,3000,"fast","control_informative",0.05,3,0.01,"","mtada_aggregated","trait2","bfdr_power",0.1,0.2
20260822,10,500,15,3000,3000,3000,3000,"fast","control_informative",0.05,3,0.01,"","mtada_aggregated","trait2","bfdr_discoveries",0.1,12
20260822,10,500,15,3000,3000,3000,3000,"fast","control_informative",0.05,3,0.01,"","mtada_aggregated","trait2","bfdr_observed_fdp",0.2,0.866666666666667
20260822,10,500,15,3000,3000,3000,3000,"fast","control_informative",0.05,3,0.01,"","mtada_aggregated","trait2","bfdr_estimate",0.2,0.161431338103403
20260822,10,500,15,3000,3000,3000,3000,"fast","control_informative",0.05,3,0.01,"","mtada_aggregated","trait2","bfdr_power",0.2,0.2
20260822,10,500,15,3000,3000,3000,3000,"fast","control_informative",0.05,3,0.01,"","mtada_aggregated","trait2","bfdr_discoveries",0.2,15
20260822,10,500,15,3000,3000,3000,3000,"fast","control_informative",0.05,3,0.01,"","mtada_aggregated","pleiotropy","bfdr_observed_fdp",0.01,0
20260822,10,500,15,3000,3000,3000,3000,"fast","control_informative",0.05,3,0.01,"","mtada_aggregated","pleiotropy","bfdr_estimate",0.01,0
20260822,10,500,15,3000,3000,3000,3000,"fast","control_informative",0.05,3,0.01,"","mtada_aggregated","pleiotropy","bfdr_power",0.01,0
20260822,10,500,15,3000,3000,3000,3000,"fast","control_informative",0.05,3,0.01,"","mtada_aggregated","pleiotropy","bfdr_discoveries",0.01,0
20260822,10,500,15,3000,3000,3000,3000,"fast","control_informative",0.05,3,0.01,"","mtada_aggregated","pleiotropy","bfdr_observed_fdp",0.05,0
20260822,10,500,15,3000,3000,3000,3000,"fast","control_informative",0.05,3,0.01,"","mtada_aggregated","pleiotropy","bfdr_estimate",0.05,0
20260822,10,500,15,3000,3000,3000,3000,"fast","control_informative",0.05,3,0.01,"","mtada_aggregated","pleiotropy","bfdr_power",0.05,0
20260822,10,500,15,3000,3000,3000,3000,"fast","control_informative",0.05,3,0.01,"","mtada_aggregated","pleiotropy","bfdr_discoveries",0.05,0
20260822,10,500,15,3000,3000,3000,3000,"fast","control_informative",0.05,3,0.01,"","mtada_aggregated","pleiotropy","bfdr_observed_fdp",0.1,0
20260822,10,500,15,3000,3000,3000,3000,"fast","control_informative",0.05,3,0.01,"","mtada_aggregated","pleiotropy","bfdr_estimate",0.1,0
20260822,10,500,15,3000,3000,3000,3000,"fast","control_informative",0.05,3,0.01,"","mtada_aggregated","pleiotropy","bfdr_power",0.1,0
20260822,10,500,15,3000,3000,3000,3000,"fast","control_informative",0.05,3,0.01,"","mtada_aggregated","pleiotropy","bfdr_discoveries",0.1,0
20260822,10,500,15,3000,3000,3000,3000,"fast","control_informative",0.05,3,0.01,"","mtada_aggregated","pleiotropy","bfdr_observed_fdp",0.2,1
20260822,10,500,15,3000,3000,3000,3000,"fast","control_informative",0.05,3,0.01,"","mtada_aggregated","pleiotropy","bfdr_estimate",0.2,0.181343737987917
20260822,10,500,15,3000,3000,3000,3000,"fast","control_informative",0.05,3,0.01,"","mtada_aggregated","pleiotropy","bfdr_power",0.2,0
20260822,10,500,15,3000,3000,3000,3000,"fast","control_informative",0.05,3,0.01,"","mtada_aggregated","pleiotropy","bfdr_discoveries",0.2,1
20260822,10,500,15,3000,3000,3000,3000,"fast","control_informative",0.05,3,0.01,"","mtada_aggregated","global","runtime_seconds",NA,0.726999999999975
20260822,10,500,15,3000,3000,3000,3000,"fast","control_informative",0.05,3,0.01,"","mtada_aggregated","pleiotropy","pi11_estimate",NA,0.00248318
