"seed","replicate","n_genes","variants_per_gene","n_case1","n_control1","n_case2","n_control2","bf_mode","simulation_design","background_prob","background_multiplier","pi11_truth","mtada_error","method","target","metric","threshold","value"
20260813,1,500,15,3000,3000,3000,3000,"fast","control_informative",0.05,2,0.01,"","mirage_joint","trait1","auc",NA,0.730357894736842
20260813,1,500,15,3000,3000,3000,3000,"fast","control_informative",0.05,2,0.01,"","mirage_joint","trait2","auc",NA,0.653673469387755
20260813,1,500,15,3000,3000,3000,3000,"fast","control_informative",0.05,2,0.01,"","mirage_joint","pleiotropy","auc",NA,0.656969696969697
20260813,1,500,15,3000,3000,3000,3000,"fast","control_informative",0.05,2,0.01,"","mirage_joint","trait1","pp08_power",0.8,0.2
20260813,1,500,15,3000,3000,3000,3000,"fast","control_informative",0.05,2,0.01,"","mirage_joint","trait1","pp08_fdp",0.8,0
20260813,1,500,15,3000,3000,3000,3000,"fast","control_informative",0.05,2,0.01,"","mirage_joint","trait1","pp08_discoveries",0.8,5
20260813,1,500,15,3000,3000,3000,3000,"fast","control_informative",0.05,2,0.01,"","mirage_joint","trait2","pp08_power",0.8,0
20260813,1,500,15,3000,3000,3000,3000,"fast","control_informative",0.05,2,0.01,"","mirage_joint","trait2","pp08_fdp",0.8,0
20260813,1,500,15,3000,3000,3000,3000,"fast","control_informative",0.05,2,0.01,"","mirage_joint","trait2","pp08_discoveries",0.8,0
20260813,1,500,15,3000,3000,3000,3000,"fast","control_informative",0.05,2,0.01,"","mirage_joint","pleiotropy","pp08_power",0.8,0
20260813,1,500,15,3000,3000,3000,3000,"fast","control_informative",0.05,2,0.01,"","mirage_joint","pleiotropy","pp08_fdp",0.8,0
20260813,1,500,15,3000,3000,3000,3000,"fast","control_informative",0.05,2,0.01,"","mirage_joint","pleiotropy","pp08_discoveries",0.8,0
20260813,1,500,15,3000,3000,3000,3000,"fast","control_informative",0.05,2,0.01,"","mirage_joint","trait1","bfdr_observed_fdp",0.01,0
20260813,1,500,15,3000,3000,3000,3000,"fast","control_informative",0.05,2,0.01,"","mirage_joint","trait1","bfdr_estimate",0.01,0.00772863731908361
20260813,1,500,15,3000,3000,3000,3000,"fast","control_informative",0.05,2,0.01,"","mirage_joint","trait1","bfdr_power",0.01,0.12
20260813,1,500,15,3000,3000,3000,3000,"fast","control_informative",0.05,2,0.01,"","mirage_joint","trait1","bfdr_discoveries",0.01,3
20260813,1,500,15,3000,3000,3000,3000,"fast","control_informative",0.05,2,0.01,"","mirage_joint","trait1","bfdr_observed_fdp",0.05,0
20260813,1,500,15,3000,3000,3000,3000,"fast","control_informative",0.05,2,0.01,"","mirage_joint","trait1","bfdr_estimate",0.05,0.0448604017037551
20260813,1,500,15,3000,3000,3000,3000,"fast","control_informative",0.05,2,0.01,"","mirage_joint","trait1","bfdr_power",0.05,0.2
20260813,1,500,15,3000,3000,3000,3000,"fast","control_informative",0.05,2,0.01,"","mirage_joint","trait1","bfdr_discoveries",0.05,5
20260813,1,500,15,3000,3000,3000,3000,"fast","control_informative",0.05,2,0.01,"","mirage_joint","trait1","bfdr_observed_fdp",0.1,0.166666666666667
20260813,1,500,15,3000,3000,3000,3000,"fast","control_informative",0.05,2,0.01,"","mirage_joint","trait1","bfdr_estimate",0.1,0.0895005732163076
20260813,1,500,15,3000,3000,3000,3000,"fast","control_informative",0.05,2,0.01,"","mirage_joint","trait1","bfdr_power",0.1,0.2
20260813,1,500,15,3000,3000,3000,3000,"fast","control_informative",0.05,2,0.01,"","mirage_joint","trait1","bfdr_discoveries",0.1,6
20260813,1,500,15,3000,3000,3000,3000,"fast","control_informative",0.05,2,0.01,"","mirage_joint","trait1","bfdr_observed_fdp",0.2,0.375
20260813,1,500,15,3000,3000,3000,3000,"fast","control_informative",0.05,2,0.01,"","mirage_joint","trait1","bfdr_estimate",0.2,0.166892224649903
20260813,1,500,15,3000,3000,3000,3000,"fast","control_informative",0.05,2,0.01,"","mirage_joint","trait1","bfdr_power",0.2,0.2
20260813,1,500,15,3000,3000,3000,3000,"fast","control_informative",0.05,2,0.01,"","mirage_joint","trait1","bfdr_discoveries",0.2,8
20260813,1,500,15,3000,3000,3000,3000,"fast","control_informative",0.05,2,0.01,"","mirage_joint","trait2","bfdr_observed_fdp",0.01,0
20260813,1,500,15,3000,3000,3000,3000,"fast","control_informative",0.05,2,0.01,"","mirage_joint","trait2","bfdr_estimate",0.01,0
20260813,1,500,15,3000,3000,3000,3000,"fast","control_informative",0.05,2,0.01,"","mirage_joint","trait2","bfdr_power",0.01,0
20260813,1,500,15,3000,3000,3000,3000,"fast","control_informative",0.05,2,0.01,"","mirage_joint","trait2","bfdr_discoveries",0.01,0
20260813,1,500,15,3000,3000,3000,3000,"fast","control_informative",0.05,2,0.01,"","mirage_joint","trait2","bfdr_observed_fdp",0.05,0
20260813,1,500,15,3000,3000,3000,3000,"fast","control_informative",0.05,2,0.01,"","mirage_joint","trait2","bfdr_estimate",0.05,0
20260813,1,500,15,3000,3000,3000,3000,"fast","control_informative",0.05,2,0.01,"","mirage_joint","trait2","bfdr_power",0.05,0
20260813,1,500,15,3000,3000,3000,3000,"fast","control_informative",0.05,2,0.01,"","mirage_joint","trait2","bfdr_discoveries",0.05,0
20260813,1,500,15,3000,3000,3000,3000,"fast","control_informative",0.05,2,0.01,"","mirage_joint","trait2","bfdr_observed_fdp",0.1,0
20260813,1,500,15,3000,3000,3000,3000,"fast","control_informative",0.05,2,0.01,"","mirage_joint","trait2","bfdr_estimate",0.1,0
20260813,1,500,15,3000,3000,3000,3000,"fast","control_informative",0.05,2,0.01,"","mirage_joint","trait2","bfdr_power",0.1,0
20260813,1,500,15,3000,3000,3000,3000,"fast","control_informative",0.05,2,0.01,"","mirage_joint","trait2","bfdr_discoveries",0.1,0
20260813,1,500,15,3000,3000,3000,3000,"fast","control_informative",0.05,2,0.01,"","mirage_joint","trait2","bfdr_observed_fdp",0.2,0
20260813,1,500,15,3000,3000,3000,3000,"fast","control_informative",0.05,2,0.01,"","mirage_joint","trait2","bfdr_estimate",0.2,0
20260813,1,500,15,3000,3000,3000,3000,"fast","control_informative",0.05,2,0.01,"","mirage_joint","trait2","bfdr_power",0.2,0
20260813,1,500,15,3000,3000,3000,3000,"fast","control_informative",0.05,2,0.01,"","mirage_joint","trait2","bfdr_discoveries",0.2,0
20260813,1,500,15,3000,3000,3000,3000,"fast","control_informative",0.05,2,0.01,"","mirage_joint","pleiotropy","bfdr_observed_fdp",0.01,0
20260813,1,500,15,3000,3000,3000,3000,"fast","control_informative",0.05,2,0.01,"","mirage_joint","pleiotropy","bfdr_estimate",0.01,0
20260813,1,500,15,3000,3000,3000,3000,"fast","control_informative",0.05,2,0.01,"","mirage_joint","pleiotropy","bfdr_power",0.01,0
20260813,1,500,15,3000,3000,3000,3000,"fast","control_informative",0.05,2,0.01,"","mirage_joint","pleiotropy","bfdr_discoveries",0.01,0
20260813,1,500,15,3000,3000,3000,3000,"fast","control_informative",0.05,2,0.01,"","mirage_joint","pleiotropy","bfdr_observed_fdp",0.05,0
20260813,1,500,15,3000,3000,3000,3000,"fast","control_informative",0.05,2,0.01,"","mirage_joint","pleiotropy","bfdr_estimate",0.05,0
20260813,1,500,15,3000,3000,3000,3000,"fast","control_informative",0.05,2,0.01,"","mirage_joint","pleiotropy","bfdr_power",0.05,0
20260813,1,500,15,3000,3000,3000,3000,"fast","control_informative",0.05,2,0.01,"","mirage_joint","pleiotropy","bfdr_discoveries",0.05,0
20260813,1,500,15,3000,3000,3000,3000,"fast","control_informative",0.05,2,0.01,"","mirage_joint","pleiotropy","bfdr_observed_fdp",0.1,0
20260813,1,500,15,3000,3000,3000,3000,"fast","control_informative",0.05,2,0.01,"","mirage_joint","pleiotropy","bfdr_estimate",0.1,0
20260813,1,500,15,3000,3000,3000,3000,"fast","control_informative",0.05,2,0.01,"","mirage_joint","pleiotropy","bfdr_power",0.1,0
20260813,1,500,15,3000,3000,3000,3000,"fast","control_informative",0.05,2,0.01,"","mirage_joint","pleiotropy","bfdr_discoveries",0.1,0
20260813,1,500,15,3000,3000,3000,3000,"fast","control_informative",0.05,2,0.01,"","mirage_joint","pleiotropy","bfdr_observed_fdp",0.2,0
20260813,1,500,15,3000,3000,3000,3000,"fast","control_informative",0.05,2,0.01,"","mirage_joint","pleiotropy","bfdr_estimate",0.2,0
20260813,1,500,15,3000,3000,3000,3000,"fast","control_informative",0.05,2,0.01,"","mirage_joint","pleiotropy","bfdr_power",0.2,0
20260813,1,500,15,3000,3000,3000,3000,"fast","control_informative",0.05,2,0.01,"","mirage_joint","pleiotropy","bfdr_discoveries",0.2,0
20260813,1,500,15,3000,3000,3000,3000,"fast","control_informative",0.05,2,0.01,"","mirage_joint","global","runtime_seconds",NA,18.533
20260813,1,500,15,3000,3000,3000,3000,"fast","control_informative",0.05,2,0.01,"","mirage_joint","pleiotropy","pi11_estimate",NA,0.0429849861229875
20260813,1,500,15,3000,3000,3000,3000,"fast","control_informative",0.05,2,0.01,"","separate_mirage","trait1","auc",NA,0.741305263157895
20260813,1,500,15,3000,3000,3000,3000,"fast","control_informative",0.05,2,0.01,"","separate_mirage","trait2","auc",NA,0.509183673469388
20260813,1,500,15,3000,3000,3000,3000,"fast","control_informative",0.05,2,0.01,"","separate_mirage","pleiotropy","auc",NA,0.604040404040404
20260813,1,500,15,3000,3000,3000,3000,"fast","control_informative",0.05,2,0.01,"","separate_mirage","trait1","pp08_power",0.8,0.12
20260813,1,500,15,3000,3000,3000,3000,"fast","control_informative",0.05,2,0.01,"","separate_mirage","trait1","pp08_fdp",0.8,0
20260813,1,500,15,3000,3000,3000,3000,"fast","control_informative",0.05,2,0.01,"","separate_mirage","trait1","pp08_discoveries",0.8,3
20260813,1,500,15,3000,3000,3000,3000,"fast","control_informative",0.05,2,0.01,"","separate_mirage","trait2","pp08_power",0.8,0
20260813,1,500,15,3000,3000,3000,3000,"fast","control_informative",0.05,2,0.01,"","separate_mirage","trait2","pp08_fdp",0.8,0
20260813,1,500,15,3000,3000,3000,3000,"fast","control_informative",0.05,2,0.01,"","separate_mirage","trait2","pp08_discoveries",0.8,0
20260813,1,500,15,3000,3000,3000,3000,"fast","control_informative",0.05,2,0.01,"","separate_mirage","pleiotropy","pp08_power",0.8,0
20260813,1,500,15,3000,3000,3000,3000,"fast","control_informative",0.05,2,0.01,"","separate_mirage","pleiotropy","pp08_fdp",0.8,0
20260813,1,500,15,3000,3000,3000,3000,"fast","control_informative",0.05,2,0.01,"","separate_mirage","pleiotropy","pp08_discoveries",0.8,0
20260813,1,500,15,3000,3000,3000,3000,"fast","control_informative",0.05,2,0.01,"","separate_mirage","trait1","bfdr_observed_fdp",0.01,0
20260813,1,500,15,3000,3000,3000,3000,"fast","control_informative",0.05,2,0.01,"","separate_mirage","trait1","bfdr_estimate",0.01,0.00130117871219493
20260813,1,500,15,3000,3000,3000,3000,"fast","control_informative",0.05,2,0.01,"","separate_mirage","trait1","bfdr_power",0.01,0.08
20260813,1,500,15,3000,3000,3000,3000,"fast","control_informative",0.05,2,0.01,"","separate_mirage","trait1","bfdr_discoveries",0.01,2
20260813,1,500,15,3000,3000,3000,3000,"fast","control_informative",0.05,2,0.01,"","separate_mirage","trait1","bfdr_observed_fdp",0.05,0
20260813,1,500,15,3000,3000,3000,3000,"fast","control_informative",0.05,2,0.01,"","separate_mirage","trait1","bfdr_estimate",0.05,0.0125469097269115
20260813,1,500,15,3000,3000,3000,3000,"fast","control_informative",0.05,2,0.01,"","separate_mirage","trait1","bfdr_power",0.05,0.12
20260813,1,500,15,3000,3000,3000,3000,"fast","control_informative",0.05,2,0.01,"","separate_mirage","trait1","bfdr_discoveries",0.05,3
20260813,1,500,15,3000,3000,3000,3000,"fast","control_informative",0.05,2,0.01,"","separate_mirage","trait1","bfdr_observed_fdp",0.1,0
20260813,1,500,15,3000,3000,3000,3000,"fast","control_informative",0.05,2,0.01,"","separate_mirage","trait1","bfdr_estimate",0.1,0.0973674818275429
20260813,1,500,15,3000,3000,3000,3000,"fast","control_informative",0.05,2,0.01,"","separate_mirage","trait1","bfdr_power",0.1,0.2
20260813,1,500,15,3000,3000,3000,3000,"fast","control_informative",0.05,2,0.01,"","separate_mirage","trait1","bfdr_discoveries",0.1,5
20260813,1,500,15,3000,3000,3000,3000,"fast","control_informative",0.05,2,0.01,"","separate_mirage","trait1","bfdr_observed_fdp",0.2,0.285714285714286
20260813,1,500,15,3000,3000,3000,3000,"fast","control_informative",0.05,2,0.01,"","separate_mirage","trait1","bfdr_estimate",0.2,0.173002464466636
20260813,1,500,15,3000,3000,3000,3000,"fast","control_informative",0.05,2,0.01,"","separate_mirage","trait1","bfdr_power",0.2,0.2
20260813,1,500,15,3000,3000,3000,3000,"fast","control_informative",0.05,2,0.01,"","separate_mirage","trait1","bfdr_discoveries",0.2,7
20260813,1,500,15,3000,3000,3000,3000,"fast","control_informative",0.05,2,0.01,"","separate_mirage","trait2","bfdr_observed_fdp",0.01,0
20260813,1,500,15,3000,3000,3000,3000,"fast","control_informative",0.05,2,0.01,"","separate_mirage","trait2","bfdr_estimate",0.01,0
20260813,1,500,15,3000,3000,3000,3000,"fast","control_informative",0.05,2,0.01,"","separate_mirage","trait2","bfdr_power",0.01,0
20260813,1,500,15,3000,3000,3000,3000,"fast","control_informative",0.05,2,0.01,"","separate_mirage","trait2","bfdr_discoveries",0.01,0
20260813,1,500,15,3000,3000,3000,3000,"fast","control_informative",0.05,2,0.01,"","separate_mirage","trait2","bfdr_observed_fdp",0.05,0
20260813,1,500,15,3000,3000,3000,3000,"fast","control_informative",0.05,2,0.01,"","separate_mirage","trait2","bfdr_estimate",0.05,0
20260813,1,500,15,3000,3000,3000,3000,"fast","control_informative",0.05,2,0.01,"","separate_mirage","trait2","bfdr_power",0.05,0
20260813,1,500,15,3000,3000,3000,3000,"fast","control_informative",0.05,2,0.01,"","separate_mirage","trait2","bfdr_discoveries",0.05,0
20260813,1,500,15,3000,3000,3000,3000,"fast","control_informative",0.05,2,0.01,"","separate_mirage","trait2","bfdr_observed_fdp",0.1,0
20260813,1,500,15,3000,3000,3000,3000,"fast","control_informative",0.05,2,0.01,"","separate_mirage","trait2","bfdr_estimate",0.1,0
20260813,1,500,15,3000,3000,3000,3000,"fast","control_informative",0.05,2,0.01,"","separate_mirage","trait2","bfdr_power",0.1,0
20260813,1,500,15,3000,3000,3000,3000,"fast","control_informative",0.05,2,0.01,"","separate_mirage","trait2","bfdr_discoveries",0.1,0
20260813,1,500,15,3000,3000,3000,3000,"fast","control_informative",0.05,2,0.01,"","separate_mirage","trait2","bfdr_observed_fdp",0.2,0
20260813,1,500,15,3000,3000,3000,3000,"fast","control_informative",0.05,2,0.01,"","separate_mirage","trait2","bfdr_estimate",0.2,0
20260813,1,500,15,3000,3000,3000,3000,"fast","control_informative",0.05,2,0.01,"","separate_mirage","trait2","bfdr_power",0.2,0
20260813,1,500,15,3000,3000,3000,3000,"fast","control_informative",0.05,2,0.01,"","separate_mirage","trait2","bfdr_discoveries",0.2,0
20260813,1,500,15,3000,3000,3000,3000,"fast","control_informative",0.05,2,0.01,"","separate_mirage","pleiotropy","bfdr_observed_fdp",0.01,0
20260813,1,500,15,3000,3000,3000,3000,"fast","control_informative",0.05,2,0.01,"","separate_mirage","pleiotropy","bfdr_estimate",0.01,0
20260813,1,500,15,3000,3000,3000,3000,"fast","control_informative",0.05,2,0.01,"","separate_mirage","pleiotropy","bfdr_power",0.01,0
20260813,1,500,15,3000,3000,3000,3000,"fast","control_informative",0.05,2,0.01,"","separate_mirage","pleiotropy","bfdr_discoveries",0.01,0
20260813,1,500,15,3000,3000,3000,3000,"fast","control_informative",0.05,2,0.01,"","separate_mirage","pleiotropy","bfdr_observed_fdp",0.05,0
20260813,1,500,15,3000,3000,3000,3000,"fast","control_informative",0.05,2,0.01,"","separate_mirage","pleiotropy","bfdr_estimate",0.05,0
20260813,1,500,15,3000,3000,3000,3000,"fast","control_informative",0.05,2,0.01,"","separate_mirage","pleiotropy","bfdr_power",0.05,0
20260813,1,500,15,3000,3000,3000,3000,"fast","control_informative",0.05,2,0.01,"","separate_mirage","pleiotropy","bfdr_discoveries",0.05,0
20260813,1,500,15,3000,3000,3000,3000,"fast","control_informative",0.05,2,0.01,"","separate_mirage","pleiotropy","bfdr_observed_fdp",0.1,0
20260813,1,500,15,3000,3000,3000,3000,"fast","control_informative",0.05,2,0.01,"","separate_mirage","pleiotropy","bfdr_estimate",0.1,0
20260813,1,500,15,3000,3000,3000,3000,"fast","control_informative",0.05,2,0.01,"","separate_mirage","pleiotropy","bfdr_power",0.1,0
20260813,1,500,15,3000,3000,3000,3000,"fast","control_informative",0.05,2,0.01,"","separate_mirage","pleiotropy","bfdr_discoveries",0.1,0
20260813,1,500,15,3000,3000,3000,3000,"fast","control_informative",0.05,2,0.01,"","separate_mirage","pleiotropy","bfdr_observed_fdp",0.2,0
20260813,1,500,15,3000,3000,3000,3000,"fast","control_informative",0.05,2,0.01,"","separate_mirage","pleiotropy","bfdr_estimate",0.2,0
20260813,1,500,15,3000,3000,3000,3000,"fast","control_informative",0.05,2,0.01,"","separate_mirage","pleiotropy","bfdr_power",0.2,0
20260813,1,500,15,3000,3000,3000,3000,"fast","control_informative",0.05,2,0.01,"","separate_mirage","pleiotropy","bfdr_discoveries",0.2,0
20260813,1,500,15,3000,3000,3000,3000,"fast","control_informative",0.05,2,0.01,"","separate_mirage","global","runtime_seconds",NA,18.099
20260813,1,500,15,3000,3000,3000,3000,"fast","control_informative",0.05,2,0.01,"","separate_mirage","pleiotropy","pi11_estimate",NA,0.001
20260813,1,500,15,3000,3000,3000,3000,"fast","control_informative",0.05,2,0.01,"","mtada_aggregated","trait1","auc",NA,0.796631578947368
20260813,1,500,15,3000,3000,3000,3000,"fast","control_informative",0.05,2,0.01,"","mtada_aggregated","trait2","auc",NA,0.671020408163265
20260813,1,500,15,3000,3000,3000,3000,"fast","control_informative",0.05,2,0.01,"","mtada_aggregated","pleiotropy","auc",NA,0.776161616161616
20260813,1,500,15,3000,3000,3000,3000,"fast","control_informative",0.05,2,0.01,"","mtada_aggregated","trait1","pp08_power",0.8,0.24
20260813,1,500,15,3000,3000,3000,3000,"fast","control_informative",0.05,2,0.01,"","mtada_aggregated","trait1","pp08_fdp",0.8,0.142857142857143
20260813,1,500,15,3000,3000,3000,3000,"fast","control_informative",0.05,2,0.01,"","mtada_aggregated","trait1","pp08_discoveries",0.8,7
20260813,1,500,15,3000,3000,3000,3000,"fast","control_informative",0.05,2,0.01,"","mtada_aggregated","trait2","pp08_power",0.8,0
20260813,1,500,15,3000,3000,3000,3000,"fast","control_informative",0.05,2,0.01,"","mtada_aggregated","trait2","pp08_fdp",0.8,1
20260813,1,500,15,3000,3000,3000,3000,"fast","control_informative",0.05,2,0.01,"","mtada_aggregated","trait2","pp08_discoveries",0.8,1
20260813,1,500,15,3000,3000,3000,3000,"fast","control_informative",0.05,2,0.01,"","mtada_aggregated","pleiotropy","pp08_power",0.8,0
20260813,1,500,15,3000,3000,3000,3000,"fast","control_informative",0.05,2,0.01,"","mtada_aggregated","pleiotropy","pp08_fdp",0.8,0
20260813,1,500,15,3000,3000,3000,3000,"fast","control_informative",0.05,2,0.01,"","mtada_aggregated","pleiotropy","pp08_discoveries",0.8,0
20260813,1,500,15,3000,3000,3000,3000,"fast","control_informative",0.05,2,0.01,"","mtada_aggregated","trait1","bfdr_observed_fdp",0.01,0
20260813,1,500,15,3000,3000,3000,3000,"fast","control_informative",0.05,2,0.01,"","mtada_aggregated","trait1","bfdr_estimate",0.01,0.00280995725645299
20260813,1,500,15,3000,3000,3000,3000,"fast","control_informative",0.05,2,0.01,"","mtada_aggregated","trait1","bfdr_power",0.01,0.2
20260813,1,500,15,3000,3000,3000,3000,"fast","control_informative",0.05,2,0.01,"","mtada_aggregated","trait1","bfdr_discoveries",0.01,5
20260813,1,500,15,3000,3000,3000,3000,"fast","control_informative",0.05,2,0.01,"","mtada_aggregated","trait1","bfdr_observed_fdp",0.05,0.142857142857143
20260813,1,500,15,3000,3000,3000,3000,"fast","control_informative",0.05,2,0.01,"","mtada_aggregated","trait1","bfdr_estimate",0.05,0.0183981713737638
20260813,1,500,15,3000,3000,3000,3000,"fast","control_informative",0.05,2,0.01,"","mtada_aggregated","trait1","bfdr_power",0.05,0.24
20260813,1,500,15,3000,3000,3000,3000,"fast","control_informative",0.05,2,0.01,"","mtada_aggregated","trait1","bfdr_discoveries",0.05,7
20260813,1,500,15,3000,3000,3000,3000,"fast","control_informative",0.05,2,0.01,"","mtada_aggregated","trait1","bfdr_observed_fdp",0.1,0.125
20260813,1,500,15,3000,3000,3000,3000,"fast","control_informative",0.05,2,0.01,"","mtada_aggregated","trait1","bfdr_estimate",0.1,0.0608875018270018
20260813,1,500,15,3000,3000,3000,3000,"fast","control_informative",0.05,2,0.01,"","mtada_aggregated","trait1","bfdr_power",0.1,0.28
20260813,1,500,15,3000,3000,3000,3000,"fast","control_informative",0.05,2,0.01,"","mtada_aggregated","trait1","bfdr_discoveries",0.1,8
20260813,1,500,15,3000,3000,3000,3000,"fast","control_informative",0.05,2,0.01,"","mtada_aggregated","trait1","bfdr_observed_fdp",0.2,0.363636363636364
20260813,1,500,15,3000,3000,3000,3000,"fast","control_informative",0.05,2,0.01,"","mtada_aggregated","trait1","bfdr_estimate",0.2,0.189951820240502
20260813,1,500,15,3000,3000,3000,3000,"fast","control_informative",0.05,2,0.01,"","mtada_aggregated","trait1","bfdr_power",0.2,0.28
20260813,1,500,15,3000,3000,3000,3000,"fast","control_informative",0.05,2,0.01,"","mtada_aggregated","trait1","bfdr_discoveries",0.2,11
20260813,1,500,15,3000,3000,3000,3000,"fast","control_informative",0.05,2,0.01,"","mtada_aggregated","trait2","bfdr_observed_fdp",0.01,1
20260813,1,500,15,3000,3000,3000,3000,"fast","control_informative",0.05,2,0.01,"","mtada_aggregated","trait2","bfdr_estimate",0.01,0.00625326771798262
20260813,1,500,15,3000,3000,3000,3000,"fast","control_informative",0.05,2,0.01,"","mtada_aggregated","trait2","bfdr_power",0.01,0
20260813,1,500,15,3000,3000,3000,3000,"fast","control_informative",0.05,2,0.01,"","mtada_aggregated","trait2","bfdr_discoveries",0.01,1
20260813,1,500,15,3000,3000,3000,3000,"fast","control_informative",0.05,2,0.01,"","mtada_aggregated","trait2","bfdr_observed_fdp",0.05,1
20260813,1,500,15,3000,3000,3000,3000,"fast","control_informative",0.05,2,0.01,"","mtada_aggregated","trait2","bfdr_estimate",0.05,0.00625326771798262
20260813,1,500,15,3000,3000,3000,3000,"fast","control_informative",0.05,2,0.01,"","mtada_aggregated","trait2","bfdr_power",0.05,0
20260813,1,500,15,3000,3000,3000,3000,"fast","control_informative",0.05,2,0.01,"","mtada_aggregated","trait2","bfdr_discoveries",0.05,1
20260813,1,500,15,3000,3000,3000,3000,"fast","control_informative",0.05,2,0.01,"","mtada_aggregated","trait2","bfdr_observed_fdp",0.1,1
20260813,1,500,15,3000,3000,3000,3000,"fast","control_informative",0.05,2,0.01,"","mtada_aggregated","trait2","bfdr_estimate",0.1,0.00625326771798262
20260813,1,500,15,3000,3000,3000,3000,"fast","control_informative",0.05,2,0.01,"","mtada_aggregated","trait2","bfdr_power",0.1,0
20260813,1,500,15,3000,3000,3000,3000,"fast","control_informative",0.05,2,0.01,"","mtada_aggregated","trait2","bfdr_discoveries",0.1,1
20260813,1,500,15,3000,3000,3000,3000,"fast","control_informative",0.05,2,0.01,"","mtada_aggregated","trait2","bfdr_observed_fdp",0.2,1
20260813,1,500,15,3000,3000,3000,3000,"fast","control_informative",0.05,2,0.01,"","mtada_aggregated","trait2","bfdr_estimate",0.2,0.186047588366268
20260813,1,500,15,3000,3000,3000,3000,"fast","control_informative",0.05,2,0.01,"","mtada_aggregated","trait2","bfdr_power",0.2,0
20260813,1,500,15,3000,3000,3000,3000,"fast","control_informative",0.05,2,0.01,"","mtada_aggregated","trait2","bfdr_discoveries",0.2,2
20260813,1,500,15,3000,3000,3000,3000,"fast","control_informative",0.05,2,0.01,"","mtada_aggregated","pleiotropy","bfdr_observed_fdp",0.01,0
20260813,1,500,15,3000,3000,3000,3000,"fast","control_informative",0.05,2,0.01,"","mtada_aggregated","pleiotropy","bfdr_estimate",0.01,0
20260813,1,500,15,3000,3000,3000,3000,"fast","control_informative",0.05,2,0.01,"","mtada_aggregated","pleiotropy","bfdr_power",0.01,0
20260813,1,500,15,3000,3000,3000,3000,"fast","control_informative",0.05,2,0.01,"","mtada_aggregated","pleiotropy","bfdr_discoveries",0.01,0
20260813,1,500,15,3000,3000,3000,3000,"fast","control_informative",0.05,2,0.01,"","mtada_aggregated","pleiotropy","bfdr_observed_fdp",0.05,0
20260813,1,500,15,3000,3000,3000,3000,"fast","control_informative",0.05,2,0.01,"","mtada_aggregated","pleiotropy","bfdr_estimate",0.05,0
20260813,1,500,15,3000,3000,3000,3000,"fast","control_informative",0.05,2,0.01,"","mtada_aggregated","pleiotropy","bfdr_power",0.05,0
20260813,1,500,15,3000,3000,3000,3000,"fast","control_informative",0.05,2,0.01,"","mtada_aggregated","pleiotropy","bfdr_discoveries",0.05,0
20260813,1,500,15,3000,3000,3000,3000,"fast","control_informative",0.05,2,0.01,"","mtada_aggregated","pleiotropy","bfdr_observed_fdp",0.1,0
20260813,1,500,15,3000,3000,3000,3000,"fast","control_informative",0.05,2,0.01,"","mtada_aggregated","pleiotropy","bfdr_estimate",0.1,0
20260813,1,500,15,3000,3000,3000,3000,"fast","control_informative",0.05,2,0.01,"","mtada_aggregated","pleiotropy","bfdr_power",0.1,0
20260813,1,500,15,3000,3000,3000,3000,"fast","control_informative",0.05,2,0.01,"","mtada_aggregated","pleiotropy","bfdr_discoveries",0.1,0
20260813,1,500,15,3000,3000,3000,3000,"fast","control_informative",0.05,2,0.01,"","mtada_aggregated","pleiotropy","bfdr_observed_fdp",0.2,0
20260813,1,500,15,3000,3000,3000,3000,"fast","control_informative",0.05,2,0.01,"","mtada_aggregated","pleiotropy","bfdr_estimate",0.2,0
20260813,1,500,15,3000,3000,3000,3000,"fast","control_informative",0.05,2,0.01,"","mtada_aggregated","pleiotropy","bfdr_power",0.2,0
20260813,1,500,15,3000,3000,3000,3000,"fast","control_informative",0.05,2,0.01,"","mtada_aggregated","pleiotropy","bfdr_discoveries",0.2,0
20260813,1,500,15,3000,3000,3000,3000,"fast","control_informative",0.05,2,0.01,"","mtada_aggregated","global","runtime_seconds",NA,0.757999999999996
20260813,1,500,15,3000,3000,3000,3000,"fast","control_informative",0.05,2,0.01,"","mtada_aggregated","pleiotropy","pi11_estimate",NA,0.00278932
20260814,2,500,15,3000,3000,3000,3000,"fast","control_informative",0.05,2,0.01,"","mirage_joint","trait1","auc",NA,0.562526315789474
20260814,2,500,15,3000,3000,3000,3000,"fast","control_informative",0.05,2,0.01,"","mirage_joint","trait2","auc",NA,0.754081632653061
20260814,2,500,15,3000,3000,3000,3000,"fast","control_informative",0.05,2,0.01,"","mirage_joint","pleiotropy","auc",NA,0.756363636363636
20260814,2,500,15,3000,3000,3000,3000,"fast","control_informative",0.05,2,0.01,"","mirage_joint","trait1","pp08_power",0.8,0
20260814,2,500,15,3000,3000,3000,3000,"fast","control_informative",0.05,2,0.01,"","mirage_joint","trait1","pp08_fdp",0.8,0
20260814,2,500,15,3000,3000,3000,3000,"fast","control_informative",0.05,2,0.01,"","mirage_joint","trait1","pp08_discoveries",0.8,0
20260814,2,500,15,3000,3000,3000,3000,"fast","control_informative",0.05,2,0.01,"","mirage_joint","trait2","pp08_power",0.8,0.3
20260814,2,500,15,3000,3000,3000,3000,"fast","control_informative",0.05,2,0.01,"","mirage_joint","trait2","pp08_fdp",0.8,0
20260814,2,500,15,3000,3000,3000,3000,"fast","control_informative",0.05,2,0.01,"","mirage_joint","trait2","pp08_discoveries",0.8,3
20260814,2,500,15,3000,3000,3000,3000,"fast","control_informative",0.05,2,0.01,"","mirage_joint","pleiotropy","pp08_power",0.8,0
20260814,2,500,15,3000,3000,3000,3000,"fast","control_informative",0.05,2,0.01,"","mirage_joint","pleiotropy","pp08_fdp",0.8,0
20260814,2,500,15,3000,3000,3000,3000,"fast","control_informative",0.05,2,0.01,"","mirage_joint","pleiotropy","pp08_discoveries",0.8,0
20260814,2,500,15,3000,3000,3000,3000,"fast","control_informative",0.05,2,0.01,"","mirage_joint","trait1","bfdr_observed_fdp",0.01,0
20260814,2,500,15,3000,3000,3000,3000,"fast","control_informative",0.05,2,0.01,"","mirage_joint","trait1","bfdr_estimate",0.01,0
20260814,2,500,15,3000,3000,3000,3000,"fast","control_informative",0.05,2,0.01,"","mirage_joint","trait1","bfdr_power",0.01,0
20260814,2,500,15,3000,3000,3000,3000,"fast","control_informative",0.05,2,0.01,"","mirage_joint","trait1","bfdr_discoveries",0.01,0
20260814,2,500,15,3000,3000,3000,3000,"fast","control_informative",0.05,2,0.01,"","mirage_joint","trait1","bfdr_observed_fdp",0.05,0
20260814,2,500,15,3000,3000,3000,3000,"fast","control_informative",0.05,2,0.01,"","mirage_joint","trait1","bfdr_estimate",0.05,0
20260814,2,500,15,3000,3000,3000,3000,"fast","control_informative",0.05,2,0.01,"","mirage_joint","trait1","bfdr_power",0.05,0
20260814,2,500,15,3000,3000,3000,3000,"fast","control_informative",0.05,2,0.01,"","mirage_joint","trait1","bfdr_discoveries",0.05,0
20260814,2,500,15,3000,3000,3000,3000,"fast","control_informative",0.05,2,0.01,"","mirage_joint","trait1","bfdr_observed_fdp",0.1,0
20260814,2,500,15,3000,3000,3000,3000,"fast","control_informative",0.05,2,0.01,"","mirage_joint","trait1","bfdr_estimate",0.1,0
20260814,2,500,15,3000,3000,3000,3000,"fast","control_informative",0.05,2,0.01,"","mirage_joint","trait1","bfdr_power",0.1,0
20260814,2,500,15,3000,3000,3000,3000,"fast","control_informative",0.05,2,0.01,"","mirage_joint","trait1","bfdr_discoveries",0.1,0
20260814,2,500,15,3000,3000,3000,3000,"fast","control_informative",0.05,2,0.01,"","mirage_joint","trait1","bfdr_observed_fdp",0.2,0
20260814,2,500,15,3000,3000,3000,3000,"fast","control_informative",0.05,2,0.01,"","mirage_joint","trait1","bfdr_estimate",0.2,0
20260814,2,500,15,3000,3000,3000,3000,"fast","control_informative",0.05,2,0.01,"","mirage_joint","trait1","bfdr_power",0.2,0
20260814,2,500,15,3000,3000,3000,3000,"fast","control_informative",0.05,2,0.01,"","mirage_joint","trait1","bfdr_discoveries",0.2,0
20260814,2,500,15,3000,3000,3000,3000,"fast","control_informative",0.05,2,0.01,"","mirage_joint","trait2","bfdr_observed_fdp",0.01,0
20260814,2,500,15,3000,3000,3000,3000,"fast","control_informative",0.05,2,0.01,"","mirage_joint","trait2","bfdr_estimate",0.01,0.0004867138023672
20260814,2,500,15,3000,3000,3000,3000,"fast","control_informative",0.05,2,0.01,"","mirage_joint","trait2","bfdr_power",0.01,0.2
20260814,2,500,15,3000,3000,3000,3000,"fast","control_informative",0.05,2,0.01,"","mirage_joint","trait2","bfdr_discoveries",0.01,2
20260814,2,500,15,3000,3000,3000,3000,"fast","control_informative",0.05,2,0.01,"","mirage_joint","trait2","bfdr_observed_fdp",0.05,0
20260814,2,500,15,3000,3000,3000,3000,"fast","control_informative",0.05,2,0.01,"","mirage_joint","trait2","bfdr_estimate",0.05,0.0328532948646654
20260814,2,500,15,3000,3000,3000,3000,"fast","control_informative",0.05,2,0.01,"","mirage_joint","trait2","bfdr_power",0.05,0.3
20260814,2,500,15,3000,3000,3000,3000,"fast","control_informative",0.05,2,0.01,"","mirage_joint","trait2","bfdr_discoveries",0.05,3
20260814,2,500,15,3000,3000,3000,3000,"fast","control_informative",0.05,2,0.01,"","mirage_joint","trait2","bfdr_observed_fdp",0.1,0
20260814,2,500,15,3000,3000,3000,3000,"fast","control_informative",0.05,2,0.01,"","mirage_joint","trait2","bfdr_estimate",0.1,0.0328532948646654
20260814,2,500,15,3000,3000,3000,3000,"fast","control_informative",0.05,2,0.01,"","mirage_joint","trait2","bfdr_power",0.1,0.3
20260814,2,500,15,3000,3000,3000,3000,"fast","control_informative",0.05,2,0.01,"","mirage_joint","trait2","bfdr_discoveries",0.1,3
20260814,2,500,15,3000,3000,3000,3000,"fast","control_informative",0.05,2,0.01,"","mirage_joint","trait2","bfdr_observed_fdp",0.2,0.333333333333333
20260814,2,500,15,3000,3000,3000,3000,"fast","control_informative",0.05,2,0.01,"","mirage_joint","trait2","bfdr_estimate",0.2,0.196725642633115
20260814,2,500,15,3000,3000,3000,3000,"fast","control_informative",0.05,2,0.01,"","mirage_joint","trait2","bfdr_power",0.2,0.4
20260814,2,500,15,3000,3000,3000,3000,"fast","control_informative",0.05,2,0.01,"","mirage_joint","trait2","bfdr_discoveries",0.2,6
20260814,2,500,15,3000,3000,3000,3000,"fast","control_informative",0.05,2,0.01,"","mirage_joint","pleiotropy","bfdr_observed_fdp",0.01,0
20260814,2,500,15,3000,3000,3000,3000,"fast","control_informative",0.05,2,0.01,"","mirage_joint","pleiotropy","bfdr_estimate",0.01,0
20260814,2,500,15,3000,3000,3000,3000,"fast","control_informative",0.05,2,0.01,"","mirage_joint","pleiotropy","bfdr_power",0.01,0
20260814,2,500,15,3000,3000,3000,3000,"fast","control_informative",0.05,2,0.01,"","mirage_joint","pleiotropy","bfdr_discoveries",0.01,0
20260814,2,500,15,3000,3000,3000,3000,"fast","control_informative",0.05,2,0.01,"","mirage_joint","pleiotropy","bfdr_observed_fdp",0.05,0
20260814,2,500,15,3000,3000,3000,3000,"fast","control_informative",0.05,2,0.01,"","mirage_joint","pleiotropy","bfdr_estimate",0.05,0
20260814,2,500,15,3000,3000,3000,3000,"fast","control_informative",0.05,2,0.01,"","mirage_joint","pleiotropy","bfdr_power",0.05,0
20260814,2,500,15,3000,3000,3000,3000,"fast","control_informative",0.05,2,0.01,"","mirage_joint","pleiotropy","bfdr_discoveries",0.05,0
20260814,2,500,15,3000,3000,3000,3000,"fast","control_informative",0.05,2,0.01,"","mirage_joint","pleiotropy","bfdr_observed_fdp",0.1,0
20260814,2,500,15,3000,3000,3000,3000,"fast","control_informative",0.05,2,0.01,"","mirage_joint","pleiotropy","bfdr_estimate",0.1,0
20260814,2,500,15,3000,3000,3000,3000,"fast","control_informative",0.05,2,0.01,"","mirage_joint","pleiotropy","bfdr_power",0.1,0
20260814,2,500,15,3000,3000,3000,3000,"fast","control_informative",0.05,2,0.01,"","mirage_joint","pleiotropy","bfdr_discoveries",0.1,0
20260814,2,500,15,3000,3000,3000,3000,"fast","control_informative",0.05,2,0.01,"","mirage_joint","pleiotropy","bfdr_observed_fdp",0.2,0
20260814,2,500,15,3000,3000,3000,3000,"fast","control_informative",0.05,2,0.01,"","mirage_joint","pleiotropy","bfdr_estimate",0.2,0
20260814,2,500,15,3000,3000,3000,3000,"fast","control_informative",0.05,2,0.01,"","mirage_joint","pleiotropy","bfdr_power",0.2,0
20260814,2,500,15,3000,3000,3000,3000,"fast","control_informative",0.05,2,0.01,"","mirage_joint","pleiotropy","bfdr_discoveries",0.2,0
20260814,2,500,15,3000,3000,3000,3000,"fast","control_informative",0.05,2,0.01,"","mirage_joint","global","runtime_seconds",NA,18.357
20260814,2,500,15,3000,3000,3000,3000,"fast","control_informative",0.05,2,0.01,"","mirage_joint","pleiotropy","pi11_estimate",NA,0.0534720177880804
20260814,2,500,15,3000,3000,3000,3000,"fast","control_informative",0.05,2,0.01,"","separate_mirage","trait1","auc",NA,0.507536842105263
20260814,2,500,15,3000,3000,3000,3000,"fast","control_informative",0.05,2,0.01,"","separate_mirage","trait2","auc",NA,0.783061224489796
20260814,2,500,15,3000,3000,3000,3000,"fast","control_informative",0.05,2,0.01,"","separate_mirage","pleiotropy","auc",NA,0.73979797979798
20260814,2,500,15,3000,3000,3000,3000,"fast","control_informative",0.05,2,0.01,"","separate_mirage","trait1","pp08_power",0.8,0
20260814,2,500,15,3000,3000,3000,3000,"fast","control_informative",0.05,2,0.01,"","separate_mirage","trait1","pp08_fdp",0.8,0
20260814,2,500,15,3000,3000,3000,3000,"fast","control_informative",0.05,2,0.01,"","separate_mirage","trait1","pp08_discoveries",0.8,0
20260814,2,500,15,3000,3000,3000,3000,"fast","control_informative",0.05,2,0.01,"","separate_mirage","trait2","pp08_power",0.8,0.2
20260814,2,500,15,3000,3000,3000,3000,"fast","control_informative",0.05,2,0.01,"","separate_mirage","trait2","pp08_fdp",0.8,0
20260814,2,500,15,3000,3000,3000,3000,"fast","control_informative",0.05,2,0.01,"","separate_mirage","trait2","pp08_discoveries",0.8,2
20260814,2,500,15,3000,3000,3000,3000,"fast","control_informative",0.05,2,0.01,"","separate_mirage","pleiotropy","pp08_power",0.8,0
20260814,2,500,15,3000,3000,3000,3000,"fast","control_informative",0.05,2,0.01,"","separate_mirage","pleiotropy","pp08_fdp",0.8,0
20260814,2,500,15,3000,3000,3000,3000,"fast","control_informative",0.05,2,0.01,"","separate_mirage","pleiotropy","pp08_discoveries",0.8,0
20260814,2,500,15,3000,3000,3000,3000,"fast","control_informative",0.05,2,0.01,"","separate_mirage","trait1","bfdr_observed_fdp",0.01,0
20260814,2,500,15,3000,3000,3000,3000,"fast","control_informative",0.05,2,0.01,"","separate_mirage","trait1","bfdr_estimate",0.01,0
20260814,2,500,15,3000,3000,3000,3000,"fast","control_informative",0.05,2,0.01,"","separate_mirage","trait1","bfdr_power",0.01,0
20260814,2,500,15,3000,3000,3000,3000,"fast","control_informative",0.05,2,0.01,"","separate_mirage","trait1","bfdr_discoveries",0.01,0
20260814,2,500,15,3000,3000,3000,3000,"fast","control_informative",0.05,2,0.01,"","separate_mirage","trait1","bfdr_observed_fdp",0.05,0
20260814,2,500,15,3000,3000,3000,3000,"fast","control_informative",0.05,2,0.01,"","separate_mirage","trait1","bfdr_estimate",0.05,0
20260814,2,500,15,3000,3000,3000,3000,"fast","control_informative",0.05,2,0.01,"","separate_mirage","trait1","bfdr_power",0.05,0
20260814,2,500,15,3000,3000,3000,3000,"fast","control_informative",0.05,2,0.01,"","separate_mirage","trait1","bfdr_discoveries",0.05,0
20260814,2,500,15,3000,3000,3000,3000,"fast","control_informative",0.05,2,0.01,"","separate_mirage","trait1","bfdr_observed_fdp",0.1,0
20260814,2,500,15,3000,3000,3000,3000,"fast","control_informative",0.05,2,0.01,"","separate_mirage","trait1","bfdr_estimate",0.1,0
20260814,2,500,15,3000,3000,3000,3000,"fast","control_informative",0.05,2,0.01,"","separate_mirage","trait1","bfdr_power",0.1,0
20260814,2,500,15,3000,3000,3000,3000,"fast","control_informative",0.05,2,0.01,"","separate_mirage","trait1","bfdr_discoveries",0.1,0
20260814,2,500,15,3000,3000,3000,3000,"fast","control_informative",0.05,2,0.01,"","separate_mirage","trait1","bfdr_observed_fdp",0.2,0
20260814,2,500,15,3000,3000,3000,3000,"fast","control_informative",0.05,2,0.01,"","separate_mirage","trait1","bfdr_estimate",0.2,0
20260814,2,500,15,3000,3000,3000,3000,"fast","control_informative",0.05,2,0.01,"","separate_mirage","trait1","bfdr_power",0.2,0
20260814,2,500,15,3000,3000,3000,3000,"fast","control_informative",0.05,2,0.01,"","separate_mirage","trait1","bfdr_discoveries",0.2,0
20260814,2,500,15,3000,3000,3000,3000,"fast","control_informative",0.05,2,0.01,"","separate_mirage","trait2","bfdr_observed_fdp",0.01,0
20260814,2,500,15,3000,3000,3000,3000,"fast","control_informative",0.05,2,0.01,"","separate_mirage","trait2","bfdr_estimate",0.01,0.0022744319485013
20260814,2,500,15,3000,3000,3000,3000,"fast","control_informative",0.05,2,0.01,"","separate_mirage","trait2","bfdr_power",0.01,0.2
20260814,2,500,15,3000,3000,3000,3000,"fast","control_informative",0.05,2,0.01,"","separate_mirage","trait2","bfdr_discoveries",0.01,2
20260814,2,500,15,3000,3000,3000,3000,"fast","control_informative",0.05,2,0.01,"","separate_mirage","trait2","bfdr_observed_fdp",0.05,0
20260814,2,500,15,3000,3000,3000,3000,"fast","control_informative",0.05,2,0.01,"","separate_mirage","trait2","bfdr_estimate",0.05,0.0022744319485013
20260814,2,500,15,3000,3000,3000,3000,"fast","control_informative",0.05,2,0.01,"","separate_mirage","trait2","bfdr_power",0.05,0.2
20260814,2,500,15,3000,3000,3000,3000,"fast","control_informative",0.05,2,0.01,"","separate_mirage","trait2","bfdr_discoveries",0.05,2
20260814,2,500,15,3000,3000,3000,3000,"fast","control_informative",0.05,2,0.01,"","separate_mirage","trait2","bfdr_observed_fdp",0.1,0
20260814,2,500,15,3000,3000,3000,3000,"fast","control_informative",0.05,2,0.01,"","separate_mirage","trait2","bfdr_estimate",0.1,0.0022744319485013
20260814,2,500,15,3000,3000,3000,3000,"fast","control_informative",0.05,2,0.01,"","separate_mirage","trait2","bfdr_power",0.1,0.2
20260814,2,500,15,3000,3000,3000,3000,"fast","control_informative",0.05,2,0.01,"","separate_mirage","trait2","bfdr_discoveries",0.1,2
20260814,2,500,15,3000,3000,3000,3000,"fast","control_informative",0.05,2,0.01,"","separate_mirage","trait2","bfdr_observed_fdp",0.2,0
20260814,2,500,15,3000,3000,3000,3000,"fast","control_informative",0.05,2,0.01,"","separate_mirage","trait2","bfdr_estimate",0.2,0.168119186890616
20260814,2,500,15,3000,3000,3000,3000,"fast","control_informative",0.05,2,0.01,"","separate_mirage","trait2","bfdr_power",0.2,0.3
20260814,2,500,15,3000,3000,3000,3000,"fast","control_informative",0.05,2,0.01,"","separate_mirage","trait2","bfdr_discoveries",0.2,3
20260814,2,500,15,3000,3000,3000,3000,"fast","control_informative",0.05,2,0.01,"","separate_mirage","pleiotropy","bfdr_observed_fdp",0.01,0
20260814,2,500,15,3000,3000,3000,3000,"fast","control_informative",0.05,2,0.01,"","separate_mirage","pleiotropy","bfdr_estimate",0.01,0
20260814,2,500,15,3000,3000,3000,3000,"fast","control_informative",0.05,2,0.01,"","separate_mirage","pleiotropy","bfdr_power",0.01,0
20260814,2,500,15,3000,3000,3000,3000,"fast","control_informative",0.05,2,0.01,"","separate_mirage","pleiotropy","bfdr_discoveries",0.01,0
20260814,2,500,15,3000,3000,3000,3000,"fast","control_informative",0.05,2,0.01,"","separate_mirage","pleiotropy","bfdr_observed_fdp",0.05,0
20260814,2,500,15,3000,3000,3000,3000,"fast","control_informative",0.05,2,0.01,"","separate_mirage","pleiotropy","bfdr_estimate",0.05,0
20260814,2,500,15,3000,3000,3000,3000,"fast","control_informative",0.05,2,0.01,"","separate_mirage","pleiotropy","bfdr_power",0.05,0
20260814,2,500,15,3000,3000,3000,3000,"fast","control_informative",0.05,2,0.01,"","separate_mirage","pleiotropy","bfdr_discoveries",0.05,0
20260814,2,500,15,3000,3000,3000,3000,"fast","control_informative",0.05,2,0.01,"","separate_mirage","pleiotropy","bfdr_observed_fdp",0.1,0
20260814,2,500,15,3000,3000,3000,3000,"fast","control_informative",0.05,2,0.01,"","separate_mirage","pleiotropy","bfdr_estimate",0.1,0
20260814,2,500,15,3000,3000,3000,3000,"fast","control_informative",0.05,2,0.01,"","separate_mirage","pleiotropy","bfdr_power",0.1,0
20260814,2,500,15,3000,3000,3000,3000,"fast","control_informative",0.05,2,0.01,"","separate_mirage","pleiotropy","bfdr_discoveries",0.1,0
20260814,2,500,15,3000,3000,3000,3000,"fast","control_informative",0.05,2,0.01,"","separate_mirage","pleiotropy","bfdr_observed_fdp",0.2,0
20260814,2,500,15,3000,3000,3000,3000,"fast","control_informative",0.05,2,0.01,"","separate_mirage","pleiotropy","bfdr_estimate",0.2,0
20260814,2,500,15,3000,3000,3000,3000,"fast","control_informative",0.05,2,0.01,"","separate_mirage","pleiotropy","bfdr_power",0.2,0
20260814,2,500,15,3000,3000,3000,3000,"fast","control_informative",0.05,2,0.01,"","separate_mirage","pleiotropy","bfdr_discoveries",0.2,0
20260814,2,500,15,3000,3000,3000,3000,"fast","control_informative",0.05,2,0.01,"","separate_mirage","global","runtime_seconds",NA,18.264
20260814,2,500,15,3000,3000,3000,3000,"fast","control_informative",0.05,2,0.01,"","separate_mirage","pleiotropy","pi11_estimate",NA,0.001
20260814,2,500,15,3000,3000,3000,3000,"fast","control_informative",0.05,2,0.01,"","mtada_aggregated","trait1","auc",NA,0.66458947368421
20260814,2,500,15,3000,3000,3000,3000,"fast","control_informative",0.05,2,0.01,"","mtada_aggregated","trait2","auc",NA,0.75469387755102
20260814,2,500,15,3000,3000,3000,3000,"fast","control_informative",0.05,2,0.01,"","mtada_aggregated","pleiotropy","auc",NA,0.904242424242424
20260814,2,500,15,3000,3000,3000,3000,"fast","control_informative",0.05,2,0.01,"","mtada_aggregated","trait1","pp08_power",0.8,0.04
20260814,2,500,15,3000,3000,3000,3000,"fast","control_informative",0.05,2,0.01,"","mtada_aggregated","trait1","pp08_fdp",0.8,0.75
20260814,2,500,15,3000,3000,3000,3000,"fast","control_informative",0.05,2,0.01,"","mtada_aggregated","trait1","pp08_discoveries",0.8,4
20260814,2,500,15,3000,3000,3000,3000,"fast","control_informative",0.05,2,0.01,"","mtada_aggregated","trait2","pp08_power",0.8,0.2
20260814,2,500,15,3000,3000,3000,3000,"fast","control_informative",0.05,2,0.01,"","mtada_aggregated","trait2","pp08_fdp",0.8,0.5
20260814,2,500,15,3000,3000,3000,3000,"fast","control_informative",0.05,2,0.01,"","mtada_aggregated","trait2","pp08_discoveries",0.8,4
20260814,2,500,15,3000,3000,3000,3000,"fast","control_informative",0.05,2,0.01,"","mtada_aggregated","pleiotropy","pp08_power",0.8,0
20260814,2,500,15,3000,3000,3000,3000,"fast","control_informative",0.05,2,0.01,"","mtada_aggregated","pleiotropy","pp08_fdp",0.8,0
20260814,2,500,15,3000,3000,3000,3000,"fast","control_informative",0.05,2,0.01,"","mtada_aggregated","pleiotropy","pp08_discoveries",0.8,0
20260814,2,500,15,3000,3000,3000,3000,"fast","control_informative",0.05,2,0.01,"","mtada_aggregated","trait1","bfdr_observed_fdp",0.01,0.75
20260814,2,500,15,3000,3000,3000,3000,"fast","control_informative",0.05,2,0.01,"","mtada_aggregated","trait1","bfdr_estimate",0.01,0.00821714888382855
20260814,2,500,15,3000,3000,3000,3000,"fast","control_informative",0.05,2,0.01,"","mtada_aggregated","trait1","bfdr_power",0.01,0.04
20260814,2,500,15,3000,3000,3000,3000,"fast","control_informative",0.05,2,0.01,"","mtada_aggregated","trait1","bfdr_discoveries",0.01,4
20260814,2,500,15,3000,3000,3000,3000,"fast","control_informative",0.05,2,0.01,"","mtada_aggregated","trait1","bfdr_observed_fdp",0.05,0.75
20260814,2,500,15,3000,3000,3000,3000,"fast","control_informative",0.05,2,0.01,"","mtada_aggregated","trait1","bfdr_estimate",0.05,0.00821714888382855
20260814,2,500,15,3000,3000,3000,3000,"fast","control_informative",0.05,2,0.01,"","mtada_aggregated","trait1","bfdr_power",0.05,0.04
20260814,2,500,15,3000,3000,3000,3000,"fast","control_informative",0.05,2,0.01,"","mtada_aggregated","trait1","bfdr_discoveries",0.05,4
20260814,2,500,15,3000,3000,3000,3000,"fast","control_informative",0.05,2,0.01,"","mtada_aggregated","trait1","bfdr_observed_fdp",0.1,0.6
20260814,2,500,15,3000,3000,3000,3000,"fast","control_informative",0.05,2,0.01,"","mtada_aggregated","trait1","bfdr_estimate",0.1,0.0648071832803423
20260814,2,500,15,3000,3000,3000,3000,"fast","control_informative",0.05,2,0.01,"","mtada_aggregated","trait1","bfdr_power",0.1,0.08
20260814,2,500,15,3000,3000,3000,3000,"fast","control_informative",0.05,2,0.01,"","mtada_aggregated","trait1","bfdr_discoveries",0.1,5
20260814,2,500,15,3000,3000,3000,3000,"fast","control_informative",0.05,2,0.01,"","mtada_aggregated","trait1","bfdr_observed_fdp",0.2,0.375
20260814,2,500,15,3000,3000,3000,3000,"fast","control_informative",0.05,2,0.01,"","mtada_aggregated","trait1","bfdr_estimate",0.2,0.197482274201778
20260814,2,500,15,3000,3000,3000,3000,"fast","control_informative",0.05,2,0.01,"","mtada_aggregated","trait1","bfdr_power",0.2,0.2
20260814,2,500,15,3000,3000,3000,3000,"fast","control_informative",0.05,2,0.01,"","mtada_aggregated","trait1","bfdr_discoveries",0.2,8
20260814,2,500,15,3000,3000,3000,3000,"fast","control_informative",0.05,2,0.01,"","mtada_aggregated","trait2","bfdr_observed_fdp",0.01,0
20260814,2,500,15,3000,3000,3000,3000,"fast","control_informative",0.05,2,0.01,"","mtada_aggregated","trait2","bfdr_estimate",0.01,1.21244569939449e-10
20260814,2,500,15,3000,3000,3000,3000,"fast","control_informative",0.05,2,0.01,"","mtada_aggregated","trait2","bfdr_power",0.01,0.2
20260814,2,500,15,3000,3000,3000,3000,"fast","control_informative",0.05,2,0.01,"","mtada_aggregated","trait2","bfdr_discoveries",0.01,2
20260814,2,500,15,3000,3000,3000,3000,"fast","control_informative",0.05,2,0.01,"","mtada_aggregated","trait2","bfdr_observed_fdp",0.05,0.333333333333333
20260814,2,500,15,3000,3000,3000,3000,"fast","control_informative",0.05,2,0.01,"","mtada_aggregated","trait2","bfdr_estimate",0.05,0.0273804171874861
20260814,2,500,15,3000,3000,3000,3000,"fast","control_informative",0.05,2,0.01,"","mtada_aggregated","trait2","bfdr_power",0.05,0.2
20260814,2,500,15,3000,3000,3000,3000,"fast","control_informative",0.05,2,0.01,"","mtada_aggregated","trait2","bfdr_discoveries",0.05,3
20260814,2,500,15,3000,3000,3000,3000,"fast","control_informative",0.05,2,0.01,"","mtada_aggregated","trait2","bfdr_observed_fdp",0.1,0.5
20260814,2,500,15,3000,3000,3000,3000,"fast","control_informative",0.05,2,0.01,"","mtada_aggregated","trait2","bfdr_estimate",0.1,0.0577809289881587
20260814,2,500,15,3000,3000,3000,3000,"fast","control_informative",0.05,2,0.01,"","mtada_aggregated","trait2","bfdr_power",0.1,0.2
20260814,2,500,15,3000,3000,3000,3000,"fast","control_informative",0.05,2,0.01,"","mtada_aggregated","trait2","bfdr_discoveries",0.1,4
20260814,2,500,15,3000,3000,3000,3000,"fast","control_informative",0.05,2,0.01,"","mtada_aggregated","trait2","bfdr_observed_fdp",0.2,0.571428571428571
20260814,2,500,15,3000,3000,3000,3000,"fast","control_informative",0.05,2,0.01,"","mtada_aggregated","trait2","bfdr_estimate",0.2,0.174173197604339
20260814,2,500,15,3000,3000,3000,3000,"fast","control_informative",0.05,2,0.01,"","mtada_aggregated","trait2","bfdr_power",0.2,0.3
20260814,2,500,15,3000,3000,3000,3000,"fast","control_informative",0.05,2,0.01,"","mtada_aggregated","trait2","bfdr_discoveries",0.2,7
20260814,2,500,15,3000,3000,3000,3000,"fast","control_informative",0.05,2,0.01,"","mtada_aggregated","pleiotropy","bfdr_observed_fdp",0.01,0
20260814,2,500,15,3000,3000,3000,3000,"fast","control_informative",0.05,2,0.01,"","mtada_aggregated","pleiotropy","bfdr_estimate",0.01,0
20260814,2,500,15,3000,3000,3000,3000,"fast","control_informative",0.05,2,0.01,"","mtada_aggregated","pleiotropy","bfdr_power",0.01,0
20260814,2,500,15,3000,3000,3000,3000,"fast","control_informative",0.05,2,0.01,"","mtada_aggregated","pleiotropy","bfdr_discoveries",0.01,0
20260814,2,500,15,3000,3000,3000,3000,"fast","control_informative",0.05,2,0.01,"","mtada_aggregated","pleiotropy","bfdr_observed_fdp",0.05,0
20260814,2,500,15,3000,3000,3000,3000,"fast","control_informative",0.05,2,0.01,"","mtada_aggregated","pleiotropy","bfdr_estimate",0.05,0
20260814,2,500,15,3000,3000,3000,3000,"fast","control_informative",0.05,2,0.01,"","mtada_aggregated","pleiotropy","bfdr_power",0.05,0
20260814,2,500,15,3000,3000,3000,3000,"fast","control_informative",0.05,2,0.01,"","mtada_aggregated","pleiotropy","bfdr_discoveries",0.05,0
20260814,2,500,15,3000,3000,3000,3000,"fast","control_informative",0.05,2,0.01,"","mtada_aggregated","pleiotropy","bfdr_observed_fdp",0.1,0
20260814,2,500,15,3000,3000,3000,3000,"fast","control_informative",0.05,2,0.01,"","mtada_aggregated","pleiotropy","bfdr_estimate",0.1,0
20260814,2,500,15,3000,3000,3000,3000,"fast","control_informative",0.05,2,0.01,"","mtada_aggregated","pleiotropy","bfdr_power",0.1,0
20260814,2,500,15,3000,3000,3000,3000,"fast","control_informative",0.05,2,0.01,"","mtada_aggregated","pleiotropy","bfdr_discoveries",0.1,0
20260814,2,500,15,3000,3000,3000,3000,"fast","control_informative",0.05,2,0.01,"","mtada_aggregated","pleiotropy","bfdr_observed_fdp",0.2,0
20260814,2,500,15,3000,3000,3000,3000,"fast","control_informative",0.05,2,0.01,"","mtada_aggregated","pleiotropy","bfdr_estimate",0.2,0
20260814,2,500,15,3000,3000,3000,3000,"fast","control_informative",0.05,2,0.01,"","mtada_aggregated","pleiotropy","bfdr_power",0.2,0
20260814,2,500,15,3000,3000,3000,3000,"fast","control_informative",0.05,2,0.01,"","mtada_aggregated","pleiotropy","bfdr_discoveries",0.2,0
20260814,2,500,15,3000,3000,3000,3000,"fast","control_informative",0.05,2,0.01,"","mtada_aggregated","global","runtime_seconds",NA,0.792000000000002
20260814,2,500,15,3000,3000,3000,3000,"fast","control_informative",0.05,2,0.01,"","mtada_aggregated","pleiotropy","pi11_estimate",NA,0.00506028
20260815,3,500,15,3000,3000,3000,3000,"fast","control_informative",0.05,2,0.01,"","mirage_joint","trait1","auc",NA,0.672084210526316
20260815,3,500,15,3000,3000,3000,3000,"fast","control_informative",0.05,2,0.01,"","mirage_joint","trait2","auc",NA,0.55530612244898
20260815,3,500,15,3000,3000,3000,3000,"fast","control_informative",0.05,2,0.01,"","mirage_joint","pleiotropy","auc",NA,0.769292929292929
20260815,3,500,15,3000,3000,3000,3000,"fast","control_informative",0.05,2,0.01,"","mirage_joint","trait1","pp08_power",0.8,0
20260815,3,500,15,3000,3000,3000,3000,"fast","control_informative",0.05,2,0.01,"","mirage_joint","trait1","pp08_fdp",0.8,0
20260815,3,500,15,3000,3000,3000,3000,"fast","control_informative",0.05,2,0.01,"","mirage_joint","trait1","pp08_discoveries",0.8,0
20260815,3,500,15,3000,3000,3000,3000,"fast","control_informative",0.05,2,0.01,"","mirage_joint","trait2","pp08_power",0.8,0
20260815,3,500,15,3000,3000,3000,3000,"fast","control_informative",0.05,2,0.01,"","mirage_joint","trait2","pp08_fdp",0.8,0
20260815,3,500,15,3000,3000,3000,3000,"fast","control_informative",0.05,2,0.01,"","mirage_joint","trait2","pp08_discoveries",0.8,0
20260815,3,500,15,3000,3000,3000,3000,"fast","control_informative",0.05,2,0.01,"","mirage_joint","pleiotropy","pp08_power",0.8,0
20260815,3,500,15,3000,3000,3000,3000,"fast","control_informative",0.05,2,0.01,"","mirage_joint","pleiotropy","pp08_fdp",0.8,0
20260815,3,500,15,3000,3000,3000,3000,"fast","control_informative",0.05,2,0.01,"","mirage_joint","pleiotropy","pp08_discoveries",0.8,0
20260815,3,500,15,3000,3000,3000,3000,"fast","control_informative",0.05,2,0.01,"","mirage_joint","trait1","bfdr_observed_fdp",0.01,0
20260815,3,500,15,3000,3000,3000,3000,"fast","control_informative",0.05,2,0.01,"","mirage_joint","trait1","bfdr_estimate",0.01,0
20260815,3,500,15,3000,3000,3000,3000,"fast","control_informative",0.05,2,0.01,"","mirage_joint","trait1","bfdr_power",0.01,0
20260815,3,500,15,3000,3000,3000,3000,"fast","control_informative",0.05,2,0.01,"","mirage_joint","trait1","bfdr_discoveries",0.01,0
20260815,3,500,15,3000,3000,3000,3000,"fast","control_informative",0.05,2,0.01,"","mirage_joint","trait1","bfdr_observed_fdp",0.05,0
20260815,3,500,15,3000,3000,3000,3000,"fast","control_informative",0.05,2,0.01,"","mirage_joint","trait1","bfdr_estimate",0.05,0
20260815,3,500,15,3000,3000,3000,3000,"fast","control_informative",0.05,2,0.01,"","mirage_joint","trait1","bfdr_power",0.05,0
20260815,3,500,15,3000,3000,3000,3000,"fast","control_informative",0.05,2,0.01,"","mirage_joint","trait1","bfdr_discoveries",0.05,0
20260815,3,500,15,3000,3000,3000,3000,"fast","control_informative",0.05,2,0.01,"","mirage_joint","trait1","bfdr_observed_fdp",0.1,0
20260815,3,500,15,3000,3000,3000,3000,"fast","control_informative",0.05,2,0.01,"","mirage_joint","trait1","bfdr_estimate",0.1,0
20260815,3,500,15,3000,3000,3000,3000,"fast","control_informative",0.05,2,0.01,"","mirage_joint","trait1","bfdr_power",0.1,0
20260815,3,500,15,3000,3000,3000,3000,"fast","control_informative",0.05,2,0.01,"","mirage_joint","trait1","bfdr_discoveries",0.1,0
20260815,3,500,15,3000,3000,3000,3000,"fast","control_informative",0.05,2,0.01,"","mirage_joint","trait1","bfdr_observed_fdp",0.2,0
20260815,3,500,15,3000,3000,3000,3000,"fast","control_informative",0.05,2,0.01,"","mirage_joint","trait1","bfdr_estimate",0.2,0
20260815,3,500,15,3000,3000,3000,3000,"fast","control_informative",0.05,2,0.01,"","mirage_joint","trait1","bfdr_power",0.2,0
20260815,3,500,15,3000,3000,3000,3000,"fast","control_informative",0.05,2,0.01,"","mirage_joint","trait1","bfdr_discoveries",0.2,0
20260815,3,500,15,3000,3000,3000,3000,"fast","control_informative",0.05,2,0.01,"","mirage_joint","trait2","bfdr_observed_fdp",0.01,0
20260815,3,500,15,3000,3000,3000,3000,"fast","control_informative",0.05,2,0.01,"","mirage_joint","trait2","bfdr_estimate",0.01,0
20260815,3,500,15,3000,3000,3000,3000,"fast","control_informative",0.05,2,0.01,"","mirage_joint","trait2","bfdr_power",0.01,0
20260815,3,500,15,3000,3000,3000,3000,"fast","control_informative",0.05,2,0.01,"","mirage_joint","trait2","bfdr_discoveries",0.01,0
20260815,3,500,15,3000,3000,3000,3000,"fast","control_informative",0.05,2,0.01,"","mirage_joint","trait2","bfdr_observed_fdp",0.05,0
20260815,3,500,15,3000,3000,3000,3000,"fast","control_informative",0.05,2,0.01,"","mirage_joint","trait2","bfdr_estimate",0.05,0
20260815,3,500,15,3000,3000,3000,3000,"fast","control_informative",0.05,2,0.01,"","mirage_joint","trait2","bfdr_power",0.05,0
20260815,3,500,15,3000,3000,3000,3000,"fast","control_informative",0.05,2,0.01,"","mirage_joint","trait2","bfdr_discoveries",0.05,0
20260815,3,500,15,3000,3000,3000,3000,"fast","control_informative",0.05,2,0.01,"","mirage_joint","trait2","bfdr_observed_fdp",0.1,0
20260815,3,500,15,3000,3000,3000,3000,"fast","control_informative",0.05,2,0.01,"","mirage_joint","trait2","bfdr_estimate",0.1,0
20260815,3,500,15,3000,3000,3000,3000,"fast","control_informative",0.05,2,0.01,"","mirage_joint","trait2","bfdr_power",0.1,0
20260815,3,500,15,3000,3000,3000,3000,"fast","control_informative",0.05,2,0.01,"","mirage_joint","trait2","bfdr_discoveries",0.1,0
20260815,3,500,15,3000,3000,3000,3000,"fast","control_informative",0.05,2,0.01,"","mirage_joint","trait2","bfdr_observed_fdp",0.2,0
20260815,3,500,15,3000,3000,3000,3000,"fast","control_informative",0.05,2,0.01,"","mirage_joint","trait2","bfdr_estimate",0.2,0
20260815,3,500,15,3000,3000,3000,3000,"fast","control_informative",0.05,2,0.01,"","mirage_joint","trait2","bfdr_power",0.2,0
20260815,3,500,15,3000,3000,3000,3000,"fast","control_informative",0.05,2,0.01,"","mirage_joint","trait2","bfdr_discoveries",0.2,0
20260815,3,500,15,3000,3000,3000,3000,"fast","control_informative",0.05,2,0.01,"","mirage_joint","pleiotropy","bfdr_observed_fdp",0.01,0
20260815,3,500,15,3000,3000,3000,3000,"fast","control_informative",0.05,2,0.01,"","mirage_joint","pleiotropy","bfdr_estimate",0.01,0
20260815,3,500,15,3000,3000,3000,3000,"fast","control_informative",0.05,2,0.01,"","mirage_joint","pleiotropy","bfdr_power",0.01,0
20260815,3,500,15,3000,3000,3000,3000,"fast","control_informative",0.05,2,0.01,"","mirage_joint","pleiotropy","bfdr_discoveries",0.01,0
20260815,3,500,15,3000,3000,3000,3000,"fast","control_informative",0.05,2,0.01,"","mirage_joint","pleiotropy","bfdr_observed_fdp",0.05,0
20260815,3,500,15,3000,3000,3000,3000,"fast","control_informative",0.05,2,0.01,"","mirage_joint","pleiotropy","bfdr_estimate",0.05,0
20260815,3,500,15,3000,3000,3000,3000,"fast","control_informative",0.05,2,0.01,"","mirage_joint","pleiotropy","bfdr_power",0.05,0
20260815,3,500,15,3000,3000,3000,3000,"fast","control_informative",0.05,2,0.01,"","mirage_joint","pleiotropy","bfdr_discoveries",0.05,0
20260815,3,500,15,3000,3000,3000,3000,"fast","control_informative",0.05,2,0.01,"","mirage_joint","pleiotropy","bfdr_observed_fdp",0.1,0
20260815,3,500,15,3000,3000,3000,3000,"fast","control_informative",0.05,2,0.01,"","mirage_joint","pleiotropy","bfdr_estimate",0.1,0
20260815,3,500,15,3000,3000,3000,3000,"fast","control_informative",0.05,2,0.01,"","mirage_joint","pleiotropy","bfdr_power",0.1,0
20260815,3,500,15,3000,3000,3000,3000,"fast","control_informative",0.05,2,0.01,"","mirage_joint","pleiotropy","bfdr_discoveries",0.1,0
20260815,3,500,15,3000,3000,3000,3000,"fast","control_informative",0.05,2,0.01,"","mirage_joint","pleiotropy","bfdr_observed_fdp",0.2,0
20260815,3,500,15,3000,3000,3000,3000,"fast","control_informative",0.05,2,0.01,"","mirage_joint","pleiotropy","bfdr_estimate",0.2,0
20260815,3,500,15,3000,3000,3000,3000,"fast","control_informative",0.05,2,0.01,"","mirage_joint","pleiotropy","bfdr_power",0.2,0
20260815,3,500,15,3000,3000,3000,3000,"fast","control_informative",0.05,2,0.01,"","mirage_joint","pleiotropy","bfdr_discoveries",0.2,0
20260815,3,500,15,3000,3000,3000,3000,"fast","control_informative",0.05,2,0.01,"","mirage_joint","global","runtime_seconds",NA,18.73
20260815,3,500,15,3000,3000,3000,3000,"fast","control_informative",0.05,2,0.01,"","mirage_joint","pleiotropy","pi11_estimate",NA,0.0064298967207954
20260815,3,500,15,3000,3000,3000,3000,"fast","control_informative",0.05,2,0.01,"","separate_mirage","trait1","auc",NA,0.665178947368421
20260815,3,500,15,3000,3000,3000,3000,"fast","control_informative",0.05,2,0.01,"","separate_mirage","trait2","auc",NA,0.549387755102041
20260815,3,500,15,3000,3000,3000,3000,"fast","control_informative",0.05,2,0.01,"","separate_mirage","pleiotropy","auc",NA,0.755959595959596
20260815,3,500,15,3000,3000,3000,3000,"fast","control_informative",0.05,2,0.01,"","separate_mirage","trait1","pp08_power",0.8,0
20260815,3,500,15,3000,3000,3000,3000,"fast","control_informative",0.05,2,0.01,"","separate_mirage","trait1","pp08_fdp",0.8,0
20260815,3,500,15,3000,3000,3000,3000,"fast","control_informative",0.05,2,0.01,"","separate_mirage","trait1","pp08_discoveries",0.8,0
20260815,3,500,15,3000,3000,3000,3000,"fast","control_informative",0.05,2,0.01,"","separate_mirage","trait2","pp08_power",0.8,0
20260815,3,500,15,3000,3000,3000,3000,"fast","control_informative",0.05,2,0.01,"","separate_mirage","trait2","pp08_fdp",0.8,0
20260815,3,500,15,3000,3000,3000,3000,"fast","control_informative",0.05,2,0.01,"","separate_mirage","trait2","pp08_discoveries",0.8,0
20260815,3,500,15,3000,3000,3000,3000,"fast","control_informative",0.05,2,0.01,"","separate_mirage","pleiotropy","pp08_power",0.8,0
20260815,3,500,15,3000,3000,3000,3000,"fast","control_informative",0.05,2,0.01,"","separate_mirage","pleiotropy","pp08_fdp",0.8,0
20260815,3,500,15,3000,3000,3000,3000,"fast","control_informative",0.05,2,0.01,"","separate_mirage","pleiotropy","pp08_discoveries",0.8,0
20260815,3,500,15,3000,3000,3000,3000,"fast","control_informative",0.05,2,0.01,"","separate_mirage","trait1","bfdr_observed_fdp",0.01,0
20260815,3,500,15,3000,3000,3000,3000,"fast","control_informative",0.05,2,0.01,"","separate_mirage","trait1","bfdr_estimate",0.01,0
20260815,3,500,15,3000,3000,3000,3000,"fast","control_informative",0.05,2,0.01,"","separate_mirage","trait1","bfdr_power",0.01,0
20260815,3,500,15,3000,3000,3000,3000,"fast","control_informative",0.05,2,0.01,"","separate_mirage","trait1","bfdr_discoveries",0.01,0
20260815,3,500,15,3000,3000,3000,3000,"fast","control_informative",0.05,2,0.01,"","separate_mirage","trait1","bfdr_observed_fdp",0.05,0
20260815,3,500,15,3000,3000,3000,3000,"fast","control_informative",0.05,2,0.01,"","separate_mirage","trait1","bfdr_estimate",0.05,0
20260815,3,500,15,3000,3000,3000,3000,"fast","control_informative",0.05,2,0.01,"","separate_mirage","trait1","bfdr_power",0.05,0
20260815,3,500,15,3000,3000,3000,3000,"fast","control_informative",0.05,2,0.01,"","separate_mirage","trait1","bfdr_discoveries",0.05,0
20260815,3,500,15,3000,3000,3000,3000,"fast","control_informative",0.05,2,0.01,"","separate_mirage","trait1","bfdr_observed_fdp",0.1,0
20260815,3,500,15,3000,3000,3000,3000,"fast","control_informative",0.05,2,0.01,"","separate_mirage","trait1","bfdr_estimate",0.1,0
20260815,3,500,15,3000,3000,3000,3000,"fast","control_informative",0.05,2,0.01,"","separate_mirage","trait1","bfdr_power",0.1,0
20260815,3,500,15,3000,3000,3000,3000,"fast","control_informative",0.05,2,0.01,"","separate_mirage","trait1","bfdr_discoveries",0.1,0
20260815,3,500,15,3000,3000,3000,3000,"fast","control_informative",0.05,2,0.01,"","separate_mirage","trait1","bfdr_observed_fdp",0.2,0
20260815,3,500,15,3000,3000,3000,3000,"fast","control_informative",0.05,2,0.01,"","separate_mirage","trait1","bfdr_estimate",0.2,0
20260815,3,500,15,3000,3000,3000,3000,"fast","control_informative",0.05,2,0.01,"","separate_mirage","trait1","bfdr_power",0.2,0
20260815,3,500,15,3000,3000,3000,3000,"fast","control_informative",0.05,2,0.01,"","separate_mirage","trait1","bfdr_discoveries",0.2,0
20260815,3,500,15,3000,3000,3000,3000,"fast","control_informative",0.05,2,0.01,"","separate_mirage","trait2","bfdr_observed_fdp",0.01,0
20260815,3,500,15,3000,3000,3000,3000,"fast","control_informative",0.05,2,0.01,"","separate_mirage","trait2","bfdr_estimate",0.01,0
20260815,3,500,15,3000,3000,3000,3000,"fast","control_informative",0.05,2,0.01,"","separate_mirage","trait2","bfdr_power",0.01,0
20260815,3,500,15,3000,3000,3000,3000,"fast","control_informative",0.05,2,0.01,"","separate_mirage","trait2","bfdr_discoveries",0.01,0
20260815,3,500,15,3000,3000,3000,3000,"fast","control_informative",0.05,2,0.01,"","separate_mirage","trait2","bfdr_observed_fdp",0.05,0
20260815,3,500,15,3000,3000,3000,3000,"fast","control_informative",0.05,2,0.01,"","separate_mirage","trait2","bfdr_estimate",0.05,0
20260815,3,500,15,3000,3000,3000,3000,"fast","control_informative",0.05,2,0.01,"","separate_mirage","trait2","bfdr_power",0.05,0
20260815,3,500,15,3000,3000,3000,3000,"fast","control_informative",0.05,2,0.01,"","separate_mirage","trait2","bfdr_discoveries",0.05,0
20260815,3,500,15,3000,3000,3000,3000,"fast","control_informative",0.05,2,0.01,"","separate_mirage","trait2","bfdr_observed_fdp",0.1,0
20260815,3,500,15,3000,3000,3000,3000,"fast","control_informative",0.05,2,0.01,"","separate_mirage","trait2","bfdr_estimate",0.1,0
20260815,3,500,15,3000,3000,3000,3000,"fast","control_informative",0.05,2,0.01,"","separate_mirage","trait2","bfdr_power",0.1,0
20260815,3,500,15,3000,3000,3000,3000,"fast","control_informative",0.05,2,0.01,"","separate_mirage","trait2","bfdr_discoveries",0.1,0
20260815,3,500,15,3000,3000,3000,3000,"fast","control_informative",0.05,2,0.01,"","separate_mirage","trait2","bfdr_observed_fdp",0.2,0
20260815,3,500,15,3000,3000,3000,3000,"fast","control_informative",0.05,2,0.01,"","separate_mirage","trait2","bfdr_estimate",0.2,0
20260815,3,500,15,3000,3000,3000,3000,"fast","control_informative",0.05,2,0.01,"","separate_mirage","trait2","bfdr_power",0.2,0
20260815,3,500,15,3000,3000,3000,3000,"fast","control_informative",0.05,2,0.01,"","separate_mirage","trait2","bfdr_discoveries",0.2,0
20260815,3,500,15,3000,3000,3000,3000,"fast","control_informative",0.05,2,0.01,"","separate_mirage","pleiotropy","bfdr_observed_fdp",0.01,0
20260815,3,500,15,3000,3000,3000,3000,"fast","control_informative",0.05,2,0.01,"","separate_mirage","pleiotropy","bfdr_estimate",0.01,0
20260815,3,500,15,3000,3000,3000,3000,"fast","control_informative",0.05,2,0.01,"","separate_mirage","pleiotropy","bfdr_power",0.01,0
20260815,3,500,15,3000,3000,3000,3000,"fast","control_informative",0.05,2,0.01,"","separate_mirage","pleiotropy","bfdr_discoveries",0.01,0
20260815,3,500,15,3000,3000,3000,3000,"fast","control_informative",0.05,2,0.01,"","separate_mirage","pleiotropy","bfdr_observed_fdp",0.05,0
20260815,3,500,15,3000,3000,3000,3000,"fast","control_informative",0.05,2,0.01,"","separate_mirage","pleiotropy","bfdr_estimate",0.05,0
20260815,3,500,15,3000,3000,3000,3000,"fast","control_informative",0.05,2,0.01,"","separate_mirage","pleiotropy","bfdr_power",0.05,0
20260815,3,500,15,3000,3000,3000,3000,"fast","control_informative",0.05,2,0.01,"","separate_mirage","pleiotropy","bfdr_discoveries",0.05,0
20260815,3,500,15,3000,3000,3000,3000,"fast","control_informative",0.05,2,0.01,"","separate_mirage","pleiotropy","bfdr_observed_fdp",0.1,0
20260815,3,500,15,3000,3000,3000,3000,"fast","control_informative",0.05,2,0.01,"","separate_mirage","pleiotropy","bfdr_estimate",0.1,0
20260815,3,500,15,3000,3000,3000,3000,"fast","control_informative",0.05,2,0.01,"","separate_mirage","pleiotropy","bfdr_power",0.1,0
20260815,3,500,15,3000,3000,3000,3000,"fast","control_informative",0.05,2,0.01,"","separate_mirage","pleiotropy","bfdr_discoveries",0.1,0
20260815,3,500,15,3000,3000,3000,3000,"fast","control_informative",0.05,2,0.01,"","separate_mirage","pleiotropy","bfdr_observed_fdp",0.2,0
20260815,3,500,15,3000,3000,3000,3000,"fast","control_informative",0.05,2,0.01,"","separate_mirage","pleiotropy","bfdr_estimate",0.2,0
20260815,3,500,15,3000,3000,3000,3000,"fast","control_informative",0.05,2,0.01,"","separate_mirage","pleiotropy","bfdr_power",0.2,0
20260815,3,500,15,3000,3000,3000,3000,"fast","control_informative",0.05,2,0.01,"","separate_mirage","pleiotropy","bfdr_discoveries",0.2,0
20260815,3,500,15,3000,3000,3000,3000,"fast","control_informative",0.05,2,0.01,"","separate_mirage","global","runtime_seconds",NA,18.567
20260815,3,500,15,3000,3000,3000,3000,"fast","control_informative",0.05,2,0.01,"","separate_mirage","pleiotropy","pi11_estimate",NA,0.001
20260815,3,500,15,3000,3000,3000,3000,"fast","control_informative",0.05,2,0.01,"","mtada_aggregated","trait1","auc",NA,0.719915789473684
20260815,3,500,15,3000,3000,3000,3000,"fast","control_informative",0.05,2,0.01,"","mtada_aggregated","trait2","auc",NA,0.629591836734694
20260815,3,500,15,3000,3000,3000,3000,"fast","control_informative",0.05,2,0.01,"","mtada_aggregated","pleiotropy","auc",NA,0.863434343434343
20260815,3,500,15,3000,3000,3000,3000,"fast","control_informative",0.05,2,0.01,"","mtada_aggregated","trait1","pp08_power",0.8,0.2
20260815,3,500,15,3000,3000,3000,3000,"fast","control_informative",0.05,2,0.01,"","mtada_aggregated","trait1","pp08_fdp",0.8,0.285714285714286
20260815,3,500,15,3000,3000,3000,3000,"fast","control_informative",0.05,2,0.01,"","mtada_aggregated","trait1","pp08_discoveries",0.8,7
20260815,3,500,15,3000,3000,3000,3000,"fast","control_informative",0.05,2,0.01,"","mtada_aggregated","trait2","pp08_power",0.8,0
20260815,3,500,15,3000,3000,3000,3000,"fast","control_informative",0.05,2,0.01,"","mtada_aggregated","trait2","pp08_fdp",0.8,0
20260815,3,500,15,3000,3000,3000,3000,"fast","control_informative",0.05,2,0.01,"","mtada_aggregated","trait2","pp08_discoveries",0.8,0
20260815,3,500,15,3000,3000,3000,3000,"fast","control_informative",0.05,2,0.01,"","mtada_aggregated","pleiotropy","pp08_power",0.8,0
20260815,3,500,15,3000,3000,3000,3000,"fast","control_informative",0.05,2,0.01,"","mtada_aggregated","pleiotropy","pp08_fdp",0.8,0
20260815,3,500,15,3000,3000,3000,3000,"fast","control_informative",0.05,2,0.01,"","mtada_aggregated","pleiotropy","pp08_discoveries",0.8,0
20260815,3,500,15,3000,3000,3000,3000,"fast","control_informative",0.05,2,0.01,"","mtada_aggregated","trait1","bfdr_observed_fdp",0.01,0
20260815,3,500,15,3000,3000,3000,3000,"fast","control_informative",0.05,2,0.01,"","mtada_aggregated","trait1","bfdr_estimate",0.01,0.0082588120173703
20260815,3,500,15,3000,3000,3000,3000,"fast","control_informative",0.05,2,0.01,"","mtada_aggregated","trait1","bfdr_power",0.01,0.12
20260815,3,500,15,3000,3000,3000,3000,"fast","control_informative",0.05,2,0.01,"","mtada_aggregated","trait1","bfdr_discoveries",0.01,3
20260815,3,500,15,3000,3000,3000,3000,"fast","control_informative",0.05,2,0.01,"","mtada_aggregated","trait1","bfdr_observed_fdp",0.05,0.2
20260815,3,500,15,3000,3000,3000,3000,"fast","control_informative",0.05,2,0.01,"","mtada_aggregated","trait1","bfdr_estimate",0.05,0.0314068782325648
20260815,3,500,15,3000,3000,3000,3000,"fast","control_informative",0.05,2,0.01,"","mtada_aggregated","trait1","bfdr_power",0.05,0.16
20260815,3,500,15,3000,3000,3000,3000,"fast","control_informative",0.05,2,0.01,"","mtada_aggregated","trait1","bfdr_discoveries",0.05,5
20260815,3,500,15,3000,3000,3000,3000,"fast","control_informative",0.05,2,0.01,"","mtada_aggregated","trait1","bfdr_observed_fdp",0.1,0.375
20260815,3,500,15,3000,3000,3000,3000,"fast","control_informative",0.05,2,0.01,"","mtada_aggregated","trait1","bfdr_estimate",0.1,0.0917190188147893
20260815,3,500,15,3000,3000,3000,3000,"fast","control_informative",0.05,2,0.01,"","mtada_aggregated","trait1","bfdr_power",0.1,0.2
20260815,3,500,15,3000,3000,3000,3000,"fast","control_informative",0.05,2,0.01,"","mtada_aggregated","trait1","bfdr_discoveries",0.1,8
20260815,3,500,15,3000,3000,3000,3000,"fast","control_informative",0.05,2,0.01,"","mtada_aggregated","trait1","bfdr_observed_fdp",0.2,0.363636363636364
20260815,3,500,15,3000,3000,3000,3000,"fast","control_informative",0.05,2,0.01,"","mtada_aggregated","trait1","bfdr_estimate",0.2,0.194495538072553
20260815,3,500,15,3000,3000,3000,3000,"fast","control_informative",0.05,2,0.01,"","mtada_aggregated","trait1","bfdr_power",0.2,0.28
20260815,3,500,15,3000,3000,3000,3000,"fast","control_informative",0.05,2,0.01,"","mtada_aggregated","trait1","bfdr_discoveries",0.2,11
20260815,3,500,15,3000,3000,3000,3000,"fast","control_informative",0.05,2,0.01,"","mtada_aggregated","trait2","bfdr_observed_fdp",0.01,0
20260815,3,500,15,3000,3000,3000,3000,"fast","control_informative",0.05,2,0.01,"","mtada_aggregated","trait2","bfdr_estimate",0.01,0
20260815,3,500,15,3000,3000,3000,3000,"fast","control_informative",0.05,2,0.01,"","mtada_aggregated","trait2","bfdr_power",0.01,0
20260815,3,500,15,3000,3000,3000,3000,"fast","control_informative",0.05,2,0.01,"","mtada_aggregated","trait2","bfdr_discoveries",0.01,0
20260815,3,500,15,3000,3000,3000,3000,"fast","control_informative",0.05,2,0.01,"","mtada_aggregated","trait2","bfdr_observed_fdp",0.05,0
20260815,3,500,15,3000,3000,3000,3000,"fast","control_informative",0.05,2,0.01,"","mtada_aggregated","trait2","bfdr_estimate",0.05,0
20260815,3,500,15,3000,3000,3000,3000,"fast","control_informative",0.05,2,0.01,"","mtada_aggregated","trait2","bfdr_power",0.05,0
20260815,3,500,15,3000,3000,3000,3000,"fast","control_informative",0.05,2,0.01,"","mtada_aggregated","trait2","bfdr_discoveries",0.05,0
20260815,3,500,15,3000,3000,3000,3000,"fast","control_informative",0.05,2,0.01,"","mtada_aggregated","trait2","bfdr_observed_fdp",0.1,0
20260815,3,500,15,3000,3000,3000,3000,"fast","control_informative",0.05,2,0.01,"","mtada_aggregated","trait2","bfdr_estimate",0.1,0
20260815,3,500,15,3000,3000,3000,3000,"fast","control_informative",0.05,2,0.01,"","mtada_aggregated","trait2","bfdr_power",0.1,0
20260815,3,500,15,3000,3000,3000,3000,"fast","control_informative",0.05,2,0.01,"","mtada_aggregated","trait2","bfdr_discoveries",0.1,0
20260815,3,500,15,3000,3000,3000,3000,"fast","control_informative",0.05,2,0.01,"","mtada_aggregated","trait2","bfdr_observed_fdp",0.2,0
20260815,3,500,15,3000,3000,3000,3000,"fast","control_informative",0.05,2,0.01,"","mtada_aggregated","trait2","bfdr_estimate",0.2,0
20260815,3,500,15,3000,3000,3000,3000,"fast","control_informative",0.05,2,0.01,"","mtada_aggregated","trait2","bfdr_power",0.2,0
20260815,3,500,15,3000,3000,3000,3000,"fast","control_informative",0.05,2,0.01,"","mtada_aggregated","trait2","bfdr_discoveries",0.2,0
20260815,3,500,15,3000,3000,3000,3000,"fast","control_informative",0.05,2,0.01,"","mtada_aggregated","pleiotropy","bfdr_observed_fdp",0.01,0
20260815,3,500,15,3000,3000,3000,3000,"fast","control_informative",0.05,2,0.01,"","mtada_aggregated","pleiotropy","bfdr_estimate",0.01,0
20260815,3,500,15,3000,3000,3000,3000,"fast","control_informative",0.05,2,0.01,"","mtada_aggregated","pleiotropy","bfdr_power",0.01,0
20260815,3,500,15,3000,3000,3000,3000,"fast","control_informative",0.05,2,0.01,"","mtada_aggregated","pleiotropy","bfdr_discoveries",0.01,0
20260815,3,500,15,3000,3000,3000,3000,"fast","control_informative",0.05,2,0.01,"","mtada_aggregated","pleiotropy","bfdr_observed_fdp",0.05,0
20260815,3,500,15,3000,3000,3000,3000,"fast","control_informative",0.05,2,0.01,"","mtada_aggregated","pleiotropy","bfdr_estimate",0.05,0
20260815,3,500,15,3000,3000,3000,3000,"fast","control_informative",0.05,2,0.01,"","mtada_aggregated","pleiotropy","bfdr_power",0.05,0
20260815,3,500,15,3000,3000,3000,3000,"fast","control_informative",0.05,2,0.01,"","mtada_aggregated","pleiotropy","bfdr_discoveries",0.05,0
20260815,3,500,15,3000,3000,3000,3000,"fast","control_informative",0.05,2,0.01,"","mtada_aggregated","pleiotropy","bfdr_observed_fdp",0.1,0
20260815,3,500,15,3000,3000,3000,3000,"fast","control_informative",0.05,2,0.01,"","mtada_aggregated","pleiotropy","bfdr_estimate",0.1,0
20260815,3,500,15,3000,3000,3000,3000,"fast","control_informative",0.05,2,0.01,"","mtada_aggregated","pleiotropy","bfdr_power",0.1,0
20260815,3,500,15,3000,3000,3000,3000,"fast","control_informative",0.05,2,0.01,"","mtada_aggregated","pleiotropy","bfdr_discoveries",0.1,0
20260815,3,500,15,3000,3000,3000,3000,"fast","control_informative",0.05,2,0.01,"","mtada_aggregated","pleiotropy","bfdr_observed_fdp",0.2,0
20260815,3,500,15,3000,3000,3000,3000,"fast","control_informative",0.05,2,0.01,"","mtada_aggregated","pleiotropy","bfdr_estimate",0.2,0
20260815,3,500,15,3000,3000,3000,3000,"fast","control_informative",0.05,2,0.01,"","mtada_aggregated","pleiotropy","bfdr_power",0.2,0
20260815,3,500,15,3000,3000,3000,3000,"fast","control_informative",0.05,2,0.01,"","mtada_aggregated","pleiotropy","bfdr_discoveries",0.2,0
20260815,3,500,15,3000,3000,3000,3000,"fast","control_informative",0.05,2,0.01,"","mtada_aggregated","global","runtime_seconds",NA,0.686000000000007
20260815,3,500,15,3000,3000,3000,3000,"fast","control_informative",0.05,2,0.01,"","mtada_aggregated","pleiotropy","pi11_estimate",NA,0.00133539
20260816,4,500,15,3000,3000,3000,3000,"fast","control_informative",0.05,2,0.01,"","mirage_joint","trait1","auc",NA,0.654736842105263
20260816,4,500,15,3000,3000,3000,3000,"fast","control_informative",0.05,2,0.01,"","mirage_joint","trait2","auc",NA,0.723877551020408
20260816,4,500,15,3000,3000,3000,3000,"fast","control_informative",0.05,2,0.01,"","mirage_joint","pleiotropy","auc",NA,0.730909090909091
20260816,4,500,15,3000,3000,3000,3000,"fast","control_informative",0.05,2,0.01,"","mirage_joint","trait1","pp08_power",0.8,0.08
20260816,4,500,15,3000,3000,3000,3000,"fast","control_informative",0.05,2,0.01,"","mirage_joint","trait1","pp08_fdp",0.8,0.333333333333333
20260816,4,500,15,3000,3000,3000,3000,"fast","control_informative",0.05,2,0.01,"","mirage_joint","trait1","pp08_discoveries",0.8,3
20260816,4,500,15,3000,3000,3000,3000,"fast","control_informative",0.05,2,0.01,"","mirage_joint","trait2","pp08_power",0.8,0.2
20260816,4,500,15,3000,3000,3000,3000,"fast","control_informative",0.05,2,0.01,"","mirage_joint","trait2","pp08_fdp",0.8,0
20260816,4,500,15,3000,3000,3000,3000,"fast","control_informative",0.05,2,0.01,"","mirage_joint","trait2","pp08_discoveries",0.8,2
20260816,4,500,15,3000,3000,3000,3000,"fast","control_informative",0.05,2,0.01,"","mirage_joint","pleiotropy","pp08_power",0.8,0.2
20260816,4,500,15,3000,3000,3000,3000,"fast","control_informative",0.05,2,0.01,"","mirage_joint","pleiotropy","pp08_fdp",0.8,0
20260816,4,500,15,3000,3000,3000,3000,"fast","control_informative",0.05,2,0.01,"","mirage_joint","pleiotropy","pp08_discoveries",0.8,1
20260816,4,500,15,3000,3000,3000,3000,"fast","control_informative",0.05,2,0.01,"","mirage_joint","trait1","bfdr_observed_fdp",0.01,0
20260816,4,500,15,3000,3000,3000,3000,"fast","control_informative",0.05,2,0.01,"","mirage_joint","trait1","bfdr_estimate",0.01,0.0087013125865949
20260816,4,500,15,3000,3000,3000,3000,"fast","control_informative",0.05,2,0.01,"","mirage_joint","trait1","bfdr_power",0.01,0.04
20260816,4,500,15,3000,3000,3000,3000,"fast","control_informative",0.05,2,0.01,"","mirage_joint","trait1","bfdr_discoveries",0.01,1
20260816,4,500,15,3000,3000,3000,3000,"fast","control_informative",0.05,2,0.01,"","mirage_joint","trait1","bfdr_observed_fdp",0.05,0
20260816,4,500,15,3000,3000,3000,3000,"fast","control_informative",0.05,2,0.01,"","mirage_joint","trait1","bfdr_estimate",0.05,0.0087013125865949
20260816,4,500,15,3000,3000,3000,3000,"fast","control_informative",0.05,2,0.01,"","mirage_joint","trait1","bfdr_power",0.05,0.04
20260816,4,500,15,3000,3000,3000,3000,"fast","control_informative",0.05,2,0.01,"","mirage_joint","trait1","bfdr_discoveries",0.05,1
20260816,4,500,15,3000,3000,3000,3000,"fast","control_informative",0.05,2,0.01,"","mirage_joint","trait1","bfdr_observed_fdp",0.1,0.5
20260816,4,500,15,3000,3000,3000,3000,"fast","control_informative",0.05,2,0.01,"","mirage_joint","trait1","bfdr_estimate",0.1,0.0901657401680617
20260816,4,500,15,3000,3000,3000,3000,"fast","control_informative",0.05,2,0.01,"","mirage_joint","trait1","bfdr_power",0.1,0.04
20260816,4,500,15,3000,3000,3000,3000,"fast","control_informative",0.05,2,0.01,"","mirage_joint","trait1","bfdr_discoveries",0.1,2
20260816,4,500,15,3000,3000,3000,3000,"fast","control_informative",0.05,2,0.01,"","mirage_joint","trait1","bfdr_observed_fdp",0.2,0.2
20260816,4,500,15,3000,3000,3000,3000,"fast","control_informative",0.05,2,0.01,"","mirage_joint","trait1","bfdr_estimate",0.2,0.174862539736877
20260816,4,500,15,3000,3000,3000,3000,"fast","control_informative",0.05,2,0.01,"","mirage_joint","trait1","bfdr_power",0.2,0.16
20260816,4,500,15,3000,3000,3000,3000,"fast","control_informative",0.05,2,0.01,"","mirage_joint","trait1","bfdr_discoveries",0.2,5
20260816,4,500,15,3000,3000,3000,3000,"fast","control_informative",0.05,2,0.01,"","mirage_joint","trait2","bfdr_observed_fdp",0.01,0
20260816,4,500,15,3000,3000,3000,3000,"fast","control_informative",0.05,2,0.01,"","mirage_joint","trait2","bfdr_estimate",0.01,0
20260816,4,500,15,3000,3000,3000,3000,"fast","control_informative",0.05,2,0.01,"","mirage_joint","trait2","bfdr_power",0.01,0
20260816,4,500,15,3000,3000,3000,3000,"fast","control_informative",0.05,2,0.01,"","mirage_joint","trait2","bfdr_discoveries",0.01,0
20260816,4,500,15,3000,3000,3000,3000,"fast","control_informative",0.05,2,0.01,"","mirage_joint","trait2","bfdr_observed_fdp",0.05,0
20260816,4,500,15,3000,3000,3000,3000,"fast","control_informative",0.05,2,0.01,"","mirage_joint","trait2","bfdr_estimate",0.05,0.0400171818470461
20260816,4,500,15,3000,3000,3000,3000,"fast","control_informative",0.05,2,0.01,"","mirage_joint","trait2","bfdr_power",0.05,0.1
20260816,4,500,15,3000,3000,3000,3000,"fast","control_informative",0.05,2,0.01,"","mirage_joint","trait2","bfdr_discoveries",0.05,1
20260816,4,500,15,3000,3000,3000,3000,"fast","control_informative",0.05,2,0.01,"","mirage_joint","trait2","bfdr_observed_fdp",0.1,0
20260816,4,500,15,3000,3000,3000,3000,"fast","control_informative",0.05,2,0.01,"","mirage_joint","trait2","bfdr_estimate",0.1,0.0400171818470461
20260816,4,500,15,3000,3000,3000,3000,"fast","control_informative",0.05,2,0.01,"","mirage_joint","trait2","bfdr_power",0.1,0.1
20260816,4,500,15,3000,3000,3000,3000,"fast","control_informative",0.05,2,0.01,"","mirage_joint","trait2","bfdr_discoveries",0.1,1
20260816,4,500,15,3000,3000,3000,3000,"fast","control_informative",0.05,2,0.01,"","mirage_joint","trait2","bfdr_observed_fdp",0.2,0.333333333333333
20260816,4,500,15,3000,3000,3000,3000,"fast","control_informative",0.05,2,0.01,"","mirage_joint","trait2","bfdr_estimate",0.2,0.1565619997085
20260816,4,500,15,3000,3000,3000,3000,"fast","control_informative",0.05,2,0.01,"","mirage_joint","trait2","bfdr_power",0.2,0.2
20260816,4,500,15,3000,3000,3000,3000,"fast","control_informative",0.05,2,0.01,"","mirage_joint","trait2","bfdr_discoveries",0.2,3
20260816,4,500,15,3000,3000,3000,3000,"fast","control_informative",0.05,2,0.01,"","mirage_joint","pleiotropy","bfdr_observed_fdp",0.01,0
20260816,4,500,15,3000,3000,3000,3000,"fast","control_informative",0.05,2,0.01,"","mirage_joint","pleiotropy","bfdr_estimate",0.01,0
20260816,4,500,15,3000,3000,3000,3000,"fast","control_informative",0.05,2,0.01,"","mirage_joint","pleiotropy","bfdr_power",0.01,0
20260816,4,500,15,3000,3000,3000,3000,"fast","control_informative",0.05,2,0.01,"","mirage_joint","pleiotropy","bfdr_discoveries",0.01,0
20260816,4,500,15,3000,3000,3000,3000,"fast","control_informative",0.05,2,0.01,"","mirage_joint","pleiotropy","bfdr_observed_fdp",0.05,0
20260816,4,500,15,3000,3000,3000,3000,"fast","control_informative",0.05,2,0.01,"","mirage_joint","pleiotropy","bfdr_estimate",0.05,0.0428652359085778
20260816,4,500,15,3000,3000,3000,3000,"fast","control_informative",0.05,2,0.01,"","mirage_joint","pleiotropy","bfdr_power",0.05,0.2
20260816,4,500,15,3000,3000,3000,3000,"fast","control_informative",0.05,2,0.01,"","mirage_joint","pleiotropy","bfdr_discoveries",0.05,1
20260816,4,500,15,3000,3000,3000,3000,"fast","control_informative",0.05,2,0.01,"","mirage_joint","pleiotropy","bfdr_observed_fdp",0.1,0
20260816,4,500,15,3000,3000,3000,3000,"fast","control_informative",0.05,2,0.01,"","mirage_joint","pleiotropy","bfdr_estimate",0.1,0.0428652359085778
20260816,4,500,15,3000,3000,3000,3000,"fast","control_informative",0.05,2,0.01,"","mirage_joint","pleiotropy","bfdr_power",0.1,0.2
20260816,4,500,15,3000,3000,3000,3000,"fast","control_informative",0.05,2,0.01,"","mirage_joint","pleiotropy","bfdr_discoveries",0.1,1
20260816,4,500,15,3000,3000,3000,3000,"fast","control_informative",0.05,2,0.01,"","mirage_joint","pleiotropy","bfdr_observed_fdp",0.2,0
20260816,4,500,15,3000,3000,3000,3000,"fast","control_informative",0.05,2,0.01,"","mirage_joint","pleiotropy","bfdr_estimate",0.2,0.0428652359085778
20260816,4,500,15,3000,3000,3000,3000,"fast","control_informative",0.05,2,0.01,"","mirage_joint","pleiotropy","bfdr_power",0.2,0.2
20260816,4,500,15,3000,3000,3000,3000,"fast","control_informative",0.05,2,0.01,"","mirage_joint","pleiotropy","bfdr_discoveries",0.2,1
20260816,4,500,15,3000,3000,3000,3000,"fast","control_informative",0.05,2,0.01,"","mirage_joint","global","runtime_seconds",NA,18.243
20260816,4,500,15,3000,3000,3000,3000,"fast","control_informative",0.05,2,0.01,"","mirage_joint","pleiotropy","pi11_estimate",NA,0.0535265252896106
20260816,4,500,15,3000,3000,3000,3000,"fast","control_informative",0.05,2,0.01,"","separate_mirage","trait1","auc",NA,0.665263157894737
20260816,4,500,15,3000,3000,3000,3000,"fast","control_informative",0.05,2,0.01,"","separate_mirage","trait2","auc",NA,0.68
20260816,4,500,15,3000,3000,3000,3000,"fast","control_informative",0.05,2,0.01,"","separate_mirage","pleiotropy","auc",NA,0.645656565656566
20260816,4,500,15,3000,3000,3000,3000,"fast","control_informative",0.05,2,0.01,"","separate_mirage","trait1","pp08_power",0.8,0.08
20260816,4,500,15,3000,3000,3000,3000,"fast","control_informative",0.05,2,0.01,"","separate_mirage","trait1","pp08_fdp",0.8,0.333333333333333
20260816,4,500,15,3000,3000,3000,3000,"fast","control_informative",0.05,2,0.01,"","separate_mirage","trait1","pp08_discoveries",0.8,3
20260816,4,500,15,3000,3000,3000,3000,"fast","control_informative",0.05,2,0.01,"","separate_mirage","trait2","pp08_power",0.8,0
20260816,4,500,15,3000,3000,3000,3000,"fast","control_informative",0.05,2,0.01,"","separate_mirage","trait2","pp08_fdp",0.8,0
20260816,4,500,15,3000,3000,3000,3000,"fast","control_informative",0.05,2,0.01,"","separate_mirage","trait2","pp08_discoveries",0.8,0
20260816,4,500,15,3000,3000,3000,3000,"fast","control_informative",0.05,2,0.01,"","separate_mirage","pleiotropy","pp08_power",0.8,0
20260816,4,500,15,3000,3000,3000,3000,"fast","control_informative",0.05,2,0.01,"","separate_mirage","pleiotropy","pp08_fdp",0.8,0
20260816,4,500,15,3000,3000,3000,3000,"fast","control_informative",0.05,2,0.01,"","separate_mirage","pleiotropy","pp08_discoveries",0.8,0
20260816,4,500,15,3000,3000,3000,3000,"fast","control_informative",0.05,2,0.01,"","separate_mirage","trait1","bfdr_observed_fdp",0.01,0
20260816,4,500,15,3000,3000,3000,3000,"fast","control_informative",0.05,2,0.01,"","separate_mirage","trait1","bfdr_estimate",0.01,0
20260816,4,500,15,3000,3000,3000,3000,"fast","control_informative",0.05,2,0.01,"","separate_mirage","trait1","bfdr_power",0.01,0
20260816,4,500,15,3000,3000,3000,3000,"fast","control_informative",0.05,2,0.01,"","separate_mirage","trait1","bfdr_discoveries",0.01,0
20260816,4,500,15,3000,3000,3000,3000,"fast","control_informative",0.05,2,0.01,"","separate_mirage","trait1","bfdr_observed_fdp",0.05,0
20260816,4,500,15,3000,3000,3000,3000,"fast","control_informative",0.05,2,0.01,"","separate_mirage","trait1","bfdr_estimate",0.05,0
20260816,4,500,15,3000,3000,3000,3000,"fast","control_informative",0.05,2,0.01,"","separate_mirage","trait1","bfdr_power",0.05,0
20260816,4,500,15,3000,3000,3000,3000,"fast","control_informative",0.05,2,0.01,"","separate_mirage","trait1","bfdr_discoveries",0.05,0
20260816,4,500,15,3000,3000,3000,3000,"fast","control_informative",0.05,2,0.01,"","separate_mirage","trait1","bfdr_observed_fdp",0.1,0
20260816,4,500,15,3000,3000,3000,3000,"fast","control_informative",0.05,2,0.01,"","separate_mirage","trait1","bfdr_estimate",0.1,0.0904727951007565
20260816,4,500,15,3000,3000,3000,3000,"fast","control_informative",0.05,2,0.01,"","separate_mirage","trait1","bfdr_power",0.1,0.08
20260816,4,500,15,3000,3000,3000,3000,"fast","control_informative",0.05,2,0.01,"","separate_mirage","trait1","bfdr_discoveries",0.1,2
20260816,4,500,15,3000,3000,3000,3000,"fast","control_informative",0.05,2,0.01,"","separate_mirage","trait1","bfdr_observed_fdp",0.2,0.2
20260816,4,500,15,3000,3000,3000,3000,"fast","control_informative",0.05,2,0.01,"","separate_mirage","trait1","bfdr_estimate",0.2,0.166195173519626
20260816,4,500,15,3000,3000,3000,3000,"fast","control_informative",0.05,2,0.01,"","separate_mirage","trait1","bfdr_power",0.2,0.16
20260816,4,500,15,3000,3000,3000,3000,"fast","control_informative",0.05,2,0.01,"","separate_mirage","trait1","bfdr_discoveries",0.2,5
20260816,4,500,15,3000,3000,3000,3000,"fast","control_informative",0.05,2,0.01,"","separate_mirage","trait2","bfdr_observed_fdp",0.01,0
20260816,4,500,15,3000,3000,3000,3000,"fast","control_informative",0.05,2,0.01,"","separate_mirage","trait2","bfdr_estimate",0.01,0
20260816,4,500,15,3000,3000,3000,3000,"fast","control_informative",0.05,2,0.01,"","separate_mirage","trait2","bfdr_power",0.01,0
20260816,4,500,15,3000,3000,3000,3000,"fast","control_informative",0.05,2,0.01,"","separate_mirage","trait2","bfdr_discoveries",0.01,0
20260816,4,500,15,3000,3000,3000,3000,"fast","control_informative",0.05,2,0.01,"","separate_mirage","trait2","bfdr_observed_fdp",0.05,0
20260816,4,500,15,3000,3000,3000,3000,"fast","control_informative",0.05,2,0.01,"","separate_mirage","trait2","bfdr_estimate",0.05,0
20260816,4,500,15,3000,3000,3000,3000,"fast","control_informative",0.05,2,0.01,"","separate_mirage","trait2","bfdr_power",0.05,0
20260816,4,500,15,3000,3000,3000,3000,"fast","control_informative",0.05,2,0.01,"","separate_mirage","trait2","bfdr_discoveries",0.05,0
20260816,4,500,15,3000,3000,3000,3000,"fast","control_informative",0.05,2,0.01,"","separate_mirage","trait2","bfdr_observed_fdp",0.1,0
20260816,4,500,15,3000,3000,3000,3000,"fast","control_informative",0.05,2,0.01,"","separate_mirage","trait2","bfdr_estimate",0.1,0
20260816,4,500,15,3000,3000,3000,3000,"fast","control_informative",0.05,2,0.01,"","separate_mirage","trait2","bfdr_power",0.1,0
20260816,4,500,15,3000,3000,3000,3000,"fast","control_informative",0.05,2,0.01,"","separate_mirage","trait2","bfdr_discoveries",0.1,0
20260816,4,500,15,3000,3000,3000,3000,"fast","control_informative",0.05,2,0.01,"","separate_mirage","trait2","bfdr_observed_fdp",0.2,0
20260816,4,500,15,3000,3000,3000,3000,"fast","control_informative",0.05,2,0.01,"","separate_mirage","trait2","bfdr_estimate",0.2,0
20260816,4,500,15,3000,3000,3000,3000,"fast","control_informative",0.05,2,0.01,"","separate_mirage","trait2","bfdr_power",0.2,0
20260816,4,500,15,3000,3000,3000,3000,"fast","control_informative",0.05,2,0.01,"","separate_mirage","trait2","bfdr_discoveries",0.2,0
20260816,4,500,15,3000,3000,3000,3000,"fast","control_informative",0.05,2,0.01,"","separate_mirage","pleiotropy","bfdr_observed_fdp",0.01,0
20260816,4,500,15,3000,3000,3000,3000,"fast","control_informative",0.05,2,0.01,"","separate_mirage","pleiotropy","bfdr_estimate",0.01,0
20260816,4,500,15,3000,3000,3000,3000,"fast","control_informative",0.05,2,0.01,"","separate_mirage","pleiotropy","bfdr_power",0.01,0
20260816,4,500,15,3000,3000,3000,3000,"fast","control_informative",0.05,2,0.01,"","separate_mirage","pleiotropy","bfdr_discoveries",0.01,0
20260816,4,500,15,3000,3000,3000,3000,"fast","control_informative",0.05,2,0.01,"","separate_mirage","pleiotropy","bfdr_observed_fdp",0.05,0
20260816,4,500,15,3000,3000,3000,3000,"fast","control_informative",0.05,2,0.01,"","separate_mirage","pleiotropy","bfdr_estimate",0.05,0
20260816,4,500,15,3000,3000,3000,3000,"fast","control_informative",0.05,2,0.01,"","separate_mirage","pleiotropy","bfdr_power",0.05,0
20260816,4,500,15,3000,3000,3000,3000,"fast","control_informative",0.05,2,0.01,"","separate_mirage","pleiotropy","bfdr_discoveries",0.05,0
20260816,4,500,15,3000,3000,3000,3000,"fast","control_informative",0.05,2,0.01,"","separate_mirage","pleiotropy","bfdr_observed_fdp",0.1,0
20260816,4,500,15,3000,3000,3000,3000,"fast","control_informative",0.05,2,0.01,"","separate_mirage","pleiotropy","bfdr_estimate",0.1,0
20260816,4,500,15,3000,3000,3000,3000,"fast","control_informative",0.05,2,0.01,"","separate_mirage","pleiotropy","bfdr_power",0.1,0
20260816,4,500,15,3000,3000,3000,3000,"fast","control_informative",0.05,2,0.01,"","separate_mirage","pleiotropy","bfdr_discoveries",0.1,0
20260816,4,500,15,3000,3000,3000,3000,"fast","control_informative",0.05,2,0.01,"","separate_mirage","pleiotropy","bfdr_observed_fdp",0.2,0
20260816,4,500,15,3000,3000,3000,3000,"fast","control_informative",0.05,2,0.01,"","separate_mirage","pleiotropy","bfdr_estimate",0.2,0
20260816,4,500,15,3000,3000,3000,3000,"fast","control_informative",0.05,2,0.01,"","separate_mirage","pleiotropy","bfdr_power",0.2,0
20260816,4,500,15,3000,3000,3000,3000,"fast","control_informative",0.05,2,0.01,"","separate_mirage","pleiotropy","bfdr_discoveries",0.2,0
20260816,4,500,15,3000,3000,3000,3000,"fast","control_informative",0.05,2,0.01,"","separate_mirage","global","runtime_seconds",NA,18.068
20260816,4,500,15,3000,3000,3000,3000,"fast","control_informative",0.05,2,0.01,"","separate_mirage","pleiotropy","pi11_estimate",NA,0.001
20260816,4,500,15,3000,3000,3000,3000,"fast","control_informative",0.05,2,0.01,"","mtada_aggregated","trait1","auc",NA,0.7584
20260816,4,500,15,3000,3000,3000,3000,"fast","control_informative",0.05,2,0.01,"","mtada_aggregated","trait2","auc",NA,0.865510204081633
20260816,4,500,15,3000,3000,3000,3000,"fast","control_informative",0.05,2,0.01,"","mtada_aggregated","pleiotropy","auc",NA,0.88969696969697
20260816,4,500,15,3000,3000,3000,3000,"fast","control_informative",0.05,2,0.01,"","mtada_aggregated","trait1","pp08_power",0.8,0.2
20260816,4,500,15,3000,3000,3000,3000,"fast","control_informative",0.05,2,0.01,"","mtada_aggregated","trait1","pp08_fdp",0.8,0.285714285714286
20260816,4,500,15,3000,3000,3000,3000,"fast","control_informative",0.05,2,0.01,"","mtada_aggregated","trait1","pp08_discoveries",0.8,7
20260816,4,500,15,3000,3000,3000,3000,"fast","control_informative",0.05,2,0.01,"","mtada_aggregated","trait2","pp08_power",0.8,0.2
20260816,4,500,15,3000,3000,3000,3000,"fast","control_informative",0.05,2,0.01,"","mtada_aggregated","trait2","pp08_fdp",0.8,0.333333333333333
20260816,4,500,15,3000,3000,3000,3000,"fast","control_informative",0.05,2,0.01,"","mtada_aggregated","trait2","pp08_discoveries",0.8,3
20260816,4,500,15,3000,3000,3000,3000,"fast","control_informative",0.05,2,0.01,"","mtada_aggregated","pleiotropy","pp08_power",0.8,0.2
20260816,4,500,15,3000,3000,3000,3000,"fast","control_informative",0.05,2,0.01,"","mtada_aggregated","pleiotropy","pp08_fdp",0.8,0
20260816,4,500,15,3000,3000,3000,3000,"fast","control_informative",0.05,2,0.01,"","mtada_aggregated","pleiotropy","pp08_discoveries",0.8,1
20260816,4,500,15,3000,3000,3000,3000,"fast","control_informative",0.05,2,0.01,"","mtada_aggregated","trait1","bfdr_observed_fdp",0.01,0
20260816,4,500,15,3000,3000,3000,3000,"fast","control_informative",0.05,2,0.01,"","mtada_aggregated","trait1","bfdr_estimate",0.01,0.00454044581802496
20260816,4,500,15,3000,3000,3000,3000,"fast","control_informative",0.05,2,0.01,"","mtada_aggregated","trait1","bfdr_power",0.01,0.16
20260816,4,500,15,3000,3000,3000,3000,"fast","control_informative",0.05,2,0.01,"","mtada_aggregated","trait1","bfdr_discoveries",0.01,4
20260816,4,500,15,3000,3000,3000,3000,"fast","control_informative",0.05,2,0.01,"","mtada_aggregated","trait1","bfdr_observed_fdp",0.05,0.2
20260816,4,500,15,3000,3000,3000,3000,"fast","control_informative",0.05,2,0.01,"","mtada_aggregated","trait1","bfdr_estimate",0.05,0.0340138671423271
20260816,4,500,15,3000,3000,3000,3000,"fast","control_informative",0.05,2,0.01,"","mtada_aggregated","trait1","bfdr_power",0.05,0.16
20260816,4,500,15,3000,3000,3000,3000,"fast","control_informative",0.05,2,0.01,"","mtada_aggregated","trait1","bfdr_discoveries",0.05,5
20260816,4,500,15,3000,3000,3000,3000,"fast","control_informative",0.05,2,0.01,"","mtada_aggregated","trait1","bfdr_observed_fdp",0.1,0.375
20260816,4,500,15,3000,3000,3000,3000,"fast","control_informative",0.05,2,0.01,"","mtada_aggregated","trait1","bfdr_estimate",0.1,0.0976459558318355
20260816,4,500,15,3000,3000,3000,3000,"fast","control_informative",0.05,2,0.01,"","mtada_aggregated","trait1","bfdr_power",0.1,0.2
20260816,4,500,15,3000,3000,3000,3000,"fast","control_informative",0.05,2,0.01,"","mtada_aggregated","trait1","bfdr_discoveries",0.1,8
20260816,4,500,15,3000,3000,3000,3000,"fast","control_informative",0.05,2,0.01,"","mtada_aggregated","trait1","bfdr_observed_fdp",0.2,0.545454545454545
20260816,4,500,15,3000,3000,3000,3000,"fast","control_informative",0.05,2,0.01,"","mtada_aggregated","trait1","bfdr_estimate",0.2,0.179212605230902
20260816,4,500,15,3000,3000,3000,3000,"fast","control_informative",0.05,2,0.01,"","mtada_aggregated","trait1","bfdr_power",0.2,0.2
20260816,4,500,15,3000,3000,3000,3000,"fast","control_informative",0.05,2,0.01,"","mtada_aggregated","trait1","bfdr_discoveries",0.2,11
20260816,4,500,15,3000,3000,3000,3000,"fast","control_informative",0.05,2,0.01,"","mtada_aggregated","trait2","bfdr_observed_fdp",0.01,0
20260816,4,500,15,3000,3000,3000,3000,"fast","control_informative",0.05,2,0.01,"","mtada_aggregated","trait2","bfdr_estimate",0.01,0.00392467544557246
20260816,4,500,15,3000,3000,3000,3000,"fast","control_informative",0.05,2,0.01,"","mtada_aggregated","trait2","bfdr_power",0.01,0.2
20260816,4,500,15,3000,3000,3000,3000,"fast","control_informative",0.05,2,0.01,"","mtada_aggregated","trait2","bfdr_discoveries",0.01,2
20260816,4,500,15,3000,3000,3000,3000,"fast","control_informative",0.05,2,0.01,"","mtada_aggregated","trait2","bfdr_observed_fdp",0.05,0.333333333333333
20260816,4,500,15,3000,3000,3000,3000,"fast","control_informative",0.05,2,0.01,"","mtada_aggregated","trait2","bfdr_estimate",0.05,0.0319963845011665
20260816,4,500,15,3000,3000,3000,3000,"fast","control_informative",0.05,2,0.01,"","mtada_aggregated","trait2","bfdr_power",0.05,0.2
20260816,4,500,15,3000,3000,3000,3000,"fast","control_informative",0.05,2,0.01,"","mtada_aggregated","trait2","bfdr_discoveries",0.05,3
20260816,4,500,15,3000,3000,3000,3000,"fast","control_informative",0.05,2,0.01,"","mtada_aggregated","trait2","bfdr_observed_fdp",0.1,0.25
20260816,4,500,15,3000,3000,3000,3000,"fast","control_informative",0.05,2,0.01,"","mtada_aggregated","trait2","bfdr_estimate",0.1,0.0846021321526561
20260816,4,500,15,3000,3000,3000,3000,"fast","control_informative",0.05,2,0.01,"","mtada_aggregated","trait2","bfdr_power",0.1,0.3
20260816,4,500,15,3000,3000,3000,3000,"fast","control_informative",0.05,2,0.01,"","mtada_aggregated","trait2","bfdr_discoveries",0.1,4
20260816,4,500,15,3000,3000,3000,3000,"fast","control_informative",0.05,2,0.01,"","mtada_aggregated","trait2","bfdr_observed_fdp",0.2,0.4
20260816,4,500,15,3000,3000,3000,3000,"fast","control_informative",0.05,2,0.01,"","mtada_aggregated","trait2","bfdr_estimate",0.2,0.155890343611688
20260816,4,500,15,3000,3000,3000,3000,"fast","control_informative",0.05,2,0.01,"","mtada_aggregated","trait2","bfdr_power",0.2,0.3
20260816,4,500,15,3000,3000,3000,3000,"fast","control_informative",0.05,2,0.01,"","mtada_aggregated","trait2","bfdr_discoveries",0.2,5
20260816,4,500,15,3000,3000,3000,3000,"fast","control_informative",0.05,2,0.01,"","mtada_aggregated","pleiotropy","bfdr_observed_fdp",0.01,0
20260816,4,500,15,3000,3000,3000,3000,"fast","control_informative",0.05,2,0.01,"","mtada_aggregated","pleiotropy","bfdr_estimate",0.01,0.0085378551048424
20260816,4,500,15,3000,3000,3000,3000,"fast","control_informative",0.05,2,0.01,"","mtada_aggregated","pleiotropy","bfdr_power",0.01,0.2
20260816,4,500,15,3000,3000,3000,3000,"fast","control_informative",0.05,2,0.01,"","mtada_aggregated","pleiotropy","bfdr_discoveries",0.01,1
20260816,4,500,15,3000,3000,3000,3000,"fast","control_informative",0.05,2,0.01,"","mtada_aggregated","pleiotropy","bfdr_observed_fdp",0.05,0
20260816,4,500,15,3000,3000,3000,3000,"fast","control_informative",0.05,2,0.01,"","mtada_aggregated","pleiotropy","bfdr_estimate",0.05,0.0085378551048424
20260816,4,500,15,3000,3000,3000,3000,"fast","control_informative",0.05,2,0.01,"","mtada_aggregated","pleiotropy","bfdr_power",0.05,0.2
20260816,4,500,15,3000,3000,3000,3000,"fast","control_informative",0.05,2,0.01,"","mtada_aggregated","pleiotropy","bfdr_discoveries",0.05,1
20260816,4,500,15,3000,3000,3000,3000,"fast","control_informative",0.05,2,0.01,"","mtada_aggregated","pleiotropy","bfdr_observed_fdp",0.1,0
20260816,4,500,15,3000,3000,3000,3000,"fast","control_informative",0.05,2,0.01,"","mtada_aggregated","pleiotropy","bfdr_estimate",0.1,0.0085378551048424
20260816,4,500,15,3000,3000,3000,3000,"fast","control_informative",0.05,2,0.01,"","mtada_aggregated","pleiotropy","bfdr_power",0.1,0.2
20260816,4,500,15,3000,3000,3000,3000,"fast","control_informative",0.05,2,0.01,"","mtada_aggregated","pleiotropy","bfdr_discoveries",0.1,1
20260816,4,500,15,3000,3000,3000,3000,"fast","control_informative",0.05,2,0.01,"","mtada_aggregated","pleiotropy","bfdr_observed_fdp",0.2,0
20260816,4,500,15,3000,3000,3000,3000,"fast","control_informative",0.05,2,0.01,"","mtada_aggregated","pleiotropy","bfdr_estimate",0.2,0.0085378551048424
20260816,4,500,15,3000,3000,3000,3000,"fast","control_informative",0.05,2,0.01,"","mtada_aggregated","pleiotropy","bfdr_power",0.2,0.2
20260816,4,500,15,3000,3000,3000,3000,"fast","control_informative",0.05,2,0.01,"","mtada_aggregated","pleiotropy","bfdr_discoveries",0.2,1
20260816,4,500,15,3000,3000,3000,3000,"fast","control_informative",0.05,2,0.01,"","mtada_aggregated","global","runtime_seconds",NA,0.688000000000017
20260816,4,500,15,3000,3000,3000,3000,"fast","control_informative",0.05,2,0.01,"","mtada_aggregated","pleiotropy","pi11_estimate",NA,0.00376258
20260817,5,500,15,3000,3000,3000,3000,"fast","control_informative",0.05,2,0.01,"","mirage_joint","trait1","auc",NA,0.716463157894737
20260817,5,500,15,3000,3000,3000,3000,"fast","control_informative",0.05,2,0.01,"","mirage_joint","trait2","auc",NA,0.686530612244898
20260817,5,500,15,3000,3000,3000,3000,"fast","control_informative",0.05,2,0.01,"","mirage_joint","pleiotropy","auc",NA,0.793535353535354
20260817,5,500,15,3000,3000,3000,3000,"fast","control_informative",0.05,2,0.01,"","mirage_joint","trait1","pp08_power",0.8,0.24
20260817,5,500,15,3000,3000,3000,3000,"fast","control_informative",0.05,2,0.01,"","mirage_joint","trait1","pp08_fdp",0.8,0.25
20260817,5,500,15,3000,3000,3000,3000,"fast","control_informative",0.05,2,0.01,"","mirage_joint","trait1","pp08_discoveries",0.8,8
20260817,5,500,15,3000,3000,3000,3000,"fast","control_informative",0.05,2,0.01,"","mirage_joint","trait2","pp08_power",0.8,0
20260817,5,500,15,3000,3000,3000,3000,"fast","control_informative",0.05,2,0.01,"","mirage_joint","trait2","pp08_fdp",0.8,0
20260817,5,500,15,3000,3000,3000,3000,"fast","control_informative",0.05,2,0.01,"","mirage_joint","trait2","pp08_discoveries",0.8,0
20260817,5,500,15,3000,3000,3000,3000,"fast","control_informative",0.05,2,0.01,"","mirage_joint","pleiotropy","pp08_power",0.8,0
20260817,5,500,15,3000,3000,3000,3000,"fast","control_informative",0.05,2,0.01,"","mirage_joint","pleiotropy","pp08_fdp",0.8,0
20260817,5,500,15,3000,3000,3000,3000,"fast","control_informative",0.05,2,0.01,"","mirage_joint","pleiotropy","pp08_discoveries",0.8,0
20260817,5,500,15,3000,3000,3000,3000,"fast","control_informative",0.05,2,0.01,"","mirage_joint","trait1","bfdr_observed_fdp",0.01,0
20260817,5,500,15,3000,3000,3000,3000,"fast","control_informative",0.05,2,0.01,"","mirage_joint","trait1","bfdr_estimate",0.01,0.000506357393869727
20260817,5,500,15,3000,3000,3000,3000,"fast","control_informative",0.05,2,0.01,"","mirage_joint","trait1","bfdr_power",0.01,0.16
20260817,5,500,15,3000,3000,3000,3000,"fast","control_informative",0.05,2,0.01,"","mirage_joint","trait1","bfdr_discoveries",0.01,4
20260817,5,500,15,3000,3000,3000,3000,"fast","control_informative",0.05,2,0.01,"","mirage_joint","trait1","bfdr_observed_fdp",0.05,0.142857142857143
20260817,5,500,15,3000,3000,3000,3000,"fast","control_informative",0.05,2,0.01,"","mirage_joint","trait1","bfdr_estimate",0.05,0.0415617866034215
20260817,5,500,15,3000,3000,3000,3000,"fast","control_informative",0.05,2,0.01,"","mirage_joint","trait1","bfdr_power",0.05,0.24
20260817,5,500,15,3000,3000,3000,3000,"fast","control_informative",0.05,2,0.01,"","mirage_joint","trait1","bfdr_discoveries",0.05,7
20260817,5,500,15,3000,3000,3000,3000,"fast","control_informative",0.05,2,0.01,"","mirage_joint","trait1","bfdr_observed_fdp",0.1,0.333333333333333
20260817,5,500,15,3000,3000,3000,3000,"fast","control_informative",0.05,2,0.01,"","mirage_joint","trait1","bfdr_estimate",0.1,0.0817504294031512
20260817,5,500,15,3000,3000,3000,3000,"fast","control_informative",0.05,2,0.01,"","mirage_joint","trait1","bfdr_power",0.1,0.24
20260817,5,500,15,3000,3000,3000,3000,"fast","control_informative",0.05,2,0.01,"","mirage_joint","trait1","bfdr_discoveries",0.1,9
20260817,5,500,15,3000,3000,3000,3000,"fast","control_informative",0.05,2,0.01,"","mirage_joint","trait1","bfdr_observed_fdp",0.2,0.461538461538462
20260817,5,500,15,3000,3000,3000,3000,"fast","control_informative",0.05,2,0.01,"","mirage_joint","trait1","bfdr_estimate",0.2,0.18689341392094
20260817,5,500,15,3000,3000,3000,3000,"fast","control_informative",0.05,2,0.01,"","mirage_joint","trait1","bfdr_power",0.2,0.28
20260817,5,500,15,3000,3000,3000,3000,"fast","control_informative",0.05,2,0.01,"","mirage_joint","trait1","bfdr_discoveries",0.2,13
20260817,5,500,15,3000,3000,3000,3000,"fast","control_informative",0.05,2,0.01,"","mirage_joint","trait2","bfdr_observed_fdp",0.01,0
20260817,5,500,15,3000,3000,3000,3000,"fast","control_informative",0.05,2,0.01,"","mirage_joint","trait2","bfdr_estimate",0.01,0
20260817,5,500,15,3000,3000,3000,3000,"fast","control_informative",0.05,2,0.01,"","mirage_joint","trait2","bfdr_power",0.01,0
20260817,5,500,15,3000,3000,3000,3000,"fast","control_informative",0.05,2,0.01,"","mirage_joint","trait2","bfdr_discoveries",0.01,0
20260817,5,500,15,3000,3000,3000,3000,"fast","control_informative",0.05,2,0.01,"","mirage_joint","trait2","bfdr_observed_fdp",0.05,0
20260817,5,500,15,3000,3000,3000,3000,"fast","control_informative",0.05,2,0.01,"","mirage_joint","trait2","bfdr_estimate",0.05,0
20260817,5,500,15,3000,3000,3000,3000,"fast","control_informative",0.05,2,0.01,"","mirage_joint","trait2","bfdr_power",0.05,0
20260817,5,500,15,3000,3000,3000,3000,"fast","control_informative",0.05,2,0.01,"","mirage_joint","trait2","bfdr_discoveries",0.05,0
20260817,5,500,15,3000,3000,3000,3000,"fast","control_informative",0.05,2,0.01,"","mirage_joint","trait2","bfdr_observed_fdp",0.1,0
20260817,5,500,15,3000,3000,3000,3000,"fast","control_informative",0.05,2,0.01,"","mirage_joint","trait2","bfdr_estimate",0.1,0
20260817,5,500,15,3000,3000,3000,3000,"fast","control_informative",0.05,2,0.01,"","mirage_joint","trait2","bfdr_power",0.1,0
20260817,5,500,15,3000,3000,3000,3000,"fast","control_informative",0.05,2,0.01,"","mirage_joint","trait2","bfdr_discoveries",0.1,0
20260817,5,500,15,3000,3000,3000,3000,"fast","control_informative",0.05,2,0.01,"","mirage_joint","trait2","bfdr_observed_fdp",0.2,0
20260817,5,500,15,3000,3000,3000,3000,"fast","control_informative",0.05,2,0.01,"","mirage_joint","trait2","bfdr_estimate",0.2,0
20260817,5,500,15,3000,3000,3000,3000,"fast","control_informative",0.05,2,0.01,"","mirage_joint","trait2","bfdr_power",0.2,0
20260817,5,500,15,3000,3000,3000,3000,"fast","control_informative",0.05,2,0.01,"","mirage_joint","trait2","bfdr_discoveries",0.2,0
20260817,5,500,15,3000,3000,3000,3000,"fast","control_informative",0.05,2,0.01,"","mirage_joint","pleiotropy","bfdr_observed_fdp",0.01,0
20260817,5,500,15,3000,3000,3000,3000,"fast","control_informative",0.05,2,0.01,"","mirage_joint","pleiotropy","bfdr_estimate",0.01,0
20260817,5,500,15,3000,3000,3000,3000,"fast","control_informative",0.05,2,0.01,"","mirage_joint","pleiotropy","bfdr_power",0.01,0
20260817,5,500,15,3000,3000,3000,3000,"fast","control_informative",0.05,2,0.01,"","mirage_joint","pleiotropy","bfdr_discoveries",0.01,0
20260817,5,500,15,3000,3000,3000,3000,"fast","control_informative",0.05,2,0.01,"","mirage_joint","pleiotropy","bfdr_observed_fdp",0.05,0
20260817,5,500,15,3000,3000,3000,3000,"fast","control_informative",0.05,2,0.01,"","mirage_joint","pleiotropy","bfdr_estimate",0.05,0
20260817,5,500,15,3000,3000,3000,3000,"fast","control_informative",0.05,2,0.01,"","mirage_joint","pleiotropy","bfdr_power",0.05,0
20260817,5,500,15,3000,3000,3000,3000,"fast","control_informative",0.05,2,0.01,"","mirage_joint","pleiotropy","bfdr_discoveries",0.05,0
20260817,5,500,15,3000,3000,3000,3000,"fast","control_informative",0.05,2,0.01,"","mirage_joint","pleiotropy","bfdr_observed_fdp",0.1,0
20260817,5,500,15,3000,3000,3000,3000,"fast","control_informative",0.05,2,0.01,"","mirage_joint","pleiotropy","bfdr_estimate",0.1,0
20260817,5,500,15,3000,3000,3000,3000,"fast","control_informative",0.05,2,0.01,"","mirage_joint","pleiotropy","bfdr_power",0.1,0
20260817,5,500,15,3000,3000,3000,3000,"fast","control_informative",0.05,2,0.01,"","mirage_joint","pleiotropy","bfdr_discoveries",0.1,0
20260817,5,500,15,3000,3000,3000,3000,"fast","control_informative",0.05,2,0.01,"","mirage_joint","pleiotropy","bfdr_observed_fdp",0.2,0
20260817,5,500,15,3000,3000,3000,3000,"fast","control_informative",0.05,2,0.01,"","mirage_joint","pleiotropy","bfdr_estimate",0.2,0
20260817,5,500,15,3000,3000,3000,3000,"fast","control_informative",0.05,2,0.01,"","mirage_joint","pleiotropy","bfdr_power",0.2,0
20260817,5,500,15,3000,3000,3000,3000,"fast","control_informative",0.05,2,0.01,"","mirage_joint","pleiotropy","bfdr_discoveries",0.2,0
20260817,5,500,15,3000,3000,3000,3000,"fast","control_informative",0.05,2,0.01,"","mirage_joint","global","runtime_seconds",NA,18.125
20260817,5,500,15,3000,3000,3000,3000,"fast","control_informative",0.05,2,0.01,"","mirage_joint","pleiotropy","pi11_estimate",NA,0.0085030627249607
20260817,5,500,15,3000,3000,3000,3000,"fast","control_informative",0.05,2,0.01,"","separate_mirage","trait1","auc",NA,0.701221052631579
20260817,5,500,15,3000,3000,3000,3000,"fast","control_informative",0.05,2,0.01,"","separate_mirage","trait2","auc",NA,0.617755102040816
20260817,5,500,15,3000,3000,3000,3000,"fast","control_informative",0.05,2,0.01,"","separate_mirage","pleiotropy","auc",NA,0.767272727272727
20260817,5,500,15,3000,3000,3000,3000,"fast","control_informative",0.05,2,0.01,"","separate_mirage","trait1","pp08_power",0.8,0.2
20260817,5,500,15,3000,3000,3000,3000,"fast","control_informative",0.05,2,0.01,"","separate_mirage","trait1","pp08_fdp",0.8,0
20260817,5,500,15,3000,3000,3000,3000,"fast","control_informative",0.05,2,0.01,"","separate_mirage","trait1","pp08_discoveries",0.8,5
20260817,5,500,15,3000,3000,3000,3000,"fast","control_informative",0.05,2,0.01,"","separate_mirage","trait2","pp08_power",0.8,0
20260817,5,500,15,3000,3000,3000,3000,"fast","control_informative",0.05,2,0.01,"","separate_mirage","trait2","pp08_fdp",0.8,0
20260817,5,500,15,3000,3000,3000,3000,"fast","control_informative",0.05,2,0.01,"","separate_mirage","trait2","pp08_discoveries",0.8,0
20260817,5,500,15,3000,3000,3000,3000,"fast","control_informative",0.05,2,0.01,"","separate_mirage","pleiotropy","pp08_power",0.8,0
20260817,5,500,15,3000,3000,3000,3000,"fast","control_informative",0.05,2,0.01,"","separate_mirage","pleiotropy","pp08_fdp",0.8,0
20260817,5,500,15,3000,3000,3000,3000,"fast","control_informative",0.05,2,0.01,"","separate_mirage","pleiotropy","pp08_discoveries",0.8,0
20260817,5,500,15,3000,3000,3000,3000,"fast","control_informative",0.05,2,0.01,"","separate_mirage","trait1","bfdr_observed_fdp",0.01,0
20260817,5,500,15,3000,3000,3000,3000,"fast","control_informative",0.05,2,0.01,"","separate_mirage","trait1","bfdr_estimate",0.01,0.0011747210669584
20260817,5,500,15,3000,3000,3000,3000,"fast","control_informative",0.05,2,0.01,"","separate_mirage","trait1","bfdr_power",0.01,0.16
20260817,5,500,15,3000,3000,3000,3000,"fast","control_informative",0.05,2,0.01,"","separate_mirage","trait1","bfdr_discoveries",0.01,4
20260817,5,500,15,3000,3000,3000,3000,"fast","control_informative",0.05,2,0.01,"","separate_mirage","trait1","bfdr_observed_fdp",0.05,0
20260817,5,500,15,3000,3000,3000,3000,"fast","control_informative",0.05,2,0.01,"","separate_mirage","trait1","bfdr_estimate",0.05,0.0403998221789527
20260817,5,500,15,3000,3000,3000,3000,"fast","control_informative",0.05,2,0.01,"","separate_mirage","trait1","bfdr_power",0.05,0.2
20260817,5,500,15,3000,3000,3000,3000,"fast","control_informative",0.05,2,0.01,"","separate_mirage","trait1","bfdr_discoveries",0.05,5
20260817,5,500,15,3000,3000,3000,3000,"fast","control_informative",0.05,2,0.01,"","separate_mirage","trait1","bfdr_observed_fdp",0.1,0.142857142857143
20260817,5,500,15,3000,3000,3000,3000,"fast","control_informative",0.05,2,0.01,"","separate_mirage","trait1","bfdr_estimate",0.1,0.0877867947406462
20260817,5,500,15,3000,3000,3000,3000,"fast","control_informative",0.05,2,0.01,"","separate_mirage","trait1","bfdr_power",0.1,0.24
20260817,5,500,15,3000,3000,3000,3000,"fast","control_informative",0.05,2,0.01,"","separate_mirage","trait1","bfdr_discoveries",0.1,7
20260817,5,500,15,3000,3000,3000,3000,"fast","control_informative",0.05,2,0.01,"","separate_mirage","trait1","bfdr_observed_fdp",0.2,0.3
20260817,5,500,15,3000,3000,3000,3000,"fast","control_informative",0.05,2,0.01,"","separate_mirage","trait1","bfdr_estimate",0.2,0.191667771519803
20260817,5,500,15,3000,3000,3000,3000,"fast","control_informative",0.05,2,0.01,"","separate_mirage","trait1","bfdr_power",0.2,0.28
20260817,5,500,15,3000,3000,3000,3000,"fast","control_informative",0.05,2,0.01,"","separate_mirage","trait1","bfdr_discoveries",0.2,10
20260817,5,500,15,3000,3000,3000,3000,"fast","control_informative",0.05,2,0.01,"","separate_mirage","trait2","bfdr_observed_fdp",0.01,0
20260817,5,500,15,3000,3000,3000,3000,"fast","control_informative",0.05,2,0.01,"","separate_mirage","trait2","bfdr_estimate",0.01,0
20260817,5,500,15,3000,3000,3000,3000,"fast","control_informative",0.05,2,0.01,"","separate_mirage","trait2","bfdr_power",0.01,0
20260817,5,500,15,3000,3000,3000,3000,"fast","control_informative",0.05,2,0.01,"","separate_mirage","trait2","bfdr_discoveries",0.01,0
20260817,5,500,15,3000,3000,3000,3000,"fast","control_informative",0.05,2,0.01,"","separate_mirage","trait2","bfdr_observed_fdp",0.05,0
20260817,5,500,15,3000,3000,3000,3000,"fast","control_informative",0.05,2,0.01,"","separate_mirage","trait2","bfdr_estimate",0.05,0
20260817,5,500,15,3000,3000,3000,3000,"fast","control_informative",0.05,2,0.01,"","separate_mirage","trait2","bfdr_power",0.05,0
20260817,5,500,15,3000,3000,3000,3000,"fast","control_informative",0.05,2,0.01,"","separate_mirage","trait2","bfdr_discoveries",0.05,0
20260817,5,500,15,3000,3000,3000,3000,"fast","control_informative",0.05,2,0.01,"","separate_mirage","trait2","bfdr_observed_fdp",0.1,0
20260817,5,500,15,3000,3000,3000,3000,"fast","control_informative",0.05,2,0.01,"","separate_mirage","trait2","bfdr_estimate",0.1,0
20260817,5,500,15,3000,3000,3000,3000,"fast","control_informative",0.05,2,0.01,"","separate_mirage","trait2","bfdr_power",0.1,0
20260817,5,500,15,3000,3000,3000,3000,"fast","control_informative",0.05,2,0.01,"","separate_mirage","trait2","bfdr_discoveries",0.1,0
20260817,5,500,15,3000,3000,3000,3000,"fast","control_informative",0.05,2,0.01,"","separate_mirage","trait2","bfdr_observed_fdp",0.2,0
20260817,5,500,15,3000,3000,3000,3000,"fast","control_informative",0.05,2,0.01,"","separate_mirage","trait2","bfdr_estimate",0.2,0
20260817,5,500,15,3000,3000,3000,3000,"fast","control_informative",0.05,2,0.01,"","separate_mirage","trait2","bfdr_power",0.2,0
20260817,5,500,15,3000,3000,3000,3000,"fast","control_informative",0.05,2,0.01,"","separate_mirage","trait2","bfdr_discoveries",0.2,0
20260817,5,500,15,3000,3000,3000,3000,"fast","control_informative",0.05,2,0.01,"","separate_mirage","pleiotropy","bfdr_observed_fdp",0.01,0
20260817,5,500,15,3000,3000,3000,3000,"fast","control_informative",0.05,2,0.01,"","separate_mirage","pleiotropy","bfdr_estimate",0.01,0
20260817,5,500,15,3000,3000,3000,3000,"fast","control_informative",0.05,2,0.01,"","separate_mirage","pleiotropy","bfdr_power",0.01,0
20260817,5,500,15,3000,3000,3000,3000,"fast","control_informative",0.05,2,0.01,"","separate_mirage","pleiotropy","bfdr_discoveries",0.01,0
20260817,5,500,15,3000,3000,3000,3000,"fast","control_informative",0.05,2,0.01,"","separate_mirage","pleiotropy","bfdr_observed_fdp",0.05,0
20260817,5,500,15,3000,3000,3000,3000,"fast","control_informative",0.05,2,0.01,"","separate_mirage","pleiotropy","bfdr_estimate",0.05,0
20260817,5,500,15,3000,3000,3000,3000,"fast","control_informative",0.05,2,0.01,"","separate_mirage","pleiotropy","bfdr_power",0.05,0
20260817,5,500,15,3000,3000,3000,3000,"fast","control_informative",0.05,2,0.01,"","separate_mirage","pleiotropy","bfdr_discoveries",0.05,0
20260817,5,500,15,3000,3000,3000,3000,"fast","control_informative",0.05,2,0.01,"","separate_mirage","pleiotropy","bfdr_observed_fdp",0.1,0
20260817,5,500,15,3000,3000,3000,3000,"fast","control_informative",0.05,2,0.01,"","separate_mirage","pleiotropy","bfdr_estimate",0.1,0
20260817,5,500,15,3000,3000,3000,3000,"fast","control_informative",0.05,2,0.01,"","separate_mirage","pleiotropy","bfdr_power",0.1,0
20260817,5,500,15,3000,3000,3000,3000,"fast","control_informative",0.05,2,0.01,"","separate_mirage","pleiotropy","bfdr_discoveries",0.1,0
20260817,5,500,15,3000,3000,3000,3000,"fast","control_informative",0.05,2,0.01,"","separate_mirage","pleiotropy","bfdr_observed_fdp",0.2,0
20260817,5,500,15,3000,3000,3000,3000,"fast","control_informative",0.05,2,0.01,"","separate_mirage","pleiotropy","bfdr_estimate",0.2,0
20260817,5,500,15,3000,3000,3000,3000,"fast","control_informative",0.05,2,0.01,"","separate_mirage","pleiotropy","bfdr_power",0.2,0
20260817,5,500,15,3000,3000,3000,3000,"fast","control_informative",0.05,2,0.01,"","separate_mirage","pleiotropy","bfdr_discoveries",0.2,0
20260817,5,500,15,3000,3000,3000,3000,"fast","control_informative",0.05,2,0.01,"","separate_mirage","global","runtime_seconds",NA,18.112
20260817,5,500,15,3000,3000,3000,3000,"fast","control_informative",0.05,2,0.01,"","separate_mirage","pleiotropy","pi11_estimate",NA,0.001
20260817,5,500,15,3000,3000,3000,3000,"fast","control_informative",0.05,2,0.01,"","mtada_aggregated","trait1","auc",NA,0.715284210526316
20260817,5,500,15,3000,3000,3000,3000,"fast","control_informative",0.05,2,0.01,"","mtada_aggregated","trait2","auc",NA,0.693877551020408
20260817,5,500,15,3000,3000,3000,3000,"fast","control_informative",0.05,2,0.01,"","mtada_aggregated","pleiotropy","auc",NA,0.793131313131313
20260817,5,500,15,3000,3000,3000,3000,"fast","control_informative",0.05,2,0.01,"","mtada_aggregated","trait1","pp08_power",0.8,0.24
20260817,5,500,15,3000,3000,3000,3000,"fast","control_informative",0.05,2,0.01,"","mtada_aggregated","trait1","pp08_fdp",0.8,0.25
20260817,5,500,15,3000,3000,3000,3000,"fast","control_informative",0.05,2,0.01,"","mtada_aggregated","trait1","pp08_discoveries",0.8,8
20260817,5,500,15,3000,3000,3000,3000,"fast","control_informative",0.05,2,0.01,"","mtada_aggregated","trait2","pp08_power",0.8,0
20260817,5,500,15,3000,3000,3000,3000,"fast","control_informative",0.05,2,0.01,"","mtada_aggregated","trait2","pp08_fdp",0.8,1
20260817,5,500,15,3000,3000,3000,3000,"fast","control_informative",0.05,2,0.01,"","mtada_aggregated","trait2","pp08_discoveries",0.8,2
20260817,5,500,15,3000,3000,3000,3000,"fast","control_informative",0.05,2,0.01,"","mtada_aggregated","pleiotropy","pp08_power",0.8,0
20260817,5,500,15,3000,3000,3000,3000,"fast","control_informative",0.05,2,0.01,"","mtada_aggregated","pleiotropy","pp08_fdp",0.8,0
20260817,5,500,15,3000,3000,3000,3000,"fast","control_informative",0.05,2,0.01,"","mtada_aggregated","pleiotropy","pp08_discoveries",0.8,0
20260817,5,500,15,3000,3000,3000,3000,"fast","control_informative",0.05,2,0.01,"","mtada_aggregated","trait1","bfdr_observed_fdp",0.01,0.166666666666667
20260817,5,500,15,3000,3000,3000,3000,"fast","control_informative",0.05,2,0.01,"","mtada_aggregated","trait1","bfdr_estimate",0.01,8.12113019684387e-07
20260817,5,500,15,3000,3000,3000,3000,"fast","control_informative",0.05,2,0.01,"","mtada_aggregated","trait1","bfdr_power",0.01,0.2
20260817,5,500,15,3000,3000,3000,3000,"fast","control_informative",0.05,2,0.01,"","mtada_aggregated","trait1","bfdr_discoveries",0.01,6
20260817,5,500,15,3000,3000,3000,3000,"fast","control_informative",0.05,2,0.01,"","mtada_aggregated","trait1","bfdr_observed_fdp",0.05,0.25
20260817,5,500,15,3000,3000,3000,3000,"fast","control_informative",0.05,2,0.01,"","mtada_aggregated","trait1","bfdr_estimate",0.05,0.0218145221510854
20260817,5,500,15,3000,3000,3000,3000,"fast","control_informative",0.05,2,0.01,"","mtada_aggregated","trait1","bfdr_power",0.05,0.24
20260817,5,500,15,3000,3000,3000,3000,"fast","control_informative",0.05,2,0.01,"","mtada_aggregated","trait1","bfdr_discoveries",0.05,8
20260817,5,500,15,3000,3000,3000,3000,"fast","control_informative",0.05,2,0.01,"","mtada_aggregated","trait1","bfdr_observed_fdp",0.1,0.3
20260817,5,500,15,3000,3000,3000,3000,"fast","control_informative",0.05,2,0.01,"","mtada_aggregated","trait1","bfdr_estimate",0.1,0.0779868814118032
20260817,5,500,15,3000,3000,3000,3000,"fast","control_informative",0.05,2,0.01,"","mtada_aggregated","trait1","bfdr_power",0.1,0.28
20260817,5,500,15,3000,3000,3000,3000,"fast","control_informative",0.05,2,0.01,"","mtada_aggregated","trait1","bfdr_discoveries",0.1,10
20260817,5,500,15,3000,3000,3000,3000,"fast","control_informative",0.05,2,0.01,"","mtada_aggregated","trait1","bfdr_observed_fdp",0.2,0.5
20260817,5,500,15,3000,3000,3000,3000,"fast","control_informative",0.05,2,0.01,"","mtada_aggregated","trait1","bfdr_estimate",0.2,0.182494276496988
20260817,5,500,15,3000,3000,3000,3000,"fast","control_informative",0.05,2,0.01,"","mtada_aggregated","trait1","bfdr_power",0.2,0.28
20260817,5,500,15,3000,3000,3000,3000,"fast","control_informative",0.05,2,0.01,"","mtada_aggregated","trait1","bfdr_discoveries",0.2,14
20260817,5,500,15,3000,3000,3000,3000,"fast","control_informative",0.05,2,0.01,"","mtada_aggregated","trait2","bfdr_observed_fdp",0.01,0
20260817,5,500,15,3000,3000,3000,3000,"fast","control_informative",0.05,2,0.01,"","mtada_aggregated","trait2","bfdr_estimate",0.01,0
20260817,5,500,15,3000,3000,3000,3000,"fast","control_informative",0.05,2,0.01,"","mtada_aggregated","trait2","bfdr_power",0.01,0
20260817,5,500,15,3000,3000,3000,3000,"fast","control_informative",0.05,2,0.01,"","mtada_aggregated","trait2","bfdr_discoveries",0.01,0
20260817,5,500,15,3000,3000,3000,3000,"fast","control_informative",0.05,2,0.01,"","mtada_aggregated","trait2","bfdr_observed_fdp",0.05,1
20260817,5,500,15,3000,3000,3000,3000,"fast","control_informative",0.05,2,0.01,"","mtada_aggregated","trait2","bfdr_estimate",0.05,0.0164014090469965
20260817,5,500,15,3000,3000,3000,3000,"fast","control_informative",0.05,2,0.01,"","mtada_aggregated","trait2","bfdr_power",0.05,0
20260817,5,500,15,3000,3000,3000,3000,"fast","control_informative",0.05,2,0.01,"","mtada_aggregated","trait2","bfdr_discoveries",0.05,1
20260817,5,500,15,3000,3000,3000,3000,"fast","control_informative",0.05,2,0.01,"","mtada_aggregated","trait2","bfdr_observed_fdp",0.1,1
20260817,5,500,15,3000,3000,3000,3000,"fast","control_informative",0.05,2,0.01,"","mtada_aggregated","trait2","bfdr_estimate",0.1,0.0702104202474992
20260817,5,500,15,3000,3000,3000,3000,"fast","control_informative",0.05,2,0.01,"","mtada_aggregated","trait2","bfdr_power",0.1,0
20260817,5,500,15,3000,3000,3000,3000,"fast","control_informative",0.05,2,0.01,"","mtada_aggregated","trait2","bfdr_discoveries",0.1,2
20260817,5,500,15,3000,3000,3000,3000,"fast","control_informative",0.05,2,0.01,"","mtada_aggregated","trait2","bfdr_observed_fdp",0.2,0.75
20260817,5,500,15,3000,3000,3000,3000,"fast","control_informative",0.05,2,0.01,"","mtada_aggregated","trait2","bfdr_estimate",0.2,0.169836934144977
20260817,5,500,15,3000,3000,3000,3000,"fast","control_informative",0.05,2,0.01,"","mtada_aggregated","trait2","bfdr_power",0.2,0.1
20260817,5,500,15,3000,3000,3000,3000,"fast","control_informative",0.05,2,0.01,"","mtada_aggregated","trait2","bfdr_discoveries",0.2,4
20260817,5,500,15,3000,3000,3000,3000,"fast","control_informative",0.05,2,0.01,"","mtada_aggregated","pleiotropy","bfdr_observed_fdp",0.01,0
20260817,5,500,15,3000,3000,3000,3000,"fast","control_informative",0.05,2,0.01,"","mtada_aggregated","pleiotropy","bfdr_estimate",0.01,0
20260817,5,500,15,3000,3000,3000,3000,"fast","control_informative",0.05,2,0.01,"","mtada_aggregated","pleiotropy","bfdr_power",0.01,0
20260817,5,500,15,3000,3000,3000,3000,"fast","control_informative",0.05,2,0.01,"","mtada_aggregated","pleiotropy","bfdr_discoveries",0.01,0
20260817,5,500,15,3000,3000,3000,3000,"fast","control_informative",0.05,2,0.01,"","mtada_aggregated","pleiotropy","bfdr_observed_fdp",0.05,0
20260817,5,500,15,3000,3000,3000,3000,"fast","control_informative",0.05,2,0.01,"","mtada_aggregated","pleiotropy","bfdr_estimate",0.05,0
20260817,5,500,15,3000,3000,3000,3000,"fast","control_informative",0.05,2,0.01,"","mtada_aggregated","pleiotropy","bfdr_power",0.05,0
20260817,5,500,15,3000,3000,3000,3000,"fast","control_informative",0.05,2,0.01,"","mtada_aggregated","pleiotropy","bfdr_discoveries",0.05,0
20260817,5,500,15,3000,3000,3000,3000,"fast","control_informative",0.05,2,0.01,"","mtada_aggregated","pleiotropy","bfdr_observed_fdp",0.1,0
20260817,5,500,15,3000,3000,3000,3000,"fast","control_informative",0.05,2,0.01,"","mtada_aggregated","pleiotropy","bfdr_estimate",0.1,0
20260817,5,500,15,3000,3000,3000,3000,"fast","control_informative",0.05,2,0.01,"","mtada_aggregated","pleiotropy","bfdr_power",0.1,0
20260817,5,500,15,3000,3000,3000,3000,"fast","control_informative",0.05,2,0.01,"","mtada_aggregated","pleiotropy","bfdr_discoveries",0.1,0
20260817,5,500,15,3000,3000,3000,3000,"fast","control_informative",0.05,2,0.01,"","mtada_aggregated","pleiotropy","bfdr_observed_fdp",0.2,0
20260817,5,500,15,3000,3000,3000,3000,"fast","control_informative",0.05,2,0.01,"","mtada_aggregated","pleiotropy","bfdr_estimate",0.2,0
20260817,5,500,15,3000,3000,3000,3000,"fast","control_informative",0.05,2,0.01,"","mtada_aggregated","pleiotropy","bfdr_power",0.2,0
20260817,5,500,15,3000,3000,3000,3000,"fast","control_informative",0.05,2,0.01,"","mtada_aggregated","pleiotropy","bfdr_discoveries",0.2,0
20260817,5,500,15,3000,3000,3000,3000,"fast","control_informative",0.05,2,0.01,"","mtada_aggregated","global","runtime_seconds",NA,0.918000000000006
20260817,5,500,15,3000,3000,3000,3000,"fast","control_informative",0.05,2,0.01,"","mtada_aggregated","pleiotropy","pi11_estimate",NA,0.00198906
20260818,6,500,15,3000,3000,3000,3000,"fast","control_informative",0.05,2,0.01,"","mirage_joint","trait1","auc",NA,0.743326315789474
20260818,6,500,15,3000,3000,3000,3000,"fast","control_informative",0.05,2,0.01,"","mirage_joint","trait2","auc",NA,0.683061224489796
20260818,6,500,15,3000,3000,3000,3000,"fast","control_informative",0.05,2,0.01,"","mirage_joint","pleiotropy","auc",NA,0.727272727272727
20260818,6,500,15,3000,3000,3000,3000,"fast","control_informative",0.05,2,0.01,"","mirage_joint","trait1","pp08_power",0.8,0.12
20260818,6,500,15,3000,3000,3000,3000,"fast","control_informative",0.05,2,0.01,"","mirage_joint","trait1","pp08_fdp",0.8,0
20260818,6,500,15,3000,3000,3000,3000,"fast","control_informative",0.05,2,0.01,"","mirage_joint","trait1","pp08_discoveries",0.8,3
20260818,6,500,15,3000,3000,3000,3000,"fast","control_informative",0.05,2,0.01,"","mirage_joint","trait2","pp08_power",0.8,0
20260818,6,500,15,3000,3000,3000,3000,"fast","control_informative",0.05,2,0.01,"","mirage_joint","trait2","pp08_fdp",0.8,0
20260818,6,500,15,3000,3000,3000,3000,"fast","control_informative",0.05,2,0.01,"","mirage_joint","trait2","pp08_discoveries",0.8,0
20260818,6,500,15,3000,3000,3000,3000,"fast","control_informative",0.05,2,0.01,"","mirage_joint","pleiotropy","pp08_power",0.8,0
20260818,6,500,15,3000,3000,3000,3000,"fast","control_informative",0.05,2,0.01,"","mirage_joint","pleiotropy","pp08_fdp",0.8,0
20260818,6,500,15,3000,3000,3000,3000,"fast","control_informative",0.05,2,0.01,"","mirage_joint","pleiotropy","pp08_discoveries",0.8,0
20260818,6,500,15,3000,3000,3000,3000,"fast","control_informative",0.05,2,0.01,"","mirage_joint","trait1","bfdr_observed_fdp",0.01,0
20260818,6,500,15,3000,3000,3000,3000,"fast","control_informative",0.05,2,0.01,"","mirage_joint","trait1","bfdr_estimate",0.01,0.00508033245856214
20260818,6,500,15,3000,3000,3000,3000,"fast","control_informative",0.05,2,0.01,"","mirage_joint","trait1","bfdr_power",0.01,0.12
20260818,6,500,15,3000,3000,3000,3000,"fast","control_informative",0.05,2,0.01,"","mirage_joint","trait1","bfdr_discoveries",0.01,3
20260818,6,500,15,3000,3000,3000,3000,"fast","control_informative",0.05,2,0.01,"","mirage_joint","trait1","bfdr_observed_fdp",0.05,0
20260818,6,500,15,3000,3000,3000,3000,"fast","control_informative",0.05,2,0.01,"","mirage_joint","trait1","bfdr_estimate",0.05,0.00508033245856214
20260818,6,500,15,3000,3000,3000,3000,"fast","control_informative",0.05,2,0.01,"","mirage_joint","trait1","bfdr_power",0.05,0.12
20260818,6,500,15,3000,3000,3000,3000,"fast","control_informative",0.05,2,0.01,"","mirage_joint","trait1","bfdr_discoveries",0.05,3
20260818,6,500,15,3000,3000,3000,3000,"fast","control_informative",0.05,2,0.01,"","mirage_joint","trait1","bfdr_observed_fdp",0.1,0
20260818,6,500,15,3000,3000,3000,3000,"fast","control_informative",0.05,2,0.01,"","mirage_joint","trait1","bfdr_estimate",0.1,0.00508033245856214
20260818,6,500,15,3000,3000,3000,3000,"fast","control_informative",0.05,2,0.01,"","mirage_joint","trait1","bfdr_power",0.1,0.12
20260818,6,500,15,3000,3000,3000,3000,"fast","control_informative",0.05,2,0.01,"","mirage_joint","trait1","bfdr_discoveries",0.1,3
20260818,6,500,15,3000,3000,3000,3000,"fast","control_informative",0.05,2,0.01,"","mirage_joint","trait1","bfdr_observed_fdp",0.2,0.25
20260818,6,500,15,3000,3000,3000,3000,"fast","control_informative",0.05,2,0.01,"","mirage_joint","trait1","bfdr_estimate",0.2,0.16173544835106
20260818,6,500,15,3000,3000,3000,3000,"fast","control_informative",0.05,2,0.01,"","mirage_joint","trait1","bfdr_power",0.2,0.12
20260818,6,500,15,3000,3000,3000,3000,"fast","control_informative",0.05,2,0.01,"","mirage_joint","trait1","bfdr_discoveries",0.2,4
20260818,6,500,15,3000,3000,3000,3000,"fast","control_informative",0.05,2,0.01,"","mirage_joint","trait2","bfdr_observed_fdp",0.01,0
20260818,6,500,15,3000,3000,3000,3000,"fast","control_informative",0.05,2,0.01,"","mirage_joint","trait2","bfdr_estimate",0.01,0
20260818,6,500,15,3000,3000,3000,3000,"fast","control_informative",0.05,2,0.01,"","mirage_joint","trait2","bfdr_power",0.01,0
20260818,6,500,15,3000,3000,3000,3000,"fast","control_informative",0.05,2,0.01,"","mirage_joint","trait2","bfdr_discoveries",0.01,0
20260818,6,500,15,3000,3000,3000,3000,"fast","control_informative",0.05,2,0.01,"","mirage_joint","trait2","bfdr_observed_fdp",0.05,0
20260818,6,500,15,3000,3000,3000,3000,"fast","control_informative",0.05,2,0.01,"","mirage_joint","trait2","bfdr_estimate",0.05,0
20260818,6,500,15,3000,3000,3000,3000,"fast","control_informative",0.05,2,0.01,"","mirage_joint","trait2","bfdr_power",0.05,0
20260818,6,500,15,3000,3000,3000,3000,"fast","control_informative",0.05,2,0.01,"","mirage_joint","trait2","bfdr_discoveries",0.05,0
20260818,6,500,15,3000,3000,3000,3000,"fast","control_informative",0.05,2,0.01,"","mirage_joint","trait2","bfdr_observed_fdp",0.1,0
20260818,6,500,15,3000,3000,3000,3000,"fast","control_informative",0.05,2,0.01,"","mirage_joint","trait2","bfdr_estimate",0.1,0
20260818,6,500,15,3000,3000,3000,3000,"fast","control_informative",0.05,2,0.01,"","mirage_joint","trait2","bfdr_power",0.1,0
20260818,6,500,15,3000,3000,3000,3000,"fast","control_informative",0.05,2,0.01,"","mirage_joint","trait2","bfdr_discoveries",0.1,0
20260818,6,500,15,3000,3000,3000,3000,"fast","control_informative",0.05,2,0.01,"","mirage_joint","trait2","bfdr_observed_fdp",0.2,0
20260818,6,500,15,3000,3000,3000,3000,"fast","control_informative",0.05,2,0.01,"","mirage_joint","trait2","bfdr_estimate",0.2,0
20260818,6,500,15,3000,3000,3000,3000,"fast","control_informative",0.05,2,0.01,"","mirage_joint","trait2","bfdr_power",0.2,0
20260818,6,500,15,3000,3000,3000,3000,"fast","control_informative",0.05,2,0.01,"","mirage_joint","trait2","bfdr_discoveries",0.2,0
20260818,6,500,15,3000,3000,3000,3000,"fast","control_informative",0.05,2,0.01,"","mirage_joint","pleiotropy","bfdr_observed_fdp",0.01,0
20260818,6,500,15,3000,3000,3000,3000,"fast","control_informative",0.05,2,0.01,"","mirage_joint","pleiotropy","bfdr_estimate",0.01,0
20260818,6,500,15,3000,3000,3000,3000,"fast","control_informative",0.05,2,0.01,"","mirage_joint","pleiotropy","bfdr_power",0.01,0
20260818,6,500,15,3000,3000,3000,3000,"fast","control_informative",0.05,2,0.01,"","mirage_joint","pleiotropy","bfdr_discoveries",0.01,0
20260818,6,500,15,3000,3000,3000,3000,"fast","control_informative",0.05,2,0.01,"","mirage_joint","pleiotropy","bfdr_observed_fdp",0.05,0
20260818,6,500,15,3000,3000,3000,3000,"fast","control_informative",0.05,2,0.01,"","mirage_joint","pleiotropy","bfdr_estimate",0.05,0
20260818,6,500,15,3000,3000,3000,3000,"fast","control_informative",0.05,2,0.01,"","mirage_joint","pleiotropy","bfdr_power",0.05,0
20260818,6,500,15,3000,3000,3000,3000,"fast","control_informative",0.05,2,0.01,"","mirage_joint","pleiotropy","bfdr_discoveries",0.05,0
20260818,6,500,15,3000,3000,3000,3000,"fast","control_informative",0.05,2,0.01,"","mirage_joint","pleiotropy","bfdr_observed_fdp",0.1,0
20260818,6,500,15,3000,3000,3000,3000,"fast","control_informative",0.05,2,0.01,"","mirage_joint","pleiotropy","bfdr_estimate",0.1,0
20260818,6,500,15,3000,3000,3000,3000,"fast","control_informative",0.05,2,0.01,"","mirage_joint","pleiotropy","bfdr_power",0.1,0
20260818,6,500,15,3000,3000,3000,3000,"fast","control_informative",0.05,2,0.01,"","mirage_joint","pleiotropy","bfdr_discoveries",0.1,0
20260818,6,500,15,3000,3000,3000,3000,"fast","control_informative",0.05,2,0.01,"","mirage_joint","pleiotropy","bfdr_observed_fdp",0.2,0
20260818,6,500,15,3000,3000,3000,3000,"fast","control_informative",0.05,2,0.01,"","mirage_joint","pleiotropy","bfdr_estimate",0.2,0
20260818,6,500,15,3000,3000,3000,3000,"fast","control_informative",0.05,2,0.01,"","mirage_joint","pleiotropy","bfdr_power",0.2,0
20260818,6,500,15,3000,3000,3000,3000,"fast","control_informative",0.05,2,0.01,"","mirage_joint","pleiotropy","bfdr_discoveries",0.2,0
20260818,6,500,15,3000,3000,3000,3000,"fast","control_informative",0.05,2,0.01,"","mirage_joint","global","runtime_seconds",NA,18.228
20260818,6,500,15,3000,3000,3000,3000,"fast","control_informative",0.05,2,0.01,"","mirage_joint","pleiotropy","pi11_estimate",NA,0.00656289817900513
20260818,6,500,15,3000,3000,3000,3000,"fast","control_informative",0.05,2,0.01,"","separate_mirage","trait1","auc",NA,0.752
20260818,6,500,15,3000,3000,3000,3000,"fast","control_informative",0.05,2,0.01,"","separate_mirage","trait2","auc",NA,0.601632653061224
20260818,6,500,15,3000,3000,3000,3000,"fast","control_informative",0.05,2,0.01,"","separate_mirage","pleiotropy","auc",NA,0.764848484848485
20260818,6,500,15,3000,3000,3000,3000,"fast","control_informative",0.05,2,0.01,"","separate_mirage","trait1","pp08_power",0.8,0.12
20260818,6,500,15,3000,3000,3000,3000,"fast","control_informative",0.05,2,0.01,"","separate_mirage","trait1","pp08_fdp",0.8,0
20260818,6,500,15,3000,3000,3000,3000,"fast","control_informative",0.05,2,0.01,"","separate_mirage","trait1","pp08_discoveries",0.8,3
20260818,6,500,15,3000,3000,3000,3000,"fast","control_informative",0.05,2,0.01,"","separate_mirage","trait2","pp08_power",0.8,0
20260818,6,500,15,3000,3000,3000,3000,"fast","control_informative",0.05,2,0.01,"","separate_mirage","trait2","pp08_fdp",0.8,0
20260818,6,500,15,3000,3000,3000,3000,"fast","control_informative",0.05,2,0.01,"","separate_mirage","trait2","pp08_discoveries",0.8,0
20260818,6,500,15,3000,3000,3000,3000,"fast","control_informative",0.05,2,0.01,"","separate_mirage","pleiotropy","pp08_power",0.8,0
20260818,6,500,15,3000,3000,3000,3000,"fast","control_informative",0.05,2,0.01,"","separate_mirage","pleiotropy","pp08_fdp",0.8,0
20260818,6,500,15,3000,3000,3000,3000,"fast","control_informative",0.05,2,0.01,"","separate_mirage","pleiotropy","pp08_discoveries",0.8,0
20260818,6,500,15,3000,3000,3000,3000,"fast","control_informative",0.05,2,0.01,"","separate_mirage","trait1","bfdr_observed_fdp",0.01,0
20260818,6,500,15,3000,3000,3000,3000,"fast","control_informative",0.05,2,0.01,"","separate_mirage","trait1","bfdr_estimate",0.01,0.00465992190387173
20260818,6,500,15,3000,3000,3000,3000,"fast","control_informative",0.05,2,0.01,"","separate_mirage","trait1","bfdr_power",0.01,0.12
20260818,6,500,15,3000,3000,3000,3000,"fast","control_informative",0.05,2,0.01,"","separate_mirage","trait1","bfdr_discoveries",0.01,3
20260818,6,500,15,3000,3000,3000,3000,"fast","control_informative",0.05,2,0.01,"","separate_mirage","trait1","bfdr_observed_fdp",0.05,0
20260818,6,500,15,3000,3000,3000,3000,"fast","control_informative",0.05,2,0.01,"","separate_mirage","trait1","bfdr_estimate",0.05,0.00465992190387173
20260818,6,500,15,3000,3000,3000,3000,"fast","control_informative",0.05,2,0.01,"","separate_mirage","trait1","bfdr_power",0.05,0.12
20260818,6,500,15,3000,3000,3000,3000,"fast","control_informative",0.05,2,0.01,"","separate_mirage","trait1","bfdr_discoveries",0.05,3
20260818,6,500,15,3000,3000,3000,3000,"fast","control_informative",0.05,2,0.01,"","separate_mirage","trait1","bfdr_observed_fdp",0.1,0
20260818,6,500,15,3000,3000,3000,3000,"fast","control_informative",0.05,2,0.01,"","separate_mirage","trait1","bfdr_estimate",0.1,0.00465992190387173
20260818,6,500,15,3000,3000,3000,3000,"fast","control_informative",0.05,2,0.01,"","separate_mirage","trait1","bfdr_power",0.1,0.12
20260818,6,500,15,3000,3000,3000,3000,"fast","control_informative",0.05,2,0.01,"","separate_mirage","trait1","bfdr_discoveries",0.1,3
20260818,6,500,15,3000,3000,3000,3000,"fast","control_informative",0.05,2,0.01,"","separate_mirage","trait1","bfdr_observed_fdp",0.2,0
20260818,6,500,15,3000,3000,3000,3000,"fast","control_informative",0.05,2,0.01,"","separate_mirage","trait1","bfdr_estimate",0.2,0.165457159461808
20260818,6,500,15,3000,3000,3000,3000,"fast","control_informative",0.05,2,0.01,"","separate_mirage","trait1","bfdr_power",0.2,0.16
20260818,6,500,15,3000,3000,3000,3000,"fast","control_informative",0.05,2,0.01,"","separate_mirage","trait1","bfdr_discoveries",0.2,4
20260818,6,500,15,3000,3000,3000,3000,"fast","control_informative",0.05,2,0.01,"","separate_mirage","trait2","bfdr_observed_fdp",0.01,0
20260818,6,500,15,3000,3000,3000,3000,"fast","control_informative",0.05,2,0.01,"","separate_mirage","trait2","bfdr_estimate",0.01,0
20260818,6,500,15,3000,3000,3000,3000,"fast","control_informative",0.05,2,0.01,"","separate_mirage","trait2","bfdr_power",0.01,0
20260818,6,500,15,3000,3000,3000,3000,"fast","control_informative",0.05,2,0.01,"","separate_mirage","trait2","bfdr_discoveries",0.01,0
20260818,6,500,15,3000,3000,3000,3000,"fast","control_informative",0.05,2,0.01,"","separate_mirage","trait2","bfdr_observed_fdp",0.05,0
20260818,6,500,15,3000,3000,3000,3000,"fast","control_informative",0.05,2,0.01,"","separate_mirage","trait2","bfdr_estimate",0.05,0
20260818,6,500,15,3000,3000,3000,3000,"fast","control_informative",0.05,2,0.01,"","separate_mirage","trait2","bfdr_power",0.05,0
20260818,6,500,15,3000,3000,3000,3000,"fast","control_informative",0.05,2,0.01,"","separate_mirage","trait2","bfdr_discoveries",0.05,0
20260818,6,500,15,3000,3000,3000,3000,"fast","control_informative",0.05,2,0.01,"","separate_mirage","trait2","bfdr_observed_fdp",0.1,0
20260818,6,500,15,3000,3000,3000,3000,"fast","control_informative",0.05,2,0.01,"","separate_mirage","trait2","bfdr_estimate",0.1,0
20260818,6,500,15,3000,3000,3000,3000,"fast","control_informative",0.05,2,0.01,"","separate_mirage","trait2","bfdr_power",0.1,0
20260818,6,500,15,3000,3000,3000,3000,"fast","control_informative",0.05,2,0.01,"","separate_mirage","trait2","bfdr_discoveries",0.1,0
20260818,6,500,15,3000,3000,3000,3000,"fast","control_informative",0.05,2,0.01,"","separate_mirage","trait2","bfdr_observed_fdp",0.2,0
20260818,6,500,15,3000,3000,3000,3000,"fast","control_informative",0.05,2,0.01,"","separate_mirage","trait2","bfdr_estimate",0.2,0
20260818,6,500,15,3000,3000,3000,3000,"fast","control_informative",0.05,2,0.01,"","separate_mirage","trait2","bfdr_power",0.2,0
20260818,6,500,15,3000,3000,3000,3000,"fast","control_informative",0.05,2,0.01,"","separate_mirage","trait2","bfdr_discoveries",0.2,0
20260818,6,500,15,3000,3000,3000,3000,"fast","control_informative",0.05,2,0.01,"","separate_mirage","pleiotropy","bfdr_observed_fdp",0.01,0
20260818,6,500,15,3000,3000,3000,3000,"fast","control_informative",0.05,2,0.01,"","separate_mirage","pleiotropy","bfdr_estimate",0.01,0
20260818,6,500,15,3000,3000,3000,3000,"fast","control_informative",0.05,2,0.01,"","separate_mirage","pleiotropy","bfdr_power",0.01,0
20260818,6,500,15,3000,3000,3000,3000,"fast","control_informative",0.05,2,0.01,"","separate_mirage","pleiotropy","bfdr_discoveries",0.01,0
20260818,6,500,15,3000,3000,3000,3000,"fast","control_informative",0.05,2,0.01,"","separate_mirage","pleiotropy","bfdr_observed_fdp",0.05,0
20260818,6,500,15,3000,3000,3000,3000,"fast","control_informative",0.05,2,0.01,"","separate_mirage","pleiotropy","bfdr_estimate",0.05,0
20260818,6,500,15,3000,3000,3000,3000,"fast","control_informative",0.05,2,0.01,"","separate_mirage","pleiotropy","bfdr_power",0.05,0
20260818,6,500,15,3000,3000,3000,3000,"fast","control_informative",0.05,2,0.01,"","separate_mirage","pleiotropy","bfdr_discoveries",0.05,0
20260818,6,500,15,3000,3000,3000,3000,"fast","control_informative",0.05,2,0.01,"","separate_mirage","pleiotropy","bfdr_observed_fdp",0.1,0
20260818,6,500,15,3000,3000,3000,3000,"fast","control_informative",0.05,2,0.01,"","separate_mirage","pleiotropy","bfdr_estimate",0.1,0
20260818,6,500,15,3000,3000,3000,3000,"fast","control_informative",0.05,2,0.01,"","separate_mirage","pleiotropy","bfdr_power",0.1,0
20260818,6,500,15,3000,3000,3000,3000,"fast","control_informative",0.05,2,0.01,"","separate_mirage","pleiotropy","bfdr_discoveries",0.1,0
20260818,6,500,15,3000,3000,3000,3000,"fast","control_informative",0.05,2,0.01,"","separate_mirage","pleiotropy","bfdr_observed_fdp",0.2,0
20260818,6,500,15,3000,3000,3000,3000,"fast","control_informative",0.05,2,0.01,"","separate_mirage","pleiotropy","bfdr_estimate",0.2,0
20260818,6,500,15,3000,3000,3000,3000,"fast","control_informative",0.05,2,0.01,"","separate_mirage","pleiotropy","bfdr_power",0.2,0
20260818,6,500,15,3000,3000,3000,3000,"fast","control_informative",0.05,2,0.01,"","separate_mirage","pleiotropy","bfdr_discoveries",0.2,0
20260818,6,500,15,3000,3000,3000,3000,"fast","control_informative",0.05,2,0.01,"","separate_mirage","global","runtime_seconds",NA,18.724
20260818,6,500,15,3000,3000,3000,3000,"fast","control_informative",0.05,2,0.01,"","separate_mirage","pleiotropy","pi11_estimate",NA,0.001
20260818,6,500,15,3000,3000,3000,3000,"fast","control_informative",0.05,2,0.01,"","mtada_aggregated","trait1","auc",NA,0.731705263157895
20260818,6,500,15,3000,3000,3000,3000,"fast","control_informative",0.05,2,0.01,"","mtada_aggregated","trait2","auc",NA,0.641224489795918
20260818,6,500,15,3000,3000,3000,3000,"fast","control_informative",0.05,2,0.01,"","mtada_aggregated","pleiotropy","auc",NA,0.684848484848485
20260818,6,500,15,3000,3000,3000,3000,"fast","control_informative",0.05,2,0.01,"","mtada_aggregated","trait1","pp08_power",0.8,0.16
20260818,6,500,15,3000,3000,3000,3000,"fast","control_informative",0.05,2,0.01,"","mtada_aggregated","trait1","pp08_fdp",0.8,0
20260818,6,500,15,3000,3000,3000,3000,"fast","control_informative",0.05,2,0.01,"","mtada_aggregated","trait1","pp08_discoveries",0.8,4
20260818,6,500,15,3000,3000,3000,3000,"fast","control_informative",0.05,2,0.01,"","mtada_aggregated","trait2","pp08_power",0.8,0
20260818,6,500,15,3000,3000,3000,3000,"fast","control_informative",0.05,2,0.01,"","mtada_aggregated","trait2","pp08_fdp",0.8,1
20260818,6,500,15,3000,3000,3000,3000,"fast","control_informative",0.05,2,0.01,"","mtada_aggregated","trait2","pp08_discoveries",0.8,1
20260818,6,500,15,3000,3000,3000,3000,"fast","control_informative",0.05,2,0.01,"","mtada_aggregated","pleiotropy","pp08_power",0.8,0
20260818,6,500,15,3000,3000,3000,3000,"fast","control_informative",0.05,2,0.01,"","mtada_aggregated","pleiotropy","pp08_fdp",0.8,0
20260818,6,500,15,3000,3000,3000,3000,"fast","control_informative",0.05,2,0.01,"","mtada_aggregated","pleiotropy","pp08_discoveries",0.8,0
20260818,6,500,15,3000,3000,3000,3000,"fast","control_informative",0.05,2,0.01,"","mtada_aggregated","trait1","bfdr_observed_fdp",0.01,0
20260818,6,500,15,3000,3000,3000,3000,"fast","control_informative",0.05,2,0.01,"","mtada_aggregated","trait1","bfdr_estimate",0.01,0.00193833284871237
20260818,6,500,15,3000,3000,3000,3000,"fast","control_informative",0.05,2,0.01,"","mtada_aggregated","trait1","bfdr_power",0.01,0.16
20260818,6,500,15,3000,3000,3000,3000,"fast","control_informative",0.05,2,0.01,"","mtada_aggregated","trait1","bfdr_discoveries",0.01,4
20260818,6,500,15,3000,3000,3000,3000,"fast","control_informative",0.05,2,0.01,"","mtada_aggregated","trait1","bfdr_observed_fdp",0.05,0
20260818,6,500,15,3000,3000,3000,3000,"fast","control_informative",0.05,2,0.01,"","mtada_aggregated","trait1","bfdr_estimate",0.05,0.00193833284871237
20260818,6,500,15,3000,3000,3000,3000,"fast","control_informative",0.05,2,0.01,"","mtada_aggregated","trait1","bfdr_power",0.05,0.16
20260818,6,500,15,3000,3000,3000,3000,"fast","control_informative",0.05,2,0.01,"","mtada_aggregated","trait1","bfdr_discoveries",0.05,4
20260818,6,500,15,3000,3000,3000,3000,"fast","control_informative",0.05,2,0.01,"","mtada_aggregated","trait1","bfdr_observed_fdp",0.1,0.2
20260818,6,500,15,3000,3000,3000,3000,"fast","control_informative",0.05,2,0.01,"","mtada_aggregated","trait1","bfdr_estimate",0.1,0.0695534770951841
20260818,6,500,15,3000,3000,3000,3000,"fast","control_informative",0.05,2,0.01,"","mtada_aggregated","trait1","bfdr_power",0.1,0.16
20260818,6,500,15,3000,3000,3000,3000,"fast","control_informative",0.05,2,0.01,"","mtada_aggregated","trait1","bfdr_discoveries",0.1,5
20260818,6,500,15,3000,3000,3000,3000,"fast","control_informative",0.05,2,0.01,"","mtada_aggregated","trait1","bfdr_observed_fdp",0.2,0.166666666666667
20260818,6,500,15,3000,3000,3000,3000,"fast","control_informative",0.05,2,0.01,"","mtada_aggregated","trait1","bfdr_estimate",0.2,0.14820439519037
20260818,6,500,15,3000,3000,3000,3000,"fast","control_informative",0.05,2,0.01,"","mtada_aggregated","trait1","bfdr_power",0.2,0.2
20260818,6,500,15,3000,3000,3000,3000,"fast","control_informative",0.05,2,0.01,"","mtada_aggregated","trait1","bfdr_discoveries",0.2,6
20260818,6,500,15,3000,3000,3000,3000,"fast","control_informative",0.05,2,0.01,"","mtada_aggregated","trait2","bfdr_observed_fdp",0.01,0
20260818,6,500,15,3000,3000,3000,3000,"fast","control_informative",0.05,2,0.01,"","mtada_aggregated","trait2","bfdr_estimate",0.01,0
20260818,6,500,15,3000,3000,3000,3000,"fast","control_informative",0.05,2,0.01,"","mtada_aggregated","trait2","bfdr_power",0.01,0
20260818,6,500,15,3000,3000,3000,3000,"fast","control_informative",0.05,2,0.01,"","mtada_aggregated","trait2","bfdr_discoveries",0.01,0
20260818,6,500,15,3000,3000,3000,3000,"fast","control_informative",0.05,2,0.01,"","mtada_aggregated","trait2","bfdr_observed_fdp",0.05,1
20260818,6,500,15,3000,3000,3000,3000,"fast","control_informative",0.05,2,0.01,"","mtada_aggregated","trait2","bfdr_estimate",0.05,0.01118932491201
20260818,6,500,15,3000,3000,3000,3000,"fast","control_informative",0.05,2,0.01,"","mtada_aggregated","trait2","bfdr_power",0.05,0
20260818,6,500,15,3000,3000,3000,3000,"fast","control_informative",0.05,2,0.01,"","mtada_aggregated","trait2","bfdr_discoveries",0.05,1
20260818,6,500,15,3000,3000,3000,3000,"fast","control_informative",0.05,2,0.01,"","mtada_aggregated","trait2","bfdr_observed_fdp",0.1,1
20260818,6,500,15,3000,3000,3000,3000,"fast","control_informative",0.05,2,0.01,"","mtada_aggregated","trait2","bfdr_estimate",0.1,0.01118932491201
20260818,6,500,15,3000,3000,3000,3000,"fast","control_informative",0.05,2,0.01,"","mtada_aggregated","trait2","bfdr_power",0.1,0
20260818,6,500,15,3000,3000,3000,3000,"fast","control_informative",0.05,2,0.01,"","mtada_aggregated","trait2","bfdr_discoveries",0.1,1
20260818,6,500,15,3000,3000,3000,3000,"fast","control_informative",0.05,2,0.01,"","mtada_aggregated","trait2","bfdr_observed_fdp",0.2,1
20260818,6,500,15,3000,3000,3000,3000,"fast","control_informative",0.05,2,0.01,"","mtada_aggregated","trait2","bfdr_estimate",0.2,0.192586059968414
20260818,6,500,15,3000,3000,3000,3000,"fast","control_informative",0.05,2,0.01,"","mtada_aggregated","trait2","bfdr_power",0.2,0
20260818,6,500,15,3000,3000,3000,3000,"fast","control_informative",0.05,2,0.01,"","mtada_aggregated","trait2","bfdr_discoveries",0.2,3
20260818,6,500,15,3000,3000,3000,3000,"fast","control_informative",0.05,2,0.01,"","mtada_aggregated","pleiotropy","bfdr_observed_fdp",0.01,0
20260818,6,500,15,3000,3000,3000,3000,"fast","control_informative",0.05,2,0.01,"","mtada_aggregated","pleiotropy","bfdr_estimate",0.01,0
20260818,6,500,15,3000,3000,3000,3000,"fast","control_informative",0.05,2,0.01,"","mtada_aggregated","pleiotropy","bfdr_power",0.01,0
20260818,6,500,15,3000,3000,3000,3000,"fast","control_informative",0.05,2,0.01,"","mtada_aggregated","pleiotropy","bfdr_discoveries",0.01,0
20260818,6,500,15,3000,3000,3000,3000,"fast","control_informative",0.05,2,0.01,"","mtada_aggregated","pleiotropy","bfdr_observed_fdp",0.05,0
20260818,6,500,15,3000,3000,3000,3000,"fast","control_informative",0.05,2,0.01,"","mtada_aggregated","pleiotropy","bfdr_estimate",0.05,0
20260818,6,500,15,3000,3000,3000,3000,"fast","control_informative",0.05,2,0.01,"","mtada_aggregated","pleiotropy","bfdr_power",0.05,0
20260818,6,500,15,3000,3000,3000,3000,"fast","control_informative",0.05,2,0.01,"","mtada_aggregated","pleiotropy","bfdr_discoveries",0.05,0
20260818,6,500,15,3000,3000,3000,3000,"fast","control_informative",0.05,2,0.01,"","mtada_aggregated","pleiotropy","bfdr_observed_fdp",0.1,0
20260818,6,500,15,3000,3000,3000,3000,"fast","control_informative",0.05,2,0.01,"","mtada_aggregated","pleiotropy","bfdr_estimate",0.1,0
20260818,6,500,15,3000,3000,3000,3000,"fast","control_informative",0.05,2,0.01,"","mtada_aggregated","pleiotropy","bfdr_power",0.1,0
20260818,6,500,15,3000,3000,3000,3000,"fast","control_informative",0.05,2,0.01,"","mtada_aggregated","pleiotropy","bfdr_discoveries",0.1,0
20260818,6,500,15,3000,3000,3000,3000,"fast","control_informative",0.05,2,0.01,"","mtada_aggregated","pleiotropy","bfdr_observed_fdp",0.2,0
20260818,6,500,15,3000,3000,3000,3000,"fast","control_informative",0.05,2,0.01,"","mtada_aggregated","pleiotropy","bfdr_estimate",0.2,0
20260818,6,500,15,3000,3000,3000,3000,"fast","control_informative",0.05,2,0.01,"","mtada_aggregated","pleiotropy","bfdr_power",0.2,0
20260818,6,500,15,3000,3000,3000,3000,"fast","control_informative",0.05,2,0.01,"","mtada_aggregated","pleiotropy","bfdr_discoveries",0.2,0
20260818,6,500,15,3000,3000,3000,3000,"fast","control_informative",0.05,2,0.01,"","mtada_aggregated","global","runtime_seconds",NA,0.694999999999993
20260818,6,500,15,3000,3000,3000,3000,"fast","control_informative",0.05,2,0.01,"","mtada_aggregated","pleiotropy","pi11_estimate",NA,0.00275694
20260819,7,500,15,3000,3000,3000,3000,"fast","control_informative",0.05,2,0.01,"","mirage_joint","trait1","auc",NA,0.631326315789474
20260819,7,500,15,3000,3000,3000,3000,"fast","control_informative",0.05,2,0.01,"","mirage_joint","trait2","auc",NA,0.562244897959184
20260819,7,500,15,3000,3000,3000,3000,"fast","control_informative",0.05,2,0.01,"","mirage_joint","pleiotropy","auc",NA,0.614141414141414
20260819,7,500,15,3000,3000,3000,3000,"fast","control_informative",0.05,2,0.01,"","mirage_joint","trait1","pp08_power",0.8,0.08
20260819,7,500,15,3000,3000,3000,3000,"fast","control_informative",0.05,2,0.01,"","mirage_joint","trait1","pp08_fdp",0.8,0
20260819,7,500,15,3000,3000,3000,3000,"fast","control_informative",0.05,2,0.01,"","mirage_joint","trait1","pp08_discoveries",0.8,2
20260819,7,500,15,3000,3000,3000,3000,"fast","control_informative",0.05,2,0.01,"","mirage_joint","trait2","pp08_power",0.8,0
20260819,7,500,15,3000,3000,3000,3000,"fast","control_informative",0.05,2,0.01,"","mirage_joint","trait2","pp08_fdp",0.8,0
20260819,7,500,15,3000,3000,3000,3000,"fast","control_informative",0.05,2,0.01,"","mirage_joint","trait2","pp08_discoveries",0.8,0
20260819,7,500,15,3000,3000,3000,3000,"fast","control_informative",0.05,2,0.01,"","mirage_joint","pleiotropy","pp08_power",0.8,0
20260819,7,500,15,3000,3000,3000,3000,"fast","control_informative",0.05,2,0.01,"","mirage_joint","pleiotropy","pp08_fdp",0.8,0
20260819,7,500,15,3000,3000,3000,3000,"fast","control_informative",0.05,2,0.01,"","mirage_joint","pleiotropy","pp08_discoveries",0.8,0
20260819,7,500,15,3000,3000,3000,3000,"fast","control_informative",0.05,2,0.01,"","mirage_joint","trait1","bfdr_observed_fdp",0.01,0
20260819,7,500,15,3000,3000,3000,3000,"fast","control_informative",0.05,2,0.01,"","mirage_joint","trait1","bfdr_estimate",0.01,0.000563606465000754
20260819,7,500,15,3000,3000,3000,3000,"fast","control_informative",0.05,2,0.01,"","mirage_joint","trait1","bfdr_power",0.01,0.04
20260819,7,500,15,3000,3000,3000,3000,"fast","control_informative",0.05,2,0.01,"","mirage_joint","trait1","bfdr_discoveries",0.01,1
20260819,7,500,15,3000,3000,3000,3000,"fast","control_informative",0.05,2,0.01,"","mirage_joint","trait1","bfdr_observed_fdp",0.05,0
20260819,7,500,15,3000,3000,3000,3000,"fast","control_informative",0.05,2,0.01,"","mirage_joint","trait1","bfdr_estimate",0.05,0.0376993982929389
20260819,7,500,15,3000,3000,3000,3000,"fast","control_informative",0.05,2,0.01,"","mirage_joint","trait1","bfdr_power",0.05,0.08
20260819,7,500,15,3000,3000,3000,3000,"fast","control_informative",0.05,2,0.01,"","mirage_joint","trait1","bfdr_discoveries",0.05,2
20260819,7,500,15,3000,3000,3000,3000,"fast","control_informative",0.05,2,0.01,"","mirage_joint","trait1","bfdr_observed_fdp",0.1,0
20260819,7,500,15,3000,3000,3000,3000,"fast","control_informative",0.05,2,0.01,"","mirage_joint","trait1","bfdr_estimate",0.1,0.0376993982929389
20260819,7,500,15,3000,3000,3000,3000,"fast","control_informative",0.05,2,0.01,"","mirage_joint","trait1","bfdr_power",0.1,0.08
20260819,7,500,15,3000,3000,3000,3000,"fast","control_informative",0.05,2,0.01,"","mirage_joint","trait1","bfdr_discoveries",0.1,2
20260819,7,500,15,3000,3000,3000,3000,"fast","control_informative",0.05,2,0.01,"","mirage_joint","trait1","bfdr_observed_fdp",0.2,0
20260819,7,500,15,3000,3000,3000,3000,"fast","control_informative",0.05,2,0.01,"","mirage_joint","trait1","bfdr_estimate",0.2,0.0376993982929389
20260819,7,500,15,3000,3000,3000,3000,"fast","control_informative",0.05,2,0.01,"","mirage_joint","trait1","bfdr_power",0.2,0.08
20260819,7,500,15,3000,3000,3000,3000,"fast","control_informative",0.05,2,0.01,"","mirage_joint","trait1","bfdr_discoveries",0.2,2
20260819,7,500,15,3000,3000,3000,3000,"fast","control_informative",0.05,2,0.01,"","mirage_joint","trait2","bfdr_observed_fdp",0.01,0
20260819,7,500,15,3000,3000,3000,3000,"fast","control_informative",0.05,2,0.01,"","mirage_joint","trait2","bfdr_estimate",0.01,0
20260819,7,500,15,3000,3000,3000,3000,"fast","control_informative",0.05,2,0.01,"","mirage_joint","trait2","bfdr_power",0.01,0
20260819,7,500,15,3000,3000,3000,3000,"fast","control_informative",0.05,2,0.01,"","mirage_joint","trait2","bfdr_discoveries",0.01,0
20260819,7,500,15,3000,3000,3000,3000,"fast","control_informative",0.05,2,0.01,"","mirage_joint","trait2","bfdr_observed_fdp",0.05,0
20260819,7,500,15,3000,3000,3000,3000,"fast","control_informative",0.05,2,0.01,"","mirage_joint","trait2","bfdr_estimate",0.05,0
20260819,7,500,15,3000,3000,3000,3000,"fast","control_informative",0.05,2,0.01,"","mirage_joint","trait2","bfdr_power",0.05,0
20260819,7,500,15,3000,3000,3000,3000,"fast","control_informative",0.05,2,0.01,"","mirage_joint","trait2","bfdr_discoveries",0.05,0
20260819,7,500,15,3000,3000,3000,3000,"fast","control_informative",0.05,2,0.01,"","mirage_joint","trait2","bfdr_observed_fdp",0.1,0
20260819,7,500,15,3000,3000,3000,3000,"fast","control_informative",0.05,2,0.01,"","mirage_joint","trait2","bfdr_estimate",0.1,0
20260819,7,500,15,3000,3000,3000,3000,"fast","control_informative",0.05,2,0.01,"","mirage_joint","trait2","bfdr_power",0.1,0
20260819,7,500,15,3000,3000,3000,3000,"fast","control_informative",0.05,2,0.01,"","mirage_joint","trait2","bfdr_discoveries",0.1,0
20260819,7,500,15,3000,3000,3000,3000,"fast","control_informative",0.05,2,0.01,"","mirage_joint","trait2","bfdr_observed_fdp",0.2,0
20260819,7,500,15,3000,3000,3000,3000,"fast","control_informative",0.05,2,0.01,"","mirage_joint","trait2","bfdr_estimate",0.2,0
20260819,7,500,15,3000,3000,3000,3000,"fast","control_informative",0.05,2,0.01,"","mirage_joint","trait2","bfdr_power",0.2,0
20260819,7,500,15,3000,3000,3000,3000,"fast","control_informative",0.05,2,0.01,"","mirage_joint","trait2","bfdr_discoveries",0.2,0
20260819,7,500,15,3000,3000,3000,3000,"fast","control_informative",0.05,2,0.01,"","mirage_joint","pleiotropy","bfdr_observed_fdp",0.01,0
20260819,7,500,15,3000,3000,3000,3000,"fast","control_informative",0.05,2,0.01,"","mirage_joint","pleiotropy","bfdr_estimate",0.01,0
20260819,7,500,15,3000,3000,3000,3000,"fast","control_informative",0.05,2,0.01,"","mirage_joint","pleiotropy","bfdr_power",0.01,0
20260819,7,500,15,3000,3000,3000,3000,"fast","control_informative",0.05,2,0.01,"","mirage_joint","pleiotropy","bfdr_discoveries",0.01,0
20260819,7,500,15,3000,3000,3000,3000,"fast","control_informative",0.05,2,0.01,"","mirage_joint","pleiotropy","bfdr_observed_fdp",0.05,0
20260819,7,500,15,3000,3000,3000,3000,"fast","control_informative",0.05,2,0.01,"","mirage_joint","pleiotropy","bfdr_estimate",0.05,0
20260819,7,500,15,3000,3000,3000,3000,"fast","control_informative",0.05,2,0.01,"","mirage_joint","pleiotropy","bfdr_power",0.05,0
20260819,7,500,15,3000,3000,3000,3000,"fast","control_informative",0.05,2,0.01,"","mirage_joint","pleiotropy","bfdr_discoveries",0.05,0
20260819,7,500,15,3000,3000,3000,3000,"fast","control_informative",0.05,2,0.01,"","mirage_joint","pleiotropy","bfdr_observed_fdp",0.1,0
20260819,7,500,15,3000,3000,3000,3000,"fast","control_informative",0.05,2,0.01,"","mirage_joint","pleiotropy","bfdr_estimate",0.1,0
20260819,7,500,15,3000,3000,3000,3000,"fast","control_informative",0.05,2,0.01,"","mirage_joint","pleiotropy","bfdr_power",0.1,0
20260819,7,500,15,3000,3000,3000,3000,"fast","control_informative",0.05,2,0.01,"","mirage_joint","pleiotropy","bfdr_discoveries",0.1,0
20260819,7,500,15,3000,3000,3000,3000,"fast","control_informative",0.05,2,0.01,"","mirage_joint","pleiotropy","bfdr_observed_fdp",0.2,0
20260819,7,500,15,3000,3000,3000,3000,"fast","control_informative",0.05,2,0.01,"","mirage_joint","pleiotropy","bfdr_estimate",0.2,0
20260819,7,500,15,3000,3000,3000,3000,"fast","control_informative",0.05,2,0.01,"","mirage_joint","pleiotropy","bfdr_power",0.2,0
20260819,7,500,15,3000,3000,3000,3000,"fast","control_informative",0.05,2,0.01,"","mirage_joint","pleiotropy","bfdr_discoveries",0.2,0
20260819,7,500,15,3000,3000,3000,3000,"fast","control_informative",0.05,2,0.01,"","mirage_joint","global","runtime_seconds",NA,18.44
20260819,7,500,15,3000,3000,3000,3000,"fast","control_informative",0.05,2,0.01,"","mirage_joint","pleiotropy","pi11_estimate",NA,0.038854784074578
20260819,7,500,15,3000,3000,3000,3000,"fast","control_informative",0.05,2,0.01,"","separate_mirage","trait1","auc",NA,0.680926315789474
20260819,7,500,15,3000,3000,3000,3000,"fast","control_informative",0.05,2,0.01,"","separate_mirage","trait2","auc",NA,0.528571428571429
20260819,7,500,15,3000,3000,3000,3000,"fast","control_informative",0.05,2,0.01,"","separate_mirage","pleiotropy","auc",NA,0.621010101010101
20260819,7,500,15,3000,3000,3000,3000,"fast","control_informative",0.05,2,0.01,"","separate_mirage","trait1","pp08_power",0.8,0.08
20260819,7,500,15,3000,3000,3000,3000,"fast","control_informative",0.05,2,0.01,"","separate_mirage","trait1","pp08_fdp",0.8,0
20260819,7,500,15,3000,3000,3000,3000,"fast","control_informative",0.05,2,0.01,"","separate_mirage","trait1","pp08_discoveries",0.8,2
20260819,7,500,15,3000,3000,3000,3000,"fast","control_informative",0.05,2,0.01,"","separate_mirage","trait2","pp08_power",0.8,0
20260819,7,500,15,3000,3000,3000,3000,"fast","control_informative",0.05,2,0.01,"","separate_mirage","trait2","pp08_fdp",0.8,0
20260819,7,500,15,3000,3000,3000,3000,"fast","control_informative",0.05,2,0.01,"","separate_mirage","trait2","pp08_discoveries",0.8,0
20260819,7,500,15,3000,3000,3000,3000,"fast","control_informative",0.05,2,0.01,"","separate_mirage","pleiotropy","pp08_power",0.8,0
20260819,7,500,15,3000,3000,3000,3000,"fast","control_informative",0.05,2,0.01,"","separate_mirage","pleiotropy","pp08_fdp",0.8,0
20260819,7,500,15,3000,3000,3000,3000,"fast","control_informative",0.05,2,0.01,"","separate_mirage","pleiotropy","pp08_discoveries",0.8,0
20260819,7,500,15,3000,3000,3000,3000,"fast","control_informative",0.05,2,0.01,"","separate_mirage","trait1","bfdr_observed_fdp",0.01,0
20260819,7,500,15,3000,3000,3000,3000,"fast","control_informative",0.05,2,0.01,"","separate_mirage","trait1","bfdr_estimate",0.01,0.000625102971232194
20260819,7,500,15,3000,3000,3000,3000,"fast","control_informative",0.05,2,0.01,"","separate_mirage","trait1","bfdr_power",0.01,0.04
20260819,7,500,15,3000,3000,3000,3000,"fast","control_informative",0.05,2,0.01,"","separate_mirage","trait1","bfdr_discoveries",0.01,1
20260819,7,500,15,3000,3000,3000,3000,"fast","control_informative",0.05,2,0.01,"","separate_mirage","trait1","bfdr_observed_fdp",0.05,0
20260819,7,500,15,3000,3000,3000,3000,"fast","control_informative",0.05,2,0.01,"","separate_mirage","trait1","bfdr_estimate",0.05,0.000625102971232194
20260819,7,500,15,3000,3000,3000,3000,"fast","control_informative",0.05,2,0.01,"","separate_mirage","trait1","bfdr_power",0.05,0.04
20260819,7,500,15,3000,3000,3000,3000,"fast","control_informative",0.05,2,0.01,"","separate_mirage","trait1","bfdr_discoveries",0.05,1
20260819,7,500,15,3000,3000,3000,3000,"fast","control_informative",0.05,2,0.01,"","separate_mirage","trait1","bfdr_observed_fdp",0.1,0
20260819,7,500,15,3000,3000,3000,3000,"fast","control_informative",0.05,2,0.01,"","separate_mirage","trait1","bfdr_estimate",0.1,0.0784180142148013
20260819,7,500,15,3000,3000,3000,3000,"fast","control_informative",0.05,2,0.01,"","separate_mirage","trait1","bfdr_power",0.1,0.08
20260819,7,500,15,3000,3000,3000,3000,"fast","control_informative",0.05,2,0.01,"","separate_mirage","trait1","bfdr_discoveries",0.1,2
20260819,7,500,15,3000,3000,3000,3000,"fast","control_informative",0.05,2,0.01,"","separate_mirage","trait1","bfdr_observed_fdp",0.2,0
20260819,7,500,15,3000,3000,3000,3000,"fast","control_informative",0.05,2,0.01,"","separate_mirage","trait1","bfdr_estimate",0.2,0.0784180142148013
20260819,7,500,15,3000,3000,3000,3000,"fast","control_informative",0.05,2,0.01,"","separate_mirage","trait1","bfdr_power",0.2,0.08
20260819,7,500,15,3000,3000,3000,3000,"fast","control_informative",0.05,2,0.01,"","separate_mirage","trait1","bfdr_discoveries",0.2,2
20260819,7,500,15,3000,3000,3000,3000,"fast","control_informative",0.05,2,0.01,"","separate_mirage","trait2","bfdr_observed_fdp",0.01,0
20260819,7,500,15,3000,3000,3000,3000,"fast","control_informative",0.05,2,0.01,"","separate_mirage","trait2","bfdr_estimate",0.01,0
20260819,7,500,15,3000,3000,3000,3000,"fast","control_informative",0.05,2,0.01,"","separate_mirage","trait2","bfdr_power",0.01,0
20260819,7,500,15,3000,3000,3000,3000,"fast","control_informative",0.05,2,0.01,"","separate_mirage","trait2","bfdr_discoveries",0.01,0
20260819,7,500,15,3000,3000,3000,3000,"fast","control_informative",0.05,2,0.01,"","separate_mirage","trait2","bfdr_observed_fdp",0.05,0
20260819,7,500,15,3000,3000,3000,3000,"fast","control_informative",0.05,2,0.01,"","separate_mirage","trait2","bfdr_estimate",0.05,0
20260819,7,500,15,3000,3000,3000,3000,"fast","control_informative",0.05,2,0.01,"","separate_mirage","trait2","bfdr_power",0.05,0
20260819,7,500,15,3000,3000,3000,3000,"fast","control_informative",0.05,2,0.01,"","separate_mirage","trait2","bfdr_discoveries",0.05,0
20260819,7,500,15,3000,3000,3000,3000,"fast","control_informative",0.05,2,0.01,"","separate_mirage","trait2","bfdr_observed_fdp",0.1,0
20260819,7,500,15,3000,3000,3000,3000,"fast","control_informative",0.05,2,0.01,"","separate_mirage","trait2","bfdr_estimate",0.1,0
20260819,7,500,15,3000,3000,3000,3000,"fast","control_informative",0.05,2,0.01,"","separate_mirage","trait2","bfdr_power",0.1,0
20260819,7,500,15,3000,3000,3000,3000,"fast","control_informative",0.05,2,0.01,"","separate_mirage","trait2","bfdr_discoveries",0.1,0
20260819,7,500,15,3000,3000,3000,3000,"fast","control_informative",0.05,2,0.01,"","separate_mirage","trait2","bfdr_observed_fdp",0.2,0
20260819,7,500,15,3000,3000,3000,3000,"fast","control_informative",0.05,2,0.01,"","separate_mirage","trait2","bfdr_estimate",0.2,0
20260819,7,500,15,3000,3000,3000,3000,"fast","control_informative",0.05,2,0.01,"","separate_mirage","trait2","bfdr_power",0.2,0
20260819,7,500,15,3000,3000,3000,3000,"fast","control_informative",0.05,2,0.01,"","separate_mirage","trait2","bfdr_discoveries",0.2,0
20260819,7,500,15,3000,3000,3000,3000,"fast","control_informative",0.05,2,0.01,"","separate_mirage","pleiotropy","bfdr_observed_fdp",0.01,0
20260819,7,500,15,3000,3000,3000,3000,"fast","control_informative",0.05,2,0.01,"","separate_mirage","pleiotropy","bfdr_estimate",0.01,0
20260819,7,500,15,3000,3000,3000,3000,"fast","control_informative",0.05,2,0.01,"","separate_mirage","pleiotropy","bfdr_power",0.01,0
20260819,7,500,15,3000,3000,3000,3000,"fast","control_informative",0.05,2,0.01,"","separate_mirage","pleiotropy","bfdr_discoveries",0.01,0
20260819,7,500,15,3000,3000,3000,3000,"fast","control_informative",0.05,2,0.01,"","separate_mirage","pleiotropy","bfdr_observed_fdp",0.05,0
20260819,7,500,15,3000,3000,3000,3000,"fast","control_informative",0.05,2,0.01,"","separate_mirage","pleiotropy","bfdr_estimate",0.05,0
20260819,7,500,15,3000,3000,3000,3000,"fast","control_informative",0.05,2,0.01,"","separate_mirage","pleiotropy","bfdr_power",0.05,0
20260819,7,500,15,3000,3000,3000,3000,"fast","control_informative",0.05,2,0.01,"","separate_mirage","pleiotropy","bfdr_discoveries",0.05,0
20260819,7,500,15,3000,3000,3000,3000,"fast","control_informative",0.05,2,0.01,"","separate_mirage","pleiotropy","bfdr_observed_fdp",0.1,0
20260819,7,500,15,3000,3000,3000,3000,"fast","control_informative",0.05,2,0.01,"","separate_mirage","pleiotropy","bfdr_estimate",0.1,0
20260819,7,500,15,3000,3000,3000,3000,"fast","control_informative",0.05,2,0.01,"","separate_mirage","pleiotropy","bfdr_power",0.1,0
20260819,7,500,15,3000,3000,3000,3000,"fast","control_informative",0.05,2,0.01,"","separate_mirage","pleiotropy","bfdr_discoveries",0.1,0
20260819,7,500,15,3000,3000,3000,3000,"fast","control_informative",0.05,2,0.01,"","separate_mirage","pleiotropy","bfdr_observed_fdp",0.2,0
20260819,7,500,15,3000,3000,3000,3000,"fast","control_informative",0.05,2,0.01,"","separate_mirage","pleiotropy","bfdr_estimate",0.2,0
20260819,7,500,15,3000,3000,3000,3000,"fast","control_informative",0.05,2,0.01,"","separate_mirage","pleiotropy","bfdr_power",0.2,0
20260819,7,500,15,3000,3000,3000,3000,"fast","control_informative",0.05,2,0.01,"","separate_mirage","pleiotropy","bfdr_discoveries",0.2,0
20260819,7,500,15,3000,3000,3000,3000,"fast","control_informative",0.05,2,0.01,"","separate_mirage","global","runtime_seconds",NA,18.504
20260819,7,500,15,3000,3000,3000,3000,"fast","control_informative",0.05,2,0.01,"","separate_mirage","pleiotropy","pi11_estimate",NA,0.001
20260819,7,500,15,3000,3000,3000,3000,"fast","control_informative",0.05,2,0.01,"","mtada_aggregated","trait1","auc",NA,0.668715789473684
20260819,7,500,15,3000,3000,3000,3000,"fast","control_informative",0.05,2,0.01,"","mtada_aggregated","trait2","auc",NA,0.631836734693878
20260819,7,500,15,3000,3000,3000,3000,"fast","control_informative",0.05,2,0.01,"","mtada_aggregated","pleiotropy","auc",NA,0.853333333333333
20260819,7,500,15,3000,3000,3000,3000,"fast","control_informative",0.05,2,0.01,"","mtada_aggregated","trait1","pp08_power",0.8,0.12
20260819,7,500,15,3000,3000,3000,3000,"fast","control_informative",0.05,2,0.01,"","mtada_aggregated","trait1","pp08_fdp",0.8,0.25
20260819,7,500,15,3000,3000,3000,3000,"fast","control_informative",0.05,2,0.01,"","mtada_aggregated","trait1","pp08_discoveries",0.8,4
20260819,7,500,15,3000,3000,3000,3000,"fast","control_informative",0.05,2,0.01,"","mtada_aggregated","trait2","pp08_power",0.8,0
20260819,7,500,15,3000,3000,3000,3000,"fast","control_informative",0.05,2,0.01,"","mtada_aggregated","trait2","pp08_fdp",0.8,1
20260819,7,500,15,3000,3000,3000,3000,"fast","control_informative",0.05,2,0.01,"","mtada_aggregated","trait2","pp08_discoveries",0.8,1
20260819,7,500,15,3000,3000,3000,3000,"fast","control_informative",0.05,2,0.01,"","mtada_aggregated","pleiotropy","pp08_power",0.8,0
20260819,7,500,15,3000,3000,3000,3000,"fast","control_informative",0.05,2,0.01,"","mtada_aggregated","pleiotropy","pp08_fdp",0.8,0
20260819,7,500,15,3000,3000,3000,3000,"fast","control_informative",0.05,2,0.01,"","mtada_aggregated","pleiotropy","pp08_discoveries",0.8,0
20260819,7,500,15,3000,3000,3000,3000,"fast","control_informative",0.05,2,0.01,"","mtada_aggregated","trait1","bfdr_observed_fdp",0.01,0
20260819,7,500,15,3000,3000,3000,3000,"fast","control_informative",0.05,2,0.01,"","mtada_aggregated","trait1","bfdr_estimate",0.01,3.22439845942268e-05
20260819,7,500,15,3000,3000,3000,3000,"fast","control_informative",0.05,2,0.01,"","mtada_aggregated","trait1","bfdr_power",0.01,0.12
20260819,7,500,15,3000,3000,3000,3000,"fast","control_informative",0.05,2,0.01,"","mtada_aggregated","trait1","bfdr_discoveries",0.01,3
20260819,7,500,15,3000,3000,3000,3000,"fast","control_informative",0.05,2,0.01,"","mtada_aggregated","trait1","bfdr_observed_fdp",0.05,0.25
20260819,7,500,15,3000,3000,3000,3000,"fast","control_informative",0.05,2,0.01,"","mtada_aggregated","trait1","bfdr_estimate",0.05,0.0335288472905943
20260819,7,500,15,3000,3000,3000,3000,"fast","control_informative",0.05,2,0.01,"","mtada_aggregated","trait1","bfdr_power",0.05,0.12
20260819,7,500,15,3000,3000,3000,3000,"fast","control_informative",0.05,2,0.01,"","mtada_aggregated","trait1","bfdr_discoveries",0.05,4
20260819,7,500,15,3000,3000,3000,3000,"fast","control_informative",0.05,2,0.01,"","mtada_aggregated","trait1","bfdr_observed_fdp",0.1,0.2
20260819,7,500,15,3000,3000,3000,3000,"fast","control_informative",0.05,2,0.01,"","mtada_aggregated","trait1","bfdr_estimate",0.1,0.0741288352340446
20260819,7,500,15,3000,3000,3000,3000,"fast","control_informative",0.05,2,0.01,"","mtada_aggregated","trait1","bfdr_power",0.1,0.16
20260819,7,500,15,3000,3000,3000,3000,"fast","control_informative",0.05,2,0.01,"","mtada_aggregated","trait1","bfdr_discoveries",0.1,5
20260819,7,500,15,3000,3000,3000,3000,"fast","control_informative",0.05,2,0.01,"","mtada_aggregated","trait1","bfdr_observed_fdp",0.2,0.285714285714286
20260819,7,500,15,3000,3000,3000,3000,"fast","control_informative",0.05,2,0.01,"","mtada_aggregated","trait1","bfdr_estimate",0.2,0.184805710606047
20260819,7,500,15,3000,3000,3000,3000,"fast","control_informative",0.05,2,0.01,"","mtada_aggregated","trait1","bfdr_power",0.2,0.2
20260819,7,500,15,3000,3000,3000,3000,"fast","control_informative",0.05,2,0.01,"","mtada_aggregated","trait1","bfdr_discoveries",0.2,7
20260819,7,500,15,3000,3000,3000,3000,"fast","control_informative",0.05,2,0.01,"","mtada_aggregated","trait2","bfdr_observed_fdp",0.01,1
20260819,7,500,15,3000,3000,3000,3000,"fast","control_informative",0.05,2,0.01,"","mtada_aggregated","trait2","bfdr_estimate",0.01,2.15431459616999e-05
20260819,7,500,15,3000,3000,3000,3000,"fast","control_informative",0.05,2,0.01,"","mtada_aggregated","trait2","bfdr_power",0.01,0
20260819,7,500,15,3000,3000,3000,3000,"fast","control_informative",0.05,2,0.01,"","mtada_aggregated","trait2","bfdr_discoveries",0.01,1
20260819,7,500,15,3000,3000,3000,3000,"fast","control_informative",0.05,2,0.01,"","mtada_aggregated","trait2","bfdr_observed_fdp",0.05,1
20260819,7,500,15,3000,3000,3000,3000,"fast","control_informative",0.05,2,0.01,"","mtada_aggregated","trait2","bfdr_estimate",0.05,2.15431459616999e-05
20260819,7,500,15,3000,3000,3000,3000,"fast","control_informative",0.05,2,0.01,"","mtada_aggregated","trait2","bfdr_power",0.05,0
20260819,7,500,15,3000,3000,3000,3000,"fast","control_informative",0.05,2,0.01,"","mtada_aggregated","trait2","bfdr_discoveries",0.05,1
20260819,7,500,15,3000,3000,3000,3000,"fast","control_informative",0.05,2,0.01,"","mtada_aggregated","trait2","bfdr_observed_fdp",0.1,1
20260819,7,500,15,3000,3000,3000,3000,"fast","control_informative",0.05,2,0.01,"","mtada_aggregated","trait2","bfdr_estimate",0.1,2.15431459616999e-05
20260819,7,500,15,3000,3000,3000,3000,"fast","control_informative",0.05,2,0.01,"","mtada_aggregated","trait2","bfdr_power",0.1,0
20260819,7,500,15,3000,3000,3000,3000,"fast","control_informative",0.05,2,0.01,"","mtada_aggregated","trait2","bfdr_discoveries",0.1,1
20260819,7,500,15,3000,3000,3000,3000,"fast","control_informative",0.05,2,0.01,"","mtada_aggregated","trait2","bfdr_observed_fdp",0.2,1
20260819,7,500,15,3000,3000,3000,3000,"fast","control_informative",0.05,2,0.01,"","mtada_aggregated","trait2","bfdr_estimate",0.2,0.105740230146688
20260819,7,500,15,3000,3000,3000,3000,"fast","control_informative",0.05,2,0.01,"","mtada_aggregated","trait2","bfdr_power",0.2,0
20260819,7,500,15,3000,3000,3000,3000,"fast","control_informative",0.05,2,0.01,"","mtada_aggregated","trait2","bfdr_discoveries",0.2,2
20260819,7,500,15,3000,3000,3000,3000,"fast","control_informative",0.05,2,0.01,"","mtada_aggregated","pleiotropy","bfdr_observed_fdp",0.01,0
20260819,7,500,15,3000,3000,3000,3000,"fast","control_informative",0.05,2,0.01,"","mtada_aggregated","pleiotropy","bfdr_estimate",0.01,0
20260819,7,500,15,3000,3000,3000,3000,"fast","control_informative",0.05,2,0.01,"","mtada_aggregated","pleiotropy","bfdr_power",0.01,0
20260819,7,500,15,3000,3000,3000,3000,"fast","control_informative",0.05,2,0.01,"","mtada_aggregated","pleiotropy","bfdr_discoveries",0.01,0
20260819,7,500,15,3000,3000,3000,3000,"fast","control_informative",0.05,2,0.01,"","mtada_aggregated","pleiotropy","bfdr_observed_fdp",0.05,0
20260819,7,500,15,3000,3000,3000,3000,"fast","control_informative",0.05,2,0.01,"","mtada_aggregated","pleiotropy","bfdr_estimate",0.05,0
20260819,7,500,15,3000,3000,3000,3000,"fast","control_informative",0.05,2,0.01,"","mtada_aggregated","pleiotropy","bfdr_power",0.05,0
20260819,7,500,15,3000,3000,3000,3000,"fast","control_informative",0.05,2,0.01,"","mtada_aggregated","pleiotropy","bfdr_discoveries",0.05,0
20260819,7,500,15,3000,3000,3000,3000,"fast","control_informative",0.05,2,0.01,"","mtada_aggregated","pleiotropy","bfdr_observed_fdp",0.1,0
20260819,7,500,15,3000,3000,3000,3000,"fast","control_informative",0.05,2,0.01,"","mtada_aggregated","pleiotropy","bfdr_estimate",0.1,0
20260819,7,500,15,3000,3000,3000,3000,"fast","control_informative",0.05,2,0.01,"","mtada_aggregated","pleiotropy","bfdr_power",0.1,0
20260819,7,500,15,3000,3000,3000,3000,"fast","control_informative",0.05,2,0.01,"","mtada_aggregated","pleiotropy","bfdr_discoveries",0.1,0
20260819,7,500,15,3000,3000,3000,3000,"fast","control_informative",0.05,2,0.01,"","mtada_aggregated","pleiotropy","bfdr_observed_fdp",0.2,0
20260819,7,500,15,3000,3000,3000,3000,"fast","control_informative",0.05,2,0.01,"","mtada_aggregated","pleiotropy","bfdr_estimate",0.2,0
20260819,7,500,15,3000,3000,3000,3000,"fast","control_informative",0.05,2,0.01,"","mtada_aggregated","pleiotropy","bfdr_power",0.2,0
20260819,7,500,15,3000,3000,3000,3000,"fast","control_informative",0.05,2,0.01,"","mtada_aggregated","pleiotropy","bfdr_discoveries",0.2,0
20260819,7,500,15,3000,3000,3000,3000,"fast","control_informative",0.05,2,0.01,"","mtada_aggregated","global","runtime_seconds",NA,0.701999999999998
20260819,7,500,15,3000,3000,3000,3000,"fast","control_informative",0.05,2,0.01,"","mtada_aggregated","pleiotropy","pi11_estimate",NA,0.0111324
20260820,8,500,15,3000,3000,3000,3000,"fast","control_informative",0.05,2,0.01,"","mirage_joint","trait1","auc",NA,0.661642105263158
20260820,8,500,15,3000,3000,3000,3000,"fast","control_informative",0.05,2,0.01,"","mirage_joint","trait2","auc",NA,0.663265306122449
20260820,8,500,15,3000,3000,3000,3000,"fast","control_informative",0.05,2,0.01,"","mirage_joint","pleiotropy","auc",NA,0.597979797979798
20260820,8,500,15,3000,3000,3000,3000,"fast","control_informative",0.05,2,0.01,"","mirage_joint","trait1","pp08_power",0.8,0.12
20260820,8,500,15,3000,3000,3000,3000,"fast","control_informative",0.05,2,0.01,"","mirage_joint","trait1","pp08_fdp",0.8,0
20260820,8,500,15,3000,3000,3000,3000,"fast","control_informative",0.05,2,0.01,"","mirage_joint","trait1","pp08_discoveries",0.8,3
20260820,8,500,15,3000,3000,3000,3000,"fast","control_informative",0.05,2,0.01,"","mirage_joint","trait2","pp08_power",0.8,0.1
20260820,8,500,15,3000,3000,3000,3000,"fast","control_informative",0.05,2,0.01,"","mirage_joint","trait2","pp08_fdp",0.8,0
20260820,8,500,15,3000,3000,3000,3000,"fast","control_informative",0.05,2,0.01,"","mirage_joint","trait2","pp08_discoveries",0.8,1
20260820,8,500,15,3000,3000,3000,3000,"fast","control_informative",0.05,2,0.01,"","mirage_joint","pleiotropy","pp08_power",0.8,0
20260820,8,500,15,3000,3000,3000,3000,"fast","control_informative",0.05,2,0.01,"","mirage_joint","pleiotropy","pp08_fdp",0.8,0
20260820,8,500,15,3000,3000,3000,3000,"fast","control_informative",0.05,2,0.01,"","mirage_joint","pleiotropy","pp08_discoveries",0.8,0
20260820,8,500,15,3000,3000,3000,3000,"fast","control_informative",0.05,2,0.01,"","mirage_joint","trait1","bfdr_observed_fdp",0.01,0
20260820,8,500,15,3000,3000,3000,3000,"fast","control_informative",0.05,2,0.01,"","mirage_joint","trait1","bfdr_estimate",0.01,0.00355679402507788
20260820,8,500,15,3000,3000,3000,3000,"fast","control_informative",0.05,2,0.01,"","mirage_joint","trait1","bfdr_power",0.01,0.12
20260820,8,500,15,3000,3000,3000,3000,"fast","control_informative",0.05,2,0.01,"","mirage_joint","trait1","bfdr_discoveries",0.01,3
20260820,8,500,15,3000,3000,3000,3000,"fast","control_informative",0.05,2,0.01,"","mirage_joint","trait1","bfdr_observed_fdp",0.05,0
20260820,8,500,15,3000,3000,3000,3000,"fast","control_informative",0.05,2,0.01,"","mirage_joint","trait1","bfdr_estimate",0.05,0.00355679402507788
20260820,8,500,15,3000,3000,3000,3000,"fast","control_informative",0.05,2,0.01,"","mirage_joint","trait1","bfdr_power",0.05,0.12
20260820,8,500,15,3000,3000,3000,3000,"fast","control_informative",0.05,2,0.01,"","mirage_joint","trait1","bfdr_discoveries",0.05,3
20260820,8,500,15,3000,3000,3000,3000,"fast","control_informative",0.05,2,0.01,"","mirage_joint","trait1","bfdr_observed_fdp",0.1,0.25
20260820,8,500,15,3000,3000,3000,3000,"fast","control_informative",0.05,2,0.01,"","mirage_joint","trait1","bfdr_estimate",0.1,0.0755582099184533
20260820,8,500,15,3000,3000,3000,3000,"fast","control_informative",0.05,2,0.01,"","mirage_joint","trait1","bfdr_power",0.1,0.12
20260820,8,500,15,3000,3000,3000,3000,"fast","control_informative",0.05,2,0.01,"","mirage_joint","trait1","bfdr_discoveries",0.1,4
20260820,8,500,15,3000,3000,3000,3000,"fast","control_informative",0.05,2,0.01,"","mirage_joint","trait1","bfdr_observed_fdp",0.2,0.4
20260820,8,500,15,3000,3000,3000,3000,"fast","control_informative",0.05,2,0.01,"","mirage_joint","trait1","bfdr_estimate",0.2,0.153819650923502
20260820,8,500,15,3000,3000,3000,3000,"fast","control_informative",0.05,2,0.01,"","mirage_joint","trait1","bfdr_power",0.2,0.12
20260820,8,500,15,3000,3000,3000,3000,"fast","control_informative",0.05,2,0.01,"","mirage_joint","trait1","bfdr_discoveries",0.2,5
20260820,8,500,15,3000,3000,3000,3000,"fast","control_informative",0.05,2,0.01,"","mirage_joint","trait2","bfdr_observed_fdp",0.01,0
20260820,8,500,15,3000,3000,3000,3000,"fast","control_informative",0.05,2,0.01,"","mirage_joint","trait2","bfdr_estimate",0.01,2.779564468669e-05
20260820,8,500,15,3000,3000,3000,3000,"fast","control_informative",0.05,2,0.01,"","mirage_joint","trait2","bfdr_power",0.01,0.1
20260820,8,500,15,3000,3000,3000,3000,"fast","control_informative",0.05,2,0.01,"","mirage_joint","trait2","bfdr_discoveries",0.01,1
20260820,8,500,15,3000,3000,3000,3000,"fast","control_informative",0.05,2,0.01,"","mirage_joint","trait2","bfdr_observed_fdp",0.05,0
20260820,8,500,15,3000,3000,3000,3000,"fast","control_informative",0.05,2,0.01,"","mirage_joint","trait2","bfdr_estimate",0.05,2.779564468669e-05
20260820,8,500,15,3000,3000,3000,3000,"fast","control_informative",0.05,2,0.01,"","mirage_joint","trait2","bfdr_power",0.05,0.1
20260820,8,500,15,3000,3000,3000,3000,"fast","control_informative",0.05,2,0.01,"","mirage_joint","trait2","bfdr_discoveries",0.05,1
20260820,8,500,15,3000,3000,3000,3000,"fast","control_informative",0.05,2,0.01,"","mirage_joint","trait2","bfdr_observed_fdp",0.1,0
20260820,8,500,15,3000,3000,3000,3000,"fast","control_informative",0.05,2,0.01,"","mirage_joint","trait2","bfdr_estimate",0.1,2.779564468669e-05
20260820,8,500,15,3000,3000,3000,3000,"fast","control_informative",0.05,2,0.01,"","mirage_joint","trait2","bfdr_power",0.1,0.1
20260820,8,500,15,3000,3000,3000,3000,"fast","control_informative",0.05,2,0.01,"","mirage_joint","trait2","bfdr_discoveries",0.1,1
20260820,8,500,15,3000,3000,3000,3000,"fast","control_informative",0.05,2,0.01,"","mirage_joint","trait2","bfdr_observed_fdp",0.2,0.5
20260820,8,500,15,3000,3000,3000,3000,"fast","control_informative",0.05,2,0.01,"","mirage_joint","trait2","bfdr_estimate",0.2,0.196131253412701
20260820,8,500,15,3000,3000,3000,3000,"fast","control_informative",0.05,2,0.01,"","mirage_joint","trait2","bfdr_power",0.2,0.1
20260820,8,500,15,3000,3000,3000,3000,"fast","control_informative",0.05,2,0.01,"","mirage_joint","trait2","bfdr_discoveries",0.2,2
20260820,8,500,15,3000,3000,3000,3000,"fast","control_informative",0.05,2,0.01,"","mirage_joint","pleiotropy","bfdr_observed_fdp",0.01,0
20260820,8,500,15,3000,3000,3000,3000,"fast","control_informative",0.05,2,0.01,"","mirage_joint","pleiotropy","bfdr_estimate",0.01,0
20260820,8,500,15,3000,3000,3000,3000,"fast","control_informative",0.05,2,0.01,"","mirage_joint","pleiotropy","bfdr_power",0.01,0
20260820,8,500,15,3000,3000,3000,3000,"fast","control_informative",0.05,2,0.01,"","mirage_joint","pleiotropy","bfdr_discoveries",0.01,0
20260820,8,500,15,3000,3000,3000,3000,"fast","control_informative",0.05,2,0.01,"","mirage_joint","pleiotropy","bfdr_observed_fdp",0.05,0
20260820,8,500,15,3000,3000,3000,3000,"fast","control_informative",0.05,2,0.01,"","mirage_joint","pleiotropy","bfdr_estimate",0.05,0
20260820,8,500,15,3000,3000,3000,3000,"fast","control_informative",0.05,2,0.01,"","mirage_joint","pleiotropy","bfdr_power",0.05,0
20260820,8,500,15,3000,3000,3000,3000,"fast","control_informative",0.05,2,0.01,"","mirage_joint","pleiotropy","bfdr_discoveries",0.05,0
20260820,8,500,15,3000,3000,3000,3000,"fast","control_informative",0.05,2,0.01,"","mirage_joint","pleiotropy","bfdr_observed_fdp",0.1,0
20260820,8,500,15,3000,3000,3000,3000,"fast","control_informative",0.05,2,0.01,"","mirage_joint","pleiotropy","bfdr_estimate",0.1,0
20260820,8,500,15,3000,3000,3000,3000,"fast","control_informative",0.05,2,0.01,"","mirage_joint","pleiotropy","bfdr_power",0.1,0
20260820,8,500,15,3000,3000,3000,3000,"fast","control_informative",0.05,2,0.01,"","mirage_joint","pleiotropy","bfdr_discoveries",0.1,0
20260820,8,500,15,3000,3000,3000,3000,"fast","control_informative",0.05,2,0.01,"","mirage_joint","pleiotropy","bfdr_observed_fdp",0.2,0
20260820,8,500,15,3000,3000,3000,3000,"fast","control_informative",0.05,2,0.01,"","mirage_joint","pleiotropy","bfdr_estimate",0.2,0
20260820,8,500,15,3000,3000,3000,3000,"fast","control_informative",0.05,2,0.01,"","mirage_joint","pleiotropy","bfdr_power",0.2,0
20260820,8,500,15,3000,3000,3000,3000,"fast","control_informative",0.05,2,0.01,"","mirage_joint","pleiotropy","bfdr_discoveries",0.2,0
20260820,8,500,15,3000,3000,3000,3000,"fast","control_informative",0.05,2,0.01,"","mirage_joint","global","runtime_seconds",NA,18.428
20260820,8,500,15,3000,3000,3000,3000,"fast","control_informative",0.05,2,0.01,"","mirage_joint","pleiotropy","pi11_estimate",NA,0.000608023828357311
20260820,8,500,15,3000,3000,3000,3000,"fast","control_informative",0.05,2,0.01,"","separate_mirage","trait1","auc",NA,0.678315789473684
20260820,8,500,15,3000,3000,3000,3000,"fast","control_informative",0.05,2,0.01,"","separate_mirage","trait2","auc",NA,0.691836734693878
20260820,8,500,15,3000,3000,3000,3000,"fast","control_informative",0.05,2,0.01,"","separate_mirage","pleiotropy","auc",NA,0.694141414141414
20260820,8,500,15,3000,3000,3000,3000,"fast","control_informative",0.05,2,0.01,"","separate_mirage","trait1","pp08_power",0.8,0.12
20260820,8,500,15,3000,3000,3000,3000,"fast","control_informative",0.05,2,0.01,"","separate_mirage","trait1","pp08_fdp",0.8,0
20260820,8,500,15,3000,3000,3000,3000,"fast","control_informative",0.05,2,0.01,"","separate_mirage","trait1","pp08_discoveries",0.8,3
20260820,8,500,15,3000,3000,3000,3000,"fast","control_informative",0.05,2,0.01,"","separate_mirage","trait2","pp08_power",0.8,0.1
20260820,8,500,15,3000,3000,3000,3000,"fast","control_informative",0.05,2,0.01,"","separate_mirage","trait2","pp08_fdp",0.8,0
20260820,8,500,15,3000,3000,3000,3000,"fast","control_informative",0.05,2,0.01,"","separate_mirage","trait2","pp08_discoveries",0.8,1
20260820,8,500,15,3000,3000,3000,3000,"fast","control_informative",0.05,2,0.01,"","separate_mirage","pleiotropy","pp08_power",0.8,0
20260820,8,500,15,3000,3000,3000,3000,"fast","control_informative",0.05,2,0.01,"","separate_mirage","pleiotropy","pp08_fdp",0.8,0
20260820,8,500,15,3000,3000,3000,3000,"fast","control_informative",0.05,2,0.01,"","separate_mirage","pleiotropy","pp08_discoveries",0.8,0
20260820,8,500,15,3000,3000,3000,3000,"fast","control_informative",0.05,2,0.01,"","separate_mirage","trait1","bfdr_observed_fdp",0.01,0
20260820,8,500,15,3000,3000,3000,3000,"fast","control_informative",0.05,2,0.01,"","separate_mirage","trait1","bfdr_estimate",0.01,0.00809066445515779
20260820,8,500,15,3000,3000,3000,3000,"fast","control_informative",0.05,2,0.01,"","separate_mirage","trait1","bfdr_power",0.01,0.12
20260820,8,500,15,3000,3000,3000,3000,"fast","control_informative",0.05,2,0.01,"","separate_mirage","trait1","bfdr_discoveries",0.01,3
20260820,8,500,15,3000,3000,3000,3000,"fast","control_informative",0.05,2,0.01,"","separate_mirage","trait1","bfdr_observed_fdp",0.05,0
20260820,8,500,15,3000,3000,3000,3000,"fast","control_informative",0.05,2,0.01,"","separate_mirage","trait1","bfdr_estimate",0.05,0.00809066445515779
20260820,8,500,15,3000,3000,3000,3000,"fast","control_informative",0.05,2,0.01,"","separate_mirage","trait1","bfdr_power",0.05,0.12
20260820,8,500,15,3000,3000,3000,3000,"fast","control_informative",0.05,2,0.01,"","separate_mirage","trait1","bfdr_discoveries",0.05,3
20260820,8,500,15,3000,3000,3000,3000,"fast","control_informative",0.05,2,0.01,"","separate_mirage","trait1","bfdr_observed_fdp",0.1,0
20260820,8,500,15,3000,3000,3000,3000,"fast","control_informative",0.05,2,0.01,"","separate_mirage","trait1","bfdr_estimate",0.1,0.00809066445515779
20260820,8,500,15,3000,3000,3000,3000,"fast","control_informative",0.05,2,0.01,"","separate_mirage","trait1","bfdr_power",0.1,0.12
20260820,8,500,15,3000,3000,3000,3000,"fast","control_informative",0.05,2,0.01,"","separate_mirage","trait1","bfdr_discoveries",0.1,3
20260820,8,500,15,3000,3000,3000,3000,"fast","control_informative",0.05,2,0.01,"","separate_mirage","trait1","bfdr_observed_fdp",0.2,0.25
20260820,8,500,15,3000,3000,3000,3000,"fast","control_informative",0.05,2,0.01,"","separate_mirage","trait1","bfdr_estimate",0.2,0.133353262999081
20260820,8,500,15,3000,3000,3000,3000,"fast","control_informative",0.05,2,0.01,"","separate_mirage","trait1","bfdr_power",0.2,0.12
20260820,8,500,15,3000,3000,3000,3000,"fast","control_informative",0.05,2,0.01,"","separate_mirage","trait1","bfdr_discoveries",0.2,4
20260820,8,500,15,3000,3000,3000,3000,"fast","control_informative",0.05,2,0.01,"","separate_mirage","trait2","bfdr_observed_fdp",0.01,0
20260820,8,500,15,3000,3000,3000,3000,"fast","control_informative",0.05,2,0.01,"","separate_mirage","trait2","bfdr_estimate",0.01,3.92074748830629e-05
20260820,8,500,15,3000,3000,3000,3000,"fast","control_informative",0.05,2,0.01,"","separate_mirage","trait2","bfdr_power",0.01,0.1
20260820,8,500,15,3000,3000,3000,3000,"fast","control_informative",0.05,2,0.01,"","separate_mirage","trait2","bfdr_discoveries",0.01,1
20260820,8,500,15,3000,3000,3000,3000,"fast","control_informative",0.05,2,0.01,"","separate_mirage","trait2","bfdr_observed_fdp",0.05,0
20260820,8,500,15,3000,3000,3000,3000,"fast","control_informative",0.05,2,0.01,"","separate_mirage","trait2","bfdr_estimate",0.05,3.92074748830629e-05
20260820,8,500,15,3000,3000,3000,3000,"fast","control_informative",0.05,2,0.01,"","separate_mirage","trait2","bfdr_power",0.05,0.1
20260820,8,500,15,3000,3000,3000,3000,"fast","control_informative",0.05,2,0.01,"","separate_mirage","trait2","bfdr_discoveries",0.05,1
20260820,8,500,15,3000,3000,3000,3000,"fast","control_informative",0.05,2,0.01,"","separate_mirage","trait2","bfdr_observed_fdp",0.1,0
20260820,8,500,15,3000,3000,3000,3000,"fast","control_informative",0.05,2,0.01,"","separate_mirage","trait2","bfdr_estimate",0.1,3.92074748830629e-05
20260820,8,500,15,3000,3000,3000,3000,"fast","control_informative",0.05,2,0.01,"","separate_mirage","trait2","bfdr_power",0.1,0.1
20260820,8,500,15,3000,3000,3000,3000,"fast","control_informative",0.05,2,0.01,"","separate_mirage","trait2","bfdr_discoveries",0.1,1
20260820,8,500,15,3000,3000,3000,3000,"fast","control_informative",0.05,2,0.01,"","separate_mirage","trait2","bfdr_observed_fdp",0.2,0
20260820,8,500,15,3000,3000,3000,3000,"fast","control_informative",0.05,2,0.01,"","separate_mirage","trait2","bfdr_estimate",0.2,3.92074748830629e-05
20260820,8,500,15,3000,3000,3000,3000,"fast","control_informative",0.05,2,0.01,"","separate_mirage","trait2","bfdr_power",0.2,0.1
20260820,8,500,15,3000,3000,3000,3000,"fast","control_informative",0.05,2,0.01,"","separate_mirage","trait2","bfdr_discoveries",0.2,1
20260820,8,500,15,3000,3000,3000,3000,"fast","control_informative",0.05,2,0.01,"","separate_mirage","pleiotropy","bfdr_observed_fdp",0.01,0
20260820,8,500,15,3000,3000,3000,3000,"fast","control_informative",0.05,2,0.01,"","separate_mirage","pleiotropy","bfdr_estimate",0.01,0
20260820,8,500,15,3000,3000,3000,3000,"fast","control_informative",0.05,2,0.01,"","separate_mirage","pleiotropy","bfdr_power",0.01,0
20260820,8,500,15,3000,3000,3000,3000,"fast","control_informative",0.05,2,0.01,"","separate_mirage","pleiotropy","bfdr_discoveries",0.01,0
20260820,8,500,15,3000,3000,3000,3000,"fast","control_informative",0.05,2,0.01,"","separate_mirage","pleiotropy","bfdr_observed_fdp",0.05,0
20260820,8,500,15,3000,3000,3000,3000,"fast","control_informative",0.05,2,0.01,"","separate_mirage","pleiotropy","bfdr_estimate",0.05,0
20260820,8,500,15,3000,3000,3000,3000,"fast","control_informative",0.05,2,0.01,"","separate_mirage","pleiotropy","bfdr_power",0.05,0
20260820,8,500,15,3000,3000,3000,3000,"fast","control_informative",0.05,2,0.01,"","separate_mirage","pleiotropy","bfdr_discoveries",0.05,0
20260820,8,500,15,3000,3000,3000,3000,"fast","control_informative",0.05,2,0.01,"","separate_mirage","pleiotropy","bfdr_observed_fdp",0.1,0
20260820,8,500,15,3000,3000,3000,3000,"fast","control_informative",0.05,2,0.01,"","separate_mirage","pleiotropy","bfdr_estimate",0.1,0
20260820,8,500,15,3000,3000,3000,3000,"fast","control_informative",0.05,2,0.01,"","separate_mirage","pleiotropy","bfdr_power",0.1,0
20260820,8,500,15,3000,3000,3000,3000,"fast","control_informative",0.05,2,0.01,"","separate_mirage","pleiotropy","bfdr_discoveries",0.1,0
20260820,8,500,15,3000,3000,3000,3000,"fast","control_informative",0.05,2,0.01,"","separate_mirage","pleiotropy","bfdr_observed_fdp",0.2,0
20260820,8,500,15,3000,3000,3000,3000,"fast","control_informative",0.05,2,0.01,"","separate_mirage","pleiotropy","bfdr_estimate",0.2,0
20260820,8,500,15,3000,3000,3000,3000,"fast","control_informative",0.05,2,0.01,"","separate_mirage","pleiotropy","bfdr_power",0.2,0
20260820,8,500,15,3000,3000,3000,3000,"fast","control_informative",0.05,2,0.01,"","separate_mirage","pleiotropy","bfdr_discoveries",0.2,0
20260820,8,500,15,3000,3000,3000,3000,"fast","control_informative",0.05,2,0.01,"","separate_mirage","global","runtime_seconds",NA,18.226
20260820,8,500,15,3000,3000,3000,3000,"fast","control_informative",0.05,2,0.01,"","separate_mirage","pleiotropy","pi11_estimate",NA,0.001
20260820,8,500,15,3000,3000,3000,3000,"fast","control_informative",0.05,2,0.01,"","mtada_aggregated","trait1","auc",NA,0.713094736842105
20260820,8,500,15,3000,3000,3000,3000,"fast","control_informative",0.05,2,0.01,"","mtada_aggregated","trait2","auc",NA,0.75469387755102
20260820,8,500,15,3000,3000,3000,3000,"fast","control_informative",0.05,2,0.01,"","mtada_aggregated","pleiotropy","auc",NA,0.850909090909091
20260820,8,500,15,3000,3000,3000,3000,"fast","control_informative",0.05,2,0.01,"","mtada_aggregated","trait1","pp08_power",0.8,0.24
20260820,8,500,15,3000,3000,3000,3000,"fast","control_informative",0.05,2,0.01,"","mtada_aggregated","trait1","pp08_fdp",0.8,0.333333333333333
20260820,8,500,15,3000,3000,3000,3000,"fast","control_informative",0.05,2,0.01,"","mtada_aggregated","trait1","pp08_discoveries",0.8,9
20260820,8,500,15,3000,3000,3000,3000,"fast","control_informative",0.05,2,0.01,"","mtada_aggregated","trait2","pp08_power",0.8,0.2
20260820,8,500,15,3000,3000,3000,3000,"fast","control_informative",0.05,2,0.01,"","mtada_aggregated","trait2","pp08_fdp",0.8,0
20260820,8,500,15,3000,3000,3000,3000,"fast","control_informative",0.05,2,0.01,"","mtada_aggregated","trait2","pp08_discoveries",0.8,2
20260820,8,500,15,3000,3000,3000,3000,"fast","control_informative",0.05,2,0.01,"","mtada_aggregated","pleiotropy","pp08_power",0.8,0
20260820,8,500,15,3000,3000,3000,3000,"fast","control_informative",0.05,2,0.01,"","mtada_aggregated","pleiotropy","pp08_fdp",0.8,0
20260820,8,500,15,3000,3000,3000,3000,"fast","control_informative",0.05,2,0.01,"","mtada_aggregated","pleiotropy","pp08_discoveries",0.8,0
20260820,8,500,15,3000,3000,3000,3000,"fast","control_informative",0.05,2,0.01,"","mtada_aggregated","trait1","bfdr_observed_fdp",0.01,0.166666666666667
20260820,8,500,15,3000,3000,3000,3000,"fast","control_informative",0.05,2,0.01,"","mtada_aggregated","trait1","bfdr_estimate",0.01,0.00496501243656502
20260820,8,500,15,3000,3000,3000,3000,"fast","control_informative",0.05,2,0.01,"","mtada_aggregated","trait1","bfdr_power",0.01,0.2
20260820,8,500,15,3000,3000,3000,3000,"fast","control_informative",0.05,2,0.01,"","mtada_aggregated","trait1","bfdr_discoveries",0.01,6
20260820,8,500,15,3000,3000,3000,3000,"fast","control_informative",0.05,2,0.01,"","mtada_aggregated","trait1","bfdr_observed_fdp",0.05,0.333333333333333
20260820,8,500,15,3000,3000,3000,3000,"fast","control_informative",0.05,2,0.01,"","mtada_aggregated","trait1","bfdr_estimate",0.05,0.0335011473823487
20260820,8,500,15,3000,3000,3000,3000,"fast","control_informative",0.05,2,0.01,"","mtada_aggregated","trait1","bfdr_power",0.05,0.24
20260820,8,500,15,3000,3000,3000,3000,"fast","control_informative",0.05,2,0.01,"","mtada_aggregated","trait1","bfdr_discoveries",0.05,9
20260820,8,500,15,3000,3000,3000,3000,"fast","control_informative",0.05,2,0.01,"","mtada_aggregated","trait1","bfdr_observed_fdp",0.1,0.363636363636364
20260820,8,500,15,3000,3000,3000,3000,"fast","control_informative",0.05,2,0.01,"","mtada_aggregated","trait1","bfdr_estimate",0.1,0.0988604950842988
20260820,8,500,15,3000,3000,3000,3000,"fast","control_informative",0.05,2,0.01,"","mtada_aggregated","trait1","bfdr_power",0.1,0.28
20260820,8,500,15,3000,3000,3000,3000,"fast","control_informative",0.05,2,0.01,"","mtada_aggregated","trait1","bfdr_discoveries",0.1,11
20260820,8,500,15,3000,3000,3000,3000,"fast","control_informative",0.05,2,0.01,"","mtada_aggregated","trait1","bfdr_observed_fdp",0.2,0.461538461538462
20260820,8,500,15,3000,3000,3000,3000,"fast","control_informative",0.05,2,0.01,"","mtada_aggregated","trait1","bfdr_estimate",0.2,0.175281509577652
20260820,8,500,15,3000,3000,3000,3000,"fast","control_informative",0.05,2,0.01,"","mtada_aggregated","trait1","bfdr_power",0.2,0.28
20260820,8,500,15,3000,3000,3000,3000,"fast","control_informative",0.05,2,0.01,"","mtada_aggregated","trait1","bfdr_discoveries",0.2,13
20260820,8,500,15,3000,3000,3000,3000,"fast","control_informative",0.05,2,0.01,"","mtada_aggregated","trait2","bfdr_observed_fdp",0.01,0
20260820,8,500,15,3000,3000,3000,3000,"fast","control_informative",0.05,2,0.01,"","mtada_aggregated","trait2","bfdr_estimate",0.01,1.11022302462516e-16
20260820,8,500,15,3000,3000,3000,3000,"fast","control_informative",0.05,2,0.01,"","mtada_aggregated","trait2","bfdr_power",0.01,0.1
20260820,8,500,15,3000,3000,3000,3000,"fast","control_informative",0.05,2,0.01,"","mtada_aggregated","trait2","bfdr_discoveries",0.01,1
20260820,8,500,15,3000,3000,3000,3000,"fast","control_informative",0.05,2,0.01,"","mtada_aggregated","trait2","bfdr_observed_fdp",0.05,0
20260820,8,500,15,3000,3000,3000,3000,"fast","control_informative",0.05,2,0.01,"","mtada_aggregated","trait2","bfdr_estimate",0.05,0.0324339109852238
20260820,8,500,15,3000,3000,3000,3000,"fast","control_informative",0.05,2,0.01,"","mtada_aggregated","trait2","bfdr_power",0.05,0.2
20260820,8,500,15,3000,3000,3000,3000,"fast","control_informative",0.05,2,0.01,"","mtada_aggregated","trait2","bfdr_discoveries",0.05,2
20260820,8,500,15,3000,3000,3000,3000,"fast","control_informative",0.05,2,0.01,"","mtada_aggregated","trait2","bfdr_observed_fdp",0.1,0
20260820,8,500,15,3000,3000,3000,3000,"fast","control_informative",0.05,2,0.01,"","mtada_aggregated","trait2","bfdr_estimate",0.1,0.0324339109852238
20260820,8,500,15,3000,3000,3000,3000,"fast","control_informative",0.05,2,0.01,"","mtada_aggregated","trait2","bfdr_power",0.1,0.2
20260820,8,500,15,3000,3000,3000,3000,"fast","control_informative",0.05,2,0.01,"","mtada_aggregated","trait2","bfdr_discoveries",0.1,2
20260820,8,500,15,3000,3000,3000,3000,"fast","control_informative",0.05,2,0.01,"","mtada_aggregated","trait2","bfdr_observed_fdp",0.2,0.333333333333333
20260820,8,500,15,3000,3000,3000,3000,"fast","control_informative",0.05,2,0.01,"","mtada_aggregated","trait2","bfdr_estimate",0.2,0.137197776832732
20260820,8,500,15,3000,3000,3000,3000,"fast","control_informative",0.05,2,0.01,"","mtada_aggregated","trait2","bfdr_power",0.2,0.2
20260820,8,500,15,3000,3000,3000,3000,"fast","control_informative",0.05,2,0.01,"","mtada_aggregated","trait2","bfdr_discoveries",0.2,3
20260820,8,500,15,3000,3000,3000,3000,"fast","control_informative",0.05,2,0.01,"","mtada_aggregated","pleiotropy","bfdr_observed_fdp",0.01,0
20260820,8,500,15,3000,3000,3000,3000,"fast","control_informative",0.05,2,0.01,"","mtada_aggregated","pleiotropy","bfdr_estimate",0.01,0
20260820,8,500,15,3000,3000,3000,3000,"fast","control_informative",0.05,2,0.01,"","mtada_aggregated","pleiotropy","bfdr_power",0.01,0
20260820,8,500,15,3000,3000,3000,3000,"fast","control_informative",0.05,2,0.01,"","mtada_aggregated","pleiotropy","bfdr_discoveries",0.01,0
20260820,8,500,15,3000,3000,3000,3000,"fast","control_informative",0.05,2,0.01,"","mtada_aggregated","pleiotropy","bfdr_observed_fdp",0.05,0
20260820,8,500,15,3000,3000,3000,3000,"fast","control_informative",0.05,2,0.01,"","mtada_aggregated","pleiotropy","bfdr_estimate",0.05,0
20260820,8,500,15,3000,3000,3000,3000,"fast","control_informative",0.05,2,0.01,"","mtada_aggregated","pleiotropy","bfdr_power",0.05,0
20260820,8,500,15,3000,3000,3000,3000,"fast","control_informative",0.05,2,0.01,"","mtada_aggregated","pleiotropy","bfdr_discoveries",0.05,0
20260820,8,500,15,3000,3000,3000,3000,"fast","control_informative",0.05,2,0.01,"","mtada_aggregated","pleiotropy","bfdr_observed_fdp",0.1,0
20260820,8,500,15,3000,3000,3000,3000,"fast","control_informative",0.05,2,0.01,"","mtada_aggregated","pleiotropy","bfdr_estimate",0.1,0
20260820,8,500,15,3000,3000,3000,3000,"fast","control_informative",0.05,2,0.01,"","mtada_aggregated","pleiotropy","bfdr_power",0.1,0
20260820,8,500,15,3000,3000,3000,3000,"fast","control_informative",0.05,2,0.01,"","mtada_aggregated","pleiotropy","bfdr_discoveries",0.1,0
20260820,8,500,15,3000,3000,3000,3000,"fast","control_informative",0.05,2,0.01,"","mtada_aggregated","pleiotropy","bfdr_observed_fdp",0.2,0
20260820,8,500,15,3000,3000,3000,3000,"fast","control_informative",0.05,2,0.01,"","mtada_aggregated","pleiotropy","bfdr_estimate",0.2,0
20260820,8,500,15,3000,3000,3000,3000,"fast","control_informative",0.05,2,0.01,"","mtada_aggregated","pleiotropy","bfdr_power",0.2,0
20260820,8,500,15,3000,3000,3000,3000,"fast","control_informative",0.05,2,0.01,"","mtada_aggregated","pleiotropy","bfdr_discoveries",0.2,0
20260820,8,500,15,3000,3000,3000,3000,"fast","control_informative",0.05,2,0.01,"","mtada_aggregated","global","runtime_seconds",NA,0.857000000000028
20260820,8,500,15,3000,3000,3000,3000,"fast","control_informative",0.05,2,0.01,"","mtada_aggregated","pleiotropy","pi11_estimate",NA,0.00120367
20260821,9,500,15,3000,3000,3000,3000,"fast","control_informative",0.05,2,0.01,"","mirage_joint","trait1","auc",NA,0.826526315789474
20260821,9,500,15,3000,3000,3000,3000,"fast","control_informative",0.05,2,0.01,"","mirage_joint","trait2","auc",NA,0.674897959183673
20260821,9,500,15,3000,3000,3000,3000,"fast","control_informative",0.05,2,0.01,"","mirage_joint","pleiotropy","auc",NA,0.944646464646465
20260821,9,500,15,3000,3000,3000,3000,"fast","control_informative",0.05,2,0.01,"","mirage_joint","trait1","pp08_power",0.8,0.36
20260821,9,500,15,3000,3000,3000,3000,"fast","control_informative",0.05,2,0.01,"","mirage_joint","trait1","pp08_fdp",0.8,0.181818181818182
20260821,9,500,15,3000,3000,3000,3000,"fast","control_informative",0.05,2,0.01,"","mirage_joint","trait1","pp08_discoveries",0.8,11
20260821,9,500,15,3000,3000,3000,3000,"fast","control_informative",0.05,2,0.01,"","mirage_joint","trait2","pp08_power",0.8,0.1
20260821,9,500,15,3000,3000,3000,3000,"fast","control_informative",0.05,2,0.01,"","mirage_joint","trait2","pp08_fdp",0.8,0.5
20260821,9,500,15,3000,3000,3000,3000,"fast","control_informative",0.05,2,0.01,"","mirage_joint","trait2","pp08_discoveries",0.8,2
20260821,9,500,15,3000,3000,3000,3000,"fast","control_informative",0.05,2,0.01,"","mirage_joint","pleiotropy","pp08_power",0.8,0
20260821,9,500,15,3000,3000,3000,3000,"fast","control_informative",0.05,2,0.01,"","mirage_joint","pleiotropy","pp08_fdp",0.8,1
20260821,9,500,15,3000,3000,3000,3000,"fast","control_informative",0.05,2,0.01,"","mirage_joint","pleiotropy","pp08_discoveries",0.8,1
20260821,9,500,15,3000,3000,3000,3000,"fast","control_informative",0.05,2,0.01,"","mirage_joint","trait1","bfdr_observed_fdp",0.01,0
20260821,9,500,15,3000,3000,3000,3000,"fast","control_informative",0.05,2,0.01,"","mirage_joint","trait1","bfdr_estimate",0.01,0.00550903573204047
20260821,9,500,15,3000,3000,3000,3000,"fast","control_informative",0.05,2,0.01,"","mirage_joint","trait1","bfdr_power",0.01,0.2
20260821,9,500,15,3000,3000,3000,3000,"fast","control_informative",0.05,2,0.01,"","mirage_joint","trait1","bfdr_discoveries",0.01,5
20260821,9,500,15,3000,3000,3000,3000,"fast","control_informative",0.05,2,0.01,"","mirage_joint","trait1","bfdr_observed_fdp",0.05,0.1
20260821,9,500,15,3000,3000,3000,3000,"fast","control_informative",0.05,2,0.01,"","mirage_joint","trait1","bfdr_estimate",0.05,0.048628976411906
20260821,9,500,15,3000,3000,3000,3000,"fast","control_informative",0.05,2,0.01,"","mirage_joint","trait1","bfdr_power",0.05,0.36
20260821,9,500,15,3000,3000,3000,3000,"fast","control_informative",0.05,2,0.01,"","mirage_joint","trait1","bfdr_discoveries",0.05,10
20260821,9,500,15,3000,3000,3000,3000,"fast","control_informative",0.05,2,0.01,"","mirage_joint","trait1","bfdr_observed_fdp",0.1,0.307692307692308
20260821,9,500,15,3000,3000,3000,3000,"fast","control_informative",0.05,2,0.01,"","mirage_joint","trait1","bfdr_estimate",0.1,0.0904756678977191
20260821,9,500,15,3000,3000,3000,3000,"fast","control_informative",0.05,2,0.01,"","mirage_joint","trait1","bfdr_power",0.1,0.36
20260821,9,500,15,3000,3000,3000,3000,"fast","control_informative",0.05,2,0.01,"","mirage_joint","trait1","bfdr_discoveries",0.1,13
20260821,9,500,15,3000,3000,3000,3000,"fast","control_informative",0.05,2,0.01,"","mirage_joint","trait1","bfdr_observed_fdp",0.2,0.473684210526316
20260821,9,500,15,3000,3000,3000,3000,"fast","control_informative",0.05,2,0.01,"","mirage_joint","trait1","bfdr_estimate",0.2,0.196846585201915
20260821,9,500,15,3000,3000,3000,3000,"fast","control_informative",0.05,2,0.01,"","mirage_joint","trait1","bfdr_power",0.2,0.4
20260821,9,500,15,3000,3000,3000,3000,"fast","control_informative",0.05,2,0.01,"","mirage_joint","trait1","bfdr_discoveries",0.2,19
20260821,9,500,15,3000,3000,3000,3000,"fast","control_informative",0.05,2,0.01,"","mirage_joint","trait2","bfdr_observed_fdp",0.01,0
20260821,9,500,15,3000,3000,3000,3000,"fast","control_informative",0.05,2,0.01,"","mirage_joint","trait2","bfdr_estimate",0.01,0
20260821,9,500,15,3000,3000,3000,3000,"fast","control_informative",0.05,2,0.01,"","mirage_joint","trait2","bfdr_power",0.01,0
20260821,9,500,15,3000,3000,3000,3000,"fast","control_informative",0.05,2,0.01,"","mirage_joint","trait2","bfdr_discoveries",0.01,0
20260821,9,500,15,3000,3000,3000,3000,"fast","control_informative",0.05,2,0.01,"","mirage_joint","trait2","bfdr_observed_fdp",0.05,0
20260821,9,500,15,3000,3000,3000,3000,"fast","control_informative",0.05,2,0.01,"","mirage_joint","trait2","bfdr_estimate",0.05,0
20260821,9,500,15,3000,3000,3000,3000,"fast","control_informative",0.05,2,0.01,"","mirage_joint","trait2","bfdr_power",0.05,0
20260821,9,500,15,3000,3000,3000,3000,"fast","control_informative",0.05,2,0.01,"","mirage_joint","trait2","bfdr_discoveries",0.05,0
20260821,9,500,15,3000,3000,3000,3000,"fast","control_informative",0.05,2,0.01,"","mirage_joint","trait2","bfdr_observed_fdp",0.1,0.5
20260821,9,500,15,3000,3000,3000,3000,"fast","control_informative",0.05,2,0.01,"","mirage_joint","trait2","bfdr_estimate",0.1,0.0959612288809025
20260821,9,500,15,3000,3000,3000,3000,"fast","control_informative",0.05,2,0.01,"","mirage_joint","trait2","bfdr_power",0.1,0.1
20260821,9,500,15,3000,3000,3000,3000,"fast","control_informative",0.05,2,0.01,"","mirage_joint","trait2","bfdr_discoveries",0.1,2
20260821,9,500,15,3000,3000,3000,3000,"fast","control_informative",0.05,2,0.01,"","mirage_joint","trait2","bfdr_observed_fdp",0.2,0.333333333333333
20260821,9,500,15,3000,3000,3000,3000,"fast","control_informative",0.05,2,0.01,"","mirage_joint","trait2","bfdr_estimate",0.2,0.173898105172113
20260821,9,500,15,3000,3000,3000,3000,"fast","control_informative",0.05,2,0.01,"","mirage_joint","trait2","bfdr_power",0.2,0.2
20260821,9,500,15,3000,3000,3000,3000,"fast","control_informative",0.05,2,0.01,"","mirage_joint","trait2","bfdr_discoveries",0.2,3
20260821,9,500,15,3000,3000,3000,3000,"fast","control_informative",0.05,2,0.01,"","mirage_joint","pleiotropy","bfdr_observed_fdp",0.01,0
20260821,9,500,15,3000,3000,3000,3000,"fast","control_informative",0.05,2,0.01,"","mirage_joint","pleiotropy","bfdr_estimate",0.01,0
20260821,9,500,15,3000,3000,3000,3000,"fast","control_informative",0.05,2,0.01,"","mirage_joint","pleiotropy","bfdr_power",0.01,0
20260821,9,500,15,3000,3000,3000,3000,"fast","control_informative",0.05,2,0.01,"","mirage_joint","pleiotropy","bfdr_discoveries",0.01,0
20260821,9,500,15,3000,3000,3000,3000,"fast","control_informative",0.05,2,0.01,"","mirage_joint","pleiotropy","bfdr_observed_fdp",0.05,0
20260821,9,500,15,3000,3000,3000,3000,"fast","control_informative",0.05,2,0.01,"","mirage_joint","pleiotropy","bfdr_estimate",0.05,0
20260821,9,500,15,3000,3000,3000,3000,"fast","control_informative",0.05,2,0.01,"","mirage_joint","pleiotropy","bfdr_power",0.05,0
20260821,9,500,15,3000,3000,3000,3000,"fast","control_informative",0.05,2,0.01,"","mirage_joint","pleiotropy","bfdr_discoveries",0.05,0
20260821,9,500,15,3000,3000,3000,3000,"fast","control_informative",0.05,2,0.01,"","mirage_joint","pleiotropy","bfdr_observed_fdp",0.1,0
20260821,9,500,15,3000,3000,3000,3000,"fast","control_informative",0.05,2,0.01,"","mirage_joint","pleiotropy","bfdr_estimate",0.1,0
20260821,9,500,15,3000,3000,3000,3000,"fast","control_informative",0.05,2,0.01,"","mirage_joint","pleiotropy","bfdr_power",0.1,0
20260821,9,500,15,3000,3000,3000,3000,"fast","control_informative",0.05,2,0.01,"","mirage_joint","pleiotropy","bfdr_discoveries",0.1,0
20260821,9,500,15,3000,3000,3000,3000,"fast","control_informative",0.05,2,0.01,"","mirage_joint","pleiotropy","bfdr_observed_fdp",0.2,1
20260821,9,500,15,3000,3000,3000,3000,"fast","control_informative",0.05,2,0.01,"","mirage_joint","pleiotropy","bfdr_estimate",0.2,0.186668049586041
20260821,9,500,15,3000,3000,3000,3000,"fast","control_informative",0.05,2,0.01,"","mirage_joint","pleiotropy","bfdr_power",0.2,0
20260821,9,500,15,3000,3000,3000,3000,"fast","control_informative",0.05,2,0.01,"","mirage_joint","pleiotropy","bfdr_discoveries",0.2,1
20260821,9,500,15,3000,3000,3000,3000,"fast","control_informative",0.05,2,0.01,"","mirage_joint","global","runtime_seconds",NA,18.161
20260821,9,500,15,3000,3000,3000,3000,"fast","control_informative",0.05,2,0.01,"","mirage_joint","pleiotropy","pi11_estimate",NA,0.07777970047899
20260821,9,500,15,3000,3000,3000,3000,"fast","control_informative",0.05,2,0.01,"","separate_mirage","trait1","auc",NA,0.786442105263158
20260821,9,500,15,3000,3000,3000,3000,"fast","control_informative",0.05,2,0.01,"","separate_mirage","trait2","auc",NA,0.63
20260821,9,500,15,3000,3000,3000,3000,"fast","control_informative",0.05,2,0.01,"","separate_mirage","pleiotropy","auc",NA,0.958787878787879
20260821,9,500,15,3000,3000,3000,3000,"fast","control_informative",0.05,2,0.01,"","separate_mirage","trait1","pp08_power",0.8,0.28
20260821,9,500,15,3000,3000,3000,3000,"fast","control_informative",0.05,2,0.01,"","separate_mirage","trait1","pp08_fdp",0.8,0
20260821,9,500,15,3000,3000,3000,3000,"fast","control_informative",0.05,2,0.01,"","separate_mirage","trait1","pp08_discoveries",0.8,7
20260821,9,500,15,3000,3000,3000,3000,"fast","control_informative",0.05,2,0.01,"","separate_mirage","trait2","pp08_power",0.8,0.1
20260821,9,500,15,3000,3000,3000,3000,"fast","control_informative",0.05,2,0.01,"","separate_mirage","trait2","pp08_fdp",0.8,0.5
20260821,9,500,15,3000,3000,3000,3000,"fast","control_informative",0.05,2,0.01,"","separate_mirage","trait2","pp08_discoveries",0.8,2
20260821,9,500,15,3000,3000,3000,3000,"fast","control_informative",0.05,2,0.01,"","separate_mirage","pleiotropy","pp08_power",0.8,0
20260821,9,500,15,3000,3000,3000,3000,"fast","control_informative",0.05,2,0.01,"","separate_mirage","pleiotropy","pp08_fdp",0.8,0
20260821,9,500,15,3000,3000,3000,3000,"fast","control_informative",0.05,2,0.01,"","separate_mirage","pleiotropy","pp08_discoveries",0.8,0
20260821,9,500,15,3000,3000,3000,3000,"fast","control_informative",0.05,2,0.01,"","separate_mirage","trait1","bfdr_observed_fdp",0.01,0
20260821,9,500,15,3000,3000,3000,3000,"fast","control_informative",0.05,2,0.01,"","separate_mirage","trait1","bfdr_estimate",0.01,0.00186230977883567
20260821,9,500,15,3000,3000,3000,3000,"fast","control_informative",0.05,2,0.01,"","separate_mirage","trait1","bfdr_power",0.01,0.16
20260821,9,500,15,3000,3000,3000,3000,"fast","control_informative",0.05,2,0.01,"","separate_mirage","trait1","bfdr_discoveries",0.01,4
20260821,9,500,15,3000,3000,3000,3000,"fast","control_informative",0.05,2,0.01,"","separate_mirage","trait1","bfdr_observed_fdp",0.05,0
20260821,9,500,15,3000,3000,3000,3000,"fast","control_informative",0.05,2,0.01,"","separate_mirage","trait1","bfdr_estimate",0.05,0.0420235098420427
20260821,9,500,15,3000,3000,3000,3000,"fast","control_informative",0.05,2,0.01,"","separate_mirage","trait1","bfdr_power",0.05,0.28
20260821,9,500,15,3000,3000,3000,3000,"fast","control_informative",0.05,2,0.01,"","separate_mirage","trait1","bfdr_discoveries",0.05,7
20260821,9,500,15,3000,3000,3000,3000,"fast","control_informative",0.05,2,0.01,"","separate_mirage","trait1","bfdr_observed_fdp",0.1,0.125
20260821,9,500,15,3000,3000,3000,3000,"fast","control_informative",0.05,2,0.01,"","separate_mirage","trait1","bfdr_estimate",0.1,0.0694366277621903
20260821,9,500,15,3000,3000,3000,3000,"fast","control_informative",0.05,2,0.01,"","separate_mirage","trait1","bfdr_power",0.1,0.28
20260821,9,500,15,3000,3000,3000,3000,"fast","control_informative",0.05,2,0.01,"","separate_mirage","trait1","bfdr_discoveries",0.1,8
20260821,9,500,15,3000,3000,3000,3000,"fast","control_informative",0.05,2,0.01,"","separate_mirage","trait1","bfdr_observed_fdp",0.2,0.333333333333333
20260821,9,500,15,3000,3000,3000,3000,"fast","control_informative",0.05,2,0.01,"","separate_mirage","trait1","bfdr_estimate",0.2,0.18562763384729
20260821,9,500,15,3000,3000,3000,3000,"fast","control_informative",0.05,2,0.01,"","separate_mirage","trait1","bfdr_power",0.2,0.32
20260821,9,500,15,3000,3000,3000,3000,"fast","control_informative",0.05,2,0.01,"","separate_mirage","trait1","bfdr_discoveries",0.2,12
20260821,9,500,15,3000,3000,3000,3000,"fast","control_informative",0.05,2,0.01,"","separate_mirage","trait2","bfdr_observed_fdp",0.01,0
20260821,9,500,15,3000,3000,3000,3000,"fast","control_informative",0.05,2,0.01,"","separate_mirage","trait2","bfdr_estimate",0.01,0
20260821,9,500,15,3000,3000,3000,3000,"fast","control_informative",0.05,2,0.01,"","separate_mirage","trait2","bfdr_power",0.01,0
20260821,9,500,15,3000,3000,3000,3000,"fast","control_informative",0.05,2,0.01,"","separate_mirage","trait2","bfdr_discoveries",0.01,0
20260821,9,500,15,3000,3000,3000,3000,"fast","control_informative",0.05,2,0.01,"","separate_mirage","trait2","bfdr_observed_fdp",0.05,0
20260821,9,500,15,3000,3000,3000,3000,"fast","control_informative",0.05,2,0.01,"","separate_mirage","trait2","bfdr_estimate",0.05,0
20260821,9,500,15,3000,3000,3000,3000,"fast","control_informative",0.05,2,0.01,"","separate_mirage","trait2","bfdr_power",0.05,0
20260821,9,500,15,3000,3000,3000,3000,"fast","control_informative",0.05,2,0.01,"","separate_mirage","trait2","bfdr_discoveries",0.05,0
20260821,9,500,15,3000,3000,3000,3000,"fast","control_informative",0.05,2,0.01,"","separate_mirage","trait2","bfdr_observed_fdp",0.1,0
20260821,9,500,15,3000,3000,3000,3000,"fast","control_informative",0.05,2,0.01,"","separate_mirage","trait2","bfdr_estimate",0.1,0
20260821,9,500,15,3000,3000,3000,3000,"fast","control_informative",0.05,2,0.01,"","separate_mirage","trait2","bfdr_power",0.1,0
20260821,9,500,15,3000,3000,3000,3000,"fast","control_informative",0.05,2,0.01,"","separate_mirage","trait2","bfdr_discoveries",0.1,0
20260821,9,500,15,3000,3000,3000,3000,"fast","control_informative",0.05,2,0.01,"","separate_mirage","trait2","bfdr_observed_fdp",0.2,0.5
20260821,9,500,15,3000,3000,3000,3000,"fast","control_informative",0.05,2,0.01,"","separate_mirage","trait2","bfdr_estimate",0.2,0.133966682237455
20260821,9,500,15,3000,3000,3000,3000,"fast","control_informative",0.05,2,0.01,"","separate_mirage","trait2","bfdr_power",0.2,0.1
20260821,9,500,15,3000,3000,3000,3000,"fast","control_informative",0.05,2,0.01,"","separate_mirage","trait2","bfdr_discoveries",0.2,2
20260821,9,500,15,3000,3000,3000,3000,"fast","control_informative",0.05,2,0.01,"","separate_mirage","pleiotropy","bfdr_observed_fdp",0.01,0
20260821,9,500,15,3000,3000,3000,3000,"fast","control_informative",0.05,2,0.01,"","separate_mirage","pleiotropy","bfdr_estimate",0.01,0
20260821,9,500,15,3000,3000,3000,3000,"fast","control_informative",0.05,2,0.01,"","separate_mirage","pleiotropy","bfdr_power",0.01,0
20260821,9,500,15,3000,3000,3000,3000,"fast","control_informative",0.05,2,0.01,"","separate_mirage","pleiotropy","bfdr_discoveries",0.01,0
20260821,9,500,15,3000,3000,3000,3000,"fast","control_informative",0.05,2,0.01,"","separate_mirage","pleiotropy","bfdr_observed_fdp",0.05,0
20260821,9,500,15,3000,3000,3000,3000,"fast","control_informative",0.05,2,0.01,"","separate_mirage","pleiotropy","bfdr_estimate",0.05,0
20260821,9,500,15,3000,3000,3000,3000,"fast","control_informative",0.05,2,0.01,"","separate_mirage","pleiotropy","bfdr_power",0.05,0
20260821,9,500,15,3000,3000,3000,3000,"fast","control_informative",0.05,2,0.01,"","separate_mirage","pleiotropy","bfdr_discoveries",0.05,0
20260821,9,500,15,3000,3000,3000,3000,"fast","control_informative",0.05,2,0.01,"","separate_mirage","pleiotropy","bfdr_observed_fdp",0.1,0
20260821,9,500,15,3000,3000,3000,3000,"fast","control_informative",0.05,2,0.01,"","separate_mirage","pleiotropy","bfdr_estimate",0.1,0
20260821,9,500,15,3000,3000,3000,3000,"fast","control_informative",0.05,2,0.01,"","separate_mirage","pleiotropy","bfdr_power",0.1,0
20260821,9,500,15,3000,3000,3000,3000,"fast","control_informative",0.05,2,0.01,"","separate_mirage","pleiotropy","bfdr_discoveries",0.1,0
20260821,9,500,15,3000,3000,3000,3000,"fast","control_informative",0.05,2,0.01,"","separate_mirage","pleiotropy","bfdr_observed_fdp",0.2,0
20260821,9,500,15,3000,3000,3000,3000,"fast","control_informative",0.05,2,0.01,"","separate_mirage","pleiotropy","bfdr_estimate",0.2,0
20260821,9,500,15,3000,3000,3000,3000,"fast","control_informative",0.05,2,0.01,"","separate_mirage","pleiotropy","bfdr_power",0.2,0
20260821,9,500,15,3000,3000,3000,3000,"fast","control_informative",0.05,2,0.01,"","separate_mirage","pleiotropy","bfdr_discoveries",0.2,0
20260821,9,500,15,3000,3000,3000,3000,"fast","control_informative",0.05,2,0.01,"","separate_mirage","global","runtime_seconds",NA,18.217
20260821,9,500,15,3000,3000,3000,3000,"fast","control_informative",0.05,2,0.01,"","separate_mirage","pleiotropy","pi11_estimate",NA,0.001
20260821,9,500,15,3000,3000,3000,3000,"fast","control_informative",0.05,2,0.01,"","mtada_aggregated","trait1","auc",NA,0.803705263157895
20260821,9,500,15,3000,3000,3000,3000,"fast","control_informative",0.05,2,0.01,"","mtada_aggregated","trait2","auc",NA,0.681428571428571
20260821,9,500,15,3000,3000,3000,3000,"fast","control_informative",0.05,2,0.01,"","mtada_aggregated","pleiotropy","auc",NA,0.993535353535353
20260821,9,500,15,3000,3000,3000,3000,"fast","control_informative",0.05,2,0.01,"","mtada_aggregated","trait1","pp08_power",0.8,0.44
20260821,9,500,15,3000,3000,3000,3000,"fast","control_informative",0.05,2,0.01,"","mtada_aggregated","trait1","pp08_fdp",0.8,0.153846153846154
20260821,9,500,15,3000,3000,3000,3000,"fast","control_informative",0.05,2,0.01,"","mtada_aggregated","trait1","pp08_discoveries",0.8,13
20260821,9,500,15,3000,3000,3000,3000,"fast","control_informative",0.05,2,0.01,"","mtada_aggregated","trait2","pp08_power",0.8,0.2
20260821,9,500,15,3000,3000,3000,3000,"fast","control_informative",0.05,2,0.01,"","mtada_aggregated","trait2","pp08_fdp",0.8,0.5
20260821,9,500,15,3000,3000,3000,3000,"fast","control_informative",0.05,2,0.01,"","mtada_aggregated","trait2","pp08_discoveries",0.8,4
20260821,9,500,15,3000,3000,3000,3000,"fast","control_informative",0.05,2,0.01,"","mtada_aggregated","pleiotropy","pp08_power",0.8,0
20260821,9,500,15,3000,3000,3000,3000,"fast","control_informative",0.05,2,0.01,"","mtada_aggregated","pleiotropy","pp08_fdp",0.8,0
20260821,9,500,15,3000,3000,3000,3000,"fast","control_informative",0.05,2,0.01,"","mtada_aggregated","pleiotropy","pp08_discoveries",0.8,0
20260821,9,500,15,3000,3000,3000,3000,"fast","control_informative",0.05,2,0.01,"","mtada_aggregated","trait1","bfdr_observed_fdp",0.01,0.0909090909090909
20260821,9,500,15,3000,3000,3000,3000,"fast","control_informative",0.05,2,0.01,"","mtada_aggregated","trait1","bfdr_estimate",0.01,0.00811396765710479
20260821,9,500,15,3000,3000,3000,3000,"fast","control_informative",0.05,2,0.01,"","mtada_aggregated","trait1","bfdr_power",0.01,0.4
20260821,9,500,15,3000,3000,3000,3000,"fast","control_informative",0.05,2,0.01,"","mtada_aggregated","trait1","bfdr_discoveries",0.01,11
20260821,9,500,15,3000,3000,3000,3000,"fast","control_informative",0.05,2,0.01,"","mtada_aggregated","trait1","bfdr_observed_fdp",0.05,0.214285714285714
20260821,9,500,15,3000,3000,3000,3000,"fast","control_informative",0.05,2,0.01,"","mtada_aggregated","trait1","bfdr_estimate",0.05,0.0464641875113536
20260821,9,500,15,3000,3000,3000,3000,"fast","control_informative",0.05,2,0.01,"","mtada_aggregated","trait1","bfdr_power",0.05,0.44
20260821,9,500,15,3000,3000,3000,3000,"fast","control_informative",0.05,2,0.01,"","mtada_aggregated","trait1","bfdr_discoveries",0.05,14
20260821,9,500,15,3000,3000,3000,3000,"fast","control_informative",0.05,2,0.01,"","mtada_aggregated","trait1","bfdr_observed_fdp",0.1,0.3125
20260821,9,500,15,3000,3000,3000,3000,"fast","control_informative",0.05,2,0.01,"","mtada_aggregated","trait1","bfdr_estimate",0.1,0.0822122379254112
20260821,9,500,15,3000,3000,3000,3000,"fast","control_informative",0.05,2,0.01,"","mtada_aggregated","trait1","bfdr_power",0.1,0.44
20260821,9,500,15,3000,3000,3000,3000,"fast","control_informative",0.05,2,0.01,"","mtada_aggregated","trait1","bfdr_discoveries",0.1,16
20260821,9,500,15,3000,3000,3000,3000,"fast","control_informative",0.05,2,0.01,"","mtada_aggregated","trait1","bfdr_observed_fdp",0.2,0.45
20260821,9,500,15,3000,3000,3000,3000,"fast","control_informative",0.05,2,0.01,"","mtada_aggregated","trait1","bfdr_estimate",0.2,0.186129377450181
20260821,9,500,15,3000,3000,3000,3000,"fast","control_informative",0.05,2,0.01,"","mtada_aggregated","trait1","bfdr_power",0.2,0.44
20260821,9,500,15,3000,3000,3000,3000,"fast","control_informative",0.05,2,0.01,"","mtada_aggregated","trait1","bfdr_discoveries",0.2,20
20260821,9,500,15,3000,3000,3000,3000,"fast","control_informative",0.05,2,0.01,"","mtada_aggregated","trait2","bfdr_observed_fdp",0.01,0
20260821,9,500,15,3000,3000,3000,3000,"fast","control_informative",0.05,2,0.01,"","mtada_aggregated","trait2","bfdr_estimate",0.01,7.50517592518207e-08
20260821,9,500,15,3000,3000,3000,3000,"fast","control_informative",0.05,2,0.01,"","mtada_aggregated","trait2","bfdr_power",0.01,0.1
20260821,9,500,15,3000,3000,3000,3000,"fast","control_informative",0.05,2,0.01,"","mtada_aggregated","trait2","bfdr_discoveries",0.01,1
20260821,9,500,15,3000,3000,3000,3000,"fast","control_informative",0.05,2,0.01,"","mtada_aggregated","trait2","bfdr_observed_fdp",0.05,0
20260821,9,500,15,3000,3000,3000,3000,"fast","control_informative",0.05,2,0.01,"","mtada_aggregated","trait2","bfdr_estimate",0.05,0.0190954725789672
20260821,9,500,15,3000,3000,3000,3000,"fast","control_informative",0.05,2,0.01,"","mtada_aggregated","trait2","bfdr_power",0.05,0.2
20260821,9,500,15,3000,3000,3000,3000,"fast","control_informative",0.05,2,0.01,"","mtada_aggregated","trait2","bfdr_discoveries",0.05,2
20260821,9,500,15,3000,3000,3000,3000,"fast","control_informative",0.05,2,0.01,"","mtada_aggregated","trait2","bfdr_observed_fdp",0.1,0.5
20260821,9,500,15,3000,3000,3000,3000,"fast","control_informative",0.05,2,0.01,"","mtada_aggregated","trait2","bfdr_estimate",0.1,0.0870622683522317
20260821,9,500,15,3000,3000,3000,3000,"fast","control_informative",0.05,2,0.01,"","mtada_aggregated","trait2","bfdr_power",0.1,0.2
20260821,9,500,15,3000,3000,3000,3000,"fast","control_informative",0.05,2,0.01,"","mtada_aggregated","trait2","bfdr_discoveries",0.1,4
20260821,9,500,15,3000,3000,3000,3000,"fast","control_informative",0.05,2,0.01,"","mtada_aggregated","trait2","bfdr_observed_fdp",0.2,0.6
20260821,9,500,15,3000,3000,3000,3000,"fast","control_informative",0.05,2,0.01,"","mtada_aggregated","trait2","bfdr_estimate",0.2,0.129010549982066
20260821,9,500,15,3000,3000,3000,3000,"fast","control_informative",0.05,2,0.01,"","mtada_aggregated","trait2","bfdr_power",0.2,0.2
20260821,9,500,15,3000,3000,3000,3000,"fast","control_informative",0.05,2,0.01,"","mtada_aggregated","trait2","bfdr_discoveries",0.2,5
20260821,9,500,15,3000,3000,3000,3000,"fast","control_informative",0.05,2,0.01,"","mtada_aggregated","pleiotropy","bfdr_observed_fdp",0.01,0
20260821,9,500,15,3000,3000,3000,3000,"fast","control_informative",0.05,2,0.01,"","mtada_aggregated","pleiotropy","bfdr_estimate",0.01,0
20260821,9,500,15,3000,3000,3000,3000,"fast","control_informative",0.05,2,0.01,"","mtada_aggregated","pleiotropy","bfdr_power",0.01,0
20260821,9,500,15,3000,3000,3000,3000,"fast","control_informative",0.05,2,0.01,"","mtada_aggregated","pleiotropy","bfdr_discoveries",0.01,0
20260821,9,500,15,3000,3000,3000,3000,"fast","control_informative",0.05,2,0.01,"","mtada_aggregated","pleiotropy","bfdr_observed_fdp",0.05,0
20260821,9,500,15,3000,3000,3000,3000,"fast","control_informative",0.05,2,0.01,"","mtada_aggregated","pleiotropy","bfdr_estimate",0.05,0
20260821,9,500,15,3000,3000,3000,3000,"fast","control_informative",0.05,2,0.01,"","mtada_aggregated","pleiotropy","bfdr_power",0.05,0
20260821,9,500,15,3000,3000,3000,3000,"fast","control_informative",0.05,2,0.01,"","mtada_aggregated","pleiotropy","bfdr_discoveries",0.05,0
20260821,9,500,15,3000,3000,3000,3000,"fast","control_informative",0.05,2,0.01,"","mtada_aggregated","pleiotropy","bfdr_observed_fdp",0.1,0
20260821,9,500,15,3000,3000,3000,3000,"fast","control_informative",0.05,2,0.01,"","mtada_aggregated","pleiotropy","bfdr_estimate",0.1,0
20260821,9,500,15,3000,3000,3000,3000,"fast","control_informative",0.05,2,0.01,"","mtada_aggregated","pleiotropy","bfdr_power",0.1,0
20260821,9,500,15,3000,3000,3000,3000,"fast","control_informative",0.05,2,0.01,"","mtada_aggregated","pleiotropy","bfdr_discoveries",0.1,0
20260821,9,500,15,3000,3000,3000,3000,"fast","control_informative",0.05,2,0.01,"","mtada_aggregated","pleiotropy","bfdr_observed_fdp",0.2,0
20260821,9,500,15,3000,3000,3000,3000,"fast","control_informative",0.05,2,0.01,"","mtada_aggregated","pleiotropy","bfdr_estimate",0.2,0
20260821,9,500,15,3000,3000,3000,3000,"fast","control_informative",0.05,2,0.01,"","mtada_aggregated","pleiotropy","bfdr_power",0.2,0
20260821,9,500,15,3000,3000,3000,3000,"fast","control_informative",0.05,2,0.01,"","mtada_aggregated","pleiotropy","bfdr_discoveries",0.2,0
20260821,9,500,15,3000,3000,3000,3000,"fast","control_informative",0.05,2,0.01,"","mtada_aggregated","global","runtime_seconds",NA,0.69599999999997
20260821,9,500,15,3000,3000,3000,3000,"fast","control_informative",0.05,2,0.01,"","mtada_aggregated","pleiotropy","pi11_estimate",NA,0.00210772
20260822,10,500,15,3000,3000,3000,3000,"fast","control_informative",0.05,2,0.01,"","mirage_joint","trait1","auc",NA,0.715705263157895
20260822,10,500,15,3000,3000,3000,3000,"fast","control_informative",0.05,2,0.01,"","mirage_joint","trait2","auc",NA,0.666734693877551
20260822,10,500,15,3000,3000,3000,3000,"fast","control_informative",0.05,2,0.01,"","mirage_joint","pleiotropy","auc",NA,0.66020202020202
20260822,10,500,15,3000,3000,3000,3000,"fast","control_informative",0.05,2,0.01,"","mirage_joint","trait1","pp08_power",0.8,0.08
20260822,10,500,15,3000,3000,3000,3000,"fast","control_informative",0.05,2,0.01,"","mirage_joint","trait1","pp08_fdp",0.8,0.333333333333333
20260822,10,500,15,3000,3000,3000,3000,"fast","control_informative",0.05,2,0.01,"","mirage_joint","trait1","pp08_discoveries",0.8,3
20260822,10,500,15,3000,3000,3000,3000,"fast","control_informative",0.05,2,0.01,"","mirage_joint","trait2","pp08_power",0.8,0
20260822,10,500,15,3000,3000,3000,3000,"fast","control_informative",0.05,2,0.01,"","mirage_joint","trait2","pp08_fdp",0.8,1
20260822,10,500,15,3000,3000,3000,3000,"fast","control_informative",0.05,2,0.01,"","mirage_joint","trait2","pp08_discoveries",0.8,1
20260822,10,500,15,3000,3000,3000,3000,"fast","control_informative",0.05,2,0.01,"","mirage_joint","pleiotropy","pp08_power",0.8,0
20260822,10,500,15,3000,3000,3000,3000,"fast","control_informative",0.05,2,0.01,"","mirage_joint","pleiotropy","pp08_fdp",0.8,0
20260822,10,500,15,3000,3000,3000,3000,"fast","control_informative",0.05,2,0.01,"","mirage_joint","pleiotropy","pp08_discoveries",0.8,0
20260822,10,500,15,3000,3000,3000,3000,"fast","control_informative",0.05,2,0.01,"","mirage_joint","trait1","bfdr_observed_fdp",0.01,0
20260822,10,500,15,3000,3000,3000,3000,"fast","control_informative",0.05,2,0.01,"","mirage_joint","trait1","bfdr_estimate",0.01,0.00426655175017276
20260822,10,500,15,3000,3000,3000,3000,"fast","control_informative",0.05,2,0.01,"","mirage_joint","trait1","bfdr_power",0.01,0.04
20260822,10,500,15,3000,3000,3000,3000,"fast","control_informative",0.05,2,0.01,"","mirage_joint","trait1","bfdr_discoveries",0.01,1
20260822,10,500,15,3000,3000,3000,3000,"fast","control_informative",0.05,2,0.01,"","mirage_joint","trait1","bfdr_observed_fdp",0.05,0
20260822,10,500,15,3000,3000,3000,3000,"fast","control_informative",0.05,2,0.01,"","mirage_joint","trait1","bfdr_estimate",0.05,0.0310439232721593
20260822,10,500,15,3000,3000,3000,3000,"fast","control_informative",0.05,2,0.01,"","mirage_joint","trait1","bfdr_power",0.05,0.08
20260822,10,500,15,3000,3000,3000,3000,"fast","control_informative",0.05,2,0.01,"","mirage_joint","trait1","bfdr_discoveries",0.05,2
20260822,10,500,15,3000,3000,3000,3000,"fast","control_informative",0.05,2,0.01,"","mirage_joint","trait1","bfdr_observed_fdp",0.1,0.333333333333333
20260822,10,500,15,3000,3000,3000,3000,"fast","control_informative",0.05,2,0.01,"","mirage_joint","trait1","bfdr_estimate",0.1,0.0858240287355982
20260822,10,500,15,3000,3000,3000,3000,"fast","control_informative",0.05,2,0.01,"","mirage_joint","trait1","bfdr_power",0.1,0.08
20260822,10,500,15,3000,3000,3000,3000,"fast","control_informative",0.05,2,0.01,"","mirage_joint","trait1","bfdr_discoveries",0.1,3
20260822,10,500,15,3000,3000,3000,3000,"fast","control_informative",0.05,2,0.01,"","mirage_joint","trait1","bfdr_observed_fdp",0.2,0.25
20260822,10,500,15,3000,3000,3000,3000,"fast","control_informative",0.05,2,0.01,"","mirage_joint","trait1","bfdr_estimate",0.2,0.16010112385047
20260822,10,500,15,3000,3000,3000,3000,"fast","control_informative",0.05,2,0.01,"","mirage_joint","trait1","bfdr_power",0.2,0.12
20260822,10,500,15,3000,3000,3000,3000,"fast","control_informative",0.05,2,0.01,"","mirage_joint","trait1","bfdr_discoveries",0.2,4
20260822,10,500,15,3000,3000,3000,3000,"fast","control_informative",0.05,2,0.01,"","mirage_joint","trait2","bfdr_observed_fdp",0.01,0
20260822,10,500,15,3000,3000,3000,3000,"fast","control_informative",0.05,2,0.01,"","mirage_joint","trait2","bfdr_estimate",0.01,0
20260822,10,500,15,3000,3000,3000,3000,"fast","control_informative",0.05,2,0.01,"","mirage_joint","trait2","bfdr_power",0.01,0
20260822,10,500,15,3000,3000,3000,3000,"fast","control_informative",0.05,2,0.01,"","mirage_joint","trait2","bfdr_discoveries",0.01,0
20260822,10,500,15,3000,3000,3000,3000,"fast","control_informative",0.05,2,0.01,"","mirage_joint","trait2","bfdr_observed_fdp",0.05,0
20260822,10,500,15,3000,3000,3000,3000,"fast","control_informative",0.05,2,0.01,"","mirage_joint","trait2","bfdr_estimate",0.05,0
20260822,10,500,15,3000,3000,3000,3000,"fast","control_informative",0.05,2,0.01,"","mirage_joint","trait2","bfdr_power",0.05,0
20260822,10,500,15,3000,3000,3000,3000,"fast","control_informative",0.05,2,0.01,"","mirage_joint","trait2","bfdr_discoveries",0.05,0
20260822,10,500,15,3000,3000,3000,3000,"fast","control_informative",0.05,2,0.01,"","mirage_joint","trait2","bfdr_observed_fdp",0.1,0
20260822,10,500,15,3000,3000,3000,3000,"fast","control_informative",0.05,2,0.01,"","mirage_joint","trait2","bfdr_estimate",0.1,0
20260822,10,500,15,3000,3000,3000,3000,"fast","control_informative",0.05,2,0.01,"","mirage_joint","trait2","bfdr_power",0.1,0
20260822,10,500,15,3000,3000,3000,3000,"fast","control_informative",0.05,2,0.01,"","mirage_joint","trait2","bfdr_discoveries",0.1,0
20260822,10,500,15,3000,3000,3000,3000,"fast","control_informative",0.05,2,0.01,"","mirage_joint","trait2","bfdr_observed_fdp",0.2,1
20260822,10,500,15,3000,3000,3000,3000,"fast","control_informative",0.05,2,0.01,"","mirage_joint","trait2","bfdr_estimate",0.2,0.194906821920034
20260822,10,500,15,3000,3000,3000,3000,"fast","control_informative",0.05,2,0.01,"","mirage_joint","trait2","bfdr_power",0.2,0
20260822,10,500,15,3000,3000,3000,3000,"fast","control_informative",0.05,2,0.01,"","mirage_joint","trait2","bfdr_discoveries",0.2,1
20260822,10,500,15,3000,3000,3000,3000,"fast","control_informative",0.05,2,0.01,"","mirage_joint","pleiotropy","bfdr_observed_fdp",0.01,0
20260822,10,500,15,3000,3000,3000,3000,"fast","control_informative",0.05,2,0.01,"","mirage_joint","pleiotropy","bfdr_estimate",0.01,0
20260822,10,500,15,3000,3000,3000,3000,"fast","control_informative",0.05,2,0.01,"","mirage_joint","pleiotropy","bfdr_power",0.01,0
20260822,10,500,15,3000,3000,3000,3000,"fast","control_informative",0.05,2,0.01,"","mirage_joint","pleiotropy","bfdr_discoveries",0.01,0
20260822,10,500,15,3000,3000,3000,3000,"fast","control_informative",0.05,2,0.01,"","mirage_joint","pleiotropy","bfdr_observed_fdp",0.05,0
20260822,10,500,15,3000,3000,3000,3000,"fast","control_informative",0.05,2,0.01,"","mirage_joint","pleiotropy","bfdr_estimate",0.05,0
20260822,10,500,15,3000,3000,3000,3000,"fast","control_informative",0.05,2,0.01,"","mirage_joint","pleiotropy","bfdr_power",0.05,0
20260822,10,500,15,3000,3000,3000,3000,"fast","control_informative",0.05,2,0.01,"","mirage_joint","pleiotropy","bfdr_discoveries",0.05,0
20260822,10,500,15,3000,3000,3000,3000,"fast","control_informative",0.05,2,0.01,"","mirage_joint","pleiotropy","bfdr_observed_fdp",0.1,0
20260822,10,500,15,3000,3000,3000,3000,"fast","control_informative",0.05,2,0.01,"","mirage_joint","pleiotropy","bfdr_estimate",0.1,0
20260822,10,500,15,3000,3000,3000,3000,"fast","control_informative",0.05,2,0.01,"","mirage_joint","pleiotropy","bfdr_power",0.1,0
20260822,10,500,15,3000,3000,3000,3000,"fast","control_informative",0.05,2,0.01,"","mirage_joint","pleiotropy","bfdr_discoveries",0.1,0
20260822,10,500,15,3000,3000,3000,3000,"fast","control_informative",0.05,2,0.01,"","mirage_joint","pleiotropy","bfdr_observed_fdp",0.2,0
20260822,10,500,15,3000,3000,3000,3000,"fast","control_informative",0.05,2,0.01,"","mirage_joint","pleiotropy","bfdr_estimate",0.2,0
20260822,10,500,15,3000,3000,3000,3000,"fast","control_informative",0.05,2,0.01,"","mirage_joint","pleiotropy","bfdr_power",0.2,0
20260822,10,500,15,3000,3000,3000,3000,"fast","control_informative",0.05,2,0.01,"","mirage_joint","pleiotropy","bfdr_discoveries",0.2,0
20260822,10,500,15,3000,3000,3000,3000,"fast","control_informative",0.05,2,0.01,"","mirage_joint","global","runtime_seconds",NA,18.166
20260822,10,500,15,3000,3000,3000,3000,"fast","control_informative",0.05,2,0.01,"","mirage_joint","pleiotropy","pi11_estimate",NA,0.0123174864393041
20260822,10,500,15,3000,3000,3000,3000,"fast","control_informative",0.05,2,0.01,"","separate_mirage","trait1","auc",NA,0.715536842105263
20260822,10,500,15,3000,3000,3000,3000,"fast","control_informative",0.05,2,0.01,"","separate_mirage","trait2","auc",NA,0.598775510204082
20260822,10,500,15,3000,3000,3000,3000,"fast","control_informative",0.05,2,0.01,"","separate_mirage","pleiotropy","auc",NA,0.654949494949495
20260822,10,500,15,3000,3000,3000,3000,"fast","control_informative",0.05,2,0.01,"","separate_mirage","trait1","pp08_power",0.8,0.08
20260822,10,500,15,3000,3000,3000,3000,"fast","control_informative",0.05,2,0.01,"","separate_mirage","trait1","pp08_fdp",0.8,0.333333333333333
20260822,10,500,15,3000,3000,3000,3000,"fast","control_informative",0.05,2,0.01,"","separate_mirage","trait1","pp08_discoveries",0.8,3
20260822,10,500,15,3000,3000,3000,3000,"fast","control_informative",0.05,2,0.01,"","separate_mirage","trait2","pp08_power",0.8,0
20260822,10,500,15,3000,3000,3000,3000,"fast","control_informative",0.05,2,0.01,"","separate_mirage","trait2","pp08_fdp",0.8,0
20260822,10,500,15,3000,3000,3000,3000,"fast","control_informative",0.05,2,0.01,"","separate_mirage","trait2","pp08_discoveries",0.8,0
20260822,10,500,15,3000,3000,3000,3000,"fast","control_informative",0.05,2,0.01,"","separate_mirage","pleiotropy","pp08_power",0.8,0
20260822,10,500,15,3000,3000,3000,3000,"fast","control_informative",0.05,2,0.01,"","separate_mirage","pleiotropy","pp08_fdp",0.8,0
20260822,10,500,15,3000,3000,3000,3000,"fast","control_informative",0.05,2,0.01,"","separate_mirage","pleiotropy","pp08_discoveries",0.8,0
20260822,10,500,15,3000,3000,3000,3000,"fast","control_informative",0.05,2,0.01,"","separate_mirage","trait1","bfdr_observed_fdp",0.01,0
20260822,10,500,15,3000,3000,3000,3000,"fast","control_informative",0.05,2,0.01,"","separate_mirage","trait1","bfdr_estimate",0.01,0.00385966037873442
20260822,10,500,15,3000,3000,3000,3000,"fast","control_informative",0.05,2,0.01,"","separate_mirage","trait1","bfdr_power",0.01,0.04
20260822,10,500,15,3000,3000,3000,3000,"fast","control_informative",0.05,2,0.01,"","separate_mirage","trait1","bfdr_discoveries",0.01,1
20260822,10,500,15,3000,3000,3000,3000,"fast","control_informative",0.05,2,0.01,"","separate_mirage","trait1","bfdr_observed_fdp",0.05,0
20260822,10,500,15,3000,3000,3000,3000,"fast","control_informative",0.05,2,0.01,"","separate_mirage","trait1","bfdr_estimate",0.05,0.0256422895629254
20260822,10,500,15,3000,3000,3000,3000,"fast","control_informative",0.05,2,0.01,"","separate_mirage","trait1","bfdr_power",0.05,0.08
20260822,10,500,15,3000,3000,3000,3000,"fast","control_informative",0.05,2,0.01,"","separate_mirage","trait1","bfdr_discoveries",0.05,2
20260822,10,500,15,3000,3000,3000,3000,"fast","control_informative",0.05,2,0.01,"","separate_mirage","trait1","bfdr_observed_fdp",0.1,0.333333333333333
20260822,10,500,15,3000,3000,3000,3000,"fast","control_informative",0.05,2,0.01,"","separate_mirage","trait1","bfdr_estimate",0.1,0.0719441307972496
20260822,10,500,15,3000,3000,3000,3000,"fast","control_informative",0.05,2,0.01,"","separate_mirage","trait1","bfdr_power",0.1,0.08
20260822,10,500,15,3000,3000,3000,3000,"fast","control_informative",0.05,2,0.01,"","separate_mirage","trait1","bfdr_discoveries",0.1,3
20260822,10,500,15,3000,3000,3000,3000,"fast","control_informative",0.05,2,0.01,"","separate_mirage","trait1","bfdr_observed_fdp",0.2,0.2
20260822,10,500,15,3000,3000,3000,3000,"fast","control_informative",0.05,2,0.01,"","separate_mirage","trait1","bfdr_estimate",0.2,0.193424560434083
20260822,10,500,15,3000,3000,3000,3000,"fast","control_informative",0.05,2,0.01,"","separate_mirage","trait1","bfdr_power",0.2,0.16
20260822,10,500,15,3000,3000,3000,3000,"fast","control_informative",0.05,2,0.01,"","separate_mirage","trait1","bfdr_discoveries",0.2,5
20260822,10,500,15,3000,3000,3000,3000,"fast","control_informative",0.05,2,0.01,"","separate_mirage","trait2","bfdr_observed_fdp",0.01,0
20260822,10,500,15,3000,3000,3000,3000,"fast","control_informative",0.05,2,0.01,"","separate_mirage","trait2","bfdr_estimate",0.01,0
20260822,10,500,15,3000,3000,3000,3000,"fast","control_informative",0.05,2,0.01,"","separate_mirage","trait2","bfdr_power",0.01,0
20260822,10,500,15,3000,3000,3000,3000,"fast","control_informative",0.05,2,0.01,"","separate_mirage","trait2","bfdr_discoveries",0.01,0
20260822,10,500,15,3000,3000,3000,3000,"fast","control_informative",0.05,2,0.01,"","separate_mirage","trait2","bfdr_observed_fdp",0.05,0
20260822,10,500,15,3000,3000,3000,3000,"fast","control_informative",0.05,2,0.01,"","separate_mirage","trait2","bfdr_estimate",0.05,0
20260822,10,500,15,3000,3000,3000,3000,"fast","control_informative",0.05,2,0.01,"","separate_mirage","trait2","bfdr_power",0.05,0
20260822,10,500,15,3000,3000,3000,3000,"fast","control_informative",0.05,2,0.01,"","separate_mirage","trait2","bfdr_discoveries",0.05,0
20260822,10,500,15,3000,3000,3000,3000,"fast","control_informative",0.05,2,0.01,"","separate_mirage","trait2","bfdr_observed_fdp",0.1,0
20260822,10,500,15,3000,3000,3000,3000,"fast","control_informative",0.05,2,0.01,"","separate_mirage","trait2","bfdr_estimate",0.1,0
20260822,10,500,15,3000,3000,3000,3000,"fast","control_informative",0.05,2,0.01,"","separate_mirage","trait2","bfdr_power",0.1,0
20260822,10,500,15,3000,3000,3000,3000,"fast","control_informative",0.05,2,0.01,"","separate_mirage","trait2","bfdr_discoveries",0.1,0
20260822,10,500,15,3000,3000,3000,3000,"fast","control_informative",0.05,2,0.01,"","separate_mirage","trait2","bfdr_observed_fdp",0.2,0
20260822,10,500,15,3000,3000,3000,3000,"fast","control_informative",0.05,2,0.01,"","separate_mirage","trait2","bfdr_estimate",0.2,0
20260822,10,500,15,3000,3000,3000,3000,"fast","control_informative",0.05,2,0.01,"","separate_mirage","trait2","bfdr_power",0.2,0
20260822,10,500,15,3000,3000,3000,3000,"fast","control_informative",0.05,2,0.01,"","separate_mirage","trait2","bfdr_discoveries",0.2,0
20260822,10,500,15,3000,3000,3000,3000,"fast","control_informative",0.05,2,0.01,"","separate_mirage","pleiotropy","bfdr_observed_fdp",0.01,0
20260822,10,500,15,3000,3000,3000,3000,"fast","control_informative",0.05,2,0.01,"","separate_mirage","pleiotropy","bfdr_estimate",0.01,0
20260822,10,500,15,3000,3000,3000,3000,"fast","control_informative",0.05,2,0.01,"","separate_mirage","pleiotropy","bfdr_power",0.01,0
20260822,10,500,15,3000,3000,3000,3000,"fast","control_informative",0.05,2,0.01,"","separate_mirage","pleiotropy","bfdr_discoveries",0.01,0
20260822,10,500,15,3000,3000,3000,3000,"fast","control_informative",0.05,2,0.01,"","separate_mirage","pleiotropy","bfdr_observed_fdp",0.05,0
20260822,10,500,15,3000,3000,3000,3000,"fast","control_informative",0.05,2,0.01,"","separate_mirage","pleiotropy","bfdr_estimate",0.05,0
20260822,10,500,15,3000,3000,3000,3000,"fast","control_informative",0.05,2,0.01,"","separate_mirage","pleiotropy","bfdr_power",0.05,0
20260822,10,500,15,3000,3000,3000,3000,"fast","control_informative",0.05,2,0.01,"","separate_mirage","pleiotropy","bfdr_discoveries",0.05,0
20260822,10,500,15,3000,3000,3000,3000,"fast","control_informative",0.05,2,0.01,"","separate_mirage","pleiotropy","bfdr_observed_fdp",0.1,0
20260822,10,500,15,3000,3000,3000,3000,"fast","control_informative",0.05,2,0.01,"","separate_mirage","pleiotropy","bfdr_estimate",0.1,0
20260822,10,500,15,3000,3000,3000,3000,"fast","control_informative",0.05,2,0.01,"","separate_mirage","pleiotropy","bfdr_power",0.1,0
20260822,10,500,15,3000,3000,3000,3000,"fast","control_informative",0.05,2,0.01,"","separate_mirage","pleiotropy","bfdr_discoveries",0.1,0
20260822,10,500,15,3000,3000,3000,3000,"fast","control_informative",0.05,2,0.01,"","separate_mirage","pleiotropy","bfdr_observed_fdp",0.2,0
20260822,10,500,15,3000,3000,3000,3000,"fast","control_informative",0.05,2,0.01,"","separate_mirage","pleiotropy","bfdr_estimate",0.2,0
20260822,10,500,15,3000,3000,3000,3000,"fast","control_informative",0.05,2,0.01,"","separate_mirage","pleiotropy","bfdr_power",0.2,0
20260822,10,500,15,3000,3000,3000,3000,"fast","control_informative",0.05,2,0.01,"","separate_mirage","pleiotropy","bfdr_discoveries",0.2,0
20260822,10,500,15,3000,3000,3000,3000,"fast","control_informative",0.05,2,0.01,"","separate_mirage","global","runtime_seconds",NA,18.193
20260822,10,500,15,3000,3000,3000,3000,"fast","control_informative",0.05,2,0.01,"","separate_mirage","pleiotropy","pi11_estimate",NA,0.001
20260822,10,500,15,3000,3000,3000,3000,"fast","control_informative",0.05,2,0.01,"","mtada_aggregated","trait1","auc",NA,0.725894736842105
20260822,10,500,15,3000,3000,3000,3000,"fast","control_informative",0.05,2,0.01,"","mtada_aggregated","trait2","auc",NA,0.707142857142857
20260822,10,500,15,3000,3000,3000,3000,"fast","control_informative",0.05,2,0.01,"","mtada_aggregated","pleiotropy","auc",NA,0.691313131313131
20260822,10,500,15,3000,3000,3000,3000,"fast","control_informative",0.05,2,0.01,"","mtada_aggregated","trait1","pp08_power",0.8,0.08
20260822,10,500,15,3000,3000,3000,3000,"fast","control_informative",0.05,2,0.01,"","mtada_aggregated","trait1","pp08_fdp",0.8,0.5
20260822,10,500,15,3000,3000,3000,3000,"fast","control_informative",0.05,2,0.01,"","mtada_aggregated","trait1","pp08_discoveries",0.8,4
20260822,10,500,15,3000,3000,3000,3000,"fast","control_informative",0.05,2,0.01,"","mtada_aggregated","trait2","pp08_power",0.8,0
20260822,10,500,15,3000,3000,3000,3000,"fast","control_informative",0.05,2,0.01,"","mtada_aggregated","trait2","pp08_fdp",0.8,1
20260822,10,500,15,3000,3000,3000,3000,"fast","control_informative",0.05,2,0.01,"","mtada_aggregated","trait2","pp08_discoveries",0.8,4
20260822,10,500,15,3000,3000,3000,3000,"fast","control_informative",0.05,2,0.01,"","mtada_aggregated","pleiotropy","pp08_power",0.8,0
20260822,10,500,15,3000,3000,3000,3000,"fast","control_informative",0.05,2,0.01,"","mtada_aggregated","pleiotropy","pp08_fdp",0.8,0
20260822,10,500,15,3000,3000,3000,3000,"fast","control_informative",0.05,2,0.01,"","mtada_aggregated","pleiotropy","pp08_discoveries",0.8,0
20260822,10,500,15,3000,3000,3000,3000,"fast","control_informative",0.05,2,0.01,"","mtada_aggregated","trait1","bfdr_observed_fdp",0.01,0
20260822,10,500,15,3000,3000,3000,3000,"fast","control_informative",0.05,2,0.01,"","mtada_aggregated","trait1","bfdr_estimate",0.01,1.83370019702367e-05
20260822,10,500,15,3000,3000,3000,3000,"fast","control_informative",0.05,2,0.01,"","mtada_aggregated","trait1","bfdr_power",0.01,0.08
20260822,10,500,15,3000,3000,3000,3000,"fast","control_informative",0.05,2,0.01,"","mtada_aggregated","trait1","bfdr_discoveries",0.01,2
20260822,10,500,15,3000,3000,3000,3000,"fast","control_informative",0.05,2,0.01,"","mtada_aggregated","trait1","bfdr_observed_fdp",0.05,0.5
20260822,10,500,15,3000,3000,3000,3000,"fast","control_informative",0.05,2,0.01,"","mtada_aggregated","trait1","bfdr_estimate",0.05,0.0291975668905781
20260822,10,500,15,3000,3000,3000,3000,"fast","control_informative",0.05,2,0.01,"","mtada_aggregated","trait1","bfdr_power",0.05,0.08
20260822,10,500,15,3000,3000,3000,3000,"fast","control_informative",0.05,2,0.01,"","mtada_aggregated","trait1","bfdr_discoveries",0.05,4
20260822,10,500,15,3000,3000,3000,3000,"fast","control_informative",0.05,2,0.01,"","mtada_aggregated","trait1","bfdr_observed_fdp",0.1,0.6
20260822,10,500,15,3000,3000,3000,3000,"fast","control_informative",0.05,2,0.01,"","mtada_aggregated","trait1","bfdr_estimate",0.1,0.0667363886150267
20260822,10,500,15,3000,3000,3000,3000,"fast","control_informative",0.05,2,0.01,"","mtada_aggregated","trait1","bfdr_power",0.1,0.08
20260822,10,500,15,3000,3000,3000,3000,"fast","control_informative",0.05,2,0.01,"","mtada_aggregated","trait1","bfdr_discoveries",0.1,5
20260822,10,500,15,3000,3000,3000,3000,"fast","control_informative",0.05,2,0.01,"","mtada_aggregated","trait1","bfdr_observed_fdp",0.2,0.571428571428571
20260822,10,500,15,3000,3000,3000,3000,"fast","control_informative",0.05,2,0.01,"","mtada_aggregated","trait1","bfdr_estimate",0.2,0.158163632833559
20260822,10,500,15,3000,3000,3000,3000,"fast","control_informative",0.05,2,0.01,"","mtada_aggregated","trait1","bfdr_power",0.2,0.12
20260822,10,500,15,3000,3000,3000,3000,"fast","control_informative",0.05,2,0.01,"","mtada_aggregated","trait1","bfdr_discoveries",0.2,7
20260822,10,500,15,3000,3000,3000,3000,"fast","control_informative",0.05,2,0.01,"","mtada_aggregated","trait2","bfdr_observed_fdp",0.01,1
20260822,10,500,15,3000,3000,3000,3000,"fast","control_informative",0.05,2,0.01,"","mtada_aggregated","trait2","bfdr_estimate",0.01,0.00873462468669484
20260822,10,500,15,3000,3000,3000,3000,"fast","control_informative",0.05,2,0.01,"","mtada_aggregated","trait2","bfdr_power",0.01,0
20260822,10,500,15,3000,3000,3000,3000,"fast","control_informative",0.05,2,0.01,"","mtada_aggregated","trait2","bfdr_discoveries",0.01,1
20260822,10,500,15,3000,3000,3000,3000,"fast","control_informative",0.05,2,0.01,"","mtada_aggregated","trait2","bfdr_observed_fdp",0.05,1
20260822,10,500,15,3000,3000,3000,3000,"fast","control_informative",0.05,2,0.01,"","mtada_aggregated","trait2","bfdr_estimate",0.05,0.038214616944034
20260822,10,500,15,3000,3000,3000,3000,"fast","control_informative",0.05,2,0.01,"","mtada_aggregated","trait2","bfdr_power",0.05,0
20260822,10,500,15,3000,3000,3000,3000,"fast","control_informative",0.05,2,0.01,"","mtada_aggregated","trait2","bfdr_discoveries",0.05,3
20260822,10,500,15,3000,3000,3000,3000,"fast","control_informative",0.05,2,0.01,"","mtada_aggregated","trait2","bfdr_observed_fdp",0.1,0.8
20260822,10,500,15,3000,3000,3000,3000,"fast","control_informative",0.05,2,0.01,"","mtada_aggregated","trait2","bfdr_estimate",0.1,0.0991106801126327
20260822,10,500,15,3000,3000,3000,3000,"fast","control_informative",0.05,2,0.01,"","mtada_aggregated","trait2","bfdr_power",0.1,0.1
20260822,10,500,15,3000,3000,3000,3000,"fast","control_informative",0.05,2,0.01,"","mtada_aggregated","trait2","bfdr_discoveries",0.1,5
20260822,10,500,15,3000,3000,3000,3000,"fast","control_informative",0.05,2,0.01,"","mtada_aggregated","trait2","bfdr_observed_fdp",0.2,0.714285714285714
20260822,10,500,15,3000,3000,3000,3000,"fast","control_informative",0.05,2,0.01,"","mtada_aggregated","trait2","bfdr_estimate",0.2,0.174152037255696
20260822,10,500,15,3000,3000,3000,3000,"fast","control_informative",0.05,2,0.01,"","mtada_aggregated","trait2","bfdr_power",0.2,0.2
20260822,10,500,15,3000,3000,3000,3000,"fast","control_informative",0.05,2,0.01,"","mtada_aggregated","trait2","bfdr_discoveries",0.2,7
20260822,10,500,15,3000,3000,3000,3000,"fast","control_informative",0.05,2,0.01,"","mtada_aggregated","pleiotropy","bfdr_observed_fdp",0.01,0
20260822,10,500,15,3000,3000,3000,3000,"fast","control_informative",0.05,2,0.01,"","mtada_aggregated","pleiotropy","bfdr_estimate",0.01,0
20260822,10,500,15,3000,3000,3000,3000,"fast","control_informative",0.05,2,0.01,"","mtada_aggregated","pleiotropy","bfdr_power",0.01,0
20260822,10,500,15,3000,3000,3000,3000,"fast","control_informative",0.05,2,0.01,"","mtada_aggregated","pleiotropy","bfdr_discoveries",0.01,0
20260822,10,500,15,3000,3000,3000,3000,"fast","control_informative",0.05,2,0.01,"","mtada_aggregated","pleiotropy","bfdr_observed_fdp",0.05,0
20260822,10,500,15,3000,3000,3000,3000,"fast","control_informative",0.05,2,0.01,"","mtada_aggregated","pleiotropy","bfdr_estimate",0.05,0
20260822,10,500,15,3000,3000,3000,3000,"fast","control_informative",0.05,2,0.01,"","mtada_aggregated","pleiotropy","bfdr_power",0.05,0
20260822,10,500,15,3000,3000,3000,3000,"fast","control_informative",0.05,2,0.01,"","mtada_aggregated","pleiotropy","bfdr_discoveries",0.05,0
20260822,10,500,15,3000,3000,3000,3000,"fast","control_informative",0.05,2,0.01,"","mtada_aggregated","pleiotropy","bfdr_observed_fdp",0.1,0
20260822,10,500,15,3000,3000,3000,3000,"fast","control_informative",0.05,2,0.01,"","mtada_aggregated","pleiotropy","bfdr_estimate",0.1,0
20260822,10,500,15,3000,3000,3000,3000,"fast","control_informative",0.05,2,0.01,"","mtada_aggregated","pleiotropy","bfdr_power",0.1,0
20260822,10,500,15,3000,3000,3000,3000,"fast","control_informative",0.05,2,0.01,"","mtada_aggregated","pleiotropy","bfdr_discoveries",0.1,0
20260822,10,500,15,3000,3000,3000,3000,"fast","control_informative",0.05,2,0.01,"","mtada_aggregated","pleiotropy","bfdr_observed_fdp",0.2,0
20260822,10,500,15,3000,3000,3000,3000,"fast","control_informative",0.05,2,0.01,"","mtada_aggregated","pleiotropy","bfdr_estimate",0.2,0
20260822,10,500,15,3000,3000,3000,3000,"fast","control_informative",0.05,2,0.01,"","mtada_aggregated","pleiotropy","bfdr_power",0.2,0
20260822,10,500,15,3000,3000,3000,3000,"fast","control_informative",0.05,2,0.01,"","mtada_aggregated","pleiotropy","bfdr_discoveries",0.2,0
20260822,10,500,15,3000,3000,3000,3000,"fast","control_informative",0.05,2,0.01,"","mtada_aggregated","global","runtime_seconds",NA,0.861999999999966
20260822,10,500,15,3000,3000,3000,3000,"fast","control_informative",0.05,2,0.01,"","mtada_aggregated","pleiotropy","pi11_estimate",NA,0.00248565
