"seed","replicate","n_genes","variants_per_gene","n_case1","n_control1","n_case2","n_control2","bf_mode","simulation_design","background_prob","background_multiplier","pi11_truth","mtada_error","method","target","metric","threshold","value"
20260813,1,500,15,3000,3000,3000,3000,"fast","control_informative",0.18,8,0.01,"","mirage_joint","trait1","auc",NA,0.839326315789474
20260813,1,500,15,3000,3000,3000,3000,"fast","control_informative",0.18,8,0.01,"","mirage_joint","trait2","auc",NA,0.733061224489796
20260813,1,500,15,3000,3000,3000,3000,"fast","control_informative",0.18,8,0.01,"","mirage_joint","pleiotropy","auc",NA,0.932525252525253
20260813,1,500,15,3000,3000,3000,3000,"fast","control_informative",0.18,8,0.01,"","mirage_joint","trait1","pp08_power",0.8,0.28
20260813,1,500,15,3000,3000,3000,3000,"fast","control_informative",0.18,8,0.01,"","mirage_joint","trait1","pp08_fdp",0.8,0.125
20260813,1,500,15,3000,3000,3000,3000,"fast","control_informative",0.18,8,0.01,"","mirage_joint","trait1","pp08_discoveries",0.8,8
20260813,1,500,15,3000,3000,3000,3000,"fast","control_informative",0.18,8,0.01,"","mirage_joint","trait2","pp08_power",0.8,0
20260813,1,500,15,3000,3000,3000,3000,"fast","control_informative",0.18,8,0.01,"","mirage_joint","trait2","pp08_fdp",0.8,0
20260813,1,500,15,3000,3000,3000,3000,"fast","control_informative",0.18,8,0.01,"","mirage_joint","trait2","pp08_discoveries",0.8,0
20260813,1,500,15,3000,3000,3000,3000,"fast","control_informative",0.18,8,0.01,"","mirage_joint","pleiotropy","pp08_power",0.8,0
20260813,1,500,15,3000,3000,3000,3000,"fast","control_informative",0.18,8,0.01,"","mirage_joint","pleiotropy","pp08_fdp",0.8,0
20260813,1,500,15,3000,3000,3000,3000,"fast","control_informative",0.18,8,0.01,"","mirage_joint","pleiotropy","pp08_discoveries",0.8,0
20260813,1,500,15,3000,3000,3000,3000,"fast","control_informative",0.18,8,0.01,"","mirage_joint","trait1","bfdr_observed_fdp",0.01,0
20260813,1,500,15,3000,3000,3000,3000,"fast","control_informative",0.18,8,0.01,"","mirage_joint","trait1","bfdr_estimate",0.01,0.000739860073570057
20260813,1,500,15,3000,3000,3000,3000,"fast","control_informative",0.18,8,0.01,"","mirage_joint","trait1","bfdr_power",0.01,0.24
20260813,1,500,15,3000,3000,3000,3000,"fast","control_informative",0.18,8,0.01,"","mirage_joint","trait1","bfdr_discoveries",0.01,6
20260813,1,500,15,3000,3000,3000,3000,"fast","control_informative",0.18,8,0.01,"","mirage_joint","trait1","bfdr_observed_fdp",0.05,0.125
20260813,1,500,15,3000,3000,3000,3000,"fast","control_informative",0.18,8,0.01,"","mirage_joint","trait1","bfdr_estimate",0.05,0.040343324530101
20260813,1,500,15,3000,3000,3000,3000,"fast","control_informative",0.18,8,0.01,"","mirage_joint","trait1","bfdr_power",0.05,0.28
20260813,1,500,15,3000,3000,3000,3000,"fast","control_informative",0.18,8,0.01,"","mirage_joint","trait1","bfdr_discoveries",0.05,8
20260813,1,500,15,3000,3000,3000,3000,"fast","control_informative",0.18,8,0.01,"","mirage_joint","trait1","bfdr_observed_fdp",0.1,0.2
20260813,1,500,15,3000,3000,3000,3000,"fast","control_informative",0.18,8,0.01,"","mirage_joint","trait1","bfdr_estimate",0.1,0.089676499215159
20260813,1,500,15,3000,3000,3000,3000,"fast","control_informative",0.18,8,0.01,"","mirage_joint","trait1","bfdr_power",0.1,0.32
20260813,1,500,15,3000,3000,3000,3000,"fast","control_informative",0.18,8,0.01,"","mirage_joint","trait1","bfdr_discoveries",0.1,10
20260813,1,500,15,3000,3000,3000,3000,"fast","control_informative",0.18,8,0.01,"","mirage_joint","trait1","bfdr_observed_fdp",0.2,0.357142857142857
20260813,1,500,15,3000,3000,3000,3000,"fast","control_informative",0.18,8,0.01,"","mirage_joint","trait1","bfdr_estimate",0.2,0.197646169169438
20260813,1,500,15,3000,3000,3000,3000,"fast","control_informative",0.18,8,0.01,"","mirage_joint","trait1","bfdr_power",0.2,0.36
20260813,1,500,15,3000,3000,3000,3000,"fast","control_informative",0.18,8,0.01,"","mirage_joint","trait1","bfdr_discoveries",0.2,14
20260813,1,500,15,3000,3000,3000,3000,"fast","control_informative",0.18,8,0.01,"","mirage_joint","trait2","bfdr_observed_fdp",0.01,0
20260813,1,500,15,3000,3000,3000,3000,"fast","control_informative",0.18,8,0.01,"","mirage_joint","trait2","bfdr_estimate",0.01,0
20260813,1,500,15,3000,3000,3000,3000,"fast","control_informative",0.18,8,0.01,"","mirage_joint","trait2","bfdr_power",0.01,0
20260813,1,500,15,3000,3000,3000,3000,"fast","control_informative",0.18,8,0.01,"","mirage_joint","trait2","bfdr_discoveries",0.01,0
20260813,1,500,15,3000,3000,3000,3000,"fast","control_informative",0.18,8,0.01,"","mirage_joint","trait2","bfdr_observed_fdp",0.05,0
20260813,1,500,15,3000,3000,3000,3000,"fast","control_informative",0.18,8,0.01,"","mirage_joint","trait2","bfdr_estimate",0.05,0
20260813,1,500,15,3000,3000,3000,3000,"fast","control_informative",0.18,8,0.01,"","mirage_joint","trait2","bfdr_power",0.05,0
20260813,1,500,15,3000,3000,3000,3000,"fast","control_informative",0.18,8,0.01,"","mirage_joint","trait2","bfdr_discoveries",0.05,0
20260813,1,500,15,3000,3000,3000,3000,"fast","control_informative",0.18,8,0.01,"","mirage_joint","trait2","bfdr_observed_fdp",0.1,0
20260813,1,500,15,3000,3000,3000,3000,"fast","control_informative",0.18,8,0.01,"","mirage_joint","trait2","bfdr_estimate",0.1,0
20260813,1,500,15,3000,3000,3000,3000,"fast","control_informative",0.18,8,0.01,"","mirage_joint","trait2","bfdr_power",0.1,0
20260813,1,500,15,3000,3000,3000,3000,"fast","control_informative",0.18,8,0.01,"","mirage_joint","trait2","bfdr_discoveries",0.1,0
20260813,1,500,15,3000,3000,3000,3000,"fast","control_informative",0.18,8,0.01,"","mirage_joint","trait2","bfdr_observed_fdp",0.2,0
20260813,1,500,15,3000,3000,3000,3000,"fast","control_informative",0.18,8,0.01,"","mirage_joint","trait2","bfdr_estimate",0.2,0
20260813,1,500,15,3000,3000,3000,3000,"fast","control_informative",0.18,8,0.01,"","mirage_joint","trait2","bfdr_power",0.2,0
20260813,1,500,15,3000,3000,3000,3000,"fast","control_informative",0.18,8,0.01,"","mirage_joint","trait2","bfdr_discoveries",0.2,0
20260813,1,500,15,3000,3000,3000,3000,"fast","control_informative",0.18,8,0.01,"","mirage_joint","pleiotropy","bfdr_observed_fdp",0.01,0
20260813,1,500,15,3000,3000,3000,3000,"fast","control_informative",0.18,8,0.01,"","mirage_joint","pleiotropy","bfdr_estimate",0.01,0
20260813,1,500,15,3000,3000,3000,3000,"fast","control_informative",0.18,8,0.01,"","mirage_joint","pleiotropy","bfdr_power",0.01,0
20260813,1,500,15,3000,3000,3000,3000,"fast","control_informative",0.18,8,0.01,"","mirage_joint","pleiotropy","bfdr_discoveries",0.01,0
20260813,1,500,15,3000,3000,3000,3000,"fast","control_informative",0.18,8,0.01,"","mirage_joint","pleiotropy","bfdr_observed_fdp",0.05,0
20260813,1,500,15,3000,3000,3000,3000,"fast","control_informative",0.18,8,0.01,"","mirage_joint","pleiotropy","bfdr_estimate",0.05,0
20260813,1,500,15,3000,3000,3000,3000,"fast","control_informative",0.18,8,0.01,"","mirage_joint","pleiotropy","bfdr_power",0.05,0
20260813,1,500,15,3000,3000,3000,3000,"fast","control_informative",0.18,8,0.01,"","mirage_joint","pleiotropy","bfdr_discoveries",0.05,0
20260813,1,500,15,3000,3000,3000,3000,"fast","control_informative",0.18,8,0.01,"","mirage_joint","pleiotropy","bfdr_observed_fdp",0.1,0
20260813,1,500,15,3000,3000,3000,3000,"fast","control_informative",0.18,8,0.01,"","mirage_joint","pleiotropy","bfdr_estimate",0.1,0
20260813,1,500,15,3000,3000,3000,3000,"fast","control_informative",0.18,8,0.01,"","mirage_joint","pleiotropy","bfdr_power",0.1,0
20260813,1,500,15,3000,3000,3000,3000,"fast","control_informative",0.18,8,0.01,"","mirage_joint","pleiotropy","bfdr_discoveries",0.1,0
20260813,1,500,15,3000,3000,3000,3000,"fast","control_informative",0.18,8,0.01,"","mirage_joint","pleiotropy","bfdr_observed_fdp",0.2,0
20260813,1,500,15,3000,3000,3000,3000,"fast","control_informative",0.18,8,0.01,"","mirage_joint","pleiotropy","bfdr_estimate",0.2,0
20260813,1,500,15,3000,3000,3000,3000,"fast","control_informative",0.18,8,0.01,"","mirage_joint","pleiotropy","bfdr_power",0.2,0
20260813,1,500,15,3000,3000,3000,3000,"fast","control_informative",0.18,8,0.01,"","mirage_joint","pleiotropy","bfdr_discoveries",0.2,0
20260813,1,500,15,3000,3000,3000,3000,"fast","control_informative",0.18,8,0.01,"","mirage_joint","global","runtime_seconds",NA,18.441
20260813,1,500,15,3000,3000,3000,3000,"fast","control_informative",0.18,8,0.01,"","mirage_joint","pleiotropy","pi11_estimate",NA,0.0106689456921798
20260813,1,500,15,3000,3000,3000,3000,"fast","control_informative",0.18,8,0.01,"","separate_mirage","trait1","auc",NA,0.812631578947368
20260813,1,500,15,3000,3000,3000,3000,"fast","control_informative",0.18,8,0.01,"","separate_mirage","trait2","auc",NA,0.649183673469388
20260813,1,500,15,3000,3000,3000,3000,"fast","control_informative",0.18,8,0.01,"","separate_mirage","pleiotropy","auc",NA,0.943030303030303
20260813,1,500,15,3000,3000,3000,3000,"fast","control_informative",0.18,8,0.01,"","separate_mirage","trait1","pp08_power",0.8,0.24
20260813,1,500,15,3000,3000,3000,3000,"fast","control_informative",0.18,8,0.01,"","separate_mirage","trait1","pp08_fdp",0.8,0
20260813,1,500,15,3000,3000,3000,3000,"fast","control_informative",0.18,8,0.01,"","separate_mirage","trait1","pp08_discoveries",0.8,6
20260813,1,500,15,3000,3000,3000,3000,"fast","control_informative",0.18,8,0.01,"","separate_mirage","trait2","pp08_power",0.8,0
20260813,1,500,15,3000,3000,3000,3000,"fast","control_informative",0.18,8,0.01,"","separate_mirage","trait2","pp08_fdp",0.8,0
20260813,1,500,15,3000,3000,3000,3000,"fast","control_informative",0.18,8,0.01,"","separate_mirage","trait2","pp08_discoveries",0.8,0
20260813,1,500,15,3000,3000,3000,3000,"fast","control_informative",0.18,8,0.01,"","separate_mirage","pleiotropy","pp08_power",0.8,0
20260813,1,500,15,3000,3000,3000,3000,"fast","control_informative",0.18,8,0.01,"","separate_mirage","pleiotropy","pp08_fdp",0.8,0
20260813,1,500,15,3000,3000,3000,3000,"fast","control_informative",0.18,8,0.01,"","separate_mirage","pleiotropy","pp08_discoveries",0.8,0
20260813,1,500,15,3000,3000,3000,3000,"fast","control_informative",0.18,8,0.01,"","separate_mirage","trait1","bfdr_observed_fdp",0.01,0
20260813,1,500,15,3000,3000,3000,3000,"fast","control_informative",0.18,8,0.01,"","separate_mirage","trait1","bfdr_estimate",0.01,0.000888639672561179
20260813,1,500,15,3000,3000,3000,3000,"fast","control_informative",0.18,8,0.01,"","separate_mirage","trait1","bfdr_power",0.01,0.24
20260813,1,500,15,3000,3000,3000,3000,"fast","control_informative",0.18,8,0.01,"","separate_mirage","trait1","bfdr_discoveries",0.01,6
20260813,1,500,15,3000,3000,3000,3000,"fast","control_informative",0.18,8,0.01,"","separate_mirage","trait1","bfdr_observed_fdp",0.05,0.142857142857143
20260813,1,500,15,3000,3000,3000,3000,"fast","control_informative",0.18,8,0.01,"","separate_mirage","trait1","bfdr_estimate",0.05,0.0318459344918919
20260813,1,500,15,3000,3000,3000,3000,"fast","control_informative",0.18,8,0.01,"","separate_mirage","trait1","bfdr_power",0.05,0.24
20260813,1,500,15,3000,3000,3000,3000,"fast","control_informative",0.18,8,0.01,"","separate_mirage","trait1","bfdr_discoveries",0.05,7
20260813,1,500,15,3000,3000,3000,3000,"fast","control_informative",0.18,8,0.01,"","separate_mirage","trait1","bfdr_observed_fdp",0.1,0.111111111111111
20260813,1,500,15,3000,3000,3000,3000,"fast","control_informative",0.18,8,0.01,"","separate_mirage","trait1","bfdr_estimate",0.1,0.0898140097147196
20260813,1,500,15,3000,3000,3000,3000,"fast","control_informative",0.18,8,0.01,"","separate_mirage","trait1","bfdr_power",0.1,0.32
20260813,1,500,15,3000,3000,3000,3000,"fast","control_informative",0.18,8,0.01,"","separate_mirage","trait1","bfdr_discoveries",0.1,9
20260813,1,500,15,3000,3000,3000,3000,"fast","control_informative",0.18,8,0.01,"","separate_mirage","trait1","bfdr_observed_fdp",0.2,0.25
20260813,1,500,15,3000,3000,3000,3000,"fast","control_informative",0.18,8,0.01,"","separate_mirage","trait1","bfdr_estimate",0.2,0.195938359502703
20260813,1,500,15,3000,3000,3000,3000,"fast","control_informative",0.18,8,0.01,"","separate_mirage","trait1","bfdr_power",0.2,0.36
20260813,1,500,15,3000,3000,3000,3000,"fast","control_informative",0.18,8,0.01,"","separate_mirage","trait1","bfdr_discoveries",0.2,12
20260813,1,500,15,3000,3000,3000,3000,"fast","control_informative",0.18,8,0.01,"","separate_mirage","trait2","bfdr_observed_fdp",0.01,0
20260813,1,500,15,3000,3000,3000,3000,"fast","control_informative",0.18,8,0.01,"","separate_mirage","trait2","bfdr_estimate",0.01,0
20260813,1,500,15,3000,3000,3000,3000,"fast","control_informative",0.18,8,0.01,"","separate_mirage","trait2","bfdr_power",0.01,0
20260813,1,500,15,3000,3000,3000,3000,"fast","control_informative",0.18,8,0.01,"","separate_mirage","trait2","bfdr_discoveries",0.01,0
20260813,1,500,15,3000,3000,3000,3000,"fast","control_informative",0.18,8,0.01,"","separate_mirage","trait2","bfdr_observed_fdp",0.05,0
20260813,1,500,15,3000,3000,3000,3000,"fast","control_informative",0.18,8,0.01,"","separate_mirage","trait2","bfdr_estimate",0.05,0
20260813,1,500,15,3000,3000,3000,3000,"fast","control_informative",0.18,8,0.01,"","separate_mirage","trait2","bfdr_power",0.05,0
20260813,1,500,15,3000,3000,3000,3000,"fast","control_informative",0.18,8,0.01,"","separate_mirage","trait2","bfdr_discoveries",0.05,0
20260813,1,500,15,3000,3000,3000,3000,"fast","control_informative",0.18,8,0.01,"","separate_mirage","trait2","bfdr_observed_fdp",0.1,0
20260813,1,500,15,3000,3000,3000,3000,"fast","control_informative",0.18,8,0.01,"","separate_mirage","trait2","bfdr_estimate",0.1,0
20260813,1,500,15,3000,3000,3000,3000,"fast","control_informative",0.18,8,0.01,"","separate_mirage","trait2","bfdr_power",0.1,0
20260813,1,500,15,3000,3000,3000,3000,"fast","control_informative",0.18,8,0.01,"","separate_mirage","trait2","bfdr_discoveries",0.1,0
20260813,1,500,15,3000,3000,3000,3000,"fast","control_informative",0.18,8,0.01,"","separate_mirage","trait2","bfdr_observed_fdp",0.2,0
20260813,1,500,15,3000,3000,3000,3000,"fast","control_informative",0.18,8,0.01,"","separate_mirage","trait2","bfdr_estimate",0.2,0
20260813,1,500,15,3000,3000,3000,3000,"fast","control_informative",0.18,8,0.01,"","separate_mirage","trait2","bfdr_power",0.2,0
20260813,1,500,15,3000,3000,3000,3000,"fast","control_informative",0.18,8,0.01,"","separate_mirage","trait2","bfdr_discoveries",0.2,0
20260813,1,500,15,3000,3000,3000,3000,"fast","control_informative",0.18,8,0.01,"","separate_mirage","pleiotropy","bfdr_observed_fdp",0.01,0
20260813,1,500,15,3000,3000,3000,3000,"fast","control_informative",0.18,8,0.01,"","separate_mirage","pleiotropy","bfdr_estimate",0.01,0
20260813,1,500,15,3000,3000,3000,3000,"fast","control_informative",0.18,8,0.01,"","separate_mirage","pleiotropy","bfdr_power",0.01,0
20260813,1,500,15,3000,3000,3000,3000,"fast","control_informative",0.18,8,0.01,"","separate_mirage","pleiotropy","bfdr_discoveries",0.01,0
20260813,1,500,15,3000,3000,3000,3000,"fast","control_informative",0.18,8,0.01,"","separate_mirage","pleiotropy","bfdr_observed_fdp",0.05,0
20260813,1,500,15,3000,3000,3000,3000,"fast","control_informative",0.18,8,0.01,"","separate_mirage","pleiotropy","bfdr_estimate",0.05,0
20260813,1,500,15,3000,3000,3000,3000,"fast","control_informative",0.18,8,0.01,"","separate_mirage","pleiotropy","bfdr_power",0.05,0
20260813,1,500,15,3000,3000,3000,3000,"fast","control_informative",0.18,8,0.01,"","separate_mirage","pleiotropy","bfdr_discoveries",0.05,0
20260813,1,500,15,3000,3000,3000,3000,"fast","control_informative",0.18,8,0.01,"","separate_mirage","pleiotropy","bfdr_observed_fdp",0.1,0
20260813,1,500,15,3000,3000,3000,3000,"fast","control_informative",0.18,8,0.01,"","separate_mirage","pleiotropy","bfdr_estimate",0.1,0
20260813,1,500,15,3000,3000,3000,3000,"fast","control_informative",0.18,8,0.01,"","separate_mirage","pleiotropy","bfdr_power",0.1,0
20260813,1,500,15,3000,3000,3000,3000,"fast","control_informative",0.18,8,0.01,"","separate_mirage","pleiotropy","bfdr_discoveries",0.1,0
20260813,1,500,15,3000,3000,3000,3000,"fast","control_informative",0.18,8,0.01,"","separate_mirage","pleiotropy","bfdr_observed_fdp",0.2,0
20260813,1,500,15,3000,3000,3000,3000,"fast","control_informative",0.18,8,0.01,"","separate_mirage","pleiotropy","bfdr_estimate",0.2,0
20260813,1,500,15,3000,3000,3000,3000,"fast","control_informative",0.18,8,0.01,"","separate_mirage","pleiotropy","bfdr_power",0.2,0
20260813,1,500,15,3000,3000,3000,3000,"fast","control_informative",0.18,8,0.01,"","separate_mirage","pleiotropy","bfdr_discoveries",0.2,0
20260813,1,500,15,3000,3000,3000,3000,"fast","control_informative",0.18,8,0.01,"","separate_mirage","global","runtime_seconds",NA,18.437
20260813,1,500,15,3000,3000,3000,3000,"fast","control_informative",0.18,8,0.01,"","separate_mirage","pleiotropy","pi11_estimate",NA,0.001
20260813,1,500,15,3000,3000,3000,3000,"fast","control_informative",0.18,8,0.01,"","mtada_aggregated","trait1","auc",NA,0.641852631578947
20260813,1,500,15,3000,3000,3000,3000,"fast","control_informative",0.18,8,0.01,"","mtada_aggregated","trait2","auc",NA,0.691428571428571
20260813,1,500,15,3000,3000,3000,3000,"fast","control_informative",0.18,8,0.01,"","mtada_aggregated","pleiotropy","auc",NA,0.718787878787879
20260813,1,500,15,3000,3000,3000,3000,"fast","control_informative",0.18,8,0.01,"","mtada_aggregated","trait1","pp08_power",0.8,0.68
20260813,1,500,15,3000,3000,3000,3000,"fast","control_informative",0.18,8,0.01,"","mtada_aggregated","trait1","pp08_fdp",0.8,0.931451612903226
20260813,1,500,15,3000,3000,3000,3000,"fast","control_informative",0.18,8,0.01,"","mtada_aggregated","trait1","pp08_discoveries",0.8,248
20260813,1,500,15,3000,3000,3000,3000,"fast","control_informative",0.18,8,0.01,"","mtada_aggregated","trait2","pp08_power",0.8,0.9
20260813,1,500,15,3000,3000,3000,3000,"fast","control_informative",0.18,8,0.01,"","mtada_aggregated","trait2","pp08_fdp",0.8,0.965909090909091
20260813,1,500,15,3000,3000,3000,3000,"fast","control_informative",0.18,8,0.01,"","mtada_aggregated","trait2","pp08_discoveries",0.8,264
20260813,1,500,15,3000,3000,3000,3000,"fast","control_informative",0.18,8,0.01,"","mtada_aggregated","pleiotropy","pp08_power",0.8,0.6
20260813,1,500,15,3000,3000,3000,3000,"fast","control_informative",0.18,8,0.01,"","mtada_aggregated","pleiotropy","pp08_fdp",0.8,0.97972972972973
20260813,1,500,15,3000,3000,3000,3000,"fast","control_informative",0.18,8,0.01,"","mtada_aggregated","pleiotropy","pp08_discoveries",0.8,148
20260813,1,500,15,3000,3000,3000,3000,"fast","control_informative",0.18,8,0.01,"","mtada_aggregated","trait1","bfdr_observed_fdp",0.01,0.931451612903226
20260813,1,500,15,3000,3000,3000,3000,"fast","control_informative",0.18,8,0.01,"","mtada_aggregated","trait1","bfdr_estimate",0.01,0.00976681168528137
20260813,1,500,15,3000,3000,3000,3000,"fast","control_informative",0.18,8,0.01,"","mtada_aggregated","trait1","bfdr_power",0.01,0.68
20260813,1,500,15,3000,3000,3000,3000,"fast","control_informative",0.18,8,0.01,"","mtada_aggregated","trait1","bfdr_discoveries",0.01,248
20260813,1,500,15,3000,3000,3000,3000,"fast","control_informative",0.18,8,0.01,"","mtada_aggregated","trait1","bfdr_observed_fdp",0.05,0.930909090909091
20260813,1,500,15,3000,3000,3000,3000,"fast","control_informative",0.18,8,0.01,"","mtada_aggregated","trait1","bfdr_estimate",0.05,0.0485172328541214
20260813,1,500,15,3000,3000,3000,3000,"fast","control_informative",0.18,8,0.01,"","mtada_aggregated","trait1","bfdr_power",0.05,0.76
20260813,1,500,15,3000,3000,3000,3000,"fast","control_informative",0.18,8,0.01,"","mtada_aggregated","trait1","bfdr_discoveries",0.05,275
20260813,1,500,15,3000,3000,3000,3000,"fast","control_informative",0.18,8,0.01,"","mtada_aggregated","trait1","bfdr_observed_fdp",0.1,0.936241610738255
20260813,1,500,15,3000,3000,3000,3000,"fast","control_informative",0.18,8,0.01,"","mtada_aggregated","trait1","bfdr_estimate",0.1,0.0988605038063606
20260813,1,500,15,3000,3000,3000,3000,"fast","control_informative",0.18,8,0.01,"","mtada_aggregated","trait1","bfdr_power",0.1,0.76
20260813,1,500,15,3000,3000,3000,3000,"fast","control_informative",0.18,8,0.01,"","mtada_aggregated","trait1","bfdr_discoveries",0.1,298
20260813,1,500,15,3000,3000,3000,3000,"fast","control_informative",0.18,8,0.01,"","mtada_aggregated","trait1","bfdr_observed_fdp",0.2,0.944117647058824
20260813,1,500,15,3000,3000,3000,3000,"fast","control_informative",0.18,8,0.01,"","mtada_aggregated","trait1","bfdr_estimate",0.2,0.198674186762282
20260813,1,500,15,3000,3000,3000,3000,"fast","control_informative",0.18,8,0.01,"","mtada_aggregated","trait1","bfdr_power",0.2,0.76
20260813,1,500,15,3000,3000,3000,3000,"fast","control_informative",0.18,8,0.01,"","mtada_aggregated","trait1","bfdr_discoveries",0.2,340
20260813,1,500,15,3000,3000,3000,3000,"fast","control_informative",0.18,8,0.01,"","mtada_aggregated","trait2","bfdr_observed_fdp",0.01,0.969230769230769
20260813,1,500,15,3000,3000,3000,3000,"fast","control_informative",0.18,8,0.01,"","mtada_aggregated","trait2","bfdr_estimate",0.01,0.00989833712477942
20260813,1,500,15,3000,3000,3000,3000,"fast","control_informative",0.18,8,0.01,"","mtada_aggregated","trait2","bfdr_power",0.01,0.8
20260813,1,500,15,3000,3000,3000,3000,"fast","control_informative",0.18,8,0.01,"","mtada_aggregated","trait2","bfdr_discoveries",0.01,260
20260813,1,500,15,3000,3000,3000,3000,"fast","control_informative",0.18,8,0.01,"","mtada_aggregated","trait2","bfdr_observed_fdp",0.05,0.968858131487889
20260813,1,500,15,3000,3000,3000,3000,"fast","control_informative",0.18,8,0.01,"","mtada_aggregated","trait2","bfdr_estimate",0.05,0.048045076817963
20260813,1,500,15,3000,3000,3000,3000,"fast","control_informative",0.18,8,0.01,"","mtada_aggregated","trait2","bfdr_power",0.05,0.9
20260813,1,500,15,3000,3000,3000,3000,"fast","control_informative",0.18,8,0.01,"","mtada_aggregated","trait2","bfdr_discoveries",0.05,289
20260813,1,500,15,3000,3000,3000,3000,"fast","control_informative",0.18,8,0.01,"","mtada_aggregated","trait2","bfdr_observed_fdp",0.1,0.970873786407767
20260813,1,500,15,3000,3000,3000,3000,"fast","control_informative",0.18,8,0.01,"","mtada_aggregated","trait2","bfdr_estimate",0.1,0.0985559422424357
20260813,1,500,15,3000,3000,3000,3000,"fast","control_informative",0.18,8,0.01,"","mtada_aggregated","trait2","bfdr_power",0.1,0.9
20260813,1,500,15,3000,3000,3000,3000,"fast","control_informative",0.18,8,0.01,"","mtada_aggregated","trait2","bfdr_discoveries",0.1,309
20260813,1,500,15,3000,3000,3000,3000,"fast","control_informative",0.18,8,0.01,"","mtada_aggregated","trait2","bfdr_observed_fdp",0.2,0.971428571428571
20260813,1,500,15,3000,3000,3000,3000,"fast","control_informative",0.18,8,0.01,"","mtada_aggregated","trait2","bfdr_estimate",0.2,0.199661519275421
20260813,1,500,15,3000,3000,3000,3000,"fast","control_informative",0.18,8,0.01,"","mtada_aggregated","trait2","bfdr_power",0.2,1
20260813,1,500,15,3000,3000,3000,3000,"fast","control_informative",0.18,8,0.01,"","mtada_aggregated","trait2","bfdr_discoveries",0.2,350
20260813,1,500,15,3000,3000,3000,3000,"fast","control_informative",0.18,8,0.01,"","mtada_aggregated","pleiotropy","bfdr_observed_fdp",0.01,0.985401459854015
20260813,1,500,15,3000,3000,3000,3000,"fast","control_informative",0.18,8,0.01,"","mtada_aggregated","pleiotropy","bfdr_estimate",0.01,0.00994609221227572
20260813,1,500,15,3000,3000,3000,3000,"fast","control_informative",0.18,8,0.01,"","mtada_aggregated","pleiotropy","bfdr_power",0.01,0.4
20260813,1,500,15,3000,3000,3000,3000,"fast","control_informative",0.18,8,0.01,"","mtada_aggregated","pleiotropy","bfdr_discoveries",0.01,137
20260813,1,500,15,3000,3000,3000,3000,"fast","control_informative",0.18,8,0.01,"","mtada_aggregated","pleiotropy","bfdr_observed_fdp",0.05,0.981818181818182
20260813,1,500,15,3000,3000,3000,3000,"fast","control_informative",0.18,8,0.01,"","mtada_aggregated","pleiotropy","bfdr_estimate",0.05,0.0497054666334598
20260813,1,500,15,3000,3000,3000,3000,"fast","control_informative",0.18,8,0.01,"","mtada_aggregated","pleiotropy","bfdr_power",0.05,0.6
20260813,1,500,15,3000,3000,3000,3000,"fast","control_informative",0.18,8,0.01,"","mtada_aggregated","pleiotropy","bfdr_discoveries",0.05,165
20260813,1,500,15,3000,3000,3000,3000,"fast","control_informative",0.18,8,0.01,"","mtada_aggregated","pleiotropy","bfdr_observed_fdp",0.1,0.983695652173913
20260813,1,500,15,3000,3000,3000,3000,"fast","control_informative",0.18,8,0.01,"","mtada_aggregated","pleiotropy","bfdr_estimate",0.1,0.0971486313194039
20260813,1,500,15,3000,3000,3000,3000,"fast","control_informative",0.18,8,0.01,"","mtada_aggregated","pleiotropy","bfdr_power",0.1,0.6
20260813,1,500,15,3000,3000,3000,3000,"fast","control_informative",0.18,8,0.01,"","mtada_aggregated","pleiotropy","bfdr_discoveries",0.1,184
20260813,1,500,15,3000,3000,3000,3000,"fast","control_informative",0.18,8,0.01,"","mtada_aggregated","pleiotropy","bfdr_observed_fdp",0.2,0.986111111111111
20260813,1,500,15,3000,3000,3000,3000,"fast","control_informative",0.18,8,0.01,"","mtada_aggregated","pleiotropy","bfdr_estimate",0.2,0.197457039436565
20260813,1,500,15,3000,3000,3000,3000,"fast","control_informative",0.18,8,0.01,"","mtada_aggregated","pleiotropy","bfdr_power",0.2,0.6
20260813,1,500,15,3000,3000,3000,3000,"fast","control_informative",0.18,8,0.01,"","mtada_aggregated","pleiotropy","bfdr_discoveries",0.2,216
20260813,1,500,15,3000,3000,3000,3000,"fast","control_informative",0.18,8,0.01,"","mtada_aggregated","global","runtime_seconds",NA,0.914999999999992
20260813,1,500,15,3000,3000,3000,3000,"fast","control_informative",0.18,8,0.01,"","mtada_aggregated","pleiotropy","pi11_estimate",NA,0.00880435
20260814,2,500,15,3000,3000,3000,3000,"fast","control_informative",0.18,8,0.01,"","mirage_joint","trait1","auc",NA,0.8416
20260814,2,500,15,3000,3000,3000,3000,"fast","control_informative",0.18,8,0.01,"","mirage_joint","trait2","auc",NA,0.669387755102041
20260814,2,500,15,3000,3000,3000,3000,"fast","control_informative",0.18,8,0.01,"","mirage_joint","pleiotropy","auc",NA,0.886868686868687
20260814,2,500,15,3000,3000,3000,3000,"fast","control_informative",0.18,8,0.01,"","mirage_joint","trait1","pp08_power",0.8,0.16
20260814,2,500,15,3000,3000,3000,3000,"fast","control_informative",0.18,8,0.01,"","mirage_joint","trait1","pp08_fdp",0.8,0
20260814,2,500,15,3000,3000,3000,3000,"fast","control_informative",0.18,8,0.01,"","mirage_joint","trait1","pp08_discoveries",0.8,4
20260814,2,500,15,3000,3000,3000,3000,"fast","control_informative",0.18,8,0.01,"","mirage_joint","trait2","pp08_power",0.8,0
20260814,2,500,15,3000,3000,3000,3000,"fast","control_informative",0.18,8,0.01,"","mirage_joint","trait2","pp08_fdp",0.8,0
20260814,2,500,15,3000,3000,3000,3000,"fast","control_informative",0.18,8,0.01,"","mirage_joint","trait2","pp08_discoveries",0.8,0
20260814,2,500,15,3000,3000,3000,3000,"fast","control_informative",0.18,8,0.01,"","mirage_joint","pleiotropy","pp08_power",0.8,0
20260814,2,500,15,3000,3000,3000,3000,"fast","control_informative",0.18,8,0.01,"","mirage_joint","pleiotropy","pp08_fdp",0.8,0
20260814,2,500,15,3000,3000,3000,3000,"fast","control_informative",0.18,8,0.01,"","mirage_joint","pleiotropy","pp08_discoveries",0.8,0
20260814,2,500,15,3000,3000,3000,3000,"fast","control_informative",0.18,8,0.01,"","mirage_joint","trait1","bfdr_observed_fdp",0.01,0
20260814,2,500,15,3000,3000,3000,3000,"fast","control_informative",0.18,8,0.01,"","mirage_joint","trait1","bfdr_estimate",0.01,0.00148087392922344
20260814,2,500,15,3000,3000,3000,3000,"fast","control_informative",0.18,8,0.01,"","mirage_joint","trait1","bfdr_power",0.01,0.16
20260814,2,500,15,3000,3000,3000,3000,"fast","control_informative",0.18,8,0.01,"","mirage_joint","trait1","bfdr_discoveries",0.01,4
20260814,2,500,15,3000,3000,3000,3000,"fast","control_informative",0.18,8,0.01,"","mirage_joint","trait1","bfdr_observed_fdp",0.05,0
20260814,2,500,15,3000,3000,3000,3000,"fast","control_informative",0.18,8,0.01,"","mirage_joint","trait1","bfdr_estimate",0.05,0.00148087392922344
20260814,2,500,15,3000,3000,3000,3000,"fast","control_informative",0.18,8,0.01,"","mirage_joint","trait1","bfdr_power",0.05,0.16
20260814,2,500,15,3000,3000,3000,3000,"fast","control_informative",0.18,8,0.01,"","mirage_joint","trait1","bfdr_discoveries",0.05,4
20260814,2,500,15,3000,3000,3000,3000,"fast","control_informative",0.18,8,0.01,"","mirage_joint","trait1","bfdr_observed_fdp",0.1,0.2
20260814,2,500,15,3000,3000,3000,3000,"fast","control_informative",0.18,8,0.01,"","mirage_joint","trait1","bfdr_estimate",0.1,0.0532362080589813
20260814,2,500,15,3000,3000,3000,3000,"fast","control_informative",0.18,8,0.01,"","mirage_joint","trait1","bfdr_power",0.1,0.16
20260814,2,500,15,3000,3000,3000,3000,"fast","control_informative",0.18,8,0.01,"","mirage_joint","trait1","bfdr_discoveries",0.1,5
20260814,2,500,15,3000,3000,3000,3000,"fast","control_informative",0.18,8,0.01,"","mirage_joint","trait1","bfdr_observed_fdp",0.2,0.285714285714286
20260814,2,500,15,3000,3000,3000,3000,"fast","control_informative",0.18,8,0.01,"","mirage_joint","trait1","bfdr_estimate",0.2,0.173340418084863
20260814,2,500,15,3000,3000,3000,3000,"fast","control_informative",0.18,8,0.01,"","mirage_joint","trait1","bfdr_power",0.2,0.2
20260814,2,500,15,3000,3000,3000,3000,"fast","control_informative",0.18,8,0.01,"","mirage_joint","trait1","bfdr_discoveries",0.2,7
20260814,2,500,15,3000,3000,3000,3000,"fast","control_informative",0.18,8,0.01,"","mirage_joint","trait2","bfdr_observed_fdp",0.01,0
20260814,2,500,15,3000,3000,3000,3000,"fast","control_informative",0.18,8,0.01,"","mirage_joint","trait2","bfdr_estimate",0.01,0
20260814,2,500,15,3000,3000,3000,3000,"fast","control_informative",0.18,8,0.01,"","mirage_joint","trait2","bfdr_power",0.01,0
20260814,2,500,15,3000,3000,3000,3000,"fast","control_informative",0.18,8,0.01,"","mirage_joint","trait2","bfdr_discoveries",0.01,0
20260814,2,500,15,3000,3000,3000,3000,"fast","control_informative",0.18,8,0.01,"","mirage_joint","trait2","bfdr_observed_fdp",0.05,0
20260814,2,500,15,3000,3000,3000,3000,"fast","control_informative",0.18,8,0.01,"","mirage_joint","trait2","bfdr_estimate",0.05,0
20260814,2,500,15,3000,3000,3000,3000,"fast","control_informative",0.18,8,0.01,"","mirage_joint","trait2","bfdr_power",0.05,0
20260814,2,500,15,3000,3000,3000,3000,"fast","control_informative",0.18,8,0.01,"","mirage_joint","trait2","bfdr_discoveries",0.05,0
20260814,2,500,15,3000,3000,3000,3000,"fast","control_informative",0.18,8,0.01,"","mirage_joint","trait2","bfdr_observed_fdp",0.1,0
20260814,2,500,15,3000,3000,3000,3000,"fast","control_informative",0.18,8,0.01,"","mirage_joint","trait2","bfdr_estimate",0.1,0
20260814,2,500,15,3000,3000,3000,3000,"fast","control_informative",0.18,8,0.01,"","mirage_joint","trait2","bfdr_power",0.1,0
20260814,2,500,15,3000,3000,3000,3000,"fast","control_informative",0.18,8,0.01,"","mirage_joint","trait2","bfdr_discoveries",0.1,0
20260814,2,500,15,3000,3000,3000,3000,"fast","control_informative",0.18,8,0.01,"","mirage_joint","trait2","bfdr_observed_fdp",0.2,0
20260814,2,500,15,3000,3000,3000,3000,"fast","control_informative",0.18,8,0.01,"","mirage_joint","trait2","bfdr_estimate",0.2,0
20260814,2,500,15,3000,3000,3000,3000,"fast","control_informative",0.18,8,0.01,"","mirage_joint","trait2","bfdr_power",0.2,0
20260814,2,500,15,3000,3000,3000,3000,"fast","control_informative",0.18,8,0.01,"","mirage_joint","trait2","bfdr_discoveries",0.2,0
20260814,2,500,15,3000,3000,3000,3000,"fast","control_informative",0.18,8,0.01,"","mirage_joint","pleiotropy","bfdr_observed_fdp",0.01,0
20260814,2,500,15,3000,3000,3000,3000,"fast","control_informative",0.18,8,0.01,"","mirage_joint","pleiotropy","bfdr_estimate",0.01,0
20260814,2,500,15,3000,3000,3000,3000,"fast","control_informative",0.18,8,0.01,"","mirage_joint","pleiotropy","bfdr_power",0.01,0
20260814,2,500,15,3000,3000,3000,3000,"fast","control_informative",0.18,8,0.01,"","mirage_joint","pleiotropy","bfdr_discoveries",0.01,0
20260814,2,500,15,3000,3000,3000,3000,"fast","control_informative",0.18,8,0.01,"","mirage_joint","pleiotropy","bfdr_observed_fdp",0.05,0
20260814,2,500,15,3000,3000,3000,3000,"fast","control_informative",0.18,8,0.01,"","mirage_joint","pleiotropy","bfdr_estimate",0.05,0
20260814,2,500,15,3000,3000,3000,3000,"fast","control_informative",0.18,8,0.01,"","mirage_joint","pleiotropy","bfdr_power",0.05,0
20260814,2,500,15,3000,3000,3000,3000,"fast","control_informative",0.18,8,0.01,"","mirage_joint","pleiotropy","bfdr_discoveries",0.05,0
20260814,2,500,15,3000,3000,3000,3000,"fast","control_informative",0.18,8,0.01,"","mirage_joint","pleiotropy","bfdr_observed_fdp",0.1,0
20260814,2,500,15,3000,3000,3000,3000,"fast","control_informative",0.18,8,0.01,"","mirage_joint","pleiotropy","bfdr_estimate",0.1,0
20260814,2,500,15,3000,3000,3000,3000,"fast","control_informative",0.18,8,0.01,"","mirage_joint","pleiotropy","bfdr_power",0.1,0
20260814,2,500,15,3000,3000,3000,3000,"fast","control_informative",0.18,8,0.01,"","mirage_joint","pleiotropy","bfdr_discoveries",0.1,0
20260814,2,500,15,3000,3000,3000,3000,"fast","control_informative",0.18,8,0.01,"","mirage_joint","pleiotropy","bfdr_observed_fdp",0.2,0
20260814,2,500,15,3000,3000,3000,3000,"fast","control_informative",0.18,8,0.01,"","mirage_joint","pleiotropy","bfdr_estimate",0.2,0
20260814,2,500,15,3000,3000,3000,3000,"fast","control_informative",0.18,8,0.01,"","mirage_joint","pleiotropy","bfdr_power",0.2,0
20260814,2,500,15,3000,3000,3000,3000,"fast","control_informative",0.18,8,0.01,"","mirage_joint","pleiotropy","bfdr_discoveries",0.2,0
20260814,2,500,15,3000,3000,3000,3000,"fast","control_informative",0.18,8,0.01,"","mirage_joint","global","runtime_seconds",NA,18.298
20260814,2,500,15,3000,3000,3000,3000,"fast","control_informative",0.18,8,0.01,"","mirage_joint","pleiotropy","pi11_estimate",NA,0.00575392122939847
20260814,2,500,15,3000,3000,3000,3000,"fast","control_informative",0.18,8,0.01,"","separate_mirage","trait1","auc",NA,0.857347368421053
20260814,2,500,15,3000,3000,3000,3000,"fast","control_informative",0.18,8,0.01,"","separate_mirage","trait2","auc",NA,0.619795918367347
20260814,2,500,15,3000,3000,3000,3000,"fast","control_informative",0.18,8,0.01,"","separate_mirage","pleiotropy","auc",NA,0.894545454545455
20260814,2,500,15,3000,3000,3000,3000,"fast","control_informative",0.18,8,0.01,"","separate_mirage","trait1","pp08_power",0.8,0.16
20260814,2,500,15,3000,3000,3000,3000,"fast","control_informative",0.18,8,0.01,"","separate_mirage","trait1","pp08_fdp",0.8,0
20260814,2,500,15,3000,3000,3000,3000,"fast","control_informative",0.18,8,0.01,"","separate_mirage","trait1","pp08_discoveries",0.8,4
20260814,2,500,15,3000,3000,3000,3000,"fast","control_informative",0.18,8,0.01,"","separate_mirage","trait2","pp08_power",0.8,0
20260814,2,500,15,3000,3000,3000,3000,"fast","control_informative",0.18,8,0.01,"","separate_mirage","trait2","pp08_fdp",0.8,0
20260814,2,500,15,3000,3000,3000,3000,"fast","control_informative",0.18,8,0.01,"","separate_mirage","trait2","pp08_discoveries",0.8,0
20260814,2,500,15,3000,3000,3000,3000,"fast","control_informative",0.18,8,0.01,"","separate_mirage","pleiotropy","pp08_power",0.8,0
20260814,2,500,15,3000,3000,3000,3000,"fast","control_informative",0.18,8,0.01,"","separate_mirage","pleiotropy","pp08_fdp",0.8,0
20260814,2,500,15,3000,3000,3000,3000,"fast","control_informative",0.18,8,0.01,"","separate_mirage","pleiotropy","pp08_discoveries",0.8,0
20260814,2,500,15,3000,3000,3000,3000,"fast","control_informative",0.18,8,0.01,"","separate_mirage","trait1","bfdr_observed_fdp",0.01,0
20260814,2,500,15,3000,3000,3000,3000,"fast","control_informative",0.18,8,0.01,"","separate_mirage","trait1","bfdr_estimate",0.01,0.00267848935597712
20260814,2,500,15,3000,3000,3000,3000,"fast","control_informative",0.18,8,0.01,"","separate_mirage","trait1","bfdr_power",0.01,0.16
20260814,2,500,15,3000,3000,3000,3000,"fast","control_informative",0.18,8,0.01,"","separate_mirage","trait1","bfdr_discoveries",0.01,4
20260814,2,500,15,3000,3000,3000,3000,"fast","control_informative",0.18,8,0.01,"","separate_mirage","trait1","bfdr_observed_fdp",0.05,0.2
20260814,2,500,15,3000,3000,3000,3000,"fast","control_informative",0.18,8,0.01,"","separate_mirage","trait1","bfdr_estimate",0.05,0.0462067729838958
20260814,2,500,15,3000,3000,3000,3000,"fast","control_informative",0.18,8,0.01,"","separate_mirage","trait1","bfdr_power",0.05,0.16
20260814,2,500,15,3000,3000,3000,3000,"fast","control_informative",0.18,8,0.01,"","separate_mirage","trait1","bfdr_discoveries",0.05,5
20260814,2,500,15,3000,3000,3000,3000,"fast","control_informative",0.18,8,0.01,"","separate_mirage","trait1","bfdr_observed_fdp",0.1,0.2
20260814,2,500,15,3000,3000,3000,3000,"fast","control_informative",0.18,8,0.01,"","separate_mirage","trait1","bfdr_estimate",0.1,0.0462067729838958
20260814,2,500,15,3000,3000,3000,3000,"fast","control_informative",0.18,8,0.01,"","separate_mirage","trait1","bfdr_power",0.1,0.16
20260814,2,500,15,3000,3000,3000,3000,"fast","control_informative",0.18,8,0.01,"","separate_mirage","trait1","bfdr_discoveries",0.1,5
20260814,2,500,15,3000,3000,3000,3000,"fast","control_informative",0.18,8,0.01,"","separate_mirage","trait1","bfdr_observed_fdp",0.2,0.333333333333333
20260814,2,500,15,3000,3000,3000,3000,"fast","control_informative",0.18,8,0.01,"","separate_mirage","trait1","bfdr_estimate",0.2,0.138232665709119
20260814,2,500,15,3000,3000,3000,3000,"fast","control_informative",0.18,8,0.01,"","separate_mirage","trait1","bfdr_power",0.2,0.16
20260814,2,500,15,3000,3000,3000,3000,"fast","control_informative",0.18,8,0.01,"","separate_mirage","trait1","bfdr_discoveries",0.2,6
20260814,2,500,15,3000,3000,3000,3000,"fast","control_informative",0.18,8,0.01,"","separate_mirage","trait2","bfdr_observed_fdp",0.01,0
20260814,2,500,15,3000,3000,3000,3000,"fast","control_informative",0.18,8,0.01,"","separate_mirage","trait2","bfdr_estimate",0.01,0
20260814,2,500,15,3000,3000,3000,3000,"fast","control_informative",0.18,8,0.01,"","separate_mirage","trait2","bfdr_power",0.01,0
20260814,2,500,15,3000,3000,3000,3000,"fast","control_informative",0.18,8,0.01,"","separate_mirage","trait2","bfdr_discoveries",0.01,0
20260814,2,500,15,3000,3000,3000,3000,"fast","control_informative",0.18,8,0.01,"","separate_mirage","trait2","bfdr_observed_fdp",0.05,0
20260814,2,500,15,3000,3000,3000,3000,"fast","control_informative",0.18,8,0.01,"","separate_mirage","trait2","bfdr_estimate",0.05,0
20260814,2,500,15,3000,3000,3000,3000,"fast","control_informative",0.18,8,0.01,"","separate_mirage","trait2","bfdr_power",0.05,0
20260814,2,500,15,3000,3000,3000,3000,"fast","control_informative",0.18,8,0.01,"","separate_mirage","trait2","bfdr_discoveries",0.05,0
20260814,2,500,15,3000,3000,3000,3000,"fast","control_informative",0.18,8,0.01,"","separate_mirage","trait2","bfdr_observed_fdp",0.1,0
20260814,2,500,15,3000,3000,3000,3000,"fast","control_informative",0.18,8,0.01,"","separate_mirage","trait2","bfdr_estimate",0.1,0
20260814,2,500,15,3000,3000,3000,3000,"fast","control_informative",0.18,8,0.01,"","separate_mirage","trait2","bfdr_power",0.1,0
20260814,2,500,15,3000,3000,3000,3000,"fast","control_informative",0.18,8,0.01,"","separate_mirage","trait2","bfdr_discoveries",0.1,0
20260814,2,500,15,3000,3000,3000,3000,"fast","control_informative",0.18,8,0.01,"","separate_mirage","trait2","bfdr_observed_fdp",0.2,0
20260814,2,500,15,3000,3000,3000,3000,"fast","control_informative",0.18,8,0.01,"","separate_mirage","trait2","bfdr_estimate",0.2,0
20260814,2,500,15,3000,3000,3000,3000,"fast","control_informative",0.18,8,0.01,"","separate_mirage","trait2","bfdr_power",0.2,0
20260814,2,500,15,3000,3000,3000,3000,"fast","control_informative",0.18,8,0.01,"","separate_mirage","trait2","bfdr_discoveries",0.2,0
20260814,2,500,15,3000,3000,3000,3000,"fast","control_informative",0.18,8,0.01,"","separate_mirage","pleiotropy","bfdr_observed_fdp",0.01,0
20260814,2,500,15,3000,3000,3000,3000,"fast","control_informative",0.18,8,0.01,"","separate_mirage","pleiotropy","bfdr_estimate",0.01,0
20260814,2,500,15,3000,3000,3000,3000,"fast","control_informative",0.18,8,0.01,"","separate_mirage","pleiotropy","bfdr_power",0.01,0
20260814,2,500,15,3000,3000,3000,3000,"fast","control_informative",0.18,8,0.01,"","separate_mirage","pleiotropy","bfdr_discoveries",0.01,0
20260814,2,500,15,3000,3000,3000,3000,"fast","control_informative",0.18,8,0.01,"","separate_mirage","pleiotropy","bfdr_observed_fdp",0.05,0
20260814,2,500,15,3000,3000,3000,3000,"fast","control_informative",0.18,8,0.01,"","separate_mirage","pleiotropy","bfdr_estimate",0.05,0
20260814,2,500,15,3000,3000,3000,3000,"fast","control_informative",0.18,8,0.01,"","separate_mirage","pleiotropy","bfdr_power",0.05,0
20260814,2,500,15,3000,3000,3000,3000,"fast","control_informative",0.18,8,0.01,"","separate_mirage","pleiotropy","bfdr_discoveries",0.05,0
20260814,2,500,15,3000,3000,3000,3000,"fast","control_informative",0.18,8,0.01,"","separate_mirage","pleiotropy","bfdr_observed_fdp",0.1,0
20260814,2,500,15,3000,3000,3000,3000,"fast","control_informative",0.18,8,0.01,"","separate_mirage","pleiotropy","bfdr_estimate",0.1,0
20260814,2,500,15,3000,3000,3000,3000,"fast","control_informative",0.18,8,0.01,"","separate_mirage","pleiotropy","bfdr_power",0.1,0
20260814,2,500,15,3000,3000,3000,3000,"fast","control_informative",0.18,8,0.01,"","separate_mirage","pleiotropy","bfdr_discoveries",0.1,0
20260814,2,500,15,3000,3000,3000,3000,"fast","control_informative",0.18,8,0.01,"","separate_mirage","pleiotropy","bfdr_observed_fdp",0.2,0
20260814,2,500,15,3000,3000,3000,3000,"fast","control_informative",0.18,8,0.01,"","separate_mirage","pleiotropy","bfdr_estimate",0.2,0
20260814,2,500,15,3000,3000,3000,3000,"fast","control_informative",0.18,8,0.01,"","separate_mirage","pleiotropy","bfdr_power",0.2,0
20260814,2,500,15,3000,3000,3000,3000,"fast","control_informative",0.18,8,0.01,"","separate_mirage","pleiotropy","bfdr_discoveries",0.2,0
20260814,2,500,15,3000,3000,3000,3000,"fast","control_informative",0.18,8,0.01,"","separate_mirage","global","runtime_seconds",NA,18.294
20260814,2,500,15,3000,3000,3000,3000,"fast","control_informative",0.18,8,0.01,"","separate_mirage","pleiotropy","pi11_estimate",NA,0.001
20260814,2,500,15,3000,3000,3000,3000,"fast","control_informative",0.18,8,0.01,"","mtada_aggregated","trait1","auc",NA,0.674273684210526
20260814,2,500,15,3000,3000,3000,3000,"fast","control_informative",0.18,8,0.01,"","mtada_aggregated","trait2","auc",NA,0.513163265306122
20260814,2,500,15,3000,3000,3000,3000,"fast","control_informative",0.18,8,0.01,"","mtada_aggregated","pleiotropy","auc",NA,0.583434343434343
20260814,2,500,15,3000,3000,3000,3000,"fast","control_informative",0.18,8,0.01,"","mtada_aggregated","trait1","pp08_power",0.8,0.8
20260814,2,500,15,3000,3000,3000,3000,"fast","control_informative",0.18,8,0.01,"","mtada_aggregated","trait1","pp08_fdp",0.8,0.927007299270073
20260814,2,500,15,3000,3000,3000,3000,"fast","control_informative",0.18,8,0.01,"","mtada_aggregated","trait1","pp08_discoveries",0.8,274
20260814,2,500,15,3000,3000,3000,3000,"fast","control_informative",0.18,8,0.01,"","mtada_aggregated","trait2","pp08_power",0.8,0.5
20260814,2,500,15,3000,3000,3000,3000,"fast","control_informative",0.18,8,0.01,"","mtada_aggregated","trait2","pp08_fdp",0.8,0.981060606060606
20260814,2,500,15,3000,3000,3000,3000,"fast","control_informative",0.18,8,0.01,"","mtada_aggregated","trait2","pp08_discoveries",0.8,264
20260814,2,500,15,3000,3000,3000,3000,"fast","control_informative",0.18,8,0.01,"","mtada_aggregated","pleiotropy","pp08_power",0.8,0.4
20260814,2,500,15,3000,3000,3000,3000,"fast","control_informative",0.18,8,0.01,"","mtada_aggregated","pleiotropy","pp08_fdp",0.8,0.9875
20260814,2,500,15,3000,3000,3000,3000,"fast","control_informative",0.18,8,0.01,"","mtada_aggregated","pleiotropy","pp08_discoveries",0.8,160
20260814,2,500,15,3000,3000,3000,3000,"fast","control_informative",0.18,8,0.01,"","mtada_aggregated","trait1","bfdr_observed_fdp",0.01,0.926470588235294
20260814,2,500,15,3000,3000,3000,3000,"fast","control_informative",0.18,8,0.01,"","mtada_aggregated","trait1","bfdr_estimate",0.01,0.00948321152702962
20260814,2,500,15,3000,3000,3000,3000,"fast","control_informative",0.18,8,0.01,"","mtada_aggregated","trait1","bfdr_power",0.01,0.8
20260814,2,500,15,3000,3000,3000,3000,"fast","control_informative",0.18,8,0.01,"","mtada_aggregated","trait1","bfdr_discoveries",0.01,272
20260814,2,500,15,3000,3000,3000,3000,"fast","control_informative",0.18,8,0.01,"","mtada_aggregated","trait1","bfdr_observed_fdp",0.05,0.934426229508197
20260814,2,500,15,3000,3000,3000,3000,"fast","control_informative",0.18,8,0.01,"","mtada_aggregated","trait1","bfdr_estimate",0.05,0.0490904879410512
20260814,2,500,15,3000,3000,3000,3000,"fast","control_informative",0.18,8,0.01,"","mtada_aggregated","trait1","bfdr_power",0.05,0.8
20260814,2,500,15,3000,3000,3000,3000,"fast","control_informative",0.18,8,0.01,"","mtada_aggregated","trait1","bfdr_discoveries",0.05,305
20260814,2,500,15,3000,3000,3000,3000,"fast","control_informative",0.18,8,0.01,"","mtada_aggregated","trait1","bfdr_observed_fdp",0.1,0.936555891238671
20260814,2,500,15,3000,3000,3000,3000,"fast","control_informative",0.18,8,0.01,"","mtada_aggregated","trait1","bfdr_estimate",0.1,0.0988293760903046
20260814,2,500,15,3000,3000,3000,3000,"fast","control_informative",0.18,8,0.01,"","mtada_aggregated","trait1","bfdr_power",0.1,0.84
20260814,2,500,15,3000,3000,3000,3000,"fast","control_informative",0.18,8,0.01,"","mtada_aggregated","trait1","bfdr_discoveries",0.1,331
20260814,2,500,15,3000,3000,3000,3000,"fast","control_informative",0.18,8,0.01,"","mtada_aggregated","trait1","bfdr_observed_fdp",0.2,0.941798941798942
20260814,2,500,15,3000,3000,3000,3000,"fast","control_informative",0.18,8,0.01,"","mtada_aggregated","trait1","bfdr_estimate",0.2,0.199322684729017
20260814,2,500,15,3000,3000,3000,3000,"fast","control_informative",0.18,8,0.01,"","mtada_aggregated","trait1","bfdr_power",0.2,0.88
20260814,2,500,15,3000,3000,3000,3000,"fast","control_informative",0.18,8,0.01,"","mtada_aggregated","trait1","bfdr_discoveries",0.2,378
20260814,2,500,15,3000,3000,3000,3000,"fast","control_informative",0.18,8,0.01,"","mtada_aggregated","trait2","bfdr_observed_fdp",0.01,0.980988593155893
20260814,2,500,15,3000,3000,3000,3000,"fast","control_informative",0.18,8,0.01,"","mtada_aggregated","trait2","bfdr_estimate",0.01,0.00965796342673557
20260814,2,500,15,3000,3000,3000,3000,"fast","control_informative",0.18,8,0.01,"","mtada_aggregated","trait2","bfdr_power",0.01,0.5
20260814,2,500,15,3000,3000,3000,3000,"fast","control_informative",0.18,8,0.01,"","mtada_aggregated","trait2","bfdr_discoveries",0.01,263
20260814,2,500,15,3000,3000,3000,3000,"fast","control_informative",0.18,8,0.01,"","mtada_aggregated","trait2","bfdr_observed_fdp",0.05,0.976109215017065
20260814,2,500,15,3000,3000,3000,3000,"fast","control_informative",0.18,8,0.01,"","mtada_aggregated","trait2","bfdr_estimate",0.05,0.0495354237624284
20260814,2,500,15,3000,3000,3000,3000,"fast","control_informative",0.18,8,0.01,"","mtada_aggregated","trait2","bfdr_power",0.05,0.7
20260814,2,500,15,3000,3000,3000,3000,"fast","control_informative",0.18,8,0.01,"","mtada_aggregated","trait2","bfdr_discoveries",0.05,293
20260814,2,500,15,3000,3000,3000,3000,"fast","control_informative",0.18,8,0.01,"","mtada_aggregated","trait2","bfdr_observed_fdp",0.1,0.977917981072555
20260814,2,500,15,3000,3000,3000,3000,"fast","control_informative",0.18,8,0.01,"","mtada_aggregated","trait2","bfdr_estimate",0.1,0.0988722600468339
20260814,2,500,15,3000,3000,3000,3000,"fast","control_informative",0.18,8,0.01,"","mtada_aggregated","trait2","bfdr_power",0.1,0.7
20260814,2,500,15,3000,3000,3000,3000,"fast","control_informative",0.18,8,0.01,"","mtada_aggregated","trait2","bfdr_discoveries",0.1,317
20260814,2,500,15,3000,3000,3000,3000,"fast","control_informative",0.18,8,0.01,"","mtada_aggregated","trait2","bfdr_observed_fdp",0.2,0.977900552486188
20260814,2,500,15,3000,3000,3000,3000,"fast","control_informative",0.18,8,0.01,"","mtada_aggregated","trait2","bfdr_estimate",0.2,0.198150425874833
20260814,2,500,15,3000,3000,3000,3000,"fast","control_informative",0.18,8,0.01,"","mtada_aggregated","trait2","bfdr_power",0.2,0.8
20260814,2,500,15,3000,3000,3000,3000,"fast","control_informative",0.18,8,0.01,"","mtada_aggregated","trait2","bfdr_discoveries",0.2,362
20260814,2,500,15,3000,3000,3000,3000,"fast","control_informative",0.18,8,0.01,"","mtada_aggregated","pleiotropy","bfdr_observed_fdp",0.01,0.986577181208054
20260814,2,500,15,3000,3000,3000,3000,"fast","control_informative",0.18,8,0.01,"","mtada_aggregated","pleiotropy","bfdr_estimate",0.01,0.00998636167989265
20260814,2,500,15,3000,3000,3000,3000,"fast","control_informative",0.18,8,0.01,"","mtada_aggregated","pleiotropy","bfdr_power",0.01,0.4
20260814,2,500,15,3000,3000,3000,3000,"fast","control_informative",0.18,8,0.01,"","mtada_aggregated","pleiotropy","bfdr_discoveries",0.01,149
20260814,2,500,15,3000,3000,3000,3000,"fast","control_informative",0.18,8,0.01,"","mtada_aggregated","pleiotropy","bfdr_observed_fdp",0.05,0.98876404494382
20260814,2,500,15,3000,3000,3000,3000,"fast","control_informative",0.18,8,0.01,"","mtada_aggregated","pleiotropy","bfdr_estimate",0.05,0.0481720234318292
20260814,2,500,15,3000,3000,3000,3000,"fast","control_informative",0.18,8,0.01,"","mtada_aggregated","pleiotropy","bfdr_power",0.05,0.4
20260814,2,500,15,3000,3000,3000,3000,"fast","control_informative",0.18,8,0.01,"","mtada_aggregated","pleiotropy","bfdr_discoveries",0.05,178
20260814,2,500,15,3000,3000,3000,3000,"fast","control_informative",0.18,8,0.01,"","mtada_aggregated","pleiotropy","bfdr_observed_fdp",0.1,0.99
20260814,2,500,15,3000,3000,3000,3000,"fast","control_informative",0.18,8,0.01,"","mtada_aggregated","pleiotropy","bfdr_estimate",0.1,0.098796957372591
20260814,2,500,15,3000,3000,3000,3000,"fast","control_informative",0.18,8,0.01,"","mtada_aggregated","pleiotropy","bfdr_power",0.1,0.4
20260814,2,500,15,3000,3000,3000,3000,"fast","control_informative",0.18,8,0.01,"","mtada_aggregated","pleiotropy","bfdr_discoveries",0.1,200
20260814,2,500,15,3000,3000,3000,3000,"fast","control_informative",0.18,8,0.01,"","mtada_aggregated","pleiotropy","bfdr_observed_fdp",0.2,0.99163179916318
20260814,2,500,15,3000,3000,3000,3000,"fast","control_informative",0.18,8,0.01,"","mtada_aggregated","pleiotropy","bfdr_estimate",0.2,0.198881153084405
20260814,2,500,15,3000,3000,3000,3000,"fast","control_informative",0.18,8,0.01,"","mtada_aggregated","pleiotropy","bfdr_power",0.2,0.4
20260814,2,500,15,3000,3000,3000,3000,"fast","control_informative",0.18,8,0.01,"","mtada_aggregated","pleiotropy","bfdr_discoveries",0.2,239
20260814,2,500,15,3000,3000,3000,3000,"fast","control_informative",0.18,8,0.01,"","mtada_aggregated","global","runtime_seconds",NA,0.965000000000003
20260814,2,500,15,3000,3000,3000,3000,"fast","control_informative",0.18,8,0.01,"","mtada_aggregated","pleiotropy","pi11_estimate",NA,0.00969248
20260815,3,500,15,3000,3000,3000,3000,"fast","control_informative",0.18,8,0.01,"","mirage_joint","trait1","auc",NA,0.700042105263158
20260815,3,500,15,3000,3000,3000,3000,"fast","control_informative",0.18,8,0.01,"","mirage_joint","trait2","auc",NA,0.731836734693878
20260815,3,500,15,3000,3000,3000,3000,"fast","control_informative",0.18,8,0.01,"","mirage_joint","pleiotropy","auc",NA,0.694949494949495
20260815,3,500,15,3000,3000,3000,3000,"fast","control_informative",0.18,8,0.01,"","mirage_joint","trait1","pp08_power",0.8,0.16
20260815,3,500,15,3000,3000,3000,3000,"fast","control_informative",0.18,8,0.01,"","mirage_joint","trait1","pp08_fdp",0.8,0.2
20260815,3,500,15,3000,3000,3000,3000,"fast","control_informative",0.18,8,0.01,"","mirage_joint","trait1","pp08_discoveries",0.8,5
20260815,3,500,15,3000,3000,3000,3000,"fast","control_informative",0.18,8,0.01,"","mirage_joint","trait2","pp08_power",0.8,0.2
20260815,3,500,15,3000,3000,3000,3000,"fast","control_informative",0.18,8,0.01,"","mirage_joint","trait2","pp08_fdp",0.8,0.333333333333333
20260815,3,500,15,3000,3000,3000,3000,"fast","control_informative",0.18,8,0.01,"","mirage_joint","trait2","pp08_discoveries",0.8,3
20260815,3,500,15,3000,3000,3000,3000,"fast","control_informative",0.18,8,0.01,"","mirage_joint","pleiotropy","pp08_power",0.8,0
20260815,3,500,15,3000,3000,3000,3000,"fast","control_informative",0.18,8,0.01,"","mirage_joint","pleiotropy","pp08_fdp",0.8,0
20260815,3,500,15,3000,3000,3000,3000,"fast","control_informative",0.18,8,0.01,"","mirage_joint","pleiotropy","pp08_discoveries",0.8,0
20260815,3,500,15,3000,3000,3000,3000,"fast","control_informative",0.18,8,0.01,"","mirage_joint","trait1","bfdr_observed_fdp",0.01,0
20260815,3,500,15,3000,3000,3000,3000,"fast","control_informative",0.18,8,0.01,"","mirage_joint","trait1","bfdr_estimate",0.01,7.11869392440723e-05
20260815,3,500,15,3000,3000,3000,3000,"fast","control_informative",0.18,8,0.01,"","mirage_joint","trait1","bfdr_power",0.01,0.16
20260815,3,500,15,3000,3000,3000,3000,"fast","control_informative",0.18,8,0.01,"","mirage_joint","trait1","bfdr_discoveries",0.01,4
20260815,3,500,15,3000,3000,3000,3000,"fast","control_informative",0.18,8,0.01,"","mirage_joint","trait1","bfdr_observed_fdp",0.05,0.2
20260815,3,500,15,3000,3000,3000,3000,"fast","control_informative",0.18,8,0.01,"","mirage_joint","trait1","bfdr_estimate",0.05,0.025704584867874
20260815,3,500,15,3000,3000,3000,3000,"fast","control_informative",0.18,8,0.01,"","mirage_joint","trait1","bfdr_power",0.05,0.16
20260815,3,500,15,3000,3000,3000,3000,"fast","control_informative",0.18,8,0.01,"","mirage_joint","trait1","bfdr_discoveries",0.05,5
20260815,3,500,15,3000,3000,3000,3000,"fast","control_informative",0.18,8,0.01,"","mirage_joint","trait1","bfdr_observed_fdp",0.1,0.166666666666667
20260815,3,500,15,3000,3000,3000,3000,"fast","control_informative",0.18,8,0.01,"","mirage_joint","trait1","bfdr_estimate",0.1,0.0694776764663623
20260815,3,500,15,3000,3000,3000,3000,"fast","control_informative",0.18,8,0.01,"","mirage_joint","trait1","bfdr_power",0.1,0.2
20260815,3,500,15,3000,3000,3000,3000,"fast","control_informative",0.18,8,0.01,"","mirage_joint","trait1","bfdr_discoveries",0.1,6
20260815,3,500,15,3000,3000,3000,3000,"fast","control_informative",0.18,8,0.01,"","mirage_joint","trait1","bfdr_observed_fdp",0.2,0.333333333333333
20260815,3,500,15,3000,3000,3000,3000,"fast","control_informative",0.18,8,0.01,"","mirage_joint","trait1","bfdr_estimate",0.2,0.170483184469788
20260815,3,500,15,3000,3000,3000,3000,"fast","control_informative",0.18,8,0.01,"","mirage_joint","trait1","bfdr_power",0.2,0.24
20260815,3,500,15,3000,3000,3000,3000,"fast","control_informative",0.18,8,0.01,"","mirage_joint","trait1","bfdr_discoveries",0.2,9
20260815,3,500,15,3000,3000,3000,3000,"fast","control_informative",0.18,8,0.01,"","mirage_joint","trait2","bfdr_observed_fdp",0.01,0
20260815,3,500,15,3000,3000,3000,3000,"fast","control_informative",0.18,8,0.01,"","mirage_joint","trait2","bfdr_estimate",0.01,0.00059351464378743
20260815,3,500,15,3000,3000,3000,3000,"fast","control_informative",0.18,8,0.01,"","mirage_joint","trait2","bfdr_power",0.01,0.2
20260815,3,500,15,3000,3000,3000,3000,"fast","control_informative",0.18,8,0.01,"","mirage_joint","trait2","bfdr_discoveries",0.01,2
20260815,3,500,15,3000,3000,3000,3000,"fast","control_informative",0.18,8,0.01,"","mirage_joint","trait2","bfdr_observed_fdp",0.05,0
20260815,3,500,15,3000,3000,3000,3000,"fast","control_informative",0.18,8,0.01,"","mirage_joint","trait2","bfdr_estimate",0.05,0.00059351464378743
20260815,3,500,15,3000,3000,3000,3000,"fast","control_informative",0.18,8,0.01,"","mirage_joint","trait2","bfdr_power",0.05,0.2
20260815,3,500,15,3000,3000,3000,3000,"fast","control_informative",0.18,8,0.01,"","mirage_joint","trait2","bfdr_discoveries",0.05,2
20260815,3,500,15,3000,3000,3000,3000,"fast","control_informative",0.18,8,0.01,"","mirage_joint","trait2","bfdr_observed_fdp",0.1,0.25
20260815,3,500,15,3000,3000,3000,3000,"fast","control_informative",0.18,8,0.01,"","mirage_joint","trait2","bfdr_estimate",0.1,0.0923730422327554
20260815,3,500,15,3000,3000,3000,3000,"fast","control_informative",0.18,8,0.01,"","mirage_joint","trait2","bfdr_power",0.1,0.3
20260815,3,500,15,3000,3000,3000,3000,"fast","control_informative",0.18,8,0.01,"","mirage_joint","trait2","bfdr_discoveries",0.1,4
20260815,3,500,15,3000,3000,3000,3000,"fast","control_informative",0.18,8,0.01,"","mirage_joint","trait2","bfdr_observed_fdp",0.2,0.428571428571429
20260815,3,500,15,3000,3000,3000,3000,"fast","control_informative",0.18,8,0.01,"","mirage_joint","trait2","bfdr_estimate",0.2,0.17787687166146
20260815,3,500,15,3000,3000,3000,3000,"fast","control_informative",0.18,8,0.01,"","mirage_joint","trait2","bfdr_power",0.2,0.4
20260815,3,500,15,3000,3000,3000,3000,"fast","control_informative",0.18,8,0.01,"","mirage_joint","trait2","bfdr_discoveries",0.2,7
20260815,3,500,15,3000,3000,3000,3000,"fast","control_informative",0.18,8,0.01,"","mirage_joint","pleiotropy","bfdr_observed_fdp",0.01,0
20260815,3,500,15,3000,3000,3000,3000,"fast","control_informative",0.18,8,0.01,"","mirage_joint","pleiotropy","bfdr_estimate",0.01,0
20260815,3,500,15,3000,3000,3000,3000,"fast","control_informative",0.18,8,0.01,"","mirage_joint","pleiotropy","bfdr_power",0.01,0
20260815,3,500,15,3000,3000,3000,3000,"fast","control_informative",0.18,8,0.01,"","mirage_joint","pleiotropy","bfdr_discoveries",0.01,0
20260815,3,500,15,3000,3000,3000,3000,"fast","control_informative",0.18,8,0.01,"","mirage_joint","pleiotropy","bfdr_observed_fdp",0.05,0
20260815,3,500,15,3000,3000,3000,3000,"fast","control_informative",0.18,8,0.01,"","mirage_joint","pleiotropy","bfdr_estimate",0.05,0
20260815,3,500,15,3000,3000,3000,3000,"fast","control_informative",0.18,8,0.01,"","mirage_joint","pleiotropy","bfdr_power",0.05,0
20260815,3,500,15,3000,3000,3000,3000,"fast","control_informative",0.18,8,0.01,"","mirage_joint","pleiotropy","bfdr_discoveries",0.05,0
20260815,3,500,15,3000,3000,3000,3000,"fast","control_informative",0.18,8,0.01,"","mirage_joint","pleiotropy","bfdr_observed_fdp",0.1,0
20260815,3,500,15,3000,3000,3000,3000,"fast","control_informative",0.18,8,0.01,"","mirage_joint","pleiotropy","bfdr_estimate",0.1,0
20260815,3,500,15,3000,3000,3000,3000,"fast","control_informative",0.18,8,0.01,"","mirage_joint","pleiotropy","bfdr_power",0.1,0
20260815,3,500,15,3000,3000,3000,3000,"fast","control_informative",0.18,8,0.01,"","mirage_joint","pleiotropy","bfdr_discoveries",0.1,0
20260815,3,500,15,3000,3000,3000,3000,"fast","control_informative",0.18,8,0.01,"","mirage_joint","pleiotropy","bfdr_observed_fdp",0.2,0
20260815,3,500,15,3000,3000,3000,3000,"fast","control_informative",0.18,8,0.01,"","mirage_joint","pleiotropy","bfdr_estimate",0.2,0
20260815,3,500,15,3000,3000,3000,3000,"fast","control_informative",0.18,8,0.01,"","mirage_joint","pleiotropy","bfdr_power",0.2,0
20260815,3,500,15,3000,3000,3000,3000,"fast","control_informative",0.18,8,0.01,"","mirage_joint","pleiotropy","bfdr_discoveries",0.2,0
20260815,3,500,15,3000,3000,3000,3000,"fast","control_informative",0.18,8,0.01,"","mirage_joint","global","runtime_seconds",NA,18.465
20260815,3,500,15,3000,3000,3000,3000,"fast","control_informative",0.18,8,0.01,"","mirage_joint","pleiotropy","pi11_estimate",NA,1.1634282491601e-10
20260815,3,500,15,3000,3000,3000,3000,"fast","control_informative",0.18,8,0.01,"","separate_mirage","trait1","auc",NA,0.725978947368421
20260815,3,500,15,3000,3000,3000,3000,"fast","control_informative",0.18,8,0.01,"","separate_mirage","trait2","auc",NA,0.71734693877551
20260815,3,500,15,3000,3000,3000,3000,"fast","control_informative",0.18,8,0.01,"","separate_mirage","pleiotropy","auc",NA,0.66989898989899
20260815,3,500,15,3000,3000,3000,3000,"fast","control_informative",0.18,8,0.01,"","separate_mirage","trait1","pp08_power",0.8,0.16
20260815,3,500,15,3000,3000,3000,3000,"fast","control_informative",0.18,8,0.01,"","separate_mirage","trait1","pp08_fdp",0.8,0
20260815,3,500,15,3000,3000,3000,3000,"fast","control_informative",0.18,8,0.01,"","separate_mirage","trait1","pp08_discoveries",0.8,4
20260815,3,500,15,3000,3000,3000,3000,"fast","control_informative",0.18,8,0.01,"","separate_mirage","trait2","pp08_power",0.8,0.2
20260815,3,500,15,3000,3000,3000,3000,"fast","control_informative",0.18,8,0.01,"","separate_mirage","trait2","pp08_fdp",0.8,0.333333333333333
20260815,3,500,15,3000,3000,3000,3000,"fast","control_informative",0.18,8,0.01,"","separate_mirage","trait2","pp08_discoveries",0.8,3
20260815,3,500,15,3000,3000,3000,3000,"fast","control_informative",0.18,8,0.01,"","separate_mirage","pleiotropy","pp08_power",0.8,0
20260815,3,500,15,3000,3000,3000,3000,"fast","control_informative",0.18,8,0.01,"","separate_mirage","pleiotropy","pp08_fdp",0.8,0
20260815,3,500,15,3000,3000,3000,3000,"fast","control_informative",0.18,8,0.01,"","separate_mirage","pleiotropy","pp08_discoveries",0.8,0
20260815,3,500,15,3000,3000,3000,3000,"fast","control_informative",0.18,8,0.01,"","separate_mirage","trait1","bfdr_observed_fdp",0.01,0
20260815,3,500,15,3000,3000,3000,3000,"fast","control_informative",0.18,8,0.01,"","separate_mirage","trait1","bfdr_estimate",0.01,0.000126760744368321
20260815,3,500,15,3000,3000,3000,3000,"fast","control_informative",0.18,8,0.01,"","separate_mirage","trait1","bfdr_power",0.01,0.16
20260815,3,500,15,3000,3000,3000,3000,"fast","control_informative",0.18,8,0.01,"","separate_mirage","trait1","bfdr_discoveries",0.01,4
20260815,3,500,15,3000,3000,3000,3000,"fast","control_informative",0.18,8,0.01,"","separate_mirage","trait1","bfdr_observed_fdp",0.05,0.2
20260815,3,500,15,3000,3000,3000,3000,"fast","control_informative",0.18,8,0.01,"","separate_mirage","trait1","bfdr_estimate",0.05,0.0408850638618012
20260815,3,500,15,3000,3000,3000,3000,"fast","control_informative",0.18,8,0.01,"","separate_mirage","trait1","bfdr_power",0.05,0.16
20260815,3,500,15,3000,3000,3000,3000,"fast","control_informative",0.18,8,0.01,"","separate_mirage","trait1","bfdr_discoveries",0.05,5
20260815,3,500,15,3000,3000,3000,3000,"fast","control_informative",0.18,8,0.01,"","separate_mirage","trait1","bfdr_observed_fdp",0.1,0.333333333333333
20260815,3,500,15,3000,3000,3000,3000,"fast","control_informative",0.18,8,0.01,"","separate_mirage","trait1","bfdr_estimate",0.1,0.0870689291073408
20260815,3,500,15,3000,3000,3000,3000,"fast","control_informative",0.18,8,0.01,"","separate_mirage","trait1","bfdr_power",0.1,0.16
20260815,3,500,15,3000,3000,3000,3000,"fast","control_informative",0.18,8,0.01,"","separate_mirage","trait1","bfdr_discoveries",0.1,6
20260815,3,500,15,3000,3000,3000,3000,"fast","control_informative",0.18,8,0.01,"","separate_mirage","trait1","bfdr_observed_fdp",0.2,0.375
20260815,3,500,15,3000,3000,3000,3000,"fast","control_informative",0.18,8,0.01,"","separate_mirage","trait1","bfdr_estimate",0.2,0.163014063959929
20260815,3,500,15,3000,3000,3000,3000,"fast","control_informative",0.18,8,0.01,"","separate_mirage","trait1","bfdr_power",0.2,0.2
20260815,3,500,15,3000,3000,3000,3000,"fast","control_informative",0.18,8,0.01,"","separate_mirage","trait1","bfdr_discoveries",0.2,8
20260815,3,500,15,3000,3000,3000,3000,"fast","control_informative",0.18,8,0.01,"","separate_mirage","trait2","bfdr_observed_fdp",0.01,0
20260815,3,500,15,3000,3000,3000,3000,"fast","control_informative",0.18,8,0.01,"","separate_mirage","trait2","bfdr_estimate",0.01,0.000729168003612557
20260815,3,500,15,3000,3000,3000,3000,"fast","control_informative",0.18,8,0.01,"","separate_mirage","trait2","bfdr_power",0.01,0.2
20260815,3,500,15,3000,3000,3000,3000,"fast","control_informative",0.18,8,0.01,"","separate_mirage","trait2","bfdr_discoveries",0.01,2
20260815,3,500,15,3000,3000,3000,3000,"fast","control_informative",0.18,8,0.01,"","separate_mirage","trait2","bfdr_observed_fdp",0.05,0
20260815,3,500,15,3000,3000,3000,3000,"fast","control_informative",0.18,8,0.01,"","separate_mirage","trait2","bfdr_estimate",0.05,0.000729168003612557
20260815,3,500,15,3000,3000,3000,3000,"fast","control_informative",0.18,8,0.01,"","separate_mirage","trait2","bfdr_power",0.05,0.2
20260815,3,500,15,3000,3000,3000,3000,"fast","control_informative",0.18,8,0.01,"","separate_mirage","trait2","bfdr_discoveries",0.05,2
20260815,3,500,15,3000,3000,3000,3000,"fast","control_informative",0.18,8,0.01,"","separate_mirage","trait2","bfdr_observed_fdp",0.1,0.5
20260815,3,500,15,3000,3000,3000,3000,"fast","control_informative",0.18,8,0.01,"","separate_mirage","trait2","bfdr_estimate",0.1,0.0949325425248384
20260815,3,500,15,3000,3000,3000,3000,"fast","control_informative",0.18,8,0.01,"","separate_mirage","trait2","bfdr_power",0.1,0.2
20260815,3,500,15,3000,3000,3000,3000,"fast","control_informative",0.18,8,0.01,"","separate_mirage","trait2","bfdr_discoveries",0.1,4
20260815,3,500,15,3000,3000,3000,3000,"fast","control_informative",0.18,8,0.01,"","separate_mirage","trait2","bfdr_observed_fdp",0.2,0.428571428571429
20260815,3,500,15,3000,3000,3000,3000,"fast","control_informative",0.18,8,0.01,"","separate_mirage","trait2","bfdr_estimate",0.2,0.191139990248106
20260815,3,500,15,3000,3000,3000,3000,"fast","control_informative",0.18,8,0.01,"","separate_mirage","trait2","bfdr_power",0.2,0.4
20260815,3,500,15,3000,3000,3000,3000,"fast","control_informative",0.18,8,0.01,"","separate_mirage","trait2","bfdr_discoveries",0.2,7
20260815,3,500,15,3000,3000,3000,3000,"fast","control_informative",0.18,8,0.01,"","separate_mirage","pleiotropy","bfdr_observed_fdp",0.01,0
20260815,3,500,15,3000,3000,3000,3000,"fast","control_informative",0.18,8,0.01,"","separate_mirage","pleiotropy","bfdr_estimate",0.01,0
20260815,3,500,15,3000,3000,3000,3000,"fast","control_informative",0.18,8,0.01,"","separate_mirage","pleiotropy","bfdr_power",0.01,0
20260815,3,500,15,3000,3000,3000,3000,"fast","control_informative",0.18,8,0.01,"","separate_mirage","pleiotropy","bfdr_discoveries",0.01,0
20260815,3,500,15,3000,3000,3000,3000,"fast","control_informative",0.18,8,0.01,"","separate_mirage","pleiotropy","bfdr_observed_fdp",0.05,0
20260815,3,500,15,3000,3000,3000,3000,"fast","control_informative",0.18,8,0.01,"","separate_mirage","pleiotropy","bfdr_estimate",0.05,0
20260815,3,500,15,3000,3000,3000,3000,"fast","control_informative",0.18,8,0.01,"","separate_mirage","pleiotropy","bfdr_power",0.05,0
20260815,3,500,15,3000,3000,3000,3000,"fast","control_informative",0.18,8,0.01,"","separate_mirage","pleiotropy","bfdr_discoveries",0.05,0
20260815,3,500,15,3000,3000,3000,3000,"fast","control_informative",0.18,8,0.01,"","separate_mirage","pleiotropy","bfdr_observed_fdp",0.1,0
20260815,3,500,15,3000,3000,3000,3000,"fast","control_informative",0.18,8,0.01,"","separate_mirage","pleiotropy","bfdr_estimate",0.1,0
20260815,3,500,15,3000,3000,3000,3000,"fast","control_informative",0.18,8,0.01,"","separate_mirage","pleiotropy","bfdr_power",0.1,0
20260815,3,500,15,3000,3000,3000,3000,"fast","control_informative",0.18,8,0.01,"","separate_mirage","pleiotropy","bfdr_discoveries",0.1,0
20260815,3,500,15,3000,3000,3000,3000,"fast","control_informative",0.18,8,0.01,"","separate_mirage","pleiotropy","bfdr_observed_fdp",0.2,0
20260815,3,500,15,3000,3000,3000,3000,"fast","control_informative",0.18,8,0.01,"","separate_mirage","pleiotropy","bfdr_estimate",0.2,0
20260815,3,500,15,3000,3000,3000,3000,"fast","control_informative",0.18,8,0.01,"","separate_mirage","pleiotropy","bfdr_power",0.2,0
20260815,3,500,15,3000,3000,3000,3000,"fast","control_informative",0.18,8,0.01,"","separate_mirage","pleiotropy","bfdr_discoveries",0.2,0
20260815,3,500,15,3000,3000,3000,3000,"fast","control_informative",0.18,8,0.01,"","separate_mirage","global","runtime_seconds",NA,18.452
20260815,3,500,15,3000,3000,3000,3000,"fast","control_informative",0.18,8,0.01,"","separate_mirage","pleiotropy","pi11_estimate",NA,0.001
20260815,3,500,15,3000,3000,3000,3000,"fast","control_informative",0.18,8,0.01,"","mtada_aggregated","trait1","auc",NA,0.653936842105263
20260815,3,500,15,3000,3000,3000,3000,"fast","control_informative",0.18,8,0.01,"","mtada_aggregated","trait2","auc",NA,0.731836734693878
20260815,3,500,15,3000,3000,3000,3000,"fast","control_informative",0.18,8,0.01,"","mtada_aggregated","pleiotropy","auc",NA,0.571313131313131
20260815,3,500,15,3000,3000,3000,3000,"fast","control_informative",0.18,8,0.01,"","mtada_aggregated","trait1","pp08_power",0.8,0.68
20260815,3,500,15,3000,3000,3000,3000,"fast","control_informative",0.18,8,0.01,"","mtada_aggregated","trait1","pp08_fdp",0.8,0.935361216730038
20260815,3,500,15,3000,3000,3000,3000,"fast","control_informative",0.18,8,0.01,"","mtada_aggregated","trait1","pp08_discoveries",0.8,263
20260815,3,500,15,3000,3000,3000,3000,"fast","control_informative",0.18,8,0.01,"","mtada_aggregated","trait2","pp08_power",0.8,0.8
20260815,3,500,15,3000,3000,3000,3000,"fast","control_informative",0.18,8,0.01,"","mtada_aggregated","trait2","pp08_fdp",0.8,0.968627450980392
20260815,3,500,15,3000,3000,3000,3000,"fast","control_informative",0.18,8,0.01,"","mtada_aggregated","trait2","pp08_discoveries",0.8,255
20260815,3,500,15,3000,3000,3000,3000,"fast","control_informative",0.18,8,0.01,"","mtada_aggregated","pleiotropy","pp08_power",0.8,0.4
20260815,3,500,15,3000,3000,3000,3000,"fast","control_informative",0.18,8,0.01,"","mtada_aggregated","pleiotropy","pp08_fdp",0.8,0.986754966887417
20260815,3,500,15,3000,3000,3000,3000,"fast","control_informative",0.18,8,0.01,"","mtada_aggregated","pleiotropy","pp08_discoveries",0.8,151
20260815,3,500,15,3000,3000,3000,3000,"fast","control_informative",0.18,8,0.01,"","mtada_aggregated","trait1","bfdr_observed_fdp",0.01,0.935114503816794
20260815,3,500,15,3000,3000,3000,3000,"fast","control_informative",0.18,8,0.01,"","mtada_aggregated","trait1","bfdr_estimate",0.01,0.009528688292297
20260815,3,500,15,3000,3000,3000,3000,"fast","control_informative",0.18,8,0.01,"","mtada_aggregated","trait1","bfdr_power",0.01,0.68
20260815,3,500,15,3000,3000,3000,3000,"fast","control_informative",0.18,8,0.01,"","mtada_aggregated","trait1","bfdr_discoveries",0.01,262
20260815,3,500,15,3000,3000,3000,3000,"fast","control_informative",0.18,8,0.01,"","mtada_aggregated","trait1","bfdr_observed_fdp",0.05,0.938566552901024
20260815,3,500,15,3000,3000,3000,3000,"fast","control_informative",0.18,8,0.01,"","mtada_aggregated","trait1","bfdr_estimate",0.05,0.0486955784881417
20260815,3,500,15,3000,3000,3000,3000,"fast","control_informative",0.18,8,0.01,"","mtada_aggregated","trait1","bfdr_power",0.05,0.72
20260815,3,500,15,3000,3000,3000,3000,"fast","control_informative",0.18,8,0.01,"","mtada_aggregated","trait1","bfdr_discoveries",0.05,293
20260815,3,500,15,3000,3000,3000,3000,"fast","control_informative",0.18,8,0.01,"","mtada_aggregated","trait1","bfdr_observed_fdp",0.1,0.940251572327044
20260815,3,500,15,3000,3000,3000,3000,"fast","control_informative",0.18,8,0.01,"","mtada_aggregated","trait1","bfdr_estimate",0.1,0.098477782229983
20260815,3,500,15,3000,3000,3000,3000,"fast","control_informative",0.18,8,0.01,"","mtada_aggregated","trait1","bfdr_power",0.1,0.76
20260815,3,500,15,3000,3000,3000,3000,"fast","control_informative",0.18,8,0.01,"","mtada_aggregated","trait1","bfdr_discoveries",0.1,318
20260815,3,500,15,3000,3000,3000,3000,"fast","control_informative",0.18,8,0.01,"","mtada_aggregated","trait1","bfdr_observed_fdp",0.2,0.945054945054945
20260815,3,500,15,3000,3000,3000,3000,"fast","control_informative",0.18,8,0.01,"","mtada_aggregated","trait1","bfdr_estimate",0.2,0.199054402920491
20260815,3,500,15,3000,3000,3000,3000,"fast","control_informative",0.18,8,0.01,"","mtada_aggregated","trait1","bfdr_power",0.2,0.8
20260815,3,500,15,3000,3000,3000,3000,"fast","control_informative",0.18,8,0.01,"","mtada_aggregated","trait1","bfdr_discoveries",0.2,364
20260815,3,500,15,3000,3000,3000,3000,"fast","control_informative",0.18,8,0.01,"","mtada_aggregated","trait2","bfdr_observed_fdp",0.01,0.968871595330739
20260815,3,500,15,3000,3000,3000,3000,"fast","control_informative",0.18,8,0.01,"","mtada_aggregated","trait2","bfdr_estimate",0.01,0.00972246366087847
20260815,3,500,15,3000,3000,3000,3000,"fast","control_informative",0.18,8,0.01,"","mtada_aggregated","trait2","bfdr_power",0.01,0.8
20260815,3,500,15,3000,3000,3000,3000,"fast","control_informative",0.18,8,0.01,"","mtada_aggregated","trait2","bfdr_discoveries",0.01,257
20260815,3,500,15,3000,3000,3000,3000,"fast","control_informative",0.18,8,0.01,"","mtada_aggregated","trait2","bfdr_observed_fdp",0.05,0.971830985915493
20260815,3,500,15,3000,3000,3000,3000,"fast","control_informative",0.18,8,0.01,"","mtada_aggregated","trait2","bfdr_estimate",0.05,0.0497681295033254
20260815,3,500,15,3000,3000,3000,3000,"fast","control_informative",0.18,8,0.01,"","mtada_aggregated","trait2","bfdr_power",0.05,0.8
20260815,3,500,15,3000,3000,3000,3000,"fast","control_informative",0.18,8,0.01,"","mtada_aggregated","trait2","bfdr_discoveries",0.05,284
20260815,3,500,15,3000,3000,3000,3000,"fast","control_informative",0.18,8,0.01,"","mtada_aggregated","trait2","bfdr_observed_fdp",0.1,0.973770491803279
20260815,3,500,15,3000,3000,3000,3000,"fast","control_informative",0.18,8,0.01,"","mtada_aggregated","trait2","bfdr_estimate",0.1,0.0982369863071318
20260815,3,500,15,3000,3000,3000,3000,"fast","control_informative",0.18,8,0.01,"","mtada_aggregated","trait2","bfdr_power",0.1,0.8
20260815,3,500,15,3000,3000,3000,3000,"fast","control_informative",0.18,8,0.01,"","mtada_aggregated","trait2","bfdr_discoveries",0.1,305
20260815,3,500,15,3000,3000,3000,3000,"fast","control_informative",0.18,8,0.01,"","mtada_aggregated","trait2","bfdr_observed_fdp",0.2,0.974063400576369
20260815,3,500,15,3000,3000,3000,3000,"fast","control_informative",0.18,8,0.01,"","mtada_aggregated","trait2","bfdr_estimate",0.2,0.199954986682281
20260815,3,500,15,3000,3000,3000,3000,"fast","control_informative",0.18,8,0.01,"","mtada_aggregated","trait2","bfdr_power",0.2,0.9
20260815,3,500,15,3000,3000,3000,3000,"fast","control_informative",0.18,8,0.01,"","mtada_aggregated","trait2","bfdr_discoveries",0.2,347
20260815,3,500,15,3000,3000,3000,3000,"fast","control_informative",0.18,8,0.01,"","mtada_aggregated","pleiotropy","bfdr_observed_fdp",0.01,0.985611510791367
20260815,3,500,15,3000,3000,3000,3000,"fast","control_informative",0.18,8,0.01,"","mtada_aggregated","pleiotropy","bfdr_estimate",0.01,0.00997145817603163
20260815,3,500,15,3000,3000,3000,3000,"fast","control_informative",0.18,8,0.01,"","mtada_aggregated","pleiotropy","bfdr_power",0.01,0.4
20260815,3,500,15,3000,3000,3000,3000,"fast","control_informative",0.18,8,0.01,"","mtada_aggregated","pleiotropy","bfdr_discoveries",0.01,139
20260815,3,500,15,3000,3000,3000,3000,"fast","control_informative",0.18,8,0.01,"","mtada_aggregated","pleiotropy","bfdr_observed_fdp",0.05,0.988372093023256
20260815,3,500,15,3000,3000,3000,3000,"fast","control_informative",0.18,8,0.01,"","mtada_aggregated","pleiotropy","bfdr_estimate",0.05,0.0499100176990232
20260815,3,500,15,3000,3000,3000,3000,"fast","control_informative",0.18,8,0.01,"","mtada_aggregated","pleiotropy","bfdr_power",0.05,0.4
20260815,3,500,15,3000,3000,3000,3000,"fast","control_informative",0.18,8,0.01,"","mtada_aggregated","pleiotropy","bfdr_discoveries",0.05,172
20260815,3,500,15,3000,3000,3000,3000,"fast","control_informative",0.18,8,0.01,"","mtada_aggregated","pleiotropy","bfdr_observed_fdp",0.1,0.989637305699482
20260815,3,500,15,3000,3000,3000,3000,"fast","control_informative",0.18,8,0.01,"","mtada_aggregated","pleiotropy","bfdr_estimate",0.1,0.0995398686307953
20260815,3,500,15,3000,3000,3000,3000,"fast","control_informative",0.18,8,0.01,"","mtada_aggregated","pleiotropy","bfdr_power",0.1,0.4
20260815,3,500,15,3000,3000,3000,3000,"fast","control_informative",0.18,8,0.01,"","mtada_aggregated","pleiotropy","bfdr_discoveries",0.1,193
20260815,3,500,15,3000,3000,3000,3000,"fast","control_informative",0.18,8,0.01,"","mtada_aggregated","pleiotropy","bfdr_observed_fdp",0.2,0.986842105263158
20260815,3,500,15,3000,3000,3000,3000,"fast","control_informative",0.18,8,0.01,"","mtada_aggregated","pleiotropy","bfdr_estimate",0.2,0.198283263447365
20260815,3,500,15,3000,3000,3000,3000,"fast","control_informative",0.18,8,0.01,"","mtada_aggregated","pleiotropy","bfdr_power",0.2,0.6
20260815,3,500,15,3000,3000,3000,3000,"fast","control_informative",0.18,8,0.01,"","mtada_aggregated","pleiotropy","bfdr_discoveries",0.2,228
20260815,3,500,15,3000,3000,3000,3000,"fast","control_informative",0.18,8,0.01,"","mtada_aggregated","global","runtime_seconds",NA,0.73399999999998
20260815,3,500,15,3000,3000,3000,3000,"fast","control_informative",0.18,8,0.01,"","mtada_aggregated","pleiotropy","pi11_estimate",NA,0.00823674
20260816,4,500,15,3000,3000,3000,3000,"fast","control_informative",0.18,8,0.01,"","mirage_joint","trait1","auc",NA,0.860547368421053
20260816,4,500,15,3000,3000,3000,3000,"fast","control_informative",0.18,8,0.01,"","mirage_joint","trait2","auc",NA,0.844081632653061
20260816,4,500,15,3000,3000,3000,3000,"fast","control_informative",0.18,8,0.01,"","mirage_joint","pleiotropy","auc",NA,0.80969696969697
20260816,4,500,15,3000,3000,3000,3000,"fast","control_informative",0.18,8,0.01,"","mirage_joint","trait1","pp08_power",0.8,0.32
20260816,4,500,15,3000,3000,3000,3000,"fast","control_informative",0.18,8,0.01,"","mirage_joint","trait1","pp08_fdp",0.8,0.111111111111111
20260816,4,500,15,3000,3000,3000,3000,"fast","control_informative",0.18,8,0.01,"","mirage_joint","trait1","pp08_discoveries",0.8,9
20260816,4,500,15,3000,3000,3000,3000,"fast","control_informative",0.18,8,0.01,"","mirage_joint","trait2","pp08_power",0.8,0.3
20260816,4,500,15,3000,3000,3000,3000,"fast","control_informative",0.18,8,0.01,"","mirage_joint","trait2","pp08_fdp",0.8,0
20260816,4,500,15,3000,3000,3000,3000,"fast","control_informative",0.18,8,0.01,"","mirage_joint","trait2","pp08_discoveries",0.8,3
20260816,4,500,15,3000,3000,3000,3000,"fast","control_informative",0.18,8,0.01,"","mirage_joint","pleiotropy","pp08_power",0.8,0
20260816,4,500,15,3000,3000,3000,3000,"fast","control_informative",0.18,8,0.01,"","mirage_joint","pleiotropy","pp08_fdp",0.8,0
20260816,4,500,15,3000,3000,3000,3000,"fast","control_informative",0.18,8,0.01,"","mirage_joint","pleiotropy","pp08_discoveries",0.8,0
20260816,4,500,15,3000,3000,3000,3000,"fast","control_informative",0.18,8,0.01,"","mirage_joint","trait1","bfdr_observed_fdp",0.01,0
20260816,4,500,15,3000,3000,3000,3000,"fast","control_informative",0.18,8,0.01,"","mirage_joint","trait1","bfdr_estimate",0.01,0.00311970611548271
20260816,4,500,15,3000,3000,3000,3000,"fast","control_informative",0.18,8,0.01,"","mirage_joint","trait1","bfdr_power",0.01,0.2
20260816,4,500,15,3000,3000,3000,3000,"fast","control_informative",0.18,8,0.01,"","mirage_joint","trait1","bfdr_discoveries",0.01,5
20260816,4,500,15,3000,3000,3000,3000,"fast","control_informative",0.18,8,0.01,"","mirage_joint","trait1","bfdr_observed_fdp",0.05,0
20260816,4,500,15,3000,3000,3000,3000,"fast","control_informative",0.18,8,0.01,"","mirage_joint","trait1","bfdr_estimate",0.05,0.0387704381924121
20260816,4,500,15,3000,3000,3000,3000,"fast","control_informative",0.18,8,0.01,"","mirage_joint","trait1","bfdr_power",0.05,0.28
20260816,4,500,15,3000,3000,3000,3000,"fast","control_informative",0.18,8,0.01,"","mirage_joint","trait1","bfdr_discoveries",0.05,7
20260816,4,500,15,3000,3000,3000,3000,"fast","control_informative",0.18,8,0.01,"","mirage_joint","trait1","bfdr_observed_fdp",0.1,0.2
20260816,4,500,15,3000,3000,3000,3000,"fast","control_informative",0.18,8,0.01,"","mirage_joint","trait1","bfdr_estimate",0.1,0.0851291683199945
20260816,4,500,15,3000,3000,3000,3000,"fast","control_informative",0.18,8,0.01,"","mirage_joint","trait1","bfdr_power",0.1,0.32
20260816,4,500,15,3000,3000,3000,3000,"fast","control_informative",0.18,8,0.01,"","mirage_joint","trait1","bfdr_discoveries",0.1,10
20260816,4,500,15,3000,3000,3000,3000,"fast","control_informative",0.18,8,0.01,"","mirage_joint","trait1","bfdr_observed_fdp",0.2,0.411764705882353
20260816,4,500,15,3000,3000,3000,3000,"fast","control_informative",0.18,8,0.01,"","mirage_joint","trait1","bfdr_estimate",0.2,0.195726499987538
20260816,4,500,15,3000,3000,3000,3000,"fast","control_informative",0.18,8,0.01,"","mirage_joint","trait1","bfdr_power",0.2,0.4
20260816,4,500,15,3000,3000,3000,3000,"fast","control_informative",0.18,8,0.01,"","mirage_joint","trait1","bfdr_discoveries",0.2,17
20260816,4,500,15,3000,3000,3000,3000,"fast","control_informative",0.18,8,0.01,"","mirage_joint","trait2","bfdr_observed_fdp",0.01,0
20260816,4,500,15,3000,3000,3000,3000,"fast","control_informative",0.18,8,0.01,"","mirage_joint","trait2","bfdr_estimate",0.01,0.00781235291523419
20260816,4,500,15,3000,3000,3000,3000,"fast","control_informative",0.18,8,0.01,"","mirage_joint","trait2","bfdr_power",0.01,0.2
20260816,4,500,15,3000,3000,3000,3000,"fast","control_informative",0.18,8,0.01,"","mirage_joint","trait2","bfdr_discoveries",0.01,2
20260816,4,500,15,3000,3000,3000,3000,"fast","control_informative",0.18,8,0.01,"","mirage_joint","trait2","bfdr_observed_fdp",0.05,0
20260816,4,500,15,3000,3000,3000,3000,"fast","control_informative",0.18,8,0.01,"","mirage_joint","trait2","bfdr_estimate",0.05,0.0484269822083124
20260816,4,500,15,3000,3000,3000,3000,"fast","control_informative",0.18,8,0.01,"","mirage_joint","trait2","bfdr_power",0.05,0.3
20260816,4,500,15,3000,3000,3000,3000,"fast","control_informative",0.18,8,0.01,"","mirage_joint","trait2","bfdr_discoveries",0.05,3
20260816,4,500,15,3000,3000,3000,3000,"fast","control_informative",0.18,8,0.01,"","mirage_joint","trait2","bfdr_observed_fdp",0.1,0
20260816,4,500,15,3000,3000,3000,3000,"fast","control_informative",0.18,8,0.01,"","mirage_joint","trait2","bfdr_estimate",0.1,0.0484269822083124
20260816,4,500,15,3000,3000,3000,3000,"fast","control_informative",0.18,8,0.01,"","mirage_joint","trait2","bfdr_power",0.1,0.3
20260816,4,500,15,3000,3000,3000,3000,"fast","control_informative",0.18,8,0.01,"","mirage_joint","trait2","bfdr_discoveries",0.1,3
20260816,4,500,15,3000,3000,3000,3000,"fast","control_informative",0.18,8,0.01,"","mirage_joint","trait2","bfdr_observed_fdp",0.2,0
20260816,4,500,15,3000,3000,3000,3000,"fast","control_informative",0.18,8,0.01,"","mirage_joint","trait2","bfdr_estimate",0.2,0.116666436513499
20260816,4,500,15,3000,3000,3000,3000,"fast","control_informative",0.18,8,0.01,"","mirage_joint","trait2","bfdr_power",0.2,0.4
20260816,4,500,15,3000,3000,3000,3000,"fast","control_informative",0.18,8,0.01,"","mirage_joint","trait2","bfdr_discoveries",0.2,4
20260816,4,500,15,3000,3000,3000,3000,"fast","control_informative",0.18,8,0.01,"","mirage_joint","pleiotropy","bfdr_observed_fdp",0.01,0
20260816,4,500,15,3000,3000,3000,3000,"fast","control_informative",0.18,8,0.01,"","mirage_joint","pleiotropy","bfdr_estimate",0.01,0
20260816,4,500,15,3000,3000,3000,3000,"fast","control_informative",0.18,8,0.01,"","mirage_joint","pleiotropy","bfdr_power",0.01,0
20260816,4,500,15,3000,3000,3000,3000,"fast","control_informative",0.18,8,0.01,"","mirage_joint","pleiotropy","bfdr_discoveries",0.01,0
20260816,4,500,15,3000,3000,3000,3000,"fast","control_informative",0.18,8,0.01,"","mirage_joint","pleiotropy","bfdr_observed_fdp",0.05,0
20260816,4,500,15,3000,3000,3000,3000,"fast","control_informative",0.18,8,0.01,"","mirage_joint","pleiotropy","bfdr_estimate",0.05,0
20260816,4,500,15,3000,3000,3000,3000,"fast","control_informative",0.18,8,0.01,"","mirage_joint","pleiotropy","bfdr_power",0.05,0
20260816,4,500,15,3000,3000,3000,3000,"fast","control_informative",0.18,8,0.01,"","mirage_joint","pleiotropy","bfdr_discoveries",0.05,0
20260816,4,500,15,3000,3000,3000,3000,"fast","control_informative",0.18,8,0.01,"","mirage_joint","pleiotropy","bfdr_observed_fdp",0.1,0
20260816,4,500,15,3000,3000,3000,3000,"fast","control_informative",0.18,8,0.01,"","mirage_joint","pleiotropy","bfdr_estimate",0.1,0
20260816,4,500,15,3000,3000,3000,3000,"fast","control_informative",0.18,8,0.01,"","mirage_joint","pleiotropy","bfdr_power",0.1,0
20260816,4,500,15,3000,3000,3000,3000,"fast","control_informative",0.18,8,0.01,"","mirage_joint","pleiotropy","bfdr_discoveries",0.1,0
20260816,4,500,15,3000,3000,3000,3000,"fast","control_informative",0.18,8,0.01,"","mirage_joint","pleiotropy","bfdr_observed_fdp",0.2,0
20260816,4,500,15,3000,3000,3000,3000,"fast","control_informative",0.18,8,0.01,"","mirage_joint","pleiotropy","bfdr_estimate",0.2,0
20260816,4,500,15,3000,3000,3000,3000,"fast","control_informative",0.18,8,0.01,"","mirage_joint","pleiotropy","bfdr_power",0.2,0
20260816,4,500,15,3000,3000,3000,3000,"fast","control_informative",0.18,8,0.01,"","mirage_joint","pleiotropy","bfdr_discoveries",0.2,0
20260816,4,500,15,3000,3000,3000,3000,"fast","control_informative",0.18,8,0.01,"","mirage_joint","global","runtime_seconds",NA,18.529
20260816,4,500,15,3000,3000,3000,3000,"fast","control_informative",0.18,8,0.01,"","mirage_joint","pleiotropy","pi11_estimate",NA,0.0577973123383628
20260816,4,500,15,3000,3000,3000,3000,"fast","control_informative",0.18,8,0.01,"","separate_mirage","trait1","auc",NA,0.866021052631579
20260816,4,500,15,3000,3000,3000,3000,"fast","control_informative",0.18,8,0.01,"","separate_mirage","trait2","auc",NA,0.716326530612245
20260816,4,500,15,3000,3000,3000,3000,"fast","control_informative",0.18,8,0.01,"","separate_mirage","pleiotropy","auc",NA,0.739393939393939
20260816,4,500,15,3000,3000,3000,3000,"fast","control_informative",0.18,8,0.01,"","separate_mirage","trait1","pp08_power",0.8,0.2
20260816,4,500,15,3000,3000,3000,3000,"fast","control_informative",0.18,8,0.01,"","separate_mirage","trait1","pp08_fdp",0.8,0
20260816,4,500,15,3000,3000,3000,3000,"fast","control_informative",0.18,8,0.01,"","separate_mirage","trait1","pp08_discoveries",0.8,5
20260816,4,500,15,3000,3000,3000,3000,"fast","control_informative",0.18,8,0.01,"","separate_mirage","trait2","pp08_power",0.8,0.3
20260816,4,500,15,3000,3000,3000,3000,"fast","control_informative",0.18,8,0.01,"","separate_mirage","trait2","pp08_fdp",0.8,0
20260816,4,500,15,3000,3000,3000,3000,"fast","control_informative",0.18,8,0.01,"","separate_mirage","trait2","pp08_discoveries",0.8,3
20260816,4,500,15,3000,3000,3000,3000,"fast","control_informative",0.18,8,0.01,"","separate_mirage","pleiotropy","pp08_power",0.8,0
20260816,4,500,15,3000,3000,3000,3000,"fast","control_informative",0.18,8,0.01,"","separate_mirage","pleiotropy","pp08_fdp",0.8,0
20260816,4,500,15,3000,3000,3000,3000,"fast","control_informative",0.18,8,0.01,"","separate_mirage","pleiotropy","pp08_discoveries",0.8,0
20260816,4,500,15,3000,3000,3000,3000,"fast","control_informative",0.18,8,0.01,"","separate_mirage","trait1","bfdr_observed_fdp",0.01,0
20260816,4,500,15,3000,3000,3000,3000,"fast","control_informative",0.18,8,0.01,"","separate_mirage","trait1","bfdr_estimate",0.01,0.00811216879679244
20260816,4,500,15,3000,3000,3000,3000,"fast","control_informative",0.18,8,0.01,"","separate_mirage","trait1","bfdr_power",0.01,0.2
20260816,4,500,15,3000,3000,3000,3000,"fast","control_informative",0.18,8,0.01,"","separate_mirage","trait1","bfdr_discoveries",0.01,5
20260816,4,500,15,3000,3000,3000,3000,"fast","control_informative",0.18,8,0.01,"","separate_mirage","trait1","bfdr_observed_fdp",0.05,0
20260816,4,500,15,3000,3000,3000,3000,"fast","control_informative",0.18,8,0.01,"","separate_mirage","trait1","bfdr_estimate",0.05,0.0406867043656431
20260816,4,500,15,3000,3000,3000,3000,"fast","control_informative",0.18,8,0.01,"","separate_mirage","trait1","bfdr_power",0.05,0.24
20260816,4,500,15,3000,3000,3000,3000,"fast","control_informative",0.18,8,0.01,"","separate_mirage","trait1","bfdr_discoveries",0.05,6
20260816,4,500,15,3000,3000,3000,3000,"fast","control_informative",0.18,8,0.01,"","separate_mirage","trait1","bfdr_observed_fdp",0.1,0
20260816,4,500,15,3000,3000,3000,3000,"fast","control_informative",0.18,8,0.01,"","separate_mirage","trait1","bfdr_estimate",0.1,0.09106983193068
20260816,4,500,15,3000,3000,3000,3000,"fast","control_informative",0.18,8,0.01,"","separate_mirage","trait1","bfdr_power",0.1,0.32
20260816,4,500,15,3000,3000,3000,3000,"fast","control_informative",0.18,8,0.01,"","separate_mirage","trait1","bfdr_discoveries",0.1,8
20260816,4,500,15,3000,3000,3000,3000,"fast","control_informative",0.18,8,0.01,"","separate_mirage","trait1","bfdr_observed_fdp",0.2,0.181818181818182
20260816,4,500,15,3000,3000,3000,3000,"fast","control_informative",0.18,8,0.01,"","separate_mirage","trait1","bfdr_estimate",0.2,0.192291878079176
20260816,4,500,15,3000,3000,3000,3000,"fast","control_informative",0.18,8,0.01,"","separate_mirage","trait1","bfdr_power",0.2,0.36
20260816,4,500,15,3000,3000,3000,3000,"fast","control_informative",0.18,8,0.01,"","separate_mirage","trait1","bfdr_discoveries",0.2,11
20260816,4,500,15,3000,3000,3000,3000,"fast","control_informative",0.18,8,0.01,"","separate_mirage","trait2","bfdr_observed_fdp",0.01,0
20260816,4,500,15,3000,3000,3000,3000,"fast","control_informative",0.18,8,0.01,"","separate_mirage","trait2","bfdr_estimate",0.01,0.000248393619637577
20260816,4,500,15,3000,3000,3000,3000,"fast","control_informative",0.18,8,0.01,"","separate_mirage","trait2","bfdr_power",0.01,0.1
20260816,4,500,15,3000,3000,3000,3000,"fast","control_informative",0.18,8,0.01,"","separate_mirage","trait2","bfdr_discoveries",0.01,1
20260816,4,500,15,3000,3000,3000,3000,"fast","control_informative",0.18,8,0.01,"","separate_mirage","trait2","bfdr_observed_fdp",0.05,0
20260816,4,500,15,3000,3000,3000,3000,"fast","control_informative",0.18,8,0.01,"","separate_mirage","trait2","bfdr_estimate",0.05,0.0177970487923805
20260816,4,500,15,3000,3000,3000,3000,"fast","control_informative",0.18,8,0.01,"","separate_mirage","trait2","bfdr_power",0.05,0.2
20260816,4,500,15,3000,3000,3000,3000,"fast","control_informative",0.18,8,0.01,"","separate_mirage","trait2","bfdr_discoveries",0.05,2
20260816,4,500,15,3000,3000,3000,3000,"fast","control_informative",0.18,8,0.01,"","separate_mirage","trait2","bfdr_observed_fdp",0.1,0
20260816,4,500,15,3000,3000,3000,3000,"fast","control_informative",0.18,8,0.01,"","separate_mirage","trait2","bfdr_estimate",0.1,0.0508762103074633
20260816,4,500,15,3000,3000,3000,3000,"fast","control_informative",0.18,8,0.01,"","separate_mirage","trait2","bfdr_power",0.1,0.3
20260816,4,500,15,3000,3000,3000,3000,"fast","control_informative",0.18,8,0.01,"","separate_mirage","trait2","bfdr_discoveries",0.1,3
20260816,4,500,15,3000,3000,3000,3000,"fast","control_informative",0.18,8,0.01,"","separate_mirage","trait2","bfdr_observed_fdp",0.2,0
20260816,4,500,15,3000,3000,3000,3000,"fast","control_informative",0.18,8,0.01,"","separate_mirage","trait2","bfdr_estimate",0.2,0.131598141936199
20260816,4,500,15,3000,3000,3000,3000,"fast","control_informative",0.18,8,0.01,"","separate_mirage","trait2","bfdr_power",0.2,0.4
20260816,4,500,15,3000,3000,3000,3000,"fast","control_informative",0.18,8,0.01,"","separate_mirage","trait2","bfdr_discoveries",0.2,4
20260816,4,500,15,3000,3000,3000,3000,"fast","control_informative",0.18,8,0.01,"","separate_mirage","pleiotropy","bfdr_observed_fdp",0.01,0
20260816,4,500,15,3000,3000,3000,3000,"fast","control_informative",0.18,8,0.01,"","separate_mirage","pleiotropy","bfdr_estimate",0.01,0
20260816,4,500,15,3000,3000,3000,3000,"fast","control_informative",0.18,8,0.01,"","separate_mirage","pleiotropy","bfdr_power",0.01,0
20260816,4,500,15,3000,3000,3000,3000,"fast","control_informative",0.18,8,0.01,"","separate_mirage","pleiotropy","bfdr_discoveries",0.01,0
20260816,4,500,15,3000,3000,3000,3000,"fast","control_informative",0.18,8,0.01,"","separate_mirage","pleiotropy","bfdr_observed_fdp",0.05,0
20260816,4,500,15,3000,3000,3000,3000,"fast","control_informative",0.18,8,0.01,"","separate_mirage","pleiotropy","bfdr_estimate",0.05,0
20260816,4,500,15,3000,3000,3000,3000,"fast","control_informative",0.18,8,0.01,"","separate_mirage","pleiotropy","bfdr_power",0.05,0
20260816,4,500,15,3000,3000,3000,3000,"fast","control_informative",0.18,8,0.01,"","separate_mirage","pleiotropy","bfdr_discoveries",0.05,0
20260816,4,500,15,3000,3000,3000,3000,"fast","control_informative",0.18,8,0.01,"","separate_mirage","pleiotropy","bfdr_observed_fdp",0.1,0
20260816,4,500,15,3000,3000,3000,3000,"fast","control_informative",0.18,8,0.01,"","separate_mirage","pleiotropy","bfdr_estimate",0.1,0
20260816,4,500,15,3000,3000,3000,3000,"fast","control_informative",0.18,8,0.01,"","separate_mirage","pleiotropy","bfdr_power",0.1,0
20260816,4,500,15,3000,3000,3000,3000,"fast","control_informative",0.18,8,0.01,"","separate_mirage","pleiotropy","bfdr_discoveries",0.1,0
20260816,4,500,15,3000,3000,3000,3000,"fast","control_informative",0.18,8,0.01,"","separate_mirage","pleiotropy","bfdr_observed_fdp",0.2,0
20260816,4,500,15,3000,3000,3000,3000,"fast","control_informative",0.18,8,0.01,"","separate_mirage","pleiotropy","bfdr_estimate",0.2,0
20260816,4,500,15,3000,3000,3000,3000,"fast","control_informative",0.18,8,0.01,"","separate_mirage","pleiotropy","bfdr_power",0.2,0
20260816,4,500,15,3000,3000,3000,3000,"fast","control_informative",0.18,8,0.01,"","separate_mirage","pleiotropy","bfdr_discoveries",0.2,0
20260816,4,500,15,3000,3000,3000,3000,"fast","control_informative",0.18,8,0.01,"","separate_mirage","global","runtime_seconds",NA,18.485
20260816,4,500,15,3000,3000,3000,3000,"fast","control_informative",0.18,8,0.01,"","separate_mirage","pleiotropy","pi11_estimate",NA,0.001
20260816,4,500,15,3000,3000,3000,3000,"fast","control_informative",0.18,8,0.01,"","mtada_aggregated","trait1","auc",NA,0.638821052631579
20260816,4,500,15,3000,3000,3000,3000,"fast","control_informative",0.18,8,0.01,"","mtada_aggregated","trait2","auc",NA,0.562755102040816
20260816,4,500,15,3000,3000,3000,3000,"fast","control_informative",0.18,8,0.01,"","mtada_aggregated","pleiotropy","auc",NA,0.676969696969697
20260816,4,500,15,3000,3000,3000,3000,"fast","control_informative",0.18,8,0.01,"","mtada_aggregated","trait1","pp08_power",0.8,0.72
20260816,4,500,15,3000,3000,3000,3000,"fast","control_informative",0.18,8,0.01,"","mtada_aggregated","trait1","pp08_fdp",0.8,0.932835820895522
20260816,4,500,15,3000,3000,3000,3000,"fast","control_informative",0.18,8,0.01,"","mtada_aggregated","trait1","pp08_discoveries",0.8,268
20260816,4,500,15,3000,3000,3000,3000,"fast","control_informative",0.18,8,0.01,"","mtada_aggregated","trait2","pp08_power",0.8,0.7
20260816,4,500,15,3000,3000,3000,3000,"fast","control_informative",0.18,8,0.01,"","mtada_aggregated","trait2","pp08_fdp",0.8,0.975
20260816,4,500,15,3000,3000,3000,3000,"fast","control_informative",0.18,8,0.01,"","mtada_aggregated","trait2","pp08_discoveries",0.8,280
20260816,4,500,15,3000,3000,3000,3000,"fast","control_informative",0.18,8,0.01,"","mtada_aggregated","pleiotropy","pp08_power",0.8,0.6
20260816,4,500,15,3000,3000,3000,3000,"fast","control_informative",0.18,8,0.01,"","mtada_aggregated","pleiotropy","pp08_fdp",0.8,0.982248520710059
20260816,4,500,15,3000,3000,3000,3000,"fast","control_informative",0.18,8,0.01,"","mtada_aggregated","pleiotropy","pp08_discoveries",0.8,169
20260816,4,500,15,3000,3000,3000,3000,"fast","control_informative",0.18,8,0.01,"","mtada_aggregated","trait1","bfdr_observed_fdp",0.01,0.935361216730038
20260816,4,500,15,3000,3000,3000,3000,"fast","control_informative",0.18,8,0.01,"","mtada_aggregated","trait1","bfdr_estimate",0.01,0.00953090454771093
20260816,4,500,15,3000,3000,3000,3000,"fast","control_informative",0.18,8,0.01,"","mtada_aggregated","trait1","bfdr_power",0.01,0.68
20260816,4,500,15,3000,3000,3000,3000,"fast","control_informative",0.18,8,0.01,"","mtada_aggregated","trait1","bfdr_discoveries",0.01,263
20260816,4,500,15,3000,3000,3000,3000,"fast","control_informative",0.18,8,0.01,"","mtada_aggregated","trait1","bfdr_observed_fdp",0.05,0.935810810810811
20260816,4,500,15,3000,3000,3000,3000,"fast","control_informative",0.18,8,0.01,"","mtada_aggregated","trait1","bfdr_estimate",0.05,0.0485956021686899
20260816,4,500,15,3000,3000,3000,3000,"fast","control_informative",0.18,8,0.01,"","mtada_aggregated","trait1","bfdr_power",0.05,0.76
20260816,4,500,15,3000,3000,3000,3000,"fast","control_informative",0.18,8,0.01,"","mtada_aggregated","trait1","bfdr_discoveries",0.05,296
20260816,4,500,15,3000,3000,3000,3000,"fast","control_informative",0.18,8,0.01,"","mtada_aggregated","trait1","bfdr_observed_fdp",0.1,0.934782608695652
20260816,4,500,15,3000,3000,3000,3000,"fast","control_informative",0.18,8,0.01,"","mtada_aggregated","trait1","bfdr_estimate",0.1,0.0994584296755124
20260816,4,500,15,3000,3000,3000,3000,"fast","control_informative",0.18,8,0.01,"","mtada_aggregated","trait1","bfdr_power",0.1,0.84
20260816,4,500,15,3000,3000,3000,3000,"fast","control_informative",0.18,8,0.01,"","mtada_aggregated","trait1","bfdr_discoveries",0.1,322
20260816,4,500,15,3000,3000,3000,3000,"fast","control_informative",0.18,8,0.01,"","mtada_aggregated","trait1","bfdr_observed_fdp",0.2,0.937669376693767
20260816,4,500,15,3000,3000,3000,3000,"fast","control_informative",0.18,8,0.01,"","mtada_aggregated","trait1","bfdr_estimate",0.2,0.198809477583218
20260816,4,500,15,3000,3000,3000,3000,"fast","control_informative",0.18,8,0.01,"","mtada_aggregated","trait1","bfdr_power",0.2,0.92
20260816,4,500,15,3000,3000,3000,3000,"fast","control_informative",0.18,8,0.01,"","mtada_aggregated","trait1","bfdr_discoveries",0.2,369
20260816,4,500,15,3000,3000,3000,3000,"fast","control_informative",0.18,8,0.01,"","mtada_aggregated","trait2","bfdr_observed_fdp",0.01,0.975177304964539
20260816,4,500,15,3000,3000,3000,3000,"fast","control_informative",0.18,8,0.01,"","mtada_aggregated","trait2","bfdr_estimate",0.01,0.00979425921931719
20260816,4,500,15,3000,3000,3000,3000,"fast","control_informative",0.18,8,0.01,"","mtada_aggregated","trait2","bfdr_power",0.01,0.7
20260816,4,500,15,3000,3000,3000,3000,"fast","control_informative",0.18,8,0.01,"","mtada_aggregated","trait2","bfdr_discoveries",0.01,282
20260816,4,500,15,3000,3000,3000,3000,"fast","control_informative",0.18,8,0.01,"","mtada_aggregated","trait2","bfdr_observed_fdp",0.05,0.973941368078176
20260816,4,500,15,3000,3000,3000,3000,"fast","control_informative",0.18,8,0.01,"","mtada_aggregated","trait2","bfdr_estimate",0.05,0.0499371009883572
20260816,4,500,15,3000,3000,3000,3000,"fast","control_informative",0.18,8,0.01,"","mtada_aggregated","trait2","bfdr_power",0.05,0.8
20260816,4,500,15,3000,3000,3000,3000,"fast","control_informative",0.18,8,0.01,"","mtada_aggregated","trait2","bfdr_discoveries",0.05,307
20260816,4,500,15,3000,3000,3000,3000,"fast","control_informative",0.18,8,0.01,"","mtada_aggregated","trait2","bfdr_observed_fdp",0.1,0.975609756097561
20260816,4,500,15,3000,3000,3000,3000,"fast","control_informative",0.18,8,0.01,"","mtada_aggregated","trait2","bfdr_estimate",0.1,0.0987830584524669
20260816,4,500,15,3000,3000,3000,3000,"fast","control_informative",0.18,8,0.01,"","mtada_aggregated","trait2","bfdr_power",0.1,0.8
20260816,4,500,15,3000,3000,3000,3000,"fast","control_informative",0.18,8,0.01,"","mtada_aggregated","trait2","bfdr_discoveries",0.1,328
20260816,4,500,15,3000,3000,3000,3000,"fast","control_informative",0.18,8,0.01,"","mtada_aggregated","trait2","bfdr_observed_fdp",0.2,0.978494623655914
20260816,4,500,15,3000,3000,3000,3000,"fast","control_informative",0.18,8,0.01,"","mtada_aggregated","trait2","bfdr_estimate",0.2,0.199940113940237
20260816,4,500,15,3000,3000,3000,3000,"fast","control_informative",0.18,8,0.01,"","mtada_aggregated","trait2","bfdr_power",0.2,0.8
20260816,4,500,15,3000,3000,3000,3000,"fast","control_informative",0.18,8,0.01,"","mtada_aggregated","trait2","bfdr_discoveries",0.2,372
20260816,4,500,15,3000,3000,3000,3000,"fast","control_informative",0.18,8,0.01,"","mtada_aggregated","pleiotropy","bfdr_observed_fdp",0.01,0.980132450331126
20260816,4,500,15,3000,3000,3000,3000,"fast","control_informative",0.18,8,0.01,"","mtada_aggregated","pleiotropy","bfdr_estimate",0.01,0.00948418062088827
20260816,4,500,15,3000,3000,3000,3000,"fast","control_informative",0.18,8,0.01,"","mtada_aggregated","pleiotropy","bfdr_power",0.01,0.6
20260816,4,500,15,3000,3000,3000,3000,"fast","control_informative",0.18,8,0.01,"","mtada_aggregated","pleiotropy","bfdr_discoveries",0.01,151
20260816,4,500,15,3000,3000,3000,3000,"fast","control_informative",0.18,8,0.01,"","mtada_aggregated","pleiotropy","bfdr_observed_fdp",0.05,0.983783783783784
20260816,4,500,15,3000,3000,3000,3000,"fast","control_informative",0.18,8,0.01,"","mtada_aggregated","pleiotropy","bfdr_estimate",0.05,0.0496604995095089
20260816,4,500,15,3000,3000,3000,3000,"fast","control_informative",0.18,8,0.01,"","mtada_aggregated","pleiotropy","bfdr_power",0.05,0.6
20260816,4,500,15,3000,3000,3000,3000,"fast","control_informative",0.18,8,0.01,"","mtada_aggregated","pleiotropy","bfdr_discoveries",0.05,185
20260816,4,500,15,3000,3000,3000,3000,"fast","control_informative",0.18,8,0.01,"","mtada_aggregated","pleiotropy","bfdr_observed_fdp",0.1,0.980487804878049
20260816,4,500,15,3000,3000,3000,3000,"fast","control_informative",0.18,8,0.01,"","mtada_aggregated","pleiotropy","bfdr_estimate",0.1,0.097665666838204
20260816,4,500,15,3000,3000,3000,3000,"fast","control_informative",0.18,8,0.01,"","mtada_aggregated","pleiotropy","bfdr_power",0.1,0.8
20260816,4,500,15,3000,3000,3000,3000,"fast","control_informative",0.18,8,0.01,"","mtada_aggregated","pleiotropy","bfdr_discoveries",0.1,205
20260816,4,500,15,3000,3000,3000,3000,"fast","control_informative",0.18,8,0.01,"","mtada_aggregated","pleiotropy","bfdr_observed_fdp",0.2,0.983402489626556
20260816,4,500,15,3000,3000,3000,3000,"fast","control_informative",0.18,8,0.01,"","mtada_aggregated","pleiotropy","bfdr_estimate",0.2,0.199022406141732
20260816,4,500,15,3000,3000,3000,3000,"fast","control_informative",0.18,8,0.01,"","mtada_aggregated","pleiotropy","bfdr_power",0.2,0.8
20260816,4,500,15,3000,3000,3000,3000,"fast","control_informative",0.18,8,0.01,"","mtada_aggregated","pleiotropy","bfdr_discoveries",0.2,241
20260816,4,500,15,3000,3000,3000,3000,"fast","control_informative",0.18,8,0.01,"","mtada_aggregated","global","runtime_seconds",NA,0.698000000000008
20260816,4,500,15,3000,3000,3000,3000,"fast","control_informative",0.18,8,0.01,"","mtada_aggregated","pleiotropy","pi11_estimate",NA,0.00836446
20260817,5,500,15,3000,3000,3000,3000,"fast","control_informative",0.18,8,0.01,"","mirage_joint","trait1","auc",NA,0.73861052631579
20260817,5,500,15,3000,3000,3000,3000,"fast","control_informative",0.18,8,0.01,"","mirage_joint","trait2","auc",NA,0.676122448979592
20260817,5,500,15,3000,3000,3000,3000,"fast","control_informative",0.18,8,0.01,"","mirage_joint","pleiotropy","auc",NA,0.74949494949495
20260817,5,500,15,3000,3000,3000,3000,"fast","control_informative",0.18,8,0.01,"","mirage_joint","trait1","pp08_power",0.8,0.2
20260817,5,500,15,3000,3000,3000,3000,"fast","control_informative",0.18,8,0.01,"","mirage_joint","trait1","pp08_fdp",0.8,0
20260817,5,500,15,3000,3000,3000,3000,"fast","control_informative",0.18,8,0.01,"","mirage_joint","trait1","pp08_discoveries",0.8,5
20260817,5,500,15,3000,3000,3000,3000,"fast","control_informative",0.18,8,0.01,"","mirage_joint","trait2","pp08_power",0.8,0
20260817,5,500,15,3000,3000,3000,3000,"fast","control_informative",0.18,8,0.01,"","mirage_joint","trait2","pp08_fdp",0.8,0
20260817,5,500,15,3000,3000,3000,3000,"fast","control_informative",0.18,8,0.01,"","mirage_joint","trait2","pp08_discoveries",0.8,0
20260817,5,500,15,3000,3000,3000,3000,"fast","control_informative",0.18,8,0.01,"","mirage_joint","pleiotropy","pp08_power",0.8,0
20260817,5,500,15,3000,3000,3000,3000,"fast","control_informative",0.18,8,0.01,"","mirage_joint","pleiotropy","pp08_fdp",0.8,0
20260817,5,500,15,3000,3000,3000,3000,"fast","control_informative",0.18,8,0.01,"","mirage_joint","pleiotropy","pp08_discoveries",0.8,0
20260817,5,500,15,3000,3000,3000,3000,"fast","control_informative",0.18,8,0.01,"","mirage_joint","trait1","bfdr_observed_fdp",0.01,0
20260817,5,500,15,3000,3000,3000,3000,"fast","control_informative",0.18,8,0.01,"","mirage_joint","trait1","bfdr_estimate",0.01,0.00887627640217021
20260817,5,500,15,3000,3000,3000,3000,"fast","control_informative",0.18,8,0.01,"","mirage_joint","trait1","bfdr_power",0.01,0.2
20260817,5,500,15,3000,3000,3000,3000,"fast","control_informative",0.18,8,0.01,"","mirage_joint","trait1","bfdr_discoveries",0.01,5
20260817,5,500,15,3000,3000,3000,3000,"fast","control_informative",0.18,8,0.01,"","mirage_joint","trait1","bfdr_observed_fdp",0.05,0
20260817,5,500,15,3000,3000,3000,3000,"fast","control_informative",0.18,8,0.01,"","mirage_joint","trait1","bfdr_estimate",0.05,0.00887627640217021
20260817,5,500,15,3000,3000,3000,3000,"fast","control_informative",0.18,8,0.01,"","mirage_joint","trait1","bfdr_power",0.05,0.2
20260817,5,500,15,3000,3000,3000,3000,"fast","control_informative",0.18,8,0.01,"","mirage_joint","trait1","bfdr_discoveries",0.05,5
20260817,5,500,15,3000,3000,3000,3000,"fast","control_informative",0.18,8,0.01,"","mirage_joint","trait1","bfdr_observed_fdp",0.1,0
20260817,5,500,15,3000,3000,3000,3000,"fast","control_informative",0.18,8,0.01,"","mirage_joint","trait1","bfdr_estimate",0.1,0.0570007209748956
20260817,5,500,15,3000,3000,3000,3000,"fast","control_informative",0.18,8,0.01,"","mirage_joint","trait1","bfdr_power",0.1,0.24
20260817,5,500,15,3000,3000,3000,3000,"fast","control_informative",0.18,8,0.01,"","mirage_joint","trait1","bfdr_discoveries",0.1,6
20260817,5,500,15,3000,3000,3000,3000,"fast","control_informative",0.18,8,0.01,"","mirage_joint","trait1","bfdr_observed_fdp",0.2,0
20260817,5,500,15,3000,3000,3000,3000,"fast","control_informative",0.18,8,0.01,"","mirage_joint","trait1","bfdr_estimate",0.2,0.164271212500924
20260817,5,500,15,3000,3000,3000,3000,"fast","control_informative",0.18,8,0.01,"","mirage_joint","trait1","bfdr_power",0.2,0.32
20260817,5,500,15,3000,3000,3000,3000,"fast","control_informative",0.18,8,0.01,"","mirage_joint","trait1","bfdr_discoveries",0.2,8
20260817,5,500,15,3000,3000,3000,3000,"fast","control_informative",0.18,8,0.01,"","mirage_joint","trait2","bfdr_observed_fdp",0.01,0
20260817,5,500,15,3000,3000,3000,3000,"fast","control_informative",0.18,8,0.01,"","mirage_joint","trait2","bfdr_estimate",0.01,0
20260817,5,500,15,3000,3000,3000,3000,"fast","control_informative",0.18,8,0.01,"","mirage_joint","trait2","bfdr_power",0.01,0
20260817,5,500,15,3000,3000,3000,3000,"fast","control_informative",0.18,8,0.01,"","mirage_joint","trait2","bfdr_discoveries",0.01,0
20260817,5,500,15,3000,3000,3000,3000,"fast","control_informative",0.18,8,0.01,"","mirage_joint","trait2","bfdr_observed_fdp",0.05,0
20260817,5,500,15,3000,3000,3000,3000,"fast","control_informative",0.18,8,0.01,"","mirage_joint","trait2","bfdr_estimate",0.05,0
20260817,5,500,15,3000,3000,3000,3000,"fast","control_informative",0.18,8,0.01,"","mirage_joint","trait2","bfdr_power",0.05,0
20260817,5,500,15,3000,3000,3000,3000,"fast","control_informative",0.18,8,0.01,"","mirage_joint","trait2","bfdr_discoveries",0.05,0
20260817,5,500,15,3000,3000,3000,3000,"fast","control_informative",0.18,8,0.01,"","mirage_joint","trait2","bfdr_observed_fdp",0.1,0
20260817,5,500,15,3000,3000,3000,3000,"fast","control_informative",0.18,8,0.01,"","mirage_joint","trait2","bfdr_estimate",0.1,0
20260817,5,500,15,3000,3000,3000,3000,"fast","control_informative",0.18,8,0.01,"","mirage_joint","trait2","bfdr_power",0.1,0
20260817,5,500,15,3000,3000,3000,3000,"fast","control_informative",0.18,8,0.01,"","mirage_joint","trait2","bfdr_discoveries",0.1,0
20260817,5,500,15,3000,3000,3000,3000,"fast","control_informative",0.18,8,0.01,"","mirage_joint","trait2","bfdr_observed_fdp",0.2,0
20260817,5,500,15,3000,3000,3000,3000,"fast","control_informative",0.18,8,0.01,"","mirage_joint","trait2","bfdr_estimate",0.2,0
20260817,5,500,15,3000,3000,3000,3000,"fast","control_informative",0.18,8,0.01,"","mirage_joint","trait2","bfdr_power",0.2,0
20260817,5,500,15,3000,3000,3000,3000,"fast","control_informative",0.18,8,0.01,"","mirage_joint","trait2","bfdr_discoveries",0.2,0
20260817,5,500,15,3000,3000,3000,3000,"fast","control_informative",0.18,8,0.01,"","mirage_joint","pleiotropy","bfdr_observed_fdp",0.01,0
20260817,5,500,15,3000,3000,3000,3000,"fast","control_informative",0.18,8,0.01,"","mirage_joint","pleiotropy","bfdr_estimate",0.01,0
20260817,5,500,15,3000,3000,3000,3000,"fast","control_informative",0.18,8,0.01,"","mirage_joint","pleiotropy","bfdr_power",0.01,0
20260817,5,500,15,3000,3000,3000,3000,"fast","control_informative",0.18,8,0.01,"","mirage_joint","pleiotropy","bfdr_discoveries",0.01,0
20260817,5,500,15,3000,3000,3000,3000,"fast","control_informative",0.18,8,0.01,"","mirage_joint","pleiotropy","bfdr_observed_fdp",0.05,0
20260817,5,500,15,3000,3000,3000,3000,"fast","control_informative",0.18,8,0.01,"","mirage_joint","pleiotropy","bfdr_estimate",0.05,0
20260817,5,500,15,3000,3000,3000,3000,"fast","control_informative",0.18,8,0.01,"","mirage_joint","pleiotropy","bfdr_power",0.05,0
20260817,5,500,15,3000,3000,3000,3000,"fast","control_informative",0.18,8,0.01,"","mirage_joint","pleiotropy","bfdr_discoveries",0.05,0
20260817,5,500,15,3000,3000,3000,3000,"fast","control_informative",0.18,8,0.01,"","mirage_joint","pleiotropy","bfdr_observed_fdp",0.1,0
20260817,5,500,15,3000,3000,3000,3000,"fast","control_informative",0.18,8,0.01,"","mirage_joint","pleiotropy","bfdr_estimate",0.1,0
20260817,5,500,15,3000,3000,3000,3000,"fast","control_informative",0.18,8,0.01,"","mirage_joint","pleiotropy","bfdr_power",0.1,0
20260817,5,500,15,3000,3000,3000,3000,"fast","control_informative",0.18,8,0.01,"","mirage_joint","pleiotropy","bfdr_discoveries",0.1,0
20260817,5,500,15,3000,3000,3000,3000,"fast","control_informative",0.18,8,0.01,"","mirage_joint","pleiotropy","bfdr_observed_fdp",0.2,0
20260817,5,500,15,3000,3000,3000,3000,"fast","control_informative",0.18,8,0.01,"","mirage_joint","pleiotropy","bfdr_estimate",0.2,0
20260817,5,500,15,3000,3000,3000,3000,"fast","control_informative",0.18,8,0.01,"","mirage_joint","pleiotropy","bfdr_power",0.2,0
20260817,5,500,15,3000,3000,3000,3000,"fast","control_informative",0.18,8,0.01,"","mirage_joint","pleiotropy","bfdr_discoveries",0.2,0
20260817,5,500,15,3000,3000,3000,3000,"fast","control_informative",0.18,8,0.01,"","mirage_joint","global","runtime_seconds",NA,18.399
20260817,5,500,15,3000,3000,3000,3000,"fast","control_informative",0.18,8,0.01,"","mirage_joint","pleiotropy","pi11_estimate",NA,0.00512970190195568
20260817,5,500,15,3000,3000,3000,3000,"fast","control_informative",0.18,8,0.01,"","separate_mirage","trait1","auc",NA,0.734652631578947
20260817,5,500,15,3000,3000,3000,3000,"fast","control_informative",0.18,8,0.01,"","separate_mirage","trait2","auc",NA,0.607755102040816
20260817,5,500,15,3000,3000,3000,3000,"fast","control_informative",0.18,8,0.01,"","separate_mirage","pleiotropy","auc",NA,0.745454545454545
20260817,5,500,15,3000,3000,3000,3000,"fast","control_informative",0.18,8,0.01,"","separate_mirage","trait1","pp08_power",0.8,0.2
20260817,5,500,15,3000,3000,3000,3000,"fast","control_informative",0.18,8,0.01,"","separate_mirage","trait1","pp08_fdp",0.8,0
20260817,5,500,15,3000,3000,3000,3000,"fast","control_informative",0.18,8,0.01,"","separate_mirage","trait1","pp08_discoveries",0.8,5
20260817,5,500,15,3000,3000,3000,3000,"fast","control_informative",0.18,8,0.01,"","separate_mirage","trait2","pp08_power",0.8,0
20260817,5,500,15,3000,3000,3000,3000,"fast","control_informative",0.18,8,0.01,"","separate_mirage","trait2","pp08_fdp",0.8,0
20260817,5,500,15,3000,3000,3000,3000,"fast","control_informative",0.18,8,0.01,"","separate_mirage","trait2","pp08_discoveries",0.8,0
20260817,5,500,15,3000,3000,3000,3000,"fast","control_informative",0.18,8,0.01,"","separate_mirage","pleiotropy","pp08_power",0.8,0
20260817,5,500,15,3000,3000,3000,3000,"fast","control_informative",0.18,8,0.01,"","separate_mirage","pleiotropy","pp08_fdp",0.8,0
20260817,5,500,15,3000,3000,3000,3000,"fast","control_informative",0.18,8,0.01,"","separate_mirage","pleiotropy","pp08_discoveries",0.8,0
20260817,5,500,15,3000,3000,3000,3000,"fast","control_informative",0.18,8,0.01,"","separate_mirage","trait1","bfdr_observed_fdp",0.01,0
20260817,5,500,15,3000,3000,3000,3000,"fast","control_informative",0.18,8,0.01,"","separate_mirage","trait1","bfdr_estimate",0.01,0.0010604624036902
20260817,5,500,15,3000,3000,3000,3000,"fast","control_informative",0.18,8,0.01,"","separate_mirage","trait1","bfdr_power",0.01,0.16
20260817,5,500,15,3000,3000,3000,3000,"fast","control_informative",0.18,8,0.01,"","separate_mirage","trait1","bfdr_discoveries",0.01,4
20260817,5,500,15,3000,3000,3000,3000,"fast","control_informative",0.18,8,0.01,"","separate_mirage","trait1","bfdr_observed_fdp",0.05,0
20260817,5,500,15,3000,3000,3000,3000,"fast","control_informative",0.18,8,0.01,"","separate_mirage","trait1","bfdr_estimate",0.05,0.0101115743399568
20260817,5,500,15,3000,3000,3000,3000,"fast","control_informative",0.18,8,0.01,"","separate_mirage","trait1","bfdr_power",0.05,0.2
20260817,5,500,15,3000,3000,3000,3000,"fast","control_informative",0.18,8,0.01,"","separate_mirage","trait1","bfdr_discoveries",0.05,5
20260817,5,500,15,3000,3000,3000,3000,"fast","control_informative",0.18,8,0.01,"","separate_mirage","trait1","bfdr_observed_fdp",0.1,0
20260817,5,500,15,3000,3000,3000,3000,"fast","control_informative",0.18,8,0.01,"","separate_mirage","trait1","bfdr_estimate",0.1,0.0748475400770868
20260817,5,500,15,3000,3000,3000,3000,"fast","control_informative",0.18,8,0.01,"","separate_mirage","trait1","bfdr_power",0.1,0.24
20260817,5,500,15,3000,3000,3000,3000,"fast","control_informative",0.18,8,0.01,"","separate_mirage","trait1","bfdr_discoveries",0.1,6
20260817,5,500,15,3000,3000,3000,3000,"fast","control_informative",0.18,8,0.01,"","separate_mirage","trait1","bfdr_observed_fdp",0.2,0
20260817,5,500,15,3000,3000,3000,3000,"fast","control_informative",0.18,8,0.01,"","separate_mirage","trait1","bfdr_estimate",0.2,0.191170348359139
20260817,5,500,15,3000,3000,3000,3000,"fast","control_informative",0.18,8,0.01,"","separate_mirage","trait1","bfdr_power",0.2,0.32
20260817,5,500,15,3000,3000,3000,3000,"fast","control_informative",0.18,8,0.01,"","separate_mirage","trait1","bfdr_discoveries",0.2,8
20260817,5,500,15,3000,3000,3000,3000,"fast","control_informative",0.18,8,0.01,"","separate_mirage","trait2","bfdr_observed_fdp",0.01,0
20260817,5,500,15,3000,3000,3000,3000,"fast","control_informative",0.18,8,0.01,"","separate_mirage","trait2","bfdr_estimate",0.01,0
20260817,5,500,15,3000,3000,3000,3000,"fast","control_informative",0.18,8,0.01,"","separate_mirage","trait2","bfdr_power",0.01,0
20260817,5,500,15,3000,3000,3000,3000,"fast","control_informative",0.18,8,0.01,"","separate_mirage","trait2","bfdr_discoveries",0.01,0
20260817,5,500,15,3000,3000,3000,3000,"fast","control_informative",0.18,8,0.01,"","separate_mirage","trait2","bfdr_observed_fdp",0.05,0
20260817,5,500,15,3000,3000,3000,3000,"fast","control_informative",0.18,8,0.01,"","separate_mirage","trait2","bfdr_estimate",0.05,0
20260817,5,500,15,3000,3000,3000,3000,"fast","control_informative",0.18,8,0.01,"","separate_mirage","trait2","bfdr_power",0.05,0
20260817,5,500,15,3000,3000,3000,3000,"fast","control_informative",0.18,8,0.01,"","separate_mirage","trait2","bfdr_discoveries",0.05,0
20260817,5,500,15,3000,3000,3000,3000,"fast","control_informative",0.18,8,0.01,"","separate_mirage","trait2","bfdr_observed_fdp",0.1,0
20260817,5,500,15,3000,3000,3000,3000,"fast","control_informative",0.18,8,0.01,"","separate_mirage","trait2","bfdr_estimate",0.1,0
20260817,5,500,15,3000,3000,3000,3000,"fast","control_informative",0.18,8,0.01,"","separate_mirage","trait2","bfdr_power",0.1,0
20260817,5,500,15,3000,3000,3000,3000,"fast","control_informative",0.18,8,0.01,"","separate_mirage","trait2","bfdr_discoveries",0.1,0
20260817,5,500,15,3000,3000,3000,3000,"fast","control_informative",0.18,8,0.01,"","separate_mirage","trait2","bfdr_observed_fdp",0.2,0
20260817,5,500,15,3000,3000,3000,3000,"fast","control_informative",0.18,8,0.01,"","separate_mirage","trait2","bfdr_estimate",0.2,0
20260817,5,500,15,3000,3000,3000,3000,"fast","control_informative",0.18,8,0.01,"","separate_mirage","trait2","bfdr_power",0.2,0
20260817,5,500,15,3000,3000,3000,3000,"fast","control_informative",0.18,8,0.01,"","separate_mirage","trait2","bfdr_discoveries",0.2,0
20260817,5,500,15,3000,3000,3000,3000,"fast","control_informative",0.18,8,0.01,"","separate_mirage","pleiotropy","bfdr_observed_fdp",0.01,0
20260817,5,500,15,3000,3000,3000,3000,"fast","control_informative",0.18,8,0.01,"","separate_mirage","pleiotropy","bfdr_estimate",0.01,0
20260817,5,500,15,3000,3000,3000,3000,"fast","control_informative",0.18,8,0.01,"","separate_mirage","pleiotropy","bfdr_power",0.01,0
20260817,5,500,15,3000,3000,3000,3000,"fast","control_informative",0.18,8,0.01,"","separate_mirage","pleiotropy","bfdr_discoveries",0.01,0
20260817,5,500,15,3000,3000,3000,3000,"fast","control_informative",0.18,8,0.01,"","separate_mirage","pleiotropy","bfdr_observed_fdp",0.05,0
20260817,5,500,15,3000,3000,3000,3000,"fast","control_informative",0.18,8,0.01,"","separate_mirage","pleiotropy","bfdr_estimate",0.05,0
20260817,5,500,15,3000,3000,3000,3000,"fast","control_informative",0.18,8,0.01,"","separate_mirage","pleiotropy","bfdr_power",0.05,0
20260817,5,500,15,3000,3000,3000,3000,"fast","control_informative",0.18,8,0.01,"","separate_mirage","pleiotropy","bfdr_discoveries",0.05,0
20260817,5,500,15,3000,3000,3000,3000,"fast","control_informative",0.18,8,0.01,"","separate_mirage","pleiotropy","bfdr_observed_fdp",0.1,0
20260817,5,500,15,3000,3000,3000,3000,"fast","control_informative",0.18,8,0.01,"","separate_mirage","pleiotropy","bfdr_estimate",0.1,0
20260817,5,500,15,3000,3000,3000,3000,"fast","control_informative",0.18,8,0.01,"","separate_mirage","pleiotropy","bfdr_power",0.1,0
20260817,5,500,15,3000,3000,3000,3000,"fast","control_informative",0.18,8,0.01,"","separate_mirage","pleiotropy","bfdr_discoveries",0.1,0
20260817,5,500,15,3000,3000,3000,3000,"fast","control_informative",0.18,8,0.01,"","separate_mirage","pleiotropy","bfdr_observed_fdp",0.2,0
20260817,5,500,15,3000,3000,3000,3000,"fast","control_informative",0.18,8,0.01,"","separate_mirage","pleiotropy","bfdr_estimate",0.2,0
20260817,5,500,15,3000,3000,3000,3000,"fast","control_informative",0.18,8,0.01,"","separate_mirage","pleiotropy","bfdr_power",0.2,0
20260817,5,500,15,3000,3000,3000,3000,"fast","control_informative",0.18,8,0.01,"","separate_mirage","pleiotropy","bfdr_discoveries",0.2,0
20260817,5,500,15,3000,3000,3000,3000,"fast","control_informative",0.18,8,0.01,"","separate_mirage","global","runtime_seconds",NA,18.41
20260817,5,500,15,3000,3000,3000,3000,"fast","control_informative",0.18,8,0.01,"","separate_mirage","pleiotropy","pi11_estimate",NA,0.001
20260817,5,500,15,3000,3000,3000,3000,"fast","control_informative",0.18,8,0.01,"","mtada_aggregated","trait1","auc",NA,0.659157894736842
20260817,5,500,15,3000,3000,3000,3000,"fast","control_informative",0.18,8,0.01,"","mtada_aggregated","trait2","auc",NA,0.470204081632653
20260817,5,500,15,3000,3000,3000,3000,"fast","control_informative",0.18,8,0.01,"","mtada_aggregated","pleiotropy","auc",NA,0.588282828282828
20260817,5,500,15,3000,3000,3000,3000,"fast","control_informative",0.18,8,0.01,"","mtada_aggregated","trait1","pp08_power",0.8,0.72
20260817,5,500,15,3000,3000,3000,3000,"fast","control_informative",0.18,8,0.01,"","mtada_aggregated","trait1","pp08_fdp",0.8,0.935251798561151
20260817,5,500,15,3000,3000,3000,3000,"fast","control_informative",0.18,8,0.01,"","mtada_aggregated","trait1","pp08_discoveries",0.8,278
20260817,5,500,15,3000,3000,3000,3000,"fast","control_informative",0.18,8,0.01,"","mtada_aggregated","trait2","pp08_power",0.8,0.5
20260817,5,500,15,3000,3000,3000,3000,"fast","control_informative",0.18,8,0.01,"","mtada_aggregated","trait2","pp08_fdp",0.8,0.980392156862745
20260817,5,500,15,3000,3000,3000,3000,"fast","control_informative",0.18,8,0.01,"","mtada_aggregated","trait2","pp08_discoveries",0.8,255
20260817,5,500,15,3000,3000,3000,3000,"fast","control_informative",0.18,8,0.01,"","mtada_aggregated","pleiotropy","pp08_power",0.8,0
20260817,5,500,15,3000,3000,3000,3000,"fast","control_informative",0.18,8,0.01,"","mtada_aggregated","pleiotropy","pp08_fdp",0.8,1
20260817,5,500,15,3000,3000,3000,3000,"fast","control_informative",0.18,8,0.01,"","mtada_aggregated","pleiotropy","pp08_discoveries",0.8,169
20260817,5,500,15,3000,3000,3000,3000,"fast","control_informative",0.18,8,0.01,"","mtada_aggregated","trait1","bfdr_observed_fdp",0.01,0.935018050541516
20260817,5,500,15,3000,3000,3000,3000,"fast","control_informative",0.18,8,0.01,"","mtada_aggregated","trait1","bfdr_estimate",0.01,0.00985917964916572
20260817,5,500,15,3000,3000,3000,3000,"fast","control_informative",0.18,8,0.01,"","mtada_aggregated","trait1","bfdr_power",0.01,0.72
20260817,5,500,15,3000,3000,3000,3000,"fast","control_informative",0.18,8,0.01,"","mtada_aggregated","trait1","bfdr_discoveries",0.01,277
20260817,5,500,15,3000,3000,3000,3000,"fast","control_informative",0.18,8,0.01,"","mtada_aggregated","trait1","bfdr_observed_fdp",0.05,0.935064935064935
20260817,5,500,15,3000,3000,3000,3000,"fast","control_informative",0.18,8,0.01,"","mtada_aggregated","trait1","bfdr_estimate",0.05,0.0493339461268739
20260817,5,500,15,3000,3000,3000,3000,"fast","control_informative",0.18,8,0.01,"","mtada_aggregated","trait1","bfdr_power",0.05,0.8
20260817,5,500,15,3000,3000,3000,3000,"fast","control_informative",0.18,8,0.01,"","mtada_aggregated","trait1","bfdr_discoveries",0.05,308
20260817,5,500,15,3000,3000,3000,3000,"fast","control_informative",0.18,8,0.01,"","mtada_aggregated","trait1","bfdr_observed_fdp",0.1,0.939759036144578
20260817,5,500,15,3000,3000,3000,3000,"fast","control_informative",0.18,8,0.01,"","mtada_aggregated","trait1","bfdr_estimate",0.1,0.0984788924704192
20260817,5,500,15,3000,3000,3000,3000,"fast","control_informative",0.18,8,0.01,"","mtada_aggregated","trait1","bfdr_power",0.1,0.8
20260817,5,500,15,3000,3000,3000,3000,"fast","control_informative",0.18,8,0.01,"","mtada_aggregated","trait1","bfdr_discoveries",0.1,332
20260817,5,500,15,3000,3000,3000,3000,"fast","control_informative",0.18,8,0.01,"","mtada_aggregated","trait1","bfdr_observed_fdp",0.2,0.939153439153439
20260817,5,500,15,3000,3000,3000,3000,"fast","control_informative",0.18,8,0.01,"","mtada_aggregated","trait1","bfdr_estimate",0.2,0.198189542104367
20260817,5,500,15,3000,3000,3000,3000,"fast","control_informative",0.18,8,0.01,"","mtada_aggregated","trait1","bfdr_power",0.2,0.92
20260817,5,500,15,3000,3000,3000,3000,"fast","control_informative",0.18,8,0.01,"","mtada_aggregated","trait1","bfdr_discoveries",0.2,378
20260817,5,500,15,3000,3000,3000,3000,"fast","control_informative",0.18,8,0.01,"","mtada_aggregated","trait2","bfdr_observed_fdp",0.01,0.980237154150198
20260817,5,500,15,3000,3000,3000,3000,"fast","control_informative",0.18,8,0.01,"","mtada_aggregated","trait2","bfdr_estimate",0.01,0.00974470208744184
20260817,5,500,15,3000,3000,3000,3000,"fast","control_informative",0.18,8,0.01,"","mtada_aggregated","trait2","bfdr_power",0.01,0.5
20260817,5,500,15,3000,3000,3000,3000,"fast","control_informative",0.18,8,0.01,"","mtada_aggregated","trait2","bfdr_discoveries",0.01,253
20260817,5,500,15,3000,3000,3000,3000,"fast","control_informative",0.18,8,0.01,"","mtada_aggregated","trait2","bfdr_observed_fdp",0.05,0.97508896797153
20260817,5,500,15,3000,3000,3000,3000,"fast","control_informative",0.18,8,0.01,"","mtada_aggregated","trait2","bfdr_estimate",0.05,0.0491895133226455
20260817,5,500,15,3000,3000,3000,3000,"fast","control_informative",0.18,8,0.01,"","mtada_aggregated","trait2","bfdr_power",0.05,0.7
20260817,5,500,15,3000,3000,3000,3000,"fast","control_informative",0.18,8,0.01,"","mtada_aggregated","trait2","bfdr_discoveries",0.05,281
20260817,5,500,15,3000,3000,3000,3000,"fast","control_informative",0.18,8,0.01,"","mtada_aggregated","trait2","bfdr_observed_fdp",0.1,0.97682119205298
20260817,5,500,15,3000,3000,3000,3000,"fast","control_informative",0.18,8,0.01,"","mtada_aggregated","trait2","bfdr_estimate",0.1,0.0988772370470706
20260817,5,500,15,3000,3000,3000,3000,"fast","control_informative",0.18,8,0.01,"","mtada_aggregated","trait2","bfdr_power",0.1,0.7
20260817,5,500,15,3000,3000,3000,3000,"fast","control_informative",0.18,8,0.01,"","mtada_aggregated","trait2","bfdr_discoveries",0.1,302
20260817,5,500,15,3000,3000,3000,3000,"fast","control_informative",0.18,8,0.01,"","mtada_aggregated","trait2","bfdr_observed_fdp",0.2,0.97667638483965
20260817,5,500,15,3000,3000,3000,3000,"fast","control_informative",0.18,8,0.01,"","mtada_aggregated","trait2","bfdr_estimate",0.2,0.197887216755941
20260817,5,500,15,3000,3000,3000,3000,"fast","control_informative",0.18,8,0.01,"","mtada_aggregated","trait2","bfdr_power",0.2,0.8
20260817,5,500,15,3000,3000,3000,3000,"fast","control_informative",0.18,8,0.01,"","mtada_aggregated","trait2","bfdr_discoveries",0.2,343
20260817,5,500,15,3000,3000,3000,3000,"fast","control_informative",0.18,8,0.01,"","mtada_aggregated","pleiotropy","bfdr_observed_fdp",0.01,1
20260817,5,500,15,3000,3000,3000,3000,"fast","control_informative",0.18,8,0.01,"","mtada_aggregated","pleiotropy","bfdr_estimate",0.01,0.00962817838406229
20260817,5,500,15,3000,3000,3000,3000,"fast","control_informative",0.18,8,0.01,"","mtada_aggregated","pleiotropy","bfdr_power",0.01,0
20260817,5,500,15,3000,3000,3000,3000,"fast","control_informative",0.18,8,0.01,"","mtada_aggregated","pleiotropy","bfdr_discoveries",0.01,155
20260817,5,500,15,3000,3000,3000,3000,"fast","control_informative",0.18,8,0.01,"","mtada_aggregated","pleiotropy","bfdr_observed_fdp",0.05,0.994652406417112
20260817,5,500,15,3000,3000,3000,3000,"fast","control_informative",0.18,8,0.01,"","mtada_aggregated","pleiotropy","bfdr_estimate",0.05,0.049498131887662
20260817,5,500,15,3000,3000,3000,3000,"fast","control_informative",0.18,8,0.01,"","mtada_aggregated","pleiotropy","bfdr_power",0.05,0.2
20260817,5,500,15,3000,3000,3000,3000,"fast","control_informative",0.18,8,0.01,"","mtada_aggregated","pleiotropy","bfdr_discoveries",0.05,187
20260817,5,500,15,3000,3000,3000,3000,"fast","control_informative",0.18,8,0.01,"","mtada_aggregated","pleiotropy","bfdr_observed_fdp",0.1,0.980952380952381
20260817,5,500,15,3000,3000,3000,3000,"fast","control_informative",0.18,8,0.01,"","mtada_aggregated","pleiotropy","bfdr_estimate",0.1,0.0993300434316488
20260817,5,500,15,3000,3000,3000,3000,"fast","control_informative",0.18,8,0.01,"","mtada_aggregated","pleiotropy","bfdr_power",0.1,0.8
20260817,5,500,15,3000,3000,3000,3000,"fast","control_informative",0.18,8,0.01,"","mtada_aggregated","pleiotropy","bfdr_discoveries",0.1,210
20260817,5,500,15,3000,3000,3000,3000,"fast","control_informative",0.18,8,0.01,"","mtada_aggregated","pleiotropy","bfdr_observed_fdp",0.2,0.983739837398374
20260817,5,500,15,3000,3000,3000,3000,"fast","control_informative",0.18,8,0.01,"","mtada_aggregated","pleiotropy","bfdr_estimate",0.2,0.198978633040035
20260817,5,500,15,3000,3000,3000,3000,"fast","control_informative",0.18,8,0.01,"","mtada_aggregated","pleiotropy","bfdr_power",0.2,0.8
20260817,5,500,15,3000,3000,3000,3000,"fast","control_informative",0.18,8,0.01,"","mtada_aggregated","pleiotropy","bfdr_discoveries",0.2,246
20260817,5,500,15,3000,3000,3000,3000,"fast","control_informative",0.18,8,0.01,"","mtada_aggregated","global","runtime_seconds",NA,0.721000000000004
20260817,5,500,15,3000,3000,3000,3000,"fast","control_informative",0.18,8,0.01,"","mtada_aggregated","pleiotropy","pi11_estimate",NA,0.00984269
20260818,6,500,15,3000,3000,3000,3000,"fast","control_informative",0.18,8,0.01,"","mirage_joint","trait1","auc",NA,0.7312
20260818,6,500,15,3000,3000,3000,3000,"fast","control_informative",0.18,8,0.01,"","mirage_joint","trait2","auc",NA,0.831224489795918
20260818,6,500,15,3000,3000,3000,3000,"fast","control_informative",0.18,8,0.01,"","mirage_joint","pleiotropy","auc",NA,0.920808080808081
20260818,6,500,15,3000,3000,3000,3000,"fast","control_informative",0.18,8,0.01,"","mirage_joint","trait1","pp08_power",0.8,0.08
20260818,6,500,15,3000,3000,3000,3000,"fast","control_informative",0.18,8,0.01,"","mirage_joint","trait1","pp08_fdp",0.8,0.333333333333333
20260818,6,500,15,3000,3000,3000,3000,"fast","control_informative",0.18,8,0.01,"","mirage_joint","trait1","pp08_discoveries",0.8,3
20260818,6,500,15,3000,3000,3000,3000,"fast","control_informative",0.18,8,0.01,"","mirage_joint","trait2","pp08_power",0.8,0.2
20260818,6,500,15,3000,3000,3000,3000,"fast","control_informative",0.18,8,0.01,"","mirage_joint","trait2","pp08_fdp",0.8,0
20260818,6,500,15,3000,3000,3000,3000,"fast","control_informative",0.18,8,0.01,"","mirage_joint","trait2","pp08_discoveries",0.8,2
20260818,6,500,15,3000,3000,3000,3000,"fast","control_informative",0.18,8,0.01,"","mirage_joint","pleiotropy","pp08_power",0.8,0
20260818,6,500,15,3000,3000,3000,3000,"fast","control_informative",0.18,8,0.01,"","mirage_joint","pleiotropy","pp08_fdp",0.8,0
20260818,6,500,15,3000,3000,3000,3000,"fast","control_informative",0.18,8,0.01,"","mirage_joint","pleiotropy","pp08_discoveries",0.8,0
20260818,6,500,15,3000,3000,3000,3000,"fast","control_informative",0.18,8,0.01,"","mirage_joint","trait1","bfdr_observed_fdp",0.01,0
20260818,6,500,15,3000,3000,3000,3000,"fast","control_informative",0.18,8,0.01,"","mirage_joint","trait1","bfdr_estimate",0.01,0.000104043047948421
20260818,6,500,15,3000,3000,3000,3000,"fast","control_informative",0.18,8,0.01,"","mirage_joint","trait1","bfdr_power",0.01,0.08
20260818,6,500,15,3000,3000,3000,3000,"fast","control_informative",0.18,8,0.01,"","mirage_joint","trait1","bfdr_discoveries",0.01,2
20260818,6,500,15,3000,3000,3000,3000,"fast","control_informative",0.18,8,0.01,"","mirage_joint","trait1","bfdr_observed_fdp",0.05,0
20260818,6,500,15,3000,3000,3000,3000,"fast","control_informative",0.18,8,0.01,"","mirage_joint","trait1","bfdr_estimate",0.05,0.000104043047948421
20260818,6,500,15,3000,3000,3000,3000,"fast","control_informative",0.18,8,0.01,"","mirage_joint","trait1","bfdr_power",0.05,0.08
20260818,6,500,15,3000,3000,3000,3000,"fast","control_informative",0.18,8,0.01,"","mirage_joint","trait1","bfdr_discoveries",0.05,2
20260818,6,500,15,3000,3000,3000,3000,"fast","control_informative",0.18,8,0.01,"","mirage_joint","trait1","bfdr_observed_fdp",0.1,0.333333333333333
20260818,6,500,15,3000,3000,3000,3000,"fast","control_informative",0.18,8,0.01,"","mirage_joint","trait1","bfdr_estimate",0.1,0.064881229623058
20260818,6,500,15,3000,3000,3000,3000,"fast","control_informative",0.18,8,0.01,"","mirage_joint","trait1","bfdr_power",0.1,0.08
20260818,6,500,15,3000,3000,3000,3000,"fast","control_informative",0.18,8,0.01,"","mirage_joint","trait1","bfdr_discoveries",0.1,3
20260818,6,500,15,3000,3000,3000,3000,"fast","control_informative",0.18,8,0.01,"","mirage_joint","trait1","bfdr_observed_fdp",0.2,0.25
20260818,6,500,15,3000,3000,3000,3000,"fast","control_informative",0.18,8,0.01,"","mirage_joint","trait1","bfdr_estimate",0.2,0.145982179549304
20260818,6,500,15,3000,3000,3000,3000,"fast","control_informative",0.18,8,0.01,"","mirage_joint","trait1","bfdr_power",0.2,0.12
20260818,6,500,15,3000,3000,3000,3000,"fast","control_informative",0.18,8,0.01,"","mirage_joint","trait1","bfdr_discoveries",0.2,4
20260818,6,500,15,3000,3000,3000,3000,"fast","control_informative",0.18,8,0.01,"","mirage_joint","trait2","bfdr_observed_fdp",0.01,0
20260818,6,500,15,3000,3000,3000,3000,"fast","control_informative",0.18,8,0.01,"","mirage_joint","trait2","bfdr_estimate",0.01,0.000542284025525919
20260818,6,500,15,3000,3000,3000,3000,"fast","control_informative",0.18,8,0.01,"","mirage_joint","trait2","bfdr_power",0.01,0.2
20260818,6,500,15,3000,3000,3000,3000,"fast","control_informative",0.18,8,0.01,"","mirage_joint","trait2","bfdr_discoveries",0.01,2
20260818,6,500,15,3000,3000,3000,3000,"fast","control_informative",0.18,8,0.01,"","mirage_joint","trait2","bfdr_observed_fdp",0.05,0
20260818,6,500,15,3000,3000,3000,3000,"fast","control_informative",0.18,8,0.01,"","mirage_joint","trait2","bfdr_estimate",0.05,0.000542284025525919
20260818,6,500,15,3000,3000,3000,3000,"fast","control_informative",0.18,8,0.01,"","mirage_joint","trait2","bfdr_power",0.05,0.2
20260818,6,500,15,3000,3000,3000,3000,"fast","control_informative",0.18,8,0.01,"","mirage_joint","trait2","bfdr_discoveries",0.05,2
20260818,6,500,15,3000,3000,3000,3000,"fast","control_informative",0.18,8,0.01,"","mirage_joint","trait2","bfdr_observed_fdp",0.1,0
20260818,6,500,15,3000,3000,3000,3000,"fast","control_informative",0.18,8,0.01,"","mirage_joint","trait2","bfdr_estimate",0.1,0.000542284025525919
20260818,6,500,15,3000,3000,3000,3000,"fast","control_informative",0.18,8,0.01,"","mirage_joint","trait2","bfdr_power",0.1,0.2
20260818,6,500,15,3000,3000,3000,3000,"fast","control_informative",0.18,8,0.01,"","mirage_joint","trait2","bfdr_discoveries",0.1,2
20260818,6,500,15,3000,3000,3000,3000,"fast","control_informative",0.18,8,0.01,"","mirage_joint","trait2","bfdr_observed_fdp",0.2,0.333333333333333
20260818,6,500,15,3000,3000,3000,3000,"fast","control_informative",0.18,8,0.01,"","mirage_joint","trait2","bfdr_estimate",0.2,0.193744661092868
20260818,6,500,15,3000,3000,3000,3000,"fast","control_informative",0.18,8,0.01,"","mirage_joint","trait2","bfdr_power",0.2,0.2
20260818,6,500,15,3000,3000,3000,3000,"fast","control_informative",0.18,8,0.01,"","mirage_joint","trait2","bfdr_discoveries",0.2,3
20260818,6,500,15,3000,3000,3000,3000,"fast","control_informative",0.18,8,0.01,"","mirage_joint","pleiotropy","bfdr_observed_fdp",0.01,0
20260818,6,500,15,3000,3000,3000,3000,"fast","control_informative",0.18,8,0.01,"","mirage_joint","pleiotropy","bfdr_estimate",0.01,0
20260818,6,500,15,3000,3000,3000,3000,"fast","control_informative",0.18,8,0.01,"","mirage_joint","pleiotropy","bfdr_power",0.01,0
20260818,6,500,15,3000,3000,3000,3000,"fast","control_informative",0.18,8,0.01,"","mirage_joint","pleiotropy","bfdr_discoveries",0.01,0
20260818,6,500,15,3000,3000,3000,3000,"fast","control_informative",0.18,8,0.01,"","mirage_joint","pleiotropy","bfdr_observed_fdp",0.05,0
20260818,6,500,15,3000,3000,3000,3000,"fast","control_informative",0.18,8,0.01,"","mirage_joint","pleiotropy","bfdr_estimate",0.05,0
20260818,6,500,15,3000,3000,3000,3000,"fast","control_informative",0.18,8,0.01,"","mirage_joint","pleiotropy","bfdr_power",0.05,0
20260818,6,500,15,3000,3000,3000,3000,"fast","control_informative",0.18,8,0.01,"","mirage_joint","pleiotropy","bfdr_discoveries",0.05,0
20260818,6,500,15,3000,3000,3000,3000,"fast","control_informative",0.18,8,0.01,"","mirage_joint","pleiotropy","bfdr_observed_fdp",0.1,0
20260818,6,500,15,3000,3000,3000,3000,"fast","control_informative",0.18,8,0.01,"","mirage_joint","pleiotropy","bfdr_estimate",0.1,0
20260818,6,500,15,3000,3000,3000,3000,"fast","control_informative",0.18,8,0.01,"","mirage_joint","pleiotropy","bfdr_power",0.1,0
20260818,6,500,15,3000,3000,3000,3000,"fast","control_informative",0.18,8,0.01,"","mirage_joint","pleiotropy","bfdr_discoveries",0.1,0
20260818,6,500,15,3000,3000,3000,3000,"fast","control_informative",0.18,8,0.01,"","mirage_joint","pleiotropy","bfdr_observed_fdp",0.2,0
20260818,6,500,15,3000,3000,3000,3000,"fast","control_informative",0.18,8,0.01,"","mirage_joint","pleiotropy","bfdr_estimate",0.2,0
20260818,6,500,15,3000,3000,3000,3000,"fast","control_informative",0.18,8,0.01,"","mirage_joint","pleiotropy","bfdr_power",0.2,0
20260818,6,500,15,3000,3000,3000,3000,"fast","control_informative",0.18,8,0.01,"","mirage_joint","pleiotropy","bfdr_discoveries",0.2,0
20260818,6,500,15,3000,3000,3000,3000,"fast","control_informative",0.18,8,0.01,"","mirage_joint","global","runtime_seconds",NA,18.501
20260818,6,500,15,3000,3000,3000,3000,"fast","control_informative",0.18,8,0.01,"","mirage_joint","pleiotropy","pi11_estimate",NA,0.0178612633544249
20260818,6,500,15,3000,3000,3000,3000,"fast","control_informative",0.18,8,0.01,"","separate_mirage","trait1","auc",NA,0.757726315789474
20260818,6,500,15,3000,3000,3000,3000,"fast","control_informative",0.18,8,0.01,"","separate_mirage","trait2","auc",NA,0.669387755102041
20260818,6,500,15,3000,3000,3000,3000,"fast","control_informative",0.18,8,0.01,"","separate_mirage","pleiotropy","auc",NA,0.907070707070707
20260818,6,500,15,3000,3000,3000,3000,"fast","control_informative",0.18,8,0.01,"","separate_mirage","trait1","pp08_power",0.8,0.08
20260818,6,500,15,3000,3000,3000,3000,"fast","control_informative",0.18,8,0.01,"","separate_mirage","trait1","pp08_fdp",0.8,0.333333333333333
20260818,6,500,15,3000,3000,3000,3000,"fast","control_informative",0.18,8,0.01,"","separate_mirage","trait1","pp08_discoveries",0.8,3
20260818,6,500,15,3000,3000,3000,3000,"fast","control_informative",0.18,8,0.01,"","separate_mirage","trait2","pp08_power",0.8,0.2
20260818,6,500,15,3000,3000,3000,3000,"fast","control_informative",0.18,8,0.01,"","separate_mirage","trait2","pp08_fdp",0.8,0
20260818,6,500,15,3000,3000,3000,3000,"fast","control_informative",0.18,8,0.01,"","separate_mirage","trait2","pp08_discoveries",0.8,2
20260818,6,500,15,3000,3000,3000,3000,"fast","control_informative",0.18,8,0.01,"","separate_mirage","pleiotropy","pp08_power",0.8,0
20260818,6,500,15,3000,3000,3000,3000,"fast","control_informative",0.18,8,0.01,"","separate_mirage","pleiotropy","pp08_fdp",0.8,0
20260818,6,500,15,3000,3000,3000,3000,"fast","control_informative",0.18,8,0.01,"","separate_mirage","pleiotropy","pp08_discoveries",0.8,0
20260818,6,500,15,3000,3000,3000,3000,"fast","control_informative",0.18,8,0.01,"","separate_mirage","trait1","bfdr_observed_fdp",0.01,0
20260818,6,500,15,3000,3000,3000,3000,"fast","control_informative",0.18,8,0.01,"","separate_mirage","trait1","bfdr_estimate",0.01,0.000110388065536871
20260818,6,500,15,3000,3000,3000,3000,"fast","control_informative",0.18,8,0.01,"","separate_mirage","trait1","bfdr_power",0.01,0.08
20260818,6,500,15,3000,3000,3000,3000,"fast","control_informative",0.18,8,0.01,"","separate_mirage","trait1","bfdr_discoveries",0.01,2
20260818,6,500,15,3000,3000,3000,3000,"fast","control_informative",0.18,8,0.01,"","separate_mirage","trait1","bfdr_observed_fdp",0.05,0
20260818,6,500,15,3000,3000,3000,3000,"fast","control_informative",0.18,8,0.01,"","separate_mirage","trait1","bfdr_estimate",0.05,0.000110388065536871
20260818,6,500,15,3000,3000,3000,3000,"fast","control_informative",0.18,8,0.01,"","separate_mirage","trait1","bfdr_power",0.05,0.08
20260818,6,500,15,3000,3000,3000,3000,"fast","control_informative",0.18,8,0.01,"","separate_mirage","trait1","bfdr_discoveries",0.05,2
20260818,6,500,15,3000,3000,3000,3000,"fast","control_informative",0.18,8,0.01,"","separate_mirage","trait1","bfdr_observed_fdp",0.1,0.333333333333333
20260818,6,500,15,3000,3000,3000,3000,"fast","control_informative",0.18,8,0.01,"","separate_mirage","trait1","bfdr_estimate",0.1,0.060979370655406
20260818,6,500,15,3000,3000,3000,3000,"fast","control_informative",0.18,8,0.01,"","separate_mirage","trait1","bfdr_power",0.1,0.08
20260818,6,500,15,3000,3000,3000,3000,"fast","control_informative",0.18,8,0.01,"","separate_mirage","trait1","bfdr_discoveries",0.1,3
20260818,6,500,15,3000,3000,3000,3000,"fast","control_informative",0.18,8,0.01,"","separate_mirage","trait1","bfdr_observed_fdp",0.2,0.25
20260818,6,500,15,3000,3000,3000,3000,"fast","control_informative",0.18,8,0.01,"","separate_mirage","trait1","bfdr_estimate",0.2,0.141468839253843
20260818,6,500,15,3000,3000,3000,3000,"fast","control_informative",0.18,8,0.01,"","separate_mirage","trait1","bfdr_power",0.2,0.12
20260818,6,500,15,3000,3000,3000,3000,"fast","control_informative",0.18,8,0.01,"","separate_mirage","trait1","bfdr_discoveries",0.2,4
20260818,6,500,15,3000,3000,3000,3000,"fast","control_informative",0.18,8,0.01,"","separate_mirage","trait2","bfdr_observed_fdp",0.01,0
20260818,6,500,15,3000,3000,3000,3000,"fast","control_informative",0.18,8,0.01,"","separate_mirage","trait2","bfdr_estimate",0.01,0.000550483245258304
20260818,6,500,15,3000,3000,3000,3000,"fast","control_informative",0.18,8,0.01,"","separate_mirage","trait2","bfdr_power",0.01,0.2
20260818,6,500,15,3000,3000,3000,3000,"fast","control_informative",0.18,8,0.01,"","separate_mirage","trait2","bfdr_discoveries",0.01,2
20260818,6,500,15,3000,3000,3000,3000,"fast","control_informative",0.18,8,0.01,"","separate_mirage","trait2","bfdr_observed_fdp",0.05,0
20260818,6,500,15,3000,3000,3000,3000,"fast","control_informative",0.18,8,0.01,"","separate_mirage","trait2","bfdr_estimate",0.05,0.000550483245258304
20260818,6,500,15,3000,3000,3000,3000,"fast","control_informative",0.18,8,0.01,"","separate_mirage","trait2","bfdr_power",0.05,0.2
20260818,6,500,15,3000,3000,3000,3000,"fast","control_informative",0.18,8,0.01,"","separate_mirage","trait2","bfdr_discoveries",0.05,2
20260818,6,500,15,3000,3000,3000,3000,"fast","control_informative",0.18,8,0.01,"","separate_mirage","trait2","bfdr_observed_fdp",0.1,0
20260818,6,500,15,3000,3000,3000,3000,"fast","control_informative",0.18,8,0.01,"","separate_mirage","trait2","bfdr_estimate",0.1,0.000550483245258304
20260818,6,500,15,3000,3000,3000,3000,"fast","control_informative",0.18,8,0.01,"","separate_mirage","trait2","bfdr_power",0.1,0.2
20260818,6,500,15,3000,3000,3000,3000,"fast","control_informative",0.18,8,0.01,"","separate_mirage","trait2","bfdr_discoveries",0.1,2
20260818,6,500,15,3000,3000,3000,3000,"fast","control_informative",0.18,8,0.01,"","separate_mirage","trait2","bfdr_observed_fdp",0.2,0
20260818,6,500,15,3000,3000,3000,3000,"fast","control_informative",0.18,8,0.01,"","separate_mirage","trait2","bfdr_estimate",0.2,0.000550483245258304
20260818,6,500,15,3000,3000,3000,3000,"fast","control_informative",0.18,8,0.01,"","separate_mirage","trait2","bfdr_power",0.2,0.2
20260818,6,500,15,3000,3000,3000,3000,"fast","control_informative",0.18,8,0.01,"","separate_mirage","trait2","bfdr_discoveries",0.2,2
20260818,6,500,15,3000,3000,3000,3000,"fast","control_informative",0.18,8,0.01,"","separate_mirage","pleiotropy","bfdr_observed_fdp",0.01,0
20260818,6,500,15,3000,3000,3000,3000,"fast","control_informative",0.18,8,0.01,"","separate_mirage","pleiotropy","bfdr_estimate",0.01,0
20260818,6,500,15,3000,3000,3000,3000,"fast","control_informative",0.18,8,0.01,"","separate_mirage","pleiotropy","bfdr_power",0.01,0
20260818,6,500,15,3000,3000,3000,3000,"fast","control_informative",0.18,8,0.01,"","separate_mirage","pleiotropy","bfdr_discoveries",0.01,0
20260818,6,500,15,3000,3000,3000,3000,"fast","control_informative",0.18,8,0.01,"","separate_mirage","pleiotropy","bfdr_observed_fdp",0.05,0
20260818,6,500,15,3000,3000,3000,3000,"fast","control_informative",0.18,8,0.01,"","separate_mirage","pleiotropy","bfdr_estimate",0.05,0
20260818,6,500,15,3000,3000,3000,3000,"fast","control_informative",0.18,8,0.01,"","separate_mirage","pleiotropy","bfdr_power",0.05,0
20260818,6,500,15,3000,3000,3000,3000,"fast","control_informative",0.18,8,0.01,"","separate_mirage","pleiotropy","bfdr_discoveries",0.05,0
20260818,6,500,15,3000,3000,3000,3000,"fast","control_informative",0.18,8,0.01,"","separate_mirage","pleiotropy","bfdr_observed_fdp",0.1,0
20260818,6,500,15,3000,3000,3000,3000,"fast","control_informative",0.18,8,0.01,"","separate_mirage","pleiotropy","bfdr_estimate",0.1,0
20260818,6,500,15,3000,3000,3000,3000,"fast","control_informative",0.18,8,0.01,"","separate_mirage","pleiotropy","bfdr_power",0.1,0
20260818,6,500,15,3000,3000,3000,3000,"fast","control_informative",0.18,8,0.01,"","separate_mirage","pleiotropy","bfdr_discoveries",0.1,0
20260818,6,500,15,3000,3000,3000,3000,"fast","control_informative",0.18,8,0.01,"","separate_mirage","pleiotropy","bfdr_observed_fdp",0.2,0
20260818,6,500,15,3000,3000,3000,3000,"fast","control_informative",0.18,8,0.01,"","separate_mirage","pleiotropy","bfdr_estimate",0.2,0
20260818,6,500,15,3000,3000,3000,3000,"fast","control_informative",0.18,8,0.01,"","separate_mirage","pleiotropy","bfdr_power",0.2,0
20260818,6,500,15,3000,3000,3000,3000,"fast","control_informative",0.18,8,0.01,"","separate_mirage","pleiotropy","bfdr_discoveries",0.2,0
20260818,6,500,15,3000,3000,3000,3000,"fast","control_informative",0.18,8,0.01,"","separate_mirage","global","runtime_seconds",NA,18.401
20260818,6,500,15,3000,3000,3000,3000,"fast","control_informative",0.18,8,0.01,"","separate_mirage","pleiotropy","pi11_estimate",NA,0.001
20260818,6,500,15,3000,3000,3000,3000,"fast","control_informative",0.18,8,0.01,"","mtada_aggregated","trait1","auc",NA,0.581978947368421
20260818,6,500,15,3000,3000,3000,3000,"fast","control_informative",0.18,8,0.01,"","mtada_aggregated","trait2","auc",NA,0.674285714285714
20260818,6,500,15,3000,3000,3000,3000,"fast","control_informative",0.18,8,0.01,"","mtada_aggregated","pleiotropy","auc",NA,0.798787878787879
20260818,6,500,15,3000,3000,3000,3000,"fast","control_informative",0.18,8,0.01,"","mtada_aggregated","trait1","pp08_power",0.8,0.56
20260818,6,500,15,3000,3000,3000,3000,"fast","control_informative",0.18,8,0.01,"","mtada_aggregated","trait1","pp08_fdp",0.8,0.942857142857143
20260818,6,500,15,3000,3000,3000,3000,"fast","control_informative",0.18,8,0.01,"","mtada_aggregated","trait1","pp08_discoveries",0.8,245
20260818,6,500,15,3000,3000,3000,3000,"fast","control_informative",0.18,8,0.01,"","mtada_aggregated","trait2","pp08_power",0.8,0.7
20260818,6,500,15,3000,3000,3000,3000,"fast","control_informative",0.18,8,0.01,"","mtada_aggregated","trait2","pp08_fdp",0.8,0.969026548672566
20260818,6,500,15,3000,3000,3000,3000,"fast","control_informative",0.18,8,0.01,"","mtada_aggregated","trait2","pp08_discoveries",0.8,226
20260818,6,500,15,3000,3000,3000,3000,"fast","control_informative",0.18,8,0.01,"","mtada_aggregated","pleiotropy","pp08_power",0.8,0.8
20260818,6,500,15,3000,3000,3000,3000,"fast","control_informative",0.18,8,0.01,"","mtada_aggregated","pleiotropy","pp08_fdp",0.8,0.969230769230769
20260818,6,500,15,3000,3000,3000,3000,"fast","control_informative",0.18,8,0.01,"","mtada_aggregated","pleiotropy","pp08_discoveries",0.8,130
20260818,6,500,15,3000,3000,3000,3000,"fast","control_informative",0.18,8,0.01,"","mtada_aggregated","trait1","bfdr_observed_fdp",0.01,0.943089430894309
20260818,6,500,15,3000,3000,3000,3000,"fast","control_informative",0.18,8,0.01,"","mtada_aggregated","trait1","bfdr_estimate",0.01,0.00964455568264899
20260818,6,500,15,3000,3000,3000,3000,"fast","control_informative",0.18,8,0.01,"","mtada_aggregated","trait1","bfdr_power",0.01,0.56
20260818,6,500,15,3000,3000,3000,3000,"fast","control_informative",0.18,8,0.01,"","mtada_aggregated","trait1","bfdr_discoveries",0.01,246
20260818,6,500,15,3000,3000,3000,3000,"fast","control_informative",0.18,8,0.01,"","mtada_aggregated","trait1","bfdr_observed_fdp",0.05,0.937956204379562
20260818,6,500,15,3000,3000,3000,3000,"fast","control_informative",0.18,8,0.01,"","mtada_aggregated","trait1","bfdr_estimate",0.05,0.0490073100903182
20260818,6,500,15,3000,3000,3000,3000,"fast","control_informative",0.18,8,0.01,"","mtada_aggregated","trait1","bfdr_power",0.05,0.68
20260818,6,500,15,3000,3000,3000,3000,"fast","control_informative",0.18,8,0.01,"","mtada_aggregated","trait1","bfdr_discoveries",0.05,274
20260818,6,500,15,3000,3000,3000,3000,"fast","control_informative",0.18,8,0.01,"","mtada_aggregated","trait1","bfdr_observed_fdp",0.1,0.936026936026936
20260818,6,500,15,3000,3000,3000,3000,"fast","control_informative",0.18,8,0.01,"","mtada_aggregated","trait1","bfdr_estimate",0.1,0.0982398368953323
20260818,6,500,15,3000,3000,3000,3000,"fast","control_informative",0.18,8,0.01,"","mtada_aggregated","trait1","bfdr_power",0.1,0.76
20260818,6,500,15,3000,3000,3000,3000,"fast","control_informative",0.18,8,0.01,"","mtada_aggregated","trait1","bfdr_discoveries",0.1,297
20260818,6,500,15,3000,3000,3000,3000,"fast","control_informative",0.18,8,0.01,"","mtada_aggregated","trait1","bfdr_observed_fdp",0.2,0.944281524926686
20260818,6,500,15,3000,3000,3000,3000,"fast","control_informative",0.18,8,0.01,"","mtada_aggregated","trait1","bfdr_estimate",0.2,0.198474961686471
20260818,6,500,15,3000,3000,3000,3000,"fast","control_informative",0.18,8,0.01,"","mtada_aggregated","trait1","bfdr_power",0.2,0.76
20260818,6,500,15,3000,3000,3000,3000,"fast","control_informative",0.18,8,0.01,"","mtada_aggregated","trait1","bfdr_discoveries",0.2,341
20260818,6,500,15,3000,3000,3000,3000,"fast","control_informative",0.18,8,0.01,"","mtada_aggregated","trait2","bfdr_observed_fdp",0.01,0.96875
20260818,6,500,15,3000,3000,3000,3000,"fast","control_informative",0.18,8,0.01,"","mtada_aggregated","trait2","bfdr_estimate",0.01,0.00948085245856608
20260818,6,500,15,3000,3000,3000,3000,"fast","control_informative",0.18,8,0.01,"","mtada_aggregated","trait2","bfdr_power",0.01,0.7
20260818,6,500,15,3000,3000,3000,3000,"fast","control_informative",0.18,8,0.01,"","mtada_aggregated","trait2","bfdr_discoveries",0.01,224
20260818,6,500,15,3000,3000,3000,3000,"fast","control_informative",0.18,8,0.01,"","mtada_aggregated","trait2","bfdr_observed_fdp",0.05,0.97265625
20260818,6,500,15,3000,3000,3000,3000,"fast","control_informative",0.18,8,0.01,"","mtada_aggregated","trait2","bfdr_estimate",0.05,0.049375116351036
20260818,6,500,15,3000,3000,3000,3000,"fast","control_informative",0.18,8,0.01,"","mtada_aggregated","trait2","bfdr_power",0.05,0.7
20260818,6,500,15,3000,3000,3000,3000,"fast","control_informative",0.18,8,0.01,"","mtada_aggregated","trait2","bfdr_discoveries",0.05,256
20260818,6,500,15,3000,3000,3000,3000,"fast","control_informative",0.18,8,0.01,"","mtada_aggregated","trait2","bfdr_observed_fdp",0.1,0.974910394265233
20260818,6,500,15,3000,3000,3000,3000,"fast","control_informative",0.18,8,0.01,"","mtada_aggregated","trait2","bfdr_estimate",0.1,0.0977069361335088
20260818,6,500,15,3000,3000,3000,3000,"fast","control_informative",0.18,8,0.01,"","mtada_aggregated","trait2","bfdr_power",0.1,0.7
20260818,6,500,15,3000,3000,3000,3000,"fast","control_informative",0.18,8,0.01,"","mtada_aggregated","trait2","bfdr_discoveries",0.1,279
20260818,6,500,15,3000,3000,3000,3000,"fast","control_informative",0.18,8,0.01,"","mtada_aggregated","trait2","bfdr_observed_fdp",0.2,0.978125
20260818,6,500,15,3000,3000,3000,3000,"fast","control_informative",0.18,8,0.01,"","mtada_aggregated","trait2","bfdr_estimate",0.2,0.198532657649515
20260818,6,500,15,3000,3000,3000,3000,"fast","control_informative",0.18,8,0.01,"","mtada_aggregated","trait2","bfdr_power",0.2,0.7
20260818,6,500,15,3000,3000,3000,3000,"fast","control_informative",0.18,8,0.01,"","mtada_aggregated","trait2","bfdr_discoveries",0.2,320
20260818,6,500,15,3000,3000,3000,3000,"fast","control_informative",0.18,8,0.01,"","mtada_aggregated","pleiotropy","bfdr_observed_fdp",0.01,0.967479674796748
20260818,6,500,15,3000,3000,3000,3000,"fast","control_informative",0.18,8,0.01,"","mtada_aggregated","pleiotropy","bfdr_estimate",0.01,0.00947460272695619
20260818,6,500,15,3000,3000,3000,3000,"fast","control_informative",0.18,8,0.01,"","mtada_aggregated","pleiotropy","bfdr_power",0.01,0.8
20260818,6,500,15,3000,3000,3000,3000,"fast","control_informative",0.18,8,0.01,"","mtada_aggregated","pleiotropy","bfdr_discoveries",0.01,123
20260818,6,500,15,3000,3000,3000,3000,"fast","control_informative",0.18,8,0.01,"","mtada_aggregated","pleiotropy","bfdr_observed_fdp",0.05,0.973154362416107
20260818,6,500,15,3000,3000,3000,3000,"fast","control_informative",0.18,8,0.01,"","mtada_aggregated","pleiotropy","bfdr_estimate",0.05,0.0489991812546158
20260818,6,500,15,3000,3000,3000,3000,"fast","control_informative",0.18,8,0.01,"","mtada_aggregated","pleiotropy","bfdr_power",0.05,0.8
20260818,6,500,15,3000,3000,3000,3000,"fast","control_informative",0.18,8,0.01,"","mtada_aggregated","pleiotropy","bfdr_discoveries",0.05,149
20260818,6,500,15,3000,3000,3000,3000,"fast","control_informative",0.18,8,0.01,"","mtada_aggregated","pleiotropy","bfdr_observed_fdp",0.1,0.976331360946746
20260818,6,500,15,3000,3000,3000,3000,"fast","control_informative",0.18,8,0.01,"","mtada_aggregated","pleiotropy","bfdr_estimate",0.1,0.0977904536986603
20260818,6,500,15,3000,3000,3000,3000,"fast","control_informative",0.18,8,0.01,"","mtada_aggregated","pleiotropy","bfdr_power",0.1,0.8
20260818,6,500,15,3000,3000,3000,3000,"fast","control_informative",0.18,8,0.01,"","mtada_aggregated","pleiotropy","bfdr_discoveries",0.1,169
20260818,6,500,15,3000,3000,3000,3000,"fast","control_informative",0.18,8,0.01,"","mtada_aggregated","pleiotropy","bfdr_observed_fdp",0.2,0.980099502487562
20260818,6,500,15,3000,3000,3000,3000,"fast","control_informative",0.18,8,0.01,"","mtada_aggregated","pleiotropy","bfdr_estimate",0.2,0.196965292081686
20260818,6,500,15,3000,3000,3000,3000,"fast","control_informative",0.18,8,0.01,"","mtada_aggregated","pleiotropy","bfdr_power",0.2,0.8
20260818,6,500,15,3000,3000,3000,3000,"fast","control_informative",0.18,8,0.01,"","mtada_aggregated","pleiotropy","bfdr_discoveries",0.2,201
20260818,6,500,15,3000,3000,3000,3000,"fast","control_informative",0.18,8,0.01,"","mtada_aggregated","global","runtime_seconds",NA,0.720999999999975
20260818,6,500,15,3000,3000,3000,3000,"fast","control_informative",0.18,8,0.01,"","mtada_aggregated","pleiotropy","pi11_estimate",NA,0.00821343
20260819,7,500,15,3000,3000,3000,3000,"fast","control_informative",0.18,8,0.01,"","mirage_joint","trait1","auc",NA,0.761852631578947
20260819,7,500,15,3000,3000,3000,3000,"fast","control_informative",0.18,8,0.01,"","mirage_joint","trait2","auc",NA,0.799183673469388
20260819,7,500,15,3000,3000,3000,3000,"fast","control_informative",0.18,8,0.01,"","mirage_joint","pleiotropy","auc",NA,0.860606060606061
20260819,7,500,15,3000,3000,3000,3000,"fast","control_informative",0.18,8,0.01,"","mirage_joint","trait1","pp08_power",0.8,0.2
20260819,7,500,15,3000,3000,3000,3000,"fast","control_informative",0.18,8,0.01,"","mirage_joint","trait1","pp08_fdp",0.8,0.166666666666667
20260819,7,500,15,3000,3000,3000,3000,"fast","control_informative",0.18,8,0.01,"","mirage_joint","trait1","pp08_discoveries",0.8,6
20260819,7,500,15,3000,3000,3000,3000,"fast","control_informative",0.18,8,0.01,"","mirage_joint","trait2","pp08_power",0.8,0.1
20260819,7,500,15,3000,3000,3000,3000,"fast","control_informative",0.18,8,0.01,"","mirage_joint","trait2","pp08_fdp",0.8,0
20260819,7,500,15,3000,3000,3000,3000,"fast","control_informative",0.18,8,0.01,"","mirage_joint","trait2","pp08_discoveries",0.8,1
20260819,7,500,15,3000,3000,3000,3000,"fast","control_informative",0.18,8,0.01,"","mirage_joint","pleiotropy","pp08_power",0.8,0
20260819,7,500,15,3000,3000,3000,3000,"fast","control_informative",0.18,8,0.01,"","mirage_joint","pleiotropy","pp08_fdp",0.8,0
20260819,7,500,15,3000,3000,3000,3000,"fast","control_informative",0.18,8,0.01,"","mirage_joint","pleiotropy","pp08_discoveries",0.8,0
20260819,7,500,15,3000,3000,3000,3000,"fast","control_informative",0.18,8,0.01,"","mirage_joint","trait1","bfdr_observed_fdp",0.01,0
20260819,7,500,15,3000,3000,3000,3000,"fast","control_informative",0.18,8,0.01,"","mirage_joint","trait1","bfdr_estimate",0.01,0.00802572679785489
20260819,7,500,15,3000,3000,3000,3000,"fast","control_informative",0.18,8,0.01,"","mirage_joint","trait1","bfdr_power",0.01,0.2
20260819,7,500,15,3000,3000,3000,3000,"fast","control_informative",0.18,8,0.01,"","mirage_joint","trait1","bfdr_discoveries",0.01,5
20260819,7,500,15,3000,3000,3000,3000,"fast","control_informative",0.18,8,0.01,"","mirage_joint","trait1","bfdr_observed_fdp",0.05,0.166666666666667
20260819,7,500,15,3000,3000,3000,3000,"fast","control_informative",0.18,8,0.01,"","mirage_joint","trait1","bfdr_estimate",0.05,0.0353115186326788
20260819,7,500,15,3000,3000,3000,3000,"fast","control_informative",0.18,8,0.01,"","mirage_joint","trait1","bfdr_power",0.05,0.2
20260819,7,500,15,3000,3000,3000,3000,"fast","control_informative",0.18,8,0.01,"","mirage_joint","trait1","bfdr_discoveries",0.05,6
20260819,7,500,15,3000,3000,3000,3000,"fast","control_informative",0.18,8,0.01,"","mirage_joint","trait1","bfdr_observed_fdp",0.1,0.125
20260819,7,500,15,3000,3000,3000,3000,"fast","control_informative",0.18,8,0.01,"","mirage_joint","trait1","bfdr_estimate",0.1,0.0819489368261949
20260819,7,500,15,3000,3000,3000,3000,"fast","control_informative",0.18,8,0.01,"","mirage_joint","trait1","bfdr_power",0.1,0.28
20260819,7,500,15,3000,3000,3000,3000,"fast","control_informative",0.18,8,0.01,"","mirage_joint","trait1","bfdr_discoveries",0.1,8
20260819,7,500,15,3000,3000,3000,3000,"fast","control_informative",0.18,8,0.01,"","mirage_joint","trait1","bfdr_observed_fdp",0.2,0.363636363636364
20260819,7,500,15,3000,3000,3000,3000,"fast","control_informative",0.18,8,0.01,"","mirage_joint","trait1","bfdr_estimate",0.2,0.178125872646001
20260819,7,500,15,3000,3000,3000,3000,"fast","control_informative",0.18,8,0.01,"","mirage_joint","trait1","bfdr_power",0.2,0.28
20260819,7,500,15,3000,3000,3000,3000,"fast","control_informative",0.18,8,0.01,"","mirage_joint","trait1","bfdr_discoveries",0.2,11
20260819,7,500,15,3000,3000,3000,3000,"fast","control_informative",0.18,8,0.01,"","mirage_joint","trait2","bfdr_observed_fdp",0.01,0
20260819,7,500,15,3000,3000,3000,3000,"fast","control_informative",0.18,8,0.01,"","mirage_joint","trait2","bfdr_estimate",0.01,7.81698143326182e-07
20260819,7,500,15,3000,3000,3000,3000,"fast","control_informative",0.18,8,0.01,"","mirage_joint","trait2","bfdr_power",0.01,0.1
20260819,7,500,15,3000,3000,3000,3000,"fast","control_informative",0.18,8,0.01,"","mirage_joint","trait2","bfdr_discoveries",0.01,1
20260819,7,500,15,3000,3000,3000,3000,"fast","control_informative",0.18,8,0.01,"","mirage_joint","trait2","bfdr_observed_fdp",0.05,0
20260819,7,500,15,3000,3000,3000,3000,"fast","control_informative",0.18,8,0.01,"","mirage_joint","trait2","bfdr_estimate",0.05,7.81698143326182e-07
20260819,7,500,15,3000,3000,3000,3000,"fast","control_informative",0.18,8,0.01,"","mirage_joint","trait2","bfdr_power",0.05,0.1
20260819,7,500,15,3000,3000,3000,3000,"fast","control_informative",0.18,8,0.01,"","mirage_joint","trait2","bfdr_discoveries",0.05,1
20260819,7,500,15,3000,3000,3000,3000,"fast","control_informative",0.18,8,0.01,"","mirage_joint","trait2","bfdr_observed_fdp",0.1,0
20260819,7,500,15,3000,3000,3000,3000,"fast","control_informative",0.18,8,0.01,"","mirage_joint","trait2","bfdr_estimate",0.1,7.81698143326182e-07
20260819,7,500,15,3000,3000,3000,3000,"fast","control_informative",0.18,8,0.01,"","mirage_joint","trait2","bfdr_power",0.1,0.1
20260819,7,500,15,3000,3000,3000,3000,"fast","control_informative",0.18,8,0.01,"","mirage_joint","trait2","bfdr_discoveries",0.1,1
20260819,7,500,15,3000,3000,3000,3000,"fast","control_informative",0.18,8,0.01,"","mirage_joint","trait2","bfdr_observed_fdp",0.2,0.333333333333333
20260819,7,500,15,3000,3000,3000,3000,"fast","control_informative",0.18,8,0.01,"","mirage_joint","trait2","bfdr_estimate",0.2,0.181177943070149
20260819,7,500,15,3000,3000,3000,3000,"fast","control_informative",0.18,8,0.01,"","mirage_joint","trait2","bfdr_power",0.2,0.2
20260819,7,500,15,3000,3000,3000,3000,"fast","control_informative",0.18,8,0.01,"","mirage_joint","trait2","bfdr_discoveries",0.2,3
20260819,7,500,15,3000,3000,3000,3000,"fast","control_informative",0.18,8,0.01,"","mirage_joint","pleiotropy","bfdr_observed_fdp",0.01,0
20260819,7,500,15,3000,3000,3000,3000,"fast","control_informative",0.18,8,0.01,"","mirage_joint","pleiotropy","bfdr_estimate",0.01,0
20260819,7,500,15,3000,3000,3000,3000,"fast","control_informative",0.18,8,0.01,"","mirage_joint","pleiotropy","bfdr_power",0.01,0
20260819,7,500,15,3000,3000,3000,3000,"fast","control_informative",0.18,8,0.01,"","mirage_joint","pleiotropy","bfdr_discoveries",0.01,0
20260819,7,500,15,3000,3000,3000,3000,"fast","control_informative",0.18,8,0.01,"","mirage_joint","pleiotropy","bfdr_observed_fdp",0.05,0
20260819,7,500,15,3000,3000,3000,3000,"fast","control_informative",0.18,8,0.01,"","mirage_joint","pleiotropy","bfdr_estimate",0.05,0
20260819,7,500,15,3000,3000,3000,3000,"fast","control_informative",0.18,8,0.01,"","mirage_joint","pleiotropy","bfdr_power",0.05,0
20260819,7,500,15,3000,3000,3000,3000,"fast","control_informative",0.18,8,0.01,"","mirage_joint","pleiotropy","bfdr_discoveries",0.05,0
20260819,7,500,15,3000,3000,3000,3000,"fast","control_informative",0.18,8,0.01,"","mirage_joint","pleiotropy","bfdr_observed_fdp",0.1,0
20260819,7,500,15,3000,3000,3000,3000,"fast","control_informative",0.18,8,0.01,"","mirage_joint","pleiotropy","bfdr_estimate",0.1,0
20260819,7,500,15,3000,3000,3000,3000,"fast","control_informative",0.18,8,0.01,"","mirage_joint","pleiotropy","bfdr_power",0.1,0
20260819,7,500,15,3000,3000,3000,3000,"fast","control_informative",0.18,8,0.01,"","mirage_joint","pleiotropy","bfdr_discoveries",0.1,0
20260819,7,500,15,3000,3000,3000,3000,"fast","control_informative",0.18,8,0.01,"","mirage_joint","pleiotropy","bfdr_observed_fdp",0.2,0
20260819,7,500,15,3000,3000,3000,3000,"fast","control_informative",0.18,8,0.01,"","mirage_joint","pleiotropy","bfdr_estimate",0.2,0
20260819,7,500,15,3000,3000,3000,3000,"fast","control_informative",0.18,8,0.01,"","mirage_joint","pleiotropy","bfdr_power",0.2,0
20260819,7,500,15,3000,3000,3000,3000,"fast","control_informative",0.18,8,0.01,"","mirage_joint","pleiotropy","bfdr_discoveries",0.2,0
20260819,7,500,15,3000,3000,3000,3000,"fast","control_informative",0.18,8,0.01,"","mirage_joint","global","runtime_seconds",NA,18.486
20260819,7,500,15,3000,3000,3000,3000,"fast","control_informative",0.18,8,0.01,"","mirage_joint","pleiotropy","pi11_estimate",NA,0.0538748543723361
20260819,7,500,15,3000,3000,3000,3000,"fast","control_informative",0.18,8,0.01,"","separate_mirage","trait1","auc",NA,0.763284210526316
20260819,7,500,15,3000,3000,3000,3000,"fast","control_informative",0.18,8,0.01,"","separate_mirage","trait2","auc",NA,0.862857142857143
20260819,7,500,15,3000,3000,3000,3000,"fast","control_informative",0.18,8,0.01,"","separate_mirage","pleiotropy","auc",NA,0.846060606060606
20260819,7,500,15,3000,3000,3000,3000,"fast","control_informative",0.18,8,0.01,"","separate_mirage","trait1","pp08_power",0.8,0.2
20260819,7,500,15,3000,3000,3000,3000,"fast","control_informative",0.18,8,0.01,"","separate_mirage","trait1","pp08_fdp",0.8,0
20260819,7,500,15,3000,3000,3000,3000,"fast","control_informative",0.18,8,0.01,"","separate_mirage","trait1","pp08_discoveries",0.8,5
20260819,7,500,15,3000,3000,3000,3000,"fast","control_informative",0.18,8,0.01,"","separate_mirage","trait2","pp08_power",0.8,0.1
20260819,7,500,15,3000,3000,3000,3000,"fast","control_informative",0.18,8,0.01,"","separate_mirage","trait2","pp08_fdp",0.8,0
20260819,7,500,15,3000,3000,3000,3000,"fast","control_informative",0.18,8,0.01,"","separate_mirage","trait2","pp08_discoveries",0.8,1
20260819,7,500,15,3000,3000,3000,3000,"fast","control_informative",0.18,8,0.01,"","separate_mirage","pleiotropy","pp08_power",0.8,0
20260819,7,500,15,3000,3000,3000,3000,"fast","control_informative",0.18,8,0.01,"","separate_mirage","pleiotropy","pp08_fdp",0.8,0
20260819,7,500,15,3000,3000,3000,3000,"fast","control_informative",0.18,8,0.01,"","separate_mirage","pleiotropy","pp08_discoveries",0.8,0
20260819,7,500,15,3000,3000,3000,3000,"fast","control_informative",0.18,8,0.01,"","separate_mirage","trait1","bfdr_observed_fdp",0.01,0
20260819,7,500,15,3000,3000,3000,3000,"fast","control_informative",0.18,8,0.01,"","separate_mirage","trait1","bfdr_estimate",0.01,0.00969270480368165
20260819,7,500,15,3000,3000,3000,3000,"fast","control_informative",0.18,8,0.01,"","separate_mirage","trait1","bfdr_power",0.01,0.2
20260819,7,500,15,3000,3000,3000,3000,"fast","control_informative",0.18,8,0.01,"","separate_mirage","trait1","bfdr_discoveries",0.01,5
20260819,7,500,15,3000,3000,3000,3000,"fast","control_informative",0.18,8,0.01,"","separate_mirage","trait1","bfdr_observed_fdp",0.05,0
20260819,7,500,15,3000,3000,3000,3000,"fast","control_informative",0.18,8,0.01,"","separate_mirage","trait1","bfdr_estimate",0.05,0.0448649858502216
20260819,7,500,15,3000,3000,3000,3000,"fast","control_informative",0.18,8,0.01,"","separate_mirage","trait1","bfdr_power",0.05,0.24
20260819,7,500,15,3000,3000,3000,3000,"fast","control_informative",0.18,8,0.01,"","separate_mirage","trait1","bfdr_discoveries",0.05,6
20260819,7,500,15,3000,3000,3000,3000,"fast","control_informative",0.18,8,0.01,"","separate_mirage","trait1","bfdr_observed_fdp",0.1,0.142857142857143
20260819,7,500,15,3000,3000,3000,3000,"fast","control_informative",0.18,8,0.01,"","separate_mirage","trait1","bfdr_estimate",0.1,0.072747925595713
20260819,7,500,15,3000,3000,3000,3000,"fast","control_informative",0.18,8,0.01,"","separate_mirage","trait1","bfdr_power",0.1,0.24
20260819,7,500,15,3000,3000,3000,3000,"fast","control_informative",0.18,8,0.01,"","separate_mirage","trait1","bfdr_discoveries",0.1,7
20260819,7,500,15,3000,3000,3000,3000,"fast","control_informative",0.18,8,0.01,"","separate_mirage","trait1","bfdr_observed_fdp",0.2,0.125
20260819,7,500,15,3000,3000,3000,3000,"fast","control_informative",0.18,8,0.01,"","separate_mirage","trait1","bfdr_estimate",0.2,0.147052793707239
20260819,7,500,15,3000,3000,3000,3000,"fast","control_informative",0.18,8,0.01,"","separate_mirage","trait1","bfdr_power",0.2,0.28
20260819,7,500,15,3000,3000,3000,3000,"fast","control_informative",0.18,8,0.01,"","separate_mirage","trait1","bfdr_discoveries",0.2,8
20260819,7,500,15,3000,3000,3000,3000,"fast","control_informative",0.18,8,0.01,"","separate_mirage","trait2","bfdr_observed_fdp",0.01,0
20260819,7,500,15,3000,3000,3000,3000,"fast","control_informative",0.18,8,0.01,"","separate_mirage","trait2","bfdr_estimate",0.01,8.91429748239858e-07
20260819,7,500,15,3000,3000,3000,3000,"fast","control_informative",0.18,8,0.01,"","separate_mirage","trait2","bfdr_power",0.01,0.1
20260819,7,500,15,3000,3000,3000,3000,"fast","control_informative",0.18,8,0.01,"","separate_mirage","trait2","bfdr_discoveries",0.01,1
20260819,7,500,15,3000,3000,3000,3000,"fast","control_informative",0.18,8,0.01,"","separate_mirage","trait2","bfdr_observed_fdp",0.05,0
20260819,7,500,15,3000,3000,3000,3000,"fast","control_informative",0.18,8,0.01,"","separate_mirage","trait2","bfdr_estimate",0.05,8.91429748239858e-07
20260819,7,500,15,3000,3000,3000,3000,"fast","control_informative",0.18,8,0.01,"","separate_mirage","trait2","bfdr_power",0.05,0.1
20260819,7,500,15,3000,3000,3000,3000,"fast","control_informative",0.18,8,0.01,"","separate_mirage","trait2","bfdr_discoveries",0.05,1
20260819,7,500,15,3000,3000,3000,3000,"fast","control_informative",0.18,8,0.01,"","separate_mirage","trait2","bfdr_observed_fdp",0.1,0
20260819,7,500,15,3000,3000,3000,3000,"fast","control_informative",0.18,8,0.01,"","separate_mirage","trait2","bfdr_estimate",0.1,8.91429748239858e-07
20260819,7,500,15,3000,3000,3000,3000,"fast","control_informative",0.18,8,0.01,"","separate_mirage","trait2","bfdr_power",0.1,0.1
20260819,7,500,15,3000,3000,3000,3000,"fast","control_informative",0.18,8,0.01,"","separate_mirage","trait2","bfdr_discoveries",0.1,1
20260819,7,500,15,3000,3000,3000,3000,"fast","control_informative",0.18,8,0.01,"","separate_mirage","trait2","bfdr_observed_fdp",0.2,0
20260819,7,500,15,3000,3000,3000,3000,"fast","control_informative",0.18,8,0.01,"","separate_mirage","trait2","bfdr_estimate",0.2,8.91429748239858e-07
20260819,7,500,15,3000,3000,3000,3000,"fast","control_informative",0.18,8,0.01,"","separate_mirage","trait2","bfdr_power",0.2,0.1
20260819,7,500,15,3000,3000,3000,3000,"fast","control_informative",0.18,8,0.01,"","separate_mirage","trait2","bfdr_discoveries",0.2,1
20260819,7,500,15,3000,3000,3000,3000,"fast","control_informative",0.18,8,0.01,"","separate_mirage","pleiotropy","bfdr_observed_fdp",0.01,0
20260819,7,500,15,3000,3000,3000,3000,"fast","control_informative",0.18,8,0.01,"","separate_mirage","pleiotropy","bfdr_estimate",0.01,0
20260819,7,500,15,3000,3000,3000,3000,"fast","control_informative",0.18,8,0.01,"","separate_mirage","pleiotropy","bfdr_power",0.01,0
20260819,7,500,15,3000,3000,3000,3000,"fast","control_informative",0.18,8,0.01,"","separate_mirage","pleiotropy","bfdr_discoveries",0.01,0
20260819,7,500,15,3000,3000,3000,3000,"fast","control_informative",0.18,8,0.01,"","separate_mirage","pleiotropy","bfdr_observed_fdp",0.05,0
20260819,7,500,15,3000,3000,3000,3000,"fast","control_informative",0.18,8,0.01,"","separate_mirage","pleiotropy","bfdr_estimate",0.05,0
20260819,7,500,15,3000,3000,3000,3000,"fast","control_informative",0.18,8,0.01,"","separate_mirage","pleiotropy","bfdr_power",0.05,0
20260819,7,500,15,3000,3000,3000,3000,"fast","control_informative",0.18,8,0.01,"","separate_mirage","pleiotropy","bfdr_discoveries",0.05,0
20260819,7,500,15,3000,3000,3000,3000,"fast","control_informative",0.18,8,0.01,"","separate_mirage","pleiotropy","bfdr_observed_fdp",0.1,0
20260819,7,500,15,3000,3000,3000,3000,"fast","control_informative",0.18,8,0.01,"","separate_mirage","pleiotropy","bfdr_estimate",0.1,0
20260819,7,500,15,3000,3000,3000,3000,"fast","control_informative",0.18,8,0.01,"","separate_mirage","pleiotropy","bfdr_power",0.1,0
20260819,7,500,15,3000,3000,3000,3000,"fast","control_informative",0.18,8,0.01,"","separate_mirage","pleiotropy","bfdr_discoveries",0.1,0
20260819,7,500,15,3000,3000,3000,3000,"fast","control_informative",0.18,8,0.01,"","separate_mirage","pleiotropy","bfdr_observed_fdp",0.2,0
20260819,7,500,15,3000,3000,3000,3000,"fast","control_informative",0.18,8,0.01,"","separate_mirage","pleiotropy","bfdr_estimate",0.2,0
20260819,7,500,15,3000,3000,3000,3000,"fast","control_informative",0.18,8,0.01,"","separate_mirage","pleiotropy","bfdr_power",0.2,0
20260819,7,500,15,3000,3000,3000,3000,"fast","control_informative",0.18,8,0.01,"","separate_mirage","pleiotropy","bfdr_discoveries",0.2,0
20260819,7,500,15,3000,3000,3000,3000,"fast","control_informative",0.18,8,0.01,"","separate_mirage","global","runtime_seconds",NA,18.453
20260819,7,500,15,3000,3000,3000,3000,"fast","control_informative",0.18,8,0.01,"","separate_mirage","pleiotropy","pi11_estimate",NA,0.001
20260819,7,500,15,3000,3000,3000,3000,"fast","control_informative",0.18,8,0.01,"","mtada_aggregated","trait1","auc",NA,0.619031578947368
20260819,7,500,15,3000,3000,3000,3000,"fast","control_informative",0.18,8,0.01,"","mtada_aggregated","trait2","auc",NA,0.561326530612245
20260819,7,500,15,3000,3000,3000,3000,"fast","control_informative",0.18,8,0.01,"","mtada_aggregated","pleiotropy","auc",NA,0.569292929292929
20260819,7,500,15,3000,3000,3000,3000,"fast","control_informative",0.18,8,0.01,"","mtada_aggregated","trait1","pp08_power",0.8,0.68
20260819,7,500,15,3000,3000,3000,3000,"fast","control_informative",0.18,8,0.01,"","mtada_aggregated","trait1","pp08_fdp",0.8,0.941176470588235
20260819,7,500,15,3000,3000,3000,3000,"fast","control_informative",0.18,8,0.01,"","mtada_aggregated","trait1","pp08_discoveries",0.8,289
20260819,7,500,15,3000,3000,3000,3000,"fast","control_informative",0.18,8,0.01,"","mtada_aggregated","trait2","pp08_power",0.8,0.6
20260819,7,500,15,3000,3000,3000,3000,"fast","control_informative",0.18,8,0.01,"","mtada_aggregated","trait2","pp08_fdp",0.8,0.976284584980237
20260819,7,500,15,3000,3000,3000,3000,"fast","control_informative",0.18,8,0.01,"","mtada_aggregated","trait2","pp08_discoveries",0.8,253
20260819,7,500,15,3000,3000,3000,3000,"fast","control_informative",0.18,8,0.01,"","mtada_aggregated","pleiotropy","pp08_power",0.8,0.4
20260819,7,500,15,3000,3000,3000,3000,"fast","control_informative",0.18,8,0.01,"","mtada_aggregated","pleiotropy","pp08_fdp",0.8,0.987341772151899
20260819,7,500,15,3000,3000,3000,3000,"fast","control_informative",0.18,8,0.01,"","mtada_aggregated","pleiotropy","pp08_discoveries",0.8,158
20260819,7,500,15,3000,3000,3000,3000,"fast","control_informative",0.18,8,0.01,"","mtada_aggregated","trait1","bfdr_observed_fdp",0.01,0.944444444444444
20260819,7,500,15,3000,3000,3000,3000,"fast","control_informative",0.18,8,0.01,"","mtada_aggregated","trait1","bfdr_estimate",0.01,0.00967265163806887
20260819,7,500,15,3000,3000,3000,3000,"fast","control_informative",0.18,8,0.01,"","mtada_aggregated","trait1","bfdr_power",0.01,0.64
20260819,7,500,15,3000,3000,3000,3000,"fast","control_informative",0.18,8,0.01,"","mtada_aggregated","trait1","bfdr_discoveries",0.01,288
20260819,7,500,15,3000,3000,3000,3000,"fast","control_informative",0.18,8,0.01,"","mtada_aggregated","trait1","bfdr_observed_fdp",0.05,0.940625
20260819,7,500,15,3000,3000,3000,3000,"fast","control_informative",0.18,8,0.01,"","mtada_aggregated","trait1","bfdr_estimate",0.05,0.0498896954547057
20260819,7,500,15,3000,3000,3000,3000,"fast","control_informative",0.18,8,0.01,"","mtada_aggregated","trait1","bfdr_power",0.05,0.76
20260819,7,500,15,3000,3000,3000,3000,"fast","control_informative",0.18,8,0.01,"","mtada_aggregated","trait1","bfdr_discoveries",0.05,320
20260819,7,500,15,3000,3000,3000,3000,"fast","control_informative",0.18,8,0.01,"","mtada_aggregated","trait1","bfdr_observed_fdp",0.1,0.941690962099125
20260819,7,500,15,3000,3000,3000,3000,"fast","control_informative",0.18,8,0.01,"","mtada_aggregated","trait1","bfdr_estimate",0.1,0.0990473523755816
20260819,7,500,15,3000,3000,3000,3000,"fast","control_informative",0.18,8,0.01,"","mtada_aggregated","trait1","bfdr_power",0.1,0.8
20260819,7,500,15,3000,3000,3000,3000,"fast","control_informative",0.18,8,0.01,"","mtada_aggregated","trait1","bfdr_discoveries",0.1,343
20260819,7,500,15,3000,3000,3000,3000,"fast","control_informative",0.18,8,0.01,"","mtada_aggregated","trait1","bfdr_observed_fdp",0.2,0.941025641025641
20260819,7,500,15,3000,3000,3000,3000,"fast","control_informative",0.18,8,0.01,"","mtada_aggregated","trait1","bfdr_estimate",0.2,0.199137617447589
20260819,7,500,15,3000,3000,3000,3000,"fast","control_informative",0.18,8,0.01,"","mtada_aggregated","trait1","bfdr_power",0.2,0.92
20260819,7,500,15,3000,3000,3000,3000,"fast","control_informative",0.18,8,0.01,"","mtada_aggregated","trait1","bfdr_discoveries",0.2,390
20260819,7,500,15,3000,3000,3000,3000,"fast","control_informative",0.18,8,0.01,"","mtada_aggregated","trait2","bfdr_observed_fdp",0.01,0.97609561752988
20260819,7,500,15,3000,3000,3000,3000,"fast","control_informative",0.18,8,0.01,"","mtada_aggregated","trait2","bfdr_estimate",0.01,0.00970505346362802
20260819,7,500,15,3000,3000,3000,3000,"fast","control_informative",0.18,8,0.01,"","mtada_aggregated","trait2","bfdr_power",0.01,0.6
20260819,7,500,15,3000,3000,3000,3000,"fast","control_informative",0.18,8,0.01,"","mtada_aggregated","trait2","bfdr_discoveries",0.01,251
20260819,7,500,15,3000,3000,3000,3000,"fast","control_informative",0.18,8,0.01,"","mtada_aggregated","trait2","bfdr_observed_fdp",0.05,0.978723404255319
20260819,7,500,15,3000,3000,3000,3000,"fast","control_informative",0.18,8,0.01,"","mtada_aggregated","trait2","bfdr_estimate",0.05,0.0483436226991524
20260819,7,500,15,3000,3000,3000,3000,"fast","control_informative",0.18,8,0.01,"","mtada_aggregated","trait2","bfdr_power",0.05,0.6
20260819,7,500,15,3000,3000,3000,3000,"fast","control_informative",0.18,8,0.01,"","mtada_aggregated","trait2","bfdr_discoveries",0.05,282
20260819,7,500,15,3000,3000,3000,3000,"fast","control_informative",0.18,8,0.01,"","mtada_aggregated","trait2","bfdr_observed_fdp",0.1,0.980263157894737
20260819,7,500,15,3000,3000,3000,3000,"fast","control_informative",0.18,8,0.01,"","mtada_aggregated","trait2","bfdr_estimate",0.1,0.0982891811880696
20260819,7,500,15,3000,3000,3000,3000,"fast","control_informative",0.18,8,0.01,"","mtada_aggregated","trait2","bfdr_power",0.1,0.6
20260819,7,500,15,3000,3000,3000,3000,"fast","control_informative",0.18,8,0.01,"","mtada_aggregated","trait2","bfdr_discoveries",0.1,304
20260819,7,500,15,3000,3000,3000,3000,"fast","control_informative",0.18,8,0.01,"","mtada_aggregated","trait2","bfdr_observed_fdp",0.2,0.974063400576369
20260819,7,500,15,3000,3000,3000,3000,"fast","control_informative",0.18,8,0.01,"","mtada_aggregated","trait2","bfdr_estimate",0.2,0.199310042065335
20260819,7,500,15,3000,3000,3000,3000,"fast","control_informative",0.18,8,0.01,"","mtada_aggregated","trait2","bfdr_power",0.2,0.9
20260819,7,500,15,3000,3000,3000,3000,"fast","control_informative",0.18,8,0.01,"","mtada_aggregated","trait2","bfdr_discoveries",0.2,347
20260819,7,500,15,3000,3000,3000,3000,"fast","control_informative",0.18,8,0.01,"","mtada_aggregated","pleiotropy","bfdr_observed_fdp",0.01,0.986486486486487
20260819,7,500,15,3000,3000,3000,3000,"fast","control_informative",0.18,8,0.01,"","mtada_aggregated","pleiotropy","bfdr_estimate",0.01,0.00978918249168693
20260819,7,500,15,3000,3000,3000,3000,"fast","control_informative",0.18,8,0.01,"","mtada_aggregated","pleiotropy","bfdr_power",0.01,0.4
20260819,7,500,15,3000,3000,3000,3000,"fast","control_informative",0.18,8,0.01,"","mtada_aggregated","pleiotropy","bfdr_discoveries",0.01,148
20260819,7,500,15,3000,3000,3000,3000,"fast","control_informative",0.18,8,0.01,"","mtada_aggregated","pleiotropy","bfdr_observed_fdp",0.05,0.988636363636364
20260819,7,500,15,3000,3000,3000,3000,"fast","control_informative",0.18,8,0.01,"","mtada_aggregated","pleiotropy","bfdr_estimate",0.05,0.0489764710941909
20260819,7,500,15,3000,3000,3000,3000,"fast","control_informative",0.18,8,0.01,"","mtada_aggregated","pleiotropy","bfdr_power",0.05,0.4
20260819,7,500,15,3000,3000,3000,3000,"fast","control_informative",0.18,8,0.01,"","mtada_aggregated","pleiotropy","bfdr_discoveries",0.05,176
20260819,7,500,15,3000,3000,3000,3000,"fast","control_informative",0.18,8,0.01,"","mtada_aggregated","pleiotropy","bfdr_observed_fdp",0.1,0.98989898989899
20260819,7,500,15,3000,3000,3000,3000,"fast","control_informative",0.18,8,0.01,"","mtada_aggregated","pleiotropy","bfdr_estimate",0.1,0.0991617762438532
20260819,7,500,15,3000,3000,3000,3000,"fast","control_informative",0.18,8,0.01,"","mtada_aggregated","pleiotropy","bfdr_power",0.1,0.4
20260819,7,500,15,3000,3000,3000,3000,"fast","control_informative",0.18,8,0.01,"","mtada_aggregated","pleiotropy","bfdr_discoveries",0.1,198
20260819,7,500,15,3000,3000,3000,3000,"fast","control_informative",0.18,8,0.01,"","mtada_aggregated","pleiotropy","bfdr_observed_fdp",0.2,0.991379310344828
20260819,7,500,15,3000,3000,3000,3000,"fast","control_informative",0.18,8,0.01,"","mtada_aggregated","pleiotropy","bfdr_estimate",0.2,0.198169378544043
20260819,7,500,15,3000,3000,3000,3000,"fast","control_informative",0.18,8,0.01,"","mtada_aggregated","pleiotropy","bfdr_power",0.2,0.4
20260819,7,500,15,3000,3000,3000,3000,"fast","control_informative",0.18,8,0.01,"","mtada_aggregated","pleiotropy","bfdr_discoveries",0.2,232
20260819,7,500,15,3000,3000,3000,3000,"fast","control_informative",0.18,8,0.01,"","mtada_aggregated","global","runtime_seconds",NA,0.730000000000018
20260819,7,500,15,3000,3000,3000,3000,"fast","control_informative",0.18,8,0.01,"","mtada_aggregated","pleiotropy","pi11_estimate",NA,0.0100815
20260820,8,500,15,3000,3000,3000,3000,"fast","control_informative",0.18,8,0.01,"","mirage_joint","trait1","auc",NA,0.796294736842105
20260820,8,500,15,3000,3000,3000,3000,"fast","control_informative",0.18,8,0.01,"","mirage_joint","trait2","auc",NA,0.398163265306122
20260820,8,500,15,3000,3000,3000,3000,"fast","control_informative",0.18,8,0.01,"","mirage_joint","pleiotropy","auc",NA,0.886464646464647
20260820,8,500,15,3000,3000,3000,3000,"fast","control_informative",0.18,8,0.01,"","mirage_joint","trait1","pp08_power",0.8,0.24
20260820,8,500,15,3000,3000,3000,3000,"fast","control_informative",0.18,8,0.01,"","mirage_joint","trait1","pp08_fdp",0.8,0
20260820,8,500,15,3000,3000,3000,3000,"fast","control_informative",0.18,8,0.01,"","mirage_joint","trait1","pp08_discoveries",0.8,6
20260820,8,500,15,3000,3000,3000,3000,"fast","control_informative",0.18,8,0.01,"","mirage_joint","trait2","pp08_power",0.8,0.1
20260820,8,500,15,3000,3000,3000,3000,"fast","control_informative",0.18,8,0.01,"","mirage_joint","trait2","pp08_fdp",0.8,0.5
20260820,8,500,15,3000,3000,3000,3000,"fast","control_informative",0.18,8,0.01,"","mirage_joint","trait2","pp08_discoveries",0.8,2
20260820,8,500,15,3000,3000,3000,3000,"fast","control_informative",0.18,8,0.01,"","mirage_joint","pleiotropy","pp08_power",0.8,0
20260820,8,500,15,3000,3000,3000,3000,"fast","control_informative",0.18,8,0.01,"","mirage_joint","pleiotropy","pp08_fdp",0.8,0
20260820,8,500,15,3000,3000,3000,3000,"fast","control_informative",0.18,8,0.01,"","mirage_joint","pleiotropy","pp08_discoveries",0.8,0
20260820,8,500,15,3000,3000,3000,3000,"fast","control_informative",0.18,8,0.01,"","mirage_joint","trait1","bfdr_observed_fdp",0.01,0
20260820,8,500,15,3000,3000,3000,3000,"fast","control_informative",0.18,8,0.01,"","mirage_joint","trait1","bfdr_estimate",0.01,5.52893912172022e-07
20260820,8,500,15,3000,3000,3000,3000,"fast","control_informative",0.18,8,0.01,"","mirage_joint","trait1","bfdr_power",0.01,0.12
20260820,8,500,15,3000,3000,3000,3000,"fast","control_informative",0.18,8,0.01,"","mirage_joint","trait1","bfdr_discoveries",0.01,3
20260820,8,500,15,3000,3000,3000,3000,"fast","control_informative",0.18,8,0.01,"","mirage_joint","trait1","bfdr_observed_fdp",0.05,0
20260820,8,500,15,3000,3000,3000,3000,"fast","control_informative",0.18,8,0.01,"","mirage_joint","trait1","bfdr_estimate",0.05,0.0332182956680584
20260820,8,500,15,3000,3000,3000,3000,"fast","control_informative",0.18,8,0.01,"","mirage_joint","trait1","bfdr_power",0.05,0.24
20260820,8,500,15,3000,3000,3000,3000,"fast","control_informative",0.18,8,0.01,"","mirage_joint","trait1","bfdr_discoveries",0.05,6
20260820,8,500,15,3000,3000,3000,3000,"fast","control_informative",0.18,8,0.01,"","mirage_joint","trait1","bfdr_observed_fdp",0.1,0
20260820,8,500,15,3000,3000,3000,3000,"fast","control_informative",0.18,8,0.01,"","mirage_joint","trait1","bfdr_estimate",0.1,0.0635757574889042
20260820,8,500,15,3000,3000,3000,3000,"fast","control_informative",0.18,8,0.01,"","mirage_joint","trait1","bfdr_power",0.1,0.28
20260820,8,500,15,3000,3000,3000,3000,"fast","control_informative",0.18,8,0.01,"","mirage_joint","trait1","bfdr_discoveries",0.1,7
20260820,8,500,15,3000,3000,3000,3000,"fast","control_informative",0.18,8,0.01,"","mirage_joint","trait1","bfdr_observed_fdp",0.2,0
20260820,8,500,15,3000,3000,3000,3000,"fast","control_informative",0.18,8,0.01,"","mirage_joint","trait1","bfdr_estimate",0.2,0.19389147834672
20260820,8,500,15,3000,3000,3000,3000,"fast","control_informative",0.18,8,0.01,"","mirage_joint","trait1","bfdr_power",0.2,0.4
20260820,8,500,15,3000,3000,3000,3000,"fast","control_informative",0.18,8,0.01,"","mirage_joint","trait1","bfdr_discoveries",0.2,10
20260820,8,500,15,3000,3000,3000,3000,"fast","control_informative",0.18,8,0.01,"","mirage_joint","trait2","bfdr_observed_fdp",0.01,0
20260820,8,500,15,3000,3000,3000,3000,"fast","control_informative",0.18,8,0.01,"","mirage_joint","trait2","bfdr_estimate",0.01,0
20260820,8,500,15,3000,3000,3000,3000,"fast","control_informative",0.18,8,0.01,"","mirage_joint","trait2","bfdr_power",0.01,0
20260820,8,500,15,3000,3000,3000,3000,"fast","control_informative",0.18,8,0.01,"","mirage_joint","trait2","bfdr_discoveries",0.01,0
20260820,8,500,15,3000,3000,3000,3000,"fast","control_informative",0.18,8,0.01,"","mirage_joint","trait2","bfdr_observed_fdp",0.05,0
20260820,8,500,15,3000,3000,3000,3000,"fast","control_informative",0.18,8,0.01,"","mirage_joint","trait2","bfdr_estimate",0.05,0.0164159511528847
20260820,8,500,15,3000,3000,3000,3000,"fast","control_informative",0.18,8,0.01,"","mirage_joint","trait2","bfdr_power",0.05,0.1
20260820,8,500,15,3000,3000,3000,3000,"fast","control_informative",0.18,8,0.01,"","mirage_joint","trait2","bfdr_discoveries",0.05,1
20260820,8,500,15,3000,3000,3000,3000,"fast","control_informative",0.18,8,0.01,"","mirage_joint","trait2","bfdr_observed_fdp",0.1,0.5
20260820,8,500,15,3000,3000,3000,3000,"fast","control_informative",0.18,8,0.01,"","mirage_joint","trait2","bfdr_estimate",0.1,0.0964709243418705
20260820,8,500,15,3000,3000,3000,3000,"fast","control_informative",0.18,8,0.01,"","mirage_joint","trait2","bfdr_power",0.1,0.1
20260820,8,500,15,3000,3000,3000,3000,"fast","control_informative",0.18,8,0.01,"","mirage_joint","trait2","bfdr_discoveries",0.1,2
20260820,8,500,15,3000,3000,3000,3000,"fast","control_informative",0.18,8,0.01,"","mirage_joint","trait2","bfdr_observed_fdp",0.2,0.666666666666667
20260820,8,500,15,3000,3000,3000,3000,"fast","control_informative",0.18,8,0.01,"","mirage_joint","trait2","bfdr_estimate",0.2,0.154962108934757
20260820,8,500,15,3000,3000,3000,3000,"fast","control_informative",0.18,8,0.01,"","mirage_joint","trait2","bfdr_power",0.2,0.1
20260820,8,500,15,3000,3000,3000,3000,"fast","control_informative",0.18,8,0.01,"","mirage_joint","trait2","bfdr_discoveries",0.2,3
20260820,8,500,15,3000,3000,3000,3000,"fast","control_informative",0.18,8,0.01,"","mirage_joint","pleiotropy","bfdr_observed_fdp",0.01,0
20260820,8,500,15,3000,3000,3000,3000,"fast","control_informative",0.18,8,0.01,"","mirage_joint","pleiotropy","bfdr_estimate",0.01,0
20260820,8,500,15,3000,3000,3000,3000,"fast","control_informative",0.18,8,0.01,"","mirage_joint","pleiotropy","bfdr_power",0.01,0
20260820,8,500,15,3000,3000,3000,3000,"fast","control_informative",0.18,8,0.01,"","mirage_joint","pleiotropy","bfdr_discoveries",0.01,0
20260820,8,500,15,3000,3000,3000,3000,"fast","control_informative",0.18,8,0.01,"","mirage_joint","pleiotropy","bfdr_observed_fdp",0.05,0
20260820,8,500,15,3000,3000,3000,3000,"fast","control_informative",0.18,8,0.01,"","mirage_joint","pleiotropy","bfdr_estimate",0.05,0
20260820,8,500,15,3000,3000,3000,3000,"fast","control_informative",0.18,8,0.01,"","mirage_joint","pleiotropy","bfdr_power",0.05,0
20260820,8,500,15,3000,3000,3000,3000,"fast","control_informative",0.18,8,0.01,"","mirage_joint","pleiotropy","bfdr_discoveries",0.05,0
20260820,8,500,15,3000,3000,3000,3000,"fast","control_informative",0.18,8,0.01,"","mirage_joint","pleiotropy","bfdr_observed_fdp",0.1,0
20260820,8,500,15,3000,3000,3000,3000,"fast","control_informative",0.18,8,0.01,"","mirage_joint","pleiotropy","bfdr_estimate",0.1,0
20260820,8,500,15,3000,3000,3000,3000,"fast","control_informative",0.18,8,0.01,"","mirage_joint","pleiotropy","bfdr_power",0.1,0
20260820,8,500,15,3000,3000,3000,3000,"fast","control_informative",0.18,8,0.01,"","mirage_joint","pleiotropy","bfdr_discoveries",0.1,0
20260820,8,500,15,3000,3000,3000,3000,"fast","control_informative",0.18,8,0.01,"","mirage_joint","pleiotropy","bfdr_observed_fdp",0.2,0
20260820,8,500,15,3000,3000,3000,3000,"fast","control_informative",0.18,8,0.01,"","mirage_joint","pleiotropy","bfdr_estimate",0.2,0
20260820,8,500,15,3000,3000,3000,3000,"fast","control_informative",0.18,8,0.01,"","mirage_joint","pleiotropy","bfdr_power",0.2,0
20260820,8,500,15,3000,3000,3000,3000,"fast","control_informative",0.18,8,0.01,"","mirage_joint","pleiotropy","bfdr_discoveries",0.2,0
20260820,8,500,15,3000,3000,3000,3000,"fast","control_informative",0.18,8,0.01,"","mirage_joint","global","runtime_seconds",NA,18.438
20260820,8,500,15,3000,3000,3000,3000,"fast","control_informative",0.18,8,0.01,"","mirage_joint","pleiotropy","pi11_estimate",NA,0.00916400943890108
20260820,8,500,15,3000,3000,3000,3000,"fast","control_informative",0.18,8,0.01,"","separate_mirage","trait1","auc",NA,0.798484210526316
20260820,8,500,15,3000,3000,3000,3000,"fast","control_informative",0.18,8,0.01,"","separate_mirage","trait2","auc",NA,0.448979591836735
20260820,8,500,15,3000,3000,3000,3000,"fast","control_informative",0.18,8,0.01,"","separate_mirage","pleiotropy","auc",NA,0.840808080808081
20260820,8,500,15,3000,3000,3000,3000,"fast","control_informative",0.18,8,0.01,"","separate_mirage","trait1","pp08_power",0.8,0.24
20260820,8,500,15,3000,3000,3000,3000,"fast","control_informative",0.18,8,0.01,"","separate_mirage","trait1","pp08_fdp",0.8,0
20260820,8,500,15,3000,3000,3000,3000,"fast","control_informative",0.18,8,0.01,"","separate_mirage","trait1","pp08_discoveries",0.8,6
20260820,8,500,15,3000,3000,3000,3000,"fast","control_informative",0.18,8,0.01,"","separate_mirage","trait2","pp08_power",0.8,0.1
20260820,8,500,15,3000,3000,3000,3000,"fast","control_informative",0.18,8,0.01,"","separate_mirage","trait2","pp08_fdp",0.8,0
20260820,8,500,15,3000,3000,3000,3000,"fast","control_informative",0.18,8,0.01,"","separate_mirage","trait2","pp08_discoveries",0.8,1
20260820,8,500,15,3000,3000,3000,3000,"fast","control_informative",0.18,8,0.01,"","separate_mirage","pleiotropy","pp08_power",0.8,0
20260820,8,500,15,3000,3000,3000,3000,"fast","control_informative",0.18,8,0.01,"","separate_mirage","pleiotropy","pp08_fdp",0.8,0
20260820,8,500,15,3000,3000,3000,3000,"fast","control_informative",0.18,8,0.01,"","separate_mirage","pleiotropy","pp08_discoveries",0.8,0
20260820,8,500,15,3000,3000,3000,3000,"fast","control_informative",0.18,8,0.01,"","separate_mirage","trait1","bfdr_observed_fdp",0.01,0
20260820,8,500,15,3000,3000,3000,3000,"fast","control_informative",0.18,8,0.01,"","separate_mirage","trait1","bfdr_estimate",0.01,9.11026200071478e-07
20260820,8,500,15,3000,3000,3000,3000,"fast","control_informative",0.18,8,0.01,"","separate_mirage","trait1","bfdr_power",0.01,0.12
20260820,8,500,15,3000,3000,3000,3000,"fast","control_informative",0.18,8,0.01,"","separate_mirage","trait1","bfdr_discoveries",0.01,3
20260820,8,500,15,3000,3000,3000,3000,"fast","control_informative",0.18,8,0.01,"","separate_mirage","trait1","bfdr_observed_fdp",0.05,0
20260820,8,500,15,3000,3000,3000,3000,"fast","control_informative",0.18,8,0.01,"","separate_mirage","trait1","bfdr_estimate",0.05,0.0340345188935072
20260820,8,500,15,3000,3000,3000,3000,"fast","control_informative",0.18,8,0.01,"","separate_mirage","trait1","bfdr_power",0.05,0.2
20260820,8,500,15,3000,3000,3000,3000,"fast","control_informative",0.18,8,0.01,"","separate_mirage","trait1","bfdr_discoveries",0.05,5
20260820,8,500,15,3000,3000,3000,3000,"fast","control_informative",0.18,8,0.01,"","separate_mirage","trait1","bfdr_observed_fdp",0.1,0
20260820,8,500,15,3000,3000,3000,3000,"fast","control_informative",0.18,8,0.01,"","separate_mirage","trait1","bfdr_estimate",0.1,0.0560384018162044
20260820,8,500,15,3000,3000,3000,3000,"fast","control_informative",0.18,8,0.01,"","separate_mirage","trait1","bfdr_power",0.1,0.24
20260820,8,500,15,3000,3000,3000,3000,"fast","control_informative",0.18,8,0.01,"","separate_mirage","trait1","bfdr_discoveries",0.1,6
20260820,8,500,15,3000,3000,3000,3000,"fast","control_informative",0.18,8,0.01,"","separate_mirage","trait1","bfdr_observed_fdp",0.2,0
20260820,8,500,15,3000,3000,3000,3000,"fast","control_informative",0.18,8,0.01,"","separate_mirage","trait1","bfdr_estimate",0.2,0.196903424657809
20260820,8,500,15,3000,3000,3000,3000,"fast","control_informative",0.18,8,0.01,"","separate_mirage","trait1","bfdr_power",0.2,0.36
20260820,8,500,15,3000,3000,3000,3000,"fast","control_informative",0.18,8,0.01,"","separate_mirage","trait1","bfdr_discoveries",0.2,9
20260820,8,500,15,3000,3000,3000,3000,"fast","control_informative",0.18,8,0.01,"","separate_mirage","trait2","bfdr_observed_fdp",0.01,0
20260820,8,500,15,3000,3000,3000,3000,"fast","control_informative",0.18,8,0.01,"","separate_mirage","trait2","bfdr_estimate",0.01,0
20260820,8,500,15,3000,3000,3000,3000,"fast","control_informative",0.18,8,0.01,"","separate_mirage","trait2","bfdr_power",0.01,0
20260820,8,500,15,3000,3000,3000,3000,"fast","control_informative",0.18,8,0.01,"","separate_mirage","trait2","bfdr_discoveries",0.01,0
20260820,8,500,15,3000,3000,3000,3000,"fast","control_informative",0.18,8,0.01,"","separate_mirage","trait2","bfdr_observed_fdp",0.05,0
20260820,8,500,15,3000,3000,3000,3000,"fast","control_informative",0.18,8,0.01,"","separate_mirage","trait2","bfdr_estimate",0.05,0
20260820,8,500,15,3000,3000,3000,3000,"fast","control_informative",0.18,8,0.01,"","separate_mirage","trait2","bfdr_power",0.05,0
20260820,8,500,15,3000,3000,3000,3000,"fast","control_informative",0.18,8,0.01,"","separate_mirage","trait2","bfdr_discoveries",0.05,0
20260820,8,500,15,3000,3000,3000,3000,"fast","control_informative",0.18,8,0.01,"","separate_mirage","trait2","bfdr_observed_fdp",0.1,0
20260820,8,500,15,3000,3000,3000,3000,"fast","control_informative",0.18,8,0.01,"","separate_mirage","trait2","bfdr_estimate",0.1,0
20260820,8,500,15,3000,3000,3000,3000,"fast","control_informative",0.18,8,0.01,"","separate_mirage","trait2","bfdr_power",0.1,0
20260820,8,500,15,3000,3000,3000,3000,"fast","control_informative",0.18,8,0.01,"","separate_mirage","trait2","bfdr_discoveries",0.1,0
20260820,8,500,15,3000,3000,3000,3000,"fast","control_informative",0.18,8,0.01,"","separate_mirage","trait2","bfdr_observed_fdp",0.2,0
20260820,8,500,15,3000,3000,3000,3000,"fast","control_informative",0.18,8,0.01,"","separate_mirage","trait2","bfdr_estimate",0.2,0.114180126634915
20260820,8,500,15,3000,3000,3000,3000,"fast","control_informative",0.18,8,0.01,"","separate_mirage","trait2","bfdr_power",0.2,0.1
20260820,8,500,15,3000,3000,3000,3000,"fast","control_informative",0.18,8,0.01,"","separate_mirage","trait2","bfdr_discoveries",0.2,1
20260820,8,500,15,3000,3000,3000,3000,"fast","control_informative",0.18,8,0.01,"","separate_mirage","pleiotropy","bfdr_observed_fdp",0.01,0
20260820,8,500,15,3000,3000,3000,3000,"fast","control_informative",0.18,8,0.01,"","separate_mirage","pleiotropy","bfdr_estimate",0.01,0
20260820,8,500,15,3000,3000,3000,3000,"fast","control_informative",0.18,8,0.01,"","separate_mirage","pleiotropy","bfdr_power",0.01,0
20260820,8,500,15,3000,3000,3000,3000,"fast","control_informative",0.18,8,0.01,"","separate_mirage","pleiotropy","bfdr_discoveries",0.01,0
20260820,8,500,15,3000,3000,3000,3000,"fast","control_informative",0.18,8,0.01,"","separate_mirage","pleiotropy","bfdr_observed_fdp",0.05,0
20260820,8,500,15,3000,3000,3000,3000,"fast","control_informative",0.18,8,0.01,"","separate_mirage","pleiotropy","bfdr_estimate",0.05,0
20260820,8,500,15,3000,3000,3000,3000,"fast","control_informative",0.18,8,0.01,"","separate_mirage","pleiotropy","bfdr_power",0.05,0
20260820,8,500,15,3000,3000,3000,3000,"fast","control_informative",0.18,8,0.01,"","separate_mirage","pleiotropy","bfdr_discoveries",0.05,0
20260820,8,500,15,3000,3000,3000,3000,"fast","control_informative",0.18,8,0.01,"","separate_mirage","pleiotropy","bfdr_observed_fdp",0.1,0
20260820,8,500,15,3000,3000,3000,3000,"fast","control_informative",0.18,8,0.01,"","separate_mirage","pleiotropy","bfdr_estimate",0.1,0
20260820,8,500,15,3000,3000,3000,3000,"fast","control_informative",0.18,8,0.01,"","separate_mirage","pleiotropy","bfdr_power",0.1,0
20260820,8,500,15,3000,3000,3000,3000,"fast","control_informative",0.18,8,0.01,"","separate_mirage","pleiotropy","bfdr_discoveries",0.1,0
20260820,8,500,15,3000,3000,3000,3000,"fast","control_informative",0.18,8,0.01,"","separate_mirage","pleiotropy","bfdr_observed_fdp",0.2,0
20260820,8,500,15,3000,3000,3000,3000,"fast","control_informative",0.18,8,0.01,"","separate_mirage","pleiotropy","bfdr_estimate",0.2,0
20260820,8,500,15,3000,3000,3000,3000,"fast","control_informative",0.18,8,0.01,"","separate_mirage","pleiotropy","bfdr_power",0.2,0
20260820,8,500,15,3000,3000,3000,3000,"fast","control_informative",0.18,8,0.01,"","separate_mirage","pleiotropy","bfdr_discoveries",0.2,0
20260820,8,500,15,3000,3000,3000,3000,"fast","control_informative",0.18,8,0.01,"","separate_mirage","global","runtime_seconds",NA,18.479
20260820,8,500,15,3000,3000,3000,3000,"fast","control_informative",0.18,8,0.01,"","separate_mirage","pleiotropy","pi11_estimate",NA,0.001
20260820,8,500,15,3000,3000,3000,3000,"fast","control_informative",0.18,8,0.01,"","mtada_aggregated","trait1","auc",NA,0.622652631578947
20260820,8,500,15,3000,3000,3000,3000,"fast","control_informative",0.18,8,0.01,"","mtada_aggregated","trait2","auc",NA,0.471428571428571
20260820,8,500,15,3000,3000,3000,3000,"fast","control_informative",0.18,8,0.01,"","mtada_aggregated","pleiotropy","auc",NA,0.61010101010101
20260820,8,500,15,3000,3000,3000,3000,"fast","control_informative",0.18,8,0.01,"","mtada_aggregated","trait1","pp08_power",0.8,0.76
20260820,8,500,15,3000,3000,3000,3000,"fast","control_informative",0.18,8,0.01,"","mtada_aggregated","trait1","pp08_fdp",0.8,0.926923076923077
20260820,8,500,15,3000,3000,3000,3000,"fast","control_informative",0.18,8,0.01,"","mtada_aggregated","trait1","pp08_discoveries",0.8,260
20260820,8,500,15,3000,3000,3000,3000,"fast","control_informative",0.18,8,0.01,"","mtada_aggregated","trait2","pp08_power",0.8,0.4
20260820,8,500,15,3000,3000,3000,3000,"fast","control_informative",0.18,8,0.01,"","mtada_aggregated","trait2","pp08_fdp",0.8,0.984251968503937
20260820,8,500,15,3000,3000,3000,3000,"fast","control_informative",0.18,8,0.01,"","mtada_aggregated","trait2","pp08_discoveries",0.8,254
20260820,8,500,15,3000,3000,3000,3000,"fast","control_informative",0.18,8,0.01,"","mtada_aggregated","pleiotropy","pp08_power",0.8,0.4
20260820,8,500,15,3000,3000,3000,3000,"fast","control_informative",0.18,8,0.01,"","mtada_aggregated","pleiotropy","pp08_fdp",0.8,0.986394557823129
20260820,8,500,15,3000,3000,3000,3000,"fast","control_informative",0.18,8,0.01,"","mtada_aggregated","pleiotropy","pp08_discoveries",0.8,147
20260820,8,500,15,3000,3000,3000,3000,"fast","control_informative",0.18,8,0.01,"","mtada_aggregated","trait1","bfdr_observed_fdp",0.01,0.928030303030303
20260820,8,500,15,3000,3000,3000,3000,"fast","control_informative",0.18,8,0.01,"","mtada_aggregated","trait1","bfdr_estimate",0.01,0.00981465895796025
20260820,8,500,15,3000,3000,3000,3000,"fast","control_informative",0.18,8,0.01,"","mtada_aggregated","trait1","bfdr_power",0.01,0.76
20260820,8,500,15,3000,3000,3000,3000,"fast","control_informative",0.18,8,0.01,"","mtada_aggregated","trait1","bfdr_discoveries",0.01,264
20260820,8,500,15,3000,3000,3000,3000,"fast","control_informative",0.18,8,0.01,"","mtada_aggregated","trait1","bfdr_observed_fdp",0.05,0.934707903780069
20260820,8,500,15,3000,3000,3000,3000,"fast","control_informative",0.18,8,0.01,"","mtada_aggregated","trait1","bfdr_estimate",0.05,0.0495834785376342
20260820,8,500,15,3000,3000,3000,3000,"fast","control_informative",0.18,8,0.01,"","mtada_aggregated","trait1","bfdr_power",0.05,0.76
20260820,8,500,15,3000,3000,3000,3000,"fast","control_informative",0.18,8,0.01,"","mtada_aggregated","trait1","bfdr_discoveries",0.05,291
20260820,8,500,15,3000,3000,3000,3000,"fast","control_informative",0.18,8,0.01,"","mtada_aggregated","trait1","bfdr_observed_fdp",0.1,0.936102236421725
20260820,8,500,15,3000,3000,3000,3000,"fast","control_informative",0.18,8,0.01,"","mtada_aggregated","trait1","bfdr_estimate",0.1,0.0997092648967526
20260820,8,500,15,3000,3000,3000,3000,"fast","control_informative",0.18,8,0.01,"","mtada_aggregated","trait1","bfdr_power",0.1,0.8
20260820,8,500,15,3000,3000,3000,3000,"fast","control_informative",0.18,8,0.01,"","mtada_aggregated","trait1","bfdr_discoveries",0.1,313
20260820,8,500,15,3000,3000,3000,3000,"fast","control_informative",0.18,8,0.01,"","mtada_aggregated","trait1","bfdr_observed_fdp",0.2,0.941011235955056
20260820,8,500,15,3000,3000,3000,3000,"fast","control_informative",0.18,8,0.01,"","mtada_aggregated","trait1","bfdr_estimate",0.2,0.198444575145293
20260820,8,500,15,3000,3000,3000,3000,"fast","control_informative",0.18,8,0.01,"","mtada_aggregated","trait1","bfdr_power",0.2,0.84
20260820,8,500,15,3000,3000,3000,3000,"fast","control_informative",0.18,8,0.01,"","mtada_aggregated","trait1","bfdr_discoveries",0.2,356
20260820,8,500,15,3000,3000,3000,3000,"fast","control_informative",0.18,8,0.01,"","mtada_aggregated","trait2","bfdr_observed_fdp",0.01,0.984313725490196
20260820,8,500,15,3000,3000,3000,3000,"fast","control_informative",0.18,8,0.01,"","mtada_aggregated","trait2","bfdr_estimate",0.01,0.00958157618123774
20260820,8,500,15,3000,3000,3000,3000,"fast","control_informative",0.18,8,0.01,"","mtada_aggregated","trait2","bfdr_power",0.01,0.4
20260820,8,500,15,3000,3000,3000,3000,"fast","control_informative",0.18,8,0.01,"","mtada_aggregated","trait2","bfdr_discoveries",0.01,255
20260820,8,500,15,3000,3000,3000,3000,"fast","control_informative",0.18,8,0.01,"","mtada_aggregated","trait2","bfdr_observed_fdp",0.05,0.982014388489209
20260820,8,500,15,3000,3000,3000,3000,"fast","control_informative",0.18,8,0.01,"","mtada_aggregated","trait2","bfdr_estimate",0.05,0.0489119288371915
20260820,8,500,15,3000,3000,3000,3000,"fast","control_informative",0.18,8,0.01,"","mtada_aggregated","trait2","bfdr_power",0.05,0.5
20260820,8,500,15,3000,3000,3000,3000,"fast","control_informative",0.18,8,0.01,"","mtada_aggregated","trait2","bfdr_discoveries",0.05,278
20260820,8,500,15,3000,3000,3000,3000,"fast","control_informative",0.18,8,0.01,"","mtada_aggregated","trait2","bfdr_observed_fdp",0.1,0.976666666666667
20260820,8,500,15,3000,3000,3000,3000,"fast","control_informative",0.18,8,0.01,"","mtada_aggregated","trait2","bfdr_estimate",0.1,0.0993342029940655
20260820,8,500,15,3000,3000,3000,3000,"fast","control_informative",0.18,8,0.01,"","mtada_aggregated","trait2","bfdr_power",0.1,0.7
20260820,8,500,15,3000,3000,3000,3000,"fast","control_informative",0.18,8,0.01,"","mtada_aggregated","trait2","bfdr_discoveries",0.1,300
20260820,8,500,15,3000,3000,3000,3000,"fast","control_informative",0.18,8,0.01,"","mtada_aggregated","trait2","bfdr_observed_fdp",0.2,0.976539589442815
20260820,8,500,15,3000,3000,3000,3000,"fast","control_informative",0.18,8,0.01,"","mtada_aggregated","trait2","bfdr_estimate",0.2,0.198504219210958
20260820,8,500,15,3000,3000,3000,3000,"fast","control_informative",0.18,8,0.01,"","mtada_aggregated","trait2","bfdr_power",0.2,0.8
20260820,8,500,15,3000,3000,3000,3000,"fast","control_informative",0.18,8,0.01,"","mtada_aggregated","trait2","bfdr_discoveries",0.2,341
20260820,8,500,15,3000,3000,3000,3000,"fast","control_informative",0.18,8,0.01,"","mtada_aggregated","pleiotropy","bfdr_observed_fdp",0.01,0.985074626865672
20260820,8,500,15,3000,3000,3000,3000,"fast","control_informative",0.18,8,0.01,"","mtada_aggregated","pleiotropy","bfdr_estimate",0.01,0.00954373010474552
20260820,8,500,15,3000,3000,3000,3000,"fast","control_informative",0.18,8,0.01,"","mtada_aggregated","pleiotropy","bfdr_power",0.01,0.4
20260820,8,500,15,3000,3000,3000,3000,"fast","control_informative",0.18,8,0.01,"","mtada_aggregated","pleiotropy","bfdr_discoveries",0.01,134
20260820,8,500,15,3000,3000,3000,3000,"fast","control_informative",0.18,8,0.01,"","mtada_aggregated","pleiotropy","bfdr_observed_fdp",0.05,0.987654320987654
20260820,8,500,15,3000,3000,3000,3000,"fast","control_informative",0.18,8,0.01,"","mtada_aggregated","pleiotropy","bfdr_estimate",0.05,0.0492917823571619
20260820,8,500,15,3000,3000,3000,3000,"fast","control_informative",0.18,8,0.01,"","mtada_aggregated","pleiotropy","bfdr_power",0.05,0.4
20260820,8,500,15,3000,3000,3000,3000,"fast","control_informative",0.18,8,0.01,"","mtada_aggregated","pleiotropy","bfdr_discoveries",0.05,162
20260820,8,500,15,3000,3000,3000,3000,"fast","control_informative",0.18,8,0.01,"","mtada_aggregated","pleiotropy","bfdr_observed_fdp",0.1,0.983333333333333
20260820,8,500,15,3000,3000,3000,3000,"fast","control_informative",0.18,8,0.01,"","mtada_aggregated","pleiotropy","bfdr_estimate",0.1,0.0998806978432972
20260820,8,500,15,3000,3000,3000,3000,"fast","control_informative",0.18,8,0.01,"","mtada_aggregated","pleiotropy","bfdr_power",0.1,0.6
20260820,8,500,15,3000,3000,3000,3000,"fast","control_informative",0.18,8,0.01,"","mtada_aggregated","pleiotropy","bfdr_discoveries",0.1,180
20260820,8,500,15,3000,3000,3000,3000,"fast","control_informative",0.18,8,0.01,"","mtada_aggregated","pleiotropy","bfdr_observed_fdp",0.2,0.981132075471698
20260820,8,500,15,3000,3000,3000,3000,"fast","control_informative",0.18,8,0.01,"","mtada_aggregated","pleiotropy","bfdr_estimate",0.2,0.198700689192799
20260820,8,500,15,3000,3000,3000,3000,"fast","control_informative",0.18,8,0.01,"","mtada_aggregated","pleiotropy","bfdr_power",0.2,0.8
20260820,8,500,15,3000,3000,3000,3000,"fast","control_informative",0.18,8,0.01,"","mtada_aggregated","pleiotropy","bfdr_discoveries",0.2,212
20260820,8,500,15,3000,3000,3000,3000,"fast","control_informative",0.18,8,0.01,"","mtada_aggregated","global","runtime_seconds",NA,0.756999999999948
20260820,8,500,15,3000,3000,3000,3000,"fast","control_informative",0.18,8,0.01,"","mtada_aggregated","pleiotropy","pi11_estimate",NA,0.00795927
20260821,9,500,15,3000,3000,3000,3000,"fast","control_informative",0.18,8,0.01,"","mirage_joint","trait1","auc",NA,0.739115789473684
20260821,9,500,15,3000,3000,3000,3000,"fast","control_informative",0.18,8,0.01,"","mirage_joint","trait2","auc",NA,0.729387755102041
20260821,9,500,15,3000,3000,3000,3000,"fast","control_informative",0.18,8,0.01,"","mirage_joint","pleiotropy","auc",NA,0.835151515151515
20260821,9,500,15,3000,3000,3000,3000,"fast","control_informative",0.18,8,0.01,"","mirage_joint","trait1","pp08_power",0.8,0.2
20260821,9,500,15,3000,3000,3000,3000,"fast","control_informative",0.18,8,0.01,"","mirage_joint","trait1","pp08_fdp",0.8,0
20260821,9,500,15,3000,3000,3000,3000,"fast","control_informative",0.18,8,0.01,"","mirage_joint","trait1","pp08_discoveries",0.8,5
20260821,9,500,15,3000,3000,3000,3000,"fast","control_informative",0.18,8,0.01,"","mirage_joint","trait2","pp08_power",0.8,0.2
20260821,9,500,15,3000,3000,3000,3000,"fast","control_informative",0.18,8,0.01,"","mirage_joint","trait2","pp08_fdp",0.8,0
20260821,9,500,15,3000,3000,3000,3000,"fast","control_informative",0.18,8,0.01,"","mirage_joint","trait2","pp08_discoveries",0.8,2
20260821,9,500,15,3000,3000,3000,3000,"fast","control_informative",0.18,8,0.01,"","mirage_joint","pleiotropy","pp08_power",0.8,0
20260821,9,500,15,3000,3000,3000,3000,"fast","control_informative",0.18,8,0.01,"","mirage_joint","pleiotropy","pp08_fdp",0.8,0
20260821,9,500,15,3000,3000,3000,3000,"fast","control_informative",0.18,8,0.01,"","mirage_joint","pleiotropy","pp08_discoveries",0.8,0
20260821,9,500,15,3000,3000,3000,3000,"fast","control_informative",0.18,8,0.01,"","mirage_joint","trait1","bfdr_observed_fdp",0.01,0
20260821,9,500,15,3000,3000,3000,3000,"fast","control_informative",0.18,8,0.01,"","mirage_joint","trait1","bfdr_estimate",0.01,0.00029952874152897
20260821,9,500,15,3000,3000,3000,3000,"fast","control_informative",0.18,8,0.01,"","mirage_joint","trait1","bfdr_power",0.01,0.16
20260821,9,500,15,3000,3000,3000,3000,"fast","control_informative",0.18,8,0.01,"","mirage_joint","trait1","bfdr_discoveries",0.01,4
20260821,9,500,15,3000,3000,3000,3000,"fast","control_informative",0.18,8,0.01,"","mirage_joint","trait1","bfdr_observed_fdp",0.05,0
20260821,9,500,15,3000,3000,3000,3000,"fast","control_informative",0.18,8,0.01,"","mirage_joint","trait1","bfdr_estimate",0.05,0.0221829399998494
20260821,9,500,15,3000,3000,3000,3000,"fast","control_informative",0.18,8,0.01,"","mirage_joint","trait1","bfdr_power",0.05,0.2
20260821,9,500,15,3000,3000,3000,3000,"fast","control_informative",0.18,8,0.01,"","mirage_joint","trait1","bfdr_discoveries",0.05,5
20260821,9,500,15,3000,3000,3000,3000,"fast","control_informative",0.18,8,0.01,"","mirage_joint","trait1","bfdr_observed_fdp",0.1,0.142857142857143
20260821,9,500,15,3000,3000,3000,3000,"fast","control_informative",0.18,8,0.01,"","mirage_joint","trait1","bfdr_estimate",0.1,0.0824598681229556
20260821,9,500,15,3000,3000,3000,3000,"fast","control_informative",0.18,8,0.01,"","mirage_joint","trait1","bfdr_power",0.1,0.24
20260821,9,500,15,3000,3000,3000,3000,"fast","control_informative",0.18,8,0.01,"","mirage_joint","trait1","bfdr_discoveries",0.1,7
20260821,9,500,15,3000,3000,3000,3000,"fast","control_informative",0.18,8,0.01,"","mirage_joint","trait1","bfdr_observed_fdp",0.2,0.111111111111111
20260821,9,500,15,3000,3000,3000,3000,"fast","control_informative",0.18,8,0.01,"","mirage_joint","trait1","bfdr_estimate",0.2,0.170566441560171
20260821,9,500,15,3000,3000,3000,3000,"fast","control_informative",0.18,8,0.01,"","mirage_joint","trait1","bfdr_power",0.2,0.32
20260821,9,500,15,3000,3000,3000,3000,"fast","control_informative",0.18,8,0.01,"","mirage_joint","trait1","bfdr_discoveries",0.2,9
20260821,9,500,15,3000,3000,3000,3000,"fast","control_informative",0.18,8,0.01,"","mirage_joint","trait2","bfdr_observed_fdp",0.01,0
20260821,9,500,15,3000,3000,3000,3000,"fast","control_informative",0.18,8,0.01,"","mirage_joint","trait2","bfdr_estimate",0.01,0.000133425318820657
20260821,9,500,15,3000,3000,3000,3000,"fast","control_informative",0.18,8,0.01,"","mirage_joint","trait2","bfdr_power",0.01,0.1
20260821,9,500,15,3000,3000,3000,3000,"fast","control_informative",0.18,8,0.01,"","mirage_joint","trait2","bfdr_discoveries",0.01,1
20260821,9,500,15,3000,3000,3000,3000,"fast","control_informative",0.18,8,0.01,"","mirage_joint","trait2","bfdr_observed_fdp",0.05,0
20260821,9,500,15,3000,3000,3000,3000,"fast","control_informative",0.18,8,0.01,"","mirage_joint","trait2","bfdr_estimate",0.05,0.000133425318820657
20260821,9,500,15,3000,3000,3000,3000,"fast","control_informative",0.18,8,0.01,"","mirage_joint","trait2","bfdr_power",0.05,0.1
20260821,9,500,15,3000,3000,3000,3000,"fast","control_informative",0.18,8,0.01,"","mirage_joint","trait2","bfdr_discoveries",0.05,1
20260821,9,500,15,3000,3000,3000,3000,"fast","control_informative",0.18,8,0.01,"","mirage_joint","trait2","bfdr_observed_fdp",0.1,0
20260821,9,500,15,3000,3000,3000,3000,"fast","control_informative",0.18,8,0.01,"","mirage_joint","trait2","bfdr_estimate",0.1,0.0935099068757652
20260821,9,500,15,3000,3000,3000,3000,"fast","control_informative",0.18,8,0.01,"","mirage_joint","trait2","bfdr_power",0.1,0.2
20260821,9,500,15,3000,3000,3000,3000,"fast","control_informative",0.18,8,0.01,"","mirage_joint","trait2","bfdr_discoveries",0.1,2
20260821,9,500,15,3000,3000,3000,3000,"fast","control_informative",0.18,8,0.01,"","mirage_joint","trait2","bfdr_observed_fdp",0.2,0.25
20260821,9,500,15,3000,3000,3000,3000,"fast","control_informative",0.18,8,0.01,"","mirage_joint","trait2","bfdr_estimate",0.2,0.198754842868891
20260821,9,500,15,3000,3000,3000,3000,"fast","control_informative",0.18,8,0.01,"","mirage_joint","trait2","bfdr_power",0.2,0.3
20260821,9,500,15,3000,3000,3000,3000,"fast","control_informative",0.18,8,0.01,"","mirage_joint","trait2","bfdr_discoveries",0.2,4
20260821,9,500,15,3000,3000,3000,3000,"fast","control_informative",0.18,8,0.01,"","mirage_joint","pleiotropy","bfdr_observed_fdp",0.01,0
20260821,9,500,15,3000,3000,3000,3000,"fast","control_informative",0.18,8,0.01,"","mirage_joint","pleiotropy","bfdr_estimate",0.01,0
20260821,9,500,15,3000,3000,3000,3000,"fast","control_informative",0.18,8,0.01,"","mirage_joint","pleiotropy","bfdr_power",0.01,0
20260821,9,500,15,3000,3000,3000,3000,"fast","control_informative",0.18,8,0.01,"","mirage_joint","pleiotropy","bfdr_discoveries",0.01,0
20260821,9,500,15,3000,3000,3000,3000,"fast","control_informative",0.18,8,0.01,"","mirage_joint","pleiotropy","bfdr_observed_fdp",0.05,0
20260821,9,500,15,3000,3000,3000,3000,"fast","control_informative",0.18,8,0.01,"","mirage_joint","pleiotropy","bfdr_estimate",0.05,0
20260821,9,500,15,3000,3000,3000,3000,"fast","control_informative",0.18,8,0.01,"","mirage_joint","pleiotropy","bfdr_power",0.05,0
20260821,9,500,15,3000,3000,3000,3000,"fast","control_informative",0.18,8,0.01,"","mirage_joint","pleiotropy","bfdr_discoveries",0.05,0
20260821,9,500,15,3000,3000,3000,3000,"fast","control_informative",0.18,8,0.01,"","mirage_joint","pleiotropy","bfdr_observed_fdp",0.1,0
20260821,9,500,15,3000,3000,3000,3000,"fast","control_informative",0.18,8,0.01,"","mirage_joint","pleiotropy","bfdr_estimate",0.1,0
20260821,9,500,15,3000,3000,3000,3000,"fast","control_informative",0.18,8,0.01,"","mirage_joint","pleiotropy","bfdr_power",0.1,0
20260821,9,500,15,3000,3000,3000,3000,"fast","control_informative",0.18,8,0.01,"","mirage_joint","pleiotropy","bfdr_discoveries",0.1,0
20260821,9,500,15,3000,3000,3000,3000,"fast","control_informative",0.18,8,0.01,"","mirage_joint","pleiotropy","bfdr_observed_fdp",0.2,0
20260821,9,500,15,3000,3000,3000,3000,"fast","control_informative",0.18,8,0.01,"","mirage_joint","pleiotropy","bfdr_estimate",0.2,0
20260821,9,500,15,3000,3000,3000,3000,"fast","control_informative",0.18,8,0.01,"","mirage_joint","pleiotropy","bfdr_power",0.2,0
20260821,9,500,15,3000,3000,3000,3000,"fast","control_informative",0.18,8,0.01,"","mirage_joint","pleiotropy","bfdr_discoveries",0.2,0
20260821,9,500,15,3000,3000,3000,3000,"fast","control_informative",0.18,8,0.01,"","mirage_joint","global","runtime_seconds",NA,18.493
20260821,9,500,15,3000,3000,3000,3000,"fast","control_informative",0.18,8,0.01,"","mirage_joint","pleiotropy","pi11_estimate",NA,0.0277808377535666
20260821,9,500,15,3000,3000,3000,3000,"fast","control_informative",0.18,8,0.01,"","separate_mirage","trait1","auc",NA,0.767157894736842
20260821,9,500,15,3000,3000,3000,3000,"fast","control_informative",0.18,8,0.01,"","separate_mirage","trait2","auc",NA,0.706326530612245
20260821,9,500,15,3000,3000,3000,3000,"fast","control_informative",0.18,8,0.01,"","separate_mirage","pleiotropy","auc",NA,0.821010101010101
20260821,9,500,15,3000,3000,3000,3000,"fast","control_informative",0.18,8,0.01,"","separate_mirage","trait1","pp08_power",0.8,0.2
20260821,9,500,15,3000,3000,3000,3000,"fast","control_informative",0.18,8,0.01,"","separate_mirage","trait1","pp08_fdp",0.8,0
20260821,9,500,15,3000,3000,3000,3000,"fast","control_informative",0.18,8,0.01,"","separate_mirage","trait1","pp08_discoveries",0.8,5
20260821,9,500,15,3000,3000,3000,3000,"fast","control_informative",0.18,8,0.01,"","separate_mirage","trait2","pp08_power",0.8,0.1
20260821,9,500,15,3000,3000,3000,3000,"fast","control_informative",0.18,8,0.01,"","separate_mirage","trait2","pp08_fdp",0.8,0
20260821,9,500,15,3000,3000,3000,3000,"fast","control_informative",0.18,8,0.01,"","separate_mirage","trait2","pp08_discoveries",0.8,1
20260821,9,500,15,3000,3000,3000,3000,"fast","control_informative",0.18,8,0.01,"","separate_mirage","pleiotropy","pp08_power",0.8,0
20260821,9,500,15,3000,3000,3000,3000,"fast","control_informative",0.18,8,0.01,"","separate_mirage","pleiotropy","pp08_fdp",0.8,0
20260821,9,500,15,3000,3000,3000,3000,"fast","control_informative",0.18,8,0.01,"","separate_mirage","pleiotropy","pp08_discoveries",0.8,0
20260821,9,500,15,3000,3000,3000,3000,"fast","control_informative",0.18,8,0.01,"","separate_mirage","trait1","bfdr_observed_fdp",0.01,0
20260821,9,500,15,3000,3000,3000,3000,"fast","control_informative",0.18,8,0.01,"","separate_mirage","trait1","bfdr_estimate",0.01,0.000311265234575253
20260821,9,500,15,3000,3000,3000,3000,"fast","control_informative",0.18,8,0.01,"","separate_mirage","trait1","bfdr_power",0.01,0.16
20260821,9,500,15,3000,3000,3000,3000,"fast","control_informative",0.18,8,0.01,"","separate_mirage","trait1","bfdr_discoveries",0.01,4
20260821,9,500,15,3000,3000,3000,3000,"fast","control_informative",0.18,8,0.01,"","separate_mirage","trait1","bfdr_observed_fdp",0.05,0
20260821,9,500,15,3000,3000,3000,3000,"fast","control_informative",0.18,8,0.01,"","separate_mirage","trait1","bfdr_estimate",0.05,0.028000903860257
20260821,9,500,15,3000,3000,3000,3000,"fast","control_informative",0.18,8,0.01,"","separate_mirage","trait1","bfdr_power",0.05,0.2
20260821,9,500,15,3000,3000,3000,3000,"fast","control_informative",0.18,8,0.01,"","separate_mirage","trait1","bfdr_discoveries",0.05,5
20260821,9,500,15,3000,3000,3000,3000,"fast","control_informative",0.18,8,0.01,"","separate_mirage","trait1","bfdr_observed_fdp",0.1,0
20260821,9,500,15,3000,3000,3000,3000,"fast","control_informative",0.18,8,0.01,"","separate_mirage","trait1","bfdr_estimate",0.1,0.0660576441645376
20260821,9,500,15,3000,3000,3000,3000,"fast","control_informative",0.18,8,0.01,"","separate_mirage","trait1","bfdr_power",0.1,0.24
20260821,9,500,15,3000,3000,3000,3000,"fast","control_informative",0.18,8,0.01,"","separate_mirage","trait1","bfdr_discoveries",0.1,6
20260821,9,500,15,3000,3000,3000,3000,"fast","control_informative",0.18,8,0.01,"","separate_mirage","trait1","bfdr_observed_fdp",0.2,0
20260821,9,500,15,3000,3000,3000,3000,"fast","control_informative",0.18,8,0.01,"","separate_mirage","trait1","bfdr_estimate",0.2,0.152816222656078
20260821,9,500,15,3000,3000,3000,3000,"fast","control_informative",0.18,8,0.01,"","separate_mirage","trait1","bfdr_power",0.2,0.32
20260821,9,500,15,3000,3000,3000,3000,"fast","control_informative",0.18,8,0.01,"","separate_mirage","trait1","bfdr_discoveries",0.2,8
20260821,9,500,15,3000,3000,3000,3000,"fast","control_informative",0.18,8,0.01,"","separate_mirage","trait2","bfdr_observed_fdp",0.01,0
20260821,9,500,15,3000,3000,3000,3000,"fast","control_informative",0.18,8,0.01,"","separate_mirage","trait2","bfdr_estimate",0.01,0.000499522957376208
20260821,9,500,15,3000,3000,3000,3000,"fast","control_informative",0.18,8,0.01,"","separate_mirage","trait2","bfdr_power",0.01,0.1
20260821,9,500,15,3000,3000,3000,3000,"fast","control_informative",0.18,8,0.01,"","separate_mirage","trait2","bfdr_discoveries",0.01,1
20260821,9,500,15,3000,3000,3000,3000,"fast","control_informative",0.18,8,0.01,"","separate_mirage","trait2","bfdr_observed_fdp",0.05,0
20260821,9,500,15,3000,3000,3000,3000,"fast","control_informative",0.18,8,0.01,"","separate_mirage","trait2","bfdr_estimate",0.05,0.000499522957376208
20260821,9,500,15,3000,3000,3000,3000,"fast","control_informative",0.18,8,0.01,"","separate_mirage","trait2","bfdr_power",0.05,0.1
20260821,9,500,15,3000,3000,3000,3000,"fast","control_informative",0.18,8,0.01,"","separate_mirage","trait2","bfdr_discoveries",0.05,1
20260821,9,500,15,3000,3000,3000,3000,"fast","control_informative",0.18,8,0.01,"","separate_mirage","trait2","bfdr_observed_fdp",0.1,0
20260821,9,500,15,3000,3000,3000,3000,"fast","control_informative",0.18,8,0.01,"","separate_mirage","trait2","bfdr_estimate",0.1,0.000499522957376208
20260821,9,500,15,3000,3000,3000,3000,"fast","control_informative",0.18,8,0.01,"","separate_mirage","trait2","bfdr_power",0.1,0.1
20260821,9,500,15,3000,3000,3000,3000,"fast","control_informative",0.18,8,0.01,"","separate_mirage","trait2","bfdr_discoveries",0.1,1
20260821,9,500,15,3000,3000,3000,3000,"fast","control_informative",0.18,8,0.01,"","separate_mirage","trait2","bfdr_observed_fdp",0.2,0
20260821,9,500,15,3000,3000,3000,3000,"fast","control_informative",0.18,8,0.01,"","separate_mirage","trait2","bfdr_estimate",0.2,0.143280336406026
20260821,9,500,15,3000,3000,3000,3000,"fast","control_informative",0.18,8,0.01,"","separate_mirage","trait2","bfdr_power",0.2,0.2
20260821,9,500,15,3000,3000,3000,3000,"fast","control_informative",0.18,8,0.01,"","separate_mirage","trait2","bfdr_discoveries",0.2,2
20260821,9,500,15,3000,3000,3000,3000,"fast","control_informative",0.18,8,0.01,"","separate_mirage","pleiotropy","bfdr_observed_fdp",0.01,0
20260821,9,500,15,3000,3000,3000,3000,"fast","control_informative",0.18,8,0.01,"","separate_mirage","pleiotropy","bfdr_estimate",0.01,0
20260821,9,500,15,3000,3000,3000,3000,"fast","control_informative",0.18,8,0.01,"","separate_mirage","pleiotropy","bfdr_power",0.01,0
20260821,9,500,15,3000,3000,3000,3000,"fast","control_informative",0.18,8,0.01,"","separate_mirage","pleiotropy","bfdr_discoveries",0.01,0
20260821,9,500,15,3000,3000,3000,3000,"fast","control_informative",0.18,8,0.01,"","separate_mirage","pleiotropy","bfdr_observed_fdp",0.05,0
20260821,9,500,15,3000,3000,3000,3000,"fast","control_informative",0.18,8,0.01,"","separate_mirage","pleiotropy","bfdr_estimate",0.05,0
20260821,9,500,15,3000,3000,3000,3000,"fast","control_informative",0.18,8,0.01,"","separate_mirage","pleiotropy","bfdr_power",0.05,0
20260821,9,500,15,3000,3000,3000,3000,"fast","control_informative",0.18,8,0.01,"","separate_mirage","pleiotropy","bfdr_discoveries",0.05,0
20260821,9,500,15,3000,3000,3000,3000,"fast","control_informative",0.18,8,0.01,"","separate_mirage","pleiotropy","bfdr_observed_fdp",0.1,0
20260821,9,500,15,3000,3000,3000,3000,"fast","control_informative",0.18,8,0.01,"","separate_mirage","pleiotropy","bfdr_estimate",0.1,0
20260821,9,500,15,3000,3000,3000,3000,"fast","control_informative",0.18,8,0.01,"","separate_mirage","pleiotropy","bfdr_power",0.1,0
20260821,9,500,15,3000,3000,3000,3000,"fast","control_informative",0.18,8,0.01,"","separate_mirage","pleiotropy","bfdr_discoveries",0.1,0
20260821,9,500,15,3000,3000,3000,3000,"fast","control_informative",0.18,8,0.01,"","separate_mirage","pleiotropy","bfdr_observed_fdp",0.2,0
20260821,9,500,15,3000,3000,3000,3000,"fast","control_informative",0.18,8,0.01,"","separate_mirage","pleiotropy","bfdr_estimate",0.2,0
20260821,9,500,15,3000,3000,3000,3000,"fast","control_informative",0.18,8,0.01,"","separate_mirage","pleiotropy","bfdr_power",0.2,0
20260821,9,500,15,3000,3000,3000,3000,"fast","control_informative",0.18,8,0.01,"","separate_mirage","pleiotropy","bfdr_discoveries",0.2,0
20260821,9,500,15,3000,3000,3000,3000,"fast","control_informative",0.18,8,0.01,"","separate_mirage","global","runtime_seconds",NA,18.49
20260821,9,500,15,3000,3000,3000,3000,"fast","control_informative",0.18,8,0.01,"","separate_mirage","pleiotropy","pi11_estimate",NA,0.001
20260821,9,500,15,3000,3000,3000,3000,"fast","control_informative",0.18,8,0.01,"","mtada_aggregated","trait1","auc",NA,0.580294736842105
20260821,9,500,15,3000,3000,3000,3000,"fast","control_informative",0.18,8,0.01,"","mtada_aggregated","trait2","auc",NA,0.524285714285714
20260821,9,500,15,3000,3000,3000,3000,"fast","control_informative",0.18,8,0.01,"","mtada_aggregated","pleiotropy","auc",NA,0.542222222222222
20260821,9,500,15,3000,3000,3000,3000,"fast","control_informative",0.18,8,0.01,"","mtada_aggregated","trait1","pp08_power",0.8,0.64
20260821,9,500,15,3000,3000,3000,3000,"fast","control_informative",0.18,8,0.01,"","mtada_aggregated","trait1","pp08_fdp",0.8,0.937743190661479
20260821,9,500,15,3000,3000,3000,3000,"fast","control_informative",0.18,8,0.01,"","mtada_aggregated","trait1","pp08_discoveries",0.8,257
20260821,9,500,15,3000,3000,3000,3000,"fast","control_informative",0.18,8,0.01,"","mtada_aggregated","trait2","pp08_power",0.8,0.6
20260821,9,500,15,3000,3000,3000,3000,"fast","control_informative",0.18,8,0.01,"","mtada_aggregated","trait2","pp08_fdp",0.8,0.975708502024291
20260821,9,500,15,3000,3000,3000,3000,"fast","control_informative",0.18,8,0.01,"","mtada_aggregated","trait2","pp08_discoveries",0.8,247
20260821,9,500,15,3000,3000,3000,3000,"fast","control_informative",0.18,8,0.01,"","mtada_aggregated","pleiotropy","pp08_power",0.8,0.2
20260821,9,500,15,3000,3000,3000,3000,"fast","control_informative",0.18,8,0.01,"","mtada_aggregated","pleiotropy","pp08_fdp",0.8,0.993055555555556
20260821,9,500,15,3000,3000,3000,3000,"fast","control_informative",0.18,8,0.01,"","mtada_aggregated","pleiotropy","pp08_discoveries",0.8,144
20260821,9,500,15,3000,3000,3000,3000,"fast","control_informative",0.18,8,0.01,"","mtada_aggregated","trait1","bfdr_observed_fdp",0.01,0.937743190661479
20260821,9,500,15,3000,3000,3000,3000,"fast","control_informative",0.18,8,0.01,"","mtada_aggregated","trait1","bfdr_estimate",0.01,0.00958951564301853
20260821,9,500,15,3000,3000,3000,3000,"fast","control_informative",0.18,8,0.01,"","mtada_aggregated","trait1","bfdr_power",0.01,0.64
20260821,9,500,15,3000,3000,3000,3000,"fast","control_informative",0.18,8,0.01,"","mtada_aggregated","trait1","bfdr_discoveries",0.01,257
20260821,9,500,15,3000,3000,3000,3000,"fast","control_informative",0.18,8,0.01,"","mtada_aggregated","trait1","bfdr_observed_fdp",0.05,0.932862190812721
20260821,9,500,15,3000,3000,3000,3000,"fast","control_informative",0.18,8,0.01,"","mtada_aggregated","trait1","bfdr_estimate",0.05,0.0495997164537017
20260821,9,500,15,3000,3000,3000,3000,"fast","control_informative",0.18,8,0.01,"","mtada_aggregated","trait1","bfdr_power",0.05,0.76
20260821,9,500,15,3000,3000,3000,3000,"fast","control_informative",0.18,8,0.01,"","mtada_aggregated","trait1","bfdr_discoveries",0.05,283
20260821,9,500,15,3000,3000,3000,3000,"fast","control_informative",0.18,8,0.01,"","mtada_aggregated","trait1","bfdr_observed_fdp",0.1,0.937704918032787
20260821,9,500,15,3000,3000,3000,3000,"fast","control_informative",0.18,8,0.01,"","mtada_aggregated","trait1","bfdr_estimate",0.1,0.099427471553058
20260821,9,500,15,3000,3000,3000,3000,"fast","control_informative",0.18,8,0.01,"","mtada_aggregated","trait1","bfdr_power",0.1,0.76
20260821,9,500,15,3000,3000,3000,3000,"fast","control_informative",0.18,8,0.01,"","mtada_aggregated","trait1","bfdr_discoveries",0.1,305
20260821,9,500,15,3000,3000,3000,3000,"fast","control_informative",0.18,8,0.01,"","mtada_aggregated","trait1","bfdr_observed_fdp",0.2,0.933908045977011
20260821,9,500,15,3000,3000,3000,3000,"fast","control_informative",0.18,8,0.01,"","mtada_aggregated","trait1","bfdr_estimate",0.2,0.198389317061522
20260821,9,500,15,3000,3000,3000,3000,"fast","control_informative",0.18,8,0.01,"","mtada_aggregated","trait1","bfdr_power",0.2,0.92
20260821,9,500,15,3000,3000,3000,3000,"fast","control_informative",0.18,8,0.01,"","mtada_aggregated","trait1","bfdr_discoveries",0.2,348
20260821,9,500,15,3000,3000,3000,3000,"fast","control_informative",0.18,8,0.01,"","mtada_aggregated","trait2","bfdr_observed_fdp",0.01,0.976
20260821,9,500,15,3000,3000,3000,3000,"fast","control_informative",0.18,8,0.01,"","mtada_aggregated","trait2","bfdr_estimate",0.01,0.0099224603996235
20260821,9,500,15,3000,3000,3000,3000,"fast","control_informative",0.18,8,0.01,"","mtada_aggregated","trait2","bfdr_power",0.01,0.6
20260821,9,500,15,3000,3000,3000,3000,"fast","control_informative",0.18,8,0.01,"","mtada_aggregated","trait2","bfdr_discoveries",0.01,250
20260821,9,500,15,3000,3000,3000,3000,"fast","control_informative",0.18,8,0.01,"","mtada_aggregated","trait2","bfdr_observed_fdp",0.05,0.974358974358974
20260821,9,500,15,3000,3000,3000,3000,"fast","control_informative",0.18,8,0.01,"","mtada_aggregated","trait2","bfdr_estimate",0.05,0.048037452732872
20260821,9,500,15,3000,3000,3000,3000,"fast","control_informative",0.18,8,0.01,"","mtada_aggregated","trait2","bfdr_power",0.05,0.7
20260821,9,500,15,3000,3000,3000,3000,"fast","control_informative",0.18,8,0.01,"","mtada_aggregated","trait2","bfdr_discoveries",0.05,273
20260821,9,500,15,3000,3000,3000,3000,"fast","control_informative",0.18,8,0.01,"","mtada_aggregated","trait2","bfdr_observed_fdp",0.1,0.976190476190476
20260821,9,500,15,3000,3000,3000,3000,"fast","control_informative",0.18,8,0.01,"","mtada_aggregated","trait2","bfdr_estimate",0.1,0.0993871501612973
20260821,9,500,15,3000,3000,3000,3000,"fast","control_informative",0.18,8,0.01,"","mtada_aggregated","trait2","bfdr_power",0.1,0.7
20260821,9,500,15,3000,3000,3000,3000,"fast","control_informative",0.18,8,0.01,"","mtada_aggregated","trait2","bfdr_discoveries",0.1,294
20260821,9,500,15,3000,3000,3000,3000,"fast","control_informative",0.18,8,0.01,"","mtada_aggregated","trait2","bfdr_observed_fdp",0.2,0.979041916167665
20260821,9,500,15,3000,3000,3000,3000,"fast","control_informative",0.18,8,0.01,"","mtada_aggregated","trait2","bfdr_estimate",0.2,0.198365234049803
20260821,9,500,15,3000,3000,3000,3000,"fast","control_informative",0.18,8,0.01,"","mtada_aggregated","trait2","bfdr_power",0.2,0.7
20260821,9,500,15,3000,3000,3000,3000,"fast","control_informative",0.18,8,0.01,"","mtada_aggregated","trait2","bfdr_discoveries",0.2,334
20260821,9,500,15,3000,3000,3000,3000,"fast","control_informative",0.18,8,0.01,"","mtada_aggregated","pleiotropy","bfdr_observed_fdp",0.01,0.992700729927007
20260821,9,500,15,3000,3000,3000,3000,"fast","control_informative",0.18,8,0.01,"","mtada_aggregated","pleiotropy","bfdr_estimate",0.01,0.00998686788159735
20260821,9,500,15,3000,3000,3000,3000,"fast","control_informative",0.18,8,0.01,"","mtada_aggregated","pleiotropy","bfdr_power",0.01,0.2
20260821,9,500,15,3000,3000,3000,3000,"fast","control_informative",0.18,8,0.01,"","mtada_aggregated","pleiotropy","bfdr_discoveries",0.01,137
20260821,9,500,15,3000,3000,3000,3000,"fast","control_informative",0.18,8,0.01,"","mtada_aggregated","pleiotropy","bfdr_observed_fdp",0.05,0.987577639751553
20260821,9,500,15,3000,3000,3000,3000,"fast","control_informative",0.18,8,0.01,"","mtada_aggregated","pleiotropy","bfdr_estimate",0.05,0.0483756762777205
20260821,9,500,15,3000,3000,3000,3000,"fast","control_informative",0.18,8,0.01,"","mtada_aggregated","pleiotropy","bfdr_power",0.05,0.4
20260821,9,500,15,3000,3000,3000,3000,"fast","control_informative",0.18,8,0.01,"","mtada_aggregated","pleiotropy","bfdr_discoveries",0.05,161
20260821,9,500,15,3000,3000,3000,3000,"fast","control_informative",0.18,8,0.01,"","mtada_aggregated","pleiotropy","bfdr_observed_fdp",0.1,0.983050847457627
20260821,9,500,15,3000,3000,3000,3000,"fast","control_informative",0.18,8,0.01,"","mtada_aggregated","pleiotropy","bfdr_estimate",0.1,0.0974114865705
20260821,9,500,15,3000,3000,3000,3000,"fast","control_informative",0.18,8,0.01,"","mtada_aggregated","pleiotropy","bfdr_power",0.1,0.6
20260821,9,500,15,3000,3000,3000,3000,"fast","control_informative",0.18,8,0.01,"","mtada_aggregated","pleiotropy","bfdr_discoveries",0.1,177
20260821,9,500,15,3000,3000,3000,3000,"fast","control_informative",0.18,8,0.01,"","mtada_aggregated","pleiotropy","bfdr_observed_fdp",0.2,0.985507246376812
20260821,9,500,15,3000,3000,3000,3000,"fast","control_informative",0.18,8,0.01,"","mtada_aggregated","pleiotropy","bfdr_estimate",0.2,0.199960203542539
20260821,9,500,15,3000,3000,3000,3000,"fast","control_informative",0.18,8,0.01,"","mtada_aggregated","pleiotropy","bfdr_power",0.2,0.6
20260821,9,500,15,3000,3000,3000,3000,"fast","control_informative",0.18,8,0.01,"","mtada_aggregated","pleiotropy","bfdr_discoveries",0.2,207
20260821,9,500,15,3000,3000,3000,3000,"fast","control_informative",0.18,8,0.01,"","mtada_aggregated","global","runtime_seconds",NA,0.975000000000023
20260821,9,500,15,3000,3000,3000,3000,"fast","control_informative",0.18,8,0.01,"","mtada_aggregated","pleiotropy","pi11_estimate",NA,0.00794011
20260822,10,500,15,3000,3000,3000,3000,"fast","control_informative",0.18,8,0.01,"","mirage_joint","trait1","auc",NA,0.771957894736842
20260822,10,500,15,3000,3000,3000,3000,"fast","control_informative",0.18,8,0.01,"","mirage_joint","trait2","auc",NA,0.778163265306122
20260822,10,500,15,3000,3000,3000,3000,"fast","control_informative",0.18,8,0.01,"","mirage_joint","pleiotropy","auc",NA,0.788282828282828
20260822,10,500,15,3000,3000,3000,3000,"fast","control_informative",0.18,8,0.01,"","mirage_joint","trait1","pp08_power",0.8,0.2
20260822,10,500,15,3000,3000,3000,3000,"fast","control_informative",0.18,8,0.01,"","mirage_joint","trait1","pp08_fdp",0.8,0
20260822,10,500,15,3000,3000,3000,3000,"fast","control_informative",0.18,8,0.01,"","mirage_joint","trait1","pp08_discoveries",0.8,5
20260822,10,500,15,3000,3000,3000,3000,"fast","control_informative",0.18,8,0.01,"","mirage_joint","trait2","pp08_power",0.8,0
20260822,10,500,15,3000,3000,3000,3000,"fast","control_informative",0.18,8,0.01,"","mirage_joint","trait2","pp08_fdp",0.8,0
20260822,10,500,15,3000,3000,3000,3000,"fast","control_informative",0.18,8,0.01,"","mirage_joint","trait2","pp08_discoveries",0.8,0
20260822,10,500,15,3000,3000,3000,3000,"fast","control_informative",0.18,8,0.01,"","mirage_joint","pleiotropy","pp08_power",0.8,0
20260822,10,500,15,3000,3000,3000,3000,"fast","control_informative",0.18,8,0.01,"","mirage_joint","pleiotropy","pp08_fdp",0.8,0
20260822,10,500,15,3000,3000,3000,3000,"fast","control_informative",0.18,8,0.01,"","mirage_joint","pleiotropy","pp08_discoveries",0.8,0
20260822,10,500,15,3000,3000,3000,3000,"fast","control_informative",0.18,8,0.01,"","mirage_joint","trait1","bfdr_observed_fdp",0.01,0
20260822,10,500,15,3000,3000,3000,3000,"fast","control_informative",0.18,8,0.01,"","mirage_joint","trait1","bfdr_estimate",0.01,0.00111286980188809
20260822,10,500,15,3000,3000,3000,3000,"fast","control_informative",0.18,8,0.01,"","mirage_joint","trait1","bfdr_power",0.01,0.2
20260822,10,500,15,3000,3000,3000,3000,"fast","control_informative",0.18,8,0.01,"","mirage_joint","trait1","bfdr_discoveries",0.01,5
20260822,10,500,15,3000,3000,3000,3000,"fast","control_informative",0.18,8,0.01,"","mirage_joint","trait1","bfdr_observed_fdp",0.05,0
20260822,10,500,15,3000,3000,3000,3000,"fast","control_informative",0.18,8,0.01,"","mirage_joint","trait1","bfdr_estimate",0.05,0.00111286980188809
20260822,10,500,15,3000,3000,3000,3000,"fast","control_informative",0.18,8,0.01,"","mirage_joint","trait1","bfdr_power",0.05,0.2
20260822,10,500,15,3000,3000,3000,3000,"fast","control_informative",0.18,8,0.01,"","mirage_joint","trait1","bfdr_discoveries",0.05,5
20260822,10,500,15,3000,3000,3000,3000,"fast","control_informative",0.18,8,0.01,"","mirage_joint","trait1","bfdr_observed_fdp",0.1,0
20260822,10,500,15,3000,3000,3000,3000,"fast","control_informative",0.18,8,0.01,"","mirage_joint","trait1","bfdr_estimate",0.1,0.0771811599595297
20260822,10,500,15,3000,3000,3000,3000,"fast","control_informative",0.18,8,0.01,"","mirage_joint","trait1","bfdr_power",0.1,0.24
20260822,10,500,15,3000,3000,3000,3000,"fast","control_informative",0.18,8,0.01,"","mirage_joint","trait1","bfdr_discoveries",0.1,6
20260822,10,500,15,3000,3000,3000,3000,"fast","control_informative",0.18,8,0.01,"","mirage_joint","trait1","bfdr_observed_fdp",0.2,0.25
20260822,10,500,15,3000,3000,3000,3000,"fast","control_informative",0.18,8,0.01,"","mirage_joint","trait1","bfdr_estimate",0.2,0.188149977344356
20260822,10,500,15,3000,3000,3000,3000,"fast","control_informative",0.18,8,0.01,"","mirage_joint","trait1","bfdr_power",0.2,0.24
20260822,10,500,15,3000,3000,3000,3000,"fast","control_informative",0.18,8,0.01,"","mirage_joint","trait1","bfdr_discoveries",0.2,8
20260822,10,500,15,3000,3000,3000,3000,"fast","control_informative",0.18,8,0.01,"","mirage_joint","trait2","bfdr_observed_fdp",0.01,0
20260822,10,500,15,3000,3000,3000,3000,"fast","control_informative",0.18,8,0.01,"","mirage_joint","trait2","bfdr_estimate",0.01,0
20260822,10,500,15,3000,3000,3000,3000,"fast","control_informative",0.18,8,0.01,"","mirage_joint","trait2","bfdr_power",0.01,0
20260822,10,500,15,3000,3000,3000,3000,"fast","control_informative",0.18,8,0.01,"","mirage_joint","trait2","bfdr_discoveries",0.01,0
20260822,10,500,15,3000,3000,3000,3000,"fast","control_informative",0.18,8,0.01,"","mirage_joint","trait2","bfdr_observed_fdp",0.05,0
20260822,10,500,15,3000,3000,3000,3000,"fast","control_informative",0.18,8,0.01,"","mirage_joint","trait2","bfdr_estimate",0.05,0
20260822,10,500,15,3000,3000,3000,3000,"fast","control_informative",0.18,8,0.01,"","mirage_joint","trait2","bfdr_power",0.05,0
20260822,10,500,15,3000,3000,3000,3000,"fast","control_informative",0.18,8,0.01,"","mirage_joint","trait2","bfdr_discoveries",0.05,0
20260822,10,500,15,3000,3000,3000,3000,"fast","control_informative",0.18,8,0.01,"","mirage_joint","trait2","bfdr_observed_fdp",0.1,0
20260822,10,500,15,3000,3000,3000,3000,"fast","control_informative",0.18,8,0.01,"","mirage_joint","trait2","bfdr_estimate",0.1,0
20260822,10,500,15,3000,3000,3000,3000,"fast","control_informative",0.18,8,0.01,"","mirage_joint","trait2","bfdr_power",0.1,0
20260822,10,500,15,3000,3000,3000,3000,"fast","control_informative",0.18,8,0.01,"","mirage_joint","trait2","bfdr_discoveries",0.1,0
20260822,10,500,15,3000,3000,3000,3000,"fast","control_informative",0.18,8,0.01,"","mirage_joint","trait2","bfdr_observed_fdp",0.2,0
20260822,10,500,15,3000,3000,3000,3000,"fast","control_informative",0.18,8,0.01,"","mirage_joint","trait2","bfdr_estimate",0.2,0
20260822,10,500,15,3000,3000,3000,3000,"fast","control_informative",0.18,8,0.01,"","mirage_joint","trait2","bfdr_power",0.2,0
20260822,10,500,15,3000,3000,3000,3000,"fast","control_informative",0.18,8,0.01,"","mirage_joint","trait2","bfdr_discoveries",0.2,0
20260822,10,500,15,3000,3000,3000,3000,"fast","control_informative",0.18,8,0.01,"","mirage_joint","pleiotropy","bfdr_observed_fdp",0.01,0
20260822,10,500,15,3000,3000,3000,3000,"fast","control_informative",0.18,8,0.01,"","mirage_joint","pleiotropy","bfdr_estimate",0.01,0
20260822,10,500,15,3000,3000,3000,3000,"fast","control_informative",0.18,8,0.01,"","mirage_joint","pleiotropy","bfdr_power",0.01,0
20260822,10,500,15,3000,3000,3000,3000,"fast","control_informative",0.18,8,0.01,"","mirage_joint","pleiotropy","bfdr_discoveries",0.01,0
20260822,10,500,15,3000,3000,3000,3000,"fast","control_informative",0.18,8,0.01,"","mirage_joint","pleiotropy","bfdr_observed_fdp",0.05,0
20260822,10,500,15,3000,3000,3000,3000,"fast","control_informative",0.18,8,0.01,"","mirage_joint","pleiotropy","bfdr_estimate",0.05,0
20260822,10,500,15,3000,3000,3000,3000,"fast","control_informative",0.18,8,0.01,"","mirage_joint","pleiotropy","bfdr_power",0.05,0
20260822,10,500,15,3000,3000,3000,3000,"fast","control_informative",0.18,8,0.01,"","mirage_joint","pleiotropy","bfdr_discoveries",0.05,0
20260822,10,500,15,3000,3000,3000,3000,"fast","control_informative",0.18,8,0.01,"","mirage_joint","pleiotropy","bfdr_observed_fdp",0.1,0
20260822,10,500,15,3000,3000,3000,3000,"fast","control_informative",0.18,8,0.01,"","mirage_joint","pleiotropy","bfdr_estimate",0.1,0
20260822,10,500,15,3000,3000,3000,3000,"fast","control_informative",0.18,8,0.01,"","mirage_joint","pleiotropy","bfdr_power",0.1,0
20260822,10,500,15,3000,3000,3000,3000,"fast","control_informative",0.18,8,0.01,"","mirage_joint","pleiotropy","bfdr_discoveries",0.1,0
20260822,10,500,15,3000,3000,3000,3000,"fast","control_informative",0.18,8,0.01,"","mirage_joint","pleiotropy","bfdr_observed_fdp",0.2,0
20260822,10,500,15,3000,3000,3000,3000,"fast","control_informative",0.18,8,0.01,"","mirage_joint","pleiotropy","bfdr_estimate",0.2,0
20260822,10,500,15,3000,3000,3000,3000,"fast","control_informative",0.18,8,0.01,"","mirage_joint","pleiotropy","bfdr_power",0.2,0
20260822,10,500,15,3000,3000,3000,3000,"fast","control_informative",0.18,8,0.01,"","mirage_joint","pleiotropy","bfdr_discoveries",0.2,0
20260822,10,500,15,3000,3000,3000,3000,"fast","control_informative",0.18,8,0.01,"","mirage_joint","global","runtime_seconds",NA,19.048
20260822,10,500,15,3000,3000,3000,3000,"fast","control_informative",0.18,8,0.01,"","mirage_joint","pleiotropy","pi11_estimate",NA,0.0148070611534401
20260822,10,500,15,3000,3000,3000,3000,"fast","control_informative",0.18,8,0.01,"","separate_mirage","trait1","auc",NA,0.773305263157895
20260822,10,500,15,3000,3000,3000,3000,"fast","control_informative",0.18,8,0.01,"","separate_mirage","trait2","auc",NA,0.695102040816327
20260822,10,500,15,3000,3000,3000,3000,"fast","control_informative",0.18,8,0.01,"","separate_mirage","pleiotropy","auc",NA,0.806868686868687
20260822,10,500,15,3000,3000,3000,3000,"fast","control_informative",0.18,8,0.01,"","separate_mirage","trait1","pp08_power",0.8,0.2
20260822,10,500,15,3000,3000,3000,3000,"fast","control_informative",0.18,8,0.01,"","separate_mirage","trait1","pp08_fdp",0.8,0
20260822,10,500,15,3000,3000,3000,3000,"fast","control_informative",0.18,8,0.01,"","separate_mirage","trait1","pp08_discoveries",0.8,5
20260822,10,500,15,3000,3000,3000,3000,"fast","control_informative",0.18,8,0.01,"","separate_mirage","trait2","pp08_power",0.8,0
20260822,10,500,15,3000,3000,3000,3000,"fast","control_informative",0.18,8,0.01,"","separate_mirage","trait2","pp08_fdp",0.8,0
20260822,10,500,15,3000,3000,3000,3000,"fast","control_informative",0.18,8,0.01,"","separate_mirage","trait2","pp08_discoveries",0.8,0
20260822,10,500,15,3000,3000,3000,3000,"fast","control_informative",0.18,8,0.01,"","separate_mirage","pleiotropy","pp08_power",0.8,0
20260822,10,500,15,3000,3000,3000,3000,"fast","control_informative",0.18,8,0.01,"","separate_mirage","pleiotropy","pp08_fdp",0.8,0
20260822,10,500,15,3000,3000,3000,3000,"fast","control_informative",0.18,8,0.01,"","separate_mirage","pleiotropy","pp08_discoveries",0.8,0
20260822,10,500,15,3000,3000,3000,3000,"fast","control_informative",0.18,8,0.01,"","separate_mirage","trait1","bfdr_observed_fdp",0.01,0
20260822,10,500,15,3000,3000,3000,3000,"fast","control_informative",0.18,8,0.01,"","separate_mirage","trait1","bfdr_estimate",0.01,0.00119949374461439
20260822,10,500,15,3000,3000,3000,3000,"fast","control_informative",0.18,8,0.01,"","separate_mirage","trait1","bfdr_power",0.01,0.2
20260822,10,500,15,3000,3000,3000,3000,"fast","control_informative",0.18,8,0.01,"","separate_mirage","trait1","bfdr_discoveries",0.01,5
20260822,10,500,15,3000,3000,3000,3000,"fast","control_informative",0.18,8,0.01,"","separate_mirage","trait1","bfdr_observed_fdp",0.05,0
20260822,10,500,15,3000,3000,3000,3000,"fast","control_informative",0.18,8,0.01,"","separate_mirage","trait1","bfdr_estimate",0.05,0.00119949374461439
20260822,10,500,15,3000,3000,3000,3000,"fast","control_informative",0.18,8,0.01,"","separate_mirage","trait1","bfdr_power",0.05,0.2
20260822,10,500,15,3000,3000,3000,3000,"fast","control_informative",0.18,8,0.01,"","separate_mirage","trait1","bfdr_discoveries",0.05,5
20260822,10,500,15,3000,3000,3000,3000,"fast","control_informative",0.18,8,0.01,"","separate_mirage","trait1","bfdr_observed_fdp",0.1,0.166666666666667
20260822,10,500,15,3000,3000,3000,3000,"fast","control_informative",0.18,8,0.01,"","separate_mirage","trait1","bfdr_estimate",0.1,0.0883042678449899
20260822,10,500,15,3000,3000,3000,3000,"fast","control_informative",0.18,8,0.01,"","separate_mirage","trait1","bfdr_power",0.1,0.2
20260822,10,500,15,3000,3000,3000,3000,"fast","control_informative",0.18,8,0.01,"","separate_mirage","trait1","bfdr_discoveries",0.1,6
20260822,10,500,15,3000,3000,3000,3000,"fast","control_informative",0.18,8,0.01,"","separate_mirage","trait1","bfdr_observed_fdp",0.2,0.142857142857143
20260822,10,500,15,3000,3000,3000,3000,"fast","control_informative",0.18,8,0.01,"","separate_mirage","trait1","bfdr_estimate",0.2,0.151101185422083
20260822,10,500,15,3000,3000,3000,3000,"fast","control_informative",0.18,8,0.01,"","separate_mirage","trait1","bfdr_power",0.2,0.24
20260822,10,500,15,3000,3000,3000,3000,"fast","control_informative",0.18,8,0.01,"","separate_mirage","trait1","bfdr_discoveries",0.2,7
20260822,10,500,15,3000,3000,3000,3000,"fast","control_informative",0.18,8,0.01,"","separate_mirage","trait2","bfdr_observed_fdp",0.01,0
20260822,10,500,15,3000,3000,3000,3000,"fast","control_informative",0.18,8,0.01,"","separate_mirage","trait2","bfdr_estimate",0.01,0
20260822,10,500,15,3000,3000,3000,3000,"fast","control_informative",0.18,8,0.01,"","separate_mirage","trait2","bfdr_power",0.01,0
20260822,10,500,15,3000,3000,3000,3000,"fast","control_informative",0.18,8,0.01,"","separate_mirage","trait2","bfdr_discoveries",0.01,0
20260822,10,500,15,3000,3000,3000,3000,"fast","control_informative",0.18,8,0.01,"","separate_mirage","trait2","bfdr_observed_fdp",0.05,0
20260822,10,500,15,3000,3000,3000,3000,"fast","control_informative",0.18,8,0.01,"","separate_mirage","trait2","bfdr_estimate",0.05,0
20260822,10,500,15,3000,3000,3000,3000,"fast","control_informative",0.18,8,0.01,"","separate_mirage","trait2","bfdr_power",0.05,0
20260822,10,500,15,3000,3000,3000,3000,"fast","control_informative",0.18,8,0.01,"","separate_mirage","trait2","bfdr_discoveries",0.05,0
20260822,10,500,15,3000,3000,3000,3000,"fast","control_informative",0.18,8,0.01,"","separate_mirage","trait2","bfdr_observed_fdp",0.1,0
20260822,10,500,15,3000,3000,3000,3000,"fast","control_informative",0.18,8,0.01,"","separate_mirage","trait2","bfdr_estimate",0.1,0
20260822,10,500,15,3000,3000,3000,3000,"fast","control_informative",0.18,8,0.01,"","separate_mirage","trait2","bfdr_power",0.1,0
20260822,10,500,15,3000,3000,3000,3000,"fast","control_informative",0.18,8,0.01,"","separate_mirage","trait2","bfdr_discoveries",0.1,0
20260822,10,500,15,3000,3000,3000,3000,"fast","control_informative",0.18,8,0.01,"","separate_mirage","trait2","bfdr_observed_fdp",0.2,0
20260822,10,500,15,3000,3000,3000,3000,"fast","control_informative",0.18,8,0.01,"","separate_mirage","trait2","bfdr_estimate",0.2,0
20260822,10,500,15,3000,3000,3000,3000,"fast","control_informative",0.18,8,0.01,"","separate_mirage","trait2","bfdr_power",0.2,0
20260822,10,500,15,3000,3000,3000,3000,"fast","control_informative",0.18,8,0.01,"","separate_mirage","trait2","bfdr_discoveries",0.2,0
20260822,10,500,15,3000,3000,3000,3000,"fast","control_informative",0.18,8,0.01,"","separate_mirage","pleiotropy","bfdr_observed_fdp",0.01,0
20260822,10,500,15,3000,3000,3000,3000,"fast","control_informative",0.18,8,0.01,"","separate_mirage","pleiotropy","bfdr_estimate",0.01,0
20260822,10,500,15,3000,3000,3000,3000,"fast","control_informative",0.18,8,0.01,"","separate_mirage","pleiotropy","bfdr_power",0.01,0
20260822,10,500,15,3000,3000,3000,3000,"fast","control_informative",0.18,8,0.01,"","separate_mirage","pleiotropy","bfdr_discoveries",0.01,0
20260822,10,500,15,3000,3000,3000,3000,"fast","control_informative",0.18,8,0.01,"","separate_mirage","pleiotropy","bfdr_observed_fdp",0.05,0
20260822,10,500,15,3000,3000,3000,3000,"fast","control_informative",0.18,8,0.01,"","separate_mirage","pleiotropy","bfdr_estimate",0.05,0
20260822,10,500,15,3000,3000,3000,3000,"fast","control_informative",0.18,8,0.01,"","separate_mirage","pleiotropy","bfdr_power",0.05,0
20260822,10,500,15,3000,3000,3000,3000,"fast","control_informative",0.18,8,0.01,"","separate_mirage","pleiotropy","bfdr_discoveries",0.05,0
20260822,10,500,15,3000,3000,3000,3000,"fast","control_informative",0.18,8,0.01,"","separate_mirage","pleiotropy","bfdr_observed_fdp",0.1,0
20260822,10,500,15,3000,3000,3000,3000,"fast","control_informative",0.18,8,0.01,"","separate_mirage","pleiotropy","bfdr_estimate",0.1,0
20260822,10,500,15,3000,3000,3000,3000,"fast","control_informative",0.18,8,0.01,"","separate_mirage","pleiotropy","bfdr_power",0.1,0
20260822,10,500,15,3000,3000,3000,3000,"fast","control_informative",0.18,8,0.01,"","separate_mirage","pleiotropy","bfdr_discoveries",0.1,0
20260822,10,500,15,3000,3000,3000,3000,"fast","control_informative",0.18,8,0.01,"","separate_mirage","pleiotropy","bfdr_observed_fdp",0.2,0
20260822,10,500,15,3000,3000,3000,3000,"fast","control_informative",0.18,8,0.01,"","separate_mirage","pleiotropy","bfdr_estimate",0.2,0
20260822,10,500,15,3000,3000,3000,3000,"fast","control_informative",0.18,8,0.01,"","separate_mirage","pleiotropy","bfdr_power",0.2,0
20260822,10,500,15,3000,3000,3000,3000,"fast","control_informative",0.18,8,0.01,"","separate_mirage","pleiotropy","bfdr_discoveries",0.2,0
20260822,10,500,15,3000,3000,3000,3000,"fast","control_informative",0.18,8,0.01,"","separate_mirage","global","runtime_seconds",NA,18.764
20260822,10,500,15,3000,3000,3000,3000,"fast","control_informative",0.18,8,0.01,"","separate_mirage","pleiotropy","pi11_estimate",NA,0.001
20260822,10,500,15,3000,3000,3000,3000,"fast","control_informative",0.18,8,0.01,"","mtada_aggregated","trait1","auc",NA,0.61941052631579
20260822,10,500,15,3000,3000,3000,3000,"fast","control_informative",0.18,8,0.01,"","mtada_aggregated","trait2","auc",NA,0.539183673469388
20260822,10,500,15,3000,3000,3000,3000,"fast","control_informative",0.18,8,0.01,"","mtada_aggregated","pleiotropy","auc",NA,0.463838383838384
20260822,10,500,15,3000,3000,3000,3000,"fast","control_informative",0.18,8,0.01,"","mtada_aggregated","trait1","pp08_power",0.8,0.68
20260822,10,500,15,3000,3000,3000,3000,"fast","control_informative",0.18,8,0.01,"","mtada_aggregated","trait1","pp08_fdp",0.8,0.939501779359431
20260822,10,500,15,3000,3000,3000,3000,"fast","control_informative",0.18,8,0.01,"","mtada_aggregated","trait1","pp08_discoveries",0.8,281
20260822,10,500,15,3000,3000,3000,3000,"fast","control_informative",0.18,8,0.01,"","mtada_aggregated","trait2","pp08_power",0.8,0.6
20260822,10,500,15,3000,3000,3000,3000,"fast","control_informative",0.18,8,0.01,"","mtada_aggregated","trait2","pp08_fdp",0.8,0.97609561752988
20260822,10,500,15,3000,3000,3000,3000,"fast","control_informative",0.18,8,0.01,"","mtada_aggregated","trait2","pp08_discoveries",0.8,251
20260822,10,500,15,3000,3000,3000,3000,"fast","control_informative",0.18,8,0.01,"","mtada_aggregated","pleiotropy","pp08_power",0.8,0.2
20260822,10,500,15,3000,3000,3000,3000,"fast","control_informative",0.18,8,0.01,"","mtada_aggregated","pleiotropy","pp08_fdp",0.8,0.993630573248408
20260822,10,500,15,3000,3000,3000,3000,"fast","control_informative",0.18,8,0.01,"","mtada_aggregated","pleiotropy","pp08_discoveries",0.8,157
20260822,10,500,15,3000,3000,3000,3000,"fast","control_informative",0.18,8,0.01,"","mtada_aggregated","trait1","bfdr_observed_fdp",0.01,0.938848920863309
20260822,10,500,15,3000,3000,3000,3000,"fast","control_informative",0.18,8,0.01,"","mtada_aggregated","trait1","bfdr_estimate",0.01,0.0096551423697672
20260822,10,500,15,3000,3000,3000,3000,"fast","control_informative",0.18,8,0.01,"","mtada_aggregated","trait1","bfdr_power",0.01,0.68
20260822,10,500,15,3000,3000,3000,3000,"fast","control_informative",0.18,8,0.01,"","mtada_aggregated","trait1","bfdr_discoveries",0.01,278
20260822,10,500,15,3000,3000,3000,3000,"fast","control_informative",0.18,8,0.01,"","mtada_aggregated","trait1","bfdr_observed_fdp",0.05,0.939102564102564
20260822,10,500,15,3000,3000,3000,3000,"fast","control_informative",0.18,8,0.01,"","mtada_aggregated","trait1","bfdr_estimate",0.05,0.0492433157459345
20260822,10,500,15,3000,3000,3000,3000,"fast","control_informative",0.18,8,0.01,"","mtada_aggregated","trait1","bfdr_power",0.05,0.76
20260822,10,500,15,3000,3000,3000,3000,"fast","control_informative",0.18,8,0.01,"","mtada_aggregated","trait1","bfdr_discoveries",0.05,312
20260822,10,500,15,3000,3000,3000,3000,"fast","control_informative",0.18,8,0.01,"","mtada_aggregated","trait1","bfdr_observed_fdp",0.1,0.943786982248521
20260822,10,500,15,3000,3000,3000,3000,"fast","control_informative",0.18,8,0.01,"","mtada_aggregated","trait1","bfdr_estimate",0.1,0.0989008775173678
20260822,10,500,15,3000,3000,3000,3000,"fast","control_informative",0.18,8,0.01,"","mtada_aggregated","trait1","bfdr_power",0.1,0.76
20260822,10,500,15,3000,3000,3000,3000,"fast","control_informative",0.18,8,0.01,"","mtada_aggregated","trait1","bfdr_discoveries",0.1,338
20260822,10,500,15,3000,3000,3000,3000,"fast","control_informative",0.18,8,0.01,"","mtada_aggregated","trait1","bfdr_observed_fdp",0.2,0.948320413436692
20260822,10,500,15,3000,3000,3000,3000,"fast","control_informative",0.18,8,0.01,"","mtada_aggregated","trait1","bfdr_estimate",0.2,0.198606571072717
20260822,10,500,15,3000,3000,3000,3000,"fast","control_informative",0.18,8,0.01,"","mtada_aggregated","trait1","bfdr_power",0.2,0.8
20260822,10,500,15,3000,3000,3000,3000,"fast","control_informative",0.18,8,0.01,"","mtada_aggregated","trait1","bfdr_discoveries",0.2,387
20260822,10,500,15,3000,3000,3000,3000,"fast","control_informative",0.18,8,0.01,"","mtada_aggregated","trait2","bfdr_observed_fdp",0.01,0.976377952755906
20260822,10,500,15,3000,3000,3000,3000,"fast","control_informative",0.18,8,0.01,"","mtada_aggregated","trait2","bfdr_estimate",0.01,0.00996879928522008
20260822,10,500,15,3000,3000,3000,3000,"fast","control_informative",0.18,8,0.01,"","mtada_aggregated","trait2","bfdr_power",0.01,0.6
20260822,10,500,15,3000,3000,3000,3000,"fast","control_informative",0.18,8,0.01,"","mtada_aggregated","trait2","bfdr_discoveries",0.01,254
20260822,10,500,15,3000,3000,3000,3000,"fast","control_informative",0.18,8,0.01,"","mtada_aggregated","trait2","bfdr_observed_fdp",0.05,0.978571428571429
20260822,10,500,15,3000,3000,3000,3000,"fast","control_informative",0.18,8,0.01,"","mtada_aggregated","trait2","bfdr_estimate",0.05,0.0486480484274846
20260822,10,500,15,3000,3000,3000,3000,"fast","control_informative",0.18,8,0.01,"","mtada_aggregated","trait2","bfdr_power",0.05,0.6
20260822,10,500,15,3000,3000,3000,3000,"fast","control_informative",0.18,8,0.01,"","mtada_aggregated","trait2","bfdr_discoveries",0.05,280
20260822,10,500,15,3000,3000,3000,3000,"fast","control_informative",0.18,8,0.01,"","mtada_aggregated","trait2","bfdr_observed_fdp",0.1,0.980132450331126
20260822,10,500,15,3000,3000,3000,3000,"fast","control_informative",0.18,8,0.01,"","mtada_aggregated","trait2","bfdr_estimate",0.1,0.0982976582276556
20260822,10,500,15,3000,3000,3000,3000,"fast","control_informative",0.18,8,0.01,"","mtada_aggregated","trait2","bfdr_power",0.1,0.6
20260822,10,500,15,3000,3000,3000,3000,"fast","control_informative",0.18,8,0.01,"","mtada_aggregated","trait2","bfdr_discoveries",0.1,302
20260822,10,500,15,3000,3000,3000,3000,"fast","control_informative",0.18,8,0.01,"","mtada_aggregated","trait2","bfdr_observed_fdp",0.2,0.979591836734694
20260822,10,500,15,3000,3000,3000,3000,"fast","control_informative",0.18,8,0.01,"","mtada_aggregated","trait2","bfdr_estimate",0.2,0.198422882117015
20260822,10,500,15,3000,3000,3000,3000,"fast","control_informative",0.18,8,0.01,"","mtada_aggregated","trait2","bfdr_power",0.2,0.7
20260822,10,500,15,3000,3000,3000,3000,"fast","control_informative",0.18,8,0.01,"","mtada_aggregated","trait2","bfdr_discoveries",0.2,343
20260822,10,500,15,3000,3000,3000,3000,"fast","control_informative",0.18,8,0.01,"","mtada_aggregated","pleiotropy","bfdr_observed_fdp",0.01,0.993464052287582
20260822,10,500,15,3000,3000,3000,3000,"fast","control_informative",0.18,8,0.01,"","mtada_aggregated","pleiotropy","bfdr_estimate",0.01,0.00954355789225129
20260822,10,500,15,3000,3000,3000,3000,"fast","control_informative",0.18,8,0.01,"","mtada_aggregated","pleiotropy","bfdr_power",0.01,0.2
20260822,10,500,15,3000,3000,3000,3000,"fast","control_informative",0.18,8,0.01,"","mtada_aggregated","pleiotropy","bfdr_discoveries",0.01,153
20260822,10,500,15,3000,3000,3000,3000,"fast","control_informative",0.18,8,0.01,"","mtada_aggregated","pleiotropy","bfdr_observed_fdp",0.05,0.98876404494382
20260822,10,500,15,3000,3000,3000,3000,"fast","control_informative",0.18,8,0.01,"","mtada_aggregated","pleiotropy","bfdr_estimate",0.05,0.0498357567822924
20260822,10,500,15,3000,3000,3000,3000,"fast","control_informative",0.18,8,0.01,"","mtada_aggregated","pleiotropy","bfdr_power",0.05,0.4
20260822,10,500,15,3000,3000,3000,3000,"fast","control_informative",0.18,8,0.01,"","mtada_aggregated","pleiotropy","bfdr_discoveries",0.05,178
20260822,10,500,15,3000,3000,3000,3000,"fast","control_informative",0.18,8,0.01,"","mtada_aggregated","pleiotropy","bfdr_observed_fdp",0.1,0.98989898989899
20260822,10,500,15,3000,3000,3000,3000,"fast","control_informative",0.18,8,0.01,"","mtada_aggregated","pleiotropy","bfdr_estimate",0.1,0.0989954348692369
20260822,10,500,15,3000,3000,3000,3000,"fast","control_informative",0.18,8,0.01,"","mtada_aggregated","pleiotropy","bfdr_power",0.1,0.4
20260822,10,500,15,3000,3000,3000,3000,"fast","control_informative",0.18,8,0.01,"","mtada_aggregated","pleiotropy","bfdr_discoveries",0.1,198
20260822,10,500,15,3000,3000,3000,3000,"fast","control_informative",0.18,8,0.01,"","mtada_aggregated","pleiotropy","bfdr_observed_fdp",0.2,0.991452991452991
20260822,10,500,15,3000,3000,3000,3000,"fast","control_informative",0.18,8,0.01,"","mtada_aggregated","pleiotropy","bfdr_estimate",0.2,0.198877051544194
20260822,10,500,15,3000,3000,3000,3000,"fast","control_informative",0.18,8,0.01,"","mtada_aggregated","pleiotropy","bfdr_power",0.2,0.4
20260822,10,500,15,3000,3000,3000,3000,"fast","control_informative",0.18,8,0.01,"","mtada_aggregated","pleiotropy","bfdr_discoveries",0.2,234
20260822,10,500,15,3000,3000,3000,3000,"fast","control_informative",0.18,8,0.01,"","mtada_aggregated","global","runtime_seconds",NA,0.741999999999962
20260822,10,500,15,3000,3000,3000,3000,"fast","control_informative",0.18,8,0.01,"","mtada_aggregated","pleiotropy","pi11_estimate",NA,0.00911278
20260823,11,500,15,3000,3000,3000,3000,"fast","control_informative",0.18,8,0.01,"","mirage_joint","trait1","auc",NA,0.732126315789474
20260823,11,500,15,3000,3000,3000,3000,"fast","control_informative",0.18,8,0.01,"","mirage_joint","trait2","auc",NA,0.539795918367347
20260823,11,500,15,3000,3000,3000,3000,"fast","control_informative",0.18,8,0.01,"","mirage_joint","pleiotropy","auc",NA,0.722828282828283
20260823,11,500,15,3000,3000,3000,3000,"fast","control_informative",0.18,8,0.01,"","mirage_joint","trait1","pp08_power",0.8,0.32
20260823,11,500,15,3000,3000,3000,3000,"fast","control_informative",0.18,8,0.01,"","mirage_joint","trait1","pp08_fdp",0.8,0.111111111111111
20260823,11,500,15,3000,3000,3000,3000,"fast","control_informative",0.18,8,0.01,"","mirage_joint","trait1","pp08_discoveries",0.8,9
20260823,11,500,15,3000,3000,3000,3000,"fast","control_informative",0.18,8,0.01,"","mirage_joint","trait2","pp08_power",0.8,0.1
20260823,11,500,15,3000,3000,3000,3000,"fast","control_informative",0.18,8,0.01,"","mirage_joint","trait2","pp08_fdp",0.8,0
20260823,11,500,15,3000,3000,3000,3000,"fast","control_informative",0.18,8,0.01,"","mirage_joint","trait2","pp08_discoveries",0.8,1
20260823,11,500,15,3000,3000,3000,3000,"fast","control_informative",0.18,8,0.01,"","mirage_joint","pleiotropy","pp08_power",0.8,0
20260823,11,500,15,3000,3000,3000,3000,"fast","control_informative",0.18,8,0.01,"","mirage_joint","pleiotropy","pp08_fdp",0.8,0
20260823,11,500,15,3000,3000,3000,3000,"fast","control_informative",0.18,8,0.01,"","mirage_joint","pleiotropy","pp08_discoveries",0.8,0
20260823,11,500,15,3000,3000,3000,3000,"fast","control_informative",0.18,8,0.01,"","mirage_joint","trait1","bfdr_observed_fdp",0.01,0.166666666666667
20260823,11,500,15,3000,3000,3000,3000,"fast","control_informative",0.18,8,0.01,"","mirage_joint","trait1","bfdr_estimate",0.01,0.00707607226072758
20260823,11,500,15,3000,3000,3000,3000,"fast","control_informative",0.18,8,0.01,"","mirage_joint","trait1","bfdr_power",0.01,0.2
20260823,11,500,15,3000,3000,3000,3000,"fast","control_informative",0.18,8,0.01,"","mirage_joint","trait1","bfdr_discoveries",0.01,6
20260823,11,500,15,3000,3000,3000,3000,"fast","control_informative",0.18,8,0.01,"","mirage_joint","trait1","bfdr_observed_fdp",0.05,0.111111111111111
20260823,11,500,15,3000,3000,3000,3000,"fast","control_informative",0.18,8,0.01,"","mirage_joint","trait1","bfdr_estimate",0.05,0.0396520714909413
20260823,11,500,15,3000,3000,3000,3000,"fast","control_informative",0.18,8,0.01,"","mirage_joint","trait1","bfdr_power",0.05,0.32
20260823,11,500,15,3000,3000,3000,3000,"fast","control_informative",0.18,8,0.01,"","mirage_joint","trait1","bfdr_discoveries",0.05,9
20260823,11,500,15,3000,3000,3000,3000,"fast","control_informative",0.18,8,0.01,"","mirage_joint","trait1","bfdr_observed_fdp",0.1,0.181818181818182
20260823,11,500,15,3000,3000,3000,3000,"fast","control_informative",0.18,8,0.01,"","mirage_joint","trait1","bfdr_estimate",0.1,0.0908723847923754
20260823,11,500,15,3000,3000,3000,3000,"fast","control_informative",0.18,8,0.01,"","mirage_joint","trait1","bfdr_power",0.1,0.36
20260823,11,500,15,3000,3000,3000,3000,"fast","control_informative",0.18,8,0.01,"","mirage_joint","trait1","bfdr_discoveries",0.1,11
20260823,11,500,15,3000,3000,3000,3000,"fast","control_informative",0.18,8,0.01,"","mirage_joint","trait1","bfdr_observed_fdp",0.2,0.357142857142857
20260823,11,500,15,3000,3000,3000,3000,"fast","control_informative",0.18,8,0.01,"","mirage_joint","trait1","bfdr_estimate",0.2,0.188707920983485
20260823,11,500,15,3000,3000,3000,3000,"fast","control_informative",0.18,8,0.01,"","mirage_joint","trait1","bfdr_power",0.2,0.36
20260823,11,500,15,3000,3000,3000,3000,"fast","control_informative",0.18,8,0.01,"","mirage_joint","trait1","bfdr_discoveries",0.2,14
20260823,11,500,15,3000,3000,3000,3000,"fast","control_informative",0.18,8,0.01,"","mirage_joint","trait2","bfdr_observed_fdp",0.01,0
20260823,11,500,15,3000,3000,3000,3000,"fast","control_informative",0.18,8,0.01,"","mirage_joint","trait2","bfdr_estimate",0.01,0.00254085492606582
20260823,11,500,15,3000,3000,3000,3000,"fast","control_informative",0.18,8,0.01,"","mirage_joint","trait2","bfdr_power",0.01,0.1
20260823,11,500,15,3000,3000,3000,3000,"fast","control_informative",0.18,8,0.01,"","mirage_joint","trait2","bfdr_discoveries",0.01,1
20260823,11,500,15,3000,3000,3000,3000,"fast","control_informative",0.18,8,0.01,"","mirage_joint","trait2","bfdr_observed_fdp",0.05,0
20260823,11,500,15,3000,3000,3000,3000,"fast","control_informative",0.18,8,0.01,"","mirage_joint","trait2","bfdr_estimate",0.05,0.00254085492606582
20260823,11,500,15,3000,3000,3000,3000,"fast","control_informative",0.18,8,0.01,"","mirage_joint","trait2","bfdr_power",0.05,0.1
20260823,11,500,15,3000,3000,3000,3000,"fast","control_informative",0.18,8,0.01,"","mirage_joint","trait2","bfdr_discoveries",0.05,1
20260823,11,500,15,3000,3000,3000,3000,"fast","control_informative",0.18,8,0.01,"","mirage_joint","trait2","bfdr_observed_fdp",0.1,0
20260823,11,500,15,3000,3000,3000,3000,"fast","control_informative",0.18,8,0.01,"","mirage_joint","trait2","bfdr_estimate",0.1,0.00254085492606582
20260823,11,500,15,3000,3000,3000,3000,"fast","control_informative",0.18,8,0.01,"","mirage_joint","trait2","bfdr_power",0.1,0.1
20260823,11,500,15,3000,3000,3000,3000,"fast","control_informative",0.18,8,0.01,"","mirage_joint","trait2","bfdr_discoveries",0.1,1
20260823,11,500,15,3000,3000,3000,3000,"fast","control_informative",0.18,8,0.01,"","mirage_joint","trait2","bfdr_observed_fdp",0.2,0
20260823,11,500,15,3000,3000,3000,3000,"fast","control_informative",0.18,8,0.01,"","mirage_joint","trait2","bfdr_estimate",0.2,0.00254085492606582
20260823,11,500,15,3000,3000,3000,3000,"fast","control_informative",0.18,8,0.01,"","mirage_joint","trait2","bfdr_power",0.2,0.1
20260823,11,500,15,3000,3000,3000,3000,"fast","control_informative",0.18,8,0.01,"","mirage_joint","trait2","bfdr_discoveries",0.2,1
20260823,11,500,15,3000,3000,3000,3000,"fast","control_informative",0.18,8,0.01,"","mirage_joint","pleiotropy","bfdr_observed_fdp",0.01,0
20260823,11,500,15,3000,3000,3000,3000,"fast","control_informative",0.18,8,0.01,"","mirage_joint","pleiotropy","bfdr_estimate",0.01,0
20260823,11,500,15,3000,3000,3000,3000,"fast","control_informative",0.18,8,0.01,"","mirage_joint","pleiotropy","bfdr_power",0.01,0
20260823,11,500,15,3000,3000,3000,3000,"fast","control_informative",0.18,8,0.01,"","mirage_joint","pleiotropy","bfdr_discoveries",0.01,0
20260823,11,500,15,3000,3000,3000,3000,"fast","control_informative",0.18,8,0.01,"","mirage_joint","pleiotropy","bfdr_observed_fdp",0.05,0
20260823,11,500,15,3000,3000,3000,3000,"fast","control_informative",0.18,8,0.01,"","mirage_joint","pleiotropy","bfdr_estimate",0.05,0
20260823,11,500,15,3000,3000,3000,3000,"fast","control_informative",0.18,8,0.01,"","mirage_joint","pleiotropy","bfdr_power",0.05,0
20260823,11,500,15,3000,3000,3000,3000,"fast","control_informative",0.18,8,0.01,"","mirage_joint","pleiotropy","bfdr_discoveries",0.05,0
20260823,11,500,15,3000,3000,3000,3000,"fast","control_informative",0.18,8,0.01,"","mirage_joint","pleiotropy","bfdr_observed_fdp",0.1,0
20260823,11,500,15,3000,3000,3000,3000,"fast","control_informative",0.18,8,0.01,"","mirage_joint","pleiotropy","bfdr_estimate",0.1,0
20260823,11,500,15,3000,3000,3000,3000,"fast","control_informative",0.18,8,0.01,"","mirage_joint","pleiotropy","bfdr_power",0.1,0
20260823,11,500,15,3000,3000,3000,3000,"fast","control_informative",0.18,8,0.01,"","mirage_joint","pleiotropy","bfdr_discoveries",0.1,0
20260823,11,500,15,3000,3000,3000,3000,"fast","control_informative",0.18,8,0.01,"","mirage_joint","pleiotropy","bfdr_observed_fdp",0.2,0
20260823,11,500,15,3000,3000,3000,3000,"fast","control_informative",0.18,8,0.01,"","mirage_joint","pleiotropy","bfdr_estimate",0.2,0
20260823,11,500,15,3000,3000,3000,3000,"fast","control_informative",0.18,8,0.01,"","mirage_joint","pleiotropy","bfdr_power",0.2,0
20260823,11,500,15,3000,3000,3000,3000,"fast","control_informative",0.18,8,0.01,"","mirage_joint","pleiotropy","bfdr_discoveries",0.2,0
20260823,11,500,15,3000,3000,3000,3000,"fast","control_informative",0.18,8,0.01,"","mirage_joint","global","runtime_seconds",NA,18.527
20260823,11,500,15,3000,3000,3000,3000,"fast","control_informative",0.18,8,0.01,"","mirage_joint","pleiotropy","pi11_estimate",NA,5.63265890231715e-05
20260823,11,500,15,3000,3000,3000,3000,"fast","control_informative",0.18,8,0.01,"","separate_mirage","trait1","auc",NA,0.732126315789474
20260823,11,500,15,3000,3000,3000,3000,"fast","control_informative",0.18,8,0.01,"","separate_mirage","trait2","auc",NA,0.692857142857143
20260823,11,500,15,3000,3000,3000,3000,"fast","control_informative",0.18,8,0.01,"","separate_mirage","pleiotropy","auc",NA,0.696969696969697
20260823,11,500,15,3000,3000,3000,3000,"fast","control_informative",0.18,8,0.01,"","separate_mirage","trait1","pp08_power",0.8,0.32
20260823,11,500,15,3000,3000,3000,3000,"fast","control_informative",0.18,8,0.01,"","separate_mirage","trait1","pp08_fdp",0.8,0.111111111111111
20260823,11,500,15,3000,3000,3000,3000,"fast","control_informative",0.18,8,0.01,"","separate_mirage","trait1","pp08_discoveries",0.8,9
20260823,11,500,15,3000,3000,3000,3000,"fast","control_informative",0.18,8,0.01,"","separate_mirage","trait2","pp08_power",0.8,0.1
20260823,11,500,15,3000,3000,3000,3000,"fast","control_informative",0.18,8,0.01,"","separate_mirage","trait2","pp08_fdp",0.8,0
20260823,11,500,15,3000,3000,3000,3000,"fast","control_informative",0.18,8,0.01,"","separate_mirage","trait2","pp08_discoveries",0.8,1
20260823,11,500,15,3000,3000,3000,3000,"fast","control_informative",0.18,8,0.01,"","separate_mirage","pleiotropy","pp08_power",0.8,0
20260823,11,500,15,3000,3000,3000,3000,"fast","control_informative",0.18,8,0.01,"","separate_mirage","pleiotropy","pp08_fdp",0.8,0
20260823,11,500,15,3000,3000,3000,3000,"fast","control_informative",0.18,8,0.01,"","separate_mirage","pleiotropy","pp08_discoveries",0.8,0
20260823,11,500,15,3000,3000,3000,3000,"fast","control_informative",0.18,8,0.01,"","separate_mirage","trait1","bfdr_observed_fdp",0.01,0.166666666666667
20260823,11,500,15,3000,3000,3000,3000,"fast","control_informative",0.18,8,0.01,"","separate_mirage","trait1","bfdr_estimate",0.01,0.00932867482535617
20260823,11,500,15,3000,3000,3000,3000,"fast","control_informative",0.18,8,0.01,"","separate_mirage","trait1","bfdr_power",0.01,0.2
20260823,11,500,15,3000,3000,3000,3000,"fast","control_informative",0.18,8,0.01,"","separate_mirage","trait1","bfdr_discoveries",0.01,6
20260823,11,500,15,3000,3000,3000,3000,"fast","control_informative",0.18,8,0.01,"","separate_mirage","trait1","bfdr_observed_fdp",0.05,0.125
20260823,11,500,15,3000,3000,3000,3000,"fast","control_informative",0.18,8,0.01,"","separate_mirage","trait1","bfdr_estimate",0.05,0.0420705349471304
20260823,11,500,15,3000,3000,3000,3000,"fast","control_informative",0.18,8,0.01,"","separate_mirage","trait1","bfdr_power",0.05,0.28
20260823,11,500,15,3000,3000,3000,3000,"fast","control_informative",0.18,8,0.01,"","separate_mirage","trait1","bfdr_discoveries",0.05,8
20260823,11,500,15,3000,3000,3000,3000,"fast","control_informative",0.18,8,0.01,"","separate_mirage","trait1","bfdr_observed_fdp",0.1,0.1
20260823,11,500,15,3000,3000,3000,3000,"fast","control_informative",0.18,8,0.01,"","separate_mirage","trait1","bfdr_estimate",0.1,0.08519996102074
20260823,11,500,15,3000,3000,3000,3000,"fast","control_informative",0.18,8,0.01,"","separate_mirage","trait1","bfdr_power",0.1,0.36
20260823,11,500,15,3000,3000,3000,3000,"fast","control_informative",0.18,8,0.01,"","separate_mirage","trait1","bfdr_discoveries",0.1,10
20260823,11,500,15,3000,3000,3000,3000,"fast","control_informative",0.18,8,0.01,"","separate_mirage","trait1","bfdr_observed_fdp",0.2,0.307692307692308
20260823,11,500,15,3000,3000,3000,3000,"fast","control_informative",0.18,8,0.01,"","separate_mirage","trait1","bfdr_estimate",0.2,0.180411525555724
20260823,11,500,15,3000,3000,3000,3000,"fast","control_informative",0.18,8,0.01,"","separate_mirage","trait1","bfdr_power",0.2,0.36
20260823,11,500,15,3000,3000,3000,3000,"fast","control_informative",0.18,8,0.01,"","separate_mirage","trait1","bfdr_discoveries",0.2,13
20260823,11,500,15,3000,3000,3000,3000,"fast","control_informative",0.18,8,0.01,"","separate_mirage","trait2","bfdr_observed_fdp",0.01,0
20260823,11,500,15,3000,3000,3000,3000,"fast","control_informative",0.18,8,0.01,"","separate_mirage","trait2","bfdr_estimate",0.01,0.00239157573990767
20260823,11,500,15,3000,3000,3000,3000,"fast","control_informative",0.18,8,0.01,"","separate_mirage","trait2","bfdr_power",0.01,0.1
20260823,11,500,15,3000,3000,3000,3000,"fast","control_informative",0.18,8,0.01,"","separate_mirage","trait2","bfdr_discoveries",0.01,1
20260823,11,500,15,3000,3000,3000,3000,"fast","control_informative",0.18,8,0.01,"","separate_mirage","trait2","bfdr_observed_fdp",0.05,0
20260823,11,500,15,3000,3000,3000,3000,"fast","control_informative",0.18,8,0.01,"","separate_mirage","trait2","bfdr_estimate",0.05,0.00239157573990767
20260823,11,500,15,3000,3000,3000,3000,"fast","control_informative",0.18,8,0.01,"","separate_mirage","trait2","bfdr_power",0.05,0.1
20260823,11,500,15,3000,3000,3000,3000,"fast","control_informative",0.18,8,0.01,"","separate_mirage","trait2","bfdr_discoveries",0.05,1
20260823,11,500,15,3000,3000,3000,3000,"fast","control_informative",0.18,8,0.01,"","separate_mirage","trait2","bfdr_observed_fdp",0.1,0
20260823,11,500,15,3000,3000,3000,3000,"fast","control_informative",0.18,8,0.01,"","separate_mirage","trait2","bfdr_estimate",0.1,0.00239157573990767
20260823,11,500,15,3000,3000,3000,3000,"fast","control_informative",0.18,8,0.01,"","separate_mirage","trait2","bfdr_power",0.1,0.1
20260823,11,500,15,3000,3000,3000,3000,"fast","control_informative",0.18,8,0.01,"","separate_mirage","trait2","bfdr_discoveries",0.1,1
20260823,11,500,15,3000,3000,3000,3000,"fast","control_informative",0.18,8,0.01,"","separate_mirage","trait2","bfdr_observed_fdp",0.2,0
20260823,11,500,15,3000,3000,3000,3000,"fast","control_informative",0.18,8,0.01,"","separate_mirage","trait2","bfdr_estimate",0.2,0.197200239669848
20260823,11,500,15,3000,3000,3000,3000,"fast","control_informative",0.18,8,0.01,"","separate_mirage","trait2","bfdr_power",0.2,0.2
20260823,11,500,15,3000,3000,3000,3000,"fast","control_informative",0.18,8,0.01,"","separate_mirage","trait2","bfdr_discoveries",0.2,2
20260823,11,500,15,3000,3000,3000,3000,"fast","control_informative",0.18,8,0.01,"","separate_mirage","pleiotropy","bfdr_observed_fdp",0.01,0
20260823,11,500,15,3000,3000,3000,3000,"fast","control_informative",0.18,8,0.01,"","separate_mirage","pleiotropy","bfdr_estimate",0.01,0
20260823,11,500,15,3000,3000,3000,3000,"fast","control_informative",0.18,8,0.01,"","separate_mirage","pleiotropy","bfdr_power",0.01,0
20260823,11,500,15,3000,3000,3000,3000,"fast","control_informative",0.18,8,0.01,"","separate_mirage","pleiotropy","bfdr_discoveries",0.01,0
20260823,11,500,15,3000,3000,3000,3000,"fast","control_informative",0.18,8,0.01,"","separate_mirage","pleiotropy","bfdr_observed_fdp",0.05,0
20260823,11,500,15,3000,3000,3000,3000,"fast","control_informative",0.18,8,0.01,"","separate_mirage","pleiotropy","bfdr_estimate",0.05,0
20260823,11,500,15,3000,3000,3000,3000,"fast","control_informative",0.18,8,0.01,"","separate_mirage","pleiotropy","bfdr_power",0.05,0
20260823,11,500,15,3000,3000,3000,3000,"fast","control_informative",0.18,8,0.01,"","separate_mirage","pleiotropy","bfdr_discoveries",0.05,0
20260823,11,500,15,3000,3000,3000,3000,"fast","control_informative",0.18,8,0.01,"","separate_mirage","pleiotropy","bfdr_observed_fdp",0.1,0
20260823,11,500,15,3000,3000,3000,3000,"fast","control_informative",0.18,8,0.01,"","separate_mirage","pleiotropy","bfdr_estimate",0.1,0
20260823,11,500,15,3000,3000,3000,3000,"fast","control_informative",0.18,8,0.01,"","separate_mirage","pleiotropy","bfdr_power",0.1,0
20260823,11,500,15,3000,3000,3000,3000,"fast","control_informative",0.18,8,0.01,"","separate_mirage","pleiotropy","bfdr_discoveries",0.1,0
20260823,11,500,15,3000,3000,3000,3000,"fast","control_informative",0.18,8,0.01,"","separate_mirage","pleiotropy","bfdr_observed_fdp",0.2,0
20260823,11,500,15,3000,3000,3000,3000,"fast","control_informative",0.18,8,0.01,"","separate_mirage","pleiotropy","bfdr_estimate",0.2,0
20260823,11,500,15,3000,3000,3000,3000,"fast","control_informative",0.18,8,0.01,"","separate_mirage","pleiotropy","bfdr_power",0.2,0
20260823,11,500,15,3000,3000,3000,3000,"fast","control_informative",0.18,8,0.01,"","separate_mirage","pleiotropy","bfdr_discoveries",0.2,0
20260823,11,500,15,3000,3000,3000,3000,"fast","control_informative",0.18,8,0.01,"","separate_mirage","global","runtime_seconds",NA,18.387
20260823,11,500,15,3000,3000,3000,3000,"fast","control_informative",0.18,8,0.01,"","separate_mirage","pleiotropy","pi11_estimate",NA,0.001
20260823,11,500,15,3000,3000,3000,3000,"fast","control_informative",0.18,8,0.01,"","mtada_aggregated","trait1","auc",NA,0.667326315789474
20260823,11,500,15,3000,3000,3000,3000,"fast","control_informative",0.18,8,0.01,"","mtada_aggregated","trait2","auc",NA,0.602755102040816
20260823,11,500,15,3000,3000,3000,3000,"fast","control_informative",0.18,8,0.01,"","mtada_aggregated","pleiotropy","auc",NA,0.41979797979798
20260823,11,500,15,3000,3000,3000,3000,"fast","control_informative",0.18,8,0.01,"","mtada_aggregated","trait1","pp08_power",0.8,0.72
20260823,11,500,15,3000,3000,3000,3000,"fast","control_informative",0.18,8,0.01,"","mtada_aggregated","trait1","pp08_fdp",0.8,0.933579335793358
20260823,11,500,15,3000,3000,3000,3000,"fast","control_informative",0.18,8,0.01,"","mtada_aggregated","trait1","pp08_discoveries",0.8,271
20260823,11,500,15,3000,3000,3000,3000,"fast","control_informative",0.18,8,0.01,"","mtada_aggregated","trait2","pp08_power",0.8,0.6
20260823,11,500,15,3000,3000,3000,3000,"fast","control_informative",0.18,8,0.01,"","mtada_aggregated","trait2","pp08_fdp",0.8,0.975103734439834
20260823,11,500,15,3000,3000,3000,3000,"fast","control_informative",0.18,8,0.01,"","mtada_aggregated","trait2","pp08_discoveries",0.8,241
20260823,11,500,15,3000,3000,3000,3000,"fast","control_informative",0.18,8,0.01,"","mtada_aggregated","pleiotropy","pp08_power",0.8,0.2
20260823,11,500,15,3000,3000,3000,3000,"fast","control_informative",0.18,8,0.01,"","mtada_aggregated","pleiotropy","pp08_fdp",0.8,0.993288590604027
20260823,11,500,15,3000,3000,3000,3000,"fast","control_informative",0.18,8,0.01,"","mtada_aggregated","pleiotropy","pp08_discoveries",0.8,149
20260823,11,500,15,3000,3000,3000,3000,"fast","control_informative",0.18,8,0.01,"","mtada_aggregated","trait1","bfdr_observed_fdp",0.01,0.934545454545455
20260823,11,500,15,3000,3000,3000,3000,"fast","control_informative",0.18,8,0.01,"","mtada_aggregated","trait1","bfdr_estimate",0.01,0.00997408735014391
20260823,11,500,15,3000,3000,3000,3000,"fast","control_informative",0.18,8,0.01,"","mtada_aggregated","trait1","bfdr_power",0.01,0.72
20260823,11,500,15,3000,3000,3000,3000,"fast","control_informative",0.18,8,0.01,"","mtada_aggregated","trait1","bfdr_discoveries",0.01,275
20260823,11,500,15,3000,3000,3000,3000,"fast","control_informative",0.18,8,0.01,"","mtada_aggregated","trait1","bfdr_observed_fdp",0.05,0.937293729372937
20260823,11,500,15,3000,3000,3000,3000,"fast","control_informative",0.18,8,0.01,"","mtada_aggregated","trait1","bfdr_estimate",0.05,0.0483712568592207
20260823,11,500,15,3000,3000,3000,3000,"fast","control_informative",0.18,8,0.01,"","mtada_aggregated","trait1","bfdr_power",0.05,0.76
20260823,11,500,15,3000,3000,3000,3000,"fast","control_informative",0.18,8,0.01,"","mtada_aggregated","trait1","bfdr_discoveries",0.05,303
20260823,11,500,15,3000,3000,3000,3000,"fast","control_informative",0.18,8,0.01,"","mtada_aggregated","trait1","bfdr_observed_fdp",0.1,0.93558282208589
20260823,11,500,15,3000,3000,3000,3000,"fast","control_informative",0.18,8,0.01,"","mtada_aggregated","trait1","bfdr_estimate",0.1,0.0991710017831792
20260823,11,500,15,3000,3000,3000,3000,"fast","control_informative",0.18,8,0.01,"","mtada_aggregated","trait1","bfdr_power",0.1,0.84
20260823,11,500,15,3000,3000,3000,3000,"fast","control_informative",0.18,8,0.01,"","mtada_aggregated","trait1","bfdr_discoveries",0.1,326
20260823,11,500,15,3000,3000,3000,3000,"fast","control_informative",0.18,8,0.01,"","mtada_aggregated","trait1","bfdr_observed_fdp",0.2,0.935135135135135
20260823,11,500,15,3000,3000,3000,3000,"fast","control_informative",0.18,8,0.01,"","mtada_aggregated","trait1","bfdr_estimate",0.2,0.19828065979055
20260823,11,500,15,3000,3000,3000,3000,"fast","control_informative",0.18,8,0.01,"","mtada_aggregated","trait1","bfdr_power",0.2,0.96
20260823,11,500,15,3000,3000,3000,3000,"fast","control_informative",0.18,8,0.01,"","mtada_aggregated","trait1","bfdr_discoveries",0.2,370
20260823,11,500,15,3000,3000,3000,3000,"fast","control_informative",0.18,8,0.01,"","mtada_aggregated","trait2","bfdr_observed_fdp",0.01,0.974683544303797
20260823,11,500,15,3000,3000,3000,3000,"fast","control_informative",0.18,8,0.01,"","mtada_aggregated","trait2","bfdr_estimate",0.01,0.00986799656602039
20260823,11,500,15,3000,3000,3000,3000,"fast","control_informative",0.18,8,0.01,"","mtada_aggregated","trait2","bfdr_power",0.01,0.6
20260823,11,500,15,3000,3000,3000,3000,"fast","control_informative",0.18,8,0.01,"","mtada_aggregated","trait2","bfdr_discoveries",0.01,237
20260823,11,500,15,3000,3000,3000,3000,"fast","control_informative",0.18,8,0.01,"","mtada_aggregated","trait2","bfdr_observed_fdp",0.05,0.977443609022556
20260823,11,500,15,3000,3000,3000,3000,"fast","control_informative",0.18,8,0.01,"","mtada_aggregated","trait2","bfdr_estimate",0.05,0.0492232871257291
20260823,11,500,15,3000,3000,3000,3000,"fast","control_informative",0.18,8,0.01,"","mtada_aggregated","trait2","bfdr_power",0.05,0.6
20260823,11,500,15,3000,3000,3000,3000,"fast","control_informative",0.18,8,0.01,"","mtada_aggregated","trait2","bfdr_discoveries",0.05,266
20260823,11,500,15,3000,3000,3000,3000,"fast","control_informative",0.18,8,0.01,"","mtada_aggregated","trait2","bfdr_observed_fdp",0.1,0.975609756097561
20260823,11,500,15,3000,3000,3000,3000,"fast","control_informative",0.18,8,0.01,"","mtada_aggregated","trait2","bfdr_estimate",0.1,0.0987492203297475
20260823,11,500,15,3000,3000,3000,3000,"fast","control_informative",0.18,8,0.01,"","mtada_aggregated","trait2","bfdr_power",0.1,0.7
20260823,11,500,15,3000,3000,3000,3000,"fast","control_informative",0.18,8,0.01,"","mtada_aggregated","trait2","bfdr_discoveries",0.1,287
20260823,11,500,15,3000,3000,3000,3000,"fast","control_informative",0.18,8,0.01,"","mtada_aggregated","trait2","bfdr_observed_fdp",0.2,0.975535168195719
20260823,11,500,15,3000,3000,3000,3000,"fast","control_informative",0.18,8,0.01,"","mtada_aggregated","trait2","bfdr_estimate",0.2,0.198946067243289
20260823,11,500,15,3000,3000,3000,3000,"fast","control_informative",0.18,8,0.01,"","mtada_aggregated","trait2","bfdr_power",0.2,0.8
20260823,11,500,15,3000,3000,3000,3000,"fast","control_informative",0.18,8,0.01,"","mtada_aggregated","trait2","bfdr_discoveries",0.2,327
20260823,11,500,15,3000,3000,3000,3000,"fast","control_informative",0.18,8,0.01,"","mtada_aggregated","pleiotropy","bfdr_observed_fdp",0.01,0.992857142857143
20260823,11,500,15,3000,3000,3000,3000,"fast","control_informative",0.18,8,0.01,"","mtada_aggregated","pleiotropy","bfdr_estimate",0.01,0.00922099671952212
20260823,11,500,15,3000,3000,3000,3000,"fast","control_informative",0.18,8,0.01,"","mtada_aggregated","pleiotropy","bfdr_power",0.01,0.2
20260823,11,500,15,3000,3000,3000,3000,"fast","control_informative",0.18,8,0.01,"","mtada_aggregated","pleiotropy","bfdr_discoveries",0.01,140
20260823,11,500,15,3000,3000,3000,3000,"fast","control_informative",0.18,8,0.01,"","mtada_aggregated","pleiotropy","bfdr_observed_fdp",0.05,0.994082840236686
20260823,11,500,15,3000,3000,3000,3000,"fast","control_informative",0.18,8,0.01,"","mtada_aggregated","pleiotropy","bfdr_estimate",0.05,0.0497229147482826
20260823,11,500,15,3000,3000,3000,3000,"fast","control_informative",0.18,8,0.01,"","mtada_aggregated","pleiotropy","bfdr_power",0.05,0.2
20260823,11,500,15,3000,3000,3000,3000,"fast","control_informative",0.18,8,0.01,"","mtada_aggregated","pleiotropy","bfdr_discoveries",0.05,169
20260823,11,500,15,3000,3000,3000,3000,"fast","control_informative",0.18,8,0.01,"","mtada_aggregated","pleiotropy","bfdr_observed_fdp",0.1,0.99468085106383
20260823,11,500,15,3000,3000,3000,3000,"fast","control_informative",0.18,8,0.01,"","mtada_aggregated","pleiotropy","bfdr_estimate",0.1,0.0976574716015624
20260823,11,500,15,3000,3000,3000,3000,"fast","control_informative",0.18,8,0.01,"","mtada_aggregated","pleiotropy","bfdr_power",0.1,0.2
20260823,11,500,15,3000,3000,3000,3000,"fast","control_informative",0.18,8,0.01,"","mtada_aggregated","pleiotropy","bfdr_discoveries",0.1,188
20260823,11,500,15,3000,3000,3000,3000,"fast","control_informative",0.18,8,0.01,"","mtada_aggregated","pleiotropy","bfdr_observed_fdp",0.2,0.990909090909091
20260823,11,500,15,3000,3000,3000,3000,"fast","control_informative",0.18,8,0.01,"","mtada_aggregated","pleiotropy","bfdr_estimate",0.2,0.198389461180116
20260823,11,500,15,3000,3000,3000,3000,"fast","control_informative",0.18,8,0.01,"","mtada_aggregated","pleiotropy","bfdr_power",0.2,0.4
20260823,11,500,15,3000,3000,3000,3000,"fast","control_informative",0.18,8,0.01,"","mtada_aggregated","pleiotropy","bfdr_discoveries",0.2,220
20260823,11,500,15,3000,3000,3000,3000,"fast","control_informative",0.18,8,0.01,"","mtada_aggregated","global","runtime_seconds",NA,0.84699999999998
20260823,11,500,15,3000,3000,3000,3000,"fast","control_informative",0.18,8,0.01,"","mtada_aggregated","pleiotropy","pi11_estimate",NA,0.00905727
20260824,12,500,15,3000,3000,3000,3000,"fast","control_informative",0.18,8,0.01,"","mirage_joint","trait1","auc",NA,0.724715789473684
20260824,12,500,15,3000,3000,3000,3000,"fast","control_informative",0.18,8,0.01,"","mirage_joint","trait2","auc",NA,0.529795918367347
20260824,12,500,15,3000,3000,3000,3000,"fast","control_informative",0.18,8,0.01,"","mirage_joint","pleiotropy","auc",NA,0.615353535353535
20260824,12,500,15,3000,3000,3000,3000,"fast","control_informative",0.18,8,0.01,"","mirage_joint","trait1","pp08_power",0.8,0.08
20260824,12,500,15,3000,3000,3000,3000,"fast","control_informative",0.18,8,0.01,"","mirage_joint","trait1","pp08_fdp",0.8,0
20260824,12,500,15,3000,3000,3000,3000,"fast","control_informative",0.18,8,0.01,"","mirage_joint","trait1","pp08_discoveries",0.8,2
20260824,12,500,15,3000,3000,3000,3000,"fast","control_informative",0.18,8,0.01,"","mirage_joint","trait2","pp08_power",0.8,0.1
20260824,12,500,15,3000,3000,3000,3000,"fast","control_informative",0.18,8,0.01,"","mirage_joint","trait2","pp08_fdp",0.8,0
20260824,12,500,15,3000,3000,3000,3000,"fast","control_informative",0.18,8,0.01,"","mirage_joint","trait2","pp08_discoveries",0.8,1
20260824,12,500,15,3000,3000,3000,3000,"fast","control_informative",0.18,8,0.01,"","mirage_joint","pleiotropy","pp08_power",0.8,0
20260824,12,500,15,3000,3000,3000,3000,"fast","control_informative",0.18,8,0.01,"","mirage_joint","pleiotropy","pp08_fdp",0.8,0
20260824,12,500,15,3000,3000,3000,3000,"fast","control_informative",0.18,8,0.01,"","mirage_joint","pleiotropy","pp08_discoveries",0.8,0
20260824,12,500,15,3000,3000,3000,3000,"fast","control_informative",0.18,8,0.01,"","mirage_joint","trait1","bfdr_observed_fdp",0.01,0
20260824,12,500,15,3000,3000,3000,3000,"fast","control_informative",0.18,8,0.01,"","mirage_joint","trait1","bfdr_estimate",0.01,0.000786677257656909
20260824,12,500,15,3000,3000,3000,3000,"fast","control_informative",0.18,8,0.01,"","mirage_joint","trait1","bfdr_power",0.01,0.08
20260824,12,500,15,3000,3000,3000,3000,"fast","control_informative",0.18,8,0.01,"","mirage_joint","trait1","bfdr_discoveries",0.01,2
20260824,12,500,15,3000,3000,3000,3000,"fast","control_informative",0.18,8,0.01,"","mirage_joint","trait1","bfdr_observed_fdp",0.05,0
20260824,12,500,15,3000,3000,3000,3000,"fast","control_informative",0.18,8,0.01,"","mirage_joint","trait1","bfdr_estimate",0.05,0.000786677257656909
20260824,12,500,15,3000,3000,3000,3000,"fast","control_informative",0.18,8,0.01,"","mirage_joint","trait1","bfdr_power",0.05,0.08
20260824,12,500,15,3000,3000,3000,3000,"fast","control_informative",0.18,8,0.01,"","mirage_joint","trait1","bfdr_discoveries",0.05,2
20260824,12,500,15,3000,3000,3000,3000,"fast","control_informative",0.18,8,0.01,"","mirage_joint","trait1","bfdr_observed_fdp",0.1,0
20260824,12,500,15,3000,3000,3000,3000,"fast","control_informative",0.18,8,0.01,"","mirage_joint","trait1","bfdr_estimate",0.1,0.0813144069576079
20260824,12,500,15,3000,3000,3000,3000,"fast","control_informative",0.18,8,0.01,"","mirage_joint","trait1","bfdr_power",0.1,0.12
20260824,12,500,15,3000,3000,3000,3000,"fast","control_informative",0.18,8,0.01,"","mirage_joint","trait1","bfdr_discoveries",0.1,3
20260824,12,500,15,3000,3000,3000,3000,"fast","control_informative",0.18,8,0.01,"","mirage_joint","trait1","bfdr_observed_fdp",0.2,0
20260824,12,500,15,3000,3000,3000,3000,"fast","control_informative",0.18,8,0.01,"","mirage_joint","trait1","bfdr_estimate",0.2,0.166975677906898
20260824,12,500,15,3000,3000,3000,3000,"fast","control_informative",0.18,8,0.01,"","mirage_joint","trait1","bfdr_power",0.2,0.16
20260824,12,500,15,3000,3000,3000,3000,"fast","control_informative",0.18,8,0.01,"","mirage_joint","trait1","bfdr_discoveries",0.2,4
20260824,12,500,15,3000,3000,3000,3000,"fast","control_informative",0.18,8,0.01,"","mirage_joint","trait2","bfdr_observed_fdp",0.01,0
20260824,12,500,15,3000,3000,3000,3000,"fast","control_informative",0.18,8,0.01,"","mirage_joint","trait2","bfdr_estimate",0.01,-1.33226762955019e-15
20260824,12,500,15,3000,3000,3000,3000,"fast","control_informative",0.18,8,0.01,"","mirage_joint","trait2","bfdr_power",0.01,0.1
20260824,12,500,15,3000,3000,3000,3000,"fast","control_informative",0.18,8,0.01,"","mirage_joint","trait2","bfdr_discoveries",0.01,1
20260824,12,500,15,3000,3000,3000,3000,"fast","control_informative",0.18,8,0.01,"","mirage_joint","trait2","bfdr_observed_fdp",0.05,0
20260824,12,500,15,3000,3000,3000,3000,"fast","control_informative",0.18,8,0.01,"","mirage_joint","trait2","bfdr_estimate",0.05,-1.33226762955019e-15
20260824,12,500,15,3000,3000,3000,3000,"fast","control_informative",0.18,8,0.01,"","mirage_joint","trait2","bfdr_power",0.05,0.1
20260824,12,500,15,3000,3000,3000,3000,"fast","control_informative",0.18,8,0.01,"","mirage_joint","trait2","bfdr_discoveries",0.05,1
20260824,12,500,15,3000,3000,3000,3000,"fast","control_informative",0.18,8,0.01,"","mirage_joint","trait2","bfdr_observed_fdp",0.1,0
20260824,12,500,15,3000,3000,3000,3000,"fast","control_informative",0.18,8,0.01,"","mirage_joint","trait2","bfdr_estimate",0.1,-1.33226762955019e-15
20260824,12,500,15,3000,3000,3000,3000,"fast","control_informative",0.18,8,0.01,"","mirage_joint","trait2","bfdr_power",0.1,0.1
20260824,12,500,15,3000,3000,3000,3000,"fast","control_informative",0.18,8,0.01,"","mirage_joint","trait2","bfdr_discoveries",0.1,1
20260824,12,500,15,3000,3000,3000,3000,"fast","control_informative",0.18,8,0.01,"","mirage_joint","trait2","bfdr_observed_fdp",0.2,0
20260824,12,500,15,3000,3000,3000,3000,"fast","control_informative",0.18,8,0.01,"","mirage_joint","trait2","bfdr_estimate",0.2,-1.33226762955019e-15
20260824,12,500,15,3000,3000,3000,3000,"fast","control_informative",0.18,8,0.01,"","mirage_joint","trait2","bfdr_power",0.2,0.1
20260824,12,500,15,3000,3000,3000,3000,"fast","control_informative",0.18,8,0.01,"","mirage_joint","trait2","bfdr_discoveries",0.2,1
20260824,12,500,15,3000,3000,3000,3000,"fast","control_informative",0.18,8,0.01,"","mirage_joint","pleiotropy","bfdr_observed_fdp",0.01,0
20260824,12,500,15,3000,3000,3000,3000,"fast","control_informative",0.18,8,0.01,"","mirage_joint","pleiotropy","bfdr_estimate",0.01,0
20260824,12,500,15,3000,3000,3000,3000,"fast","control_informative",0.18,8,0.01,"","mirage_joint","pleiotropy","bfdr_power",0.01,0
20260824,12,500,15,3000,3000,3000,3000,"fast","control_informative",0.18,8,0.01,"","mirage_joint","pleiotropy","bfdr_discoveries",0.01,0
20260824,12,500,15,3000,3000,3000,3000,"fast","control_informative",0.18,8,0.01,"","mirage_joint","pleiotropy","bfdr_observed_fdp",0.05,0
20260824,12,500,15,3000,3000,3000,3000,"fast","control_informative",0.18,8,0.01,"","mirage_joint","pleiotropy","bfdr_estimate",0.05,0
20260824,12,500,15,3000,3000,3000,3000,"fast","control_informative",0.18,8,0.01,"","mirage_joint","pleiotropy","bfdr_power",0.05,0
20260824,12,500,15,3000,3000,3000,3000,"fast","control_informative",0.18,8,0.01,"","mirage_joint","pleiotropy","bfdr_discoveries",0.05,0
20260824,12,500,15,3000,3000,3000,3000,"fast","control_informative",0.18,8,0.01,"","mirage_joint","pleiotropy","bfdr_observed_fdp",0.1,0
20260824,12,500,15,3000,3000,3000,3000,"fast","control_informative",0.18,8,0.01,"","mirage_joint","pleiotropy","bfdr_estimate",0.1,0
20260824,12,500,15,3000,3000,3000,3000,"fast","control_informative",0.18,8,0.01,"","mirage_joint","pleiotropy","bfdr_power",0.1,0
20260824,12,500,15,3000,3000,3000,3000,"fast","control_informative",0.18,8,0.01,"","mirage_joint","pleiotropy","bfdr_discoveries",0.1,0
20260824,12,500,15,3000,3000,3000,3000,"fast","control_informative",0.18,8,0.01,"","mirage_joint","pleiotropy","bfdr_observed_fdp",0.2,0
20260824,12,500,15,3000,3000,3000,3000,"fast","control_informative",0.18,8,0.01,"","mirage_joint","pleiotropy","bfdr_estimate",0.2,0
20260824,12,500,15,3000,3000,3000,3000,"fast","control_informative",0.18,8,0.01,"","mirage_joint","pleiotropy","bfdr_power",0.2,0
20260824,12,500,15,3000,3000,3000,3000,"fast","control_informative",0.18,8,0.01,"","mirage_joint","pleiotropy","bfdr_discoveries",0.2,0
20260824,12,500,15,3000,3000,3000,3000,"fast","control_informative",0.18,8,0.01,"","mirage_joint","global","runtime_seconds",NA,18.387
20260824,12,500,15,3000,3000,3000,3000,"fast","control_informative",0.18,8,0.01,"","mirage_joint","pleiotropy","pi11_estimate",NA,0.0221447959533208
20260824,12,500,15,3000,3000,3000,3000,"fast","control_informative",0.18,8,0.01,"","separate_mirage","trait1","auc",NA,0.737768421052632
20260824,12,500,15,3000,3000,3000,3000,"fast","control_informative",0.18,8,0.01,"","separate_mirage","trait2","auc",NA,0.46734693877551
20260824,12,500,15,3000,3000,3000,3000,"fast","control_informative",0.18,8,0.01,"","separate_mirage","pleiotropy","auc",NA,0.591111111111111
20260824,12,500,15,3000,3000,3000,3000,"fast","control_informative",0.18,8,0.01,"","separate_mirage","trait1","pp08_power",0.8,0.12
20260824,12,500,15,3000,3000,3000,3000,"fast","control_informative",0.18,8,0.01,"","separate_mirage","trait1","pp08_fdp",0.8,0
20260824,12,500,15,3000,3000,3000,3000,"fast","control_informative",0.18,8,0.01,"","separate_mirage","trait1","pp08_discoveries",0.8,3
20260824,12,500,15,3000,3000,3000,3000,"fast","control_informative",0.18,8,0.01,"","separate_mirage","trait2","pp08_power",0.8,0.1
20260824,12,500,15,3000,3000,3000,3000,"fast","control_informative",0.18,8,0.01,"","separate_mirage","trait2","pp08_fdp",0.8,0
20260824,12,500,15,3000,3000,3000,3000,"fast","control_informative",0.18,8,0.01,"","separate_mirage","trait2","pp08_discoveries",0.8,1
20260824,12,500,15,3000,3000,3000,3000,"fast","control_informative",0.18,8,0.01,"","separate_mirage","pleiotropy","pp08_power",0.8,0
20260824,12,500,15,3000,3000,3000,3000,"fast","control_informative",0.18,8,0.01,"","separate_mirage","pleiotropy","pp08_fdp",0.8,0
20260824,12,500,15,3000,3000,3000,3000,"fast","control_informative",0.18,8,0.01,"","separate_mirage","pleiotropy","pp08_discoveries",0.8,0
20260824,12,500,15,3000,3000,3000,3000,"fast","control_informative",0.18,8,0.01,"","separate_mirage","trait1","bfdr_observed_fdp",0.01,0
20260824,12,500,15,3000,3000,3000,3000,"fast","control_informative",0.18,8,0.01,"","separate_mirage","trait1","bfdr_estimate",0.01,0.000908716610836691
20260824,12,500,15,3000,3000,3000,3000,"fast","control_informative",0.18,8,0.01,"","separate_mirage","trait1","bfdr_power",0.01,0.08
20260824,12,500,15,3000,3000,3000,3000,"fast","control_informative",0.18,8,0.01,"","separate_mirage","trait1","bfdr_discoveries",0.01,2
20260824,12,500,15,3000,3000,3000,3000,"fast","control_informative",0.18,8,0.01,"","separate_mirage","trait1","bfdr_observed_fdp",0.05,0
20260824,12,500,15,3000,3000,3000,3000,"fast","control_informative",0.18,8,0.01,"","separate_mirage","trait1","bfdr_estimate",0.05,0.000908716610836691
20260824,12,500,15,3000,3000,3000,3000,"fast","control_informative",0.18,8,0.01,"","separate_mirage","trait1","bfdr_power",0.05,0.08
20260824,12,500,15,3000,3000,3000,3000,"fast","control_informative",0.18,8,0.01,"","separate_mirage","trait1","bfdr_discoveries",0.05,2
20260824,12,500,15,3000,3000,3000,3000,"fast","control_informative",0.18,8,0.01,"","separate_mirage","trait1","bfdr_observed_fdp",0.1,0
20260824,12,500,15,3000,3000,3000,3000,"fast","control_informative",0.18,8,0.01,"","separate_mirage","trait1","bfdr_estimate",0.1,0.0572223242369589
20260824,12,500,15,3000,3000,3000,3000,"fast","control_informative",0.18,8,0.01,"","separate_mirage","trait1","bfdr_power",0.1,0.12
20260824,12,500,15,3000,3000,3000,3000,"fast","control_informative",0.18,8,0.01,"","separate_mirage","trait1","bfdr_discoveries",0.1,3
20260824,12,500,15,3000,3000,3000,3000,"fast","control_informative",0.18,8,0.01,"","separate_mirage","trait1","bfdr_observed_fdp",0.2,0
20260824,12,500,15,3000,3000,3000,3000,"fast","control_informative",0.18,8,0.01,"","separate_mirage","trait1","bfdr_estimate",0.2,0.150760419795183
20260824,12,500,15,3000,3000,3000,3000,"fast","control_informative",0.18,8,0.01,"","separate_mirage","trait1","bfdr_power",0.2,0.16
20260824,12,500,15,3000,3000,3000,3000,"fast","control_informative",0.18,8,0.01,"","separate_mirage","trait1","bfdr_discoveries",0.2,4
20260824,12,500,15,3000,3000,3000,3000,"fast","control_informative",0.18,8,0.01,"","separate_mirage","trait2","bfdr_observed_fdp",0.01,0
20260824,12,500,15,3000,3000,3000,3000,"fast","control_informative",0.18,8,0.01,"","separate_mirage","trait2","bfdr_estimate",0.01,3.21964677141295e-15
20260824,12,500,15,3000,3000,3000,3000,"fast","control_informative",0.18,8,0.01,"","separate_mirage","trait2","bfdr_power",0.01,0.1
20260824,12,500,15,3000,3000,3000,3000,"fast","control_informative",0.18,8,0.01,"","separate_mirage","trait2","bfdr_discoveries",0.01,1
20260824,12,500,15,3000,3000,3000,3000,"fast","control_informative",0.18,8,0.01,"","separate_mirage","trait2","bfdr_observed_fdp",0.05,0
20260824,12,500,15,3000,3000,3000,3000,"fast","control_informative",0.18,8,0.01,"","separate_mirage","trait2","bfdr_estimate",0.05,3.21964677141295e-15
20260824,12,500,15,3000,3000,3000,3000,"fast","control_informative",0.18,8,0.01,"","separate_mirage","trait2","bfdr_power",0.05,0.1
20260824,12,500,15,3000,3000,3000,3000,"fast","control_informative",0.18,8,0.01,"","separate_mirage","trait2","bfdr_discoveries",0.05,1
20260824,12,500,15,3000,3000,3000,3000,"fast","control_informative",0.18,8,0.01,"","separate_mirage","trait2","bfdr_observed_fdp",0.1,0
20260824,12,500,15,3000,3000,3000,3000,"fast","control_informative",0.18,8,0.01,"","separate_mirage","trait2","bfdr_estimate",0.1,3.21964677141295e-15
20260824,12,500,15,3000,3000,3000,3000,"fast","control_informative",0.18,8,0.01,"","separate_mirage","trait2","bfdr_power",0.1,0.1
20260824,12,500,15,3000,3000,3000,3000,"fast","control_informative",0.18,8,0.01,"","separate_mirage","trait2","bfdr_discoveries",0.1,1
20260824,12,500,15,3000,3000,3000,3000,"fast","control_informative",0.18,8,0.01,"","separate_mirage","trait2","bfdr_observed_fdp",0.2,0
20260824,12,500,15,3000,3000,3000,3000,"fast","control_informative",0.18,8,0.01,"","separate_mirage","trait2","bfdr_estimate",0.2,3.21964677141295e-15
20260824,12,500,15,3000,3000,3000,3000,"fast","control_informative",0.18,8,0.01,"","separate_mirage","trait2","bfdr_power",0.2,0.1
20260824,12,500,15,3000,3000,3000,3000,"fast","control_informative",0.18,8,0.01,"","separate_mirage","trait2","bfdr_discoveries",0.2,1
20260824,12,500,15,3000,3000,3000,3000,"fast","control_informative",0.18,8,0.01,"","separate_mirage","pleiotropy","bfdr_observed_fdp",0.01,0
20260824,12,500,15,3000,3000,3000,3000,"fast","control_informative",0.18,8,0.01,"","separate_mirage","pleiotropy","bfdr_estimate",0.01,0
20260824,12,500,15,3000,3000,3000,3000,"fast","control_informative",0.18,8,0.01,"","separate_mirage","pleiotropy","bfdr_power",0.01,0
20260824,12,500,15,3000,3000,3000,3000,"fast","control_informative",0.18,8,0.01,"","separate_mirage","pleiotropy","bfdr_discoveries",0.01,0
20260824,12,500,15,3000,3000,3000,3000,"fast","control_informative",0.18,8,0.01,"","separate_mirage","pleiotropy","bfdr_observed_fdp",0.05,0
20260824,12,500,15,3000,3000,3000,3000,"fast","control_informative",0.18,8,0.01,"","separate_mirage","pleiotropy","bfdr_estimate",0.05,0
20260824,12,500,15,3000,3000,3000,3000,"fast","control_informative",0.18,8,0.01,"","separate_mirage","pleiotropy","bfdr_power",0.05,0
20260824,12,500,15,3000,3000,3000,3000,"fast","control_informative",0.18,8,0.01,"","separate_mirage","pleiotropy","bfdr_discoveries",0.05,0
20260824,12,500,15,3000,3000,3000,3000,"fast","control_informative",0.18,8,0.01,"","separate_mirage","pleiotropy","bfdr_observed_fdp",0.1,0
20260824,12,500,15,3000,3000,3000,3000,"fast","control_informative",0.18,8,0.01,"","separate_mirage","pleiotropy","bfdr_estimate",0.1,0
20260824,12,500,15,3000,3000,3000,3000,"fast","control_informative",0.18,8,0.01,"","separate_mirage","pleiotropy","bfdr_power",0.1,0
20260824,12,500,15,3000,3000,3000,3000,"fast","control_informative",0.18,8,0.01,"","separate_mirage","pleiotropy","bfdr_discoveries",0.1,0
20260824,12,500,15,3000,3000,3000,3000,"fast","control_informative",0.18,8,0.01,"","separate_mirage","pleiotropy","bfdr_observed_fdp",0.2,0
20260824,12,500,15,3000,3000,3000,3000,"fast","control_informative",0.18,8,0.01,"","separate_mirage","pleiotropy","bfdr_estimate",0.2,0
20260824,12,500,15,3000,3000,3000,3000,"fast","control_informative",0.18,8,0.01,"","separate_mirage","pleiotropy","bfdr_power",0.2,0
20260824,12,500,15,3000,3000,3000,3000,"fast","control_informative",0.18,8,0.01,"","separate_mirage","pleiotropy","bfdr_discoveries",0.2,0
20260824,12,500,15,3000,3000,3000,3000,"fast","control_informative",0.18,8,0.01,"","separate_mirage","global","runtime_seconds",NA,18.526
20260824,12,500,15,3000,3000,3000,3000,"fast","control_informative",0.18,8,0.01,"","separate_mirage","pleiotropy","pi11_estimate",NA,0.001
20260824,12,500,15,3000,3000,3000,3000,"fast","control_informative",0.18,8,0.01,"","mtada_aggregated","trait1","auc",NA,0.667115789473684
20260824,12,500,15,3000,3000,3000,3000,"fast","control_informative",0.18,8,0.01,"","mtada_aggregated","trait2","auc",NA,0.632857142857143
20260824,12,500,15,3000,3000,3000,3000,"fast","control_informative",0.18,8,0.01,"","mtada_aggregated","pleiotropy","auc",NA,0.533737373737374
20260824,12,500,15,3000,3000,3000,3000,"fast","control_informative",0.18,8,0.01,"","mtada_aggregated","trait1","pp08_power",0.8,0.76
20260824,12,500,15,3000,3000,3000,3000,"fast","control_informative",0.18,8,0.01,"","mtada_aggregated","trait1","pp08_fdp",0.8,0.928030303030303
20260824,12,500,15,3000,3000,3000,3000,"fast","control_informative",0.18,8,0.01,"","mtada_aggregated","trait1","pp08_discoveries",0.8,264
20260824,12,500,15,3000,3000,3000,3000,"fast","control_informative",0.18,8,0.01,"","mtada_aggregated","trait2","pp08_power",0.8,0.7
20260824,12,500,15,3000,3000,3000,3000,"fast","control_informative",0.18,8,0.01,"","mtada_aggregated","trait2","pp08_fdp",0.8,0.97165991902834
20260824,12,500,15,3000,3000,3000,3000,"fast","control_informative",0.18,8,0.01,"","mtada_aggregated","trait2","pp08_discoveries",0.8,247
20260824,12,500,15,3000,3000,3000,3000,"fast","control_informative",0.18,8,0.01,"","mtada_aggregated","pleiotropy","pp08_power",0.8,0.4
20260824,12,500,15,3000,3000,3000,3000,"fast","control_informative",0.18,8,0.01,"","mtada_aggregated","pleiotropy","pp08_fdp",0.8,0.986842105263158
20260824,12,500,15,3000,3000,3000,3000,"fast","control_informative",0.18,8,0.01,"","mtada_aggregated","pleiotropy","pp08_discoveries",0.8,152
20260824,12,500,15,3000,3000,3000,3000,"fast","control_informative",0.18,8,0.01,"","mtada_aggregated","trait1","bfdr_observed_fdp",0.01,0.926070038910506
20260824,12,500,15,3000,3000,3000,3000,"fast","control_informative",0.18,8,0.01,"","mtada_aggregated","trait1","bfdr_estimate",0.01,0.00988730052954117
20260824,12,500,15,3000,3000,3000,3000,"fast","control_informative",0.18,8,0.01,"","mtada_aggregated","trait1","bfdr_power",0.01,0.76
20260824,12,500,15,3000,3000,3000,3000,"fast","control_informative",0.18,8,0.01,"","mtada_aggregated","trait1","bfdr_discoveries",0.01,257
20260824,12,500,15,3000,3000,3000,3000,"fast","control_informative",0.18,8,0.01,"","mtada_aggregated","trait1","bfdr_observed_fdp",0.05,0.928082191780822
20260824,12,500,15,3000,3000,3000,3000,"fast","control_informative",0.18,8,0.01,"","mtada_aggregated","trait1","bfdr_estimate",0.05,0.0483716409093029
20260824,12,500,15,3000,3000,3000,3000,"fast","control_informative",0.18,8,0.01,"","mtada_aggregated","trait1","bfdr_power",0.05,0.84
20260824,12,500,15,3000,3000,3000,3000,"fast","control_informative",0.18,8,0.01,"","mtada_aggregated","trait1","bfdr_discoveries",0.05,292
20260824,12,500,15,3000,3000,3000,3000,"fast","control_informative",0.18,8,0.01,"","mtada_aggregated","trait1","bfdr_observed_fdp",0.1,0.933544303797468
20260824,12,500,15,3000,3000,3000,3000,"fast","control_informative",0.18,8,0.01,"","mtada_aggregated","trait1","bfdr_estimate",0.1,0.0985380079796602
20260824,12,500,15,3000,3000,3000,3000,"fast","control_informative",0.18,8,0.01,"","mtada_aggregated","trait1","bfdr_power",0.1,0.84
20260824,12,500,15,3000,3000,3000,3000,"fast","control_informative",0.18,8,0.01,"","mtada_aggregated","trait1","bfdr_discoveries",0.1,316
20260824,12,500,15,3000,3000,3000,3000,"fast","control_informative",0.18,8,0.01,"","mtada_aggregated","trait1","bfdr_observed_fdp",0.2,0.941828254847645
20260824,12,500,15,3000,3000,3000,3000,"fast","control_informative",0.18,8,0.01,"","mtada_aggregated","trait1","bfdr_estimate",0.2,0.198720762922202
20260824,12,500,15,3000,3000,3000,3000,"fast","control_informative",0.18,8,0.01,"","mtada_aggregated","trait1","bfdr_power",0.2,0.84
20260824,12,500,15,3000,3000,3000,3000,"fast","control_informative",0.18,8,0.01,"","mtada_aggregated","trait1","bfdr_discoveries",0.2,361
20260824,12,500,15,3000,3000,3000,3000,"fast","control_informative",0.18,8,0.01,"","mtada_aggregated","trait2","bfdr_observed_fdp",0.01,0.971311475409836
20260824,12,500,15,3000,3000,3000,3000,"fast","control_informative",0.18,8,0.01,"","mtada_aggregated","trait2","bfdr_estimate",0.01,0.00961151735474304
20260824,12,500,15,3000,3000,3000,3000,"fast","control_informative",0.18,8,0.01,"","mtada_aggregated","trait2","bfdr_power",0.01,0.7
20260824,12,500,15,3000,3000,3000,3000,"fast","control_informative",0.18,8,0.01,"","mtada_aggregated","trait2","bfdr_discoveries",0.01,244
20260824,12,500,15,3000,3000,3000,3000,"fast","control_informative",0.18,8,0.01,"","mtada_aggregated","trait2","bfdr_observed_fdp",0.05,0.974358974358974
20260824,12,500,15,3000,3000,3000,3000,"fast","control_informative",0.18,8,0.01,"","mtada_aggregated","trait2","bfdr_estimate",0.05,0.048306915865053
20260824,12,500,15,3000,3000,3000,3000,"fast","control_informative",0.18,8,0.01,"","mtada_aggregated","trait2","bfdr_power",0.05,0.7
20260824,12,500,15,3000,3000,3000,3000,"fast","control_informative",0.18,8,0.01,"","mtada_aggregated","trait2","bfdr_discoveries",0.05,273
20260824,12,500,15,3000,3000,3000,3000,"fast","control_informative",0.18,8,0.01,"","mtada_aggregated","trait2","bfdr_observed_fdp",0.1,0.976190476190476
20260824,12,500,15,3000,3000,3000,3000,"fast","control_informative",0.18,8,0.01,"","mtada_aggregated","trait2","bfdr_estimate",0.1,0.0987459043094582
20260824,12,500,15,3000,3000,3000,3000,"fast","control_informative",0.18,8,0.01,"","mtada_aggregated","trait2","bfdr_power",0.1,0.7
20260824,12,500,15,3000,3000,3000,3000,"fast","control_informative",0.18,8,0.01,"","mtada_aggregated","trait2","bfdr_discoveries",0.1,294
20260824,12,500,15,3000,3000,3000,3000,"fast","control_informative",0.18,8,0.01,"","mtada_aggregated","trait2","bfdr_observed_fdp",0.2,0.976047904191617
20260824,12,500,15,3000,3000,3000,3000,"fast","control_informative",0.18,8,0.01,"","mtada_aggregated","trait2","bfdr_estimate",0.2,0.199655080835591
20260824,12,500,15,3000,3000,3000,3000,"fast","control_informative",0.18,8,0.01,"","mtada_aggregated","trait2","bfdr_power",0.2,0.8
20260824,12,500,15,3000,3000,3000,3000,"fast","control_informative",0.18,8,0.01,"","mtada_aggregated","trait2","bfdr_discoveries",0.2,334
20260824,12,500,15,3000,3000,3000,3000,"fast","control_informative",0.18,8,0.01,"","mtada_aggregated","pleiotropy","bfdr_observed_fdp",0.01,0.992481203007519
20260824,12,500,15,3000,3000,3000,3000,"fast","control_informative",0.18,8,0.01,"","mtada_aggregated","pleiotropy","bfdr_estimate",0.01,0.00964920199388265
20260824,12,500,15,3000,3000,3000,3000,"fast","control_informative",0.18,8,0.01,"","mtada_aggregated","pleiotropy","bfdr_power",0.01,0.2
20260824,12,500,15,3000,3000,3000,3000,"fast","control_informative",0.18,8,0.01,"","mtada_aggregated","pleiotropy","bfdr_discoveries",0.01,133
20260824,12,500,15,3000,3000,3000,3000,"fast","control_informative",0.18,8,0.01,"","mtada_aggregated","pleiotropy","bfdr_observed_fdp",0.05,0.987951807228916
20260824,12,500,15,3000,3000,3000,3000,"fast","control_informative",0.18,8,0.01,"","mtada_aggregated","pleiotropy","bfdr_estimate",0.05,0.0482914520297517
20260824,12,500,15,3000,3000,3000,3000,"fast","control_informative",0.18,8,0.01,"","mtada_aggregated","pleiotropy","bfdr_power",0.05,0.4
20260824,12,500,15,3000,3000,3000,3000,"fast","control_informative",0.18,8,0.01,"","mtada_aggregated","pleiotropy","bfdr_discoveries",0.05,166
20260824,12,500,15,3000,3000,3000,3000,"fast","control_informative",0.18,8,0.01,"","mtada_aggregated","pleiotropy","bfdr_observed_fdp",0.1,0.983783783783784
20260824,12,500,15,3000,3000,3000,3000,"fast","control_informative",0.18,8,0.01,"","mtada_aggregated","pleiotropy","bfdr_estimate",0.1,0.0980641362663207
20260824,12,500,15,3000,3000,3000,3000,"fast","control_informative",0.18,8,0.01,"","mtada_aggregated","pleiotropy","bfdr_power",0.1,0.6
20260824,12,500,15,3000,3000,3000,3000,"fast","control_informative",0.18,8,0.01,"","mtada_aggregated","pleiotropy","bfdr_discoveries",0.1,185
20260824,12,500,15,3000,3000,3000,3000,"fast","control_informative",0.18,8,0.01,"","mtada_aggregated","pleiotropy","bfdr_observed_fdp",0.2,0.986238532110092
20260824,12,500,15,3000,3000,3000,3000,"fast","control_informative",0.18,8,0.01,"","mtada_aggregated","pleiotropy","bfdr_estimate",0.2,0.199256518339678
20260824,12,500,15,3000,3000,3000,3000,"fast","control_informative",0.18,8,0.01,"","mtada_aggregated","pleiotropy","bfdr_power",0.2,0.6
20260824,12,500,15,3000,3000,3000,3000,"fast","control_informative",0.18,8,0.01,"","mtada_aggregated","pleiotropy","bfdr_discoveries",0.2,218
20260824,12,500,15,3000,3000,3000,3000,"fast","control_informative",0.18,8,0.01,"","mtada_aggregated","global","runtime_seconds",NA,0.742000000000019
20260824,12,500,15,3000,3000,3000,3000,"fast","control_informative",0.18,8,0.01,"","mtada_aggregated","pleiotropy","pi11_estimate",NA,0.00813969
20260825,13,500,15,3000,3000,3000,3000,"fast","control_informative",0.18,8,0.01,"","mirage_joint","trait1","auc",NA,0.701389473684211
20260825,13,500,15,3000,3000,3000,3000,"fast","control_informative",0.18,8,0.01,"","mirage_joint","trait2","auc",NA,0.794285714285714
20260825,13,500,15,3000,3000,3000,3000,"fast","control_informative",0.18,8,0.01,"","mirage_joint","pleiotropy","auc",NA,0.938585858585859
20260825,13,500,15,3000,3000,3000,3000,"fast","control_informative",0.18,8,0.01,"","mirage_joint","trait1","pp08_power",0.8,0.2
20260825,13,500,15,3000,3000,3000,3000,"fast","control_informative",0.18,8,0.01,"","mirage_joint","trait1","pp08_fdp",0.8,0.285714285714286
20260825,13,500,15,3000,3000,3000,3000,"fast","control_informative",0.18,8,0.01,"","mirage_joint","trait1","pp08_discoveries",0.8,7
20260825,13,500,15,3000,3000,3000,3000,"fast","control_informative",0.18,8,0.01,"","mirage_joint","trait2","pp08_power",0.8,0.3
20260825,13,500,15,3000,3000,3000,3000,"fast","control_informative",0.18,8,0.01,"","mirage_joint","trait2","pp08_fdp",0.8,0
20260825,13,500,15,3000,3000,3000,3000,"fast","control_informative",0.18,8,0.01,"","mirage_joint","trait2","pp08_discoveries",0.8,3
20260825,13,500,15,3000,3000,3000,3000,"fast","control_informative",0.18,8,0.01,"","mirage_joint","pleiotropy","pp08_power",0.8,0.2
20260825,13,500,15,3000,3000,3000,3000,"fast","control_informative",0.18,8,0.01,"","mirage_joint","pleiotropy","pp08_fdp",0.8,0.5
20260825,13,500,15,3000,3000,3000,3000,"fast","control_informative",0.18,8,0.01,"","mirage_joint","pleiotropy","pp08_discoveries",0.8,2
20260825,13,500,15,3000,3000,3000,3000,"fast","control_informative",0.18,8,0.01,"","mirage_joint","trait1","bfdr_observed_fdp",0.01,0
20260825,13,500,15,3000,3000,3000,3000,"fast","control_informative",0.18,8,0.01,"","mirage_joint","trait1","bfdr_estimate",0.01,3.63086905443621e-05
20260825,13,500,15,3000,3000,3000,3000,"fast","control_informative",0.18,8,0.01,"","mirage_joint","trait1","bfdr_power",0.01,0.2
20260825,13,500,15,3000,3000,3000,3000,"fast","control_informative",0.18,8,0.01,"","mirage_joint","trait1","bfdr_discoveries",0.01,5
20260825,13,500,15,3000,3000,3000,3000,"fast","control_informative",0.18,8,0.01,"","mirage_joint","trait1","bfdr_observed_fdp",0.05,0.285714285714286
20260825,13,500,15,3000,3000,3000,3000,"fast","control_informative",0.18,8,0.01,"","mirage_joint","trait1","bfdr_estimate",0.05,0.0417548143144853
20260825,13,500,15,3000,3000,3000,3000,"fast","control_informative",0.18,8,0.01,"","mirage_joint","trait1","bfdr_power",0.05,0.2
20260825,13,500,15,3000,3000,3000,3000,"fast","control_informative",0.18,8,0.01,"","mirage_joint","trait1","bfdr_discoveries",0.05,7
20260825,13,500,15,3000,3000,3000,3000,"fast","control_informative",0.18,8,0.01,"","mirage_joint","trait1","bfdr_observed_fdp",0.1,0.333333333333333
20260825,13,500,15,3000,3000,3000,3000,"fast","control_informative",0.18,8,0.01,"","mirage_joint","trait1","bfdr_estimate",0.1,0.0943949519818486
20260825,13,500,15,3000,3000,3000,3000,"fast","control_informative",0.18,8,0.01,"","mirage_joint","trait1","bfdr_power",0.1,0.24
20260825,13,500,15,3000,3000,3000,3000,"fast","control_informative",0.18,8,0.01,"","mirage_joint","trait1","bfdr_discoveries",0.1,9
20260825,13,500,15,3000,3000,3000,3000,"fast","control_informative",0.18,8,0.01,"","mirage_joint","trait1","bfdr_observed_fdp",0.2,0.416666666666667
20260825,13,500,15,3000,3000,3000,3000,"fast","control_informative",0.18,8,0.01,"","mirage_joint","trait1","bfdr_estimate",0.2,0.179140632940103
20260825,13,500,15,3000,3000,3000,3000,"fast","control_informative",0.18,8,0.01,"","mirage_joint","trait1","bfdr_power",0.2,0.28
20260825,13,500,15,3000,3000,3000,3000,"fast","control_informative",0.18,8,0.01,"","mirage_joint","trait1","bfdr_discoveries",0.2,12
20260825,13,500,15,3000,3000,3000,3000,"fast","control_informative",0.18,8,0.01,"","mirage_joint","trait2","bfdr_observed_fdp",0.01,0
20260825,13,500,15,3000,3000,3000,3000,"fast","control_informative",0.18,8,0.01,"","mirage_joint","trait2","bfdr_estimate",0.01,0.000188671047334147
20260825,13,500,15,3000,3000,3000,3000,"fast","control_informative",0.18,8,0.01,"","mirage_joint","trait2","bfdr_power",0.01,0.3
20260825,13,500,15,3000,3000,3000,3000,"fast","control_informative",0.18,8,0.01,"","mirage_joint","trait2","bfdr_discoveries",0.01,3
20260825,13,500,15,3000,3000,3000,3000,"fast","control_informative",0.18,8,0.01,"","mirage_joint","trait2","bfdr_observed_fdp",0.05,0
20260825,13,500,15,3000,3000,3000,3000,"fast","control_informative",0.18,8,0.01,"","mirage_joint","trait2","bfdr_estimate",0.05,0.000188671047334147
20260825,13,500,15,3000,3000,3000,3000,"fast","control_informative",0.18,8,0.01,"","mirage_joint","trait2","bfdr_power",0.05,0.3
20260825,13,500,15,3000,3000,3000,3000,"fast","control_informative",0.18,8,0.01,"","mirage_joint","trait2","bfdr_discoveries",0.05,3
20260825,13,500,15,3000,3000,3000,3000,"fast","control_informative",0.18,8,0.01,"","mirage_joint","trait2","bfdr_observed_fdp",0.1,0.25
20260825,13,500,15,3000,3000,3000,3000,"fast","control_informative",0.18,8,0.01,"","mirage_joint","trait2","bfdr_estimate",0.1,0.0766241065499169
20260825,13,500,15,3000,3000,3000,3000,"fast","control_informative",0.18,8,0.01,"","mirage_joint","trait2","bfdr_power",0.1,0.3
20260825,13,500,15,3000,3000,3000,3000,"fast","control_informative",0.18,8,0.01,"","mirage_joint","trait2","bfdr_discoveries",0.1,4
20260825,13,500,15,3000,3000,3000,3000,"fast","control_informative",0.18,8,0.01,"","mirage_joint","trait2","bfdr_observed_fdp",0.2,0.4
20260825,13,500,15,3000,3000,3000,3000,"fast","control_informative",0.18,8,0.01,"","mirage_joint","trait2","bfdr_estimate",0.2,0.178219634304755
20260825,13,500,15,3000,3000,3000,3000,"fast","control_informative",0.18,8,0.01,"","mirage_joint","trait2","bfdr_power",0.2,0.3
20260825,13,500,15,3000,3000,3000,3000,"fast","control_informative",0.18,8,0.01,"","mirage_joint","trait2","bfdr_discoveries",0.2,5
20260825,13,500,15,3000,3000,3000,3000,"fast","control_informative",0.18,8,0.01,"","mirage_joint","pleiotropy","bfdr_observed_fdp",0.01,0
20260825,13,500,15,3000,3000,3000,3000,"fast","control_informative",0.18,8,0.01,"","mirage_joint","pleiotropy","bfdr_estimate",0.01,1.58858442622645e-07
20260825,13,500,15,3000,3000,3000,3000,"fast","control_informative",0.18,8,0.01,"","mirage_joint","pleiotropy","bfdr_power",0.01,0.2
20260825,13,500,15,3000,3000,3000,3000,"fast","control_informative",0.18,8,0.01,"","mirage_joint","pleiotropy","bfdr_discoveries",0.01,1
20260825,13,500,15,3000,3000,3000,3000,"fast","control_informative",0.18,8,0.01,"","mirage_joint","pleiotropy","bfdr_observed_fdp",0.05,0
20260825,13,500,15,3000,3000,3000,3000,"fast","control_informative",0.18,8,0.01,"","mirage_joint","pleiotropy","bfdr_estimate",0.05,1.58858442622645e-07
20260825,13,500,15,3000,3000,3000,3000,"fast","control_informative",0.18,8,0.01,"","mirage_joint","pleiotropy","bfdr_power",0.05,0.2
20260825,13,500,15,3000,3000,3000,3000,"fast","control_informative",0.18,8,0.01,"","mirage_joint","pleiotropy","bfdr_discoveries",0.05,1
20260825,13,500,15,3000,3000,3000,3000,"fast","control_informative",0.18,8,0.01,"","mirage_joint","pleiotropy","bfdr_observed_fdp",0.1,0.5
20260825,13,500,15,3000,3000,3000,3000,"fast","control_informative",0.18,8,0.01,"","mirage_joint","pleiotropy","bfdr_estimate",0.1,0.0830334022075188
20260825,13,500,15,3000,3000,3000,3000,"fast","control_informative",0.18,8,0.01,"","mirage_joint","pleiotropy","bfdr_power",0.1,0.2
20260825,13,500,15,3000,3000,3000,3000,"fast","control_informative",0.18,8,0.01,"","mirage_joint","pleiotropy","bfdr_discoveries",0.1,2
20260825,13,500,15,3000,3000,3000,3000,"fast","control_informative",0.18,8,0.01,"","mirage_joint","pleiotropy","bfdr_observed_fdp",0.2,0.333333333333333
20260825,13,500,15,3000,3000,3000,3000,"fast","control_informative",0.18,8,0.01,"","mirage_joint","pleiotropy","bfdr_estimate",0.2,0.175022517127763
20260825,13,500,15,3000,3000,3000,3000,"fast","control_informative",0.18,8,0.01,"","mirage_joint","pleiotropy","bfdr_power",0.2,0.4
20260825,13,500,15,3000,3000,3000,3000,"fast","control_informative",0.18,8,0.01,"","mirage_joint","pleiotropy","bfdr_discoveries",0.2,3
20260825,13,500,15,3000,3000,3000,3000,"fast","control_informative",0.18,8,0.01,"","mirage_joint","global","runtime_seconds",NA,18.334
20260825,13,500,15,3000,3000,3000,3000,"fast","control_informative",0.18,8,0.01,"","mirage_joint","pleiotropy","pi11_estimate",NA,0.0204180859941923
20260825,13,500,15,3000,3000,3000,3000,"fast","control_informative",0.18,8,0.01,"","separate_mirage","trait1","auc",NA,0.641178947368421
20260825,13,500,15,3000,3000,3000,3000,"fast","control_informative",0.18,8,0.01,"","separate_mirage","trait2","auc",NA,0.754897959183673
20260825,13,500,15,3000,3000,3000,3000,"fast","control_informative",0.18,8,0.01,"","separate_mirage","pleiotropy","auc",NA,0.934545454545455
20260825,13,500,15,3000,3000,3000,3000,"fast","control_informative",0.18,8,0.01,"","separate_mirage","trait1","pp08_power",0.8,0.2
20260825,13,500,15,3000,3000,3000,3000,"fast","control_informative",0.18,8,0.01,"","separate_mirage","trait1","pp08_fdp",0.8,0.166666666666667
20260825,13,500,15,3000,3000,3000,3000,"fast","control_informative",0.18,8,0.01,"","separate_mirage","trait1","pp08_discoveries",0.8,6
20260825,13,500,15,3000,3000,3000,3000,"fast","control_informative",0.18,8,0.01,"","separate_mirage","trait2","pp08_power",0.8,0.3
20260825,13,500,15,3000,3000,3000,3000,"fast","control_informative",0.18,8,0.01,"","separate_mirage","trait2","pp08_fdp",0.8,0
20260825,13,500,15,3000,3000,3000,3000,"fast","control_informative",0.18,8,0.01,"","separate_mirage","trait2","pp08_discoveries",0.8,3
20260825,13,500,15,3000,3000,3000,3000,"fast","control_informative",0.18,8,0.01,"","separate_mirage","pleiotropy","pp08_power",0.8,0.2
20260825,13,500,15,3000,3000,3000,3000,"fast","control_informative",0.18,8,0.01,"","separate_mirage","pleiotropy","pp08_fdp",0.8,0
20260825,13,500,15,3000,3000,3000,3000,"fast","control_informative",0.18,8,0.01,"","separate_mirage","pleiotropy","pp08_discoveries",0.8,1
20260825,13,500,15,3000,3000,3000,3000,"fast","control_informative",0.18,8,0.01,"","separate_mirage","trait1","bfdr_observed_fdp",0.01,0
20260825,13,500,15,3000,3000,3000,3000,"fast","control_informative",0.18,8,0.01,"","separate_mirage","trait1","bfdr_estimate",0.01,4.66197634424237e-05
20260825,13,500,15,3000,3000,3000,3000,"fast","control_informative",0.18,8,0.01,"","separate_mirage","trait1","bfdr_power",0.01,0.2
20260825,13,500,15,3000,3000,3000,3000,"fast","control_informative",0.18,8,0.01,"","separate_mirage","trait1","bfdr_discoveries",0.01,5
20260825,13,500,15,3000,3000,3000,3000,"fast","control_informative",0.18,8,0.01,"","separate_mirage","trait1","bfdr_observed_fdp",0.05,0.166666666666667
20260825,13,500,15,3000,3000,3000,3000,"fast","control_informative",0.18,8,0.01,"","separate_mirage","trait1","bfdr_estimate",0.05,0.029311376290064
20260825,13,500,15,3000,3000,3000,3000,"fast","control_informative",0.18,8,0.01,"","separate_mirage","trait1","bfdr_power",0.05,0.2
20260825,13,500,15,3000,3000,3000,3000,"fast","control_informative",0.18,8,0.01,"","separate_mirage","trait1","bfdr_discoveries",0.05,6
20260825,13,500,15,3000,3000,3000,3000,"fast","control_informative",0.18,8,0.01,"","separate_mirage","trait1","bfdr_observed_fdp",0.1,0.142857142857143
20260825,13,500,15,3000,3000,3000,3000,"fast","control_informative",0.18,8,0.01,"","separate_mirage","trait1","bfdr_estimate",0.1,0.0565449264111636
20260825,13,500,15,3000,3000,3000,3000,"fast","control_informative",0.18,8,0.01,"","separate_mirage","trait1","bfdr_power",0.1,0.24
20260825,13,500,15,3000,3000,3000,3000,"fast","control_informative",0.18,8,0.01,"","separate_mirage","trait1","bfdr_discoveries",0.1,7
20260825,13,500,15,3000,3000,3000,3000,"fast","control_informative",0.18,8,0.01,"","separate_mirage","trait1","bfdr_observed_fdp",0.2,0.333333333333333
20260825,13,500,15,3000,3000,3000,3000,"fast","control_informative",0.18,8,0.01,"","separate_mirage","trait1","bfdr_estimate",0.2,0.172638244210243
20260825,13,500,15,3000,3000,3000,3000,"fast","control_informative",0.18,8,0.01,"","separate_mirage","trait1","bfdr_power",0.2,0.24
20260825,13,500,15,3000,3000,3000,3000,"fast","control_informative",0.18,8,0.01,"","separate_mirage","trait1","bfdr_discoveries",0.2,9
20260825,13,500,15,3000,3000,3000,3000,"fast","control_informative",0.18,8,0.01,"","separate_mirage","trait2","bfdr_observed_fdp",0.01,0
20260825,13,500,15,3000,3000,3000,3000,"fast","control_informative",0.18,8,0.01,"","separate_mirage","trait2","bfdr_estimate",0.01,0.000185847412197737
20260825,13,500,15,3000,3000,3000,3000,"fast","control_informative",0.18,8,0.01,"","separate_mirage","trait2","bfdr_power",0.01,0.3
20260825,13,500,15,3000,3000,3000,3000,"fast","control_informative",0.18,8,0.01,"","separate_mirage","trait2","bfdr_discoveries",0.01,3
20260825,13,500,15,3000,3000,3000,3000,"fast","control_informative",0.18,8,0.01,"","separate_mirage","trait2","bfdr_observed_fdp",0.05,0
20260825,13,500,15,3000,3000,3000,3000,"fast","control_informative",0.18,8,0.01,"","separate_mirage","trait2","bfdr_estimate",0.05,0.000185847412197737
20260825,13,500,15,3000,3000,3000,3000,"fast","control_informative",0.18,8,0.01,"","separate_mirage","trait2","bfdr_power",0.05,0.3
20260825,13,500,15,3000,3000,3000,3000,"fast","control_informative",0.18,8,0.01,"","separate_mirage","trait2","bfdr_discoveries",0.05,3
20260825,13,500,15,3000,3000,3000,3000,"fast","control_informative",0.18,8,0.01,"","separate_mirage","trait2","bfdr_observed_fdp",0.1,0
20260825,13,500,15,3000,3000,3000,3000,"fast","control_informative",0.18,8,0.01,"","separate_mirage","trait2","bfdr_estimate",0.1,0.000185847412197737
20260825,13,500,15,3000,3000,3000,3000,"fast","control_informative",0.18,8,0.01,"","separate_mirage","trait2","bfdr_power",0.1,0.3
20260825,13,500,15,3000,3000,3000,3000,"fast","control_informative",0.18,8,0.01,"","separate_mirage","trait2","bfdr_discoveries",0.1,3
20260825,13,500,15,3000,3000,3000,3000,"fast","control_informative",0.18,8,0.01,"","separate_mirage","trait2","bfdr_observed_fdp",0.2,0.4
20260825,13,500,15,3000,3000,3000,3000,"fast","control_informative",0.18,8,0.01,"","separate_mirage","trait2","bfdr_estimate",0.2,0.183510811454912
20260825,13,500,15,3000,3000,3000,3000,"fast","control_informative",0.18,8,0.01,"","separate_mirage","trait2","bfdr_power",0.2,0.3
20260825,13,500,15,3000,3000,3000,3000,"fast","control_informative",0.18,8,0.01,"","separate_mirage","trait2","bfdr_discoveries",0.2,5
20260825,13,500,15,3000,3000,3000,3000,"fast","control_informative",0.18,8,0.01,"","separate_mirage","pleiotropy","bfdr_observed_fdp",0.01,0
20260825,13,500,15,3000,3000,3000,3000,"fast","control_informative",0.18,8,0.01,"","separate_mirage","pleiotropy","bfdr_estimate",0.01,5.46441514470697e-06
20260825,13,500,15,3000,3000,3000,3000,"fast","control_informative",0.18,8,0.01,"","separate_mirage","pleiotropy","bfdr_power",0.01,0.2
20260825,13,500,15,3000,3000,3000,3000,"fast","control_informative",0.18,8,0.01,"","separate_mirage","pleiotropy","bfdr_discoveries",0.01,1
20260825,13,500,15,3000,3000,3000,3000,"fast","control_informative",0.18,8,0.01,"","separate_mirage","pleiotropy","bfdr_observed_fdp",0.05,0
20260825,13,500,15,3000,3000,3000,3000,"fast","control_informative",0.18,8,0.01,"","separate_mirage","pleiotropy","bfdr_estimate",0.05,5.46441514470697e-06
20260825,13,500,15,3000,3000,3000,3000,"fast","control_informative",0.18,8,0.01,"","separate_mirage","pleiotropy","bfdr_power",0.05,0.2
20260825,13,500,15,3000,3000,3000,3000,"fast","control_informative",0.18,8,0.01,"","separate_mirage","pleiotropy","bfdr_discoveries",0.05,1
20260825,13,500,15,3000,3000,3000,3000,"fast","control_informative",0.18,8,0.01,"","separate_mirage","pleiotropy","bfdr_observed_fdp",0.1,0
20260825,13,500,15,3000,3000,3000,3000,"fast","control_informative",0.18,8,0.01,"","separate_mirage","pleiotropy","bfdr_estimate",0.1,5.46441514470697e-06
20260825,13,500,15,3000,3000,3000,3000,"fast","control_informative",0.18,8,0.01,"","separate_mirage","pleiotropy","bfdr_power",0.1,0.2
20260825,13,500,15,3000,3000,3000,3000,"fast","control_informative",0.18,8,0.01,"","separate_mirage","pleiotropy","bfdr_discoveries",0.1,1
20260825,13,500,15,3000,3000,3000,3000,"fast","control_informative",0.18,8,0.01,"","separate_mirage","pleiotropy","bfdr_observed_fdp",0.2,0
20260825,13,500,15,3000,3000,3000,3000,"fast","control_informative",0.18,8,0.01,"","separate_mirage","pleiotropy","bfdr_estimate",0.2,5.46441514470697e-06
20260825,13,500,15,3000,3000,3000,3000,"fast","control_informative",0.18,8,0.01,"","separate_mirage","pleiotropy","bfdr_power",0.2,0.2
20260825,13,500,15,3000,3000,3000,3000,"fast","control_informative",0.18,8,0.01,"","separate_mirage","pleiotropy","bfdr_discoveries",0.2,1
20260825,13,500,15,3000,3000,3000,3000,"fast","control_informative",0.18,8,0.01,"","separate_mirage","global","runtime_seconds",NA,18.4420000000001
20260825,13,500,15,3000,3000,3000,3000,"fast","control_informative",0.18,8,0.01,"","separate_mirage","pleiotropy","pi11_estimate",NA,0.001
20260825,13,500,15,3000,3000,3000,3000,"fast","control_informative",0.18,8,0.01,"","mtada_aggregated","trait1","auc",NA,0.551873684210526
20260825,13,500,15,3000,3000,3000,3000,"fast","control_informative",0.18,8,0.01,"","mtada_aggregated","trait2","auc",NA,0.676326530612245
20260825,13,500,15,3000,3000,3000,3000,"fast","control_informative",0.18,8,0.01,"","mtada_aggregated","pleiotropy","auc",NA,0.572323232323232
20260825,13,500,15,3000,3000,3000,3000,"fast","control_informative",0.18,8,0.01,"","mtada_aggregated","trait1","pp08_power",0.8,0.52
20260825,13,500,15,3000,3000,3000,3000,"fast","control_informative",0.18,8,0.01,"","mtada_aggregated","trait1","pp08_fdp",0.8,0.952554744525547
20260825,13,500,15,3000,3000,3000,3000,"fast","control_informative",0.18,8,0.01,"","mtada_aggregated","trait1","pp08_discoveries",0.8,274
20260825,13,500,15,3000,3000,3000,3000,"fast","control_informative",0.18,8,0.01,"","mtada_aggregated","trait2","pp08_power",0.8,0.7
20260825,13,500,15,3000,3000,3000,3000,"fast","control_informative",0.18,8,0.01,"","mtada_aggregated","trait2","pp08_fdp",0.8,0.96943231441048
20260825,13,500,15,3000,3000,3000,3000,"fast","control_informative",0.18,8,0.01,"","mtada_aggregated","trait2","pp08_discoveries",0.8,229
20260825,13,500,15,3000,3000,3000,3000,"fast","control_informative",0.18,8,0.01,"","mtada_aggregated","pleiotropy","pp08_power",0.8,0.2
20260825,13,500,15,3000,3000,3000,3000,"fast","control_informative",0.18,8,0.01,"","mtada_aggregated","pleiotropy","pp08_fdp",0.8,0.993333333333333
20260825,13,500,15,3000,3000,3000,3000,"fast","control_informative",0.18,8,0.01,"","mtada_aggregated","pleiotropy","pp08_discoveries",0.8,150
20260825,13,500,15,3000,3000,3000,3000,"fast","control_informative",0.18,8,0.01,"","mtada_aggregated","trait1","bfdr_observed_fdp",0.01,0.952029520295203
20260825,13,500,15,3000,3000,3000,3000,"fast","control_informative",0.18,8,0.01,"","mtada_aggregated","trait1","bfdr_estimate",0.01,0.00960028702532303
20260825,13,500,15,3000,3000,3000,3000,"fast","control_informative",0.18,8,0.01,"","mtada_aggregated","trait1","bfdr_power",0.01,0.52
20260825,13,500,15,3000,3000,3000,3000,"fast","control_informative",0.18,8,0.01,"","mtada_aggregated","trait1","bfdr_discoveries",0.01,271
20260825,13,500,15,3000,3000,3000,3000,"fast","control_informative",0.18,8,0.01,"","mtada_aggregated","trait1","bfdr_observed_fdp",0.05,0.949664429530201
20260825,13,500,15,3000,3000,3000,3000,"fast","control_informative",0.18,8,0.01,"","mtada_aggregated","trait1","bfdr_estimate",0.05,0.0493357218991858
20260825,13,500,15,3000,3000,3000,3000,"fast","control_informative",0.18,8,0.01,"","mtada_aggregated","trait1","bfdr_power",0.05,0.6
20260825,13,500,15,3000,3000,3000,3000,"fast","control_informative",0.18,8,0.01,"","mtada_aggregated","trait1","bfdr_discoveries",0.05,298
20260825,13,500,15,3000,3000,3000,3000,"fast","control_informative",0.18,8,0.01,"","mtada_aggregated","trait1","bfdr_observed_fdp",0.1,0.950155763239875
20260825,13,500,15,3000,3000,3000,3000,"fast","control_informative",0.18,8,0.01,"","mtada_aggregated","trait1","bfdr_estimate",0.1,0.0985002181653406
20260825,13,500,15,3000,3000,3000,3000,"fast","control_informative",0.18,8,0.01,"","mtada_aggregated","trait1","bfdr_power",0.1,0.64
20260825,13,500,15,3000,3000,3000,3000,"fast","control_informative",0.18,8,0.01,"","mtada_aggregated","trait1","bfdr_discoveries",0.1,321
20260825,13,500,15,3000,3000,3000,3000,"fast","control_informative",0.18,8,0.01,"","mtada_aggregated","trait1","bfdr_observed_fdp",0.2,0.94550408719346
20260825,13,500,15,3000,3000,3000,3000,"fast","control_informative",0.18,8,0.01,"","mtada_aggregated","trait1","bfdr_estimate",0.2,0.199580081998118
20260825,13,500,15,3000,3000,3000,3000,"fast","control_informative",0.18,8,0.01,"","mtada_aggregated","trait1","bfdr_power",0.2,0.8
20260825,13,500,15,3000,3000,3000,3000,"fast","control_informative",0.18,8,0.01,"","mtada_aggregated","trait1","bfdr_discoveries",0.2,367
20260825,13,500,15,3000,3000,3000,3000,"fast","control_informative",0.18,8,0.01,"","mtada_aggregated","trait2","bfdr_observed_fdp",0.01,0.96943231441048
20260825,13,500,15,3000,3000,3000,3000,"fast","control_informative",0.18,8,0.01,"","mtada_aggregated","trait2","bfdr_estimate",0.01,0.00917285742045022
20260825,13,500,15,3000,3000,3000,3000,"fast","control_informative",0.18,8,0.01,"","mtada_aggregated","trait2","bfdr_power",0.01,0.7
20260825,13,500,15,3000,3000,3000,3000,"fast","control_informative",0.18,8,0.01,"","mtada_aggregated","trait2","bfdr_discoveries",0.01,229
20260825,13,500,15,3000,3000,3000,3000,"fast","control_informative",0.18,8,0.01,"","mtada_aggregated","trait2","bfdr_observed_fdp",0.05,0.97244094488189
20260825,13,500,15,3000,3000,3000,3000,"fast","control_informative",0.18,8,0.01,"","mtada_aggregated","trait2","bfdr_estimate",0.05,0.0479455526844192
20260825,13,500,15,3000,3000,3000,3000,"fast","control_informative",0.18,8,0.01,"","mtada_aggregated","trait2","bfdr_power",0.05,0.7
20260825,13,500,15,3000,3000,3000,3000,"fast","control_informative",0.18,8,0.01,"","mtada_aggregated","trait2","bfdr_discoveries",0.05,254
20260825,13,500,15,3000,3000,3000,3000,"fast","control_informative",0.18,8,0.01,"","mtada_aggregated","trait2","bfdr_observed_fdp",0.1,0.974545454545454
20260825,13,500,15,3000,3000,3000,3000,"fast","control_informative",0.18,8,0.01,"","mtada_aggregated","trait2","bfdr_estimate",0.1,0.0984024159359383
20260825,13,500,15,3000,3000,3000,3000,"fast","control_informative",0.18,8,0.01,"","mtada_aggregated","trait2","bfdr_power",0.1,0.7
20260825,13,500,15,3000,3000,3000,3000,"fast","control_informative",0.18,8,0.01,"","mtada_aggregated","trait2","bfdr_discoveries",0.1,275
20260825,13,500,15,3000,3000,3000,3000,"fast","control_informative",0.18,8,0.01,"","mtada_aggregated","trait2","bfdr_observed_fdp",0.2,0.977707006369427
20260825,13,500,15,3000,3000,3000,3000,"fast","control_informative",0.18,8,0.01,"","mtada_aggregated","trait2","bfdr_estimate",0.2,0.197740539530276
20260825,13,500,15,3000,3000,3000,3000,"fast","control_informative",0.18,8,0.01,"","mtada_aggregated","trait2","bfdr_power",0.2,0.7
20260825,13,500,15,3000,3000,3000,3000,"fast","control_informative",0.18,8,0.01,"","mtada_aggregated","trait2","bfdr_discoveries",0.2,314
20260825,13,500,15,3000,3000,3000,3000,"fast","control_informative",0.18,8,0.01,"","mtada_aggregated","pleiotropy","bfdr_observed_fdp",0.01,0.992805755395683
20260825,13,500,15,3000,3000,3000,3000,"fast","control_informative",0.18,8,0.01,"","mtada_aggregated","pleiotropy","bfdr_estimate",0.01,0.00971955170782107
20260825,13,500,15,3000,3000,3000,3000,"fast","control_informative",0.18,8,0.01,"","mtada_aggregated","pleiotropy","bfdr_power",0.01,0.2
20260825,13,500,15,3000,3000,3000,3000,"fast","control_informative",0.18,8,0.01,"","mtada_aggregated","pleiotropy","bfdr_discoveries",0.01,139
20260825,13,500,15,3000,3000,3000,3000,"fast","control_informative",0.18,8,0.01,"","mtada_aggregated","pleiotropy","bfdr_observed_fdp",0.05,0.987878787878788
20260825,13,500,15,3000,3000,3000,3000,"fast","control_informative",0.18,8,0.01,"","mtada_aggregated","pleiotropy","bfdr_estimate",0.05,0.0498494389141849
20260825,13,500,15,3000,3000,3000,3000,"fast","control_informative",0.18,8,0.01,"","mtada_aggregated","pleiotropy","bfdr_power",0.05,0.4
20260825,13,500,15,3000,3000,3000,3000,"fast","control_informative",0.18,8,0.01,"","mtada_aggregated","pleiotropy","bfdr_discoveries",0.05,165
20260825,13,500,15,3000,3000,3000,3000,"fast","control_informative",0.18,8,0.01,"","mtada_aggregated","pleiotropy","bfdr_observed_fdp",0.1,0.988950276243094
20260825,13,500,15,3000,3000,3000,3000,"fast","control_informative",0.18,8,0.01,"","mtada_aggregated","pleiotropy","bfdr_estimate",0.1,0.0971714375663155
20260825,13,500,15,3000,3000,3000,3000,"fast","control_informative",0.18,8,0.01,"","mtada_aggregated","pleiotropy","bfdr_power",0.1,0.4
20260825,13,500,15,3000,3000,3000,3000,"fast","control_informative",0.18,8,0.01,"","mtada_aggregated","pleiotropy","bfdr_discoveries",0.1,181
20260825,13,500,15,3000,3000,3000,3000,"fast","control_informative",0.18,8,0.01,"","mtada_aggregated","pleiotropy","bfdr_observed_fdp",0.2,0.990654205607477
20260825,13,500,15,3000,3000,3000,3000,"fast","control_informative",0.18,8,0.01,"","mtada_aggregated","pleiotropy","bfdr_estimate",0.2,0.198018345602598
20260825,13,500,15,3000,3000,3000,3000,"fast","control_informative",0.18,8,0.01,"","mtada_aggregated","pleiotropy","bfdr_power",0.2,0.4
20260825,13,500,15,3000,3000,3000,3000,"fast","control_informative",0.18,8,0.01,"","mtada_aggregated","pleiotropy","bfdr_discoveries",0.2,214
20260825,13,500,15,3000,3000,3000,3000,"fast","control_informative",0.18,8,0.01,"","mtada_aggregated","global","runtime_seconds",NA,0.840000000000032
20260825,13,500,15,3000,3000,3000,3000,"fast","control_informative",0.18,8,0.01,"","mtada_aggregated","pleiotropy","pi11_estimate",NA,0.00934066
20260826,14,500,15,3000,3000,3000,3000,"fast","control_informative",0.18,8,0.01,"","mirage_joint","trait1","auc",NA,0.747284210526316
20260826,14,500,15,3000,3000,3000,3000,"fast","control_informative",0.18,8,0.01,"","mirage_joint","trait2","auc",NA,0.714897959183673
20260826,14,500,15,3000,3000,3000,3000,"fast","control_informative",0.18,8,0.01,"","mirage_joint","pleiotropy","auc",NA,0.737777777777778
20260826,14,500,15,3000,3000,3000,3000,"fast","control_informative",0.18,8,0.01,"","mirage_joint","trait1","pp08_power",0.8,0.08
20260826,14,500,15,3000,3000,3000,3000,"fast","control_informative",0.18,8,0.01,"","mirage_joint","trait1","pp08_fdp",0.8,0
20260826,14,500,15,3000,3000,3000,3000,"fast","control_informative",0.18,8,0.01,"","mirage_joint","trait1","pp08_discoveries",0.8,2
20260826,14,500,15,3000,3000,3000,3000,"fast","control_informative",0.18,8,0.01,"","mirage_joint","trait2","pp08_power",0.8,0.3
20260826,14,500,15,3000,3000,3000,3000,"fast","control_informative",0.18,8,0.01,"","mirage_joint","trait2","pp08_fdp",0.8,0
20260826,14,500,15,3000,3000,3000,3000,"fast","control_informative",0.18,8,0.01,"","mirage_joint","trait2","pp08_discoveries",0.8,3
20260826,14,500,15,3000,3000,3000,3000,"fast","control_informative",0.18,8,0.01,"","mirage_joint","pleiotropy","pp08_power",0.8,0
20260826,14,500,15,3000,3000,3000,3000,"fast","control_informative",0.18,8,0.01,"","mirage_joint","pleiotropy","pp08_fdp",0.8,0
20260826,14,500,15,3000,3000,3000,3000,"fast","control_informative",0.18,8,0.01,"","mirage_joint","pleiotropy","pp08_discoveries",0.8,0
20260826,14,500,15,3000,3000,3000,3000,"fast","control_informative",0.18,8,0.01,"","mirage_joint","trait1","bfdr_observed_fdp",0.01,0
20260826,14,500,15,3000,3000,3000,3000,"fast","control_informative",0.18,8,0.01,"","mirage_joint","trait1","bfdr_estimate",0.01,0
20260826,14,500,15,3000,3000,3000,3000,"fast","control_informative",0.18,8,0.01,"","mirage_joint","trait1","bfdr_power",0.01,0
20260826,14,500,15,3000,3000,3000,3000,"fast","control_informative",0.18,8,0.01,"","mirage_joint","trait1","bfdr_discoveries",0.01,0
20260826,14,500,15,3000,3000,3000,3000,"fast","control_informative",0.18,8,0.01,"","mirage_joint","trait1","bfdr_observed_fdp",0.05,0
20260826,14,500,15,3000,3000,3000,3000,"fast","control_informative",0.18,8,0.01,"","mirage_joint","trait1","bfdr_estimate",0.05,0
20260826,14,500,15,3000,3000,3000,3000,"fast","control_informative",0.18,8,0.01,"","mirage_joint","trait1","bfdr_power",0.05,0
20260826,14,500,15,3000,3000,3000,3000,"fast","control_informative",0.18,8,0.01,"","mirage_joint","trait1","bfdr_discoveries",0.05,0
20260826,14,500,15,3000,3000,3000,3000,"fast","control_informative",0.18,8,0.01,"","mirage_joint","trait1","bfdr_observed_fdp",0.1,0
20260826,14,500,15,3000,3000,3000,3000,"fast","control_informative",0.18,8,0.01,"","mirage_joint","trait1","bfdr_estimate",0.1,0.0646533944999138
20260826,14,500,15,3000,3000,3000,3000,"fast","control_informative",0.18,8,0.01,"","mirage_joint","trait1","bfdr_power",0.1,0.08
20260826,14,500,15,3000,3000,3000,3000,"fast","control_informative",0.18,8,0.01,"","mirage_joint","trait1","bfdr_discoveries",0.1,2
20260826,14,500,15,3000,3000,3000,3000,"fast","control_informative",0.18,8,0.01,"","mirage_joint","trait1","bfdr_observed_fdp",0.2,0.5
20260826,14,500,15,3000,3000,3000,3000,"fast","control_informative",0.18,8,0.01,"","mirage_joint","trait1","bfdr_estimate",0.2,0.169240774647982
20260826,14,500,15,3000,3000,3000,3000,"fast","control_informative",0.18,8,0.01,"","mirage_joint","trait1","bfdr_power",0.2,0.08
20260826,14,500,15,3000,3000,3000,3000,"fast","control_informative",0.18,8,0.01,"","mirage_joint","trait1","bfdr_discoveries",0.2,4
20260826,14,500,15,3000,3000,3000,3000,"fast","control_informative",0.18,8,0.01,"","mirage_joint","trait2","bfdr_observed_fdp",0.01,0
20260826,14,500,15,3000,3000,3000,3000,"fast","control_informative",0.18,8,0.01,"","mirage_joint","trait2","bfdr_estimate",0.01,3.45934392242953e-11
20260826,14,500,15,3000,3000,3000,3000,"fast","control_informative",0.18,8,0.01,"","mirage_joint","trait2","bfdr_power",0.01,0.1
20260826,14,500,15,3000,3000,3000,3000,"fast","control_informative",0.18,8,0.01,"","mirage_joint","trait2","bfdr_discoveries",0.01,1
20260826,14,500,15,3000,3000,3000,3000,"fast","control_informative",0.18,8,0.01,"","mirage_joint","trait2","bfdr_observed_fdp",0.05,0
20260826,14,500,15,3000,3000,3000,3000,"fast","control_informative",0.18,8,0.01,"","mirage_joint","trait2","bfdr_estimate",0.05,3.45934392242953e-11
20260826,14,500,15,3000,3000,3000,3000,"fast","control_informative",0.18,8,0.01,"","mirage_joint","trait2","bfdr_power",0.05,0.1
20260826,14,500,15,3000,3000,3000,3000,"fast","control_informative",0.18,8,0.01,"","mirage_joint","trait2","bfdr_discoveries",0.05,1
20260826,14,500,15,3000,3000,3000,3000,"fast","control_informative",0.18,8,0.01,"","mirage_joint","trait2","bfdr_observed_fdp",0.1,0
20260826,14,500,15,3000,3000,3000,3000,"fast","control_informative",0.18,8,0.01,"","mirage_joint","trait2","bfdr_estimate",0.1,0.0943539211327012
20260826,14,500,15,3000,3000,3000,3000,"fast","control_informative",0.18,8,0.01,"","mirage_joint","trait2","bfdr_power",0.1,0.2
20260826,14,500,15,3000,3000,3000,3000,"fast","control_informative",0.18,8,0.01,"","mirage_joint","trait2","bfdr_discoveries",0.1,2
20260826,14,500,15,3000,3000,3000,3000,"fast","control_informative",0.18,8,0.01,"","mirage_joint","trait2","bfdr_observed_fdp",0.2,0.333333333333333
20260826,14,500,15,3000,3000,3000,3000,"fast","control_informative",0.18,8,0.01,"","mirage_joint","trait2","bfdr_estimate",0.2,0.195119161637205
20260826,14,500,15,3000,3000,3000,3000,"fast","control_informative",0.18,8,0.01,"","mirage_joint","trait2","bfdr_power",0.2,0.4
20260826,14,500,15,3000,3000,3000,3000,"fast","control_informative",0.18,8,0.01,"","mirage_joint","trait2","bfdr_discoveries",0.2,6
20260826,14,500,15,3000,3000,3000,3000,"fast","control_informative",0.18,8,0.01,"","mirage_joint","pleiotropy","bfdr_observed_fdp",0.01,0
20260826,14,500,15,3000,3000,3000,3000,"fast","control_informative",0.18,8,0.01,"","mirage_joint","pleiotropy","bfdr_estimate",0.01,0
20260826,14,500,15,3000,3000,3000,3000,"fast","control_informative",0.18,8,0.01,"","mirage_joint","pleiotropy","bfdr_power",0.01,0
20260826,14,500,15,3000,3000,3000,3000,"fast","control_informative",0.18,8,0.01,"","mirage_joint","pleiotropy","bfdr_discoveries",0.01,0
20260826,14,500,15,3000,3000,3000,3000,"fast","control_informative",0.18,8,0.01,"","mirage_joint","pleiotropy","bfdr_observed_fdp",0.05,0
20260826,14,500,15,3000,3000,3000,3000,"fast","control_informative",0.18,8,0.01,"","mirage_joint","pleiotropy","bfdr_estimate",0.05,0
20260826,14,500,15,3000,3000,3000,3000,"fast","control_informative",0.18,8,0.01,"","mirage_joint","pleiotropy","bfdr_power",0.05,0
20260826,14,500,15,3000,3000,3000,3000,"fast","control_informative",0.18,8,0.01,"","mirage_joint","pleiotropy","bfdr_discoveries",0.05,0
20260826,14,500,15,3000,3000,3000,3000,"fast","control_informative",0.18,8,0.01,"","mirage_joint","pleiotropy","bfdr_observed_fdp",0.1,0
20260826,14,500,15,3000,3000,3000,3000,"fast","control_informative",0.18,8,0.01,"","mirage_joint","pleiotropy","bfdr_estimate",0.1,0
20260826,14,500,15,3000,3000,3000,3000,"fast","control_informative",0.18,8,0.01,"","mirage_joint","pleiotropy","bfdr_power",0.1,0
20260826,14,500,15,3000,3000,3000,3000,"fast","control_informative",0.18,8,0.01,"","mirage_joint","pleiotropy","bfdr_discoveries",0.1,0
20260826,14,500,15,3000,3000,3000,3000,"fast","control_informative",0.18,8,0.01,"","mirage_joint","pleiotropy","bfdr_observed_fdp",0.2,0
20260826,14,500,15,3000,3000,3000,3000,"fast","control_informative",0.18,8,0.01,"","mirage_joint","pleiotropy","bfdr_estimate",0.2,0
20260826,14,500,15,3000,3000,3000,3000,"fast","control_informative",0.18,8,0.01,"","mirage_joint","pleiotropy","bfdr_power",0.2,0
20260826,14,500,15,3000,3000,3000,3000,"fast","control_informative",0.18,8,0.01,"","mirage_joint","pleiotropy","bfdr_discoveries",0.2,0
20260826,14,500,15,3000,3000,3000,3000,"fast","control_informative",0.18,8,0.01,"","mirage_joint","global","runtime_seconds",NA,18.427
20260826,14,500,15,3000,3000,3000,3000,"fast","control_informative",0.18,8,0.01,"","mirage_joint","pleiotropy","pi11_estimate",NA,0.0593851638096763
20260826,14,500,15,3000,3000,3000,3000,"fast","control_informative",0.18,8,0.01,"","separate_mirage","trait1","auc",NA,0.713431578947368
20260826,14,500,15,3000,3000,3000,3000,"fast","control_informative",0.18,8,0.01,"","separate_mirage","trait2","auc",NA,0.719591836734694
20260826,14,500,15,3000,3000,3000,3000,"fast","control_informative",0.18,8,0.01,"","separate_mirage","pleiotropy","auc",NA,0.753535353535354
20260826,14,500,15,3000,3000,3000,3000,"fast","control_informative",0.18,8,0.01,"","separate_mirage","trait1","pp08_power",0.8,0.08
20260826,14,500,15,3000,3000,3000,3000,"fast","control_informative",0.18,8,0.01,"","separate_mirage","trait1","pp08_fdp",0.8,0
20260826,14,500,15,3000,3000,3000,3000,"fast","control_informative",0.18,8,0.01,"","separate_mirage","trait1","pp08_discoveries",0.8,2
20260826,14,500,15,3000,3000,3000,3000,"fast","control_informative",0.18,8,0.01,"","separate_mirage","trait2","pp08_power",0.8,0.1
20260826,14,500,15,3000,3000,3000,3000,"fast","control_informative",0.18,8,0.01,"","separate_mirage","trait2","pp08_fdp",0.8,0
20260826,14,500,15,3000,3000,3000,3000,"fast","control_informative",0.18,8,0.01,"","separate_mirage","trait2","pp08_discoveries",0.8,1
20260826,14,500,15,3000,3000,3000,3000,"fast","control_informative",0.18,8,0.01,"","separate_mirage","pleiotropy","pp08_power",0.8,0
20260826,14,500,15,3000,3000,3000,3000,"fast","control_informative",0.18,8,0.01,"","separate_mirage","pleiotropy","pp08_fdp",0.8,0
20260826,14,500,15,3000,3000,3000,3000,"fast","control_informative",0.18,8,0.01,"","separate_mirage","pleiotropy","pp08_discoveries",0.8,0
20260826,14,500,15,3000,3000,3000,3000,"fast","control_informative",0.18,8,0.01,"","separate_mirage","trait1","bfdr_observed_fdp",0.01,0
20260826,14,500,15,3000,3000,3000,3000,"fast","control_informative",0.18,8,0.01,"","separate_mirage","trait1","bfdr_estimate",0.01,0
20260826,14,500,15,3000,3000,3000,3000,"fast","control_informative",0.18,8,0.01,"","separate_mirage","trait1","bfdr_power",0.01,0
20260826,14,500,15,3000,3000,3000,3000,"fast","control_informative",0.18,8,0.01,"","separate_mirage","trait1","bfdr_discoveries",0.01,0
20260826,14,500,15,3000,3000,3000,3000,"fast","control_informative",0.18,8,0.01,"","separate_mirage","trait1","bfdr_observed_fdp",0.05,0
20260826,14,500,15,3000,3000,3000,3000,"fast","control_informative",0.18,8,0.01,"","separate_mirage","trait1","bfdr_estimate",0.05,0
20260826,14,500,15,3000,3000,3000,3000,"fast","control_informative",0.18,8,0.01,"","separate_mirage","trait1","bfdr_power",0.05,0
20260826,14,500,15,3000,3000,3000,3000,"fast","control_informative",0.18,8,0.01,"","separate_mirage","trait1","bfdr_discoveries",0.05,0
20260826,14,500,15,3000,3000,3000,3000,"fast","control_informative",0.18,8,0.01,"","separate_mirage","trait1","bfdr_observed_fdp",0.1,0
20260826,14,500,15,3000,3000,3000,3000,"fast","control_informative",0.18,8,0.01,"","separate_mirage","trait1","bfdr_estimate",0.1,0.0754131716419728
20260826,14,500,15,3000,3000,3000,3000,"fast","control_informative",0.18,8,0.01,"","separate_mirage","trait1","bfdr_power",0.1,0.08
20260826,14,500,15,3000,3000,3000,3000,"fast","control_informative",0.18,8,0.01,"","separate_mirage","trait1","bfdr_discoveries",0.1,2
20260826,14,500,15,3000,3000,3000,3000,"fast","control_informative",0.18,8,0.01,"","separate_mirage","trait1","bfdr_observed_fdp",0.2,0.333333333333333
20260826,14,500,15,3000,3000,3000,3000,"fast","control_informative",0.18,8,0.01,"","separate_mirage","trait1","bfdr_estimate",0.2,0.119106696341651
20260826,14,500,15,3000,3000,3000,3000,"fast","control_informative",0.18,8,0.01,"","separate_mirage","trait1","bfdr_power",0.2,0.08
20260826,14,500,15,3000,3000,3000,3000,"fast","control_informative",0.18,8,0.01,"","separate_mirage","trait1","bfdr_discoveries",0.2,3
20260826,14,500,15,3000,3000,3000,3000,"fast","control_informative",0.18,8,0.01,"","separate_mirage","trait2","bfdr_observed_fdp",0.01,0
20260826,14,500,15,3000,3000,3000,3000,"fast","control_informative",0.18,8,0.01,"","separate_mirage","trait2","bfdr_estimate",0.01,1.50116474806339e-10
20260826,14,500,15,3000,3000,3000,3000,"fast","control_informative",0.18,8,0.01,"","separate_mirage","trait2","bfdr_power",0.01,0.1
20260826,14,500,15,3000,3000,3000,3000,"fast","control_informative",0.18,8,0.01,"","separate_mirage","trait2","bfdr_discoveries",0.01,1
20260826,14,500,15,3000,3000,3000,3000,"fast","control_informative",0.18,8,0.01,"","separate_mirage","trait2","bfdr_observed_fdp",0.05,0
20260826,14,500,15,3000,3000,3000,3000,"fast","control_informative",0.18,8,0.01,"","separate_mirage","trait2","bfdr_estimate",0.05,1.50116474806339e-10
20260826,14,500,15,3000,3000,3000,3000,"fast","control_informative",0.18,8,0.01,"","separate_mirage","trait2","bfdr_power",0.05,0.1
20260826,14,500,15,3000,3000,3000,3000,"fast","control_informative",0.18,8,0.01,"","separate_mirage","trait2","bfdr_discoveries",0.05,1
20260826,14,500,15,3000,3000,3000,3000,"fast","control_informative",0.18,8,0.01,"","separate_mirage","trait2","bfdr_observed_fdp",0.1,0
20260826,14,500,15,3000,3000,3000,3000,"fast","control_informative",0.18,8,0.01,"","separate_mirage","trait2","bfdr_estimate",0.1,1.50116474806339e-10
20260826,14,500,15,3000,3000,3000,3000,"fast","control_informative",0.18,8,0.01,"","separate_mirage","trait2","bfdr_power",0.1,0.1
20260826,14,500,15,3000,3000,3000,3000,"fast","control_informative",0.18,8,0.01,"","separate_mirage","trait2","bfdr_discoveries",0.1,1
20260826,14,500,15,3000,3000,3000,3000,"fast","control_informative",0.18,8,0.01,"","separate_mirage","trait2","bfdr_observed_fdp",0.2,0
20260826,14,500,15,3000,3000,3000,3000,"fast","control_informative",0.18,8,0.01,"","separate_mirage","trait2","bfdr_estimate",0.2,0.165213909234767
20260826,14,500,15,3000,3000,3000,3000,"fast","control_informative",0.18,8,0.01,"","separate_mirage","trait2","bfdr_power",0.2,0.2
20260826,14,500,15,3000,3000,3000,3000,"fast","control_informative",0.18,8,0.01,"","separate_mirage","trait2","bfdr_discoveries",0.2,2
20260826,14,500,15,3000,3000,3000,3000,"fast","control_informative",0.18,8,0.01,"","separate_mirage","pleiotropy","bfdr_observed_fdp",0.01,0
20260826,14,500,15,3000,3000,3000,3000,"fast","control_informative",0.18,8,0.01,"","separate_mirage","pleiotropy","bfdr_estimate",0.01,0
20260826,14,500,15,3000,3000,3000,3000,"fast","control_informative",0.18,8,0.01,"","separate_mirage","pleiotropy","bfdr_power",0.01,0
20260826,14,500,15,3000,3000,3000,3000,"fast","control_informative",0.18,8,0.01,"","separate_mirage","pleiotropy","bfdr_discoveries",0.01,0
20260826,14,500,15,3000,3000,3000,3000,"fast","control_informative",0.18,8,0.01,"","separate_mirage","pleiotropy","bfdr_observed_fdp",0.05,0
20260826,14,500,15,3000,3000,3000,3000,"fast","control_informative",0.18,8,0.01,"","separate_mirage","pleiotropy","bfdr_estimate",0.05,0
20260826,14,500,15,3000,3000,3000,3000,"fast","control_informative",0.18,8,0.01,"","separate_mirage","pleiotropy","bfdr_power",0.05,0
20260826,14,500,15,3000,3000,3000,3000,"fast","control_informative",0.18,8,0.01,"","separate_mirage","pleiotropy","bfdr_discoveries",0.05,0
20260826,14,500,15,3000,3000,3000,3000,"fast","control_informative",0.18,8,0.01,"","separate_mirage","pleiotropy","bfdr_observed_fdp",0.1,0
20260826,14,500,15,3000,3000,3000,3000,"fast","control_informative",0.18,8,0.01,"","separate_mirage","pleiotropy","bfdr_estimate",0.1,0
20260826,14,500,15,3000,3000,3000,3000,"fast","control_informative",0.18,8,0.01,"","separate_mirage","pleiotropy","bfdr_power",0.1,0
20260826,14,500,15,3000,3000,3000,3000,"fast","control_informative",0.18,8,0.01,"","separate_mirage","pleiotropy","bfdr_discoveries",0.1,0
20260826,14,500,15,3000,3000,3000,3000,"fast","control_informative",0.18,8,0.01,"","separate_mirage","pleiotropy","bfdr_observed_fdp",0.2,0
20260826,14,500,15,3000,3000,3000,3000,"fast","control_informative",0.18,8,0.01,"","separate_mirage","pleiotropy","bfdr_estimate",0.2,0
20260826,14,500,15,3000,3000,3000,3000,"fast","control_informative",0.18,8,0.01,"","separate_mirage","pleiotropy","bfdr_power",0.2,0
20260826,14,500,15,3000,3000,3000,3000,"fast","control_informative",0.18,8,0.01,"","separate_mirage","pleiotropy","bfdr_discoveries",0.2,0
20260826,14,500,15,3000,3000,3000,3000,"fast","control_informative",0.18,8,0.01,"","separate_mirage","global","runtime_seconds",NA,18.505
20260826,14,500,15,3000,3000,3000,3000,"fast","control_informative",0.18,8,0.01,"","separate_mirage","pleiotropy","pi11_estimate",NA,0.001
20260826,14,500,15,3000,3000,3000,3000,"fast","control_informative",0.18,8,0.01,"","mtada_aggregated","trait1","auc",NA,0.472336842105263
20260826,14,500,15,3000,3000,3000,3000,"fast","control_informative",0.18,8,0.01,"","mtada_aggregated","trait2","auc",NA,0.736020408163265
20260826,14,500,15,3000,3000,3000,3000,"fast","control_informative",0.18,8,0.01,"","mtada_aggregated","pleiotropy","auc",NA,0.608484848484849
20260826,14,500,15,3000,3000,3000,3000,"fast","control_informative",0.18,8,0.01,"","mtada_aggregated","trait1","pp08_power",0.8,0.56
20260826,14,500,15,3000,3000,3000,3000,"fast","control_informative",0.18,8,0.01,"","mtada_aggregated","trait1","pp08_fdp",0.8,0.95017793594306
20260826,14,500,15,3000,3000,3000,3000,"fast","control_informative",0.18,8,0.01,"","mtada_aggregated","trait1","pp08_discoveries",0.8,281
20260826,14,500,15,3000,3000,3000,3000,"fast","control_informative",0.18,8,0.01,"","mtada_aggregated","trait2","pp08_power",0.8,0.9
20260826,14,500,15,3000,3000,3000,3000,"fast","control_informative",0.18,8,0.01,"","mtada_aggregated","trait2","pp08_fdp",0.8,0.967625899280576
20260826,14,500,15,3000,3000,3000,3000,"fast","control_informative",0.18,8,0.01,"","mtada_aggregated","trait2","pp08_discoveries",0.8,278
20260826,14,500,15,3000,3000,3000,3000,"fast","control_informative",0.18,8,0.01,"","mtada_aggregated","pleiotropy","pp08_power",0.8,0.2
20260826,14,500,15,3000,3000,3000,3000,"fast","control_informative",0.18,8,0.01,"","mtada_aggregated","pleiotropy","pp08_fdp",0.8,0.99375
20260826,14,500,15,3000,3000,3000,3000,"fast","control_informative",0.18,8,0.01,"","mtada_aggregated","pleiotropy","pp08_discoveries",0.8,160
20260826,14,500,15,3000,3000,3000,3000,"fast","control_informative",0.18,8,0.01,"","mtada_aggregated","trait1","bfdr_observed_fdp",0.01,0.949820788530466
20260826,14,500,15,3000,3000,3000,3000,"fast","control_informative",0.18,8,0.01,"","mtada_aggregated","trait1","bfdr_estimate",0.01,0.00991172076841795
20260826,14,500,15,3000,3000,3000,3000,"fast","control_informative",0.18,8,0.01,"","mtada_aggregated","trait1","bfdr_power",0.01,0.56
20260826,14,500,15,3000,3000,3000,3000,"fast","control_informative",0.18,8,0.01,"","mtada_aggregated","trait1","bfdr_discoveries",0.01,279
20260826,14,500,15,3000,3000,3000,3000,"fast","control_informative",0.18,8,0.01,"","mtada_aggregated","trait1","bfdr_observed_fdp",0.05,0.951298701298701
20260826,14,500,15,3000,3000,3000,3000,"fast","control_informative",0.18,8,0.01,"","mtada_aggregated","trait1","bfdr_estimate",0.05,0.0483355752694999
20260826,14,500,15,3000,3000,3000,3000,"fast","control_informative",0.18,8,0.01,"","mtada_aggregated","trait1","bfdr_power",0.05,0.6
20260826,14,500,15,3000,3000,3000,3000,"fast","control_informative",0.18,8,0.01,"","mtada_aggregated","trait1","bfdr_discoveries",0.05,308
20260826,14,500,15,3000,3000,3000,3000,"fast","control_informative",0.18,8,0.01,"","mtada_aggregated","trait1","bfdr_observed_fdp",0.1,0.945619335347432
20260826,14,500,15,3000,3000,3000,3000,"fast","control_informative",0.18,8,0.01,"","mtada_aggregated","trait1","bfdr_estimate",0.1,0.098402278534386
20260826,14,500,15,3000,3000,3000,3000,"fast","control_informative",0.18,8,0.01,"","mtada_aggregated","trait1","bfdr_power",0.1,0.72
20260826,14,500,15,3000,3000,3000,3000,"fast","control_informative",0.18,8,0.01,"","mtada_aggregated","trait1","bfdr_discoveries",0.1,331
20260826,14,500,15,3000,3000,3000,3000,"fast","control_informative",0.18,8,0.01,"","mtada_aggregated","trait1","bfdr_observed_fdp",0.2,0.944444444444444
20260826,14,500,15,3000,3000,3000,3000,"fast","control_informative",0.18,8,0.01,"","mtada_aggregated","trait1","bfdr_estimate",0.2,0.198817072656532
20260826,14,500,15,3000,3000,3000,3000,"fast","control_informative",0.18,8,0.01,"","mtada_aggregated","trait1","bfdr_power",0.2,0.84
20260826,14,500,15,3000,3000,3000,3000,"fast","control_informative",0.18,8,0.01,"","mtada_aggregated","trait1","bfdr_discoveries",0.2,378
20260826,14,500,15,3000,3000,3000,3000,"fast","control_informative",0.18,8,0.01,"","mtada_aggregated","trait2","bfdr_observed_fdp",0.01,0.967032967032967
20260826,14,500,15,3000,3000,3000,3000,"fast","control_informative",0.18,8,0.01,"","mtada_aggregated","trait2","bfdr_estimate",0.01,0.00973519768225342
20260826,14,500,15,3000,3000,3000,3000,"fast","control_informative",0.18,8,0.01,"","mtada_aggregated","trait2","bfdr_power",0.01,0.9
20260826,14,500,15,3000,3000,3000,3000,"fast","control_informative",0.18,8,0.01,"","mtada_aggregated","trait2","bfdr_discoveries",0.01,273
20260826,14,500,15,3000,3000,3000,3000,"fast","control_informative",0.18,8,0.01,"","mtada_aggregated","trait2","bfdr_observed_fdp",0.05,0.970588235294118
20260826,14,500,15,3000,3000,3000,3000,"fast","control_informative",0.18,8,0.01,"","mtada_aggregated","trait2","bfdr_estimate",0.05,0.0486308919327929
20260826,14,500,15,3000,3000,3000,3000,"fast","control_informative",0.18,8,0.01,"","mtada_aggregated","trait2","bfdr_power",0.05,0.9
20260826,14,500,15,3000,3000,3000,3000,"fast","control_informative",0.18,8,0.01,"","mtada_aggregated","trait2","bfdr_discoveries",0.05,306
20260826,14,500,15,3000,3000,3000,3000,"fast","control_informative",0.18,8,0.01,"","mtada_aggregated","trait2","bfdr_observed_fdp",0.1,0.972477064220184
20260826,14,500,15,3000,3000,3000,3000,"fast","control_informative",0.18,8,0.01,"","mtada_aggregated","trait2","bfdr_estimate",0.1,0.0983424425490966
20260826,14,500,15,3000,3000,3000,3000,"fast","control_informative",0.18,8,0.01,"","mtada_aggregated","trait2","bfdr_power",0.1,0.9
20260826,14,500,15,3000,3000,3000,3000,"fast","control_informative",0.18,8,0.01,"","mtada_aggregated","trait2","bfdr_discoveries",0.1,327
20260826,14,500,15,3000,3000,3000,3000,"fast","control_informative",0.18,8,0.01,"","mtada_aggregated","trait2","bfdr_observed_fdp",0.2,0.975675675675676
20260826,14,500,15,3000,3000,3000,3000,"fast","control_informative",0.18,8,0.01,"","mtada_aggregated","trait2","bfdr_estimate",0.2,0.198081449420396
20260826,14,500,15,3000,3000,3000,3000,"fast","control_informative",0.18,8,0.01,"","mtada_aggregated","trait2","bfdr_power",0.2,0.9
20260826,14,500,15,3000,3000,3000,3000,"fast","control_informative",0.18,8,0.01,"","mtada_aggregated","trait2","bfdr_discoveries",0.2,370
20260826,14,500,15,3000,3000,3000,3000,"fast","control_informative",0.18,8,0.01,"","mtada_aggregated","pleiotropy","bfdr_observed_fdp",0.01,0.99290780141844
20260826,14,500,15,3000,3000,3000,3000,"fast","control_informative",0.18,8,0.01,"","mtada_aggregated","pleiotropy","bfdr_estimate",0.01,0.00966491262349318
20260826,14,500,15,3000,3000,3000,3000,"fast","control_informative",0.18,8,0.01,"","mtada_aggregated","pleiotropy","bfdr_power",0.01,0.2
20260826,14,500,15,3000,3000,3000,3000,"fast","control_informative",0.18,8,0.01,"","mtada_aggregated","pleiotropy","bfdr_discoveries",0.01,141
20260826,14,500,15,3000,3000,3000,3000,"fast","control_informative",0.18,8,0.01,"","mtada_aggregated","pleiotropy","bfdr_observed_fdp",0.05,0.994350282485876
20260826,14,500,15,3000,3000,3000,3000,"fast","control_informative",0.18,8,0.01,"","mtada_aggregated","pleiotropy","bfdr_estimate",0.05,0.0498168267657243
20260826,14,500,15,3000,3000,3000,3000,"fast","control_informative",0.18,8,0.01,"","mtada_aggregated","pleiotropy","bfdr_power",0.05,0.2
20260826,14,500,15,3000,3000,3000,3000,"fast","control_informative",0.18,8,0.01,"","mtada_aggregated","pleiotropy","bfdr_discoveries",0.05,177
20260826,14,500,15,3000,3000,3000,3000,"fast","control_informative",0.18,8,0.01,"","mtada_aggregated","pleiotropy","bfdr_observed_fdp",0.1,0.994949494949495
20260826,14,500,15,3000,3000,3000,3000,"fast","control_informative",0.18,8,0.01,"","mtada_aggregated","pleiotropy","bfdr_estimate",0.1,0.0985722426637717
20260826,14,500,15,3000,3000,3000,3000,"fast","control_informative",0.18,8,0.01,"","mtada_aggregated","pleiotropy","bfdr_power",0.1,0.2
20260826,14,500,15,3000,3000,3000,3000,"fast","control_informative",0.18,8,0.01,"","mtada_aggregated","pleiotropy","bfdr_discoveries",0.1,198
20260826,14,500,15,3000,3000,3000,3000,"fast","control_informative",0.18,8,0.01,"","mtada_aggregated","pleiotropy","bfdr_observed_fdp",0.2,0.987068965517241
20260826,14,500,15,3000,3000,3000,3000,"fast","control_informative",0.18,8,0.01,"","mtada_aggregated","pleiotropy","bfdr_estimate",0.2,0.19806387180637
20260826,14,500,15,3000,3000,3000,3000,"fast","control_informative",0.18,8,0.01,"","mtada_aggregated","pleiotropy","bfdr_power",0.2,0.6
20260826,14,500,15,3000,3000,3000,3000,"fast","control_informative",0.18,8,0.01,"","mtada_aggregated","pleiotropy","bfdr_discoveries",0.2,232
20260826,14,500,15,3000,3000,3000,3000,"fast","control_informative",0.18,8,0.01,"","mtada_aggregated","global","runtime_seconds",NA,0.778999999999996
20260826,14,500,15,3000,3000,3000,3000,"fast","control_informative",0.18,8,0.01,"","mtada_aggregated","pleiotropy","pi11_estimate",NA,0.00889101
20260827,15,500,15,3000,3000,3000,3000,"fast","control_informative",0.18,8,0.01,"","mirage_joint","trait1","auc",NA,0.7104
20260827,15,500,15,3000,3000,3000,3000,"fast","control_informative",0.18,8,0.01,"","mirage_joint","trait2","auc",NA,0.759183673469388
20260827,15,500,15,3000,3000,3000,3000,"fast","control_informative",0.18,8,0.01,"","mirage_joint","pleiotropy","auc",NA,0.767272727272727
20260827,15,500,15,3000,3000,3000,3000,"fast","control_informative",0.18,8,0.01,"","mirage_joint","trait1","pp08_power",0.8,0.16
20260827,15,500,15,3000,3000,3000,3000,"fast","control_informative",0.18,8,0.01,"","mirage_joint","trait1","pp08_fdp",0.8,0.2
20260827,15,500,15,3000,3000,3000,3000,"fast","control_informative",0.18,8,0.01,"","mirage_joint","trait1","pp08_discoveries",0.8,5
20260827,15,500,15,3000,3000,3000,3000,"fast","control_informative",0.18,8,0.01,"","mirage_joint","trait2","pp08_power",0.8,0.4
20260827,15,500,15,3000,3000,3000,3000,"fast","control_informative",0.18,8,0.01,"","mirage_joint","trait2","pp08_fdp",0.8,0
20260827,15,500,15,3000,3000,3000,3000,"fast","control_informative",0.18,8,0.01,"","mirage_joint","trait2","pp08_discoveries",0.8,4
20260827,15,500,15,3000,3000,3000,3000,"fast","control_informative",0.18,8,0.01,"","mirage_joint","pleiotropy","pp08_power",0.8,0
20260827,15,500,15,3000,3000,3000,3000,"fast","control_informative",0.18,8,0.01,"","mirage_joint","pleiotropy","pp08_fdp",0.8,0
20260827,15,500,15,3000,3000,3000,3000,"fast","control_informative",0.18,8,0.01,"","mirage_joint","pleiotropy","pp08_discoveries",0.8,0
20260827,15,500,15,3000,3000,3000,3000,"fast","control_informative",0.18,8,0.01,"","mirage_joint","trait1","bfdr_observed_fdp",0.01,0
20260827,15,500,15,3000,3000,3000,3000,"fast","control_informative",0.18,8,0.01,"","mirage_joint","trait1","bfdr_estimate",0.01,0.000220905410043326
20260827,15,500,15,3000,3000,3000,3000,"fast","control_informative",0.18,8,0.01,"","mirage_joint","trait1","bfdr_power",0.01,0.08
20260827,15,500,15,3000,3000,3000,3000,"fast","control_informative",0.18,8,0.01,"","mirage_joint","trait1","bfdr_discoveries",0.01,2
20260827,15,500,15,3000,3000,3000,3000,"fast","control_informative",0.18,8,0.01,"","mirage_joint","trait1","bfdr_observed_fdp",0.05,0
20260827,15,500,15,3000,3000,3000,3000,"fast","control_informative",0.18,8,0.01,"","mirage_joint","trait1","bfdr_estimate",0.05,0.0424621708245353
20260827,15,500,15,3000,3000,3000,3000,"fast","control_informative",0.18,8,0.01,"","mirage_joint","trait1","bfdr_power",0.05,0.16
20260827,15,500,15,3000,3000,3000,3000,"fast","control_informative",0.18,8,0.01,"","mirage_joint","trait1","bfdr_discoveries",0.05,4
20260827,15,500,15,3000,3000,3000,3000,"fast","control_informative",0.18,8,0.01,"","mirage_joint","trait1","bfdr_observed_fdp",0.1,0.166666666666667
20260827,15,500,15,3000,3000,3000,3000,"fast","control_informative",0.18,8,0.01,"","mirage_joint","trait1","bfdr_estimate",0.1,0.093209013232201
20260827,15,500,15,3000,3000,3000,3000,"fast","control_informative",0.18,8,0.01,"","mirage_joint","trait1","bfdr_power",0.1,0.2
20260827,15,500,15,3000,3000,3000,3000,"fast","control_informative",0.18,8,0.01,"","mirage_joint","trait1","bfdr_discoveries",0.1,6
20260827,15,500,15,3000,3000,3000,3000,"fast","control_informative",0.18,8,0.01,"","mirage_joint","trait1","bfdr_observed_fdp",0.2,0.222222222222222
20260827,15,500,15,3000,3000,3000,3000,"fast","control_informative",0.18,8,0.01,"","mirage_joint","trait1","bfdr_estimate",0.2,0.199724352665567
20260827,15,500,15,3000,3000,3000,3000,"fast","control_informative",0.18,8,0.01,"","mirage_joint","trait1","bfdr_power",0.2,0.28
20260827,15,500,15,3000,3000,3000,3000,"fast","control_informative",0.18,8,0.01,"","mirage_joint","trait1","bfdr_discoveries",0.2,9
20260827,15,500,15,3000,3000,3000,3000,"fast","control_informative",0.18,8,0.01,"","mirage_joint","trait2","bfdr_observed_fdp",0.01,0
20260827,15,500,15,3000,3000,3000,3000,"fast","control_informative",0.18,8,0.01,"","mirage_joint","trait2","bfdr_estimate",0.01,0.00232607825349618
20260827,15,500,15,3000,3000,3000,3000,"fast","control_informative",0.18,8,0.01,"","mirage_joint","trait2","bfdr_power",0.01,0.2
20260827,15,500,15,3000,3000,3000,3000,"fast","control_informative",0.18,8,0.01,"","mirage_joint","trait2","bfdr_discoveries",0.01,2
20260827,15,500,15,3000,3000,3000,3000,"fast","control_informative",0.18,8,0.01,"","mirage_joint","trait2","bfdr_observed_fdp",0.05,0
20260827,15,500,15,3000,3000,3000,3000,"fast","control_informative",0.18,8,0.01,"","mirage_joint","trait2","bfdr_estimate",0.05,0.0381205332502199
20260827,15,500,15,3000,3000,3000,3000,"fast","control_informative",0.18,8,0.01,"","mirage_joint","trait2","bfdr_power",0.05,0.4
20260827,15,500,15,3000,3000,3000,3000,"fast","control_informative",0.18,8,0.01,"","mirage_joint","trait2","bfdr_discoveries",0.05,4
20260827,15,500,15,3000,3000,3000,3000,"fast","control_informative",0.18,8,0.01,"","mirage_joint","trait2","bfdr_observed_fdp",0.1,0
20260827,15,500,15,3000,3000,3000,3000,"fast","control_informative",0.18,8,0.01,"","mirage_joint","trait2","bfdr_estimate",0.1,0.0381205332502199
20260827,15,500,15,3000,3000,3000,3000,"fast","control_informative",0.18,8,0.01,"","mirage_joint","trait2","bfdr_power",0.1,0.4
20260827,15,500,15,3000,3000,3000,3000,"fast","control_informative",0.18,8,0.01,"","mirage_joint","trait2","bfdr_discoveries",0.1,4
20260827,15,500,15,3000,3000,3000,3000,"fast","control_informative",0.18,8,0.01,"","mirage_joint","trait2","bfdr_observed_fdp",0.2,0.2
20260827,15,500,15,3000,3000,3000,3000,"fast","control_informative",0.18,8,0.01,"","mirage_joint","trait2","bfdr_estimate",0.2,0.164541028790304
20260827,15,500,15,3000,3000,3000,3000,"fast","control_informative",0.18,8,0.01,"","mirage_joint","trait2","bfdr_power",0.2,0.4
20260827,15,500,15,3000,3000,3000,3000,"fast","control_informative",0.18,8,0.01,"","mirage_joint","trait2","bfdr_discoveries",0.2,5
20260827,15,500,15,3000,3000,3000,3000,"fast","control_informative",0.18,8,0.01,"","mirage_joint","pleiotropy","bfdr_observed_fdp",0.01,0
20260827,15,500,15,3000,3000,3000,3000,"fast","control_informative",0.18,8,0.01,"","mirage_joint","pleiotropy","bfdr_estimate",0.01,0
20260827,15,500,15,3000,3000,3000,3000,"fast","control_informative",0.18,8,0.01,"","mirage_joint","pleiotropy","bfdr_power",0.01,0
20260827,15,500,15,3000,3000,3000,3000,"fast","control_informative",0.18,8,0.01,"","mirage_joint","pleiotropy","bfdr_discoveries",0.01,0
20260827,15,500,15,3000,3000,3000,3000,"fast","control_informative",0.18,8,0.01,"","mirage_joint","pleiotropy","bfdr_observed_fdp",0.05,0
20260827,15,500,15,3000,3000,3000,3000,"fast","control_informative",0.18,8,0.01,"","mirage_joint","pleiotropy","bfdr_estimate",0.05,0
20260827,15,500,15,3000,3000,3000,3000,"fast","control_informative",0.18,8,0.01,"","mirage_joint","pleiotropy","bfdr_power",0.05,0
20260827,15,500,15,3000,3000,3000,3000,"fast","control_informative",0.18,8,0.01,"","mirage_joint","pleiotropy","bfdr_discoveries",0.05,0
20260827,15,500,15,3000,3000,3000,3000,"fast","control_informative",0.18,8,0.01,"","mirage_joint","pleiotropy","bfdr_observed_fdp",0.1,0
20260827,15,500,15,3000,3000,3000,3000,"fast","control_informative",0.18,8,0.01,"","mirage_joint","pleiotropy","bfdr_estimate",0.1,0
20260827,15,500,15,3000,3000,3000,3000,"fast","control_informative",0.18,8,0.01,"","mirage_joint","pleiotropy","bfdr_power",0.1,0
20260827,15,500,15,3000,3000,3000,3000,"fast","control_informative",0.18,8,0.01,"","mirage_joint","pleiotropy","bfdr_discoveries",0.1,0
20260827,15,500,15,3000,3000,3000,3000,"fast","control_informative",0.18,8,0.01,"","mirage_joint","pleiotropy","bfdr_observed_fdp",0.2,0
20260827,15,500,15,3000,3000,3000,3000,"fast","control_informative",0.18,8,0.01,"","mirage_joint","pleiotropy","bfdr_estimate",0.2,0
20260827,15,500,15,3000,3000,3000,3000,"fast","control_informative",0.18,8,0.01,"","mirage_joint","pleiotropy","bfdr_power",0.2,0
20260827,15,500,15,3000,3000,3000,3000,"fast","control_informative",0.18,8,0.01,"","mirage_joint","pleiotropy","bfdr_discoveries",0.2,0
20260827,15,500,15,3000,3000,3000,3000,"fast","control_informative",0.18,8,0.01,"","mirage_joint","global","runtime_seconds",NA,18.393
20260827,15,500,15,3000,3000,3000,3000,"fast","control_informative",0.18,8,0.01,"","mirage_joint","pleiotropy","pi11_estimate",NA,0.018692356007864
20260827,15,500,15,3000,3000,3000,3000,"fast","control_informative",0.18,8,0.01,"","separate_mirage","trait1","auc",NA,0.686736842105263
20260827,15,500,15,3000,3000,3000,3000,"fast","control_informative",0.18,8,0.01,"","separate_mirage","trait2","auc",NA,0.747959183673469
20260827,15,500,15,3000,3000,3000,3000,"fast","control_informative",0.18,8,0.01,"","separate_mirage","pleiotropy","auc",NA,0.777373737373737
20260827,15,500,15,3000,3000,3000,3000,"fast","control_informative",0.18,8,0.01,"","separate_mirage","trait1","pp08_power",0.8,0.08
20260827,15,500,15,3000,3000,3000,3000,"fast","control_informative",0.18,8,0.01,"","separate_mirage","trait1","pp08_fdp",0.8,0
20260827,15,500,15,3000,3000,3000,3000,"fast","control_informative",0.18,8,0.01,"","separate_mirage","trait1","pp08_discoveries",0.8,2
20260827,15,500,15,3000,3000,3000,3000,"fast","control_informative",0.18,8,0.01,"","separate_mirage","trait2","pp08_power",0.8,0.4
20260827,15,500,15,3000,3000,3000,3000,"fast","control_informative",0.18,8,0.01,"","separate_mirage","trait2","pp08_fdp",0.8,0
20260827,15,500,15,3000,3000,3000,3000,"fast","control_informative",0.18,8,0.01,"","separate_mirage","trait2","pp08_discoveries",0.8,4
20260827,15,500,15,3000,3000,3000,3000,"fast","control_informative",0.18,8,0.01,"","separate_mirage","pleiotropy","pp08_power",0.8,0
20260827,15,500,15,3000,3000,3000,3000,"fast","control_informative",0.18,8,0.01,"","separate_mirage","pleiotropy","pp08_fdp",0.8,0
20260827,15,500,15,3000,3000,3000,3000,"fast","control_informative",0.18,8,0.01,"","separate_mirage","pleiotropy","pp08_discoveries",0.8,0
20260827,15,500,15,3000,3000,3000,3000,"fast","control_informative",0.18,8,0.01,"","separate_mirage","trait1","bfdr_observed_fdp",0.01,0
20260827,15,500,15,3000,3000,3000,3000,"fast","control_informative",0.18,8,0.01,"","separate_mirage","trait1","bfdr_estimate",0.01,0.00029152201715027
20260827,15,500,15,3000,3000,3000,3000,"fast","control_informative",0.18,8,0.01,"","separate_mirage","trait1","bfdr_power",0.01,0.08
20260827,15,500,15,3000,3000,3000,3000,"fast","control_informative",0.18,8,0.01,"","separate_mirage","trait1","bfdr_discoveries",0.01,2
20260827,15,500,15,3000,3000,3000,3000,"fast","control_informative",0.18,8,0.01,"","separate_mirage","trait1","bfdr_observed_fdp",0.05,0
20260827,15,500,15,3000,3000,3000,3000,"fast","control_informative",0.18,8,0.01,"","separate_mirage","trait1","bfdr_estimate",0.05,0.00029152201715027
20260827,15,500,15,3000,3000,3000,3000,"fast","control_informative",0.18,8,0.01,"","separate_mirage","trait1","bfdr_power",0.05,0.08
20260827,15,500,15,3000,3000,3000,3000,"fast","control_informative",0.18,8,0.01,"","separate_mirage","trait1","bfdr_discoveries",0.05,2
20260827,15,500,15,3000,3000,3000,3000,"fast","control_informative",0.18,8,0.01,"","separate_mirage","trait1","bfdr_observed_fdp",0.1,0
20260827,15,500,15,3000,3000,3000,3000,"fast","control_informative",0.18,8,0.01,"","separate_mirage","trait1","bfdr_estimate",0.1,0.0674596137411032
20260827,15,500,15,3000,3000,3000,3000,"fast","control_informative",0.18,8,0.01,"","separate_mirage","trait1","bfdr_power",0.1,0.12
20260827,15,500,15,3000,3000,3000,3000,"fast","control_informative",0.18,8,0.01,"","separate_mirage","trait1","bfdr_discoveries",0.1,3
20260827,15,500,15,3000,3000,3000,3000,"fast","control_informative",0.18,8,0.01,"","separate_mirage","trait1","bfdr_observed_fdp",0.2,0.166666666666667
20260827,15,500,15,3000,3000,3000,3000,"fast","control_informative",0.18,8,0.01,"","separate_mirage","trait1","bfdr_estimate",0.2,0.197868891304608
20260827,15,500,15,3000,3000,3000,3000,"fast","control_informative",0.18,8,0.01,"","separate_mirage","trait1","bfdr_power",0.2,0.2
20260827,15,500,15,3000,3000,3000,3000,"fast","control_informative",0.18,8,0.01,"","separate_mirage","trait1","bfdr_discoveries",0.2,6
20260827,15,500,15,3000,3000,3000,3000,"fast","control_informative",0.18,8,0.01,"","separate_mirage","trait2","bfdr_observed_fdp",0.01,0
20260827,15,500,15,3000,3000,3000,3000,"fast","control_informative",0.18,8,0.01,"","separate_mirage","trait2","bfdr_estimate",0.01,0.00254908326164122
20260827,15,500,15,3000,3000,3000,3000,"fast","control_informative",0.18,8,0.01,"","separate_mirage","trait2","bfdr_power",0.01,0.2
20260827,15,500,15,3000,3000,3000,3000,"fast","control_informative",0.18,8,0.01,"","separate_mirage","trait2","bfdr_discoveries",0.01,2
20260827,15,500,15,3000,3000,3000,3000,"fast","control_informative",0.18,8,0.01,"","separate_mirage","trait2","bfdr_observed_fdp",0.05,0
20260827,15,500,15,3000,3000,3000,3000,"fast","control_informative",0.18,8,0.01,"","separate_mirage","trait2","bfdr_estimate",0.05,0.0232134082138756
20260827,15,500,15,3000,3000,3000,3000,"fast","control_informative",0.18,8,0.01,"","separate_mirage","trait2","bfdr_power",0.05,0.3
20260827,15,500,15,3000,3000,3000,3000,"fast","control_informative",0.18,8,0.01,"","separate_mirage","trait2","bfdr_discoveries",0.05,3
20260827,15,500,15,3000,3000,3000,3000,"fast","control_informative",0.18,8,0.01,"","separate_mirage","trait2","bfdr_observed_fdp",0.1,0
20260827,15,500,15,3000,3000,3000,3000,"fast","control_informative",0.18,8,0.01,"","separate_mirage","trait2","bfdr_estimate",0.1,0.0548054106267971
20260827,15,500,15,3000,3000,3000,3000,"fast","control_informative",0.18,8,0.01,"","separate_mirage","trait2","bfdr_power",0.1,0.4
20260827,15,500,15,3000,3000,3000,3000,"fast","control_informative",0.18,8,0.01,"","separate_mirage","trait2","bfdr_discoveries",0.1,4
20260827,15,500,15,3000,3000,3000,3000,"fast","control_informative",0.18,8,0.01,"","separate_mirage","trait2","bfdr_observed_fdp",0.2,0.2
20260827,15,500,15,3000,3000,3000,3000,"fast","control_informative",0.18,8,0.01,"","separate_mirage","trait2","bfdr_estimate",0.2,0.185808112944478
20260827,15,500,15,3000,3000,3000,3000,"fast","control_informative",0.18,8,0.01,"","separate_mirage","trait2","bfdr_power",0.2,0.4
20260827,15,500,15,3000,3000,3000,3000,"fast","control_informative",0.18,8,0.01,"","separate_mirage","trait2","bfdr_discoveries",0.2,5
20260827,15,500,15,3000,3000,3000,3000,"fast","control_informative",0.18,8,0.01,"","separate_mirage","pleiotropy","bfdr_observed_fdp",0.01,0
20260827,15,500,15,3000,3000,3000,3000,"fast","control_informative",0.18,8,0.01,"","separate_mirage","pleiotropy","bfdr_estimate",0.01,0
20260827,15,500,15,3000,3000,3000,3000,"fast","control_informative",0.18,8,0.01,"","separate_mirage","pleiotropy","bfdr_power",0.01,0
20260827,15,500,15,3000,3000,3000,3000,"fast","control_informative",0.18,8,0.01,"","separate_mirage","pleiotropy","bfdr_discoveries",0.01,0
20260827,15,500,15,3000,3000,3000,3000,"fast","control_informative",0.18,8,0.01,"","separate_mirage","pleiotropy","bfdr_observed_fdp",0.05,0
20260827,15,500,15,3000,3000,3000,3000,"fast","control_informative",0.18,8,0.01,"","separate_mirage","pleiotropy","bfdr_estimate",0.05,0
20260827,15,500,15,3000,3000,3000,3000,"fast","control_informative",0.18,8,0.01,"","separate_mirage","pleiotropy","bfdr_power",0.05,0
20260827,15,500,15,3000,3000,3000,3000,"fast","control_informative",0.18,8,0.01,"","separate_mirage","pleiotropy","bfdr_discoveries",0.05,0
20260827,15,500,15,3000,3000,3000,3000,"fast","control_informative",0.18,8,0.01,"","separate_mirage","pleiotropy","bfdr_observed_fdp",0.1,0
20260827,15,500,15,3000,3000,3000,3000,"fast","control_informative",0.18,8,0.01,"","separate_mirage","pleiotropy","bfdr_estimate",0.1,0
20260827,15,500,15,3000,3000,3000,3000,"fast","control_informative",0.18,8,0.01,"","separate_mirage","pleiotropy","bfdr_power",0.1,0
20260827,15,500,15,3000,3000,3000,3000,"fast","control_informative",0.18,8,0.01,"","separate_mirage","pleiotropy","bfdr_discoveries",0.1,0
20260827,15,500,15,3000,3000,3000,3000,"fast","control_informative",0.18,8,0.01,"","separate_mirage","pleiotropy","bfdr_observed_fdp",0.2,0
20260827,15,500,15,3000,3000,3000,3000,"fast","control_informative",0.18,8,0.01,"","separate_mirage","pleiotropy","bfdr_estimate",0.2,0
20260827,15,500,15,3000,3000,3000,3000,"fast","control_informative",0.18,8,0.01,"","separate_mirage","pleiotropy","bfdr_power",0.2,0
20260827,15,500,15,3000,3000,3000,3000,"fast","control_informative",0.18,8,0.01,"","separate_mirage","pleiotropy","bfdr_discoveries",0.2,0
20260827,15,500,15,3000,3000,3000,3000,"fast","control_informative",0.18,8,0.01,"","separate_mirage","global","runtime_seconds",NA,18.4970000000001
20260827,15,500,15,3000,3000,3000,3000,"fast","control_informative",0.18,8,0.01,"","separate_mirage","pleiotropy","pi11_estimate",NA,0.001
20260827,15,500,15,3000,3000,3000,3000,"fast","control_informative",0.18,8,0.01,"","mtada_aggregated","trait1","auc",NA,0.510442105263158
20260827,15,500,15,3000,3000,3000,3000,"fast","control_informative",0.18,8,0.01,"","mtada_aggregated","trait2","auc",NA,0.687959183673469
20260827,15,500,15,3000,3000,3000,3000,"fast","control_informative",0.18,8,0.01,"","mtada_aggregated","pleiotropy","auc",NA,0.702222222222222
20260827,15,500,15,3000,3000,3000,3000,"fast","control_informative",0.18,8,0.01,"","mtada_aggregated","trait1","pp08_power",0.8,0.56
20260827,15,500,15,3000,3000,3000,3000,"fast","control_informative",0.18,8,0.01,"","mtada_aggregated","trait1","pp08_fdp",0.8,0.950354609929078
20260827,15,500,15,3000,3000,3000,3000,"fast","control_informative",0.18,8,0.01,"","mtada_aggregated","trait1","pp08_discoveries",0.8,282
20260827,15,500,15,3000,3000,3000,3000,"fast","control_informative",0.18,8,0.01,"","mtada_aggregated","trait2","pp08_power",0.8,0.7
20260827,15,500,15,3000,3000,3000,3000,"fast","control_informative",0.18,8,0.01,"","mtada_aggregated","trait2","pp08_fdp",0.8,0.972868217054264
20260827,15,500,15,3000,3000,3000,3000,"fast","control_informative",0.18,8,0.01,"","mtada_aggregated","trait2","pp08_discoveries",0.8,258
20260827,15,500,15,3000,3000,3000,3000,"fast","control_informative",0.18,8,0.01,"","mtada_aggregated","pleiotropy","pp08_power",0.8,0.4
20260827,15,500,15,3000,3000,3000,3000,"fast","control_informative",0.18,8,0.01,"","mtada_aggregated","pleiotropy","pp08_fdp",0.8,0.9875
20260827,15,500,15,3000,3000,3000,3000,"fast","control_informative",0.18,8,0.01,"","mtada_aggregated","pleiotropy","pp08_discoveries",0.8,160
20260827,15,500,15,3000,3000,3000,3000,"fast","control_informative",0.18,8,0.01,"","mtada_aggregated","trait1","bfdr_observed_fdp",0.01,0.95017793594306
20260827,15,500,15,3000,3000,3000,3000,"fast","control_informative",0.18,8,0.01,"","mtada_aggregated","trait1","bfdr_estimate",0.01,0.00939043347252653
20260827,15,500,15,3000,3000,3000,3000,"fast","control_informative",0.18,8,0.01,"","mtada_aggregated","trait1","bfdr_power",0.01,0.56
20260827,15,500,15,3000,3000,3000,3000,"fast","control_informative",0.18,8,0.01,"","mtada_aggregated","trait1","bfdr_discoveries",0.01,281
20260827,15,500,15,3000,3000,3000,3000,"fast","control_informative",0.18,8,0.01,"","mtada_aggregated","trait1","bfdr_observed_fdp",0.05,0.948717948717949
20260827,15,500,15,3000,3000,3000,3000,"fast","control_informative",0.18,8,0.01,"","mtada_aggregated","trait1","bfdr_estimate",0.05,0.0492653848030561
20260827,15,500,15,3000,3000,3000,3000,"fast","control_informative",0.18,8,0.01,"","mtada_aggregated","trait1","bfdr_power",0.05,0.64
20260827,15,500,15,3000,3000,3000,3000,"fast","control_informative",0.18,8,0.01,"","mtada_aggregated","trait1","bfdr_discoveries",0.05,312
20260827,15,500,15,3000,3000,3000,3000,"fast","control_informative",0.18,8,0.01,"","mtada_aggregated","trait1","bfdr_observed_fdp",0.1,0.949554896142433
20260827,15,500,15,3000,3000,3000,3000,"fast","control_informative",0.18,8,0.01,"","mtada_aggregated","trait1","bfdr_estimate",0.1,0.0984974830798863
20260827,15,500,15,3000,3000,3000,3000,"fast","control_informative",0.18,8,0.01,"","mtada_aggregated","trait1","bfdr_power",0.1,0.68
20260827,15,500,15,3000,3000,3000,3000,"fast","control_informative",0.18,8,0.01,"","mtada_aggregated","trait1","bfdr_discoveries",0.1,337
20260827,15,500,15,3000,3000,3000,3000,"fast","control_informative",0.18,8,0.01,"","mtada_aggregated","trait1","bfdr_observed_fdp",0.2,0.945454545454545
20260827,15,500,15,3000,3000,3000,3000,"fast","control_informative",0.18,8,0.01,"","mtada_aggregated","trait1","bfdr_estimate",0.2,0.199793007566428
20260827,15,500,15,3000,3000,3000,3000,"fast","control_informative",0.18,8,0.01,"","mtada_aggregated","trait1","bfdr_power",0.2,0.84
20260827,15,500,15,3000,3000,3000,3000,"fast","control_informative",0.18,8,0.01,"","mtada_aggregated","trait1","bfdr_discoveries",0.2,385
20260827,15,500,15,3000,3000,3000,3000,"fast","control_informative",0.18,8,0.01,"","mtada_aggregated","trait2","bfdr_observed_fdp",0.01,0.97265625
20260827,15,500,15,3000,3000,3000,3000,"fast","control_informative",0.18,8,0.01,"","mtada_aggregated","trait2","bfdr_estimate",0.01,0.009891104505469
20260827,15,500,15,3000,3000,3000,3000,"fast","control_informative",0.18,8,0.01,"","mtada_aggregated","trait2","bfdr_power",0.01,0.7
20260827,15,500,15,3000,3000,3000,3000,"fast","control_informative",0.18,8,0.01,"","mtada_aggregated","trait2","bfdr_discoveries",0.01,256
20260827,15,500,15,3000,3000,3000,3000,"fast","control_informative",0.18,8,0.01,"","mtada_aggregated","trait2","bfdr_observed_fdp",0.05,0.975609756097561
20260827,15,500,15,3000,3000,3000,3000,"fast","control_informative",0.18,8,0.01,"","mtada_aggregated","trait2","bfdr_estimate",0.05,0.048602019850729
20260827,15,500,15,3000,3000,3000,3000,"fast","control_informative",0.18,8,0.01,"","mtada_aggregated","trait2","bfdr_power",0.05,0.7
20260827,15,500,15,3000,3000,3000,3000,"fast","control_informative",0.18,8,0.01,"","mtada_aggregated","trait2","bfdr_discoveries",0.05,287
20260827,15,500,15,3000,3000,3000,3000,"fast","control_informative",0.18,8,0.01,"","mtada_aggregated","trait2","bfdr_observed_fdp",0.1,0.97411003236246
20260827,15,500,15,3000,3000,3000,3000,"fast","control_informative",0.18,8,0.01,"","mtada_aggregated","trait2","bfdr_estimate",0.1,0.099943107153519
20260827,15,500,15,3000,3000,3000,3000,"fast","control_informative",0.18,8,0.01,"","mtada_aggregated","trait2","bfdr_power",0.1,0.8
20260827,15,500,15,3000,3000,3000,3000,"fast","control_informative",0.18,8,0.01,"","mtada_aggregated","trait2","bfdr_discoveries",0.1,309
20260827,15,500,15,3000,3000,3000,3000,"fast","control_informative",0.18,8,0.01,"","mtada_aggregated","trait2","bfdr_observed_fdp",0.2,0.974358974358974
20260827,15,500,15,3000,3000,3000,3000,"fast","control_informative",0.18,8,0.01,"","mtada_aggregated","trait2","bfdr_estimate",0.2,0.198794825350006
20260827,15,500,15,3000,3000,3000,3000,"fast","control_informative",0.18,8,0.01,"","mtada_aggregated","trait2","bfdr_power",0.2,0.9
20260827,15,500,15,3000,3000,3000,3000,"fast","control_informative",0.18,8,0.01,"","mtada_aggregated","trait2","bfdr_discoveries",0.2,351
20260827,15,500,15,3000,3000,3000,3000,"fast","control_informative",0.18,8,0.01,"","mtada_aggregated","pleiotropy","bfdr_observed_fdp",0.01,0.986577181208054
20260827,15,500,15,3000,3000,3000,3000,"fast","control_informative",0.18,8,0.01,"","mtada_aggregated","pleiotropy","bfdr_estimate",0.01,0.00930307516582601
20260827,15,500,15,3000,3000,3000,3000,"fast","control_informative",0.18,8,0.01,"","mtada_aggregated","pleiotropy","bfdr_power",0.01,0.4
20260827,15,500,15,3000,3000,3000,3000,"fast","control_informative",0.18,8,0.01,"","mtada_aggregated","pleiotropy","bfdr_discoveries",0.01,149
20260827,15,500,15,3000,3000,3000,3000,"fast","control_informative",0.18,8,0.01,"","mtada_aggregated","pleiotropy","bfdr_observed_fdp",0.05,0.988888888888889
20260827,15,500,15,3000,3000,3000,3000,"fast","control_informative",0.18,8,0.01,"","mtada_aggregated","pleiotropy","bfdr_estimate",0.05,0.0487881733012368
20260827,15,500,15,3000,3000,3000,3000,"fast","control_informative",0.18,8,0.01,"","mtada_aggregated","pleiotropy","bfdr_power",0.05,0.4
20260827,15,500,15,3000,3000,3000,3000,"fast","control_informative",0.18,8,0.01,"","mtada_aggregated","pleiotropy","bfdr_discoveries",0.05,180
20260827,15,500,15,3000,3000,3000,3000,"fast","control_informative",0.18,8,0.01,"","mtada_aggregated","pleiotropy","bfdr_observed_fdp",0.1,0.980099502487562
20260827,15,500,15,3000,3000,3000,3000,"fast","control_informative",0.18,8,0.01,"","mtada_aggregated","pleiotropy","bfdr_estimate",0.1,0.0991531755516959
20260827,15,500,15,3000,3000,3000,3000,"fast","control_informative",0.18,8,0.01,"","mtada_aggregated","pleiotropy","bfdr_power",0.1,0.8
20260827,15,500,15,3000,3000,3000,3000,"fast","control_informative",0.18,8,0.01,"","mtada_aggregated","pleiotropy","bfdr_discoveries",0.1,201
20260827,15,500,15,3000,3000,3000,3000,"fast","control_informative",0.18,8,0.01,"","mtada_aggregated","pleiotropy","bfdr_observed_fdp",0.2,0.978813559322034
20260827,15,500,15,3000,3000,3000,3000,"fast","control_informative",0.18,8,0.01,"","mtada_aggregated","pleiotropy","bfdr_estimate",0.2,0.199498279165299
20260827,15,500,15,3000,3000,3000,3000,"fast","control_informative",0.18,8,0.01,"","mtada_aggregated","pleiotropy","bfdr_power",0.2,1
20260827,15,500,15,3000,3000,3000,3000,"fast","control_informative",0.18,8,0.01,"","mtada_aggregated","pleiotropy","bfdr_discoveries",0.2,236
20260827,15,500,15,3000,3000,3000,3000,"fast","control_informative",0.18,8,0.01,"","mtada_aggregated","global","runtime_seconds",NA,0.823000000000093
20260827,15,500,15,3000,3000,3000,3000,"fast","control_informative",0.18,8,0.01,"","mtada_aggregated","pleiotropy","pi11_estimate",NA,0.00988222
20260828,16,500,15,3000,3000,3000,3000,"fast","control_informative",0.18,8,0.01,"","mirage_joint","trait1","auc",NA,0.791915789473684
20260828,16,500,15,3000,3000,3000,3000,"fast","control_informative",0.18,8,0.01,"","mirage_joint","trait2","auc",NA,0.457959183673469
20260828,16,500,15,3000,3000,3000,3000,"fast","control_informative",0.18,8,0.01,"","mirage_joint","pleiotropy","auc",NA,0.901010101010101
20260828,16,500,15,3000,3000,3000,3000,"fast","control_informative",0.18,8,0.01,"","mirage_joint","trait1","pp08_power",0.8,0.28
20260828,16,500,15,3000,3000,3000,3000,"fast","control_informative",0.18,8,0.01,"","mirage_joint","trait1","pp08_fdp",0.8,0
20260828,16,500,15,3000,3000,3000,3000,"fast","control_informative",0.18,8,0.01,"","mirage_joint","trait1","pp08_discoveries",0.8,7
20260828,16,500,15,3000,3000,3000,3000,"fast","control_informative",0.18,8,0.01,"","mirage_joint","trait2","pp08_power",0.8,0.1
20260828,16,500,15,3000,3000,3000,3000,"fast","control_informative",0.18,8,0.01,"","mirage_joint","trait2","pp08_fdp",0.8,0
20260828,16,500,15,3000,3000,3000,3000,"fast","control_informative",0.18,8,0.01,"","mirage_joint","trait2","pp08_discoveries",0.8,1
20260828,16,500,15,3000,3000,3000,3000,"fast","control_informative",0.18,8,0.01,"","mirage_joint","pleiotropy","pp08_power",0.8,0
20260828,16,500,15,3000,3000,3000,3000,"fast","control_informative",0.18,8,0.01,"","mirage_joint","pleiotropy","pp08_fdp",0.8,0
20260828,16,500,15,3000,3000,3000,3000,"fast","control_informative",0.18,8,0.01,"","mirage_joint","pleiotropy","pp08_discoveries",0.8,0
20260828,16,500,15,3000,3000,3000,3000,"fast","control_informative",0.18,8,0.01,"","mirage_joint","trait1","bfdr_observed_fdp",0.01,0
20260828,16,500,15,3000,3000,3000,3000,"fast","control_informative",0.18,8,0.01,"","mirage_joint","trait1","bfdr_estimate",0.01,0.00649635111387212
20260828,16,500,15,3000,3000,3000,3000,"fast","control_informative",0.18,8,0.01,"","mirage_joint","trait1","bfdr_power",0.01,0.16
20260828,16,500,15,3000,3000,3000,3000,"fast","control_informative",0.18,8,0.01,"","mirage_joint","trait1","bfdr_discoveries",0.01,4
20260828,16,500,15,3000,3000,3000,3000,"fast","control_informative",0.18,8,0.01,"","mirage_joint","trait1","bfdr_observed_fdp",0.05,0
20260828,16,500,15,3000,3000,3000,3000,"fast","control_informative",0.18,8,0.01,"","mirage_joint","trait1","bfdr_estimate",0.05,0.0359045792360434
20260828,16,500,15,3000,3000,3000,3000,"fast","control_informative",0.18,8,0.01,"","mirage_joint","trait1","bfdr_power",0.05,0.28
20260828,16,500,15,3000,3000,3000,3000,"fast","control_informative",0.18,8,0.01,"","mirage_joint","trait1","bfdr_discoveries",0.05,7
20260828,16,500,15,3000,3000,3000,3000,"fast","control_informative",0.18,8,0.01,"","mirage_joint","trait1","bfdr_observed_fdp",0.1,0.1
20260828,16,500,15,3000,3000,3000,3000,"fast","control_informative",0.18,8,0.01,"","mirage_joint","trait1","bfdr_estimate",0.1,0.0971195493640347
20260828,16,500,15,3000,3000,3000,3000,"fast","control_informative",0.18,8,0.01,"","mirage_joint","trait1","bfdr_power",0.1,0.36
20260828,16,500,15,3000,3000,3000,3000,"fast","control_informative",0.18,8,0.01,"","mirage_joint","trait1","bfdr_discoveries",0.1,10
20260828,16,500,15,3000,3000,3000,3000,"fast","control_informative",0.18,8,0.01,"","mirage_joint","trait1","bfdr_observed_fdp",0.2,0.357142857142857
20260828,16,500,15,3000,3000,3000,3000,"fast","control_informative",0.18,8,0.01,"","mirage_joint","trait1","bfdr_estimate",0.2,0.180916553140076
20260828,16,500,15,3000,3000,3000,3000,"fast","control_informative",0.18,8,0.01,"","mirage_joint","trait1","bfdr_power",0.2,0.36
20260828,16,500,15,3000,3000,3000,3000,"fast","control_informative",0.18,8,0.01,"","mirage_joint","trait1","bfdr_discoveries",0.2,14
20260828,16,500,15,3000,3000,3000,3000,"fast","control_informative",0.18,8,0.01,"","mirage_joint","trait2","bfdr_observed_fdp",0.01,0
20260828,16,500,15,3000,3000,3000,3000,"fast","control_informative",0.18,8,0.01,"","mirage_joint","trait2","bfdr_estimate",0.01,1.76289094433457e-10
20260828,16,500,15,3000,3000,3000,3000,"fast","control_informative",0.18,8,0.01,"","mirage_joint","trait2","bfdr_power",0.01,0.1
20260828,16,500,15,3000,3000,3000,3000,"fast","control_informative",0.18,8,0.01,"","mirage_joint","trait2","bfdr_discoveries",0.01,1
20260828,16,500,15,3000,3000,3000,3000,"fast","control_informative",0.18,8,0.01,"","mirage_joint","trait2","bfdr_observed_fdp",0.05,0
20260828,16,500,15,3000,3000,3000,3000,"fast","control_informative",0.18,8,0.01,"","mirage_joint","trait2","bfdr_estimate",0.05,1.76289094433457e-10
20260828,16,500,15,3000,3000,3000,3000,"fast","control_informative",0.18,8,0.01,"","mirage_joint","trait2","bfdr_power",0.05,0.1
20260828,16,500,15,3000,3000,3000,3000,"fast","control_informative",0.18,8,0.01,"","mirage_joint","trait2","bfdr_discoveries",0.05,1
20260828,16,500,15,3000,3000,3000,3000,"fast","control_informative",0.18,8,0.01,"","mirage_joint","trait2","bfdr_observed_fdp",0.1,0
20260828,16,500,15,3000,3000,3000,3000,"fast","control_informative",0.18,8,0.01,"","mirage_joint","trait2","bfdr_estimate",0.1,1.76289094433457e-10
20260828,16,500,15,3000,3000,3000,3000,"fast","control_informative",0.18,8,0.01,"","mirage_joint","trait2","bfdr_power",0.1,0.1
20260828,16,500,15,3000,3000,3000,3000,"fast","control_informative",0.18,8,0.01,"","mirage_joint","trait2","bfdr_discoveries",0.1,1
20260828,16,500,15,3000,3000,3000,3000,"fast","control_informative",0.18,8,0.01,"","mirage_joint","trait2","bfdr_observed_fdp",0.2,0
20260828,16,500,15,3000,3000,3000,3000,"fast","control_informative",0.18,8,0.01,"","mirage_joint","trait2","bfdr_estimate",0.2,1.76289094433457e-10
20260828,16,500,15,3000,3000,3000,3000,"fast","control_informative",0.18,8,0.01,"","mirage_joint","trait2","bfdr_power",0.2,0.1
20260828,16,500,15,3000,3000,3000,3000,"fast","control_informative",0.18,8,0.01,"","mirage_joint","trait2","bfdr_discoveries",0.2,1
20260828,16,500,15,3000,3000,3000,3000,"fast","control_informative",0.18,8,0.01,"","mirage_joint","pleiotropy","bfdr_observed_fdp",0.01,0
20260828,16,500,15,3000,3000,3000,3000,"fast","control_informative",0.18,8,0.01,"","mirage_joint","pleiotropy","bfdr_estimate",0.01,0
20260828,16,500,15,3000,3000,3000,3000,"fast","control_informative",0.18,8,0.01,"","mirage_joint","pleiotropy","bfdr_power",0.01,0
20260828,16,500,15,3000,3000,3000,3000,"fast","control_informative",0.18,8,0.01,"","mirage_joint","pleiotropy","bfdr_discoveries",0.01,0
20260828,16,500,15,3000,3000,3000,3000,"fast","control_informative",0.18,8,0.01,"","mirage_joint","pleiotropy","bfdr_observed_fdp",0.05,0
20260828,16,500,15,3000,3000,3000,3000,"fast","control_informative",0.18,8,0.01,"","mirage_joint","pleiotropy","bfdr_estimate",0.05,0
20260828,16,500,15,3000,3000,3000,3000,"fast","control_informative",0.18,8,0.01,"","mirage_joint","pleiotropy","bfdr_power",0.05,0
20260828,16,500,15,3000,3000,3000,3000,"fast","control_informative",0.18,8,0.01,"","mirage_joint","pleiotropy","bfdr_discoveries",0.05,0
20260828,16,500,15,3000,3000,3000,3000,"fast","control_informative",0.18,8,0.01,"","mirage_joint","pleiotropy","bfdr_observed_fdp",0.1,0
20260828,16,500,15,3000,3000,3000,3000,"fast","control_informative",0.18,8,0.01,"","mirage_joint","pleiotropy","bfdr_estimate",0.1,0
20260828,16,500,15,3000,3000,3000,3000,"fast","control_informative",0.18,8,0.01,"","mirage_joint","pleiotropy","bfdr_power",0.1,0
20260828,16,500,15,3000,3000,3000,3000,"fast","control_informative",0.18,8,0.01,"","mirage_joint","pleiotropy","bfdr_discoveries",0.1,0
20260828,16,500,15,3000,3000,3000,3000,"fast","control_informative",0.18,8,0.01,"","mirage_joint","pleiotropy","bfdr_observed_fdp",0.2,0
20260828,16,500,15,3000,3000,3000,3000,"fast","control_informative",0.18,8,0.01,"","mirage_joint","pleiotropy","bfdr_estimate",0.2,0
20260828,16,500,15,3000,3000,3000,3000,"fast","control_informative",0.18,8,0.01,"","mirage_joint","pleiotropy","bfdr_power",0.2,0
20260828,16,500,15,3000,3000,3000,3000,"fast","control_informative",0.18,8,0.01,"","mirage_joint","pleiotropy","bfdr_discoveries",0.2,0
20260828,16,500,15,3000,3000,3000,3000,"fast","control_informative",0.18,8,0.01,"","mirage_joint","global","runtime_seconds",NA,18.688
20260828,16,500,15,3000,3000,3000,3000,"fast","control_informative",0.18,8,0.01,"","mirage_joint","pleiotropy","pi11_estimate",NA,0.000372227686150218
20260828,16,500,15,3000,3000,3000,3000,"fast","control_informative",0.18,8,0.01,"","separate_mirage","trait1","auc",NA,0.788968421052632
20260828,16,500,15,3000,3000,3000,3000,"fast","control_informative",0.18,8,0.01,"","separate_mirage","trait2","auc",NA,0.69734693877551
20260828,16,500,15,3000,3000,3000,3000,"fast","control_informative",0.18,8,0.01,"","separate_mirage","pleiotropy","auc",NA,0.907070707070707
20260828,16,500,15,3000,3000,3000,3000,"fast","control_informative",0.18,8,0.01,"","separate_mirage","trait1","pp08_power",0.8,0.28
20260828,16,500,15,3000,3000,3000,3000,"fast","control_informative",0.18,8,0.01,"","separate_mirage","trait1","pp08_fdp",0.8,0
20260828,16,500,15,3000,3000,3000,3000,"fast","control_informative",0.18,8,0.01,"","separate_mirage","trait1","pp08_discoveries",0.8,7
20260828,16,500,15,3000,3000,3000,3000,"fast","control_informative",0.18,8,0.01,"","separate_mirage","trait2","pp08_power",0.8,0.1
20260828,16,500,15,3000,3000,3000,3000,"fast","control_informative",0.18,8,0.01,"","separate_mirage","trait2","pp08_fdp",0.8,0
20260828,16,500,15,3000,3000,3000,3000,"fast","control_informative",0.18,8,0.01,"","separate_mirage","trait2","pp08_discoveries",0.8,1
20260828,16,500,15,3000,3000,3000,3000,"fast","control_informative",0.18,8,0.01,"","separate_mirage","pleiotropy","pp08_power",0.8,0
20260828,16,500,15,3000,3000,3000,3000,"fast","control_informative",0.18,8,0.01,"","separate_mirage","pleiotropy","pp08_fdp",0.8,0
20260828,16,500,15,3000,3000,3000,3000,"fast","control_informative",0.18,8,0.01,"","separate_mirage","pleiotropy","pp08_discoveries",0.8,0
20260828,16,500,15,3000,3000,3000,3000,"fast","control_informative",0.18,8,0.01,"","separate_mirage","trait1","bfdr_observed_fdp",0.01,0
20260828,16,500,15,3000,3000,3000,3000,"fast","control_informative",0.18,8,0.01,"","separate_mirage","trait1","bfdr_estimate",0.01,0.00763597625759153
20260828,16,500,15,3000,3000,3000,3000,"fast","control_informative",0.18,8,0.01,"","separate_mirage","trait1","bfdr_power",0.01,0.12
20260828,16,500,15,3000,3000,3000,3000,"fast","control_informative",0.18,8,0.01,"","separate_mirage","trait1","bfdr_discoveries",0.01,3
20260828,16,500,15,3000,3000,3000,3000,"fast","control_informative",0.18,8,0.01,"","separate_mirage","trait1","bfdr_observed_fdp",0.05,0
20260828,16,500,15,3000,3000,3000,3000,"fast","control_informative",0.18,8,0.01,"","separate_mirage","trait1","bfdr_estimate",0.05,0.0447410844142306
20260828,16,500,15,3000,3000,3000,3000,"fast","control_informative",0.18,8,0.01,"","separate_mirage","trait1","bfdr_power",0.05,0.24
20260828,16,500,15,3000,3000,3000,3000,"fast","control_informative",0.18,8,0.01,"","separate_mirage","trait1","bfdr_discoveries",0.05,6
20260828,16,500,15,3000,3000,3000,3000,"fast","control_informative",0.18,8,0.01,"","separate_mirage","trait1","bfdr_observed_fdp",0.1,0
20260828,16,500,15,3000,3000,3000,3000,"fast","control_informative",0.18,8,0.01,"","separate_mirage","trait1","bfdr_estimate",0.1,0.0970962056672075
20260828,16,500,15,3000,3000,3000,3000,"fast","control_informative",0.18,8,0.01,"","separate_mirage","trait1","bfdr_power",0.1,0.32
20260828,16,500,15,3000,3000,3000,3000,"fast","control_informative",0.18,8,0.01,"","separate_mirage","trait1","bfdr_discoveries",0.1,8
20260828,16,500,15,3000,3000,3000,3000,"fast","control_informative",0.18,8,0.01,"","separate_mirage","trait1","bfdr_observed_fdp",0.2,0.1
20260828,16,500,15,3000,3000,3000,3000,"fast","control_informative",0.18,8,0.01,"","separate_mirage","trait1","bfdr_estimate",0.2,0.165684634019495
20260828,16,500,15,3000,3000,3000,3000,"fast","control_informative",0.18,8,0.01,"","separate_mirage","trait1","bfdr_power",0.2,0.36
20260828,16,500,15,3000,3000,3000,3000,"fast","control_informative",0.18,8,0.01,"","separate_mirage","trait1","bfdr_discoveries",0.2,10
20260828,16,500,15,3000,3000,3000,3000,"fast","control_informative",0.18,8,0.01,"","separate_mirage","trait2","bfdr_observed_fdp",0.01,0
20260828,16,500,15,3000,3000,3000,3000,"fast","control_informative",0.18,8,0.01,"","separate_mirage","trait2","bfdr_estimate",0.01,2.44235631718936e-10
20260828,16,500,15,3000,3000,3000,3000,"fast","control_informative",0.18,8,0.01,"","separate_mirage","trait2","bfdr_power",0.01,0.1
20260828,16,500,15,3000,3000,3000,3000,"fast","control_informative",0.18,8,0.01,"","separate_mirage","trait2","bfdr_discoveries",0.01,1
20260828,16,500,15,3000,3000,3000,3000,"fast","control_informative",0.18,8,0.01,"","separate_mirage","trait2","bfdr_observed_fdp",0.05,0
20260828,16,500,15,3000,3000,3000,3000,"fast","control_informative",0.18,8,0.01,"","separate_mirage","trait2","bfdr_estimate",0.05,2.44235631718936e-10
20260828,16,500,15,3000,3000,3000,3000,"fast","control_informative",0.18,8,0.01,"","separate_mirage","trait2","bfdr_power",0.05,0.1
20260828,16,500,15,3000,3000,3000,3000,"fast","control_informative",0.18,8,0.01,"","separate_mirage","trait2","bfdr_discoveries",0.05,1
20260828,16,500,15,3000,3000,3000,3000,"fast","control_informative",0.18,8,0.01,"","separate_mirage","trait2","bfdr_observed_fdp",0.1,0
20260828,16,500,15,3000,3000,3000,3000,"fast","control_informative",0.18,8,0.01,"","separate_mirage","trait2","bfdr_estimate",0.1,2.44235631718936e-10
20260828,16,500,15,3000,3000,3000,3000,"fast","control_informative",0.18,8,0.01,"","separate_mirage","trait2","bfdr_power",0.1,0.1
20260828,16,500,15,3000,3000,3000,3000,"fast","control_informative",0.18,8,0.01,"","separate_mirage","trait2","bfdr_discoveries",0.1,1
20260828,16,500,15,3000,3000,3000,3000,"fast","control_informative",0.18,8,0.01,"","separate_mirage","trait2","bfdr_observed_fdp",0.2,0
20260828,16,500,15,3000,3000,3000,3000,"fast","control_informative",0.18,8,0.01,"","separate_mirage","trait2","bfdr_estimate",0.2,2.44235631718936e-10
20260828,16,500,15,3000,3000,3000,3000,"fast","control_informative",0.18,8,0.01,"","separate_mirage","trait2","bfdr_power",0.2,0.1
20260828,16,500,15,3000,3000,3000,3000,"fast","control_informative",0.18,8,0.01,"","separate_mirage","trait2","bfdr_discoveries",0.2,1
20260828,16,500,15,3000,3000,3000,3000,"fast","control_informative",0.18,8,0.01,"","separate_mirage","pleiotropy","bfdr_observed_fdp",0.01,0
20260828,16,500,15,3000,3000,3000,3000,"fast","control_informative",0.18,8,0.01,"","separate_mirage","pleiotropy","bfdr_estimate",0.01,0
20260828,16,500,15,3000,3000,3000,3000,"fast","control_informative",0.18,8,0.01,"","separate_mirage","pleiotropy","bfdr_power",0.01,0
20260828,16,500,15,3000,3000,3000,3000,"fast","control_informative",0.18,8,0.01,"","separate_mirage","pleiotropy","bfdr_discoveries",0.01,0
20260828,16,500,15,3000,3000,3000,3000,"fast","control_informative",0.18,8,0.01,"","separate_mirage","pleiotropy","bfdr_observed_fdp",0.05,0
20260828,16,500,15,3000,3000,3000,3000,"fast","control_informative",0.18,8,0.01,"","separate_mirage","pleiotropy","bfdr_estimate",0.05,0
20260828,16,500,15,3000,3000,3000,3000,"fast","control_informative",0.18,8,0.01,"","separate_mirage","pleiotropy","bfdr_power",0.05,0
20260828,16,500,15,3000,3000,3000,3000,"fast","control_informative",0.18,8,0.01,"","separate_mirage","pleiotropy","bfdr_discoveries",0.05,0
20260828,16,500,15,3000,3000,3000,3000,"fast","control_informative",0.18,8,0.01,"","separate_mirage","pleiotropy","bfdr_observed_fdp",0.1,0
20260828,16,500,15,3000,3000,3000,3000,"fast","control_informative",0.18,8,0.01,"","separate_mirage","pleiotropy","bfdr_estimate",0.1,0
20260828,16,500,15,3000,3000,3000,3000,"fast","control_informative",0.18,8,0.01,"","separate_mirage","pleiotropy","bfdr_power",0.1,0
20260828,16,500,15,3000,3000,3000,3000,"fast","control_informative",0.18,8,0.01,"","separate_mirage","pleiotropy","bfdr_discoveries",0.1,0
20260828,16,500,15,3000,3000,3000,3000,"fast","control_informative",0.18,8,0.01,"","separate_mirage","pleiotropy","bfdr_observed_fdp",0.2,0
20260828,16,500,15,3000,3000,3000,3000,"fast","control_informative",0.18,8,0.01,"","separate_mirage","pleiotropy","bfdr_estimate",0.2,0
20260828,16,500,15,3000,3000,3000,3000,"fast","control_informative",0.18,8,0.01,"","separate_mirage","pleiotropy","bfdr_power",0.2,0
20260828,16,500,15,3000,3000,3000,3000,"fast","control_informative",0.18,8,0.01,"","separate_mirage","pleiotropy","bfdr_discoveries",0.2,0
20260828,16,500,15,3000,3000,3000,3000,"fast","control_informative",0.18,8,0.01,"","separate_mirage","global","runtime_seconds",NA,18.371
20260828,16,500,15,3000,3000,3000,3000,"fast","control_informative",0.18,8,0.01,"","separate_mirage","pleiotropy","pi11_estimate",NA,0.001
20260828,16,500,15,3000,3000,3000,3000,"fast","control_informative",0.18,8,0.01,"","mtada_aggregated","trait1","auc",NA,0.624631578947368
20260828,16,500,15,3000,3000,3000,3000,"fast","control_informative",0.18,8,0.01,"","mtada_aggregated","trait2","auc",NA,0.596428571428571
20260828,16,500,15,3000,3000,3000,3000,"fast","control_informative",0.18,8,0.01,"","mtada_aggregated","pleiotropy","auc",NA,0.516363636363636
20260828,16,500,15,3000,3000,3000,3000,"fast","control_informative",0.18,8,0.01,"","mtada_aggregated","trait1","pp08_power",0.8,0.68
20260828,16,500,15,3000,3000,3000,3000,"fast","control_informative",0.18,8,0.01,"","mtada_aggregated","trait1","pp08_fdp",0.8,0.93560606060606
20260828,16,500,15,3000,3000,3000,3000,"fast","control_informative",0.18,8,0.01,"","mtada_aggregated","trait1","pp08_discoveries",0.8,264
20260828,16,500,15,3000,3000,3000,3000,"fast","control_informative",0.18,8,0.01,"","mtada_aggregated","trait2","pp08_power",0.8,0.7
20260828,16,500,15,3000,3000,3000,3000,"fast","control_informative",0.18,8,0.01,"","mtada_aggregated","trait2","pp08_fdp",0.8,0.972549019607843
20260828,16,500,15,3000,3000,3000,3000,"fast","control_informative",0.18,8,0.01,"","mtada_aggregated","trait2","pp08_discoveries",0.8,255
20260828,16,500,15,3000,3000,3000,3000,"fast","control_informative",0.18,8,0.01,"","mtada_aggregated","pleiotropy","pp08_power",0.8,0.4
20260828,16,500,15,3000,3000,3000,3000,"fast","control_informative",0.18,8,0.01,"","mtada_aggregated","pleiotropy","pp08_fdp",0.8,0.987012987012987
20260828,16,500,15,3000,3000,3000,3000,"fast","control_informative",0.18,8,0.01,"","mtada_aggregated","pleiotropy","pp08_discoveries",0.8,154
20260828,16,500,15,3000,3000,3000,3000,"fast","control_informative",0.18,8,0.01,"","mtada_aggregated","trait1","bfdr_observed_fdp",0.01,0.93560606060606
20260828,16,500,15,3000,3000,3000,3000,"fast","control_informative",0.18,8,0.01,"","mtada_aggregated","trait1","bfdr_estimate",0.01,0.00944166115445172
20260828,16,500,15,3000,3000,3000,3000,"fast","control_informative",0.18,8,0.01,"","mtada_aggregated","trait1","bfdr_power",0.01,0.68
20260828,16,500,15,3000,3000,3000,3000,"fast","control_informative",0.18,8,0.01,"","mtada_aggregated","trait1","bfdr_discoveries",0.01,264
20260828,16,500,15,3000,3000,3000,3000,"fast","control_informative",0.18,8,0.01,"","mtada_aggregated","trait1","bfdr_observed_fdp",0.05,0.938144329896907
20260828,16,500,15,3000,3000,3000,3000,"fast","control_informative",0.18,8,0.01,"","mtada_aggregated","trait1","bfdr_estimate",0.05,0.0483182025142957
20260828,16,500,15,3000,3000,3000,3000,"fast","control_informative",0.18,8,0.01,"","mtada_aggregated","trait1","bfdr_power",0.05,0.72
20260828,16,500,15,3000,3000,3000,3000,"fast","control_informative",0.18,8,0.01,"","mtada_aggregated","trait1","bfdr_discoveries",0.05,291
20260828,16,500,15,3000,3000,3000,3000,"fast","control_informative",0.18,8,0.01,"","mtada_aggregated","trait1","bfdr_observed_fdp",0.1,0.942857142857143
20260828,16,500,15,3000,3000,3000,3000,"fast","control_informative",0.18,8,0.01,"","mtada_aggregated","trait1","bfdr_estimate",0.1,0.0985186045051303
20260828,16,500,15,3000,3000,3000,3000,"fast","control_informative",0.18,8,0.01,"","mtada_aggregated","trait1","bfdr_power",0.1,0.72
20260828,16,500,15,3000,3000,3000,3000,"fast","control_informative",0.18,8,0.01,"","mtada_aggregated","trait1","bfdr_discoveries",0.1,315
20260828,16,500,15,3000,3000,3000,3000,"fast","control_informative",0.18,8,0.01,"","mtada_aggregated","trait1","bfdr_observed_fdp",0.2,0.944289693593315
20260828,16,500,15,3000,3000,3000,3000,"fast","control_informative",0.18,8,0.01,"","mtada_aggregated","trait1","bfdr_estimate",0.2,0.19863763635886
20260828,16,500,15,3000,3000,3000,3000,"fast","control_informative",0.18,8,0.01,"","mtada_aggregated","trait1","bfdr_power",0.2,0.8
20260828,16,500,15,3000,3000,3000,3000,"fast","control_informative",0.18,8,0.01,"","mtada_aggregated","trait1","bfdr_discoveries",0.2,359
20260828,16,500,15,3000,3000,3000,3000,"fast","control_informative",0.18,8,0.01,"","mtada_aggregated","trait2","bfdr_observed_fdp",0.01,0.972549019607843
20260828,16,500,15,3000,3000,3000,3000,"fast","control_informative",0.18,8,0.01,"","mtada_aggregated","trait2","bfdr_estimate",0.01,0.00888800352113318
20260828,16,500,15,3000,3000,3000,3000,"fast","control_informative",0.18,8,0.01,"","mtada_aggregated","trait2","bfdr_power",0.01,0.7
20260828,16,500,15,3000,3000,3000,3000,"fast","control_informative",0.18,8,0.01,"","mtada_aggregated","trait2","bfdr_discoveries",0.01,255
20260828,16,500,15,3000,3000,3000,3000,"fast","control_informative",0.18,8,0.01,"","mtada_aggregated","trait2","bfdr_observed_fdp",0.05,0.970909090909091
20260828,16,500,15,3000,3000,3000,3000,"fast","control_informative",0.18,8,0.01,"","mtada_aggregated","trait2","bfdr_estimate",0.05,0.0477658578321676
20260828,16,500,15,3000,3000,3000,3000,"fast","control_informative",0.18,8,0.01,"","mtada_aggregated","trait2","bfdr_power",0.05,0.8
20260828,16,500,15,3000,3000,3000,3000,"fast","control_informative",0.18,8,0.01,"","mtada_aggregated","trait2","bfdr_discoveries",0.05,275
20260828,16,500,15,3000,3000,3000,3000,"fast","control_informative",0.18,8,0.01,"","mtada_aggregated","trait2","bfdr_observed_fdp",0.1,0.972881355932203
20260828,16,500,15,3000,3000,3000,3000,"fast","control_informative",0.18,8,0.01,"","mtada_aggregated","trait2","bfdr_estimate",0.1,0.0995126046134349
20260828,16,500,15,3000,3000,3000,3000,"fast","control_informative",0.18,8,0.01,"","mtada_aggregated","trait2","bfdr_power",0.1,0.8
20260828,16,500,15,3000,3000,3000,3000,"fast","control_informative",0.18,8,0.01,"","mtada_aggregated","trait2","bfdr_discoveries",0.1,295
20260828,16,500,15,3000,3000,3000,3000,"fast","control_informative",0.18,8,0.01,"","mtada_aggregated","trait2","bfdr_observed_fdp",0.2,0.976119402985075
20260828,16,500,15,3000,3000,3000,3000,"fast","control_informative",0.18,8,0.01,"","mtada_aggregated","trait2","bfdr_estimate",0.2,0.199142933399464
20260828,16,500,15,3000,3000,3000,3000,"fast","control_informative",0.18,8,0.01,"","mtada_aggregated","trait2","bfdr_power",0.2,0.8
20260828,16,500,15,3000,3000,3000,3000,"fast","control_informative",0.18,8,0.01,"","mtada_aggregated","trait2","bfdr_discoveries",0.2,335
20260828,16,500,15,3000,3000,3000,3000,"fast","control_informative",0.18,8,0.01,"","mtada_aggregated","pleiotropy","bfdr_observed_fdp",0.01,0.986394557823129
20260828,16,500,15,3000,3000,3000,3000,"fast","control_informative",0.18,8,0.01,"","mtada_aggregated","pleiotropy","bfdr_estimate",0.01,0.00990318568080182
20260828,16,500,15,3000,3000,3000,3000,"fast","control_informative",0.18,8,0.01,"","mtada_aggregated","pleiotropy","bfdr_power",0.01,0.4
20260828,16,500,15,3000,3000,3000,3000,"fast","control_informative",0.18,8,0.01,"","mtada_aggregated","pleiotropy","bfdr_discoveries",0.01,147
20260828,16,500,15,3000,3000,3000,3000,"fast","control_informative",0.18,8,0.01,"","mtada_aggregated","pleiotropy","bfdr_observed_fdp",0.05,0.988235294117647
20260828,16,500,15,3000,3000,3000,3000,"fast","control_informative",0.18,8,0.01,"","mtada_aggregated","pleiotropy","bfdr_estimate",0.05,0.0496335500744853
20260828,16,500,15,3000,3000,3000,3000,"fast","control_informative",0.18,8,0.01,"","mtada_aggregated","pleiotropy","bfdr_power",0.05,0.4
20260828,16,500,15,3000,3000,3000,3000,"fast","control_informative",0.18,8,0.01,"","mtada_aggregated","pleiotropy","bfdr_discoveries",0.05,170
20260828,16,500,15,3000,3000,3000,3000,"fast","control_informative",0.18,8,0.01,"","mtada_aggregated","pleiotropy","bfdr_observed_fdp",0.1,0.989247311827957
20260828,16,500,15,3000,3000,3000,3000,"fast","control_informative",0.18,8,0.01,"","mtada_aggregated","pleiotropy","bfdr_estimate",0.1,0.0980746263627647
20260828,16,500,15,3000,3000,3000,3000,"fast","control_informative",0.18,8,0.01,"","mtada_aggregated","pleiotropy","bfdr_power",0.1,0.4
20260828,16,500,15,3000,3000,3000,3000,"fast","control_informative",0.18,8,0.01,"","mtada_aggregated","pleiotropy","bfdr_discoveries",0.1,186
20260828,16,500,15,3000,3000,3000,3000,"fast","control_informative",0.18,8,0.01,"","mtada_aggregated","pleiotropy","bfdr_observed_fdp",0.2,0.986175115207373
20260828,16,500,15,3000,3000,3000,3000,"fast","control_informative",0.18,8,0.01,"","mtada_aggregated","pleiotropy","bfdr_estimate",0.2,0.199204839252938
20260828,16,500,15,3000,3000,3000,3000,"fast","control_informative",0.18,8,0.01,"","mtada_aggregated","pleiotropy","bfdr_power",0.2,0.6
20260828,16,500,15,3000,3000,3000,3000,"fast","control_informative",0.18,8,0.01,"","mtada_aggregated","pleiotropy","bfdr_discoveries",0.2,217
20260828,16,500,15,3000,3000,3000,3000,"fast","control_informative",0.18,8,0.01,"","mtada_aggregated","global","runtime_seconds",NA,0.930999999999926
20260828,16,500,15,3000,3000,3000,3000,"fast","control_informative",0.18,8,0.01,"","mtada_aggregated","pleiotropy","pi11_estimate",NA,0.00860432
20260829,17,500,15,3000,3000,3000,3000,"fast","control_informative",0.18,8,0.01,"","mirage_joint","trait1","auc",NA,0.767242105263158
20260829,17,500,15,3000,3000,3000,3000,"fast","control_informative",0.18,8,0.01,"","mirage_joint","trait2","auc",NA,0.784285714285714
20260829,17,500,15,3000,3000,3000,3000,"fast","control_informative",0.18,8,0.01,"","mirage_joint","pleiotropy","auc",NA,0.903434343434343
20260829,17,500,15,3000,3000,3000,3000,"fast","control_informative",0.18,8,0.01,"","mirage_joint","trait1","pp08_power",0.8,0.28
20260829,17,500,15,3000,3000,3000,3000,"fast","control_informative",0.18,8,0.01,"","mirage_joint","trait1","pp08_fdp",0.8,0.125
20260829,17,500,15,3000,3000,3000,3000,"fast","control_informative",0.18,8,0.01,"","mirage_joint","trait1","pp08_discoveries",0.8,8
20260829,17,500,15,3000,3000,3000,3000,"fast","control_informative",0.18,8,0.01,"","mirage_joint","trait2","pp08_power",0.8,0.2
20260829,17,500,15,3000,3000,3000,3000,"fast","control_informative",0.18,8,0.01,"","mirage_joint","trait2","pp08_fdp",0.8,0
20260829,17,500,15,3000,3000,3000,3000,"fast","control_informative",0.18,8,0.01,"","mirage_joint","trait2","pp08_discoveries",0.8,2
20260829,17,500,15,3000,3000,3000,3000,"fast","control_informative",0.18,8,0.01,"","mirage_joint","pleiotropy","pp08_power",0.8,0
20260829,17,500,15,3000,3000,3000,3000,"fast","control_informative",0.18,8,0.01,"","mirage_joint","pleiotropy","pp08_fdp",0.8,0
20260829,17,500,15,3000,3000,3000,3000,"fast","control_informative",0.18,8,0.01,"","mirage_joint","pleiotropy","pp08_discoveries",0.8,0
20260829,17,500,15,3000,3000,3000,3000,"fast","control_informative",0.18,8,0.01,"","mirage_joint","trait1","bfdr_observed_fdp",0.01,0
20260829,17,500,15,3000,3000,3000,3000,"fast","control_informative",0.18,8,0.01,"","mirage_joint","trait1","bfdr_estimate",0.01,0.00671216448797658
20260829,17,500,15,3000,3000,3000,3000,"fast","control_informative",0.18,8,0.01,"","mirage_joint","trait1","bfdr_power",0.01,0.2
20260829,17,500,15,3000,3000,3000,3000,"fast","control_informative",0.18,8,0.01,"","mirage_joint","trait1","bfdr_discoveries",0.01,5
20260829,17,500,15,3000,3000,3000,3000,"fast","control_informative",0.18,8,0.01,"","mirage_joint","trait1","bfdr_observed_fdp",0.05,0.111111111111111
20260829,17,500,15,3000,3000,3000,3000,"fast","control_informative",0.18,8,0.01,"","mirage_joint","trait1","bfdr_estimate",0.05,0.0477086035197336
20260829,17,500,15,3000,3000,3000,3000,"fast","control_informative",0.18,8,0.01,"","mirage_joint","trait1","bfdr_power",0.05,0.32
20260829,17,500,15,3000,3000,3000,3000,"fast","control_informative",0.18,8,0.01,"","mirage_joint","trait1","bfdr_discoveries",0.05,9
20260829,17,500,15,3000,3000,3000,3000,"fast","control_informative",0.18,8,0.01,"","mirage_joint","trait1","bfdr_observed_fdp",0.1,0.0909090909090909
20260829,17,500,15,3000,3000,3000,3000,"fast","control_informative",0.18,8,0.01,"","mirage_joint","trait1","bfdr_estimate",0.1,0.0906627935926922
20260829,17,500,15,3000,3000,3000,3000,"fast","control_informative",0.18,8,0.01,"","mirage_joint","trait1","bfdr_power",0.1,0.4
20260829,17,500,15,3000,3000,3000,3000,"fast","control_informative",0.18,8,0.01,"","mirage_joint","trait1","bfdr_discoveries",0.1,11
20260829,17,500,15,3000,3000,3000,3000,"fast","control_informative",0.18,8,0.01,"","mirage_joint","trait1","bfdr_observed_fdp",0.2,0.25
20260829,17,500,15,3000,3000,3000,3000,"fast","control_informative",0.18,8,0.01,"","mirage_joint","trait1","bfdr_estimate",0.2,0.185056074787138
20260829,17,500,15,3000,3000,3000,3000,"fast","control_informative",0.18,8,0.01,"","mirage_joint","trait1","bfdr_power",0.2,0.48
20260829,17,500,15,3000,3000,3000,3000,"fast","control_informative",0.18,8,0.01,"","mirage_joint","trait1","bfdr_discoveries",0.2,16
20260829,17,500,15,3000,3000,3000,3000,"fast","control_informative",0.18,8,0.01,"","mirage_joint","trait2","bfdr_observed_fdp",0.01,0
20260829,17,500,15,3000,3000,3000,3000,"fast","control_informative",0.18,8,0.01,"","mirage_joint","trait2","bfdr_estimate",0.01,2.78959895062547e-05
20260829,17,500,15,3000,3000,3000,3000,"fast","control_informative",0.18,8,0.01,"","mirage_joint","trait2","bfdr_power",0.01,0.1
20260829,17,500,15,3000,3000,3000,3000,"fast","control_informative",0.18,8,0.01,"","mirage_joint","trait2","bfdr_discoveries",0.01,1
20260829,17,500,15,3000,3000,3000,3000,"fast","control_informative",0.18,8,0.01,"","mirage_joint","trait2","bfdr_observed_fdp",0.05,0
20260829,17,500,15,3000,3000,3000,3000,"fast","control_informative",0.18,8,0.01,"","mirage_joint","trait2","bfdr_estimate",0.05,2.78959895062547e-05
20260829,17,500,15,3000,3000,3000,3000,"fast","control_informative",0.18,8,0.01,"","mirage_joint","trait2","bfdr_power",0.05,0.1
20260829,17,500,15,3000,3000,3000,3000,"fast","control_informative",0.18,8,0.01,"","mirage_joint","trait2","bfdr_discoveries",0.05,1
20260829,17,500,15,3000,3000,3000,3000,"fast","control_informative",0.18,8,0.01,"","mirage_joint","trait2","bfdr_observed_fdp",0.1,0
20260829,17,500,15,3000,3000,3000,3000,"fast","control_informative",0.18,8,0.01,"","mirage_joint","trait2","bfdr_estimate",0.1,0.0690750410733147
20260829,17,500,15,3000,3000,3000,3000,"fast","control_informative",0.18,8,0.01,"","mirage_joint","trait2","bfdr_power",0.1,0.2
20260829,17,500,15,3000,3000,3000,3000,"fast","control_informative",0.18,8,0.01,"","mirage_joint","trait2","bfdr_discoveries",0.1,2
20260829,17,500,15,3000,3000,3000,3000,"fast","control_informative",0.18,8,0.01,"","mirage_joint","trait2","bfdr_observed_fdp",0.2,0.5
20260829,17,500,15,3000,3000,3000,3000,"fast","control_informative",0.18,8,0.01,"","mirage_joint","trait2","bfdr_estimate",0.2,0.188921806885198
20260829,17,500,15,3000,3000,3000,3000,"fast","control_informative",0.18,8,0.01,"","mirage_joint","trait2","bfdr_power",0.2,0.2
20260829,17,500,15,3000,3000,3000,3000,"fast","control_informative",0.18,8,0.01,"","mirage_joint","trait2","bfdr_discoveries",0.2,4
20260829,17,500,15,3000,3000,3000,3000,"fast","control_informative",0.18,8,0.01,"","mirage_joint","pleiotropy","bfdr_observed_fdp",0.01,0
20260829,17,500,15,3000,3000,3000,3000,"fast","control_informative",0.18,8,0.01,"","mirage_joint","pleiotropy","bfdr_estimate",0.01,0
20260829,17,500,15,3000,3000,3000,3000,"fast","control_informative",0.18,8,0.01,"","mirage_joint","pleiotropy","bfdr_power",0.01,0
20260829,17,500,15,3000,3000,3000,3000,"fast","control_informative",0.18,8,0.01,"","mirage_joint","pleiotropy","bfdr_discoveries",0.01,0
20260829,17,500,15,3000,3000,3000,3000,"fast","control_informative",0.18,8,0.01,"","mirage_joint","pleiotropy","bfdr_observed_fdp",0.05,0
20260829,17,500,15,3000,3000,3000,3000,"fast","control_informative",0.18,8,0.01,"","mirage_joint","pleiotropy","bfdr_estimate",0.05,0
20260829,17,500,15,3000,3000,3000,3000,"fast","control_informative",0.18,8,0.01,"","mirage_joint","pleiotropy","bfdr_power",0.05,0
20260829,17,500,15,3000,3000,3000,3000,"fast","control_informative",0.18,8,0.01,"","mirage_joint","pleiotropy","bfdr_discoveries",0.05,0
20260829,17,500,15,3000,3000,3000,3000,"fast","control_informative",0.18,8,0.01,"","mirage_joint","pleiotropy","bfdr_observed_fdp",0.1,0
20260829,17,500,15,3000,3000,3000,3000,"fast","control_informative",0.18,8,0.01,"","mirage_joint","pleiotropy","bfdr_estimate",0.1,0
20260829,17,500,15,3000,3000,3000,3000,"fast","control_informative",0.18,8,0.01,"","mirage_joint","pleiotropy","bfdr_power",0.1,0
20260829,17,500,15,3000,3000,3000,3000,"fast","control_informative",0.18,8,0.01,"","mirage_joint","pleiotropy","bfdr_discoveries",0.1,0
20260829,17,500,15,3000,3000,3000,3000,"fast","control_informative",0.18,8,0.01,"","mirage_joint","pleiotropy","bfdr_observed_fdp",0.2,0
20260829,17,500,15,3000,3000,3000,3000,"fast","control_informative",0.18,8,0.01,"","mirage_joint","pleiotropy","bfdr_estimate",0.2,0
20260829,17,500,15,3000,3000,3000,3000,"fast","control_informative",0.18,8,0.01,"","mirage_joint","pleiotropy","bfdr_power",0.2,0
20260829,17,500,15,3000,3000,3000,3000,"fast","control_informative",0.18,8,0.01,"","mirage_joint","pleiotropy","bfdr_discoveries",0.2,0
20260829,17,500,15,3000,3000,3000,3000,"fast","control_informative",0.18,8,0.01,"","mirage_joint","global","runtime_seconds",NA,18.346
20260829,17,500,15,3000,3000,3000,3000,"fast","control_informative",0.18,8,0.01,"","mirage_joint","pleiotropy","pi11_estimate",NA,0.0347104093246665
20260829,17,500,15,3000,3000,3000,3000,"fast","control_informative",0.18,8,0.01,"","separate_mirage","trait1","auc",NA,0.690357894736842
20260829,17,500,15,3000,3000,3000,3000,"fast","control_informative",0.18,8,0.01,"","separate_mirage","trait2","auc",NA,0.681428571428571
20260829,17,500,15,3000,3000,3000,3000,"fast","control_informative",0.18,8,0.01,"","separate_mirage","pleiotropy","auc",NA,0.85979797979798
20260829,17,500,15,3000,3000,3000,3000,"fast","control_informative",0.18,8,0.01,"","separate_mirage","trait1","pp08_power",0.8,0.28
20260829,17,500,15,3000,3000,3000,3000,"fast","control_informative",0.18,8,0.01,"","separate_mirage","trait1","pp08_fdp",0.8,0.125
20260829,17,500,15,3000,3000,3000,3000,"fast","control_informative",0.18,8,0.01,"","separate_mirage","trait1","pp08_discoveries",0.8,8
20260829,17,500,15,3000,3000,3000,3000,"fast","control_informative",0.18,8,0.01,"","separate_mirage","trait2","pp08_power",0.8,0.2
20260829,17,500,15,3000,3000,3000,3000,"fast","control_informative",0.18,8,0.01,"","separate_mirage","trait2","pp08_fdp",0.8,0
20260829,17,500,15,3000,3000,3000,3000,"fast","control_informative",0.18,8,0.01,"","separate_mirage","trait2","pp08_discoveries",0.8,2
20260829,17,500,15,3000,3000,3000,3000,"fast","control_informative",0.18,8,0.01,"","separate_mirage","pleiotropy","pp08_power",0.8,0
20260829,17,500,15,3000,3000,3000,3000,"fast","control_informative",0.18,8,0.01,"","separate_mirage","pleiotropy","pp08_fdp",0.8,0
20260829,17,500,15,3000,3000,3000,3000,"fast","control_informative",0.18,8,0.01,"","separate_mirage","pleiotropy","pp08_discoveries",0.8,0
20260829,17,500,15,3000,3000,3000,3000,"fast","control_informative",0.18,8,0.01,"","separate_mirage","trait1","bfdr_observed_fdp",0.01,0
20260829,17,500,15,3000,3000,3000,3000,"fast","control_informative",0.18,8,0.01,"","separate_mirage","trait1","bfdr_estimate",0.01,0.00716094552958235
20260829,17,500,15,3000,3000,3000,3000,"fast","control_informative",0.18,8,0.01,"","separate_mirage","trait1","bfdr_power",0.01,0.12
20260829,17,500,15,3000,3000,3000,3000,"fast","control_informative",0.18,8,0.01,"","separate_mirage","trait1","bfdr_discoveries",0.01,3
20260829,17,500,15,3000,3000,3000,3000,"fast","control_informative",0.18,8,0.01,"","separate_mirage","trait1","bfdr_observed_fdp",0.05,0.125
20260829,17,500,15,3000,3000,3000,3000,"fast","control_informative",0.18,8,0.01,"","separate_mirage","trait1","bfdr_estimate",0.05,0.040987394739699
20260829,17,500,15,3000,3000,3000,3000,"fast","control_informative",0.18,8,0.01,"","separate_mirage","trait1","bfdr_power",0.05,0.28
20260829,17,500,15,3000,3000,3000,3000,"fast","control_informative",0.18,8,0.01,"","separate_mirage","trait1","bfdr_discoveries",0.05,8
20260829,17,500,15,3000,3000,3000,3000,"fast","control_informative",0.18,8,0.01,"","separate_mirage","trait1","bfdr_observed_fdp",0.1,0.1
20260829,17,500,15,3000,3000,3000,3000,"fast","control_informative",0.18,8,0.01,"","separate_mirage","trait1","bfdr_estimate",0.1,0.0887970834507415
20260829,17,500,15,3000,3000,3000,3000,"fast","control_informative",0.18,8,0.01,"","separate_mirage","trait1","bfdr_power",0.1,0.36
20260829,17,500,15,3000,3000,3000,3000,"fast","control_informative",0.18,8,0.01,"","separate_mirage","trait1","bfdr_discoveries",0.1,10
20260829,17,500,15,3000,3000,3000,3000,"fast","control_informative",0.18,8,0.01,"","separate_mirage","trait1","bfdr_observed_fdp",0.2,0.307692307692308
20260829,17,500,15,3000,3000,3000,3000,"fast","control_informative",0.18,8,0.01,"","separate_mirage","trait1","bfdr_estimate",0.2,0.171676308052338
20260829,17,500,15,3000,3000,3000,3000,"fast","control_informative",0.18,8,0.01,"","separate_mirage","trait1","bfdr_power",0.2,0.36
20260829,17,500,15,3000,3000,3000,3000,"fast","control_informative",0.18,8,0.01,"","separate_mirage","trait1","bfdr_discoveries",0.2,13
20260829,17,500,15,3000,3000,3000,3000,"fast","control_informative",0.18,8,0.01,"","separate_mirage","trait2","bfdr_observed_fdp",0.01,0
20260829,17,500,15,3000,3000,3000,3000,"fast","control_informative",0.18,8,0.01,"","separate_mirage","trait2","bfdr_estimate",0.01,5.11529618215656e-05
20260829,17,500,15,3000,3000,3000,3000,"fast","control_informative",0.18,8,0.01,"","separate_mirage","trait2","bfdr_power",0.01,0.1
20260829,17,500,15,3000,3000,3000,3000,"fast","control_informative",0.18,8,0.01,"","separate_mirage","trait2","bfdr_discoveries",0.01,1
20260829,17,500,15,3000,3000,3000,3000,"fast","control_informative",0.18,8,0.01,"","separate_mirage","trait2","bfdr_observed_fdp",0.05,0
20260829,17,500,15,3000,3000,3000,3000,"fast","control_informative",0.18,8,0.01,"","separate_mirage","trait2","bfdr_estimate",0.05,5.11529618215656e-05
20260829,17,500,15,3000,3000,3000,3000,"fast","control_informative",0.18,8,0.01,"","separate_mirage","trait2","bfdr_power",0.05,0.1
20260829,17,500,15,3000,3000,3000,3000,"fast","control_informative",0.18,8,0.01,"","separate_mirage","trait2","bfdr_discoveries",0.05,1
20260829,17,500,15,3000,3000,3000,3000,"fast","control_informative",0.18,8,0.01,"","separate_mirage","trait2","bfdr_observed_fdp",0.1,0
20260829,17,500,15,3000,3000,3000,3000,"fast","control_informative",0.18,8,0.01,"","separate_mirage","trait2","bfdr_estimate",0.1,0.0950647036230195
20260829,17,500,15,3000,3000,3000,3000,"fast","control_informative",0.18,8,0.01,"","separate_mirage","trait2","bfdr_power",0.1,0.2
20260829,17,500,15,3000,3000,3000,3000,"fast","control_informative",0.18,8,0.01,"","separate_mirage","trait2","bfdr_discoveries",0.1,2
20260829,17,500,15,3000,3000,3000,3000,"fast","control_informative",0.18,8,0.01,"","separate_mirage","trait2","bfdr_observed_fdp",0.2,0
20260829,17,500,15,3000,3000,3000,3000,"fast","control_informative",0.18,8,0.01,"","separate_mirage","trait2","bfdr_estimate",0.2,0.0950647036230195
20260829,17,500,15,3000,3000,3000,3000,"fast","control_informative",0.18,8,0.01,"","separate_mirage","trait2","bfdr_power",0.2,0.2
20260829,17,500,15,3000,3000,3000,3000,"fast","control_informative",0.18,8,0.01,"","separate_mirage","trait2","bfdr_discoveries",0.2,2
20260829,17,500,15,3000,3000,3000,3000,"fast","control_informative",0.18,8,0.01,"","separate_mirage","pleiotropy","bfdr_observed_fdp",0.01,0
20260829,17,500,15,3000,3000,3000,3000,"fast","control_informative",0.18,8,0.01,"","separate_mirage","pleiotropy","bfdr_estimate",0.01,0
20260829,17,500,15,3000,3000,3000,3000,"fast","control_informative",0.18,8,0.01,"","separate_mirage","pleiotropy","bfdr_power",0.01,0
20260829,17,500,15,3000,3000,3000,3000,"fast","control_informative",0.18,8,0.01,"","separate_mirage","pleiotropy","bfdr_discoveries",0.01,0
20260829,17,500,15,3000,3000,3000,3000,"fast","control_informative",0.18,8,0.01,"","separate_mirage","pleiotropy","bfdr_observed_fdp",0.05,0
20260829,17,500,15,3000,3000,3000,3000,"fast","control_informative",0.18,8,0.01,"","separate_mirage","pleiotropy","bfdr_estimate",0.05,0
20260829,17,500,15,3000,3000,3000,3000,"fast","control_informative",0.18,8,0.01,"","separate_mirage","pleiotropy","bfdr_power",0.05,0
20260829,17,500,15,3000,3000,3000,3000,"fast","control_informative",0.18,8,0.01,"","separate_mirage","pleiotropy","bfdr_discoveries",0.05,0
20260829,17,500,15,3000,3000,3000,3000,"fast","control_informative",0.18,8,0.01,"","separate_mirage","pleiotropy","bfdr_observed_fdp",0.1,0
20260829,17,500,15,3000,3000,3000,3000,"fast","control_informative",0.18,8,0.01,"","separate_mirage","pleiotropy","bfdr_estimate",0.1,0
20260829,17,500,15,3000,3000,3000,3000,"fast","control_informative",0.18,8,0.01,"","separate_mirage","pleiotropy","bfdr_power",0.1,0
20260829,17,500,15,3000,3000,3000,3000,"fast","control_informative",0.18,8,0.01,"","separate_mirage","pleiotropy","bfdr_discoveries",0.1,0
20260829,17,500,15,3000,3000,3000,3000,"fast","control_informative",0.18,8,0.01,"","separate_mirage","pleiotropy","bfdr_observed_fdp",0.2,0
20260829,17,500,15,3000,3000,3000,3000,"fast","control_informative",0.18,8,0.01,"","separate_mirage","pleiotropy","bfdr_estimate",0.2,0
20260829,17,500,15,3000,3000,3000,3000,"fast","control_informative",0.18,8,0.01,"","separate_mirage","pleiotropy","bfdr_power",0.2,0
20260829,17,500,15,3000,3000,3000,3000,"fast","control_informative",0.18,8,0.01,"","separate_mirage","pleiotropy","bfdr_discoveries",0.2,0
20260829,17,500,15,3000,3000,3000,3000,"fast","control_informative",0.18,8,0.01,"","separate_mirage","global","runtime_seconds",NA,18.3779999999999
20260829,17,500,15,3000,3000,3000,3000,"fast","control_informative",0.18,8,0.01,"","separate_mirage","pleiotropy","pi11_estimate",NA,0.001
20260829,17,500,15,3000,3000,3000,3000,"fast","control_informative",0.18,8,0.01,"","mtada_aggregated","trait1","auc",NA,0.582568421052632
20260829,17,500,15,3000,3000,3000,3000,"fast","control_informative",0.18,8,0.01,"","mtada_aggregated","trait2","auc",NA,0.653877551020408
20260829,17,500,15,3000,3000,3000,3000,"fast","control_informative",0.18,8,0.01,"","mtada_aggregated","pleiotropy","auc",NA,0.717171717171717
20260829,17,500,15,3000,3000,3000,3000,"fast","control_informative",0.18,8,0.01,"","mtada_aggregated","trait1","pp08_power",0.8,0.6
20260829,17,500,15,3000,3000,3000,3000,"fast","control_informative",0.18,8,0.01,"","mtada_aggregated","trait1","pp08_fdp",0.8,0.943396226415094
20260829,17,500,15,3000,3000,3000,3000,"fast","control_informative",0.18,8,0.01,"","mtada_aggregated","trait1","pp08_discoveries",0.8,265
20260829,17,500,15,3000,3000,3000,3000,"fast","control_informative",0.18,8,0.01,"","mtada_aggregated","trait2","pp08_power",0.8,0.6
20260829,17,500,15,3000,3000,3000,3000,"fast","control_informative",0.18,8,0.01,"","mtada_aggregated","trait2","pp08_fdp",0.8,0.9765625
20260829,17,500,15,3000,3000,3000,3000,"fast","control_informative",0.18,8,0.01,"","mtada_aggregated","trait2","pp08_discoveries",0.8,256
20260829,17,500,15,3000,3000,3000,3000,"fast","control_informative",0.18,8,0.01,"","mtada_aggregated","pleiotropy","pp08_power",0.8,0.4
20260829,17,500,15,3000,3000,3000,3000,"fast","control_informative",0.18,8,0.01,"","mtada_aggregated","pleiotropy","pp08_fdp",0.8,0.986842105263158
20260829,17,500,15,3000,3000,3000,3000,"fast","control_informative",0.18,8,0.01,"","mtada_aggregated","pleiotropy","pp08_discoveries",0.8,152
20260829,17,500,15,3000,3000,3000,3000,"fast","control_informative",0.18,8,0.01,"","mtada_aggregated","trait1","bfdr_observed_fdp",0.01,0.942084942084942
20260829,17,500,15,3000,3000,3000,3000,"fast","control_informative",0.18,8,0.01,"","mtada_aggregated","trait1","bfdr_estimate",0.01,0.00976981809986281
20260829,17,500,15,3000,3000,3000,3000,"fast","control_informative",0.18,8,0.01,"","mtada_aggregated","trait1","bfdr_power",0.01,0.6
20260829,17,500,15,3000,3000,3000,3000,"fast","control_informative",0.18,8,0.01,"","mtada_aggregated","trait1","bfdr_discoveries",0.01,259
20260829,17,500,15,3000,3000,3000,3000,"fast","control_informative",0.18,8,0.01,"","mtada_aggregated","trait1","bfdr_observed_fdp",0.05,0.938775510204082
20260829,17,500,15,3000,3000,3000,3000,"fast","control_informative",0.18,8,0.01,"","mtada_aggregated","trait1","bfdr_estimate",0.05,0.0487096609412761
20260829,17,500,15,3000,3000,3000,3000,"fast","control_informative",0.18,8,0.01,"","mtada_aggregated","trait1","bfdr_power",0.05,0.72
20260829,17,500,15,3000,3000,3000,3000,"fast","control_informative",0.18,8,0.01,"","mtada_aggregated","trait1","bfdr_discoveries",0.05,294
20260829,17,500,15,3000,3000,3000,3000,"fast","control_informative",0.18,8,0.01,"","mtada_aggregated","trait1","bfdr_observed_fdp",0.1,0.936908517350158
20260829,17,500,15,3000,3000,3000,3000,"fast","control_informative",0.18,8,0.01,"","mtada_aggregated","trait1","bfdr_estimate",0.1,0.0985271788470655
20260829,17,500,15,3000,3000,3000,3000,"fast","control_informative",0.18,8,0.01,"","mtada_aggregated","trait1","bfdr_power",0.1,0.8
20260829,17,500,15,3000,3000,3000,3000,"fast","control_informative",0.18,8,0.01,"","mtada_aggregated","trait1","bfdr_discoveries",0.1,317
20260829,17,500,15,3000,3000,3000,3000,"fast","control_informative",0.18,8,0.01,"","mtada_aggregated","trait1","bfdr_observed_fdp",0.2,0.944598337950138
20260829,17,500,15,3000,3000,3000,3000,"fast","control_informative",0.18,8,0.01,"","mtada_aggregated","trait1","bfdr_estimate",0.2,0.198013572755225
20260829,17,500,15,3000,3000,3000,3000,"fast","control_informative",0.18,8,0.01,"","mtada_aggregated","trait1","bfdr_power",0.2,0.8
20260829,17,500,15,3000,3000,3000,3000,"fast","control_informative",0.18,8,0.01,"","mtada_aggregated","trait1","bfdr_discoveries",0.2,361
20260829,17,500,15,3000,3000,3000,3000,"fast","control_informative",0.18,8,0.01,"","mtada_aggregated","trait2","bfdr_observed_fdp",0.01,0.976744186046512
20260829,17,500,15,3000,3000,3000,3000,"fast","control_informative",0.18,8,0.01,"","mtada_aggregated","trait2","bfdr_estimate",0.01,0.00993416039696158
20260829,17,500,15,3000,3000,3000,3000,"fast","control_informative",0.18,8,0.01,"","mtada_aggregated","trait2","bfdr_power",0.01,0.6
20260829,17,500,15,3000,3000,3000,3000,"fast","control_informative",0.18,8,0.01,"","mtada_aggregated","trait2","bfdr_discoveries",0.01,258
20260829,17,500,15,3000,3000,3000,3000,"fast","control_informative",0.18,8,0.01,"","mtada_aggregated","trait2","bfdr_observed_fdp",0.05,0.975438596491228
20260829,17,500,15,3000,3000,3000,3000,"fast","control_informative",0.18,8,0.01,"","mtada_aggregated","trait2","bfdr_estimate",0.05,0.0489133378814525
20260829,17,500,15,3000,3000,3000,3000,"fast","control_informative",0.18,8,0.01,"","mtada_aggregated","trait2","bfdr_power",0.05,0.7
20260829,17,500,15,3000,3000,3000,3000,"fast","control_informative",0.18,8,0.01,"","mtada_aggregated","trait2","bfdr_discoveries",0.05,285
20260829,17,500,15,3000,3000,3000,3000,"fast","control_informative",0.18,8,0.01,"","mtada_aggregated","trait2","bfdr_observed_fdp",0.1,0.973941368078176
20260829,17,500,15,3000,3000,3000,3000,"fast","control_informative",0.18,8,0.01,"","mtada_aggregated","trait2","bfdr_estimate",0.1,0.0991541963794764
20260829,17,500,15,3000,3000,3000,3000,"fast","control_informative",0.18,8,0.01,"","mtada_aggregated","trait2","bfdr_power",0.1,0.8
20260829,17,500,15,3000,3000,3000,3000,"fast","control_informative",0.18,8,0.01,"","mtada_aggregated","trait2","bfdr_discoveries",0.1,307
20260829,17,500,15,3000,3000,3000,3000,"fast","control_informative",0.18,8,0.01,"","mtada_aggregated","trait2","bfdr_observed_fdp",0.2,0.974212034383954
20260829,17,500,15,3000,3000,3000,3000,"fast","control_informative",0.18,8,0.01,"","mtada_aggregated","trait2","bfdr_estimate",0.2,0.198951671444028
20260829,17,500,15,3000,3000,3000,3000,"fast","control_informative",0.18,8,0.01,"","mtada_aggregated","trait2","bfdr_power",0.2,0.9
20260829,17,500,15,3000,3000,3000,3000,"fast","control_informative",0.18,8,0.01,"","mtada_aggregated","trait2","bfdr_discoveries",0.2,349
20260829,17,500,15,3000,3000,3000,3000,"fast","control_informative",0.18,8,0.01,"","mtada_aggregated","pleiotropy","bfdr_observed_fdp",0.01,0.985915492957746
20260829,17,500,15,3000,3000,3000,3000,"fast","control_informative",0.18,8,0.01,"","mtada_aggregated","pleiotropy","bfdr_estimate",0.01,0.00993703166237012
20260829,17,500,15,3000,3000,3000,3000,"fast","control_informative",0.18,8,0.01,"","mtada_aggregated","pleiotropy","bfdr_power",0.01,0.4
20260829,17,500,15,3000,3000,3000,3000,"fast","control_informative",0.18,8,0.01,"","mtada_aggregated","pleiotropy","bfdr_discoveries",0.01,142
20260829,17,500,15,3000,3000,3000,3000,"fast","control_informative",0.18,8,0.01,"","mtada_aggregated","pleiotropy","bfdr_observed_fdp",0.05,0.988304093567251
20260829,17,500,15,3000,3000,3000,3000,"fast","control_informative",0.18,8,0.01,"","mtada_aggregated","pleiotropy","bfdr_estimate",0.05,0.0499492131701752
20260829,17,500,15,3000,3000,3000,3000,"fast","control_informative",0.18,8,0.01,"","mtada_aggregated","pleiotropy","bfdr_power",0.05,0.4
20260829,17,500,15,3000,3000,3000,3000,"fast","control_informative",0.18,8,0.01,"","mtada_aggregated","pleiotropy","bfdr_discoveries",0.05,171
20260829,17,500,15,3000,3000,3000,3000,"fast","control_informative",0.18,8,0.01,"","mtada_aggregated","pleiotropy","bfdr_observed_fdp",0.1,0.984126984126984
20260829,17,500,15,3000,3000,3000,3000,"fast","control_informative",0.18,8,0.01,"","mtada_aggregated","pleiotropy","bfdr_estimate",0.1,0.0970880594197647
20260829,17,500,15,3000,3000,3000,3000,"fast","control_informative",0.18,8,0.01,"","mtada_aggregated","pleiotropy","bfdr_power",0.1,0.6
20260829,17,500,15,3000,3000,3000,3000,"fast","control_informative",0.18,8,0.01,"","mtada_aggregated","pleiotropy","bfdr_discoveries",0.1,189
20260829,17,500,15,3000,3000,3000,3000,"fast","control_informative",0.18,8,0.01,"","mtada_aggregated","pleiotropy","bfdr_observed_fdp",0.2,0.981981981981982
20260829,17,500,15,3000,3000,3000,3000,"fast","control_informative",0.18,8,0.01,"","mtada_aggregated","pleiotropy","bfdr_estimate",0.2,0.198080652945772
20260829,17,500,15,3000,3000,3000,3000,"fast","control_informative",0.18,8,0.01,"","mtada_aggregated","pleiotropy","bfdr_power",0.2,0.8
20260829,17,500,15,3000,3000,3000,3000,"fast","control_informative",0.18,8,0.01,"","mtada_aggregated","pleiotropy","bfdr_discoveries",0.2,222
20260829,17,500,15,3000,3000,3000,3000,"fast","control_informative",0.18,8,0.01,"","mtada_aggregated","global","runtime_seconds",NA,0.845000000000027
20260829,17,500,15,3000,3000,3000,3000,"fast","control_informative",0.18,8,0.01,"","mtada_aggregated","pleiotropy","pi11_estimate",NA,0.0089708
20260830,18,500,15,3000,3000,3000,3000,"fast","control_informative",0.18,8,0.01,"","mirage_joint","trait1","auc",NA,0.719326315789474
20260830,18,500,15,3000,3000,3000,3000,"fast","control_informative",0.18,8,0.01,"","mirage_joint","trait2","auc",NA,0.654489795918367
20260830,18,500,15,3000,3000,3000,3000,"fast","control_informative",0.18,8,0.01,"","mirage_joint","pleiotropy","auc",NA,0.877171717171717
20260830,18,500,15,3000,3000,3000,3000,"fast","control_informative",0.18,8,0.01,"","mirage_joint","trait1","pp08_power",0.8,0.04
20260830,18,500,15,3000,3000,3000,3000,"fast","control_informative",0.18,8,0.01,"","mirage_joint","trait1","pp08_fdp",0.8,0
20260830,18,500,15,3000,3000,3000,3000,"fast","control_informative",0.18,8,0.01,"","mirage_joint","trait1","pp08_discoveries",0.8,1
20260830,18,500,15,3000,3000,3000,3000,"fast","control_informative",0.18,8,0.01,"","mirage_joint","trait2","pp08_power",0.8,0.2
20260830,18,500,15,3000,3000,3000,3000,"fast","control_informative",0.18,8,0.01,"","mirage_joint","trait2","pp08_fdp",0.8,0
20260830,18,500,15,3000,3000,3000,3000,"fast","control_informative",0.18,8,0.01,"","mirage_joint","trait2","pp08_discoveries",0.8,2
20260830,18,500,15,3000,3000,3000,3000,"fast","control_informative",0.18,8,0.01,"","mirage_joint","pleiotropy","pp08_power",0.8,0
20260830,18,500,15,3000,3000,3000,3000,"fast","control_informative",0.18,8,0.01,"","mirage_joint","pleiotropy","pp08_fdp",0.8,0
20260830,18,500,15,3000,3000,3000,3000,"fast","control_informative",0.18,8,0.01,"","mirage_joint","pleiotropy","pp08_discoveries",0.8,0
20260830,18,500,15,3000,3000,3000,3000,"fast","control_informative",0.18,8,0.01,"","mirage_joint","trait1","bfdr_observed_fdp",0.01,0
20260830,18,500,15,3000,3000,3000,3000,"fast","control_informative",0.18,8,0.01,"","mirage_joint","trait1","bfdr_estimate",0.01,0.00369387419603628
20260830,18,500,15,3000,3000,3000,3000,"fast","control_informative",0.18,8,0.01,"","mirage_joint","trait1","bfdr_power",0.01,0.04
20260830,18,500,15,3000,3000,3000,3000,"fast","control_informative",0.18,8,0.01,"","mirage_joint","trait1","bfdr_discoveries",0.01,1
20260830,18,500,15,3000,3000,3000,3000,"fast","control_informative",0.18,8,0.01,"","mirage_joint","trait1","bfdr_observed_fdp",0.05,0
20260830,18,500,15,3000,3000,3000,3000,"fast","control_informative",0.18,8,0.01,"","mirage_joint","trait1","bfdr_estimate",0.05,0.00369387419603628
20260830,18,500,15,3000,3000,3000,3000,"fast","control_informative",0.18,8,0.01,"","mirage_joint","trait1","bfdr_power",0.05,0.04
20260830,18,500,15,3000,3000,3000,3000,"fast","control_informative",0.18,8,0.01,"","mirage_joint","trait1","bfdr_discoveries",0.05,1
20260830,18,500,15,3000,3000,3000,3000,"fast","control_informative",0.18,8,0.01,"","mirage_joint","trait1","bfdr_observed_fdp",0.1,0
20260830,18,500,15,3000,3000,3000,3000,"fast","control_informative",0.18,8,0.01,"","mirage_joint","trait1","bfdr_estimate",0.1,0.00369387419603628
20260830,18,500,15,3000,3000,3000,3000,"fast","control_informative",0.18,8,0.01,"","mirage_joint","trait1","bfdr_power",0.1,0.04
20260830,18,500,15,3000,3000,3000,3000,"fast","control_informative",0.18,8,0.01,"","mirage_joint","trait1","bfdr_discoveries",0.1,1
20260830,18,500,15,3000,3000,3000,3000,"fast","control_informative",0.18,8,0.01,"","mirage_joint","trait1","bfdr_observed_fdp",0.2,0.333333333333333
20260830,18,500,15,3000,3000,3000,3000,"fast","control_informative",0.18,8,0.01,"","mirage_joint","trait1","bfdr_estimate",0.2,0.183171651482374
20260830,18,500,15,3000,3000,3000,3000,"fast","control_informative",0.18,8,0.01,"","mirage_joint","trait1","bfdr_power",0.2,0.08
20260830,18,500,15,3000,3000,3000,3000,"fast","control_informative",0.18,8,0.01,"","mirage_joint","trait1","bfdr_discoveries",0.2,3
20260830,18,500,15,3000,3000,3000,3000,"fast","control_informative",0.18,8,0.01,"","mirage_joint","trait2","bfdr_observed_fdp",0.01,0
20260830,18,500,15,3000,3000,3000,3000,"fast","control_informative",0.18,8,0.01,"","mirage_joint","trait2","bfdr_estimate",0.01,5.75295366900264e-10
20260830,18,500,15,3000,3000,3000,3000,"fast","control_informative",0.18,8,0.01,"","mirage_joint","trait2","bfdr_power",0.01,0.2
20260830,18,500,15,3000,3000,3000,3000,"fast","control_informative",0.18,8,0.01,"","mirage_joint","trait2","bfdr_discoveries",0.01,2
20260830,18,500,15,3000,3000,3000,3000,"fast","control_informative",0.18,8,0.01,"","mirage_joint","trait2","bfdr_observed_fdp",0.05,0
20260830,18,500,15,3000,3000,3000,3000,"fast","control_informative",0.18,8,0.01,"","mirage_joint","trait2","bfdr_estimate",0.05,5.75295366900264e-10
20260830,18,500,15,3000,3000,3000,3000,"fast","control_informative",0.18,8,0.01,"","mirage_joint","trait2","bfdr_power",0.05,0.2
20260830,18,500,15,3000,3000,3000,3000,"fast","control_informative",0.18,8,0.01,"","mirage_joint","trait2","bfdr_discoveries",0.05,2
20260830,18,500,15,3000,3000,3000,3000,"fast","control_informative",0.18,8,0.01,"","mirage_joint","trait2","bfdr_observed_fdp",0.1,0
20260830,18,500,15,3000,3000,3000,3000,"fast","control_informative",0.18,8,0.01,"","mirage_joint","trait2","bfdr_estimate",0.1,5.75295366900264e-10
20260830,18,500,15,3000,3000,3000,3000,"fast","control_informative",0.18,8,0.01,"","mirage_joint","trait2","bfdr_power",0.1,0.2
20260830,18,500,15,3000,3000,3000,3000,"fast","control_informative",0.18,8,0.01,"","mirage_joint","trait2","bfdr_discoveries",0.1,2
20260830,18,500,15,3000,3000,3000,3000,"fast","control_informative",0.18,8,0.01,"","mirage_joint","trait2","bfdr_observed_fdp",0.2,0
20260830,18,500,15,3000,3000,3000,3000,"fast","control_informative",0.18,8,0.01,"","mirage_joint","trait2","bfdr_estimate",0.2,0.186246732532204
20260830,18,500,15,3000,3000,3000,3000,"fast","control_informative",0.18,8,0.01,"","mirage_joint","trait2","bfdr_power",0.2,0.3
20260830,18,500,15,3000,3000,3000,3000,"fast","control_informative",0.18,8,0.01,"","mirage_joint","trait2","bfdr_discoveries",0.2,3
20260830,18,500,15,3000,3000,3000,3000,"fast","control_informative",0.18,8,0.01,"","mirage_joint","pleiotropy","bfdr_observed_fdp",0.01,0
20260830,18,500,15,3000,3000,3000,3000,"fast","control_informative",0.18,8,0.01,"","mirage_joint","pleiotropy","bfdr_estimate",0.01,0
20260830,18,500,15,3000,3000,3000,3000,"fast","control_informative",0.18,8,0.01,"","mirage_joint","pleiotropy","bfdr_power",0.01,0
20260830,18,500,15,3000,3000,3000,3000,"fast","control_informative",0.18,8,0.01,"","mirage_joint","pleiotropy","bfdr_discoveries",0.01,0
20260830,18,500,15,3000,3000,3000,3000,"fast","control_informative",0.18,8,0.01,"","mirage_joint","pleiotropy","bfdr_observed_fdp",0.05,0
20260830,18,500,15,3000,3000,3000,3000,"fast","control_informative",0.18,8,0.01,"","mirage_joint","pleiotropy","bfdr_estimate",0.05,0
20260830,18,500,15,3000,3000,3000,3000,"fast","control_informative",0.18,8,0.01,"","mirage_joint","pleiotropy","bfdr_power",0.05,0
20260830,18,500,15,3000,3000,3000,3000,"fast","control_informative",0.18,8,0.01,"","mirage_joint","pleiotropy","bfdr_discoveries",0.05,0
20260830,18,500,15,3000,3000,3000,3000,"fast","control_informative",0.18,8,0.01,"","mirage_joint","pleiotropy","bfdr_observed_fdp",0.1,0
20260830,18,500,15,3000,3000,3000,3000,"fast","control_informative",0.18,8,0.01,"","mirage_joint","pleiotropy","bfdr_estimate",0.1,0
20260830,18,500,15,3000,3000,3000,3000,"fast","control_informative",0.18,8,0.01,"","mirage_joint","pleiotropy","bfdr_power",0.1,0
20260830,18,500,15,3000,3000,3000,3000,"fast","control_informative",0.18,8,0.01,"","mirage_joint","pleiotropy","bfdr_discoveries",0.1,0
20260830,18,500,15,3000,3000,3000,3000,"fast","control_informative",0.18,8,0.01,"","mirage_joint","pleiotropy","bfdr_observed_fdp",0.2,0
20260830,18,500,15,3000,3000,3000,3000,"fast","control_informative",0.18,8,0.01,"","mirage_joint","pleiotropy","bfdr_estimate",0.2,0
20260830,18,500,15,3000,3000,3000,3000,"fast","control_informative",0.18,8,0.01,"","mirage_joint","pleiotropy","bfdr_power",0.2,0
20260830,18,500,15,3000,3000,3000,3000,"fast","control_informative",0.18,8,0.01,"","mirage_joint","pleiotropy","bfdr_discoveries",0.2,0
20260830,18,500,15,3000,3000,3000,3000,"fast","control_informative",0.18,8,0.01,"","mirage_joint","global","runtime_seconds",NA,18.3960000000001
20260830,18,500,15,3000,3000,3000,3000,"fast","control_informative",0.18,8,0.01,"","mirage_joint","pleiotropy","pi11_estimate",NA,9.99855009582791e-07
20260830,18,500,15,3000,3000,3000,3000,"fast","control_informative",0.18,8,0.01,"","separate_mirage","trait1","auc",NA,0.718147368421053
20260830,18,500,15,3000,3000,3000,3000,"fast","control_informative",0.18,8,0.01,"","separate_mirage","trait2","auc",NA,0.681632653061224
20260830,18,500,15,3000,3000,3000,3000,"fast","control_informative",0.18,8,0.01,"","separate_mirage","pleiotropy","auc",NA,0.842424242424242
20260830,18,500,15,3000,3000,3000,3000,"fast","control_informative",0.18,8,0.01,"","separate_mirage","trait1","pp08_power",0.8,0.04
20260830,18,500,15,3000,3000,3000,3000,"fast","control_informative",0.18,8,0.01,"","separate_mirage","trait1","pp08_fdp",0.8,0
20260830,18,500,15,3000,3000,3000,3000,"fast","control_informative",0.18,8,0.01,"","separate_mirage","trait1","pp08_discoveries",0.8,1
20260830,18,500,15,3000,3000,3000,3000,"fast","control_informative",0.18,8,0.01,"","separate_mirage","trait2","pp08_power",0.8,0.2
20260830,18,500,15,3000,3000,3000,3000,"fast","control_informative",0.18,8,0.01,"","separate_mirage","trait2","pp08_fdp",0.8,0
20260830,18,500,15,3000,3000,3000,3000,"fast","control_informative",0.18,8,0.01,"","separate_mirage","trait2","pp08_discoveries",0.8,2
20260830,18,500,15,3000,3000,3000,3000,"fast","control_informative",0.18,8,0.01,"","separate_mirage","pleiotropy","pp08_power",0.8,0
20260830,18,500,15,3000,3000,3000,3000,"fast","control_informative",0.18,8,0.01,"","separate_mirage","pleiotropy","pp08_fdp",0.8,0
20260830,18,500,15,3000,3000,3000,3000,"fast","control_informative",0.18,8,0.01,"","separate_mirage","pleiotropy","pp08_discoveries",0.8,0
20260830,18,500,15,3000,3000,3000,3000,"fast","control_informative",0.18,8,0.01,"","separate_mirage","trait1","bfdr_observed_fdp",0.01,0
20260830,18,500,15,3000,3000,3000,3000,"fast","control_informative",0.18,8,0.01,"","separate_mirage","trait1","bfdr_estimate",0.01,0.00446495692490412
20260830,18,500,15,3000,3000,3000,3000,"fast","control_informative",0.18,8,0.01,"","separate_mirage","trait1","bfdr_power",0.01,0.04
20260830,18,500,15,3000,3000,3000,3000,"fast","control_informative",0.18,8,0.01,"","separate_mirage","trait1","bfdr_discoveries",0.01,1
20260830,18,500,15,3000,3000,3000,3000,"fast","control_informative",0.18,8,0.01,"","separate_mirage","trait1","bfdr_observed_fdp",0.05,0
20260830,18,500,15,3000,3000,3000,3000,"fast","control_informative",0.18,8,0.01,"","separate_mirage","trait1","bfdr_estimate",0.05,0.00446495692490412
20260830,18,500,15,3000,3000,3000,3000,"fast","control_informative",0.18,8,0.01,"","separate_mirage","trait1","bfdr_power",0.05,0.04
20260830,18,500,15,3000,3000,3000,3000,"fast","control_informative",0.18,8,0.01,"","separate_mirage","trait1","bfdr_discoveries",0.05,1
20260830,18,500,15,3000,3000,3000,3000,"fast","control_informative",0.18,8,0.01,"","separate_mirage","trait1","bfdr_observed_fdp",0.1,0
20260830,18,500,15,3000,3000,3000,3000,"fast","control_informative",0.18,8,0.01,"","separate_mirage","trait1","bfdr_estimate",0.1,0.00446495692490412
20260830,18,500,15,3000,3000,3000,3000,"fast","control_informative",0.18,8,0.01,"","separate_mirage","trait1","bfdr_power",0.1,0.04
20260830,18,500,15,3000,3000,3000,3000,"fast","control_informative",0.18,8,0.01,"","separate_mirage","trait1","bfdr_discoveries",0.1,1
20260830,18,500,15,3000,3000,3000,3000,"fast","control_informative",0.18,8,0.01,"","separate_mirage","trait1","bfdr_observed_fdp",0.2,0
20260830,18,500,15,3000,3000,3000,3000,"fast","control_informative",0.18,8,0.01,"","separate_mirage","trait1","bfdr_estimate",0.2,0.145968857257211
20260830,18,500,15,3000,3000,3000,3000,"fast","control_informative",0.18,8,0.01,"","separate_mirage","trait1","bfdr_power",0.2,0.08
20260830,18,500,15,3000,3000,3000,3000,"fast","control_informative",0.18,8,0.01,"","separate_mirage","trait1","bfdr_discoveries",0.2,2
20260830,18,500,15,3000,3000,3000,3000,"fast","control_informative",0.18,8,0.01,"","separate_mirage","trait2","bfdr_observed_fdp",0.01,0
20260830,18,500,15,3000,3000,3000,3000,"fast","control_informative",0.18,8,0.01,"","separate_mirage","trait2","bfdr_estimate",0.01,4.51020054637041e-10
20260830,18,500,15,3000,3000,3000,3000,"fast","control_informative",0.18,8,0.01,"","separate_mirage","trait2","bfdr_power",0.01,0.2
20260830,18,500,15,3000,3000,3000,3000,"fast","control_informative",0.18,8,0.01,"","separate_mirage","trait2","bfdr_discoveries",0.01,2
20260830,18,500,15,3000,3000,3000,3000,"fast","control_informative",0.18,8,0.01,"","separate_mirage","trait2","bfdr_observed_fdp",0.05,0
20260830,18,500,15,3000,3000,3000,3000,"fast","control_informative",0.18,8,0.01,"","separate_mirage","trait2","bfdr_estimate",0.05,4.51020054637041e-10
20260830,18,500,15,3000,3000,3000,3000,"fast","control_informative",0.18,8,0.01,"","separate_mirage","trait2","bfdr_power",0.05,0.2
20260830,18,500,15,3000,3000,3000,3000,"fast","control_informative",0.18,8,0.01,"","separate_mirage","trait2","bfdr_discoveries",0.05,2
20260830,18,500,15,3000,3000,3000,3000,"fast","control_informative",0.18,8,0.01,"","separate_mirage","trait2","bfdr_observed_fdp",0.1,0.333333333333333
20260830,18,500,15,3000,3000,3000,3000,"fast","control_informative",0.18,8,0.01,"","separate_mirage","trait2","bfdr_estimate",0.1,0.0992120686556503
20260830,18,500,15,3000,3000,3000,3000,"fast","control_informative",0.18,8,0.01,"","separate_mirage","trait2","bfdr_power",0.1,0.2
20260830,18,500,15,3000,3000,3000,3000,"fast","control_informative",0.18,8,0.01,"","separate_mirage","trait2","bfdr_discoveries",0.1,3
20260830,18,500,15,3000,3000,3000,3000,"fast","control_informative",0.18,8,0.01,"","separate_mirage","trait2","bfdr_observed_fdp",0.2,0.25
20260830,18,500,15,3000,3000,3000,3000,"fast","control_informative",0.18,8,0.01,"","separate_mirage","trait2","bfdr_estimate",0.2,0.189835590677027
20260830,18,500,15,3000,3000,3000,3000,"fast","control_informative",0.18,8,0.01,"","separate_mirage","trait2","bfdr_power",0.2,0.3
20260830,18,500,15,3000,3000,3000,3000,"fast","control_informative",0.18,8,0.01,"","separate_mirage","trait2","bfdr_discoveries",0.2,4
20260830,18,500,15,3000,3000,3000,3000,"fast","control_informative",0.18,8,0.01,"","separate_mirage","pleiotropy","bfdr_observed_fdp",0.01,0
20260830,18,500,15,3000,3000,3000,3000,"fast","control_informative",0.18,8,0.01,"","separate_mirage","pleiotropy","bfdr_estimate",0.01,0
20260830,18,500,15,3000,3000,3000,3000,"fast","control_informative",0.18,8,0.01,"","separate_mirage","pleiotropy","bfdr_power",0.01,0
20260830,18,500,15,3000,3000,3000,3000,"fast","control_informative",0.18,8,0.01,"","separate_mirage","pleiotropy","bfdr_discoveries",0.01,0
20260830,18,500,15,3000,3000,3000,3000,"fast","control_informative",0.18,8,0.01,"","separate_mirage","pleiotropy","bfdr_observed_fdp",0.05,0
20260830,18,500,15,3000,3000,3000,3000,"fast","control_informative",0.18,8,0.01,"","separate_mirage","pleiotropy","bfdr_estimate",0.05,0
20260830,18,500,15,3000,3000,3000,3000,"fast","control_informative",0.18,8,0.01,"","separate_mirage","pleiotropy","bfdr_power",0.05,0
20260830,18,500,15,3000,3000,3000,3000,"fast","control_informative",0.18,8,0.01,"","separate_mirage","pleiotropy","bfdr_discoveries",0.05,0
20260830,18,500,15,3000,3000,3000,3000,"fast","control_informative",0.18,8,0.01,"","separate_mirage","pleiotropy","bfdr_observed_fdp",0.1,0
20260830,18,500,15,3000,3000,3000,3000,"fast","control_informative",0.18,8,0.01,"","separate_mirage","pleiotropy","bfdr_estimate",0.1,0
20260830,18,500,15,3000,3000,3000,3000,"fast","control_informative",0.18,8,0.01,"","separate_mirage","pleiotropy","bfdr_power",0.1,0
20260830,18,500,15,3000,3000,3000,3000,"fast","control_informative",0.18,8,0.01,"","separate_mirage","pleiotropy","bfdr_discoveries",0.1,0
20260830,18,500,15,3000,3000,3000,3000,"fast","control_informative",0.18,8,0.01,"","separate_mirage","pleiotropy","bfdr_observed_fdp",0.2,0
20260830,18,500,15,3000,3000,3000,3000,"fast","control_informative",0.18,8,0.01,"","separate_mirage","pleiotropy","bfdr_estimate",0.2,0
20260830,18,500,15,3000,3000,3000,3000,"fast","control_informative",0.18,8,0.01,"","separate_mirage","pleiotropy","bfdr_power",0.2,0
20260830,18,500,15,3000,3000,3000,3000,"fast","control_informative",0.18,8,0.01,"","separate_mirage","pleiotropy","bfdr_discoveries",0.2,0
20260830,18,500,15,3000,3000,3000,3000,"fast","control_informative",0.18,8,0.01,"","separate_mirage","global","runtime_seconds",NA,18.398
20260830,18,500,15,3000,3000,3000,3000,"fast","control_informative",0.18,8,0.01,"","separate_mirage","pleiotropy","pi11_estimate",NA,0.001
20260830,18,500,15,3000,3000,3000,3000,"fast","control_informative",0.18,8,0.01,"","mtada_aggregated","trait1","auc",NA,0.566947368421053
20260830,18,500,15,3000,3000,3000,3000,"fast","control_informative",0.18,8,0.01,"","mtada_aggregated","trait2","auc",NA,0.561734693877551
20260830,18,500,15,3000,3000,3000,3000,"fast","control_informative",0.18,8,0.01,"","mtada_aggregated","pleiotropy","auc",NA,0.512525252525252
20260830,18,500,15,3000,3000,3000,3000,"fast","control_informative",0.18,8,0.01,"","mtada_aggregated","trait1","pp08_power",0.8,0.6
20260830,18,500,15,3000,3000,3000,3000,"fast","control_informative",0.18,8,0.01,"","mtada_aggregated","trait1","pp08_fdp",0.8,0.947552447552448
20260830,18,500,15,3000,3000,3000,3000,"fast","control_informative",0.18,8,0.01,"","mtada_aggregated","trait1","pp08_discoveries",0.8,286
20260830,18,500,15,3000,3000,3000,3000,"fast","control_informative",0.18,8,0.01,"","mtada_aggregated","trait2","pp08_power",0.8,0.5
20260830,18,500,15,3000,3000,3000,3000,"fast","control_informative",0.18,8,0.01,"","mtada_aggregated","trait2","pp08_fdp",0.8,0.980769230769231
20260830,18,500,15,3000,3000,3000,3000,"fast","control_informative",0.18,8,0.01,"","mtada_aggregated","trait2","pp08_discoveries",0.8,260
20260830,18,500,15,3000,3000,3000,3000,"fast","control_informative",0.18,8,0.01,"","mtada_aggregated","pleiotropy","pp08_power",0.8,0.2
20260830,18,500,15,3000,3000,3000,3000,"fast","control_informative",0.18,8,0.01,"","mtada_aggregated","pleiotropy","pp08_fdp",0.8,0.993670886075949
20260830,18,500,15,3000,3000,3000,3000,"fast","control_informative",0.18,8,0.01,"","mtada_aggregated","pleiotropy","pp08_discoveries",0.8,158
20260830,18,500,15,3000,3000,3000,3000,"fast","control_informative",0.18,8,0.01,"","mtada_aggregated","trait1","bfdr_observed_fdp",0.01,0.94661921708185
20260830,18,500,15,3000,3000,3000,3000,"fast","control_informative",0.18,8,0.01,"","mtada_aggregated","trait1","bfdr_estimate",0.01,0.00955713339747819
20260830,18,500,15,3000,3000,3000,3000,"fast","control_informative",0.18,8,0.01,"","mtada_aggregated","trait1","bfdr_power",0.01,0.6
20260830,18,500,15,3000,3000,3000,3000,"fast","control_informative",0.18,8,0.01,"","mtada_aggregated","trait1","bfdr_discoveries",0.01,281
20260830,18,500,15,3000,3000,3000,3000,"fast","control_informative",0.18,8,0.01,"","mtada_aggregated","trait1","bfdr_observed_fdp",0.05,0.94551282051282
20260830,18,500,15,3000,3000,3000,3000,"fast","control_informative",0.18,8,0.01,"","mtada_aggregated","trait1","bfdr_estimate",0.05,0.049427716233396
20260830,18,500,15,3000,3000,3000,3000,"fast","control_informative",0.18,8,0.01,"","mtada_aggregated","trait1","bfdr_power",0.05,0.68
20260830,18,500,15,3000,3000,3000,3000,"fast","control_informative",0.18,8,0.01,"","mtada_aggregated","trait1","bfdr_discoveries",0.05,312
20260830,18,500,15,3000,3000,3000,3000,"fast","control_informative",0.18,8,0.01,"","mtada_aggregated","trait1","bfdr_observed_fdp",0.1,0.946107784431138
20260830,18,500,15,3000,3000,3000,3000,"fast","control_informative",0.18,8,0.01,"","mtada_aggregated","trait1","bfdr_estimate",0.1,0.0996845007237333
20260830,18,500,15,3000,3000,3000,3000,"fast","control_informative",0.18,8,0.01,"","mtada_aggregated","trait1","bfdr_power",0.1,0.72
20260830,18,500,15,3000,3000,3000,3000,"fast","control_informative",0.18,8,0.01,"","mtada_aggregated","trait1","bfdr_discoveries",0.1,334
20260830,18,500,15,3000,3000,3000,3000,"fast","control_informative",0.18,8,0.01,"","mtada_aggregated","trait1","bfdr_observed_fdp",0.2,0.941952506596306
20260830,18,500,15,3000,3000,3000,3000,"fast","control_informative",0.18,8,0.01,"","mtada_aggregated","trait1","bfdr_estimate",0.2,0.199026189135444
20260830,18,500,15,3000,3000,3000,3000,"fast","control_informative",0.18,8,0.01,"","mtada_aggregated","trait1","bfdr_power",0.2,0.88
20260830,18,500,15,3000,3000,3000,3000,"fast","control_informative",0.18,8,0.01,"","mtada_aggregated","trait1","bfdr_discoveries",0.2,379
20260830,18,500,15,3000,3000,3000,3000,"fast","control_informative",0.18,8,0.01,"","mtada_aggregated","trait2","bfdr_observed_fdp",0.01,0.980544747081712
20260830,18,500,15,3000,3000,3000,3000,"fast","control_informative",0.18,8,0.01,"","mtada_aggregated","trait2","bfdr_estimate",0.01,0.00996031471353803
20260830,18,500,15,3000,3000,3000,3000,"fast","control_informative",0.18,8,0.01,"","mtada_aggregated","trait2","bfdr_power",0.01,0.5
20260830,18,500,15,3000,3000,3000,3000,"fast","control_informative",0.18,8,0.01,"","mtada_aggregated","trait2","bfdr_discoveries",0.01,257
20260830,18,500,15,3000,3000,3000,3000,"fast","control_informative",0.18,8,0.01,"","mtada_aggregated","trait2","bfdr_observed_fdp",0.05,0.982332155477032
20260830,18,500,15,3000,3000,3000,3000,"fast","control_informative",0.18,8,0.01,"","mtada_aggregated","trait2","bfdr_estimate",0.05,0.0480825534265788
20260830,18,500,15,3000,3000,3000,3000,"fast","control_informative",0.18,8,0.01,"","mtada_aggregated","trait2","bfdr_power",0.05,0.5
20260830,18,500,15,3000,3000,3000,3000,"fast","control_informative",0.18,8,0.01,"","mtada_aggregated","trait2","bfdr_discoveries",0.05,283
20260830,18,500,15,3000,3000,3000,3000,"fast","control_informative",0.18,8,0.01,"","mtada_aggregated","trait2","bfdr_observed_fdp",0.1,0.980263157894737
20260830,18,500,15,3000,3000,3000,3000,"fast","control_informative",0.18,8,0.01,"","mtada_aggregated","trait2","bfdr_estimate",0.1,0.0980385391944159
20260830,18,500,15,3000,3000,3000,3000,"fast","control_informative",0.18,8,0.01,"","mtada_aggregated","trait2","bfdr_power",0.1,0.6
20260830,18,500,15,3000,3000,3000,3000,"fast","control_informative",0.18,8,0.01,"","mtada_aggregated","trait2","bfdr_discoveries",0.1,304
20260830,18,500,15,3000,3000,3000,3000,"fast","control_informative",0.18,8,0.01,"","mtada_aggregated","trait2","bfdr_observed_fdp",0.2,0.982608695652174
20260830,18,500,15,3000,3000,3000,3000,"fast","control_informative",0.18,8,0.01,"","mtada_aggregated","trait2","bfdr_estimate",0.2,0.198810049396741
20260830,18,500,15,3000,3000,3000,3000,"fast","control_informative",0.18,8,0.01,"","mtada_aggregated","trait2","bfdr_power",0.2,0.6
20260830,18,500,15,3000,3000,3000,3000,"fast","control_informative",0.18,8,0.01,"","mtada_aggregated","trait2","bfdr_discoveries",0.2,345
20260830,18,500,15,3000,3000,3000,3000,"fast","control_informative",0.18,8,0.01,"","mtada_aggregated","pleiotropy","bfdr_observed_fdp",0.01,0.99290780141844
20260830,18,500,15,3000,3000,3000,3000,"fast","control_informative",0.18,8,0.01,"","mtada_aggregated","pleiotropy","bfdr_estimate",0.01,0.00961177968737355
20260830,18,500,15,3000,3000,3000,3000,"fast","control_informative",0.18,8,0.01,"","mtada_aggregated","pleiotropy","bfdr_power",0.01,0.2
20260830,18,500,15,3000,3000,3000,3000,"fast","control_informative",0.18,8,0.01,"","mtada_aggregated","pleiotropy","bfdr_discoveries",0.01,141
20260830,18,500,15,3000,3000,3000,3000,"fast","control_informative",0.18,8,0.01,"","mtada_aggregated","pleiotropy","bfdr_observed_fdp",0.05,0.994117647058824
20260830,18,500,15,3000,3000,3000,3000,"fast","control_informative",0.18,8,0.01,"","mtada_aggregated","pleiotropy","bfdr_estimate",0.05,0.0476000542614125
20260830,18,500,15,3000,3000,3000,3000,"fast","control_informative",0.18,8,0.01,"","mtada_aggregated","pleiotropy","bfdr_power",0.05,0.2
20260830,18,500,15,3000,3000,3000,3000,"fast","control_informative",0.18,8,0.01,"","mtada_aggregated","pleiotropy","bfdr_discoveries",0.05,170
20260830,18,500,15,3000,3000,3000,3000,"fast","control_informative",0.18,8,0.01,"","mtada_aggregated","pleiotropy","bfdr_observed_fdp",0.1,0.994652406417112
20260830,18,500,15,3000,3000,3000,3000,"fast","control_informative",0.18,8,0.01,"","mtada_aggregated","pleiotropy","bfdr_estimate",0.1,0.0997749452272128
20260830,18,500,15,3000,3000,3000,3000,"fast","control_informative",0.18,8,0.01,"","mtada_aggregated","pleiotropy","bfdr_power",0.1,0.2
20260830,18,500,15,3000,3000,3000,3000,"fast","control_informative",0.18,8,0.01,"","mtada_aggregated","pleiotropy","bfdr_discoveries",0.1,187
20260830,18,500,15,3000,3000,3000,3000,"fast","control_informative",0.18,8,0.01,"","mtada_aggregated","pleiotropy","bfdr_observed_fdp",0.2,0.99537037037037
20260830,18,500,15,3000,3000,3000,3000,"fast","control_informative",0.18,8,0.01,"","mtada_aggregated","pleiotropy","bfdr_estimate",0.2,0.198573182433122
20260830,18,500,15,3000,3000,3000,3000,"fast","control_informative",0.18,8,0.01,"","mtada_aggregated","pleiotropy","bfdr_power",0.2,0.2
20260830,18,500,15,3000,3000,3000,3000,"fast","control_informative",0.18,8,0.01,"","mtada_aggregated","pleiotropy","bfdr_discoveries",0.2,216
20260830,18,500,15,3000,3000,3000,3000,"fast","control_informative",0.18,8,0.01,"","mtada_aggregated","global","runtime_seconds",NA,0.952999999999975
20260830,18,500,15,3000,3000,3000,3000,"fast","control_informative",0.18,8,0.01,"","mtada_aggregated","pleiotropy","pi11_estimate",NA,0.00818294
20260831,19,500,15,3000,3000,3000,3000,"fast","control_informative",0.18,8,0.01,"","mirage_joint","trait1","auc",NA,0.708463157894737
20260831,19,500,15,3000,3000,3000,3000,"fast","control_informative",0.18,8,0.01,"","mirage_joint","trait2","auc",NA,0.52734693877551
20260831,19,500,15,3000,3000,3000,3000,"fast","control_informative",0.18,8,0.01,"","mirage_joint","pleiotropy","auc",NA,0.524040404040404
20260831,19,500,15,3000,3000,3000,3000,"fast","control_informative",0.18,8,0.01,"","mirage_joint","trait1","pp08_power",0.8,0.16
20260831,19,500,15,3000,3000,3000,3000,"fast","control_informative",0.18,8,0.01,"","mirage_joint","trait1","pp08_fdp",0.8,0
20260831,19,500,15,3000,3000,3000,3000,"fast","control_informative",0.18,8,0.01,"","mirage_joint","trait1","pp08_discoveries",0.8,4
20260831,19,500,15,3000,3000,3000,3000,"fast","control_informative",0.18,8,0.01,"","mirage_joint","trait2","pp08_power",0.8,0
20260831,19,500,15,3000,3000,3000,3000,"fast","control_informative",0.18,8,0.01,"","mirage_joint","trait2","pp08_fdp",0.8,0
20260831,19,500,15,3000,3000,3000,3000,"fast","control_informative",0.18,8,0.01,"","mirage_joint","trait2","pp08_discoveries",0.8,0
20260831,19,500,15,3000,3000,3000,3000,"fast","control_informative",0.18,8,0.01,"","mirage_joint","pleiotropy","pp08_power",0.8,0
20260831,19,500,15,3000,3000,3000,3000,"fast","control_informative",0.18,8,0.01,"","mirage_joint","pleiotropy","pp08_fdp",0.8,0
20260831,19,500,15,3000,3000,3000,3000,"fast","control_informative",0.18,8,0.01,"","mirage_joint","pleiotropy","pp08_discoveries",0.8,0
20260831,19,500,15,3000,3000,3000,3000,"fast","control_informative",0.18,8,0.01,"","mirage_joint","trait1","bfdr_observed_fdp",0.01,0
20260831,19,500,15,3000,3000,3000,3000,"fast","control_informative",0.18,8,0.01,"","mirage_joint","trait1","bfdr_estimate",0.01,1.64109184130901e-07
20260831,19,500,15,3000,3000,3000,3000,"fast","control_informative",0.18,8,0.01,"","mirage_joint","trait1","bfdr_power",0.01,0.04
20260831,19,500,15,3000,3000,3000,3000,"fast","control_informative",0.18,8,0.01,"","mirage_joint","trait1","bfdr_discoveries",0.01,1
20260831,19,500,15,3000,3000,3000,3000,"fast","control_informative",0.18,8,0.01,"","mirage_joint","trait1","bfdr_observed_fdp",0.05,0
20260831,19,500,15,3000,3000,3000,3000,"fast","control_informative",0.18,8,0.01,"","mirage_joint","trait1","bfdr_estimate",0.05,0.0346492256373236
20260831,19,500,15,3000,3000,3000,3000,"fast","control_informative",0.18,8,0.01,"","mirage_joint","trait1","bfdr_power",0.05,0.16
20260831,19,500,15,3000,3000,3000,3000,"fast","control_informative",0.18,8,0.01,"","mirage_joint","trait1","bfdr_discoveries",0.05,4
20260831,19,500,15,3000,3000,3000,3000,"fast","control_informative",0.18,8,0.01,"","mirage_joint","trait1","bfdr_observed_fdp",0.1,0
20260831,19,500,15,3000,3000,3000,3000,"fast","control_informative",0.18,8,0.01,"","mirage_joint","trait1","bfdr_estimate",0.1,0.0823839201506523
20260831,19,500,15,3000,3000,3000,3000,"fast","control_informative",0.18,8,0.01,"","mirage_joint","trait1","bfdr_power",0.1,0.2
20260831,19,500,15,3000,3000,3000,3000,"fast","control_informative",0.18,8,0.01,"","mirage_joint","trait1","bfdr_discoveries",0.1,5
20260831,19,500,15,3000,3000,3000,3000,"fast","control_informative",0.18,8,0.01,"","mirage_joint","trait1","bfdr_observed_fdp",0.2,0.285714285714286
20260831,19,500,15,3000,3000,3000,3000,"fast","control_informative",0.18,8,0.01,"","mirage_joint","trait1","bfdr_estimate",0.2,0.167679294999606
20260831,19,500,15,3000,3000,3000,3000,"fast","control_informative",0.18,8,0.01,"","mirage_joint","trait1","bfdr_power",0.2,0.2
20260831,19,500,15,3000,3000,3000,3000,"fast","control_informative",0.18,8,0.01,"","mirage_joint","trait1","bfdr_discoveries",0.2,7
20260831,19,500,15,3000,3000,3000,3000,"fast","control_informative",0.18,8,0.01,"","mirage_joint","trait2","bfdr_observed_fdp",0.01,0
20260831,19,500,15,3000,3000,3000,3000,"fast","control_informative",0.18,8,0.01,"","mirage_joint","trait2","bfdr_estimate",0.01,0
20260831,19,500,15,3000,3000,3000,3000,"fast","control_informative",0.18,8,0.01,"","mirage_joint","trait2","bfdr_power",0.01,0
20260831,19,500,15,3000,3000,3000,3000,"fast","control_informative",0.18,8,0.01,"","mirage_joint","trait2","bfdr_discoveries",0.01,0
20260831,19,500,15,3000,3000,3000,3000,"fast","control_informative",0.18,8,0.01,"","mirage_joint","trait2","bfdr_observed_fdp",0.05,0
20260831,19,500,15,3000,3000,3000,3000,"fast","control_informative",0.18,8,0.01,"","mirage_joint","trait2","bfdr_estimate",0.05,0
20260831,19,500,15,3000,3000,3000,3000,"fast","control_informative",0.18,8,0.01,"","mirage_joint","trait2","bfdr_power",0.05,0
20260831,19,500,15,3000,3000,3000,3000,"fast","control_informative",0.18,8,0.01,"","mirage_joint","trait2","bfdr_discoveries",0.05,0
20260831,19,500,15,3000,3000,3000,3000,"fast","control_informative",0.18,8,0.01,"","mirage_joint","trait2","bfdr_observed_fdp",0.1,0
20260831,19,500,15,3000,3000,3000,3000,"fast","control_informative",0.18,8,0.01,"","mirage_joint","trait2","bfdr_estimate",0.1,0
20260831,19,500,15,3000,3000,3000,3000,"fast","control_informative",0.18,8,0.01,"","mirage_joint","trait2","bfdr_power",0.1,0
20260831,19,500,15,3000,3000,3000,3000,"fast","control_informative",0.18,8,0.01,"","mirage_joint","trait2","bfdr_discoveries",0.1,0
20260831,19,500,15,3000,3000,3000,3000,"fast","control_informative",0.18,8,0.01,"","mirage_joint","trait2","bfdr_observed_fdp",0.2,0
20260831,19,500,15,3000,3000,3000,3000,"fast","control_informative",0.18,8,0.01,"","mirage_joint","trait2","bfdr_estimate",0.2,0
20260831,19,500,15,3000,3000,3000,3000,"fast","control_informative",0.18,8,0.01,"","mirage_joint","trait2","bfdr_power",0.2,0
20260831,19,500,15,3000,3000,3000,3000,"fast","control_informative",0.18,8,0.01,"","mirage_joint","trait2","bfdr_discoveries",0.2,0
20260831,19,500,15,3000,3000,3000,3000,"fast","control_informative",0.18,8,0.01,"","mirage_joint","pleiotropy","bfdr_observed_fdp",0.01,0
20260831,19,500,15,3000,3000,3000,3000,"fast","control_informative",0.18,8,0.01,"","mirage_joint","pleiotropy","bfdr_estimate",0.01,0
20260831,19,500,15,3000,3000,3000,3000,"fast","control_informative",0.18,8,0.01,"","mirage_joint","pleiotropy","bfdr_power",0.01,0
20260831,19,500,15,3000,3000,3000,3000,"fast","control_informative",0.18,8,0.01,"","mirage_joint","pleiotropy","bfdr_discoveries",0.01,0
20260831,19,500,15,3000,3000,3000,3000,"fast","control_informative",0.18,8,0.01,"","mirage_joint","pleiotropy","bfdr_observed_fdp",0.05,0
20260831,19,500,15,3000,3000,3000,3000,"fast","control_informative",0.18,8,0.01,"","mirage_joint","pleiotropy","bfdr_estimate",0.05,0
20260831,19,500,15,3000,3000,3000,3000,"fast","control_informative",0.18,8,0.01,"","mirage_joint","pleiotropy","bfdr_power",0.05,0
20260831,19,500,15,3000,3000,3000,3000,"fast","control_informative",0.18,8,0.01,"","mirage_joint","pleiotropy","bfdr_discoveries",0.05,0
20260831,19,500,15,3000,3000,3000,3000,"fast","control_informative",0.18,8,0.01,"","mirage_joint","pleiotropy","bfdr_observed_fdp",0.1,0
20260831,19,500,15,3000,3000,3000,3000,"fast","control_informative",0.18,8,0.01,"","mirage_joint","pleiotropy","bfdr_estimate",0.1,0
20260831,19,500,15,3000,3000,3000,3000,"fast","control_informative",0.18,8,0.01,"","mirage_joint","pleiotropy","bfdr_power",0.1,0
20260831,19,500,15,3000,3000,3000,3000,"fast","control_informative",0.18,8,0.01,"","mirage_joint","pleiotropy","bfdr_discoveries",0.1,0
20260831,19,500,15,3000,3000,3000,3000,"fast","control_informative",0.18,8,0.01,"","mirage_joint","pleiotropy","bfdr_observed_fdp",0.2,0
20260831,19,500,15,3000,3000,3000,3000,"fast","control_informative",0.18,8,0.01,"","mirage_joint","pleiotropy","bfdr_estimate",0.2,0
20260831,19,500,15,3000,3000,3000,3000,"fast","control_informative",0.18,8,0.01,"","mirage_joint","pleiotropy","bfdr_power",0.2,0
20260831,19,500,15,3000,3000,3000,3000,"fast","control_informative",0.18,8,0.01,"","mirage_joint","pleiotropy","bfdr_discoveries",0.2,0
20260831,19,500,15,3000,3000,3000,3000,"fast","control_informative",0.18,8,0.01,"","mirage_joint","global","runtime_seconds",NA,18.578
20260831,19,500,15,3000,3000,3000,3000,"fast","control_informative",0.18,8,0.01,"","mirage_joint","pleiotropy","pi11_estimate",NA,0.0013339338939783
20260831,19,500,15,3000,3000,3000,3000,"fast","control_informative",0.18,8,0.01,"","separate_mirage","trait1","auc",NA,0.712673684210526
20260831,19,500,15,3000,3000,3000,3000,"fast","control_informative",0.18,8,0.01,"","separate_mirage","trait2","auc",NA,0.456326530612245
20260831,19,500,15,3000,3000,3000,3000,"fast","control_informative",0.18,8,0.01,"","separate_mirage","pleiotropy","auc",NA,0.701818181818182
20260831,19,500,15,3000,3000,3000,3000,"fast","control_informative",0.18,8,0.01,"","separate_mirage","trait1","pp08_power",0.8,0.16
20260831,19,500,15,3000,3000,3000,3000,"fast","control_informative",0.18,8,0.01,"","separate_mirage","trait1","pp08_fdp",0.8,0
20260831,19,500,15,3000,3000,3000,3000,"fast","control_informative",0.18,8,0.01,"","separate_mirage","trait1","pp08_discoveries",0.8,4
20260831,19,500,15,3000,3000,3000,3000,"fast","control_informative",0.18,8,0.01,"","separate_mirage","trait2","pp08_power",0.8,0
20260831,19,500,15,3000,3000,3000,3000,"fast","control_informative",0.18,8,0.01,"","separate_mirage","trait2","pp08_fdp",0.8,0
20260831,19,500,15,3000,3000,3000,3000,"fast","control_informative",0.18,8,0.01,"","separate_mirage","trait2","pp08_discoveries",0.8,0
20260831,19,500,15,3000,3000,3000,3000,"fast","control_informative",0.18,8,0.01,"","separate_mirage","pleiotropy","pp08_power",0.8,0
20260831,19,500,15,3000,3000,3000,3000,"fast","control_informative",0.18,8,0.01,"","separate_mirage","pleiotropy","pp08_fdp",0.8,0
20260831,19,500,15,3000,3000,3000,3000,"fast","control_informative",0.18,8,0.01,"","separate_mirage","pleiotropy","pp08_discoveries",0.8,0
20260831,19,500,15,3000,3000,3000,3000,"fast","control_informative",0.18,8,0.01,"","separate_mirage","trait1","bfdr_observed_fdp",0.01,0
20260831,19,500,15,3000,3000,3000,3000,"fast","control_informative",0.18,8,0.01,"","separate_mirage","trait1","bfdr_estimate",0.01,1.98781915594637e-07
20260831,19,500,15,3000,3000,3000,3000,"fast","control_informative",0.18,8,0.01,"","separate_mirage","trait1","bfdr_power",0.01,0.04
20260831,19,500,15,3000,3000,3000,3000,"fast","control_informative",0.18,8,0.01,"","separate_mirage","trait1","bfdr_discoveries",0.01,1
20260831,19,500,15,3000,3000,3000,3000,"fast","control_informative",0.18,8,0.01,"","separate_mirage","trait1","bfdr_observed_fdp",0.05,0
20260831,19,500,15,3000,3000,3000,3000,"fast","control_informative",0.18,8,0.01,"","separate_mirage","trait1","bfdr_estimate",0.05,0.0415249612844717
20260831,19,500,15,3000,3000,3000,3000,"fast","control_informative",0.18,8,0.01,"","separate_mirage","trait1","bfdr_power",0.05,0.16
20260831,19,500,15,3000,3000,3000,3000,"fast","control_informative",0.18,8,0.01,"","separate_mirage","trait1","bfdr_discoveries",0.05,4
20260831,19,500,15,3000,3000,3000,3000,"fast","control_informative",0.18,8,0.01,"","separate_mirage","trait1","bfdr_observed_fdp",0.1,0
20260831,19,500,15,3000,3000,3000,3000,"fast","control_informative",0.18,8,0.01,"","separate_mirage","trait1","bfdr_estimate",0.1,0.0887431061897366
20260831,19,500,15,3000,3000,3000,3000,"fast","control_informative",0.18,8,0.01,"","separate_mirage","trait1","bfdr_power",0.1,0.2
20260831,19,500,15,3000,3000,3000,3000,"fast","control_informative",0.18,8,0.01,"","separate_mirage","trait1","bfdr_discoveries",0.1,5
20260831,19,500,15,3000,3000,3000,3000,"fast","control_informative",0.18,8,0.01,"","separate_mirage","trait1","bfdr_observed_fdp",0.2,0.142857142857143
20260831,19,500,15,3000,3000,3000,3000,"fast","control_informative",0.18,8,0.01,"","separate_mirage","trait1","bfdr_estimate",0.2,0.166439205604415
20260831,19,500,15,3000,3000,3000,3000,"fast","control_informative",0.18,8,0.01,"","separate_mirage","trait1","bfdr_power",0.2,0.24
20260831,19,500,15,3000,3000,3000,3000,"fast","control_informative",0.18,8,0.01,"","separate_mirage","trait1","bfdr_discoveries",0.2,7
20260831,19,500,15,3000,3000,3000,3000,"fast","control_informative",0.18,8,0.01,"","separate_mirage","trait2","bfdr_observed_fdp",0.01,0
20260831,19,500,15,3000,3000,3000,3000,"fast","control_informative",0.18,8,0.01,"","separate_mirage","trait2","bfdr_estimate",0.01,0
20260831,19,500,15,3000,3000,3000,3000,"fast","control_informative",0.18,8,0.01,"","separate_mirage","trait2","bfdr_power",0.01,0
20260831,19,500,15,3000,3000,3000,3000,"fast","control_informative",0.18,8,0.01,"","separate_mirage","trait2","bfdr_discoveries",0.01,0
20260831,19,500,15,3000,3000,3000,3000,"fast","control_informative",0.18,8,0.01,"","separate_mirage","trait2","bfdr_observed_fdp",0.05,0
20260831,19,500,15,3000,3000,3000,3000,"fast","control_informative",0.18,8,0.01,"","separate_mirage","trait2","bfdr_estimate",0.05,0
20260831,19,500,15,3000,3000,3000,3000,"fast","control_informative",0.18,8,0.01,"","separate_mirage","trait2","bfdr_power",0.05,0
20260831,19,500,15,3000,3000,3000,3000,"fast","control_informative",0.18,8,0.01,"","separate_mirage","trait2","bfdr_discoveries",0.05,0
20260831,19,500,15,3000,3000,3000,3000,"fast","control_informative",0.18,8,0.01,"","separate_mirage","trait2","bfdr_observed_fdp",0.1,0
20260831,19,500,15,3000,3000,3000,3000,"fast","control_informative",0.18,8,0.01,"","separate_mirage","trait2","bfdr_estimate",0.1,0
20260831,19,500,15,3000,3000,3000,3000,"fast","control_informative",0.18,8,0.01,"","separate_mirage","trait2","bfdr_power",0.1,0
20260831,19,500,15,3000,3000,3000,3000,"fast","control_informative",0.18,8,0.01,"","separate_mirage","trait2","bfdr_discoveries",0.1,0
20260831,19,500,15,3000,3000,3000,3000,"fast","control_informative",0.18,8,0.01,"","separate_mirage","trait2","bfdr_observed_fdp",0.2,0
20260831,19,500,15,3000,3000,3000,3000,"fast","control_informative",0.18,8,0.01,"","separate_mirage","trait2","bfdr_estimate",0.2,0
20260831,19,500,15,3000,3000,3000,3000,"fast","control_informative",0.18,8,0.01,"","separate_mirage","trait2","bfdr_power",0.2,0
20260831,19,500,15,3000,3000,3000,3000,"fast","control_informative",0.18,8,0.01,"","separate_mirage","trait2","bfdr_discoveries",0.2,0
20260831,19,500,15,3000,3000,3000,3000,"fast","control_informative",0.18,8,0.01,"","separate_mirage","pleiotropy","bfdr_observed_fdp",0.01,0
20260831,19,500,15,3000,3000,3000,3000,"fast","control_informative",0.18,8,0.01,"","separate_mirage","pleiotropy","bfdr_estimate",0.01,0
20260831,19,500,15,3000,3000,3000,3000,"fast","control_informative",0.18,8,0.01,"","separate_mirage","pleiotropy","bfdr_power",0.01,0
20260831,19,500,15,3000,3000,3000,3000,"fast","control_informative",0.18,8,0.01,"","separate_mirage","pleiotropy","bfdr_discoveries",0.01,0
20260831,19,500,15,3000,3000,3000,3000,"fast","control_informative",0.18,8,0.01,"","separate_mirage","pleiotropy","bfdr_observed_fdp",0.05,0
20260831,19,500,15,3000,3000,3000,3000,"fast","control_informative",0.18,8,0.01,"","separate_mirage","pleiotropy","bfdr_estimate",0.05,0
20260831,19,500,15,3000,3000,3000,3000,"fast","control_informative",0.18,8,0.01,"","separate_mirage","pleiotropy","bfdr_power",0.05,0
20260831,19,500,15,3000,3000,3000,3000,"fast","control_informative",0.18,8,0.01,"","separate_mirage","pleiotropy","bfdr_discoveries",0.05,0
20260831,19,500,15,3000,3000,3000,3000,"fast","control_informative",0.18,8,0.01,"","separate_mirage","pleiotropy","bfdr_observed_fdp",0.1,0
20260831,19,500,15,3000,3000,3000,3000,"fast","control_informative",0.18,8,0.01,"","separate_mirage","pleiotropy","bfdr_estimate",0.1,0
20260831,19,500,15,3000,3000,3000,3000,"fast","control_informative",0.18,8,0.01,"","separate_mirage","pleiotropy","bfdr_power",0.1,0
20260831,19,500,15,3000,3000,3000,3000,"fast","control_informative",0.18,8,0.01,"","separate_mirage","pleiotropy","bfdr_discoveries",0.1,0
20260831,19,500,15,3000,3000,3000,3000,"fast","control_informative",0.18,8,0.01,"","separate_mirage","pleiotropy","bfdr_observed_fdp",0.2,0
20260831,19,500,15,3000,3000,3000,3000,"fast","control_informative",0.18,8,0.01,"","separate_mirage","pleiotropy","bfdr_estimate",0.2,0
20260831,19,500,15,3000,3000,3000,3000,"fast","control_informative",0.18,8,0.01,"","separate_mirage","pleiotropy","bfdr_power",0.2,0
20260831,19,500,15,3000,3000,3000,3000,"fast","control_informative",0.18,8,0.01,"","separate_mirage","pleiotropy","bfdr_discoveries",0.2,0
20260831,19,500,15,3000,3000,3000,3000,"fast","control_informative",0.18,8,0.01,"","separate_mirage","global","runtime_seconds",NA,18.4830000000001
20260831,19,500,15,3000,3000,3000,3000,"fast","control_informative",0.18,8,0.01,"","separate_mirage","pleiotropy","pi11_estimate",NA,0.001
20260831,19,500,15,3000,3000,3000,3000,"fast","control_informative",0.18,8,0.01,"","mtada_aggregated","trait1","auc",NA,0.723621052631579
20260831,19,500,15,3000,3000,3000,3000,"fast","control_informative",0.18,8,0.01,"","mtada_aggregated","trait2","auc",NA,0.461020408163265
20260831,19,500,15,3000,3000,3000,3000,"fast","control_informative",0.18,8,0.01,"","mtada_aggregated","pleiotropy","auc",NA,0.464646464646465
20260831,19,500,15,3000,3000,3000,3000,"fast","control_informative",0.18,8,0.01,"","mtada_aggregated","trait1","pp08_power",0.8,0.84
20260831,19,500,15,3000,3000,3000,3000,"fast","control_informative",0.18,8,0.01,"","mtada_aggregated","trait1","pp08_fdp",0.8,0.922509225092251
20260831,19,500,15,3000,3000,3000,3000,"fast","control_informative",0.18,8,0.01,"","mtada_aggregated","trait1","pp08_discoveries",0.8,271
20260831,19,500,15,3000,3000,3000,3000,"fast","control_informative",0.18,8,0.01,"","mtada_aggregated","trait2","pp08_power",0.8,0.5
20260831,19,500,15,3000,3000,3000,3000,"fast","control_informative",0.18,8,0.01,"","mtada_aggregated","trait2","pp08_fdp",0.8,0.979423868312757
20260831,19,500,15,3000,3000,3000,3000,"fast","control_informative",0.18,8,0.01,"","mtada_aggregated","trait2","pp08_discoveries",0.8,243
20260831,19,500,15,3000,3000,3000,3000,"fast","control_informative",0.18,8,0.01,"","mtada_aggregated","pleiotropy","pp08_power",0.8,0.4
20260831,19,500,15,3000,3000,3000,3000,"fast","control_informative",0.18,8,0.01,"","mtada_aggregated","pleiotropy","pp08_fdp",0.8,0.987096774193548
20260831,19,500,15,3000,3000,3000,3000,"fast","control_informative",0.18,8,0.01,"","mtada_aggregated","pleiotropy","pp08_discoveries",0.8,155
20260831,19,500,15,3000,3000,3000,3000,"fast","control_informative",0.18,8,0.01,"","mtada_aggregated","trait1","bfdr_observed_fdp",0.01,0.922509225092251
20260831,19,500,15,3000,3000,3000,3000,"fast","control_informative",0.18,8,0.01,"","mtada_aggregated","trait1","bfdr_estimate",0.01,0.00994349977624676
20260831,19,500,15,3000,3000,3000,3000,"fast","control_informative",0.18,8,0.01,"","mtada_aggregated","trait1","bfdr_power",0.01,0.84
20260831,19,500,15,3000,3000,3000,3000,"fast","control_informative",0.18,8,0.01,"","mtada_aggregated","trait1","bfdr_discoveries",0.01,271
20260831,19,500,15,3000,3000,3000,3000,"fast","control_informative",0.18,8,0.01,"","mtada_aggregated","trait1","bfdr_observed_fdp",0.05,0.930693069306931
20260831,19,500,15,3000,3000,3000,3000,"fast","control_informative",0.18,8,0.01,"","mtada_aggregated","trait1","bfdr_estimate",0.05,0.0499845466130375
20260831,19,500,15,3000,3000,3000,3000,"fast","control_informative",0.18,8,0.01,"","mtada_aggregated","trait1","bfdr_power",0.05,0.84
20260831,19,500,15,3000,3000,3000,3000,"fast","control_informative",0.18,8,0.01,"","mtada_aggregated","trait1","bfdr_discoveries",0.05,303
20260831,19,500,15,3000,3000,3000,3000,"fast","control_informative",0.18,8,0.01,"","mtada_aggregated","trait1","bfdr_observed_fdp",0.1,0.932307692307692
20260831,19,500,15,3000,3000,3000,3000,"fast","control_informative",0.18,8,0.01,"","mtada_aggregated","trait1","bfdr_estimate",0.1,0.0980756038306198
20260831,19,500,15,3000,3000,3000,3000,"fast","control_informative",0.18,8,0.01,"","mtada_aggregated","trait1","bfdr_power",0.1,0.88
20260831,19,500,15,3000,3000,3000,3000,"fast","control_informative",0.18,8,0.01,"","mtada_aggregated","trait1","bfdr_discoveries",0.1,325
20260831,19,500,15,3000,3000,3000,3000,"fast","control_informative",0.18,8,0.01,"","mtada_aggregated","trait1","bfdr_observed_fdp",0.2,0.935309973045822
20260831,19,500,15,3000,3000,3000,3000,"fast","control_informative",0.18,8,0.01,"","mtada_aggregated","trait1","bfdr_estimate",0.2,0.199388086741784
20260831,19,500,15,3000,3000,3000,3000,"fast","control_informative",0.18,8,0.01,"","mtada_aggregated","trait1","bfdr_power",0.2,0.96
20260831,19,500,15,3000,3000,3000,3000,"fast","control_informative",0.18,8,0.01,"","mtada_aggregated","trait1","bfdr_discoveries",0.2,371
20260831,19,500,15,3000,3000,3000,3000,"fast","control_informative",0.18,8,0.01,"","mtada_aggregated","trait2","bfdr_observed_fdp",0.01,0.979253112033195
20260831,19,500,15,3000,3000,3000,3000,"fast","control_informative",0.18,8,0.01,"","mtada_aggregated","trait2","bfdr_estimate",0.01,0.0093942012750133
20260831,19,500,15,3000,3000,3000,3000,"fast","control_informative",0.18,8,0.01,"","mtada_aggregated","trait2","bfdr_power",0.01,0.5
20260831,19,500,15,3000,3000,3000,3000,"fast","control_informative",0.18,8,0.01,"","mtada_aggregated","trait2","bfdr_discoveries",0.01,241
20260831,19,500,15,3000,3000,3000,3000,"fast","control_informative",0.18,8,0.01,"","mtada_aggregated","trait2","bfdr_observed_fdp",0.05,0.981818181818182
20260831,19,500,15,3000,3000,3000,3000,"fast","control_informative",0.18,8,0.01,"","mtada_aggregated","trait2","bfdr_estimate",0.05,0.0494820637193937
20260831,19,500,15,3000,3000,3000,3000,"fast","control_informative",0.18,8,0.01,"","mtada_aggregated","trait2","bfdr_power",0.05,0.5
20260831,19,500,15,3000,3000,3000,3000,"fast","control_informative",0.18,8,0.01,"","mtada_aggregated","trait2","bfdr_discoveries",0.05,275
20260831,19,500,15,3000,3000,3000,3000,"fast","control_informative",0.18,8,0.01,"","mtada_aggregated","trait2","bfdr_observed_fdp",0.1,0.983108108108108
20260831,19,500,15,3000,3000,3000,3000,"fast","control_informative",0.18,8,0.01,"","mtada_aggregated","trait2","bfdr_estimate",0.1,0.0986407865935275
20260831,19,500,15,3000,3000,3000,3000,"fast","control_informative",0.18,8,0.01,"","mtada_aggregated","trait2","bfdr_power",0.1,0.5
20260831,19,500,15,3000,3000,3000,3000,"fast","control_informative",0.18,8,0.01,"","mtada_aggregated","trait2","bfdr_discoveries",0.1,296
20260831,19,500,15,3000,3000,3000,3000,"fast","control_informative",0.18,8,0.01,"","mtada_aggregated","trait2","bfdr_observed_fdp",0.2,0.982195845697329
20260831,19,500,15,3000,3000,3000,3000,"fast","control_informative",0.18,8,0.01,"","mtada_aggregated","trait2","bfdr_estimate",0.2,0.199948208489759
20260831,19,500,15,3000,3000,3000,3000,"fast","control_informative",0.18,8,0.01,"","mtada_aggregated","trait2","bfdr_power",0.2,0.6
20260831,19,500,15,3000,3000,3000,3000,"fast","control_informative",0.18,8,0.01,"","mtada_aggregated","trait2","bfdr_discoveries",0.2,337
20260831,19,500,15,3000,3000,3000,3000,"fast","control_informative",0.18,8,0.01,"","mtada_aggregated","pleiotropy","bfdr_observed_fdp",0.01,0.985815602836879
20260831,19,500,15,3000,3000,3000,3000,"fast","control_informative",0.18,8,0.01,"","mtada_aggregated","pleiotropy","bfdr_estimate",0.01,0.00976272260739054
20260831,19,500,15,3000,3000,3000,3000,"fast","control_informative",0.18,8,0.01,"","mtada_aggregated","pleiotropy","bfdr_power",0.01,0.4
20260831,19,500,15,3000,3000,3000,3000,"fast","control_informative",0.18,8,0.01,"","mtada_aggregated","pleiotropy","bfdr_discoveries",0.01,141
20260831,19,500,15,3000,3000,3000,3000,"fast","control_informative",0.18,8,0.01,"","mtada_aggregated","pleiotropy","bfdr_observed_fdp",0.05,0.988439306358382
20260831,19,500,15,3000,3000,3000,3000,"fast","control_informative",0.18,8,0.01,"","mtada_aggregated","pleiotropy","bfdr_estimate",0.05,0.0486137525818622
20260831,19,500,15,3000,3000,3000,3000,"fast","control_informative",0.18,8,0.01,"","mtada_aggregated","pleiotropy","bfdr_power",0.05,0.4
20260831,19,500,15,3000,3000,3000,3000,"fast","control_informative",0.18,8,0.01,"","mtada_aggregated","pleiotropy","bfdr_discoveries",0.05,173
20260831,19,500,15,3000,3000,3000,3000,"fast","control_informative",0.18,8,0.01,"","mtada_aggregated","pleiotropy","bfdr_observed_fdp",0.1,0.989795918367347
20260831,19,500,15,3000,3000,3000,3000,"fast","control_informative",0.18,8,0.01,"","mtada_aggregated","pleiotropy","bfdr_estimate",0.1,0.0982473402785944
20260831,19,500,15,3000,3000,3000,3000,"fast","control_informative",0.18,8,0.01,"","mtada_aggregated","pleiotropy","bfdr_power",0.1,0.4
20260831,19,500,15,3000,3000,3000,3000,"fast","control_informative",0.18,8,0.01,"","mtada_aggregated","pleiotropy","bfdr_discoveries",0.1,196
20260831,19,500,15,3000,3000,3000,3000,"fast","control_informative",0.18,8,0.01,"","mtada_aggregated","pleiotropy","bfdr_observed_fdp",0.2,0.991304347826087
20260831,19,500,15,3000,3000,3000,3000,"fast","control_informative",0.18,8,0.01,"","mtada_aggregated","pleiotropy","bfdr_estimate",0.2,0.197496165019399
20260831,19,500,15,3000,3000,3000,3000,"fast","control_informative",0.18,8,0.01,"","mtada_aggregated","pleiotropy","bfdr_power",0.2,0.4
20260831,19,500,15,3000,3000,3000,3000,"fast","control_informative",0.18,8,0.01,"","mtada_aggregated","pleiotropy","bfdr_discoveries",0.2,230
20260831,19,500,15,3000,3000,3000,3000,"fast","control_informative",0.18,8,0.01,"","mtada_aggregated","global","runtime_seconds",NA,0.756000000000085
20260831,19,500,15,3000,3000,3000,3000,"fast","control_informative",0.18,8,0.01,"","mtada_aggregated","pleiotropy","pi11_estimate",NA,0.00937566
20260832,20,500,15,3000,3000,3000,3000,"fast","control_informative",0.18,8,0.01,"","mirage_joint","trait1","auc",NA,0.658610526315789
20260832,20,500,15,3000,3000,3000,3000,"fast","control_informative",0.18,8,0.01,"","mirage_joint","trait2","auc",NA,0.687551020408163
20260832,20,500,15,3000,3000,3000,3000,"fast","control_informative",0.18,8,0.01,"","mirage_joint","pleiotropy","auc",NA,0.648484848484848
20260832,20,500,15,3000,3000,3000,3000,"fast","control_informative",0.18,8,0.01,"","mirage_joint","trait1","pp08_power",0.8,0.24
20260832,20,500,15,3000,3000,3000,3000,"fast","control_informative",0.18,8,0.01,"","mirage_joint","trait1","pp08_fdp",0.8,0.142857142857143
20260832,20,500,15,3000,3000,3000,3000,"fast","control_informative",0.18,8,0.01,"","mirage_joint","trait1","pp08_discoveries",0.8,7
20260832,20,500,15,3000,3000,3000,3000,"fast","control_informative",0.18,8,0.01,"","mirage_joint","trait2","pp08_power",0.8,0.2
20260832,20,500,15,3000,3000,3000,3000,"fast","control_informative",0.18,8,0.01,"","mirage_joint","trait2","pp08_fdp",0.8,0.333333333333333
20260832,20,500,15,3000,3000,3000,3000,"fast","control_informative",0.18,8,0.01,"","mirage_joint","trait2","pp08_discoveries",0.8,3
20260832,20,500,15,3000,3000,3000,3000,"fast","control_informative",0.18,8,0.01,"","mirage_joint","pleiotropy","pp08_power",0.8,0.2
20260832,20,500,15,3000,3000,3000,3000,"fast","control_informative",0.18,8,0.01,"","mirage_joint","pleiotropy","pp08_fdp",0.8,0.666666666666667
20260832,20,500,15,3000,3000,3000,3000,"fast","control_informative",0.18,8,0.01,"","mirage_joint","pleiotropy","pp08_discoveries",0.8,3
20260832,20,500,15,3000,3000,3000,3000,"fast","control_informative",0.18,8,0.01,"","mirage_joint","trait1","bfdr_observed_fdp",0.01,0.142857142857143
20260832,20,500,15,3000,3000,3000,3000,"fast","control_informative",0.18,8,0.01,"","mirage_joint","trait1","bfdr_estimate",0.01,0.00201144167986655
20260832,20,500,15,3000,3000,3000,3000,"fast","control_informative",0.18,8,0.01,"","mirage_joint","trait1","bfdr_power",0.01,0.24
20260832,20,500,15,3000,3000,3000,3000,"fast","control_informative",0.18,8,0.01,"","mirage_joint","trait1","bfdr_discoveries",0.01,7
20260832,20,500,15,3000,3000,3000,3000,"fast","control_informative",0.18,8,0.01,"","mirage_joint","trait1","bfdr_observed_fdp",0.05,0.25
20260832,20,500,15,3000,3000,3000,3000,"fast","control_informative",0.18,8,0.01,"","mirage_joint","trait1","bfdr_estimate",0.05,0.0491891572602553
20260832,20,500,15,3000,3000,3000,3000,"fast","control_informative",0.18,8,0.01,"","mirage_joint","trait1","bfdr_power",0.05,0.24
20260832,20,500,15,3000,3000,3000,3000,"fast","control_informative",0.18,8,0.01,"","mirage_joint","trait1","bfdr_discoveries",0.05,8
20260832,20,500,15,3000,3000,3000,3000,"fast","control_informative",0.18,8,0.01,"","mirage_joint","trait1","bfdr_observed_fdp",0.1,0.25
20260832,20,500,15,3000,3000,3000,3000,"fast","control_informative",0.18,8,0.01,"","mirage_joint","trait1","bfdr_estimate",0.1,0.0491891572602553
20260832,20,500,15,3000,3000,3000,3000,"fast","control_informative",0.18,8,0.01,"","mirage_joint","trait1","bfdr_power",0.1,0.24
20260832,20,500,15,3000,3000,3000,3000,"fast","control_informative",0.18,8,0.01,"","mirage_joint","trait1","bfdr_discoveries",0.1,8
20260832,20,500,15,3000,3000,3000,3000,"fast","control_informative",0.18,8,0.01,"","mirage_joint","trait1","bfdr_observed_fdp",0.2,0.4
20260832,20,500,15,3000,3000,3000,3000,"fast","control_informative",0.18,8,0.01,"","mirage_joint","trait1","bfdr_estimate",0.2,0.167029878856685
20260832,20,500,15,3000,3000,3000,3000,"fast","control_informative",0.18,8,0.01,"","mirage_joint","trait1","bfdr_power",0.2,0.24
20260832,20,500,15,3000,3000,3000,3000,"fast","control_informative",0.18,8,0.01,"","mirage_joint","trait1","bfdr_discoveries",0.2,10
20260832,20,500,15,3000,3000,3000,3000,"fast","control_informative",0.18,8,0.01,"","mirage_joint","trait2","bfdr_observed_fdp",0.01,0
20260832,20,500,15,3000,3000,3000,3000,"fast","control_informative",0.18,8,0.01,"","mirage_joint","trait2","bfdr_estimate",0.01,0.00998093584363569
20260832,20,500,15,3000,3000,3000,3000,"fast","control_informative",0.18,8,0.01,"","mirage_joint","trait2","bfdr_power",0.01,0.2
20260832,20,500,15,3000,3000,3000,3000,"fast","control_informative",0.18,8,0.01,"","mirage_joint","trait2","bfdr_discoveries",0.01,2
20260832,20,500,15,3000,3000,3000,3000,"fast","control_informative",0.18,8,0.01,"","mirage_joint","trait2","bfdr_observed_fdp",0.05,0.333333333333333
20260832,20,500,15,3000,3000,3000,3000,"fast","control_informative",0.18,8,0.01,"","mirage_joint","trait2","bfdr_estimate",0.05,0.0324052395817513
20260832,20,500,15,3000,3000,3000,3000,"fast","control_informative",0.18,8,0.01,"","mirage_joint","trait2","bfdr_power",0.05,0.2
20260832,20,500,15,3000,3000,3000,3000,"fast","control_informative",0.18,8,0.01,"","mirage_joint","trait2","bfdr_discoveries",0.05,3
20260832,20,500,15,3000,3000,3000,3000,"fast","control_informative",0.18,8,0.01,"","mirage_joint","trait2","bfdr_observed_fdp",0.1,0.5
20260832,20,500,15,3000,3000,3000,3000,"fast","control_informative",0.18,8,0.01,"","mirage_joint","trait2","bfdr_estimate",0.1,0.0929554420722101
20260832,20,500,15,3000,3000,3000,3000,"fast","control_informative",0.18,8,0.01,"","mirage_joint","trait2","bfdr_power",0.1,0.2
20260832,20,500,15,3000,3000,3000,3000,"fast","control_informative",0.18,8,0.01,"","mirage_joint","trait2","bfdr_discoveries",0.1,4
20260832,20,500,15,3000,3000,3000,3000,"fast","control_informative",0.18,8,0.01,"","mirage_joint","trait2","bfdr_observed_fdp",0.2,0.666666666666667
20260832,20,500,15,3000,3000,3000,3000,"fast","control_informative",0.18,8,0.01,"","mirage_joint","trait2","bfdr_estimate",0.2,0.17535154051424
20260832,20,500,15,3000,3000,3000,3000,"fast","control_informative",0.18,8,0.01,"","mirage_joint","trait2","bfdr_power",0.2,0.2
20260832,20,500,15,3000,3000,3000,3000,"fast","control_informative",0.18,8,0.01,"","mirage_joint","trait2","bfdr_discoveries",0.2,6
20260832,20,500,15,3000,3000,3000,3000,"fast","control_informative",0.18,8,0.01,"","mirage_joint","pleiotropy","bfdr_observed_fdp",0.01,1
20260832,20,500,15,3000,3000,3000,3000,"fast","control_informative",0.18,8,0.01,"","mirage_joint","pleiotropy","bfdr_estimate",0.01,0.000714742009787717
20260832,20,500,15,3000,3000,3000,3000,"fast","control_informative",0.18,8,0.01,"","mirage_joint","pleiotropy","bfdr_power",0.01,0
20260832,20,500,15,3000,3000,3000,3000,"fast","control_informative",0.18,8,0.01,"","mirage_joint","pleiotropy","bfdr_discoveries",0.01,1
20260832,20,500,15,3000,3000,3000,3000,"fast","control_informative",0.18,8,0.01,"","mirage_joint","pleiotropy","bfdr_observed_fdp",0.05,0.666666666666667
20260832,20,500,15,3000,3000,3000,3000,"fast","control_informative",0.18,8,0.01,"","mirage_joint","pleiotropy","bfdr_estimate",0.05,0.0326444740133631
20260832,20,500,15,3000,3000,3000,3000,"fast","control_informative",0.18,8,0.01,"","mirage_joint","pleiotropy","bfdr_power",0.05,0.2
20260832,20,500,15,3000,3000,3000,3000,"fast","control_informative",0.18,8,0.01,"","mirage_joint","pleiotropy","bfdr_discoveries",0.05,3
20260832,20,500,15,3000,3000,3000,3000,"fast","control_informative",0.18,8,0.01,"","mirage_joint","pleiotropy","bfdr_observed_fdp",0.1,0.75
20260832,20,500,15,3000,3000,3000,3000,"fast","control_informative",0.18,8,0.01,"","mirage_joint","pleiotropy","bfdr_estimate",0.1,0.0931349608056508
20260832,20,500,15,3000,3000,3000,3000,"fast","control_informative",0.18,8,0.01,"","mirage_joint","pleiotropy","bfdr_power",0.1,0.2
20260832,20,500,15,3000,3000,3000,3000,"fast","control_informative",0.18,8,0.01,"","mirage_joint","pleiotropy","bfdr_discoveries",0.1,4
20260832,20,500,15,3000,3000,3000,3000,"fast","control_informative",0.18,8,0.01,"","mirage_joint","pleiotropy","bfdr_observed_fdp",0.2,0.833333333333333
20260832,20,500,15,3000,3000,3000,3000,"fast","control_informative",0.18,8,0.01,"","mirage_joint","pleiotropy","bfdr_estimate",0.2,0.175471219670586
20260832,20,500,15,3000,3000,3000,3000,"fast","control_informative",0.18,8,0.01,"","mirage_joint","pleiotropy","bfdr_power",0.2,0.2
20260832,20,500,15,3000,3000,3000,3000,"fast","control_informative",0.18,8,0.01,"","mirage_joint","pleiotropy","bfdr_discoveries",0.2,6
20260832,20,500,15,3000,3000,3000,3000,"fast","control_informative",0.18,8,0.01,"","mirage_joint","global","runtime_seconds",NA,18.447
20260832,20,500,15,3000,3000,3000,3000,"fast","control_informative",0.18,8,0.01,"","mirage_joint","pleiotropy","pi11_estimate",NA,0.0431883506343917
20260832,20,500,15,3000,3000,3000,3000,"fast","control_informative",0.18,8,0.01,"","separate_mirage","trait1","auc",NA,0.6448
20260832,20,500,15,3000,3000,3000,3000,"fast","control_informative",0.18,8,0.01,"","separate_mirage","trait2","auc",NA,0.671428571428571
20260832,20,500,15,3000,3000,3000,3000,"fast","control_informative",0.18,8,0.01,"","separate_mirage","pleiotropy","auc",NA,0.576161616161616
20260832,20,500,15,3000,3000,3000,3000,"fast","control_informative",0.18,8,0.01,"","separate_mirage","trait1","pp08_power",0.8,0.24
20260832,20,500,15,3000,3000,3000,3000,"fast","control_informative",0.18,8,0.01,"","separate_mirage","trait1","pp08_fdp",0.8,0
20260832,20,500,15,3000,3000,3000,3000,"fast","control_informative",0.18,8,0.01,"","separate_mirage","trait1","pp08_discoveries",0.8,6
20260832,20,500,15,3000,3000,3000,3000,"fast","control_informative",0.18,8,0.01,"","separate_mirage","trait2","pp08_power",0.8,0.1
20260832,20,500,15,3000,3000,3000,3000,"fast","control_informative",0.18,8,0.01,"","separate_mirage","trait2","pp08_fdp",0.8,0
20260832,20,500,15,3000,3000,3000,3000,"fast","control_informative",0.18,8,0.01,"","separate_mirage","trait2","pp08_discoveries",0.8,1
20260832,20,500,15,3000,3000,3000,3000,"fast","control_informative",0.18,8,0.01,"","separate_mirage","pleiotropy","pp08_power",0.8,0
20260832,20,500,15,3000,3000,3000,3000,"fast","control_informative",0.18,8,0.01,"","separate_mirage","pleiotropy","pp08_fdp",0.8,0
20260832,20,500,15,3000,3000,3000,3000,"fast","control_informative",0.18,8,0.01,"","separate_mirage","pleiotropy","pp08_discoveries",0.8,0
20260832,20,500,15,3000,3000,3000,3000,"fast","control_informative",0.18,8,0.01,"","separate_mirage","trait1","bfdr_observed_fdp",0.01,0
20260832,20,500,15,3000,3000,3000,3000,"fast","control_informative",0.18,8,0.01,"","separate_mirage","trait1","bfdr_estimate",0.01,0.00251515053313227
20260832,20,500,15,3000,3000,3000,3000,"fast","control_informative",0.18,8,0.01,"","separate_mirage","trait1","bfdr_power",0.01,0.2
20260832,20,500,15,3000,3000,3000,3000,"fast","control_informative",0.18,8,0.01,"","separate_mirage","trait1","bfdr_discoveries",0.01,5
20260832,20,500,15,3000,3000,3000,3000,"fast","control_informative",0.18,8,0.01,"","separate_mirage","trait1","bfdr_observed_fdp",0.05,0
20260832,20,500,15,3000,3000,3000,3000,"fast","control_informative",0.18,8,0.01,"","separate_mirage","trait1","bfdr_estimate",0.05,0.0127931760344466
20260832,20,500,15,3000,3000,3000,3000,"fast","control_informative",0.18,8,0.01,"","separate_mirage","trait1","bfdr_power",0.05,0.24
20260832,20,500,15,3000,3000,3000,3000,"fast","control_informative",0.18,8,0.01,"","separate_mirage","trait1","bfdr_discoveries",0.05,6
20260832,20,500,15,3000,3000,3000,3000,"fast","control_informative",0.18,8,0.01,"","separate_mirage","trait1","bfdr_observed_fdp",0.1,0.142857142857143
20260832,20,500,15,3000,3000,3000,3000,"fast","control_informative",0.18,8,0.01,"","separate_mirage","trait1","bfdr_estimate",0.1,0.0666255770582348
20260832,20,500,15,3000,3000,3000,3000,"fast","control_informative",0.18,8,0.01,"","separate_mirage","trait1","bfdr_power",0.1,0.24
20260832,20,500,15,3000,3000,3000,3000,"fast","control_informative",0.18,8,0.01,"","separate_mirage","trait1","bfdr_discoveries",0.1,7
20260832,20,500,15,3000,3000,3000,3000,"fast","control_informative",0.18,8,0.01,"","separate_mirage","trait1","bfdr_observed_fdp",0.2,0.333333333333333
20260832,20,500,15,3000,3000,3000,3000,"fast","control_informative",0.18,8,0.01,"","separate_mirage","trait1","bfdr_estimate",0.2,0.197009162712068
20260832,20,500,15,3000,3000,3000,3000,"fast","control_informative",0.18,8,0.01,"","separate_mirage","trait1","bfdr_power",0.2,0.24
20260832,20,500,15,3000,3000,3000,3000,"fast","control_informative",0.18,8,0.01,"","separate_mirage","trait1","bfdr_discoveries",0.2,9
20260832,20,500,15,3000,3000,3000,3000,"fast","control_informative",0.18,8,0.01,"","separate_mirage","trait2","bfdr_observed_fdp",0.01,0
20260832,20,500,15,3000,3000,3000,3000,"fast","control_informative",0.18,8,0.01,"","separate_mirage","trait2","bfdr_estimate",0.01,6.81034906246936e-09
20260832,20,500,15,3000,3000,3000,3000,"fast","control_informative",0.18,8,0.01,"","separate_mirage","trait2","bfdr_power",0.01,0.1
20260832,20,500,15,3000,3000,3000,3000,"fast","control_informative",0.18,8,0.01,"","separate_mirage","trait2","bfdr_discoveries",0.01,1
20260832,20,500,15,3000,3000,3000,3000,"fast","control_informative",0.18,8,0.01,"","separate_mirage","trait2","bfdr_observed_fdp",0.05,0
20260832,20,500,15,3000,3000,3000,3000,"fast","control_informative",0.18,8,0.01,"","separate_mirage","trait2","bfdr_estimate",0.05,6.81034906246936e-09
20260832,20,500,15,3000,3000,3000,3000,"fast","control_informative",0.18,8,0.01,"","separate_mirage","trait2","bfdr_power",0.05,0.1
20260832,20,500,15,3000,3000,3000,3000,"fast","control_informative",0.18,8,0.01,"","separate_mirage","trait2","bfdr_discoveries",0.05,1
20260832,20,500,15,3000,3000,3000,3000,"fast","control_informative",0.18,8,0.01,"","separate_mirage","trait2","bfdr_observed_fdp",0.1,0
20260832,20,500,15,3000,3000,3000,3000,"fast","control_informative",0.18,8,0.01,"","separate_mirage","trait2","bfdr_estimate",0.1,6.81034906246936e-09
20260832,20,500,15,3000,3000,3000,3000,"fast","control_informative",0.18,8,0.01,"","separate_mirage","trait2","bfdr_power",0.1,0.1
20260832,20,500,15,3000,3000,3000,3000,"fast","control_informative",0.18,8,0.01,"","separate_mirage","trait2","bfdr_discoveries",0.1,1
20260832,20,500,15,3000,3000,3000,3000,"fast","control_informative",0.18,8,0.01,"","separate_mirage","trait2","bfdr_observed_fdp",0.2,0
20260832,20,500,15,3000,3000,3000,3000,"fast","control_informative",0.18,8,0.01,"","separate_mirage","trait2","bfdr_estimate",0.2,6.81034906246936e-09
20260832,20,500,15,3000,3000,3000,3000,"fast","control_informative",0.18,8,0.01,"","separate_mirage","trait2","bfdr_power",0.2,0.1
20260832,20,500,15,3000,3000,3000,3000,"fast","control_informative",0.18,8,0.01,"","separate_mirage","trait2","bfdr_discoveries",0.2,1
20260832,20,500,15,3000,3000,3000,3000,"fast","control_informative",0.18,8,0.01,"","separate_mirage","pleiotropy","bfdr_observed_fdp",0.01,0
20260832,20,500,15,3000,3000,3000,3000,"fast","control_informative",0.18,8,0.01,"","separate_mirage","pleiotropy","bfdr_estimate",0.01,0
20260832,20,500,15,3000,3000,3000,3000,"fast","control_informative",0.18,8,0.01,"","separate_mirage","pleiotropy","bfdr_power",0.01,0
20260832,20,500,15,3000,3000,3000,3000,"fast","control_informative",0.18,8,0.01,"","separate_mirage","pleiotropy","bfdr_discoveries",0.01,0
20260832,20,500,15,3000,3000,3000,3000,"fast","control_informative",0.18,8,0.01,"","separate_mirage","pleiotropy","bfdr_observed_fdp",0.05,0
20260832,20,500,15,3000,3000,3000,3000,"fast","control_informative",0.18,8,0.01,"","separate_mirage","pleiotropy","bfdr_estimate",0.05,0
20260832,20,500,15,3000,3000,3000,3000,"fast","control_informative",0.18,8,0.01,"","separate_mirage","pleiotropy","bfdr_power",0.05,0
20260832,20,500,15,3000,3000,3000,3000,"fast","control_informative",0.18,8,0.01,"","separate_mirage","pleiotropy","bfdr_discoveries",0.05,0
20260832,20,500,15,3000,3000,3000,3000,"fast","control_informative",0.18,8,0.01,"","separate_mirage","pleiotropy","bfdr_observed_fdp",0.1,0
20260832,20,500,15,3000,3000,3000,3000,"fast","control_informative",0.18,8,0.01,"","separate_mirage","pleiotropy","bfdr_estimate",0.1,0
20260832,20,500,15,3000,3000,3000,3000,"fast","control_informative",0.18,8,0.01,"","separate_mirage","pleiotropy","bfdr_power",0.1,0
20260832,20,500,15,3000,3000,3000,3000,"fast","control_informative",0.18,8,0.01,"","separate_mirage","pleiotropy","bfdr_discoveries",0.1,0
20260832,20,500,15,3000,3000,3000,3000,"fast","control_informative",0.18,8,0.01,"","separate_mirage","pleiotropy","bfdr_observed_fdp",0.2,0
20260832,20,500,15,3000,3000,3000,3000,"fast","control_informative",0.18,8,0.01,"","separate_mirage","pleiotropy","bfdr_estimate",0.2,0
20260832,20,500,15,3000,3000,3000,3000,"fast","control_informative",0.18,8,0.01,"","separate_mirage","pleiotropy","bfdr_power",0.2,0
20260832,20,500,15,3000,3000,3000,3000,"fast","control_informative",0.18,8,0.01,"","separate_mirage","pleiotropy","bfdr_discoveries",0.2,0
20260832,20,500,15,3000,3000,3000,3000,"fast","control_informative",0.18,8,0.01,"","separate_mirage","global","runtime_seconds",NA,18.4109999999999
20260832,20,500,15,3000,3000,3000,3000,"fast","control_informative",0.18,8,0.01,"","separate_mirage","pleiotropy","pi11_estimate",NA,0.001
20260832,20,500,15,3000,3000,3000,3000,"fast","control_informative",0.18,8,0.01,"","mtada_aggregated","trait1","auc",NA,0.601347368421053
20260832,20,500,15,3000,3000,3000,3000,"fast","control_informative",0.18,8,0.01,"","mtada_aggregated","trait2","auc",NA,0.609489795918367
20260832,20,500,15,3000,3000,3000,3000,"fast","control_informative",0.18,8,0.01,"","mtada_aggregated","pleiotropy","auc",NA,0.494141414141414
20260832,20,500,15,3000,3000,3000,3000,"fast","control_informative",0.18,8,0.01,"","mtada_aggregated","trait1","pp08_power",0.8,0.64
20260832,20,500,15,3000,3000,3000,3000,"fast","control_informative",0.18,8,0.01,"","mtada_aggregated","trait1","pp08_fdp",0.8,0.938931297709924
20260832,20,500,15,3000,3000,3000,3000,"fast","control_informative",0.18,8,0.01,"","mtada_aggregated","trait1","pp08_discoveries",0.8,262
20260832,20,500,15,3000,3000,3000,3000,"fast","control_informative",0.18,8,0.01,"","mtada_aggregated","trait2","pp08_power",0.8,0.7
20260832,20,500,15,3000,3000,3000,3000,"fast","control_informative",0.18,8,0.01,"","mtada_aggregated","trait2","pp08_fdp",0.8,0.969026548672566
20260832,20,500,15,3000,3000,3000,3000,"fast","control_informative",0.18,8,0.01,"","mtada_aggregated","trait2","pp08_discoveries",0.8,226
20260832,20,500,15,3000,3000,3000,3000,"fast","control_informative",0.18,8,0.01,"","mtada_aggregated","pleiotropy","pp08_power",0.8,0.2
20260832,20,500,15,3000,3000,3000,3000,"fast","control_informative",0.18,8,0.01,"","mtada_aggregated","pleiotropy","pp08_fdp",0.8,0.992307692307692
20260832,20,500,15,3000,3000,3000,3000,"fast","control_informative",0.18,8,0.01,"","mtada_aggregated","pleiotropy","pp08_discoveries",0.8,130
20260832,20,500,15,3000,3000,3000,3000,"fast","control_informative",0.18,8,0.01,"","mtada_aggregated","trait1","bfdr_observed_fdp",0.01,0.939163498098859
20260832,20,500,15,3000,3000,3000,3000,"fast","control_informative",0.18,8,0.01,"","mtada_aggregated","trait1","bfdr_estimate",0.01,0.00995819299473382
20260832,20,500,15,3000,3000,3000,3000,"fast","control_informative",0.18,8,0.01,"","mtada_aggregated","trait1","bfdr_power",0.01,0.64
20260832,20,500,15,3000,3000,3000,3000,"fast","control_informative",0.18,8,0.01,"","mtada_aggregated","trait1","bfdr_discoveries",0.01,263
20260832,20,500,15,3000,3000,3000,3000,"fast","control_informative",0.18,8,0.01,"","mtada_aggregated","trait1","bfdr_observed_fdp",0.05,0.941176470588235
20260832,20,500,15,3000,3000,3000,3000,"fast","control_informative",0.18,8,0.01,"","mtada_aggregated","trait1","bfdr_estimate",0.05,0.0486847264497897
20260832,20,500,15,3000,3000,3000,3000,"fast","control_informative",0.18,8,0.01,"","mtada_aggregated","trait1","bfdr_power",0.05,0.68
20260832,20,500,15,3000,3000,3000,3000,"fast","control_informative",0.18,8,0.01,"","mtada_aggregated","trait1","bfdr_discoveries",0.05,289
20260832,20,500,15,3000,3000,3000,3000,"fast","control_informative",0.18,8,0.01,"","mtada_aggregated","trait1","bfdr_observed_fdp",0.1,0.945161290322581
20260832,20,500,15,3000,3000,3000,3000,"fast","control_informative",0.18,8,0.01,"","mtada_aggregated","trait1","bfdr_estimate",0.1,0.0977931526356276
20260832,20,500,15,3000,3000,3000,3000,"fast","control_informative",0.18,8,0.01,"","mtada_aggregated","trait1","bfdr_power",0.1,0.68
20260832,20,500,15,3000,3000,3000,3000,"fast","control_informative",0.18,8,0.01,"","mtada_aggregated","trait1","bfdr_discoveries",0.1,310
20260832,20,500,15,3000,3000,3000,3000,"fast","control_informative",0.18,8,0.01,"","mtada_aggregated","trait1","bfdr_observed_fdp",0.2,0.951841359773371
20260832,20,500,15,3000,3000,3000,3000,"fast","control_informative",0.18,8,0.01,"","mtada_aggregated","trait1","bfdr_estimate",0.2,0.19855594474609
20260832,20,500,15,3000,3000,3000,3000,"fast","control_informative",0.18,8,0.01,"","mtada_aggregated","trait1","bfdr_power",0.2,0.68
20260832,20,500,15,3000,3000,3000,3000,"fast","control_informative",0.18,8,0.01,"","mtada_aggregated","trait1","bfdr_discoveries",0.2,353
20260832,20,500,15,3000,3000,3000,3000,"fast","control_informative",0.18,8,0.01,"","mtada_aggregated","trait2","bfdr_observed_fdp",0.01,0.969026548672566
20260832,20,500,15,3000,3000,3000,3000,"fast","control_informative",0.18,8,0.01,"","mtada_aggregated","trait2","bfdr_estimate",0.01,0.00995267803975396
20260832,20,500,15,3000,3000,3000,3000,"fast","control_informative",0.18,8,0.01,"","mtada_aggregated","trait2","bfdr_power",0.01,0.7
20260832,20,500,15,3000,3000,3000,3000,"fast","control_informative",0.18,8,0.01,"","mtada_aggregated","trait2","bfdr_discoveries",0.01,226
20260832,20,500,15,3000,3000,3000,3000,"fast","control_informative",0.18,8,0.01,"","mtada_aggregated","trait2","bfdr_observed_fdp",0.05,0.972
20260832,20,500,15,3000,3000,3000,3000,"fast","control_informative",0.18,8,0.01,"","mtada_aggregated","trait2","bfdr_estimate",0.05,0.0484650040836774
20260832,20,500,15,3000,3000,3000,3000,"fast","control_informative",0.18,8,0.01,"","mtada_aggregated","trait2","bfdr_power",0.05,0.7
20260832,20,500,15,3000,3000,3000,3000,"fast","control_informative",0.18,8,0.01,"","mtada_aggregated","trait2","bfdr_discoveries",0.05,250
20260832,20,500,15,3000,3000,3000,3000,"fast","control_informative",0.18,8,0.01,"","mtada_aggregated","trait2","bfdr_observed_fdp",0.1,0.974074074074074
20260832,20,500,15,3000,3000,3000,3000,"fast","control_informative",0.18,8,0.01,"","mtada_aggregated","trait2","bfdr_estimate",0.1,0.0984717092038894
20260832,20,500,15,3000,3000,3000,3000,"fast","control_informative",0.18,8,0.01,"","mtada_aggregated","trait2","bfdr_power",0.1,0.7
20260832,20,500,15,3000,3000,3000,3000,"fast","control_informative",0.18,8,0.01,"","mtada_aggregated","trait2","bfdr_discoveries",0.1,270
20260832,20,500,15,3000,3000,3000,3000,"fast","control_informative",0.18,8,0.01,"","mtada_aggregated","trait2","bfdr_observed_fdp",0.2,0.977272727272727
20260832,20,500,15,3000,3000,3000,3000,"fast","control_informative",0.18,8,0.01,"","mtada_aggregated","trait2","bfdr_estimate",0.2,0.199745936230049
20260832,20,500,15,3000,3000,3000,3000,"fast","control_informative",0.18,8,0.01,"","mtada_aggregated","trait2","bfdr_power",0.2,0.7
20260832,20,500,15,3000,3000,3000,3000,"fast","control_informative",0.18,8,0.01,"","mtada_aggregated","trait2","bfdr_discoveries",0.2,308
20260832,20,500,15,3000,3000,3000,3000,"fast","control_informative",0.18,8,0.01,"","mtada_aggregated","pleiotropy","bfdr_observed_fdp",0.01,0.991666666666667
20260832,20,500,15,3000,3000,3000,3000,"fast","control_informative",0.18,8,0.01,"","mtada_aggregated","pleiotropy","bfdr_estimate",0.01,0.00941762907790993
20260832,20,500,15,3000,3000,3000,3000,"fast","control_informative",0.18,8,0.01,"","mtada_aggregated","pleiotropy","bfdr_power",0.01,0.2
20260832,20,500,15,3000,3000,3000,3000,"fast","control_informative",0.18,8,0.01,"","mtada_aggregated","pleiotropy","bfdr_discoveries",0.01,120
20260832,20,500,15,3000,3000,3000,3000,"fast","control_informative",0.18,8,0.01,"","mtada_aggregated","pleiotropy","bfdr_observed_fdp",0.05,0.993055555555556
20260832,20,500,15,3000,3000,3000,3000,"fast","control_informative",0.18,8,0.01,"","mtada_aggregated","pleiotropy","bfdr_estimate",0.05,0.0493702950301628
20260832,20,500,15,3000,3000,3000,3000,"fast","control_informative",0.18,8,0.01,"","mtada_aggregated","pleiotropy","bfdr_power",0.05,0.2
20260832,20,500,15,3000,3000,3000,3000,"fast","control_informative",0.18,8,0.01,"","mtada_aggregated","pleiotropy","bfdr_discoveries",0.05,144
20260832,20,500,15,3000,3000,3000,3000,"fast","control_informative",0.18,8,0.01,"","mtada_aggregated","pleiotropy","bfdr_observed_fdp",0.1,0.9875
20260832,20,500,15,3000,3000,3000,3000,"fast","control_informative",0.18,8,0.01,"","mtada_aggregated","pleiotropy","bfdr_estimate",0.1,0.0977330329621773
20260832,20,500,15,3000,3000,3000,3000,"fast","control_informative",0.18,8,0.01,"","mtada_aggregated","pleiotropy","bfdr_power",0.1,0.4
20260832,20,500,15,3000,3000,3000,3000,"fast","control_informative",0.18,8,0.01,"","mtada_aggregated","pleiotropy","bfdr_discoveries",0.1,160
20260832,20,500,15,3000,3000,3000,3000,"fast","control_informative",0.18,8,0.01,"","mtada_aggregated","pleiotropy","bfdr_observed_fdp",0.2,0.989417989417989
20260832,20,500,15,3000,3000,3000,3000,"fast","control_informative",0.18,8,0.01,"","mtada_aggregated","pleiotropy","bfdr_estimate",0.2,0.199082777562341
20260832,20,500,15,3000,3000,3000,3000,"fast","control_informative",0.18,8,0.01,"","mtada_aggregated","pleiotropy","bfdr_power",0.2,0.4
20260832,20,500,15,3000,3000,3000,3000,"fast","control_informative",0.18,8,0.01,"","mtada_aggregated","pleiotropy","bfdr_discoveries",0.2,189
20260832,20,500,15,3000,3000,3000,3000,"fast","control_informative",0.18,8,0.01,"","mtada_aggregated","global","runtime_seconds",NA,0.736999999999966
20260832,20,500,15,3000,3000,3000,3000,"fast","control_informative",0.18,8,0.01,"","mtada_aggregated","pleiotropy","pi11_estimate",NA,0.00806431
20260833,21,500,15,3000,3000,3000,3000,"fast","control_informative",0.18,8,0.01,"","mirage_joint","trait1","auc",NA,0.723536842105263
20260833,21,500,15,3000,3000,3000,3000,"fast","control_informative",0.18,8,0.01,"","mirage_joint","trait2","auc",NA,0.788775510204082
20260833,21,500,15,3000,3000,3000,3000,"fast","control_informative",0.18,8,0.01,"","mirage_joint","pleiotropy","auc",NA,0.843232323232323
20260833,21,500,15,3000,3000,3000,3000,"fast","control_informative",0.18,8,0.01,"","mirage_joint","trait1","pp08_power",0.8,0.08
20260833,21,500,15,3000,3000,3000,3000,"fast","control_informative",0.18,8,0.01,"","mirage_joint","trait1","pp08_fdp",0.8,0
20260833,21,500,15,3000,3000,3000,3000,"fast","control_informative",0.18,8,0.01,"","mirage_joint","trait1","pp08_discoveries",0.8,2
20260833,21,500,15,3000,3000,3000,3000,"fast","control_informative",0.18,8,0.01,"","mirage_joint","trait2","pp08_power",0.8,0.3
20260833,21,500,15,3000,3000,3000,3000,"fast","control_informative",0.18,8,0.01,"","mirage_joint","trait2","pp08_fdp",0.8,0
20260833,21,500,15,3000,3000,3000,3000,"fast","control_informative",0.18,8,0.01,"","mirage_joint","trait2","pp08_discoveries",0.8,3
20260833,21,500,15,3000,3000,3000,3000,"fast","control_informative",0.18,8,0.01,"","mirage_joint","pleiotropy","pp08_power",0.8,0.4
20260833,21,500,15,3000,3000,3000,3000,"fast","control_informative",0.18,8,0.01,"","mirage_joint","pleiotropy","pp08_fdp",0.8,0
20260833,21,500,15,3000,3000,3000,3000,"fast","control_informative",0.18,8,0.01,"","mirage_joint","pleiotropy","pp08_discoveries",0.8,2
20260833,21,500,15,3000,3000,3000,3000,"fast","control_informative",0.18,8,0.01,"","mirage_joint","trait1","bfdr_observed_fdp",0.01,0
20260833,21,500,15,3000,3000,3000,3000,"fast","control_informative",0.18,8,0.01,"","mirage_joint","trait1","bfdr_estimate",0.01,0.00474932671259831
20260833,21,500,15,3000,3000,3000,3000,"fast","control_informative",0.18,8,0.01,"","mirage_joint","trait1","bfdr_power",0.01,0.04
20260833,21,500,15,3000,3000,3000,3000,"fast","control_informative",0.18,8,0.01,"","mirage_joint","trait1","bfdr_discoveries",0.01,1
20260833,21,500,15,3000,3000,3000,3000,"fast","control_informative",0.18,8,0.01,"","mirage_joint","trait1","bfdr_observed_fdp",0.05,0
20260833,21,500,15,3000,3000,3000,3000,"fast","control_informative",0.18,8,0.01,"","mirage_joint","trait1","bfdr_estimate",0.05,0.00474932671259831
20260833,21,500,15,3000,3000,3000,3000,"fast","control_informative",0.18,8,0.01,"","mirage_joint","trait1","bfdr_power",0.05,0.04
20260833,21,500,15,3000,3000,3000,3000,"fast","control_informative",0.18,8,0.01,"","mirage_joint","trait1","bfdr_discoveries",0.05,1
20260833,21,500,15,3000,3000,3000,3000,"fast","control_informative",0.18,8,0.01,"","mirage_joint","trait1","bfdr_observed_fdp",0.1,0
20260833,21,500,15,3000,3000,3000,3000,"fast","control_informative",0.18,8,0.01,"","mirage_joint","trait1","bfdr_estimate",0.1,0.0910411141071102
20260833,21,500,15,3000,3000,3000,3000,"fast","control_informative",0.18,8,0.01,"","mirage_joint","trait1","bfdr_power",0.1,0.08
20260833,21,500,15,3000,3000,3000,3000,"fast","control_informative",0.18,8,0.01,"","mirage_joint","trait1","bfdr_discoveries",0.1,2
20260833,21,500,15,3000,3000,3000,3000,"fast","control_informative",0.18,8,0.01,"","mirage_joint","trait1","bfdr_observed_fdp",0.2,0.25
20260833,21,500,15,3000,3000,3000,3000,"fast","control_informative",0.18,8,0.01,"","mirage_joint","trait1","bfdr_estimate",0.2,0.193081768138818
20260833,21,500,15,3000,3000,3000,3000,"fast","control_informative",0.18,8,0.01,"","mirage_joint","trait1","bfdr_power",0.2,0.12
20260833,21,500,15,3000,3000,3000,3000,"fast","control_informative",0.18,8,0.01,"","mirage_joint","trait1","bfdr_discoveries",0.2,4
20260833,21,500,15,3000,3000,3000,3000,"fast","control_informative",0.18,8,0.01,"","mirage_joint","trait2","bfdr_observed_fdp",0.01,0
20260833,21,500,15,3000,3000,3000,3000,"fast","control_informative",0.18,8,0.01,"","mirage_joint","trait2","bfdr_estimate",0.01,0.00368742949573582
20260833,21,500,15,3000,3000,3000,3000,"fast","control_informative",0.18,8,0.01,"","mirage_joint","trait2","bfdr_power",0.01,0.3
20260833,21,500,15,3000,3000,3000,3000,"fast","control_informative",0.18,8,0.01,"","mirage_joint","trait2","bfdr_discoveries",0.01,3
20260833,21,500,15,3000,3000,3000,3000,"fast","control_informative",0.18,8,0.01,"","mirage_joint","trait2","bfdr_observed_fdp",0.05,0
20260833,21,500,15,3000,3000,3000,3000,"fast","control_informative",0.18,8,0.01,"","mirage_joint","trait2","bfdr_estimate",0.05,0.00368742949573582
20260833,21,500,15,3000,3000,3000,3000,"fast","control_informative",0.18,8,0.01,"","mirage_joint","trait2","bfdr_power",0.05,0.3
20260833,21,500,15,3000,3000,3000,3000,"fast","control_informative",0.18,8,0.01,"","mirage_joint","trait2","bfdr_discoveries",0.05,3
20260833,21,500,15,3000,3000,3000,3000,"fast","control_informative",0.18,8,0.01,"","mirage_joint","trait2","bfdr_observed_fdp",0.1,0.25
20260833,21,500,15,3000,3000,3000,3000,"fast","control_informative",0.18,8,0.01,"","mirage_joint","trait2","bfdr_estimate",0.1,0.0613475607195637
20260833,21,500,15,3000,3000,3000,3000,"fast","control_informative",0.18,8,0.01,"","mirage_joint","trait2","bfdr_power",0.1,0.3
20260833,21,500,15,3000,3000,3000,3000,"fast","control_informative",0.18,8,0.01,"","mirage_joint","trait2","bfdr_discoveries",0.1,4
20260833,21,500,15,3000,3000,3000,3000,"fast","control_informative",0.18,8,0.01,"","mirage_joint","trait2","bfdr_observed_fdp",0.2,0.4
20260833,21,500,15,3000,3000,3000,3000,"fast","control_informative",0.18,8,0.01,"","mirage_joint","trait2","bfdr_estimate",0.2,0.153823185967011
20260833,21,500,15,3000,3000,3000,3000,"fast","control_informative",0.18,8,0.01,"","mirage_joint","trait2","bfdr_power",0.2,0.3
20260833,21,500,15,3000,3000,3000,3000,"fast","control_informative",0.18,8,0.01,"","mirage_joint","trait2","bfdr_discoveries",0.2,5
20260833,21,500,15,3000,3000,3000,3000,"fast","control_informative",0.18,8,0.01,"","mirage_joint","pleiotropy","bfdr_observed_fdp",0.01,0
20260833,21,500,15,3000,3000,3000,3000,"fast","control_informative",0.18,8,0.01,"","mirage_joint","pleiotropy","bfdr_estimate",0.01,0.00477666630903417
20260833,21,500,15,3000,3000,3000,3000,"fast","control_informative",0.18,8,0.01,"","mirage_joint","pleiotropy","bfdr_power",0.01,0.2
20260833,21,500,15,3000,3000,3000,3000,"fast","control_informative",0.18,8,0.01,"","mirage_joint","pleiotropy","bfdr_discoveries",0.01,1
20260833,21,500,15,3000,3000,3000,3000,"fast","control_informative",0.18,8,0.01,"","mirage_joint","pleiotropy","bfdr_observed_fdp",0.05,0
20260833,21,500,15,3000,3000,3000,3000,"fast","control_informative",0.18,8,0.01,"","mirage_joint","pleiotropy","bfdr_estimate",0.05,0.00477666630903417
20260833,21,500,15,3000,3000,3000,3000,"fast","control_informative",0.18,8,0.01,"","mirage_joint","pleiotropy","bfdr_power",0.05,0.2
20260833,21,500,15,3000,3000,3000,3000,"fast","control_informative",0.18,8,0.01,"","mirage_joint","pleiotropy","bfdr_discoveries",0.05,1
20260833,21,500,15,3000,3000,3000,3000,"fast","control_informative",0.18,8,0.01,"","mirage_joint","pleiotropy","bfdr_observed_fdp",0.1,0
20260833,21,500,15,3000,3000,3000,3000,"fast","control_informative",0.18,8,0.01,"","mirage_joint","pleiotropy","bfdr_estimate",0.1,0.0910548010136687
20260833,21,500,15,3000,3000,3000,3000,"fast","control_informative",0.18,8,0.01,"","mirage_joint","pleiotropy","bfdr_power",0.1,0.4
20260833,21,500,15,3000,3000,3000,3000,"fast","control_informative",0.18,8,0.01,"","mirage_joint","pleiotropy","bfdr_discoveries",0.1,2
20260833,21,500,15,3000,3000,3000,3000,"fast","control_informative",0.18,8,0.01,"","mirage_joint","pleiotropy","bfdr_observed_fdp",0.2,0.25
20260833,21,500,15,3000,3000,3000,3000,"fast","control_informative",0.18,8,0.01,"","mirage_joint","pleiotropy","bfdr_estimate",0.2,0.193096628191081
20260833,21,500,15,3000,3000,3000,3000,"fast","control_informative",0.18,8,0.01,"","mirage_joint","pleiotropy","bfdr_power",0.2,0.6
20260833,21,500,15,3000,3000,3000,3000,"fast","control_informative",0.18,8,0.01,"","mirage_joint","pleiotropy","bfdr_discoveries",0.2,4
20260833,21,500,15,3000,3000,3000,3000,"fast","control_informative",0.18,8,0.01,"","mirage_joint","global","runtime_seconds",NA,18.984
20260833,21,500,15,3000,3000,3000,3000,"fast","control_informative",0.18,8,0.01,"","mirage_joint","pleiotropy","pi11_estimate",NA,0.0300515424311903
20260833,21,500,15,3000,3000,3000,3000,"fast","control_informative",0.18,8,0.01,"","separate_mirage","trait1","auc",NA,0.662905263157895
20260833,21,500,15,3000,3000,3000,3000,"fast","control_informative",0.18,8,0.01,"","separate_mirage","trait2","auc",NA,0.786938775510204
20260833,21,500,15,3000,3000,3000,3000,"fast","control_informative",0.18,8,0.01,"","separate_mirage","pleiotropy","auc",NA,0.849292929292929
20260833,21,500,15,3000,3000,3000,3000,"fast","control_informative",0.18,8,0.01,"","separate_mirage","trait1","pp08_power",0.8,0
20260833,21,500,15,3000,3000,3000,3000,"fast","control_informative",0.18,8,0.01,"","separate_mirage","trait1","pp08_fdp",0.8,0
20260833,21,500,15,3000,3000,3000,3000,"fast","control_informative",0.18,8,0.01,"","separate_mirage","trait1","pp08_discoveries",0.8,0
20260833,21,500,15,3000,3000,3000,3000,"fast","control_informative",0.18,8,0.01,"","separate_mirage","trait2","pp08_power",0.8,0.2
20260833,21,500,15,3000,3000,3000,3000,"fast","control_informative",0.18,8,0.01,"","separate_mirage","trait2","pp08_fdp",0.8,0
20260833,21,500,15,3000,3000,3000,3000,"fast","control_informative",0.18,8,0.01,"","separate_mirage","trait2","pp08_discoveries",0.8,2
20260833,21,500,15,3000,3000,3000,3000,"fast","control_informative",0.18,8,0.01,"","separate_mirage","pleiotropy","pp08_power",0.8,0
20260833,21,500,15,3000,3000,3000,3000,"fast","control_informative",0.18,8,0.01,"","separate_mirage","pleiotropy","pp08_fdp",0.8,0
20260833,21,500,15,3000,3000,3000,3000,"fast","control_informative",0.18,8,0.01,"","separate_mirage","pleiotropy","pp08_discoveries",0.8,0
20260833,21,500,15,3000,3000,3000,3000,"fast","control_informative",0.18,8,0.01,"","separate_mirage","trait1","bfdr_observed_fdp",0.01,0
20260833,21,500,15,3000,3000,3000,3000,"fast","control_informative",0.18,8,0.01,"","separate_mirage","trait1","bfdr_estimate",0.01,0
20260833,21,500,15,3000,3000,3000,3000,"fast","control_informative",0.18,8,0.01,"","separate_mirage","trait1","bfdr_power",0.01,0
20260833,21,500,15,3000,3000,3000,3000,"fast","control_informative",0.18,8,0.01,"","separate_mirage","trait1","bfdr_discoveries",0.01,0
20260833,21,500,15,3000,3000,3000,3000,"fast","control_informative",0.18,8,0.01,"","separate_mirage","trait1","bfdr_observed_fdp",0.05,0
20260833,21,500,15,3000,3000,3000,3000,"fast","control_informative",0.18,8,0.01,"","separate_mirage","trait1","bfdr_estimate",0.05,0
20260833,21,500,15,3000,3000,3000,3000,"fast","control_informative",0.18,8,0.01,"","separate_mirage","trait1","bfdr_power",0.05,0
20260833,21,500,15,3000,3000,3000,3000,"fast","control_informative",0.18,8,0.01,"","separate_mirage","trait1","bfdr_discoveries",0.05,0
20260833,21,500,15,3000,3000,3000,3000,"fast","control_informative",0.18,8,0.01,"","separate_mirage","trait1","bfdr_observed_fdp",0.1,0
20260833,21,500,15,3000,3000,3000,3000,"fast","control_informative",0.18,8,0.01,"","separate_mirage","trait1","bfdr_estimate",0.1,0
20260833,21,500,15,3000,3000,3000,3000,"fast","control_informative",0.18,8,0.01,"","separate_mirage","trait1","bfdr_power",0.1,0
20260833,21,500,15,3000,3000,3000,3000,"fast","control_informative",0.18,8,0.01,"","separate_mirage","trait1","bfdr_discoveries",0.1,0
20260833,21,500,15,3000,3000,3000,3000,"fast","control_informative",0.18,8,0.01,"","separate_mirage","trait1","bfdr_observed_fdp",0.2,0
20260833,21,500,15,3000,3000,3000,3000,"fast","control_informative",0.18,8,0.01,"","separate_mirage","trait1","bfdr_estimate",0.2,0
20260833,21,500,15,3000,3000,3000,3000,"fast","control_informative",0.18,8,0.01,"","separate_mirage","trait1","bfdr_power",0.2,0
20260833,21,500,15,3000,3000,3000,3000,"fast","control_informative",0.18,8,0.01,"","separate_mirage","trait1","bfdr_discoveries",0.2,0
20260833,21,500,15,3000,3000,3000,3000,"fast","control_informative",0.18,8,0.01,"","separate_mirage","trait2","bfdr_observed_fdp",0.01,0
20260833,21,500,15,3000,3000,3000,3000,"fast","control_informative",0.18,8,0.01,"","separate_mirage","trait2","bfdr_estimate",0.01,0.00526944381918842
20260833,21,500,15,3000,3000,3000,3000,"fast","control_informative",0.18,8,0.01,"","separate_mirage","trait2","bfdr_power",0.01,0.2
20260833,21,500,15,3000,3000,3000,3000,"fast","control_informative",0.18,8,0.01,"","separate_mirage","trait2","bfdr_discoveries",0.01,2
20260833,21,500,15,3000,3000,3000,3000,"fast","control_informative",0.18,8,0.01,"","separate_mirage","trait2","bfdr_observed_fdp",0.05,0
20260833,21,500,15,3000,3000,3000,3000,"fast","control_informative",0.18,8,0.01,"","separate_mirage","trait2","bfdr_estimate",0.05,0.00526944381918842
20260833,21,500,15,3000,3000,3000,3000,"fast","control_informative",0.18,8,0.01,"","separate_mirage","trait2","bfdr_power",0.05,0.2
20260833,21,500,15,3000,3000,3000,3000,"fast","control_informative",0.18,8,0.01,"","separate_mirage","trait2","bfdr_discoveries",0.05,2
20260833,21,500,15,3000,3000,3000,3000,"fast","control_informative",0.18,8,0.01,"","separate_mirage","trait2","bfdr_observed_fdp",0.1,0.333333333333333
20260833,21,500,15,3000,3000,3000,3000,"fast","control_informative",0.18,8,0.01,"","separate_mirage","trait2","bfdr_estimate",0.1,0.087155644898462
20260833,21,500,15,3000,3000,3000,3000,"fast","control_informative",0.18,8,0.01,"","separate_mirage","trait2","bfdr_power",0.1,0.2
20260833,21,500,15,3000,3000,3000,3000,"fast","control_informative",0.18,8,0.01,"","separate_mirage","trait2","bfdr_discoveries",0.1,3
20260833,21,500,15,3000,3000,3000,3000,"fast","control_informative",0.18,8,0.01,"","separate_mirage","trait2","bfdr_observed_fdp",0.2,0.25
20260833,21,500,15,3000,3000,3000,3000,"fast","control_informative",0.18,8,0.01,"","separate_mirage","trait2","bfdr_estimate",0.2,0.128114331619976
20260833,21,500,15,3000,3000,3000,3000,"fast","control_informative",0.18,8,0.01,"","separate_mirage","trait2","bfdr_power",0.2,0.3
20260833,21,500,15,3000,3000,3000,3000,"fast","control_informative",0.18,8,0.01,"","separate_mirage","trait2","bfdr_discoveries",0.2,4
20260833,21,500,15,3000,3000,3000,3000,"fast","control_informative",0.18,8,0.01,"","separate_mirage","pleiotropy","bfdr_observed_fdp",0.01,0
20260833,21,500,15,3000,3000,3000,3000,"fast","control_informative",0.18,8,0.01,"","separate_mirage","pleiotropy","bfdr_estimate",0.01,0
20260833,21,500,15,3000,3000,3000,3000,"fast","control_informative",0.18,8,0.01,"","separate_mirage","pleiotropy","bfdr_power",0.01,0
20260833,21,500,15,3000,3000,3000,3000,"fast","control_informative",0.18,8,0.01,"","separate_mirage","pleiotropy","bfdr_discoveries",0.01,0
20260833,21,500,15,3000,3000,3000,3000,"fast","control_informative",0.18,8,0.01,"","separate_mirage","pleiotropy","bfdr_observed_fdp",0.05,0
20260833,21,500,15,3000,3000,3000,3000,"fast","control_informative",0.18,8,0.01,"","separate_mirage","pleiotropy","bfdr_estimate",0.05,0
20260833,21,500,15,3000,3000,3000,3000,"fast","control_informative",0.18,8,0.01,"","separate_mirage","pleiotropy","bfdr_power",0.05,0
20260833,21,500,15,3000,3000,3000,3000,"fast","control_informative",0.18,8,0.01,"","separate_mirage","pleiotropy","bfdr_discoveries",0.05,0
20260833,21,500,15,3000,3000,3000,3000,"fast","control_informative",0.18,8,0.01,"","separate_mirage","pleiotropy","bfdr_observed_fdp",0.1,0
20260833,21,500,15,3000,3000,3000,3000,"fast","control_informative",0.18,8,0.01,"","separate_mirage","pleiotropy","bfdr_estimate",0.1,0
20260833,21,500,15,3000,3000,3000,3000,"fast","control_informative",0.18,8,0.01,"","separate_mirage","pleiotropy","bfdr_power",0.1,0
20260833,21,500,15,3000,3000,3000,3000,"fast","control_informative",0.18,8,0.01,"","separate_mirage","pleiotropy","bfdr_discoveries",0.1,0
20260833,21,500,15,3000,3000,3000,3000,"fast","control_informative",0.18,8,0.01,"","separate_mirage","pleiotropy","bfdr_observed_fdp",0.2,0
20260833,21,500,15,3000,3000,3000,3000,"fast","control_informative",0.18,8,0.01,"","separate_mirage","pleiotropy","bfdr_estimate",0.2,0
20260833,21,500,15,3000,3000,3000,3000,"fast","control_informative",0.18,8,0.01,"","separate_mirage","pleiotropy","bfdr_power",0.2,0
20260833,21,500,15,3000,3000,3000,3000,"fast","control_informative",0.18,8,0.01,"","separate_mirage","pleiotropy","bfdr_discoveries",0.2,0
20260833,21,500,15,3000,3000,3000,3000,"fast","control_informative",0.18,8,0.01,"","separate_mirage","global","runtime_seconds",NA,18.7280000000001
20260833,21,500,15,3000,3000,3000,3000,"fast","control_informative",0.18,8,0.01,"","separate_mirage","pleiotropy","pi11_estimate",NA,0.001
20260833,21,500,15,3000,3000,3000,3000,"fast","control_informative",0.18,8,0.01,"","mtada_aggregated","trait1","auc",NA,0.603031578947368
20260833,21,500,15,3000,3000,3000,3000,"fast","control_informative",0.18,8,0.01,"","mtada_aggregated","trait2","auc",NA,0.646836734693878
20260833,21,500,15,3000,3000,3000,3000,"fast","control_informative",0.18,8,0.01,"","mtada_aggregated","pleiotropy","auc",NA,0.898989898989899
20260833,21,500,15,3000,3000,3000,3000,"fast","control_informative",0.18,8,0.01,"","mtada_aggregated","trait1","pp08_power",0.8,0.76
20260833,21,500,15,3000,3000,3000,3000,"fast","control_informative",0.18,8,0.01,"","mtada_aggregated","trait1","pp08_fdp",0.8,0.935153583617747
20260833,21,500,15,3000,3000,3000,3000,"fast","control_informative",0.18,8,0.01,"","mtada_aggregated","trait1","pp08_discoveries",0.8,293
20260833,21,500,15,3000,3000,3000,3000,"fast","control_informative",0.18,8,0.01,"","mtada_aggregated","trait2","pp08_power",0.8,0.7
20260833,21,500,15,3000,3000,3000,3000,"fast","control_informative",0.18,8,0.01,"","mtada_aggregated","trait2","pp08_fdp",0.8,0.972222222222222
20260833,21,500,15,3000,3000,3000,3000,"fast","control_informative",0.18,8,0.01,"","mtada_aggregated","trait2","pp08_discoveries",0.8,252
20260833,21,500,15,3000,3000,3000,3000,"fast","control_informative",0.18,8,0.01,"","mtada_aggregated","pleiotropy","pp08_power",0.8,1
20260833,21,500,15,3000,3000,3000,3000,"fast","control_informative",0.18,8,0.01,"","mtada_aggregated","pleiotropy","pp08_fdp",0.8,0.967741935483871
20260833,21,500,15,3000,3000,3000,3000,"fast","control_informative",0.18,8,0.01,"","mtada_aggregated","pleiotropy","pp08_discoveries",0.8,155
20260833,21,500,15,3000,3000,3000,3000,"fast","control_informative",0.18,8,0.01,"","mtada_aggregated","trait1","bfdr_observed_fdp",0.01,0.937282229965157
20260833,21,500,15,3000,3000,3000,3000,"fast","control_informative",0.18,8,0.01,"","mtada_aggregated","trait1","bfdr_estimate",0.01,0.00997089293080946
20260833,21,500,15,3000,3000,3000,3000,"fast","control_informative",0.18,8,0.01,"","mtada_aggregated","trait1","bfdr_power",0.01,0.72
20260833,21,500,15,3000,3000,3000,3000,"fast","control_informative",0.18,8,0.01,"","mtada_aggregated","trait1","bfdr_discoveries",0.01,287
20260833,21,500,15,3000,3000,3000,3000,"fast","control_informative",0.18,8,0.01,"","mtada_aggregated","trait1","bfdr_observed_fdp",0.05,0.934375
20260833,21,500,15,3000,3000,3000,3000,"fast","control_informative",0.18,8,0.01,"","mtada_aggregated","trait1","bfdr_estimate",0.05,0.0498221673092852
20260833,21,500,15,3000,3000,3000,3000,"fast","control_informative",0.18,8,0.01,"","mtada_aggregated","trait1","bfdr_power",0.05,0.84
20260833,21,500,15,3000,3000,3000,3000,"fast","control_informative",0.18,8,0.01,"","mtada_aggregated","trait1","bfdr_discoveries",0.05,320
20260833,21,500,15,3000,3000,3000,3000,"fast","control_informative",0.18,8,0.01,"","mtada_aggregated","trait1","bfdr_observed_fdp",0.1,0.936046511627907
20260833,21,500,15,3000,3000,3000,3000,"fast","control_informative",0.18,8,0.01,"","mtada_aggregated","trait1","bfdr_estimate",0.1,0.0997383940349328
20260833,21,500,15,3000,3000,3000,3000,"fast","control_informative",0.18,8,0.01,"","mtada_aggregated","trait1","bfdr_power",0.1,0.88
20260833,21,500,15,3000,3000,3000,3000,"fast","control_informative",0.18,8,0.01,"","mtada_aggregated","trait1","bfdr_discoveries",0.1,344
20260833,21,500,15,3000,3000,3000,3000,"fast","control_informative",0.18,8,0.01,"","mtada_aggregated","trait1","bfdr_observed_fdp",0.2,0.941025641025641
20260833,21,500,15,3000,3000,3000,3000,"fast","control_informative",0.18,8,0.01,"","mtada_aggregated","trait1","bfdr_estimate",0.2,0.198883114968054
20260833,21,500,15,3000,3000,3000,3000,"fast","control_informative",0.18,8,0.01,"","mtada_aggregated","trait1","bfdr_power",0.2,0.92
20260833,21,500,15,3000,3000,3000,3000,"fast","control_informative",0.18,8,0.01,"","mtada_aggregated","trait1","bfdr_discoveries",0.2,390
20260833,21,500,15,3000,3000,3000,3000,"fast","control_informative",0.18,8,0.01,"","mtada_aggregated","trait2","bfdr_observed_fdp",0.01,0.972111553784861
20260833,21,500,15,3000,3000,3000,3000,"fast","control_informative",0.18,8,0.01,"","mtada_aggregated","trait2","bfdr_estimate",0.01,0.00939725041801083
20260833,21,500,15,3000,3000,3000,3000,"fast","control_informative",0.18,8,0.01,"","mtada_aggregated","trait2","bfdr_power",0.01,0.7
20260833,21,500,15,3000,3000,3000,3000,"fast","control_informative",0.18,8,0.01,"","mtada_aggregated","trait2","bfdr_discoveries",0.01,251
20260833,21,500,15,3000,3000,3000,3000,"fast","control_informative",0.18,8,0.01,"","mtada_aggregated","trait2","bfdr_observed_fdp",0.05,0.97463768115942
20260833,21,500,15,3000,3000,3000,3000,"fast","control_informative",0.18,8,0.01,"","mtada_aggregated","trait2","bfdr_estimate",0.05,0.0486222154157207
20260833,21,500,15,3000,3000,3000,3000,"fast","control_informative",0.18,8,0.01,"","mtada_aggregated","trait2","bfdr_power",0.05,0.7
20260833,21,500,15,3000,3000,3000,3000,"fast","control_informative",0.18,8,0.01,"","mtada_aggregated","trait2","bfdr_discoveries",0.05,276
20260833,21,500,15,3000,3000,3000,3000,"fast","control_informative",0.18,8,0.01,"","mtada_aggregated","trait2","bfdr_observed_fdp",0.1,0.969594594594595
20260833,21,500,15,3000,3000,3000,3000,"fast","control_informative",0.18,8,0.01,"","mtada_aggregated","trait2","bfdr_estimate",0.1,0.0976524938073066
20260833,21,500,15,3000,3000,3000,3000,"fast","control_informative",0.18,8,0.01,"","mtada_aggregated","trait2","bfdr_power",0.1,0.9
20260833,21,500,15,3000,3000,3000,3000,"fast","control_informative",0.18,8,0.01,"","mtada_aggregated","trait2","bfdr_discoveries",0.1,296
20260833,21,500,15,3000,3000,3000,3000,"fast","control_informative",0.18,8,0.01,"","mtada_aggregated","trait2","bfdr_observed_fdp",0.2,0.973293768545994
20260833,21,500,15,3000,3000,3000,3000,"fast","control_informative",0.18,8,0.01,"","mtada_aggregated","trait2","bfdr_estimate",0.2,0.199104803865208
20260833,21,500,15,3000,3000,3000,3000,"fast","control_informative",0.18,8,0.01,"","mtada_aggregated","trait2","bfdr_power",0.2,0.9
20260833,21,500,15,3000,3000,3000,3000,"fast","control_informative",0.18,8,0.01,"","mtada_aggregated","trait2","bfdr_discoveries",0.2,337
20260833,21,500,15,3000,3000,3000,3000,"fast","control_informative",0.18,8,0.01,"","mtada_aggregated","pleiotropy","bfdr_observed_fdp",0.01,0.962962962962963
20260833,21,500,15,3000,3000,3000,3000,"fast","control_informative",0.18,8,0.01,"","mtada_aggregated","pleiotropy","bfdr_estimate",0.01,0.00997663559877388
20260833,21,500,15,3000,3000,3000,3000,"fast","control_informative",0.18,8,0.01,"","mtada_aggregated","pleiotropy","bfdr_power",0.01,1
20260833,21,500,15,3000,3000,3000,3000,"fast","control_informative",0.18,8,0.01,"","mtada_aggregated","pleiotropy","bfdr_discoveries",0.01,135
20260833,21,500,15,3000,3000,3000,3000,"fast","control_informative",0.18,8,0.01,"","mtada_aggregated","pleiotropy","bfdr_observed_fdp",0.05,0.970238095238095
20260833,21,500,15,3000,3000,3000,3000,"fast","control_informative",0.18,8,0.01,"","mtada_aggregated","pleiotropy","bfdr_estimate",0.05,0.0491445639168527
20260833,21,500,15,3000,3000,3000,3000,"fast","control_informative",0.18,8,0.01,"","mtada_aggregated","pleiotropy","bfdr_power",0.05,1
20260833,21,500,15,3000,3000,3000,3000,"fast","control_informative",0.18,8,0.01,"","mtada_aggregated","pleiotropy","bfdr_discoveries",0.05,168
20260833,21,500,15,3000,3000,3000,3000,"fast","control_informative",0.18,8,0.01,"","mtada_aggregated","pleiotropy","bfdr_observed_fdp",0.1,0.973262032085562
20260833,21,500,15,3000,3000,3000,3000,"fast","control_informative",0.18,8,0.01,"","mtada_aggregated","pleiotropy","bfdr_estimate",0.1,0.098102619155811
20260833,21,500,15,3000,3000,3000,3000,"fast","control_informative",0.18,8,0.01,"","mtada_aggregated","pleiotropy","bfdr_power",0.1,1
20260833,21,500,15,3000,3000,3000,3000,"fast","control_informative",0.18,8,0.01,"","mtada_aggregated","pleiotropy","bfdr_discoveries",0.1,187
20260833,21,500,15,3000,3000,3000,3000,"fast","control_informative",0.18,8,0.01,"","mtada_aggregated","pleiotropy","bfdr_observed_fdp",0.2,0.977272727272727
20260833,21,500,15,3000,3000,3000,3000,"fast","control_informative",0.18,8,0.01,"","mtada_aggregated","pleiotropy","bfdr_estimate",0.2,0.198694698494897
20260833,21,500,15,3000,3000,3000,3000,"fast","control_informative",0.18,8,0.01,"","mtada_aggregated","pleiotropy","bfdr_power",0.2,1
20260833,21,500,15,3000,3000,3000,3000,"fast","control_informative",0.18,8,0.01,"","mtada_aggregated","pleiotropy","bfdr_discoveries",0.2,220
20260833,21,500,15,3000,3000,3000,3000,"fast","control_informative",0.18,8,0.01,"","mtada_aggregated","global","runtime_seconds",NA,0.761000000000081
20260833,21,500,15,3000,3000,3000,3000,"fast","control_informative",0.18,8,0.01,"","mtada_aggregated","pleiotropy","pi11_estimate",NA,0.00803709
20260834,22,500,15,3000,3000,3000,3000,"fast","control_informative",0.18,8,0.01,"","mirage_joint","trait1","auc",NA,0.803957894736842
20260834,22,500,15,3000,3000,3000,3000,"fast","control_informative",0.18,8,0.01,"","mirage_joint","trait2","auc",NA,0.606938775510204
20260834,22,500,15,3000,3000,3000,3000,"fast","control_informative",0.18,8,0.01,"","mirage_joint","pleiotropy","auc",NA,0.669090909090909
20260834,22,500,15,3000,3000,3000,3000,"fast","control_informative",0.18,8,0.01,"","mirage_joint","trait1","pp08_power",0.8,0.2
20260834,22,500,15,3000,3000,3000,3000,"fast","control_informative",0.18,8,0.01,"","mirage_joint","trait1","pp08_fdp",0.8,0
20260834,22,500,15,3000,3000,3000,3000,"fast","control_informative",0.18,8,0.01,"","mirage_joint","trait1","pp08_discoveries",0.8,5
20260834,22,500,15,3000,3000,3000,3000,"fast","control_informative",0.18,8,0.01,"","mirage_joint","trait2","pp08_power",0.8,0.2
20260834,22,500,15,3000,3000,3000,3000,"fast","control_informative",0.18,8,0.01,"","mirage_joint","trait2","pp08_fdp",0.8,0.333333333333333
20260834,22,500,15,3000,3000,3000,3000,"fast","control_informative",0.18,8,0.01,"","mirage_joint","trait2","pp08_discoveries",0.8,3
20260834,22,500,15,3000,3000,3000,3000,"fast","control_informative",0.18,8,0.01,"","mirage_joint","pleiotropy","pp08_power",0.8,0
20260834,22,500,15,3000,3000,3000,3000,"fast","control_informative",0.18,8,0.01,"","mirage_joint","pleiotropy","pp08_fdp",0.8,0
20260834,22,500,15,3000,3000,3000,3000,"fast","control_informative",0.18,8,0.01,"","mirage_joint","pleiotropy","pp08_discoveries",0.8,0
20260834,22,500,15,3000,3000,3000,3000,"fast","control_informative",0.18,8,0.01,"","mirage_joint","trait1","bfdr_observed_fdp",0.01,0
20260834,22,500,15,3000,3000,3000,3000,"fast","control_informative",0.18,8,0.01,"","mirage_joint","trait1","bfdr_estimate",0.01,0.009659808616822
20260834,22,500,15,3000,3000,3000,3000,"fast","control_informative",0.18,8,0.01,"","mirage_joint","trait1","bfdr_power",0.01,0.16
20260834,22,500,15,3000,3000,3000,3000,"fast","control_informative",0.18,8,0.01,"","mirage_joint","trait1","bfdr_discoveries",0.01,4
20260834,22,500,15,3000,3000,3000,3000,"fast","control_informative",0.18,8,0.01,"","mirage_joint","trait1","bfdr_observed_fdp",0.05,0
20260834,22,500,15,3000,3000,3000,3000,"fast","control_informative",0.18,8,0.01,"","mirage_joint","trait1","bfdr_estimate",0.05,0.0150799654327196
20260834,22,500,15,3000,3000,3000,3000,"fast","control_informative",0.18,8,0.01,"","mirage_joint","trait1","bfdr_power",0.05,0.2
20260834,22,500,15,3000,3000,3000,3000,"fast","control_informative",0.18,8,0.01,"","mirage_joint","trait1","bfdr_discoveries",0.05,5
20260834,22,500,15,3000,3000,3000,3000,"fast","control_informative",0.18,8,0.01,"","mirage_joint","trait1","bfdr_observed_fdp",0.1,0
20260834,22,500,15,3000,3000,3000,3000,"fast","control_informative",0.18,8,0.01,"","mirage_joint","trait1","bfdr_estimate",0.1,0.0579707372089001
20260834,22,500,15,3000,3000,3000,3000,"fast","control_informative",0.18,8,0.01,"","mirage_joint","trait1","bfdr_power",0.1,0.24
20260834,22,500,15,3000,3000,3000,3000,"fast","control_informative",0.18,8,0.01,"","mirage_joint","trait1","bfdr_discoveries",0.1,6
20260834,22,500,15,3000,3000,3000,3000,"fast","control_informative",0.18,8,0.01,"","mirage_joint","trait1","bfdr_observed_fdp",0.2,0.25
20260834,22,500,15,3000,3000,3000,3000,"fast","control_informative",0.18,8,0.01,"","mirage_joint","trait1","bfdr_estimate",0.2,0.165904799699679
20260834,22,500,15,3000,3000,3000,3000,"fast","control_informative",0.18,8,0.01,"","mirage_joint","trait1","bfdr_power",0.2,0.24
20260834,22,500,15,3000,3000,3000,3000,"fast","control_informative",0.18,8,0.01,"","mirage_joint","trait1","bfdr_discoveries",0.2,8
20260834,22,500,15,3000,3000,3000,3000,"fast","control_informative",0.18,8,0.01,"","mirage_joint","trait2","bfdr_observed_fdp",0.01,0
20260834,22,500,15,3000,3000,3000,3000,"fast","control_informative",0.18,8,0.01,"","mirage_joint","trait2","bfdr_estimate",0.01,0.000163632615848619
20260834,22,500,15,3000,3000,3000,3000,"fast","control_informative",0.18,8,0.01,"","mirage_joint","trait2","bfdr_power",0.01,0.1
20260834,22,500,15,3000,3000,3000,3000,"fast","control_informative",0.18,8,0.01,"","mirage_joint","trait2","bfdr_discoveries",0.01,1
20260834,22,500,15,3000,3000,3000,3000,"fast","control_informative",0.18,8,0.01,"","mirage_joint","trait2","bfdr_observed_fdp",0.05,0.5
20260834,22,500,15,3000,3000,3000,3000,"fast","control_informative",0.18,8,0.01,"","mirage_joint","trait2","bfdr_estimate",0.05,0.0277830420455338
20260834,22,500,15,3000,3000,3000,3000,"fast","control_informative",0.18,8,0.01,"","mirage_joint","trait2","bfdr_power",0.05,0.1
20260834,22,500,15,3000,3000,3000,3000,"fast","control_informative",0.18,8,0.01,"","mirage_joint","trait2","bfdr_discoveries",0.05,2
20260834,22,500,15,3000,3000,3000,3000,"fast","control_informative",0.18,8,0.01,"","mirage_joint","trait2","bfdr_observed_fdp",0.1,0.333333333333333
20260834,22,500,15,3000,3000,3000,3000,"fast","control_informative",0.18,8,0.01,"","mirage_joint","trait2","bfdr_estimate",0.1,0.0633047634795241
20260834,22,500,15,3000,3000,3000,3000,"fast","control_informative",0.18,8,0.01,"","mirage_joint","trait2","bfdr_power",0.1,0.2
20260834,22,500,15,3000,3000,3000,3000,"fast","control_informative",0.18,8,0.01,"","mirage_joint","trait2","bfdr_discoveries",0.1,3
20260834,22,500,15,3000,3000,3000,3000,"fast","control_informative",0.18,8,0.01,"","mirage_joint","trait2","bfdr_observed_fdp",0.2,0.25
20260834,22,500,15,3000,3000,3000,3000,"fast","control_informative",0.18,8,0.01,"","mirage_joint","trait2","bfdr_estimate",0.2,0.154187979804911
20260834,22,500,15,3000,3000,3000,3000,"fast","control_informative",0.18,8,0.01,"","mirage_joint","trait2","bfdr_power",0.2,0.3
20260834,22,500,15,3000,3000,3000,3000,"fast","control_informative",0.18,8,0.01,"","mirage_joint","trait2","bfdr_discoveries",0.2,4
20260834,22,500,15,3000,3000,3000,3000,"fast","control_informative",0.18,8,0.01,"","mirage_joint","pleiotropy","bfdr_observed_fdp",0.01,0
20260834,22,500,15,3000,3000,3000,3000,"fast","control_informative",0.18,8,0.01,"","mirage_joint","pleiotropy","bfdr_estimate",0.01,0
20260834,22,500,15,3000,3000,3000,3000,"fast","control_informative",0.18,8,0.01,"","mirage_joint","pleiotropy","bfdr_power",0.01,0
20260834,22,500,15,3000,3000,3000,3000,"fast","control_informative",0.18,8,0.01,"","mirage_joint","pleiotropy","bfdr_discoveries",0.01,0
20260834,22,500,15,3000,3000,3000,3000,"fast","control_informative",0.18,8,0.01,"","mirage_joint","pleiotropy","bfdr_observed_fdp",0.05,0
20260834,22,500,15,3000,3000,3000,3000,"fast","control_informative",0.18,8,0.01,"","mirage_joint","pleiotropy","bfdr_estimate",0.05,0
20260834,22,500,15,3000,3000,3000,3000,"fast","control_informative",0.18,8,0.01,"","mirage_joint","pleiotropy","bfdr_power",0.05,0
20260834,22,500,15,3000,3000,3000,3000,"fast","control_informative",0.18,8,0.01,"","mirage_joint","pleiotropy","bfdr_discoveries",0.05,0
20260834,22,500,15,3000,3000,3000,3000,"fast","control_informative",0.18,8,0.01,"","mirage_joint","pleiotropy","bfdr_observed_fdp",0.1,0
20260834,22,500,15,3000,3000,3000,3000,"fast","control_informative",0.18,8,0.01,"","mirage_joint","pleiotropy","bfdr_estimate",0.1,0
20260834,22,500,15,3000,3000,3000,3000,"fast","control_informative",0.18,8,0.01,"","mirage_joint","pleiotropy","bfdr_power",0.1,0
20260834,22,500,15,3000,3000,3000,3000,"fast","control_informative",0.18,8,0.01,"","mirage_joint","pleiotropy","bfdr_discoveries",0.1,0
20260834,22,500,15,3000,3000,3000,3000,"fast","control_informative",0.18,8,0.01,"","mirage_joint","pleiotropy","bfdr_observed_fdp",0.2,0
20260834,22,500,15,3000,3000,3000,3000,"fast","control_informative",0.18,8,0.01,"","mirage_joint","pleiotropy","bfdr_estimate",0.2,0
20260834,22,500,15,3000,3000,3000,3000,"fast","control_informative",0.18,8,0.01,"","mirage_joint","pleiotropy","bfdr_power",0.2,0
20260834,22,500,15,3000,3000,3000,3000,"fast","control_informative",0.18,8,0.01,"","mirage_joint","pleiotropy","bfdr_discoveries",0.2,0
20260834,22,500,15,3000,3000,3000,3000,"fast","control_informative",0.18,8,0.01,"","mirage_joint","global","runtime_seconds",NA,18.53
20260834,22,500,15,3000,3000,3000,3000,"fast","control_informative",0.18,8,0.01,"","mirage_joint","pleiotropy","pi11_estimate",NA,0.00981406448789327
20260834,22,500,15,3000,3000,3000,3000,"fast","control_informative",0.18,8,0.01,"","separate_mirage","trait1","auc",NA,0.799494736842105
20260834,22,500,15,3000,3000,3000,3000,"fast","control_informative",0.18,8,0.01,"","separate_mirage","trait2","auc",NA,0.641428571428571
20260834,22,500,15,3000,3000,3000,3000,"fast","control_informative",0.18,8,0.01,"","separate_mirage","pleiotropy","auc",NA,0.68040404040404
20260834,22,500,15,3000,3000,3000,3000,"fast","control_informative",0.18,8,0.01,"","separate_mirage","trait1","pp08_power",0.8,0.2
20260834,22,500,15,3000,3000,3000,3000,"fast","control_informative",0.18,8,0.01,"","separate_mirage","trait1","pp08_fdp",0.8,0
20260834,22,500,15,3000,3000,3000,3000,"fast","control_informative",0.18,8,0.01,"","separate_mirage","trait1","pp08_discoveries",0.8,5
20260834,22,500,15,3000,3000,3000,3000,"fast","control_informative",0.18,8,0.01,"","separate_mirage","trait2","pp08_power",0.8,0.2
20260834,22,500,15,3000,3000,3000,3000,"fast","control_informative",0.18,8,0.01,"","separate_mirage","trait2","pp08_fdp",0.8,0.333333333333333
20260834,22,500,15,3000,3000,3000,3000,"fast","control_informative",0.18,8,0.01,"","separate_mirage","trait2","pp08_discoveries",0.8,3
20260834,22,500,15,3000,3000,3000,3000,"fast","control_informative",0.18,8,0.01,"","separate_mirage","pleiotropy","pp08_power",0.8,0
20260834,22,500,15,3000,3000,3000,3000,"fast","control_informative",0.18,8,0.01,"","separate_mirage","pleiotropy","pp08_fdp",0.8,0
20260834,22,500,15,3000,3000,3000,3000,"fast","control_informative",0.18,8,0.01,"","separate_mirage","pleiotropy","pp08_discoveries",0.8,0
20260834,22,500,15,3000,3000,3000,3000,"fast","control_informative",0.18,8,0.01,"","separate_mirage","trait1","bfdr_observed_fdp",0.01,0
20260834,22,500,15,3000,3000,3000,3000,"fast","control_informative",0.18,8,0.01,"","separate_mirage","trait1","bfdr_estimate",0.01,0.00952892877503009
20260834,22,500,15,3000,3000,3000,3000,"fast","control_informative",0.18,8,0.01,"","separate_mirage","trait1","bfdr_power",0.01,0.04
20260834,22,500,15,3000,3000,3000,3000,"fast","control_informative",0.18,8,0.01,"","separate_mirage","trait1","bfdr_discoveries",0.01,1
20260834,22,500,15,3000,3000,3000,3000,"fast","control_informative",0.18,8,0.01,"","separate_mirage","trait1","bfdr_observed_fdp",0.05,0
20260834,22,500,15,3000,3000,3000,3000,"fast","control_informative",0.18,8,0.01,"","separate_mirage","trait1","bfdr_estimate",0.05,0.0323434923584799
20260834,22,500,15,3000,3000,3000,3000,"fast","control_informative",0.18,8,0.01,"","separate_mirage","trait1","bfdr_power",0.05,0.2
20260834,22,500,15,3000,3000,3000,3000,"fast","control_informative",0.18,8,0.01,"","separate_mirage","trait1","bfdr_discoveries",0.05,5
20260834,22,500,15,3000,3000,3000,3000,"fast","control_informative",0.18,8,0.01,"","separate_mirage","trait1","bfdr_observed_fdp",0.1,0
20260834,22,500,15,3000,3000,3000,3000,"fast","control_informative",0.18,8,0.01,"","separate_mirage","trait1","bfdr_estimate",0.1,0.098683081858063
20260834,22,500,15,3000,3000,3000,3000,"fast","control_informative",0.18,8,0.01,"","separate_mirage","trait1","bfdr_power",0.1,0.24
20260834,22,500,15,3000,3000,3000,3000,"fast","control_informative",0.18,8,0.01,"","separate_mirage","trait1","bfdr_discoveries",0.1,6
20260834,22,500,15,3000,3000,3000,3000,"fast","control_informative",0.18,8,0.01,"","separate_mirage","trait1","bfdr_observed_fdp",0.2,0
20260834,22,500,15,3000,3000,3000,3000,"fast","control_informative",0.18,8,0.01,"","separate_mirage","trait1","bfdr_estimate",0.2,0.170812102958163
20260834,22,500,15,3000,3000,3000,3000,"fast","control_informative",0.18,8,0.01,"","separate_mirage","trait1","bfdr_power",0.2,0.28
20260834,22,500,15,3000,3000,3000,3000,"fast","control_informative",0.18,8,0.01,"","separate_mirage","trait1","bfdr_discoveries",0.2,7
20260834,22,500,15,3000,3000,3000,3000,"fast","control_informative",0.18,8,0.01,"","separate_mirage","trait2","bfdr_observed_fdp",0.01,0
20260834,22,500,15,3000,3000,3000,3000,"fast","control_informative",0.18,8,0.01,"","separate_mirage","trait2","bfdr_estimate",0.01,0.000188507161080098
20260834,22,500,15,3000,3000,3000,3000,"fast","control_informative",0.18,8,0.01,"","separate_mirage","trait2","bfdr_power",0.01,0.1
20260834,22,500,15,3000,3000,3000,3000,"fast","control_informative",0.18,8,0.01,"","separate_mirage","trait2","bfdr_discoveries",0.01,1
20260834,22,500,15,3000,3000,3000,3000,"fast","control_informative",0.18,8,0.01,"","separate_mirage","trait2","bfdr_observed_fdp",0.05,0
20260834,22,500,15,3000,3000,3000,3000,"fast","control_informative",0.18,8,0.01,"","separate_mirage","trait2","bfdr_estimate",0.05,0.000188507161080098
20260834,22,500,15,3000,3000,3000,3000,"fast","control_informative",0.18,8,0.01,"","separate_mirage","trait2","bfdr_power",0.05,0.1
20260834,22,500,15,3000,3000,3000,3000,"fast","control_informative",0.18,8,0.01,"","separate_mirage","trait2","bfdr_discoveries",0.05,1
20260834,22,500,15,3000,3000,3000,3000,"fast","control_informative",0.18,8,0.01,"","separate_mirage","trait2","bfdr_observed_fdp",0.1,0.333333333333333
20260834,22,500,15,3000,3000,3000,3000,"fast","control_informative",0.18,8,0.01,"","separate_mirage","trait2","bfdr_estimate",0.1,0.0935446246107067
20260834,22,500,15,3000,3000,3000,3000,"fast","control_informative",0.18,8,0.01,"","separate_mirage","trait2","bfdr_power",0.1,0.2
20260834,22,500,15,3000,3000,3000,3000,"fast","control_informative",0.18,8,0.01,"","separate_mirage","trait2","bfdr_discoveries",0.1,3
20260834,22,500,15,3000,3000,3000,3000,"fast","control_informative",0.18,8,0.01,"","separate_mirage","trait2","bfdr_observed_fdp",0.2,0.333333333333333
20260834,22,500,15,3000,3000,3000,3000,"fast","control_informative",0.18,8,0.01,"","separate_mirage","trait2","bfdr_estimate",0.2,0.0935446246107067
20260834,22,500,15,3000,3000,3000,3000,"fast","control_informative",0.18,8,0.01,"","separate_mirage","trait2","bfdr_power",0.2,0.2
20260834,22,500,15,3000,3000,3000,3000,"fast","control_informative",0.18,8,0.01,"","separate_mirage","trait2","bfdr_discoveries",0.2,3
20260834,22,500,15,3000,3000,3000,3000,"fast","control_informative",0.18,8,0.01,"","separate_mirage","pleiotropy","bfdr_observed_fdp",0.01,0
20260834,22,500,15,3000,3000,3000,3000,"fast","control_informative",0.18,8,0.01,"","separate_mirage","pleiotropy","bfdr_estimate",0.01,0
20260834,22,500,15,3000,3000,3000,3000,"fast","control_informative",0.18,8,0.01,"","separate_mirage","pleiotropy","bfdr_power",0.01,0
20260834,22,500,15,3000,3000,3000,3000,"fast","control_informative",0.18,8,0.01,"","separate_mirage","pleiotropy","bfdr_discoveries",0.01,0
20260834,22,500,15,3000,3000,3000,3000,"fast","control_informative",0.18,8,0.01,"","separate_mirage","pleiotropy","bfdr_observed_fdp",0.05,0
20260834,22,500,15,3000,3000,3000,3000,"fast","control_informative",0.18,8,0.01,"","separate_mirage","pleiotropy","bfdr_estimate",0.05,0
20260834,22,500,15,3000,3000,3000,3000,"fast","control_informative",0.18,8,0.01,"","separate_mirage","pleiotropy","bfdr_power",0.05,0
20260834,22,500,15,3000,3000,3000,3000,"fast","control_informative",0.18,8,0.01,"","separate_mirage","pleiotropy","bfdr_discoveries",0.05,0
20260834,22,500,15,3000,3000,3000,3000,"fast","control_informative",0.18,8,0.01,"","separate_mirage","pleiotropy","bfdr_observed_fdp",0.1,0
20260834,22,500,15,3000,3000,3000,3000,"fast","control_informative",0.18,8,0.01,"","separate_mirage","pleiotropy","bfdr_estimate",0.1,0
20260834,22,500,15,3000,3000,3000,3000,"fast","control_informative",0.18,8,0.01,"","separate_mirage","pleiotropy","bfdr_power",0.1,0
20260834,22,500,15,3000,3000,3000,3000,"fast","control_informative",0.18,8,0.01,"","separate_mirage","pleiotropy","bfdr_discoveries",0.1,0
20260834,22,500,15,3000,3000,3000,3000,"fast","control_informative",0.18,8,0.01,"","separate_mirage","pleiotropy","bfdr_observed_fdp",0.2,0
20260834,22,500,15,3000,3000,3000,3000,"fast","control_informative",0.18,8,0.01,"","separate_mirage","pleiotropy","bfdr_estimate",0.2,0
20260834,22,500,15,3000,3000,3000,3000,"fast","control_informative",0.18,8,0.01,"","separate_mirage","pleiotropy","bfdr_power",0.2,0
20260834,22,500,15,3000,3000,3000,3000,"fast","control_informative",0.18,8,0.01,"","separate_mirage","pleiotropy","bfdr_discoveries",0.2,0
20260834,22,500,15,3000,3000,3000,3000,"fast","control_informative",0.18,8,0.01,"","separate_mirage","global","runtime_seconds",NA,18.567
20260834,22,500,15,3000,3000,3000,3000,"fast","control_informative",0.18,8,0.01,"","separate_mirage","pleiotropy","pi11_estimate",NA,0.001
20260834,22,500,15,3000,3000,3000,3000,"fast","control_informative",0.18,8,0.01,"","mtada_aggregated","trait1","auc",NA,0.530189473684211
20260834,22,500,15,3000,3000,3000,3000,"fast","control_informative",0.18,8,0.01,"","mtada_aggregated","trait2","auc",NA,0.519387755102041
20260834,22,500,15,3000,3000,3000,3000,"fast","control_informative",0.18,8,0.01,"","mtada_aggregated","pleiotropy","auc",NA,0.601616161616162
20260834,22,500,15,3000,3000,3000,3000,"fast","control_informative",0.18,8,0.01,"","mtada_aggregated","trait1","pp08_power",0.8,0.6
20260834,22,500,15,3000,3000,3000,3000,"fast","control_informative",0.18,8,0.01,"","mtada_aggregated","trait1","pp08_fdp",0.8,0.945454545454545
20260834,22,500,15,3000,3000,3000,3000,"fast","control_informative",0.18,8,0.01,"","mtada_aggregated","trait1","pp08_discoveries",0.8,275
20260834,22,500,15,3000,3000,3000,3000,"fast","control_informative",0.18,8,0.01,"","mtada_aggregated","trait2","pp08_power",0.8,0.5
20260834,22,500,15,3000,3000,3000,3000,"fast","control_informative",0.18,8,0.01,"","mtada_aggregated","trait2","pp08_fdp",0.8,0.979423868312757
20260834,22,500,15,3000,3000,3000,3000,"fast","control_informative",0.18,8,0.01,"","mtada_aggregated","trait2","pp08_discoveries",0.8,243
20260834,22,500,15,3000,3000,3000,3000,"fast","control_informative",0.18,8,0.01,"","mtada_aggregated","pleiotropy","pp08_power",0.8,0.4
20260834,22,500,15,3000,3000,3000,3000,"fast","control_informative",0.18,8,0.01,"","mtada_aggregated","pleiotropy","pp08_fdp",0.8,0.986486486486487
20260834,22,500,15,3000,3000,3000,3000,"fast","control_informative",0.18,8,0.01,"","mtada_aggregated","pleiotropy","pp08_discoveries",0.8,148
20260834,22,500,15,3000,3000,3000,3000,"fast","control_informative",0.18,8,0.01,"","mtada_aggregated","trait1","bfdr_observed_fdp",0.01,0.945054945054945
20260834,22,500,15,3000,3000,3000,3000,"fast","control_informative",0.18,8,0.01,"","mtada_aggregated","trait1","bfdr_estimate",0.01,0.00966858238184826
20260834,22,500,15,3000,3000,3000,3000,"fast","control_informative",0.18,8,0.01,"","mtada_aggregated","trait1","bfdr_power",0.01,0.6
20260834,22,500,15,3000,3000,3000,3000,"fast","control_informative",0.18,8,0.01,"","mtada_aggregated","trait1","bfdr_discoveries",0.01,273
20260834,22,500,15,3000,3000,3000,3000,"fast","control_informative",0.18,8,0.01,"","mtada_aggregated","trait1","bfdr_observed_fdp",0.05,0.946843853820598
20260834,22,500,15,3000,3000,3000,3000,"fast","control_informative",0.18,8,0.01,"","mtada_aggregated","trait1","bfdr_estimate",0.05,0.0482015123741626
20260834,22,500,15,3000,3000,3000,3000,"fast","control_informative",0.18,8,0.01,"","mtada_aggregated","trait1","bfdr_power",0.05,0.64
20260834,22,500,15,3000,3000,3000,3000,"fast","control_informative",0.18,8,0.01,"","mtada_aggregated","trait1","bfdr_discoveries",0.05,301
20260834,22,500,15,3000,3000,3000,3000,"fast","control_informative",0.18,8,0.01,"","mtada_aggregated","trait1","bfdr_observed_fdp",0.1,0.950769230769231
20260834,22,500,15,3000,3000,3000,3000,"fast","control_informative",0.18,8,0.01,"","mtada_aggregated","trait1","bfdr_estimate",0.1,0.0994788809328239
20260834,22,500,15,3000,3000,3000,3000,"fast","control_informative",0.18,8,0.01,"","mtada_aggregated","trait1","bfdr_power",0.1,0.64
20260834,22,500,15,3000,3000,3000,3000,"fast","control_informative",0.18,8,0.01,"","mtada_aggregated","trait1","bfdr_discoveries",0.1,325
20260834,22,500,15,3000,3000,3000,3000,"fast","control_informative",0.18,8,0.01,"","mtada_aggregated","trait1","bfdr_observed_fdp",0.2,0.943396226415094
20260834,22,500,15,3000,3000,3000,3000,"fast","control_informative",0.18,8,0.01,"","mtada_aggregated","trait1","bfdr_estimate",0.2,0.1993398866365
20260834,22,500,15,3000,3000,3000,3000,"fast","control_informative",0.18,8,0.01,"","mtada_aggregated","trait1","bfdr_power",0.2,0.84
20260834,22,500,15,3000,3000,3000,3000,"fast","control_informative",0.18,8,0.01,"","mtada_aggregated","trait1","bfdr_discoveries",0.2,371
20260834,22,500,15,3000,3000,3000,3000,"fast","control_informative",0.18,8,0.01,"","mtada_aggregated","trait2","bfdr_observed_fdp",0.01,0.979508196721312
20260834,22,500,15,3000,3000,3000,3000,"fast","control_informative",0.18,8,0.01,"","mtada_aggregated","trait2","bfdr_estimate",0.01,0.00957127756187369
20260834,22,500,15,3000,3000,3000,3000,"fast","control_informative",0.18,8,0.01,"","mtada_aggregated","trait2","bfdr_power",0.01,0.5
20260834,22,500,15,3000,3000,3000,3000,"fast","control_informative",0.18,8,0.01,"","mtada_aggregated","trait2","bfdr_discoveries",0.01,244
20260834,22,500,15,3000,3000,3000,3000,"fast","control_informative",0.18,8,0.01,"","mtada_aggregated","trait2","bfdr_observed_fdp",0.05,0.977695167286245
20260834,22,500,15,3000,3000,3000,3000,"fast","control_informative",0.18,8,0.01,"","mtada_aggregated","trait2","bfdr_estimate",0.05,0.048377991405618
20260834,22,500,15,3000,3000,3000,3000,"fast","control_informative",0.18,8,0.01,"","mtada_aggregated","trait2","bfdr_power",0.05,0.6
20260834,22,500,15,3000,3000,3000,3000,"fast","control_informative",0.18,8,0.01,"","mtada_aggregated","trait2","bfdr_discoveries",0.05,269
20260834,22,500,15,3000,3000,3000,3000,"fast","control_informative",0.18,8,0.01,"","mtada_aggregated","trait2","bfdr_observed_fdp",0.1,0.979381443298969
20260834,22,500,15,3000,3000,3000,3000,"fast","control_informative",0.18,8,0.01,"","mtada_aggregated","trait2","bfdr_estimate",0.1,0.0994632714241648
20260834,22,500,15,3000,3000,3000,3000,"fast","control_informative",0.18,8,0.01,"","mtada_aggregated","trait2","bfdr_power",0.1,0.6
20260834,22,500,15,3000,3000,3000,3000,"fast","control_informative",0.18,8,0.01,"","mtada_aggregated","trait2","bfdr_discoveries",0.1,291
20260834,22,500,15,3000,3000,3000,3000,"fast","control_informative",0.18,8,0.01,"","mtada_aggregated","trait2","bfdr_observed_fdp",0.2,0.981927710843373
20260834,22,500,15,3000,3000,3000,3000,"fast","control_informative",0.18,8,0.01,"","mtada_aggregated","trait2","bfdr_estimate",0.2,0.198998658514769
20260834,22,500,15,3000,3000,3000,3000,"fast","control_informative",0.18,8,0.01,"","mtada_aggregated","trait2","bfdr_power",0.2,0.6
20260834,22,500,15,3000,3000,3000,3000,"fast","control_informative",0.18,8,0.01,"","mtada_aggregated","trait2","bfdr_discoveries",0.2,332
20260834,22,500,15,3000,3000,3000,3000,"fast","control_informative",0.18,8,0.01,"","mtada_aggregated","pleiotropy","bfdr_observed_fdp",0.01,0.985294117647059
20260834,22,500,15,3000,3000,3000,3000,"fast","control_informative",0.18,8,0.01,"","mtada_aggregated","pleiotropy","bfdr_estimate",0.01,0.00954100187982889
20260834,22,500,15,3000,3000,3000,3000,"fast","control_informative",0.18,8,0.01,"","mtada_aggregated","pleiotropy","bfdr_power",0.01,0.4
20260834,22,500,15,3000,3000,3000,3000,"fast","control_informative",0.18,8,0.01,"","mtada_aggregated","pleiotropy","bfdr_discoveries",0.01,136
20260834,22,500,15,3000,3000,3000,3000,"fast","control_informative",0.18,8,0.01,"","mtada_aggregated","pleiotropy","bfdr_observed_fdp",0.05,0.981481481481482
20260834,22,500,15,3000,3000,3000,3000,"fast","control_informative",0.18,8,0.01,"","mtada_aggregated","pleiotropy","bfdr_estimate",0.05,0.047767564058058
20260834,22,500,15,3000,3000,3000,3000,"fast","control_informative",0.18,8,0.01,"","mtada_aggregated","pleiotropy","bfdr_power",0.05,0.6
20260834,22,500,15,3000,3000,3000,3000,"fast","control_informative",0.18,8,0.01,"","mtada_aggregated","pleiotropy","bfdr_discoveries",0.05,162
20260834,22,500,15,3000,3000,3000,3000,"fast","control_informative",0.18,8,0.01,"","mtada_aggregated","pleiotropy","bfdr_observed_fdp",0.1,0.983425414364641
20260834,22,500,15,3000,3000,3000,3000,"fast","control_informative",0.18,8,0.01,"","mtada_aggregated","pleiotropy","bfdr_estimate",0.1,0.0973507545836201
20260834,22,500,15,3000,3000,3000,3000,"fast","control_informative",0.18,8,0.01,"","mtada_aggregated","pleiotropy","bfdr_power",0.1,0.6
20260834,22,500,15,3000,3000,3000,3000,"fast","control_informative",0.18,8,0.01,"","mtada_aggregated","pleiotropy","bfdr_discoveries",0.1,181
20260834,22,500,15,3000,3000,3000,3000,"fast","control_informative",0.18,8,0.01,"","mtada_aggregated","pleiotropy","bfdr_observed_fdp",0.2,0.986046511627907
20260834,22,500,15,3000,3000,3000,3000,"fast","control_informative",0.18,8,0.01,"","mtada_aggregated","pleiotropy","bfdr_estimate",0.2,0.198473139491687
20260834,22,500,15,3000,3000,3000,3000,"fast","control_informative",0.18,8,0.01,"","mtada_aggregated","pleiotropy","bfdr_power",0.2,0.6
20260834,22,500,15,3000,3000,3000,3000,"fast","control_informative",0.18,8,0.01,"","mtada_aggregated","pleiotropy","bfdr_discoveries",0.2,215
20260834,22,500,15,3000,3000,3000,3000,"fast","control_informative",0.18,8,0.01,"","mtada_aggregated","global","runtime_seconds",NA,0.770999999999958
20260834,22,500,15,3000,3000,3000,3000,"fast","control_informative",0.18,8,0.01,"","mtada_aggregated","pleiotropy","pi11_estimate",NA,0.00856642
20260835,23,500,15,3000,3000,3000,3000,"fast","control_informative",0.18,8,0.01,"","mirage_joint","trait1","auc",NA,0.670063157894737
20260835,23,500,15,3000,3000,3000,3000,"fast","control_informative",0.18,8,0.01,"","mirage_joint","trait2","auc",NA,0.714285714285714
20260835,23,500,15,3000,3000,3000,3000,"fast","control_informative",0.18,8,0.01,"","mirage_joint","pleiotropy","auc",NA,0.685656565656566
20260835,23,500,15,3000,3000,3000,3000,"fast","control_informative",0.18,8,0.01,"","mirage_joint","trait1","pp08_power",0.8,0.12
20260835,23,500,15,3000,3000,3000,3000,"fast","control_informative",0.18,8,0.01,"","mirage_joint","trait1","pp08_fdp",0.8,0
20260835,23,500,15,3000,3000,3000,3000,"fast","control_informative",0.18,8,0.01,"","mirage_joint","trait1","pp08_discoveries",0.8,3
20260835,23,500,15,3000,3000,3000,3000,"fast","control_informative",0.18,8,0.01,"","mirage_joint","trait2","pp08_power",0.8,0
20260835,23,500,15,3000,3000,3000,3000,"fast","control_informative",0.18,8,0.01,"","mirage_joint","trait2","pp08_fdp",0.8,1
20260835,23,500,15,3000,3000,3000,3000,"fast","control_informative",0.18,8,0.01,"","mirage_joint","trait2","pp08_discoveries",0.8,3
20260835,23,500,15,3000,3000,3000,3000,"fast","control_informative",0.18,8,0.01,"","mirage_joint","pleiotropy","pp08_power",0.8,0
20260835,23,500,15,3000,3000,3000,3000,"fast","control_informative",0.18,8,0.01,"","mirage_joint","pleiotropy","pp08_fdp",0.8,1
20260835,23,500,15,3000,3000,3000,3000,"fast","control_informative",0.18,8,0.01,"","mirage_joint","pleiotropy","pp08_discoveries",0.8,3
20260835,23,500,15,3000,3000,3000,3000,"fast","control_informative",0.18,8,0.01,"","mirage_joint","trait1","bfdr_observed_fdp",0.01,0
20260835,23,500,15,3000,3000,3000,3000,"fast","control_informative",0.18,8,0.01,"","mirage_joint","trait1","bfdr_estimate",0.01,1.1970506856566e-05
20260835,23,500,15,3000,3000,3000,3000,"fast","control_informative",0.18,8,0.01,"","mirage_joint","trait1","bfdr_power",0.01,0.12
20260835,23,500,15,3000,3000,3000,3000,"fast","control_informative",0.18,8,0.01,"","mirage_joint","trait1","bfdr_discoveries",0.01,3
20260835,23,500,15,3000,3000,3000,3000,"fast","control_informative",0.18,8,0.01,"","mirage_joint","trait1","bfdr_observed_fdp",0.05,0
20260835,23,500,15,3000,3000,3000,3000,"fast","control_informative",0.18,8,0.01,"","mirage_joint","trait1","bfdr_estimate",0.05,1.1970506856566e-05
20260835,23,500,15,3000,3000,3000,3000,"fast","control_informative",0.18,8,0.01,"","mirage_joint","trait1","bfdr_power",0.05,0.12
20260835,23,500,15,3000,3000,3000,3000,"fast","control_informative",0.18,8,0.01,"","mirage_joint","trait1","bfdr_discoveries",0.05,3
20260835,23,500,15,3000,3000,3000,3000,"fast","control_informative",0.18,8,0.01,"","mirage_joint","trait1","bfdr_observed_fdp",0.1,0
20260835,23,500,15,3000,3000,3000,3000,"fast","control_informative",0.18,8,0.01,"","mirage_joint","trait1","bfdr_estimate",0.1,1.1970506856566e-05
20260835,23,500,15,3000,3000,3000,3000,"fast","control_informative",0.18,8,0.01,"","mirage_joint","trait1","bfdr_power",0.1,0.12
20260835,23,500,15,3000,3000,3000,3000,"fast","control_informative",0.18,8,0.01,"","mirage_joint","trait1","bfdr_discoveries",0.1,3
20260835,23,500,15,3000,3000,3000,3000,"fast","control_informative",0.18,8,0.01,"","mirage_joint","trait1","bfdr_observed_fdp",0.2,0.25
20260835,23,500,15,3000,3000,3000,3000,"fast","control_informative",0.18,8,0.01,"","mirage_joint","trait1","bfdr_estimate",0.2,0.126633584019006
20260835,23,500,15,3000,3000,3000,3000,"fast","control_informative",0.18,8,0.01,"","mirage_joint","trait1","bfdr_power",0.2,0.12
20260835,23,500,15,3000,3000,3000,3000,"fast","control_informative",0.18,8,0.01,"","mirage_joint","trait1","bfdr_discoveries",0.2,4
20260835,23,500,15,3000,3000,3000,3000,"fast","control_informative",0.18,8,0.01,"","mirage_joint","trait2","bfdr_observed_fdp",0.01,1
20260835,23,500,15,3000,3000,3000,3000,"fast","control_informative",0.18,8,0.01,"","mirage_joint","trait2","bfdr_estimate",0.01,0.00241342533985038
20260835,23,500,15,3000,3000,3000,3000,"fast","control_informative",0.18,8,0.01,"","mirage_joint","trait2","bfdr_power",0.01,0
20260835,23,500,15,3000,3000,3000,3000,"fast","control_informative",0.18,8,0.01,"","mirage_joint","trait2","bfdr_discoveries",0.01,3
20260835,23,500,15,3000,3000,3000,3000,"fast","control_informative",0.18,8,0.01,"","mirage_joint","trait2","bfdr_observed_fdp",0.05,1
20260835,23,500,15,3000,3000,3000,3000,"fast","control_informative",0.18,8,0.01,"","mirage_joint","trait2","bfdr_estimate",0.05,0.00241342533985038
20260835,23,500,15,3000,3000,3000,3000,"fast","control_informative",0.18,8,0.01,"","mirage_joint","trait2","bfdr_power",0.05,0
20260835,23,500,15,3000,3000,3000,3000,"fast","control_informative",0.18,8,0.01,"","mirage_joint","trait2","bfdr_discoveries",0.05,3
20260835,23,500,15,3000,3000,3000,3000,"fast","control_informative",0.18,8,0.01,"","mirage_joint","trait2","bfdr_observed_fdp",0.1,1
20260835,23,500,15,3000,3000,3000,3000,"fast","control_informative",0.18,8,0.01,"","mirage_joint","trait2","bfdr_estimate",0.1,0.00241342533985038
20260835,23,500,15,3000,3000,3000,3000,"fast","control_informative",0.18,8,0.01,"","mirage_joint","trait2","bfdr_power",0.1,0
20260835,23,500,15,3000,3000,3000,3000,"fast","control_informative",0.18,8,0.01,"","mirage_joint","trait2","bfdr_discoveries",0.1,3
20260835,23,500,15,3000,3000,3000,3000,"fast","control_informative",0.18,8,0.01,"","mirage_joint","trait2","bfdr_observed_fdp",0.2,1
20260835,23,500,15,3000,3000,3000,3000,"fast","control_informative",0.18,8,0.01,"","mirage_joint","trait2","bfdr_estimate",0.2,0.120283162414617
20260835,23,500,15,3000,3000,3000,3000,"fast","control_informative",0.18,8,0.01,"","mirage_joint","trait2","bfdr_power",0.2,0
20260835,23,500,15,3000,3000,3000,3000,"fast","control_informative",0.18,8,0.01,"","mirage_joint","trait2","bfdr_discoveries",0.2,4
20260835,23,500,15,3000,3000,3000,3000,"fast","control_informative",0.18,8,0.01,"","mirage_joint","pleiotropy","bfdr_observed_fdp",0.01,1
20260835,23,500,15,3000,3000,3000,3000,"fast","control_informative",0.18,8,0.01,"","mirage_joint","pleiotropy","bfdr_estimate",0.01,0.00241346518043606
20260835,23,500,15,3000,3000,3000,3000,"fast","control_informative",0.18,8,0.01,"","mirage_joint","pleiotropy","bfdr_power",0.01,0
20260835,23,500,15,3000,3000,3000,3000,"fast","control_informative",0.18,8,0.01,"","mirage_joint","pleiotropy","bfdr_discoveries",0.01,3
20260835,23,500,15,3000,3000,3000,3000,"fast","control_informative",0.18,8,0.01,"","mirage_joint","pleiotropy","bfdr_observed_fdp",0.05,1
20260835,23,500,15,3000,3000,3000,3000,"fast","control_informative",0.18,8,0.01,"","mirage_joint","pleiotropy","bfdr_estimate",0.05,0.00241346518043606
20260835,23,500,15,3000,3000,3000,3000,"fast","control_informative",0.18,8,0.01,"","mirage_joint","pleiotropy","bfdr_power",0.05,0
20260835,23,500,15,3000,3000,3000,3000,"fast","control_informative",0.18,8,0.01,"","mirage_joint","pleiotropy","bfdr_discoveries",0.05,3
20260835,23,500,15,3000,3000,3000,3000,"fast","control_informative",0.18,8,0.01,"","mirage_joint","pleiotropy","bfdr_observed_fdp",0.1,1
20260835,23,500,15,3000,3000,3000,3000,"fast","control_informative",0.18,8,0.01,"","mirage_joint","pleiotropy","bfdr_estimate",0.1,0.00241346518043606
20260835,23,500,15,3000,3000,3000,3000,"fast","control_informative",0.18,8,0.01,"","mirage_joint","pleiotropy","bfdr_power",0.1,0
20260835,23,500,15,3000,3000,3000,3000,"fast","control_informative",0.18,8,0.01,"","mirage_joint","pleiotropy","bfdr_discoveries",0.1,3
20260835,23,500,15,3000,3000,3000,3000,"fast","control_informative",0.18,8,0.01,"","mirage_joint","pleiotropy","bfdr_observed_fdp",0.2,1
20260835,23,500,15,3000,3000,3000,3000,"fast","control_informative",0.18,8,0.01,"","mirage_joint","pleiotropy","bfdr_estimate",0.2,0.128446708782395
20260835,23,500,15,3000,3000,3000,3000,"fast","control_informative",0.18,8,0.01,"","mirage_joint","pleiotropy","bfdr_power",0.2,0
20260835,23,500,15,3000,3000,3000,3000,"fast","control_informative",0.18,8,0.01,"","mirage_joint","pleiotropy","bfdr_discoveries",0.2,4
20260835,23,500,15,3000,3000,3000,3000,"fast","control_informative",0.18,8,0.01,"","mirage_joint","global","runtime_seconds",NA,18.4879999999999
20260835,23,500,15,3000,3000,3000,3000,"fast","control_informative",0.18,8,0.01,"","mirage_joint","pleiotropy","pi11_estimate",NA,0.0196944611824932
20260835,23,500,15,3000,3000,3000,3000,"fast","control_informative",0.18,8,0.01,"","separate_mirage","trait1","auc",NA,0.670568421052632
20260835,23,500,15,3000,3000,3000,3000,"fast","control_informative",0.18,8,0.01,"","separate_mirage","trait2","auc",NA,0.713673469387755
20260835,23,500,15,3000,3000,3000,3000,"fast","control_informative",0.18,8,0.01,"","separate_mirage","pleiotropy","auc",NA,0.576969696969697
20260835,23,500,15,3000,3000,3000,3000,"fast","control_informative",0.18,8,0.01,"","separate_mirage","trait1","pp08_power",0.8,0.12
20260835,23,500,15,3000,3000,3000,3000,"fast","control_informative",0.18,8,0.01,"","separate_mirage","trait1","pp08_fdp",0.8,0
20260835,23,500,15,3000,3000,3000,3000,"fast","control_informative",0.18,8,0.01,"","separate_mirage","trait1","pp08_discoveries",0.8,3
20260835,23,500,15,3000,3000,3000,3000,"fast","control_informative",0.18,8,0.01,"","separate_mirage","trait2","pp08_power",0.8,0
20260835,23,500,15,3000,3000,3000,3000,"fast","control_informative",0.18,8,0.01,"","separate_mirage","trait2","pp08_fdp",0.8,0
20260835,23,500,15,3000,3000,3000,3000,"fast","control_informative",0.18,8,0.01,"","separate_mirage","trait2","pp08_discoveries",0.8,0
20260835,23,500,15,3000,3000,3000,3000,"fast","control_informative",0.18,8,0.01,"","separate_mirage","pleiotropy","pp08_power",0.8,0
20260835,23,500,15,3000,3000,3000,3000,"fast","control_informative",0.18,8,0.01,"","separate_mirage","pleiotropy","pp08_fdp",0.8,0
20260835,23,500,15,3000,3000,3000,3000,"fast","control_informative",0.18,8,0.01,"","separate_mirage","pleiotropy","pp08_discoveries",0.8,0
20260835,23,500,15,3000,3000,3000,3000,"fast","control_informative",0.18,8,0.01,"","separate_mirage","trait1","bfdr_observed_fdp",0.01,0
20260835,23,500,15,3000,3000,3000,3000,"fast","control_informative",0.18,8,0.01,"","separate_mirage","trait1","bfdr_estimate",0.01,1.34540173412819e-05
20260835,23,500,15,3000,3000,3000,3000,"fast","control_informative",0.18,8,0.01,"","separate_mirage","trait1","bfdr_power",0.01,0.12
20260835,23,500,15,3000,3000,3000,3000,"fast","control_informative",0.18,8,0.01,"","separate_mirage","trait1","bfdr_discoveries",0.01,3
20260835,23,500,15,3000,3000,3000,3000,"fast","control_informative",0.18,8,0.01,"","separate_mirage","trait1","bfdr_observed_fdp",0.05,0
20260835,23,500,15,3000,3000,3000,3000,"fast","control_informative",0.18,8,0.01,"","separate_mirage","trait1","bfdr_estimate",0.05,1.34540173412819e-05
20260835,23,500,15,3000,3000,3000,3000,"fast","control_informative",0.18,8,0.01,"","separate_mirage","trait1","bfdr_power",0.05,0.12
20260835,23,500,15,3000,3000,3000,3000,"fast","control_informative",0.18,8,0.01,"","separate_mirage","trait1","bfdr_discoveries",0.05,3
20260835,23,500,15,3000,3000,3000,3000,"fast","control_informative",0.18,8,0.01,"","separate_mirage","trait1","bfdr_observed_fdp",0.1,0
20260835,23,500,15,3000,3000,3000,3000,"fast","control_informative",0.18,8,0.01,"","separate_mirage","trait1","bfdr_estimate",0.1,1.34540173412819e-05
20260835,23,500,15,3000,3000,3000,3000,"fast","control_informative",0.18,8,0.01,"","separate_mirage","trait1","bfdr_power",0.1,0.12
20260835,23,500,15,3000,3000,3000,3000,"fast","control_informative",0.18,8,0.01,"","separate_mirage","trait1","bfdr_discoveries",0.1,3
20260835,23,500,15,3000,3000,3000,3000,"fast","control_informative",0.18,8,0.01,"","separate_mirage","trait1","bfdr_observed_fdp",0.2,0
20260835,23,500,15,3000,3000,3000,3000,"fast","control_informative",0.18,8,0.01,"","separate_mirage","trait1","bfdr_estimate",0.2,0.126655981853968
20260835,23,500,15,3000,3000,3000,3000,"fast","control_informative",0.18,8,0.01,"","separate_mirage","trait1","bfdr_power",0.2,0.16
20260835,23,500,15,3000,3000,3000,3000,"fast","control_informative",0.18,8,0.01,"","separate_mirage","trait1","bfdr_discoveries",0.2,4
20260835,23,500,15,3000,3000,3000,3000,"fast","control_informative",0.18,8,0.01,"","separate_mirage","trait2","bfdr_observed_fdp",0.01,0
20260835,23,500,15,3000,3000,3000,3000,"fast","control_informative",0.18,8,0.01,"","separate_mirage","trait2","bfdr_estimate",0.01,0
20260835,23,500,15,3000,3000,3000,3000,"fast","control_informative",0.18,8,0.01,"","separate_mirage","trait2","bfdr_power",0.01,0
20260835,23,500,15,3000,3000,3000,3000,"fast","control_informative",0.18,8,0.01,"","separate_mirage","trait2","bfdr_discoveries",0.01,0
20260835,23,500,15,3000,3000,3000,3000,"fast","control_informative",0.18,8,0.01,"","separate_mirage","trait2","bfdr_observed_fdp",0.05,0
20260835,23,500,15,3000,3000,3000,3000,"fast","control_informative",0.18,8,0.01,"","separate_mirage","trait2","bfdr_estimate",0.05,0
20260835,23,500,15,3000,3000,3000,3000,"fast","control_informative",0.18,8,0.01,"","separate_mirage","trait2","bfdr_power",0.05,0
20260835,23,500,15,3000,3000,3000,3000,"fast","control_informative",0.18,8,0.01,"","separate_mirage","trait2","bfdr_discoveries",0.05,0
20260835,23,500,15,3000,3000,3000,3000,"fast","control_informative",0.18,8,0.01,"","separate_mirage","trait2","bfdr_observed_fdp",0.1,0
20260835,23,500,15,3000,3000,3000,3000,"fast","control_informative",0.18,8,0.01,"","separate_mirage","trait2","bfdr_estimate",0.1,0
20260835,23,500,15,3000,3000,3000,3000,"fast","control_informative",0.18,8,0.01,"","separate_mirage","trait2","bfdr_power",0.1,0
20260835,23,500,15,3000,3000,3000,3000,"fast","control_informative",0.18,8,0.01,"","separate_mirage","trait2","bfdr_discoveries",0.1,0
20260835,23,500,15,3000,3000,3000,3000,"fast","control_informative",0.18,8,0.01,"","separate_mirage","trait2","bfdr_observed_fdp",0.2,0
20260835,23,500,15,3000,3000,3000,3000,"fast","control_informative",0.18,8,0.01,"","separate_mirage","trait2","bfdr_estimate",0.2,0
20260835,23,500,15,3000,3000,3000,3000,"fast","control_informative",0.18,8,0.01,"","separate_mirage","trait2","bfdr_power",0.2,0
20260835,23,500,15,3000,3000,3000,3000,"fast","control_informative",0.18,8,0.01,"","separate_mirage","trait2","bfdr_discoveries",0.2,0
20260835,23,500,15,3000,3000,3000,3000,"fast","control_informative",0.18,8,0.01,"","separate_mirage","pleiotropy","bfdr_observed_fdp",0.01,0
20260835,23,500,15,3000,3000,3000,3000,"fast","control_informative",0.18,8,0.01,"","separate_mirage","pleiotropy","bfdr_estimate",0.01,0
20260835,23,500,15,3000,3000,3000,3000,"fast","control_informative",0.18,8,0.01,"","separate_mirage","pleiotropy","bfdr_power",0.01,0
20260835,23,500,15,3000,3000,3000,3000,"fast","control_informative",0.18,8,0.01,"","separate_mirage","pleiotropy","bfdr_discoveries",0.01,0
20260835,23,500,15,3000,3000,3000,3000,"fast","control_informative",0.18,8,0.01,"","separate_mirage","pleiotropy","bfdr_observed_fdp",0.05,0
20260835,23,500,15,3000,3000,3000,3000,"fast","control_informative",0.18,8,0.01,"","separate_mirage","pleiotropy","bfdr_estimate",0.05,0
20260835,23,500,15,3000,3000,3000,3000,"fast","control_informative",0.18,8,0.01,"","separate_mirage","pleiotropy","bfdr_power",0.05,0
20260835,23,500,15,3000,3000,3000,3000,"fast","control_informative",0.18,8,0.01,"","separate_mirage","pleiotropy","bfdr_discoveries",0.05,0
20260835,23,500,15,3000,3000,3000,3000,"fast","control_informative",0.18,8,0.01,"","separate_mirage","pleiotropy","bfdr_observed_fdp",0.1,0
20260835,23,500,15,3000,3000,3000,3000,"fast","control_informative",0.18,8,0.01,"","separate_mirage","pleiotropy","bfdr_estimate",0.1,0
20260835,23,500,15,3000,3000,3000,3000,"fast","control_informative",0.18,8,0.01,"","separate_mirage","pleiotropy","bfdr_power",0.1,0
20260835,23,500,15,3000,3000,3000,3000,"fast","control_informative",0.18,8,0.01,"","separate_mirage","pleiotropy","bfdr_discoveries",0.1,0
20260835,23,500,15,3000,3000,3000,3000,"fast","control_informative",0.18,8,0.01,"","separate_mirage","pleiotropy","bfdr_observed_fdp",0.2,0
20260835,23,500,15,3000,3000,3000,3000,"fast","control_informative",0.18,8,0.01,"","separate_mirage","pleiotropy","bfdr_estimate",0.2,0
20260835,23,500,15,3000,3000,3000,3000,"fast","control_informative",0.18,8,0.01,"","separate_mirage","pleiotropy","bfdr_power",0.2,0
20260835,23,500,15,3000,3000,3000,3000,"fast","control_informative",0.18,8,0.01,"","separate_mirage","pleiotropy","bfdr_discoveries",0.2,0
20260835,23,500,15,3000,3000,3000,3000,"fast","control_informative",0.18,8,0.01,"","separate_mirage","global","runtime_seconds",NA,18.3579999999999
20260835,23,500,15,3000,3000,3000,3000,"fast","control_informative",0.18,8,0.01,"","separate_mirage","pleiotropy","pi11_estimate",NA,0.001
20260835,23,500,15,3000,3000,3000,3000,"fast","control_informative",0.18,8,0.01,"","mtada_aggregated","trait1","auc",NA,0.521852631578947
20260835,23,500,15,3000,3000,3000,3000,"fast","control_informative",0.18,8,0.01,"","mtada_aggregated","trait2","auc",NA,0.501530612244898
20260835,23,500,15,3000,3000,3000,3000,"fast","control_informative",0.18,8,0.01,"","mtada_aggregated","pleiotropy","auc",NA,0.589090909090909
20260835,23,500,15,3000,3000,3000,3000,"fast","control_informative",0.18,8,0.01,"","mtada_aggregated","trait1","pp08_power",0.8,0.48
20260835,23,500,15,3000,3000,3000,3000,"fast","control_informative",0.18,8,0.01,"","mtada_aggregated","trait1","pp08_fdp",0.8,0.955719557195572
20260835,23,500,15,3000,3000,3000,3000,"fast","control_informative",0.18,8,0.01,"","mtada_aggregated","trait1","pp08_discoveries",0.8,271
20260835,23,500,15,3000,3000,3000,3000,"fast","control_informative",0.18,8,0.01,"","mtada_aggregated","trait2","pp08_power",0.8,0.4
20260835,23,500,15,3000,3000,3000,3000,"fast","control_informative",0.18,8,0.01,"","mtada_aggregated","trait2","pp08_fdp",0.8,0.984251968503937
20260835,23,500,15,3000,3000,3000,3000,"fast","control_informative",0.18,8,0.01,"","mtada_aggregated","trait2","pp08_discoveries",0.8,254
20260835,23,500,15,3000,3000,3000,3000,"fast","control_informative",0.18,8,0.01,"","mtada_aggregated","pleiotropy","pp08_power",0.8,0.2
20260835,23,500,15,3000,3000,3000,3000,"fast","control_informative",0.18,8,0.01,"","mtada_aggregated","pleiotropy","pp08_fdp",0.8,0.993197278911565
20260835,23,500,15,3000,3000,3000,3000,"fast","control_informative",0.18,8,0.01,"","mtada_aggregated","pleiotropy","pp08_discoveries",0.8,147
20260835,23,500,15,3000,3000,3000,3000,"fast","control_informative",0.18,8,0.01,"","mtada_aggregated","trait1","bfdr_observed_fdp",0.01,0.955223880597015
20260835,23,500,15,3000,3000,3000,3000,"fast","control_informative",0.18,8,0.01,"","mtada_aggregated","trait1","bfdr_estimate",0.01,0.00958599626297658
20260835,23,500,15,3000,3000,3000,3000,"fast","control_informative",0.18,8,0.01,"","mtada_aggregated","trait1","bfdr_power",0.01,0.48
20260835,23,500,15,3000,3000,3000,3000,"fast","control_informative",0.18,8,0.01,"","mtada_aggregated","trait1","bfdr_discoveries",0.01,268
20260835,23,500,15,3000,3000,3000,3000,"fast","control_informative",0.18,8,0.01,"","mtada_aggregated","trait1","bfdr_observed_fdp",0.05,0.953795379537954
20260835,23,500,15,3000,3000,3000,3000,"fast","control_informative",0.18,8,0.01,"","mtada_aggregated","trait1","bfdr_estimate",0.05,0.0499830761666821
20260835,23,500,15,3000,3000,3000,3000,"fast","control_informative",0.18,8,0.01,"","mtada_aggregated","trait1","bfdr_power",0.05,0.56
20260835,23,500,15,3000,3000,3000,3000,"fast","control_informative",0.18,8,0.01,"","mtada_aggregated","trait1","bfdr_discoveries",0.05,303
20260835,23,500,15,3000,3000,3000,3000,"fast","control_informative",0.18,8,0.01,"","mtada_aggregated","trait1","bfdr_observed_fdp",0.1,0.954268292682927
20260835,23,500,15,3000,3000,3000,3000,"fast","control_informative",0.18,8,0.01,"","mtada_aggregated","trait1","bfdr_estimate",0.1,0.0994026807875137
20260835,23,500,15,3000,3000,3000,3000,"fast","control_informative",0.18,8,0.01,"","mtada_aggregated","trait1","bfdr_power",0.1,0.6
20260835,23,500,15,3000,3000,3000,3000,"fast","control_informative",0.18,8,0.01,"","mtada_aggregated","trait1","bfdr_discoveries",0.1,328
20260835,23,500,15,3000,3000,3000,3000,"fast","control_informative",0.18,8,0.01,"","mtada_aggregated","trait1","bfdr_observed_fdp",0.2,0.944
20260835,23,500,15,3000,3000,3000,3000,"fast","control_informative",0.18,8,0.01,"","mtada_aggregated","trait1","bfdr_estimate",0.2,0.198449822631098
20260835,23,500,15,3000,3000,3000,3000,"fast","control_informative",0.18,8,0.01,"","mtada_aggregated","trait1","bfdr_power",0.2,0.84
20260835,23,500,15,3000,3000,3000,3000,"fast","control_informative",0.18,8,0.01,"","mtada_aggregated","trait1","bfdr_discoveries",0.2,375
20260835,23,500,15,3000,3000,3000,3000,"fast","control_informative",0.18,8,0.01,"","mtada_aggregated","trait2","bfdr_observed_fdp",0.01,0.984126984126984
20260835,23,500,15,3000,3000,3000,3000,"fast","control_informative",0.18,8,0.01,"","mtada_aggregated","trait2","bfdr_estimate",0.01,0.00980857182067886
20260835,23,500,15,3000,3000,3000,3000,"fast","control_informative",0.18,8,0.01,"","mtada_aggregated","trait2","bfdr_power",0.01,0.4
20260835,23,500,15,3000,3000,3000,3000,"fast","control_informative",0.18,8,0.01,"","mtada_aggregated","trait2","bfdr_discoveries",0.01,252
20260835,23,500,15,3000,3000,3000,3000,"fast","control_informative",0.18,8,0.01,"","mtada_aggregated","trait2","bfdr_observed_fdp",0.05,0.982456140350877
20260835,23,500,15,3000,3000,3000,3000,"fast","control_informative",0.18,8,0.01,"","mtada_aggregated","trait2","bfdr_estimate",0.05,0.04992286000618
20260835,23,500,15,3000,3000,3000,3000,"fast","control_informative",0.18,8,0.01,"","mtada_aggregated","trait2","bfdr_power",0.05,0.5
20260835,23,500,15,3000,3000,3000,3000,"fast","control_informative",0.18,8,0.01,"","mtada_aggregated","trait2","bfdr_discoveries",0.05,285
20260835,23,500,15,3000,3000,3000,3000,"fast","control_informative",0.18,8,0.01,"","mtada_aggregated","trait2","bfdr_observed_fdp",0.1,0.980456026058632
20260835,23,500,15,3000,3000,3000,3000,"fast","control_informative",0.18,8,0.01,"","mtada_aggregated","trait2","bfdr_estimate",0.1,0.0999512409513546
20260835,23,500,15,3000,3000,3000,3000,"fast","control_informative",0.18,8,0.01,"","mtada_aggregated","trait2","bfdr_power",0.1,0.6
20260835,23,500,15,3000,3000,3000,3000,"fast","control_informative",0.18,8,0.01,"","mtada_aggregated","trait2","bfdr_discoveries",0.1,307
20260835,23,500,15,3000,3000,3000,3000,"fast","control_informative",0.18,8,0.01,"","mtada_aggregated","trait2","bfdr_observed_fdp",0.2,0.979942693409742
20260835,23,500,15,3000,3000,3000,3000,"fast","control_informative",0.18,8,0.01,"","mtada_aggregated","trait2","bfdr_estimate",0.2,0.198118351913024
20260835,23,500,15,3000,3000,3000,3000,"fast","control_informative",0.18,8,0.01,"","mtada_aggregated","trait2","bfdr_power",0.2,0.7
20260835,23,500,15,3000,3000,3000,3000,"fast","control_informative",0.18,8,0.01,"","mtada_aggregated","trait2","bfdr_discoveries",0.2,349
20260835,23,500,15,3000,3000,3000,3000,"fast","control_informative",0.18,8,0.01,"","mtada_aggregated","pleiotropy","bfdr_observed_fdp",0.01,0.992592592592593
20260835,23,500,15,3000,3000,3000,3000,"fast","control_informative",0.18,8,0.01,"","mtada_aggregated","pleiotropy","bfdr_estimate",0.01,0.00957157736481745
20260835,23,500,15,3000,3000,3000,3000,"fast","control_informative",0.18,8,0.01,"","mtada_aggregated","pleiotropy","bfdr_power",0.01,0.2
20260835,23,500,15,3000,3000,3000,3000,"fast","control_informative",0.18,8,0.01,"","mtada_aggregated","pleiotropy","bfdr_discoveries",0.01,135
20260835,23,500,15,3000,3000,3000,3000,"fast","control_informative",0.18,8,0.01,"","mtada_aggregated","pleiotropy","bfdr_observed_fdp",0.05,0.993975903614458
20260835,23,500,15,3000,3000,3000,3000,"fast","control_informative",0.18,8,0.01,"","mtada_aggregated","pleiotropy","bfdr_estimate",0.05,0.0492561014193741
20260835,23,500,15,3000,3000,3000,3000,"fast","control_informative",0.18,8,0.01,"","mtada_aggregated","pleiotropy","bfdr_power",0.05,0.2
20260835,23,500,15,3000,3000,3000,3000,"fast","control_informative",0.18,8,0.01,"","mtada_aggregated","pleiotropy","bfdr_discoveries",0.05,166
20260835,23,500,15,3000,3000,3000,3000,"fast","control_informative",0.18,8,0.01,"","mtada_aggregated","pleiotropy","bfdr_observed_fdp",0.1,0.99468085106383
20260835,23,500,15,3000,3000,3000,3000,"fast","control_informative",0.18,8,0.01,"","mtada_aggregated","pleiotropy","bfdr_estimate",0.1,0.0995022753176095
20260835,23,500,15,3000,3000,3000,3000,"fast","control_informative",0.18,8,0.01,"","mtada_aggregated","pleiotropy","bfdr_power",0.1,0.2
20260835,23,500,15,3000,3000,3000,3000,"fast","control_informative",0.18,8,0.01,"","mtada_aggregated","pleiotropy","bfdr_discoveries",0.1,188
20260835,23,500,15,3000,3000,3000,3000,"fast","control_informative",0.18,8,0.01,"","mtada_aggregated","pleiotropy","bfdr_observed_fdp",0.2,0.991031390134529
20260835,23,500,15,3000,3000,3000,3000,"fast","control_informative",0.18,8,0.01,"","mtada_aggregated","pleiotropy","bfdr_estimate",0.2,0.198181114802249
20260835,23,500,15,3000,3000,3000,3000,"fast","control_informative",0.18,8,0.01,"","mtada_aggregated","pleiotropy","bfdr_power",0.2,0.4
20260835,23,500,15,3000,3000,3000,3000,"fast","control_informative",0.18,8,0.01,"","mtada_aggregated","pleiotropy","bfdr_discoveries",0.2,223
20260835,23,500,15,3000,3000,3000,3000,"fast","control_informative",0.18,8,0.01,"","mtada_aggregated","global","runtime_seconds",NA,0.727999999999952
20260835,23,500,15,3000,3000,3000,3000,"fast","control_informative",0.18,8,0.01,"","mtada_aggregated","pleiotropy","pi11_estimate",NA,0.00913651
20260836,24,500,15,3000,3000,3000,3000,"fast","control_informative",0.18,8,0.01,"","mirage_joint","trait1","auc",NA,0.776757894736842
20260836,24,500,15,3000,3000,3000,3000,"fast","control_informative",0.18,8,0.01,"","mirage_joint","trait2","auc",NA,0.760612244897959
20260836,24,500,15,3000,3000,3000,3000,"fast","control_informative",0.18,8,0.01,"","mirage_joint","pleiotropy","auc",NA,0.812525252525253
20260836,24,500,15,3000,3000,3000,3000,"fast","control_informative",0.18,8,0.01,"","mirage_joint","trait1","pp08_power",0.8,0.16
20260836,24,500,15,3000,3000,3000,3000,"fast","control_informative",0.18,8,0.01,"","mirage_joint","trait1","pp08_fdp",0.8,0.333333333333333
20260836,24,500,15,3000,3000,3000,3000,"fast","control_informative",0.18,8,0.01,"","mirage_joint","trait1","pp08_discoveries",0.8,6
20260836,24,500,15,3000,3000,3000,3000,"fast","control_informative",0.18,8,0.01,"","mirage_joint","trait2","pp08_power",0.8,0
20260836,24,500,15,3000,3000,3000,3000,"fast","control_informative",0.18,8,0.01,"","mirage_joint","trait2","pp08_fdp",0.8,0
20260836,24,500,15,3000,3000,3000,3000,"fast","control_informative",0.18,8,0.01,"","mirage_joint","trait2","pp08_discoveries",0.8,0
20260836,24,500,15,3000,3000,3000,3000,"fast","control_informative",0.18,8,0.01,"","mirage_joint","pleiotropy","pp08_power",0.8,0
20260836,24,500,15,3000,3000,3000,3000,"fast","control_informative",0.18,8,0.01,"","mirage_joint","pleiotropy","pp08_fdp",0.8,0
20260836,24,500,15,3000,3000,3000,3000,"fast","control_informative",0.18,8,0.01,"","mirage_joint","pleiotropy","pp08_discoveries",0.8,0
20260836,24,500,15,3000,3000,3000,3000,"fast","control_informative",0.18,8,0.01,"","mirage_joint","trait1","bfdr_observed_fdp",0.01,0
20260836,24,500,15,3000,3000,3000,3000,"fast","control_informative",0.18,8,0.01,"","mirage_joint","trait1","bfdr_estimate",0.01,0.00013024074485074
20260836,24,500,15,3000,3000,3000,3000,"fast","control_informative",0.18,8,0.01,"","mirage_joint","trait1","bfdr_power",0.01,0.16
20260836,24,500,15,3000,3000,3000,3000,"fast","control_informative",0.18,8,0.01,"","mirage_joint","trait1","bfdr_discoveries",0.01,4
20260836,24,500,15,3000,3000,3000,3000,"fast","control_informative",0.18,8,0.01,"","mirage_joint","trait1","bfdr_observed_fdp",0.05,0.333333333333333
20260836,24,500,15,3000,3000,3000,3000,"fast","control_informative",0.18,8,0.01,"","mirage_joint","trait1","bfdr_estimate",0.05,0.0395942709859872
20260836,24,500,15,3000,3000,3000,3000,"fast","control_informative",0.18,8,0.01,"","mirage_joint","trait1","bfdr_power",0.05,0.16
20260836,24,500,15,3000,3000,3000,3000,"fast","control_informative",0.18,8,0.01,"","mirage_joint","trait1","bfdr_discoveries",0.05,6
20260836,24,500,15,3000,3000,3000,3000,"fast","control_informative",0.18,8,0.01,"","mirage_joint","trait1","bfdr_observed_fdp",0.1,0.428571428571429
20260836,24,500,15,3000,3000,3000,3000,"fast","control_informative",0.18,8,0.01,"","mirage_joint","trait1","bfdr_estimate",0.1,0.0662863324468774
20260836,24,500,15,3000,3000,3000,3000,"fast","control_informative",0.18,8,0.01,"","mirage_joint","trait1","bfdr_power",0.1,0.16
20260836,24,500,15,3000,3000,3000,3000,"fast","control_informative",0.18,8,0.01,"","mirage_joint","trait1","bfdr_discoveries",0.1,7
20260836,24,500,15,3000,3000,3000,3000,"fast","control_informative",0.18,8,0.01,"","mirage_joint","trait1","bfdr_observed_fdp",0.2,0.444444444444444
20260836,24,500,15,3000,3000,3000,3000,"fast","control_informative",0.18,8,0.01,"","mirage_joint","trait1","bfdr_estimate",0.2,0.167172131682244
20260836,24,500,15,3000,3000,3000,3000,"fast","control_informative",0.18,8,0.01,"","mirage_joint","trait1","bfdr_power",0.2,0.2
20260836,24,500,15,3000,3000,3000,3000,"fast","control_informative",0.18,8,0.01,"","mirage_joint","trait1","bfdr_discoveries",0.2,9
20260836,24,500,15,3000,3000,3000,3000,"fast","control_informative",0.18,8,0.01,"","mirage_joint","trait2","bfdr_observed_fdp",0.01,0
20260836,24,500,15,3000,3000,3000,3000,"fast","control_informative",0.18,8,0.01,"","mirage_joint","trait2","bfdr_estimate",0.01,0
20260836,24,500,15,3000,3000,3000,3000,"fast","control_informative",0.18,8,0.01,"","mirage_joint","trait2","bfdr_power",0.01,0
20260836,24,500,15,3000,3000,3000,3000,"fast","control_informative",0.18,8,0.01,"","mirage_joint","trait2","bfdr_discoveries",0.01,0
20260836,24,500,15,3000,3000,3000,3000,"fast","control_informative",0.18,8,0.01,"","mirage_joint","trait2","bfdr_observed_fdp",0.05,0
20260836,24,500,15,3000,3000,3000,3000,"fast","control_informative",0.18,8,0.01,"","mirage_joint","trait2","bfdr_estimate",0.05,0
20260836,24,500,15,3000,3000,3000,3000,"fast","control_informative",0.18,8,0.01,"","mirage_joint","trait2","bfdr_power",0.05,0
20260836,24,500,15,3000,3000,3000,3000,"fast","control_informative",0.18,8,0.01,"","mirage_joint","trait2","bfdr_discoveries",0.05,0
20260836,24,500,15,3000,3000,3000,3000,"fast","control_informative",0.18,8,0.01,"","mirage_joint","trait2","bfdr_observed_fdp",0.1,0
20260836,24,500,15,3000,3000,3000,3000,"fast","control_informative",0.18,8,0.01,"","mirage_joint","trait2","bfdr_estimate",0.1,0
20260836,24,500,15,3000,3000,3000,3000,"fast","control_informative",0.18,8,0.01,"","mirage_joint","trait2","bfdr_power",0.1,0
20260836,24,500,15,3000,3000,3000,3000,"fast","control_informative",0.18,8,0.01,"","mirage_joint","trait2","bfdr_discoveries",0.1,0
20260836,24,500,15,3000,3000,3000,3000,"fast","control_informative",0.18,8,0.01,"","mirage_joint","trait2","bfdr_observed_fdp",0.2,0
20260836,24,500,15,3000,3000,3000,3000,"fast","control_informative",0.18,8,0.01,"","mirage_joint","trait2","bfdr_estimate",0.2,0
20260836,24,500,15,3000,3000,3000,3000,"fast","control_informative",0.18,8,0.01,"","mirage_joint","trait2","bfdr_power",0.2,0
20260836,24,500,15,3000,3000,3000,3000,"fast","control_informative",0.18,8,0.01,"","mirage_joint","trait2","bfdr_discoveries",0.2,0
20260836,24,500,15,3000,3000,3000,3000,"fast","control_informative",0.18,8,0.01,"","mirage_joint","pleiotropy","bfdr_observed_fdp",0.01,0
20260836,24,500,15,3000,3000,3000,3000,"fast","control_informative",0.18,8,0.01,"","mirage_joint","pleiotropy","bfdr_estimate",0.01,0
20260836,24,500,15,3000,3000,3000,3000,"fast","control_informative",0.18,8,0.01,"","mirage_joint","pleiotropy","bfdr_power",0.01,0
20260836,24,500,15,3000,3000,3000,3000,"fast","control_informative",0.18,8,0.01,"","mirage_joint","pleiotropy","bfdr_discoveries",0.01,0
20260836,24,500,15,3000,3000,3000,3000,"fast","control_informative",0.18,8,0.01,"","mirage_joint","pleiotropy","bfdr_observed_fdp",0.05,0
20260836,24,500,15,3000,3000,3000,3000,"fast","control_informative",0.18,8,0.01,"","mirage_joint","pleiotropy","bfdr_estimate",0.05,0
20260836,24,500,15,3000,3000,3000,3000,"fast","control_informative",0.18,8,0.01,"","mirage_joint","pleiotropy","bfdr_power",0.05,0
20260836,24,500,15,3000,3000,3000,3000,"fast","control_informative",0.18,8,0.01,"","mirage_joint","pleiotropy","bfdr_discoveries",0.05,0
20260836,24,500,15,3000,3000,3000,3000,"fast","control_informative",0.18,8,0.01,"","mirage_joint","pleiotropy","bfdr_observed_fdp",0.1,0
20260836,24,500,15,3000,3000,3000,3000,"fast","control_informative",0.18,8,0.01,"","mirage_joint","pleiotropy","bfdr_estimate",0.1,0
20260836,24,500,15,3000,3000,3000,3000,"fast","control_informative",0.18,8,0.01,"","mirage_joint","pleiotropy","bfdr_power",0.1,0
20260836,24,500,15,3000,3000,3000,3000,"fast","control_informative",0.18,8,0.01,"","mirage_joint","pleiotropy","bfdr_discoveries",0.1,0
20260836,24,500,15,3000,3000,3000,3000,"fast","control_informative",0.18,8,0.01,"","mirage_joint","pleiotropy","bfdr_observed_fdp",0.2,0
20260836,24,500,15,3000,3000,3000,3000,"fast","control_informative",0.18,8,0.01,"","mirage_joint","pleiotropy","bfdr_estimate",0.2,0
20260836,24,500,15,3000,3000,3000,3000,"fast","control_informative",0.18,8,0.01,"","mirage_joint","pleiotropy","bfdr_power",0.2,0
20260836,24,500,15,3000,3000,3000,3000,"fast","control_informative",0.18,8,0.01,"","mirage_joint","pleiotropy","bfdr_discoveries",0.2,0
20260836,24,500,15,3000,3000,3000,3000,"fast","control_informative",0.18,8,0.01,"","mirage_joint","global","runtime_seconds",NA,18.4509999999999
20260836,24,500,15,3000,3000,3000,3000,"fast","control_informative",0.18,8,0.01,"","mirage_joint","pleiotropy","pi11_estimate",NA,0.0273703144647517
20260836,24,500,15,3000,3000,3000,3000,"fast","control_informative",0.18,8,0.01,"","separate_mirage","trait1","auc",NA,0.781557894736842
20260836,24,500,15,3000,3000,3000,3000,"fast","control_informative",0.18,8,0.01,"","separate_mirage","trait2","auc",NA,0.731836734693878
20260836,24,500,15,3000,3000,3000,3000,"fast","control_informative",0.18,8,0.01,"","separate_mirage","pleiotropy","auc",NA,0.802424242424242
20260836,24,500,15,3000,3000,3000,3000,"fast","control_informative",0.18,8,0.01,"","separate_mirage","trait1","pp08_power",0.8,0.16
20260836,24,500,15,3000,3000,3000,3000,"fast","control_informative",0.18,8,0.01,"","separate_mirage","trait1","pp08_fdp",0.8,0.333333333333333
20260836,24,500,15,3000,3000,3000,3000,"fast","control_informative",0.18,8,0.01,"","separate_mirage","trait1","pp08_discoveries",0.8,6
20260836,24,500,15,3000,3000,3000,3000,"fast","control_informative",0.18,8,0.01,"","separate_mirage","trait2","pp08_power",0.8,0
20260836,24,500,15,3000,3000,3000,3000,"fast","control_informative",0.18,8,0.01,"","separate_mirage","trait2","pp08_fdp",0.8,0
20260836,24,500,15,3000,3000,3000,3000,"fast","control_informative",0.18,8,0.01,"","separate_mirage","trait2","pp08_discoveries",0.8,0
20260836,24,500,15,3000,3000,3000,3000,"fast","control_informative",0.18,8,0.01,"","separate_mirage","pleiotropy","pp08_power",0.8,0
20260836,24,500,15,3000,3000,3000,3000,"fast","control_informative",0.18,8,0.01,"","separate_mirage","pleiotropy","pp08_fdp",0.8,0
20260836,24,500,15,3000,3000,3000,3000,"fast","control_informative",0.18,8,0.01,"","separate_mirage","pleiotropy","pp08_discoveries",0.8,0
20260836,24,500,15,3000,3000,3000,3000,"fast","control_informative",0.18,8,0.01,"","separate_mirage","trait1","bfdr_observed_fdp",0.01,0
20260836,24,500,15,3000,3000,3000,3000,"fast","control_informative",0.18,8,0.01,"","separate_mirage","trait1","bfdr_estimate",0.01,0.000186377797852216
20260836,24,500,15,3000,3000,3000,3000,"fast","control_informative",0.18,8,0.01,"","separate_mirage","trait1","bfdr_power",0.01,0.16
20260836,24,500,15,3000,3000,3000,3000,"fast","control_informative",0.18,8,0.01,"","separate_mirage","trait1","bfdr_discoveries",0.01,4
20260836,24,500,15,3000,3000,3000,3000,"fast","control_informative",0.18,8,0.01,"","separate_mirage","trait1","bfdr_observed_fdp",0.05,0.333333333333333
20260836,24,500,15,3000,3000,3000,3000,"fast","control_informative",0.18,8,0.01,"","separate_mirage","trait1","bfdr_estimate",0.05,0.0414239573975676
20260836,24,500,15,3000,3000,3000,3000,"fast","control_informative",0.18,8,0.01,"","separate_mirage","trait1","bfdr_power",0.05,0.16
20260836,24,500,15,3000,3000,3000,3000,"fast","control_informative",0.18,8,0.01,"","separate_mirage","trait1","bfdr_discoveries",0.05,6
20260836,24,500,15,3000,3000,3000,3000,"fast","control_informative",0.18,8,0.01,"","separate_mirage","trait1","bfdr_observed_fdp",0.1,0.428571428571429
20260836,24,500,15,3000,3000,3000,3000,"fast","control_informative",0.18,8,0.01,"","separate_mirage","trait1","bfdr_estimate",0.1,0.0655340455301594
20260836,24,500,15,3000,3000,3000,3000,"fast","control_informative",0.18,8,0.01,"","separate_mirage","trait1","bfdr_power",0.1,0.16
20260836,24,500,15,3000,3000,3000,3000,"fast","control_informative",0.18,8,0.01,"","separate_mirage","trait1","bfdr_discoveries",0.1,7
20260836,24,500,15,3000,3000,3000,3000,"fast","control_informative",0.18,8,0.01,"","separate_mirage","trait1","bfdr_observed_fdp",0.2,0.555555555555556
20260836,24,500,15,3000,3000,3000,3000,"fast","control_informative",0.18,8,0.01,"","separate_mirage","trait1","bfdr_estimate",0.2,0.173982760066309
20260836,24,500,15,3000,3000,3000,3000,"fast","control_informative",0.18,8,0.01,"","separate_mirage","trait1","bfdr_power",0.2,0.16
20260836,24,500,15,3000,3000,3000,3000,"fast","control_informative",0.18,8,0.01,"","separate_mirage","trait1","bfdr_discoveries",0.2,9
20260836,24,500,15,3000,3000,3000,3000,"fast","control_informative",0.18,8,0.01,"","separate_mirage","trait2","bfdr_observed_fdp",0.01,0
20260836,24,500,15,3000,3000,3000,3000,"fast","control_informative",0.18,8,0.01,"","separate_mirage","trait2","bfdr_estimate",0.01,0
20260836,24,500,15,3000,3000,3000,3000,"fast","control_informative",0.18,8,0.01,"","separate_mirage","trait2","bfdr_power",0.01,0
20260836,24,500,15,3000,3000,3000,3000,"fast","control_informative",0.18,8,0.01,"","separate_mirage","trait2","bfdr_discoveries",0.01,0
20260836,24,500,15,3000,3000,3000,3000,"fast","control_informative",0.18,8,0.01,"","separate_mirage","trait2","bfdr_observed_fdp",0.05,0
20260836,24,500,15,3000,3000,3000,3000,"fast","control_informative",0.18,8,0.01,"","separate_mirage","trait2","bfdr_estimate",0.05,0
20260836,24,500,15,3000,3000,3000,3000,"fast","control_informative",0.18,8,0.01,"","separate_mirage","trait2","bfdr_power",0.05,0
20260836,24,500,15,3000,3000,3000,3000,"fast","control_informative",0.18,8,0.01,"","separate_mirage","trait2","bfdr_discoveries",0.05,0
20260836,24,500,15,3000,3000,3000,3000,"fast","control_informative",0.18,8,0.01,"","separate_mirage","trait2","bfdr_observed_fdp",0.1,0
20260836,24,500,15,3000,3000,3000,3000,"fast","control_informative",0.18,8,0.01,"","separate_mirage","trait2","bfdr_estimate",0.1,0
20260836,24,500,15,3000,3000,3000,3000,"fast","control_informative",0.18,8,0.01,"","separate_mirage","trait2","bfdr_power",0.1,0
20260836,24,500,15,3000,3000,3000,3000,"fast","control_informative",0.18,8,0.01,"","separate_mirage","trait2","bfdr_discoveries",0.1,0
20260836,24,500,15,3000,3000,3000,3000,"fast","control_informative",0.18,8,0.01,"","separate_mirage","trait2","bfdr_observed_fdp",0.2,0
20260836,24,500,15,3000,3000,3000,3000,"fast","control_informative",0.18,8,0.01,"","separate_mirage","trait2","bfdr_estimate",0.2,0
20260836,24,500,15,3000,3000,3000,3000,"fast","control_informative",0.18,8,0.01,"","separate_mirage","trait2","bfdr_power",0.2,0
20260836,24,500,15,3000,3000,3000,3000,"fast","control_informative",0.18,8,0.01,"","separate_mirage","trait2","bfdr_discoveries",0.2,0
20260836,24,500,15,3000,3000,3000,3000,"fast","control_informative",0.18,8,0.01,"","separate_mirage","pleiotropy","bfdr_observed_fdp",0.01,0
20260836,24,500,15,3000,3000,3000,3000,"fast","control_informative",0.18,8,0.01,"","separate_mirage","pleiotropy","bfdr_estimate",0.01,0
20260836,24,500,15,3000,3000,3000,3000,"fast","control_informative",0.18,8,0.01,"","separate_mirage","pleiotropy","bfdr_power",0.01,0
20260836,24,500,15,3000,3000,3000,3000,"fast","control_informative",0.18,8,0.01,"","separate_mirage","pleiotropy","bfdr_discoveries",0.01,0
20260836,24,500,15,3000,3000,3000,3000,"fast","control_informative",0.18,8,0.01,"","separate_mirage","pleiotropy","bfdr_observed_fdp",0.05,0
20260836,24,500,15,3000,3000,3000,3000,"fast","control_informative",0.18,8,0.01,"","separate_mirage","pleiotropy","bfdr_estimate",0.05,0
20260836,24,500,15,3000,3000,3000,3000,"fast","control_informative",0.18,8,0.01,"","separate_mirage","pleiotropy","bfdr_power",0.05,0
20260836,24,500,15,3000,3000,3000,3000,"fast","control_informative",0.18,8,0.01,"","separate_mirage","pleiotropy","bfdr_discoveries",0.05,0
20260836,24,500,15,3000,3000,3000,3000,"fast","control_informative",0.18,8,0.01,"","separate_mirage","pleiotropy","bfdr_observed_fdp",0.1,0
20260836,24,500,15,3000,3000,3000,3000,"fast","control_informative",0.18,8,0.01,"","separate_mirage","pleiotropy","bfdr_estimate",0.1,0
20260836,24,500,15,3000,3000,3000,3000,"fast","control_informative",0.18,8,0.01,"","separate_mirage","pleiotropy","bfdr_power",0.1,0
20260836,24,500,15,3000,3000,3000,3000,"fast","control_informative",0.18,8,0.01,"","separate_mirage","pleiotropy","bfdr_discoveries",0.1,0
20260836,24,500,15,3000,3000,3000,3000,"fast","control_informative",0.18,8,0.01,"","separate_mirage","pleiotropy","bfdr_observed_fdp",0.2,0
20260836,24,500,15,3000,3000,3000,3000,"fast","control_informative",0.18,8,0.01,"","separate_mirage","pleiotropy","bfdr_estimate",0.2,0
20260836,24,500,15,3000,3000,3000,3000,"fast","control_informative",0.18,8,0.01,"","separate_mirage","pleiotropy","bfdr_power",0.2,0
20260836,24,500,15,3000,3000,3000,3000,"fast","control_informative",0.18,8,0.01,"","separate_mirage","pleiotropy","bfdr_discoveries",0.2,0
20260836,24,500,15,3000,3000,3000,3000,"fast","control_informative",0.18,8,0.01,"","separate_mirage","global","runtime_seconds",NA,18.296
20260836,24,500,15,3000,3000,3000,3000,"fast","control_informative",0.18,8,0.01,"","separate_mirage","pleiotropy","pi11_estimate",NA,0.001
20260836,24,500,15,3000,3000,3000,3000,"fast","control_informative",0.18,8,0.01,"","mtada_aggregated","trait1","auc",NA,0.638147368421053
20260836,24,500,15,3000,3000,3000,3000,"fast","control_informative",0.18,8,0.01,"","mtada_aggregated","trait2","auc",NA,0.478367346938776
20260836,24,500,15,3000,3000,3000,3000,"fast","control_informative",0.18,8,0.01,"","mtada_aggregated","pleiotropy","auc",NA,0.444444444444444
20260836,24,500,15,3000,3000,3000,3000,"fast","control_informative",0.18,8,0.01,"","mtada_aggregated","trait1","pp08_power",0.8,0.72
20260836,24,500,15,3000,3000,3000,3000,"fast","control_informative",0.18,8,0.01,"","mtada_aggregated","trait1","pp08_fdp",0.8,0.934782608695652
20260836,24,500,15,3000,3000,3000,3000,"fast","control_informative",0.18,8,0.01,"","mtada_aggregated","trait1","pp08_discoveries",0.8,276
20260836,24,500,15,3000,3000,3000,3000,"fast","control_informative",0.18,8,0.01,"","mtada_aggregated","trait2","pp08_power",0.8,0.4
20260836,24,500,15,3000,3000,3000,3000,"fast","control_informative",0.18,8,0.01,"","mtada_aggregated","trait2","pp08_fdp",0.8,0.984615384615385
20260836,24,500,15,3000,3000,3000,3000,"fast","control_informative",0.18,8,0.01,"","mtada_aggregated","trait2","pp08_discoveries",0.8,260
20260836,24,500,15,3000,3000,3000,3000,"fast","control_informative",0.18,8,0.01,"","mtada_aggregated","pleiotropy","pp08_power",0.8,0
20260836,24,500,15,3000,3000,3000,3000,"fast","control_informative",0.18,8,0.01,"","mtada_aggregated","pleiotropy","pp08_fdp",0.8,1
20260836,24,500,15,3000,3000,3000,3000,"fast","control_informative",0.18,8,0.01,"","mtada_aggregated","pleiotropy","pp08_discoveries",0.8,156
20260836,24,500,15,3000,3000,3000,3000,"fast","control_informative",0.18,8,0.01,"","mtada_aggregated","trait1","bfdr_observed_fdp",0.01,0.932835820895522
20260836,24,500,15,3000,3000,3000,3000,"fast","control_informative",0.18,8,0.01,"","mtada_aggregated","trait1","bfdr_estimate",0.01,0.00993627246675038
20260836,24,500,15,3000,3000,3000,3000,"fast","control_informative",0.18,8,0.01,"","mtada_aggregated","trait1","bfdr_power",0.01,0.72
20260836,24,500,15,3000,3000,3000,3000,"fast","control_informative",0.18,8,0.01,"","mtada_aggregated","trait1","bfdr_discoveries",0.01,268
20260836,24,500,15,3000,3000,3000,3000,"fast","control_informative",0.18,8,0.01,"","mtada_aggregated","trait1","bfdr_observed_fdp",0.05,0.941176470588235
20260836,24,500,15,3000,3000,3000,3000,"fast","control_informative",0.18,8,0.01,"","mtada_aggregated","trait1","bfdr_estimate",0.05,0.049242302941838
20260836,24,500,15,3000,3000,3000,3000,"fast","control_informative",0.18,8,0.01,"","mtada_aggregated","trait1","bfdr_power",0.05,0.72
20260836,24,500,15,3000,3000,3000,3000,"fast","control_informative",0.18,8,0.01,"","mtada_aggregated","trait1","bfdr_discoveries",0.05,306
20260836,24,500,15,3000,3000,3000,3000,"fast","control_informative",0.18,8,0.01,"","mtada_aggregated","trait1","bfdr_observed_fdp",0.1,0.933534743202417
20260836,24,500,15,3000,3000,3000,3000,"fast","control_informative",0.18,8,0.01,"","mtada_aggregated","trait1","bfdr_estimate",0.1,0.0984535806083078
20260836,24,500,15,3000,3000,3000,3000,"fast","control_informative",0.18,8,0.01,"","mtada_aggregated","trait1","bfdr_power",0.1,0.88
20260836,24,500,15,3000,3000,3000,3000,"fast","control_informative",0.18,8,0.01,"","mtada_aggregated","trait1","bfdr_discoveries",0.1,331
20260836,24,500,15,3000,3000,3000,3000,"fast","control_informative",0.18,8,0.01,"","mtada_aggregated","trait1","bfdr_observed_fdp",0.2,0.939153439153439
20260836,24,500,15,3000,3000,3000,3000,"fast","control_informative",0.18,8,0.01,"","mtada_aggregated","trait1","bfdr_estimate",0.2,0.199265540393748
20260836,24,500,15,3000,3000,3000,3000,"fast","control_informative",0.18,8,0.01,"","mtada_aggregated","trait1","bfdr_power",0.2,0.92
20260836,24,500,15,3000,3000,3000,3000,"fast","control_informative",0.18,8,0.01,"","mtada_aggregated","trait1","bfdr_discoveries",0.2,378
20260836,24,500,15,3000,3000,3000,3000,"fast","control_informative",0.18,8,0.01,"","mtada_aggregated","trait2","bfdr_observed_fdp",0.01,0.984615384615385
20260836,24,500,15,3000,3000,3000,3000,"fast","control_informative",0.18,8,0.01,"","mtada_aggregated","trait2","bfdr_estimate",0.01,0.00932639931669348
20260836,24,500,15,3000,3000,3000,3000,"fast","control_informative",0.18,8,0.01,"","mtada_aggregated","trait2","bfdr_power",0.01,0.4
20260836,24,500,15,3000,3000,3000,3000,"fast","control_informative",0.18,8,0.01,"","mtada_aggregated","trait2","bfdr_discoveries",0.01,260
20260836,24,500,15,3000,3000,3000,3000,"fast","control_informative",0.18,8,0.01,"","mtada_aggregated","trait2","bfdr_observed_fdp",0.05,0.982578397212544
20260836,24,500,15,3000,3000,3000,3000,"fast","control_informative",0.18,8,0.01,"","mtada_aggregated","trait2","bfdr_estimate",0.05,0.0483551768306378
20260836,24,500,15,3000,3000,3000,3000,"fast","control_informative",0.18,8,0.01,"","mtada_aggregated","trait2","bfdr_power",0.05,0.5
20260836,24,500,15,3000,3000,3000,3000,"fast","control_informative",0.18,8,0.01,"","mtada_aggregated","trait2","bfdr_discoveries",0.05,287
20260836,24,500,15,3000,3000,3000,3000,"fast","control_informative",0.18,8,0.01,"","mtada_aggregated","trait2","bfdr_observed_fdp",0.1,0.983818770226537
20260836,24,500,15,3000,3000,3000,3000,"fast","control_informative",0.18,8,0.01,"","mtada_aggregated","trait2","bfdr_estimate",0.1,0.0995683095610578
20260836,24,500,15,3000,3000,3000,3000,"fast","control_informative",0.18,8,0.01,"","mtada_aggregated","trait2","bfdr_power",0.1,0.5
20260836,24,500,15,3000,3000,3000,3000,"fast","control_informative",0.18,8,0.01,"","mtada_aggregated","trait2","bfdr_discoveries",0.1,309
20260836,24,500,15,3000,3000,3000,3000,"fast","control_informative",0.18,8,0.01,"","mtada_aggregated","trait2","bfdr_observed_fdp",0.2,0.98
20260836,24,500,15,3000,3000,3000,3000,"fast","control_informative",0.18,8,0.01,"","mtada_aggregated","trait2","bfdr_estimate",0.2,0.198899403289305
20260836,24,500,15,3000,3000,3000,3000,"fast","control_informative",0.18,8,0.01,"","mtada_aggregated","trait2","bfdr_power",0.2,0.7
20260836,24,500,15,3000,3000,3000,3000,"fast","control_informative",0.18,8,0.01,"","mtada_aggregated","trait2","bfdr_discoveries",0.2,350
20260836,24,500,15,3000,3000,3000,3000,"fast","control_informative",0.18,8,0.01,"","mtada_aggregated","pleiotropy","bfdr_observed_fdp",0.01,1
20260836,24,500,15,3000,3000,3000,3000,"fast","control_informative",0.18,8,0.01,"","mtada_aggregated","pleiotropy","bfdr_estimate",0.01,0.00949230171436776
20260836,24,500,15,3000,3000,3000,3000,"fast","control_informative",0.18,8,0.01,"","mtada_aggregated","pleiotropy","bfdr_power",0.01,0
20260836,24,500,15,3000,3000,3000,3000,"fast","control_informative",0.18,8,0.01,"","mtada_aggregated","pleiotropy","bfdr_discoveries",0.01,147
20260836,24,500,15,3000,3000,3000,3000,"fast","control_informative",0.18,8,0.01,"","mtada_aggregated","pleiotropy","bfdr_observed_fdp",0.05,1
20260836,24,500,15,3000,3000,3000,3000,"fast","control_informative",0.18,8,0.01,"","mtada_aggregated","pleiotropy","bfdr_estimate",0.05,0.0491018055057195
20260836,24,500,15,3000,3000,3000,3000,"fast","control_informative",0.18,8,0.01,"","mtada_aggregated","pleiotropy","bfdr_power",0.05,0
20260836,24,500,15,3000,3000,3000,3000,"fast","control_informative",0.18,8,0.01,"","mtada_aggregated","pleiotropy","bfdr_discoveries",0.05,174
20260836,24,500,15,3000,3000,3000,3000,"fast","control_informative",0.18,8,0.01,"","mtada_aggregated","pleiotropy","bfdr_observed_fdp",0.1,0.994897959183674
20260836,24,500,15,3000,3000,3000,3000,"fast","control_informative",0.18,8,0.01,"","mtada_aggregated","pleiotropy","bfdr_estimate",0.1,0.0999798343731386
20260836,24,500,15,3000,3000,3000,3000,"fast","control_informative",0.18,8,0.01,"","mtada_aggregated","pleiotropy","bfdr_power",0.1,0.2
20260836,24,500,15,3000,3000,3000,3000,"fast","control_informative",0.18,8,0.01,"","mtada_aggregated","pleiotropy","bfdr_discoveries",0.1,196
20260836,24,500,15,3000,3000,3000,3000,"fast","control_informative",0.18,8,0.01,"","mtada_aggregated","pleiotropy","bfdr_observed_fdp",0.2,0.991341991341991
20260836,24,500,15,3000,3000,3000,3000,"fast","control_informative",0.18,8,0.01,"","mtada_aggregated","pleiotropy","bfdr_estimate",0.2,0.199034126454938
20260836,24,500,15,3000,3000,3000,3000,"fast","control_informative",0.18,8,0.01,"","mtada_aggregated","pleiotropy","bfdr_power",0.2,0.4
20260836,24,500,15,3000,3000,3000,3000,"fast","control_informative",0.18,8,0.01,"","mtada_aggregated","pleiotropy","bfdr_discoveries",0.2,231
20260836,24,500,15,3000,3000,3000,3000,"fast","control_informative",0.18,8,0.01,"","mtada_aggregated","global","runtime_seconds",NA,0.831999999999994
20260836,24,500,15,3000,3000,3000,3000,"fast","control_informative",0.18,8,0.01,"","mtada_aggregated","pleiotropy","pi11_estimate",NA,0.00836647
20260837,25,500,15,3000,3000,3000,3000,"fast","control_informative",0.18,8,0.01,"","mirage_joint","trait1","auc",NA,0.736589473684211
20260837,25,500,15,3000,3000,3000,3000,"fast","control_informative",0.18,8,0.01,"","mirage_joint","trait2","auc",NA,0.659591836734694
20260837,25,500,15,3000,3000,3000,3000,"fast","control_informative",0.18,8,0.01,"","mirage_joint","pleiotropy","auc",NA,0.619393939393939
20260837,25,500,15,3000,3000,3000,3000,"fast","control_informative",0.18,8,0.01,"","mirage_joint","trait1","pp08_power",0.8,0.08
20260837,25,500,15,3000,3000,3000,3000,"fast","control_informative",0.18,8,0.01,"","mirage_joint","trait1","pp08_fdp",0.8,0
20260837,25,500,15,3000,3000,3000,3000,"fast","control_informative",0.18,8,0.01,"","mirage_joint","trait1","pp08_discoveries",0.8,2
20260837,25,500,15,3000,3000,3000,3000,"fast","control_informative",0.18,8,0.01,"","mirage_joint","trait2","pp08_power",0.8,0
20260837,25,500,15,3000,3000,3000,3000,"fast","control_informative",0.18,8,0.01,"","mirage_joint","trait2","pp08_fdp",0.8,0
20260837,25,500,15,3000,3000,3000,3000,"fast","control_informative",0.18,8,0.01,"","mirage_joint","trait2","pp08_discoveries",0.8,0
20260837,25,500,15,3000,3000,3000,3000,"fast","control_informative",0.18,8,0.01,"","mirage_joint","pleiotropy","pp08_power",0.8,0
20260837,25,500,15,3000,3000,3000,3000,"fast","control_informative",0.18,8,0.01,"","mirage_joint","pleiotropy","pp08_fdp",0.8,0
20260837,25,500,15,3000,3000,3000,3000,"fast","control_informative",0.18,8,0.01,"","mirage_joint","pleiotropy","pp08_discoveries",0.8,0
20260837,25,500,15,3000,3000,3000,3000,"fast","control_informative",0.18,8,0.01,"","mirage_joint","trait1","bfdr_observed_fdp",0.01,0
20260837,25,500,15,3000,3000,3000,3000,"fast","control_informative",0.18,8,0.01,"","mirage_joint","trait1","bfdr_estimate",0.01,0.00896645901446569
20260837,25,500,15,3000,3000,3000,3000,"fast","control_informative",0.18,8,0.01,"","mirage_joint","trait1","bfdr_power",0.01,0.04
20260837,25,500,15,3000,3000,3000,3000,"fast","control_informative",0.18,8,0.01,"","mirage_joint","trait1","bfdr_discoveries",0.01,1
20260837,25,500,15,3000,3000,3000,3000,"fast","control_informative",0.18,8,0.01,"","mirage_joint","trait1","bfdr_observed_fdp",0.05,0
20260837,25,500,15,3000,3000,3000,3000,"fast","control_informative",0.18,8,0.01,"","mirage_joint","trait1","bfdr_estimate",0.05,0.0326311144091518
20260837,25,500,15,3000,3000,3000,3000,"fast","control_informative",0.18,8,0.01,"","mirage_joint","trait1","bfdr_power",0.05,0.08
20260837,25,500,15,3000,3000,3000,3000,"fast","control_informative",0.18,8,0.01,"","mirage_joint","trait1","bfdr_discoveries",0.05,2
20260837,25,500,15,3000,3000,3000,3000,"fast","control_informative",0.18,8,0.01,"","mirage_joint","trait1","bfdr_observed_fdp",0.1,0
20260837,25,500,15,3000,3000,3000,3000,"fast","control_informative",0.18,8,0.01,"","mirage_joint","trait1","bfdr_estimate",0.1,0.0908478288858586
20260837,25,500,15,3000,3000,3000,3000,"fast","control_informative",0.18,8,0.01,"","mirage_joint","trait1","bfdr_power",0.1,0.12
20260837,25,500,15,3000,3000,3000,3000,"fast","control_informative",0.18,8,0.01,"","mirage_joint","trait1","bfdr_discoveries",0.1,3
20260837,25,500,15,3000,3000,3000,3000,"fast","control_informative",0.18,8,0.01,"","mirage_joint","trait1","bfdr_observed_fdp",0.2,0.4
20260837,25,500,15,3000,3000,3000,3000,"fast","control_informative",0.18,8,0.01,"","mirage_joint","trait1","bfdr_estimate",0.2,0.184570358776908
20260837,25,500,15,3000,3000,3000,3000,"fast","control_informative",0.18,8,0.01,"","mirage_joint","trait1","bfdr_power",0.2,0.12
20260837,25,500,15,3000,3000,3000,3000,"fast","control_informative",0.18,8,0.01,"","mirage_joint","trait1","bfdr_discoveries",0.2,5
20260837,25,500,15,3000,3000,3000,3000,"fast","control_informative",0.18,8,0.01,"","mirage_joint","trait2","bfdr_observed_fdp",0.01,0
20260837,25,500,15,3000,3000,3000,3000,"fast","control_informative",0.18,8,0.01,"","mirage_joint","trait2","bfdr_estimate",0.01,0
20260837,25,500,15,3000,3000,3000,3000,"fast","control_informative",0.18,8,0.01,"","mirage_joint","trait2","bfdr_power",0.01,0
20260837,25,500,15,3000,3000,3000,3000,"fast","control_informative",0.18,8,0.01,"","mirage_joint","trait2","bfdr_discoveries",0.01,0
20260837,25,500,15,3000,3000,3000,3000,"fast","control_informative",0.18,8,0.01,"","mirage_joint","trait2","bfdr_observed_fdp",0.05,0
20260837,25,500,15,3000,3000,3000,3000,"fast","control_informative",0.18,8,0.01,"","mirage_joint","trait2","bfdr_estimate",0.05,0
20260837,25,500,15,3000,3000,3000,3000,"fast","control_informative",0.18,8,0.01,"","mirage_joint","trait2","bfdr_power",0.05,0
20260837,25,500,15,3000,3000,3000,3000,"fast","control_informative",0.18,8,0.01,"","mirage_joint","trait2","bfdr_discoveries",0.05,0
20260837,25,500,15,3000,3000,3000,3000,"fast","control_informative",0.18,8,0.01,"","mirage_joint","trait2","bfdr_observed_fdp",0.1,0
20260837,25,500,15,3000,3000,3000,3000,"fast","control_informative",0.18,8,0.01,"","mirage_joint","trait2","bfdr_estimate",0.1,0
20260837,25,500,15,3000,3000,3000,3000,"fast","control_informative",0.18,8,0.01,"","mirage_joint","trait2","bfdr_power",0.1,0
20260837,25,500,15,3000,3000,3000,3000,"fast","control_informative",0.18,8,0.01,"","mirage_joint","trait2","bfdr_discoveries",0.1,0
20260837,25,500,15,3000,3000,3000,3000,"fast","control_informative",0.18,8,0.01,"","mirage_joint","trait2","bfdr_observed_fdp",0.2,0
20260837,25,500,15,3000,3000,3000,3000,"fast","control_informative",0.18,8,0.01,"","mirage_joint","trait2","bfdr_estimate",0.2,0
20260837,25,500,15,3000,3000,3000,3000,"fast","control_informative",0.18,8,0.01,"","mirage_joint","trait2","bfdr_power",0.2,0
20260837,25,500,15,3000,3000,3000,3000,"fast","control_informative",0.18,8,0.01,"","mirage_joint","trait2","bfdr_discoveries",0.2,0
20260837,25,500,15,3000,3000,3000,3000,"fast","control_informative",0.18,8,0.01,"","mirage_joint","pleiotropy","bfdr_observed_fdp",0.01,0
20260837,25,500,15,3000,3000,3000,3000,"fast","control_informative",0.18,8,0.01,"","mirage_joint","pleiotropy","bfdr_estimate",0.01,0
20260837,25,500,15,3000,3000,3000,3000,"fast","control_informative",0.18,8,0.01,"","mirage_joint","pleiotropy","bfdr_power",0.01,0
20260837,25,500,15,3000,3000,3000,3000,"fast","control_informative",0.18,8,0.01,"","mirage_joint","pleiotropy","bfdr_discoveries",0.01,0
20260837,25,500,15,3000,3000,3000,3000,"fast","control_informative",0.18,8,0.01,"","mirage_joint","pleiotropy","bfdr_observed_fdp",0.05,0
20260837,25,500,15,3000,3000,3000,3000,"fast","control_informative",0.18,8,0.01,"","mirage_joint","pleiotropy","bfdr_estimate",0.05,0
20260837,25,500,15,3000,3000,3000,3000,"fast","control_informative",0.18,8,0.01,"","mirage_joint","pleiotropy","bfdr_power",0.05,0
20260837,25,500,15,3000,3000,3000,3000,"fast","control_informative",0.18,8,0.01,"","mirage_joint","pleiotropy","bfdr_discoveries",0.05,0
20260837,25,500,15,3000,3000,3000,3000,"fast","control_informative",0.18,8,0.01,"","mirage_joint","pleiotropy","bfdr_observed_fdp",0.1,0
20260837,25,500,15,3000,3000,3000,3000,"fast","control_informative",0.18,8,0.01,"","mirage_joint","pleiotropy","bfdr_estimate",0.1,0
20260837,25,500,15,3000,3000,3000,3000,"fast","control_informative",0.18,8,0.01,"","mirage_joint","pleiotropy","bfdr_power",0.1,0
20260837,25,500,15,3000,3000,3000,3000,"fast","control_informative",0.18,8,0.01,"","mirage_joint","pleiotropy","bfdr_discoveries",0.1,0
20260837,25,500,15,3000,3000,3000,3000,"fast","control_informative",0.18,8,0.01,"","mirage_joint","pleiotropy","bfdr_observed_fdp",0.2,0
20260837,25,500,15,3000,3000,3000,3000,"fast","control_informative",0.18,8,0.01,"","mirage_joint","pleiotropy","bfdr_estimate",0.2,0
20260837,25,500,15,3000,3000,3000,3000,"fast","control_informative",0.18,8,0.01,"","mirage_joint","pleiotropy","bfdr_power",0.2,0
20260837,25,500,15,3000,3000,3000,3000,"fast","control_informative",0.18,8,0.01,"","mirage_joint","pleiotropy","bfdr_discoveries",0.2,0
20260837,25,500,15,3000,3000,3000,3000,"fast","control_informative",0.18,8,0.01,"","mirage_joint","global","runtime_seconds",NA,18.364
20260837,25,500,15,3000,3000,3000,3000,"fast","control_informative",0.18,8,0.01,"","mirage_joint","pleiotropy","pi11_estimate",NA,0.0340130760612242
20260837,25,500,15,3000,3000,3000,3000,"fast","control_informative",0.18,8,0.01,"","separate_mirage","trait1","auc",NA,0.668884210526316
20260837,25,500,15,3000,3000,3000,3000,"fast","control_informative",0.18,8,0.01,"","separate_mirage","trait2","auc",NA,0.63265306122449
20260837,25,500,15,3000,3000,3000,3000,"fast","control_informative",0.18,8,0.01,"","separate_mirage","pleiotropy","auc",NA,0.611717171717172
20260837,25,500,15,3000,3000,3000,3000,"fast","control_informative",0.18,8,0.01,"","separate_mirage","trait1","pp08_power",0.8,0.08
20260837,25,500,15,3000,3000,3000,3000,"fast","control_informative",0.18,8,0.01,"","separate_mirage","trait1","pp08_fdp",0.8,0
20260837,25,500,15,3000,3000,3000,3000,"fast","control_informative",0.18,8,0.01,"","separate_mirage","trait1","pp08_discoveries",0.8,2
20260837,25,500,15,3000,3000,3000,3000,"fast","control_informative",0.18,8,0.01,"","separate_mirage","trait2","pp08_power",0.8,0
20260837,25,500,15,3000,3000,3000,3000,"fast","control_informative",0.18,8,0.01,"","separate_mirage","trait2","pp08_fdp",0.8,0
20260837,25,500,15,3000,3000,3000,3000,"fast","control_informative",0.18,8,0.01,"","separate_mirage","trait2","pp08_discoveries",0.8,0
20260837,25,500,15,3000,3000,3000,3000,"fast","control_informative",0.18,8,0.01,"","separate_mirage","pleiotropy","pp08_power",0.8,0
20260837,25,500,15,3000,3000,3000,3000,"fast","control_informative",0.18,8,0.01,"","separate_mirage","pleiotropy","pp08_fdp",0.8,0
20260837,25,500,15,3000,3000,3000,3000,"fast","control_informative",0.18,8,0.01,"","separate_mirage","pleiotropy","pp08_discoveries",0.8,0
20260837,25,500,15,3000,3000,3000,3000,"fast","control_informative",0.18,8,0.01,"","separate_mirage","trait1","bfdr_observed_fdp",0.01,0
20260837,25,500,15,3000,3000,3000,3000,"fast","control_informative",0.18,8,0.01,"","separate_mirage","trait1","bfdr_estimate",0.01,0.00720748979403374
20260837,25,500,15,3000,3000,3000,3000,"fast","control_informative",0.18,8,0.01,"","separate_mirage","trait1","bfdr_power",0.01,0.04
20260837,25,500,15,3000,3000,3000,3000,"fast","control_informative",0.18,8,0.01,"","separate_mirage","trait1","bfdr_discoveries",0.01,1
20260837,25,500,15,3000,3000,3000,3000,"fast","control_informative",0.18,8,0.01,"","separate_mirage","trait1","bfdr_observed_fdp",0.05,0
20260837,25,500,15,3000,3000,3000,3000,"fast","control_informative",0.18,8,0.01,"","separate_mirage","trait1","bfdr_estimate",0.05,0.0208897756073801
20260837,25,500,15,3000,3000,3000,3000,"fast","control_informative",0.18,8,0.01,"","separate_mirage","trait1","bfdr_power",0.05,0.08
20260837,25,500,15,3000,3000,3000,3000,"fast","control_informative",0.18,8,0.01,"","separate_mirage","trait1","bfdr_discoveries",0.05,2
20260837,25,500,15,3000,3000,3000,3000,"fast","control_informative",0.18,8,0.01,"","separate_mirage","trait1","bfdr_observed_fdp",0.1,0
20260837,25,500,15,3000,3000,3000,3000,"fast","control_informative",0.18,8,0.01,"","separate_mirage","trait1","bfdr_estimate",0.1,0.0208897756073801
20260837,25,500,15,3000,3000,3000,3000,"fast","control_informative",0.18,8,0.01,"","separate_mirage","trait1","bfdr_power",0.1,0.08
20260837,25,500,15,3000,3000,3000,3000,"fast","control_informative",0.18,8,0.01,"","separate_mirage","trait1","bfdr_discoveries",0.1,2
20260837,25,500,15,3000,3000,3000,3000,"fast","control_informative",0.18,8,0.01,"","separate_mirage","trait1","bfdr_observed_fdp",0.2,0.333333333333333
20260837,25,500,15,3000,3000,3000,3000,"fast","control_informative",0.18,8,0.01,"","separate_mirage","trait1","bfdr_estimate",0.2,0.188040696830583
20260837,25,500,15,3000,3000,3000,3000,"fast","control_informative",0.18,8,0.01,"","separate_mirage","trait1","bfdr_power",0.2,0.08
20260837,25,500,15,3000,3000,3000,3000,"fast","control_informative",0.18,8,0.01,"","separate_mirage","trait1","bfdr_discoveries",0.2,3
20260837,25,500,15,3000,3000,3000,3000,"fast","control_informative",0.18,8,0.01,"","separate_mirage","trait2","bfdr_observed_fdp",0.01,0
20260837,25,500,15,3000,3000,3000,3000,"fast","control_informative",0.18,8,0.01,"","separate_mirage","trait2","bfdr_estimate",0.01,0
20260837,25,500,15,3000,3000,3000,3000,"fast","control_informative",0.18,8,0.01,"","separate_mirage","trait2","bfdr_power",0.01,0
20260837,25,500,15,3000,3000,3000,3000,"fast","control_informative",0.18,8,0.01,"","separate_mirage","trait2","bfdr_discoveries",0.01,0
20260837,25,500,15,3000,3000,3000,3000,"fast","control_informative",0.18,8,0.01,"","separate_mirage","trait2","bfdr_observed_fdp",0.05,0
20260837,25,500,15,3000,3000,3000,3000,"fast","control_informative",0.18,8,0.01,"","separate_mirage","trait2","bfdr_estimate",0.05,0
20260837,25,500,15,3000,3000,3000,3000,"fast","control_informative",0.18,8,0.01,"","separate_mirage","trait2","bfdr_power",0.05,0
20260837,25,500,15,3000,3000,3000,3000,"fast","control_informative",0.18,8,0.01,"","separate_mirage","trait2","bfdr_discoveries",0.05,0
20260837,25,500,15,3000,3000,3000,3000,"fast","control_informative",0.18,8,0.01,"","separate_mirage","trait2","bfdr_observed_fdp",0.1,0
20260837,25,500,15,3000,3000,3000,3000,"fast","control_informative",0.18,8,0.01,"","separate_mirage","trait2","bfdr_estimate",0.1,0
20260837,25,500,15,3000,3000,3000,3000,"fast","control_informative",0.18,8,0.01,"","separate_mirage","trait2","bfdr_power",0.1,0
20260837,25,500,15,3000,3000,3000,3000,"fast","control_informative",0.18,8,0.01,"","separate_mirage","trait2","bfdr_discoveries",0.1,0
20260837,25,500,15,3000,3000,3000,3000,"fast","control_informative",0.18,8,0.01,"","separate_mirage","trait2","bfdr_observed_fdp",0.2,0
20260837,25,500,15,3000,3000,3000,3000,"fast","control_informative",0.18,8,0.01,"","separate_mirage","trait2","bfdr_estimate",0.2,0
20260837,25,500,15,3000,3000,3000,3000,"fast","control_informative",0.18,8,0.01,"","separate_mirage","trait2","bfdr_power",0.2,0
20260837,25,500,15,3000,3000,3000,3000,"fast","control_informative",0.18,8,0.01,"","separate_mirage","trait2","bfdr_discoveries",0.2,0
20260837,25,500,15,3000,3000,3000,3000,"fast","control_informative",0.18,8,0.01,"","separate_mirage","pleiotropy","bfdr_observed_fdp",0.01,0
20260837,25,500,15,3000,3000,3000,3000,"fast","control_informative",0.18,8,0.01,"","separate_mirage","pleiotropy","bfdr_estimate",0.01,0
20260837,25,500,15,3000,3000,3000,3000,"fast","control_informative",0.18,8,0.01,"","separate_mirage","pleiotropy","bfdr_power",0.01,0
20260837,25,500,15,3000,3000,3000,3000,"fast","control_informative",0.18,8,0.01,"","separate_mirage","pleiotropy","bfdr_discoveries",0.01,0
20260837,25,500,15,3000,3000,3000,3000,"fast","control_informative",0.18,8,0.01,"","separate_mirage","pleiotropy","bfdr_observed_fdp",0.05,0
20260837,25,500,15,3000,3000,3000,3000,"fast","control_informative",0.18,8,0.01,"","separate_mirage","pleiotropy","bfdr_estimate",0.05,0
20260837,25,500,15,3000,3000,3000,3000,"fast","control_informative",0.18,8,0.01,"","separate_mirage","pleiotropy","bfdr_power",0.05,0
20260837,25,500,15,3000,3000,3000,3000,"fast","control_informative",0.18,8,0.01,"","separate_mirage","pleiotropy","bfdr_discoveries",0.05,0
20260837,25,500,15,3000,3000,3000,3000,"fast","control_informative",0.18,8,0.01,"","separate_mirage","pleiotropy","bfdr_observed_fdp",0.1,0
20260837,25,500,15,3000,3000,3000,3000,"fast","control_informative",0.18,8,0.01,"","separate_mirage","pleiotropy","bfdr_estimate",0.1,0
20260837,25,500,15,3000,3000,3000,3000,"fast","control_informative",0.18,8,0.01,"","separate_mirage","pleiotropy","bfdr_power",0.1,0
20260837,25,500,15,3000,3000,3000,3000,"fast","control_informative",0.18,8,0.01,"","separate_mirage","pleiotropy","bfdr_discoveries",0.1,0
20260837,25,500,15,3000,3000,3000,3000,"fast","control_informative",0.18,8,0.01,"","separate_mirage","pleiotropy","bfdr_observed_fdp",0.2,0
20260837,25,500,15,3000,3000,3000,3000,"fast","control_informative",0.18,8,0.01,"","separate_mirage","pleiotropy","bfdr_estimate",0.2,0
20260837,25,500,15,3000,3000,3000,3000,"fast","control_informative",0.18,8,0.01,"","separate_mirage","pleiotropy","bfdr_power",0.2,0
20260837,25,500,15,3000,3000,3000,3000,"fast","control_informative",0.18,8,0.01,"","separate_mirage","pleiotropy","bfdr_discoveries",0.2,0
20260837,25,500,15,3000,3000,3000,3000,"fast","control_informative",0.18,8,0.01,"","separate_mirage","global","runtime_seconds",NA,18.336
20260837,25,500,15,3000,3000,3000,3000,"fast","control_informative",0.18,8,0.01,"","separate_mirage","pleiotropy","pi11_estimate",NA,0.001
20260837,25,500,15,3000,3000,3000,3000,"fast","control_informative",0.18,8,0.01,"","mtada_aggregated","trait1","auc",NA,0.573894736842105
20260837,25,500,15,3000,3000,3000,3000,"fast","control_informative",0.18,8,0.01,"","mtada_aggregated","trait2","auc",NA,0.399795918367347
20260837,25,500,15,3000,3000,3000,3000,"fast","control_informative",0.18,8,0.01,"","mtada_aggregated","pleiotropy","auc",NA,0.573333333333333
20260837,25,500,15,3000,3000,3000,3000,"fast","control_informative",0.18,8,0.01,"","mtada_aggregated","trait1","pp08_power",0.8,0.72
20260837,25,500,15,3000,3000,3000,3000,"fast","control_informative",0.18,8,0.01,"","mtada_aggregated","trait1","pp08_fdp",0.8,0.936619718309859
20260837,25,500,15,3000,3000,3000,3000,"fast","control_informative",0.18,8,0.01,"","mtada_aggregated","trait1","pp08_discoveries",0.8,284
20260837,25,500,15,3000,3000,3000,3000,"fast","control_informative",0.18,8,0.01,"","mtada_aggregated","trait2","pp08_power",0.8,0.4
20260837,25,500,15,3000,3000,3000,3000,"fast","control_informative",0.18,8,0.01,"","mtada_aggregated","trait2","pp08_fdp",0.8,0.984
20260837,25,500,15,3000,3000,3000,3000,"fast","control_informative",0.18,8,0.01,"","mtada_aggregated","trait2","pp08_discoveries",0.8,250
20260837,25,500,15,3000,3000,3000,3000,"fast","control_informative",0.18,8,0.01,"","mtada_aggregated","pleiotropy","pp08_power",0.8,0.4
20260837,25,500,15,3000,3000,3000,3000,"fast","control_informative",0.18,8,0.01,"","mtada_aggregated","pleiotropy","pp08_fdp",0.8,0.987878787878788
20260837,25,500,15,3000,3000,3000,3000,"fast","control_informative",0.18,8,0.01,"","mtada_aggregated","pleiotropy","pp08_discoveries",0.8,165
20260837,25,500,15,3000,3000,3000,3000,"fast","control_informative",0.18,8,0.01,"","mtada_aggregated","trait1","bfdr_observed_fdp",0.01,0.937062937062937
20260837,25,500,15,3000,3000,3000,3000,"fast","control_informative",0.18,8,0.01,"","mtada_aggregated","trait1","bfdr_estimate",0.01,0.00961238554356535
20260837,25,500,15,3000,3000,3000,3000,"fast","control_informative",0.18,8,0.01,"","mtada_aggregated","trait1","bfdr_power",0.01,0.72
20260837,25,500,15,3000,3000,3000,3000,"fast","control_informative",0.18,8,0.01,"","mtada_aggregated","trait1","bfdr_discoveries",0.01,286
20260837,25,500,15,3000,3000,3000,3000,"fast","control_informative",0.18,8,0.01,"","mtada_aggregated","trait1","bfdr_observed_fdp",0.05,0.937106918238994
20260837,25,500,15,3000,3000,3000,3000,"fast","control_informative",0.18,8,0.01,"","mtada_aggregated","trait1","bfdr_estimate",0.05,0.0491034168989402
20260837,25,500,15,3000,3000,3000,3000,"fast","control_informative",0.18,8,0.01,"","mtada_aggregated","trait1","bfdr_power",0.05,0.8
20260837,25,500,15,3000,3000,3000,3000,"fast","control_informative",0.18,8,0.01,"","mtada_aggregated","trait1","bfdr_discoveries",0.05,318
20260837,25,500,15,3000,3000,3000,3000,"fast","control_informative",0.18,8,0.01,"","mtada_aggregated","trait1","bfdr_observed_fdp",0.1,0.93859649122807
20260837,25,500,15,3000,3000,3000,3000,"fast","control_informative",0.18,8,0.01,"","mtada_aggregated","trait1","bfdr_estimate",0.1,0.0984906341808702
20260837,25,500,15,3000,3000,3000,3000,"fast","control_informative",0.18,8,0.01,"","mtada_aggregated","trait1","bfdr_power",0.1,0.84
20260837,25,500,15,3000,3000,3000,3000,"fast","control_informative",0.18,8,0.01,"","mtada_aggregated","trait1","bfdr_discoveries",0.1,342
20260837,25,500,15,3000,3000,3000,3000,"fast","control_informative",0.18,8,0.01,"","mtada_aggregated","trait1","bfdr_observed_fdp",0.2,0.940721649484536
20260837,25,500,15,3000,3000,3000,3000,"fast","control_informative",0.18,8,0.01,"","mtada_aggregated","trait1","bfdr_estimate",0.2,0.198558928708273
20260837,25,500,15,3000,3000,3000,3000,"fast","control_informative",0.18,8,0.01,"","mtada_aggregated","trait1","bfdr_power",0.2,0.92
20260837,25,500,15,3000,3000,3000,3000,"fast","control_informative",0.18,8,0.01,"","mtada_aggregated","trait1","bfdr_discoveries",0.2,388
20260837,25,500,15,3000,3000,3000,3000,"fast","control_informative",0.18,8,0.01,"","mtada_aggregated","trait2","bfdr_observed_fdp",0.01,0.984189723320158
20260837,25,500,15,3000,3000,3000,3000,"fast","control_informative",0.18,8,0.01,"","mtada_aggregated","trait2","bfdr_estimate",0.01,0.00997347136842758
20260837,25,500,15,3000,3000,3000,3000,"fast","control_informative",0.18,8,0.01,"","mtada_aggregated","trait2","bfdr_power",0.01,0.4
20260837,25,500,15,3000,3000,3000,3000,"fast","control_informative",0.18,8,0.01,"","mtada_aggregated","trait2","bfdr_discoveries",0.01,253
20260837,25,500,15,3000,3000,3000,3000,"fast","control_informative",0.18,8,0.01,"","mtada_aggregated","trait2","bfdr_observed_fdp",0.05,0.981751824817518
20260837,25,500,15,3000,3000,3000,3000,"fast","control_informative",0.18,8,0.01,"","mtada_aggregated","trait2","bfdr_estimate",0.05,0.0482707752817871
20260837,25,500,15,3000,3000,3000,3000,"fast","control_informative",0.18,8,0.01,"","mtada_aggregated","trait2","bfdr_power",0.05,0.5
20260837,25,500,15,3000,3000,3000,3000,"fast","control_informative",0.18,8,0.01,"","mtada_aggregated","trait2","bfdr_discoveries",0.05,274
20260837,25,500,15,3000,3000,3000,3000,"fast","control_informative",0.18,8,0.01,"","mtada_aggregated","trait2","bfdr_observed_fdp",0.1,0.982993197278912
20260837,25,500,15,3000,3000,3000,3000,"fast","control_informative",0.18,8,0.01,"","mtada_aggregated","trait2","bfdr_estimate",0.1,0.0991906863539941
20260837,25,500,15,3000,3000,3000,3000,"fast","control_informative",0.18,8,0.01,"","mtada_aggregated","trait2","bfdr_power",0.1,0.5
20260837,25,500,15,3000,3000,3000,3000,"fast","control_informative",0.18,8,0.01,"","mtada_aggregated","trait2","bfdr_discoveries",0.1,294
20260837,25,500,15,3000,3000,3000,3000,"fast","control_informative",0.18,8,0.01,"","mtada_aggregated","trait2","bfdr_observed_fdp",0.2,0.98502994011976
20260837,25,500,15,3000,3000,3000,3000,"fast","control_informative",0.18,8,0.01,"","mtada_aggregated","trait2","bfdr_estimate",0.2,0.199788641156745
20260837,25,500,15,3000,3000,3000,3000,"fast","control_informative",0.18,8,0.01,"","mtada_aggregated","trait2","bfdr_power",0.2,0.5
20260837,25,500,15,3000,3000,3000,3000,"fast","control_informative",0.18,8,0.01,"","mtada_aggregated","trait2","bfdr_discoveries",0.2,334
20260837,25,500,15,3000,3000,3000,3000,"fast","control_informative",0.18,8,0.01,"","mtada_aggregated","pleiotropy","bfdr_observed_fdp",0.01,0.987096774193548
20260837,25,500,15,3000,3000,3000,3000,"fast","control_informative",0.18,8,0.01,"","mtada_aggregated","pleiotropy","bfdr_estimate",0.01,0.00987417898016133
20260837,25,500,15,3000,3000,3000,3000,"fast","control_informative",0.18,8,0.01,"","mtada_aggregated","pleiotropy","bfdr_power",0.01,0.4
20260837,25,500,15,3000,3000,3000,3000,"fast","control_informative",0.18,8,0.01,"","mtada_aggregated","pleiotropy","bfdr_discoveries",0.01,155
20260837,25,500,15,3000,3000,3000,3000,"fast","control_informative",0.18,8,0.01,"","mtada_aggregated","pleiotropy","bfdr_observed_fdp",0.05,0.989071038251366
20260837,25,500,15,3000,3000,3000,3000,"fast","control_informative",0.18,8,0.01,"","mtada_aggregated","pleiotropy","bfdr_estimate",0.05,0.0487836703998398
20260837,25,500,15,3000,3000,3000,3000,"fast","control_informative",0.18,8,0.01,"","mtada_aggregated","pleiotropy","bfdr_power",0.05,0.4
20260837,25,500,15,3000,3000,3000,3000,"fast","control_informative",0.18,8,0.01,"","mtada_aggregated","pleiotropy","bfdr_discoveries",0.05,183
20260837,25,500,15,3000,3000,3000,3000,"fast","control_informative",0.18,8,0.01,"","mtada_aggregated","pleiotropy","bfdr_observed_fdp",0.1,0.985221674876847
20260837,25,500,15,3000,3000,3000,3000,"fast","control_informative",0.18,8,0.01,"","mtada_aggregated","pleiotropy","bfdr_estimate",0.1,0.0974403023983708
20260837,25,500,15,3000,3000,3000,3000,"fast","control_informative",0.18,8,0.01,"","mtada_aggregated","pleiotropy","bfdr_power",0.1,0.6
20260837,25,500,15,3000,3000,3000,3000,"fast","control_informative",0.18,8,0.01,"","mtada_aggregated","pleiotropy","bfdr_discoveries",0.1,203
20260837,25,500,15,3000,3000,3000,3000,"fast","control_informative",0.18,8,0.01,"","mtada_aggregated","pleiotropy","bfdr_observed_fdp",0.2,0.987394957983193
20260837,25,500,15,3000,3000,3000,3000,"fast","control_informative",0.18,8,0.01,"","mtada_aggregated","pleiotropy","bfdr_estimate",0.2,0.199689922808329
20260837,25,500,15,3000,3000,3000,3000,"fast","control_informative",0.18,8,0.01,"","mtada_aggregated","pleiotropy","bfdr_power",0.2,0.6
20260837,25,500,15,3000,3000,3000,3000,"fast","control_informative",0.18,8,0.01,"","mtada_aggregated","pleiotropy","bfdr_discoveries",0.2,238
20260837,25,500,15,3000,3000,3000,3000,"fast","control_informative",0.18,8,0.01,"","mtada_aggregated","global","runtime_seconds",NA,0.755999999999972
20260837,25,500,15,3000,3000,3000,3000,"fast","control_informative",0.18,8,0.01,"","mtada_aggregated","pleiotropy","pi11_estimate",NA,0.00973808
20260838,26,500,15,3000,3000,3000,3000,"fast","control_informative",0.18,8,0.01,"","mirage_joint","trait1","auc",NA,0.670147368421053
20260838,26,500,15,3000,3000,3000,3000,"fast","control_informative",0.18,8,0.01,"","mirage_joint","trait2","auc",NA,0.654489795918367
20260838,26,500,15,3000,3000,3000,3000,"fast","control_informative",0.18,8,0.01,"","mirage_joint","pleiotropy","auc",NA,0.613737373737374
20260838,26,500,15,3000,3000,3000,3000,"fast","control_informative",0.18,8,0.01,"","mirage_joint","trait1","pp08_power",0.8,0.12
20260838,26,500,15,3000,3000,3000,3000,"fast","control_informative",0.18,8,0.01,"","mirage_joint","trait1","pp08_fdp",0.8,0.4
20260838,26,500,15,3000,3000,3000,3000,"fast","control_informative",0.18,8,0.01,"","mirage_joint","trait1","pp08_discoveries",0.8,5
20260838,26,500,15,3000,3000,3000,3000,"fast","control_informative",0.18,8,0.01,"","mirage_joint","trait2","pp08_power",0.8,0.1
20260838,26,500,15,3000,3000,3000,3000,"fast","control_informative",0.18,8,0.01,"","mirage_joint","trait2","pp08_fdp",0.8,0.5
20260838,26,500,15,3000,3000,3000,3000,"fast","control_informative",0.18,8,0.01,"","mirage_joint","trait2","pp08_discoveries",0.8,2
20260838,26,500,15,3000,3000,3000,3000,"fast","control_informative",0.18,8,0.01,"","mirage_joint","pleiotropy","pp08_power",0.8,0.2
20260838,26,500,15,3000,3000,3000,3000,"fast","control_informative",0.18,8,0.01,"","mirage_joint","pleiotropy","pp08_fdp",0.8,0.5
20260838,26,500,15,3000,3000,3000,3000,"fast","control_informative",0.18,8,0.01,"","mirage_joint","pleiotropy","pp08_discoveries",0.8,2
20260838,26,500,15,3000,3000,3000,3000,"fast","control_informative",0.18,8,0.01,"","mirage_joint","trait1","bfdr_observed_fdp",0.01,0.25
20260838,26,500,15,3000,3000,3000,3000,"fast","control_informative",0.18,8,0.01,"","mirage_joint","trait1","bfdr_estimate",0.01,0.00449141599303288
20260838,26,500,15,3000,3000,3000,3000,"fast","control_informative",0.18,8,0.01,"","mirage_joint","trait1","bfdr_power",0.01,0.12
20260838,26,500,15,3000,3000,3000,3000,"fast","control_informative",0.18,8,0.01,"","mirage_joint","trait1","bfdr_discoveries",0.01,4
20260838,26,500,15,3000,3000,3000,3000,"fast","control_informative",0.18,8,0.01,"","mirage_joint","trait1","bfdr_observed_fdp",0.05,0.4
20260838,26,500,15,3000,3000,3000,3000,"fast","control_informative",0.18,8,0.01,"","mirage_joint","trait1","bfdr_estimate",0.05,0.0247371504937014
20260838,26,500,15,3000,3000,3000,3000,"fast","control_informative",0.18,8,0.01,"","mirage_joint","trait1","bfdr_power",0.05,0.12
20260838,26,500,15,3000,3000,3000,3000,"fast","control_informative",0.18,8,0.01,"","mirage_joint","trait1","bfdr_discoveries",0.05,5
20260838,26,500,15,3000,3000,3000,3000,"fast","control_informative",0.18,8,0.01,"","mirage_joint","trait1","bfdr_observed_fdp",0.1,0.5
20260838,26,500,15,3000,3000,3000,3000,"fast","control_informative",0.18,8,0.01,"","mirage_joint","trait1","bfdr_estimate",0.1,0.0718641742384495
20260838,26,500,15,3000,3000,3000,3000,"fast","control_informative",0.18,8,0.01,"","mirage_joint","trait1","bfdr_power",0.1,0.12
20260838,26,500,15,3000,3000,3000,3000,"fast","control_informative",0.18,8,0.01,"","mirage_joint","trait1","bfdr_discoveries",0.1,6
20260838,26,500,15,3000,3000,3000,3000,"fast","control_informative",0.18,8,0.01,"","mirage_joint","trait1","bfdr_observed_fdp",0.2,0.625
20260838,26,500,15,3000,3000,3000,3000,"fast","control_informative",0.18,8,0.01,"","mirage_joint","trait1","bfdr_estimate",0.2,0.181752142553515
20260838,26,500,15,3000,3000,3000,3000,"fast","control_informative",0.18,8,0.01,"","mirage_joint","trait1","bfdr_power",0.2,0.12
20260838,26,500,15,3000,3000,3000,3000,"fast","control_informative",0.18,8,0.01,"","mirage_joint","trait1","bfdr_discoveries",0.2,8
20260838,26,500,15,3000,3000,3000,3000,"fast","control_informative",0.18,8,0.01,"","mirage_joint","trait2","bfdr_observed_fdp",0.01,0
20260838,26,500,15,3000,3000,3000,3000,"fast","control_informative",0.18,8,0.01,"","mirage_joint","trait2","bfdr_estimate",0.01,6.16222551315104e-05
20260838,26,500,15,3000,3000,3000,3000,"fast","control_informative",0.18,8,0.01,"","mirage_joint","trait2","bfdr_power",0.01,0.1
20260838,26,500,15,3000,3000,3000,3000,"fast","control_informative",0.18,8,0.01,"","mirage_joint","trait2","bfdr_discoveries",0.01,1
20260838,26,500,15,3000,3000,3000,3000,"fast","control_informative",0.18,8,0.01,"","mirage_joint","trait2","bfdr_observed_fdp",0.05,0
20260838,26,500,15,3000,3000,3000,3000,"fast","control_informative",0.18,8,0.01,"","mirage_joint","trait2","bfdr_estimate",0.05,6.16222551315104e-05
20260838,26,500,15,3000,3000,3000,3000,"fast","control_informative",0.18,8,0.01,"","mirage_joint","trait2","bfdr_power",0.05,0.1
20260838,26,500,15,3000,3000,3000,3000,"fast","control_informative",0.18,8,0.01,"","mirage_joint","trait2","bfdr_discoveries",0.05,1
20260838,26,500,15,3000,3000,3000,3000,"fast","control_informative",0.18,8,0.01,"","mirage_joint","trait2","bfdr_observed_fdp",0.1,0.5
20260838,26,500,15,3000,3000,3000,3000,"fast","control_informative",0.18,8,0.01,"","mirage_joint","trait2","bfdr_estimate",0.1,0.0548908581593568
20260838,26,500,15,3000,3000,3000,3000,"fast","control_informative",0.18,8,0.01,"","mirage_joint","trait2","bfdr_power",0.1,0.1
20260838,26,500,15,3000,3000,3000,3000,"fast","control_informative",0.18,8,0.01,"","mirage_joint","trait2","bfdr_discoveries",0.1,2
20260838,26,500,15,3000,3000,3000,3000,"fast","control_informative",0.18,8,0.01,"","mirage_joint","trait2","bfdr_observed_fdp",0.2,0.75
20260838,26,500,15,3000,3000,3000,3000,"fast","control_informative",0.18,8,0.01,"","mirage_joint","trait2","bfdr_estimate",0.2,0.164435571468898
20260838,26,500,15,3000,3000,3000,3000,"fast","control_informative",0.18,8,0.01,"","mirage_joint","trait2","bfdr_power",0.2,0.1
20260838,26,500,15,3000,3000,3000,3000,"fast","control_informative",0.18,8,0.01,"","mirage_joint","trait2","bfdr_discoveries",0.2,4
20260838,26,500,15,3000,3000,3000,3000,"fast","control_informative",0.18,8,0.01,"","mirage_joint","pleiotropy","bfdr_observed_fdp",0.01,0
20260838,26,500,15,3000,3000,3000,3000,"fast","control_informative",0.18,8,0.01,"","mirage_joint","pleiotropy","bfdr_estimate",0.01,0.0005511355633534
20260838,26,500,15,3000,3000,3000,3000,"fast","control_informative",0.18,8,0.01,"","mirage_joint","pleiotropy","bfdr_power",0.01,0.2
20260838,26,500,15,3000,3000,3000,3000,"fast","control_informative",0.18,8,0.01,"","mirage_joint","pleiotropy","bfdr_discoveries",0.01,1
20260838,26,500,15,3000,3000,3000,3000,"fast","control_informative",0.18,8,0.01,"","mirage_joint","pleiotropy","bfdr_observed_fdp",0.05,0
20260838,26,500,15,3000,3000,3000,3000,"fast","control_informative",0.18,8,0.01,"","mirage_joint","pleiotropy","bfdr_estimate",0.05,0.0005511355633534
20260838,26,500,15,3000,3000,3000,3000,"fast","control_informative",0.18,8,0.01,"","mirage_joint","pleiotropy","bfdr_power",0.05,0.2
20260838,26,500,15,3000,3000,3000,3000,"fast","control_informative",0.18,8,0.01,"","mirage_joint","pleiotropy","bfdr_discoveries",0.05,1
20260838,26,500,15,3000,3000,3000,3000,"fast","control_informative",0.18,8,0.01,"","mirage_joint","pleiotropy","bfdr_observed_fdp",0.1,0.5
20260838,26,500,15,3000,3000,3000,3000,"fast","control_informative",0.18,8,0.01,"","mirage_joint","pleiotropy","bfdr_estimate",0.1,0.0560877313832671
20260838,26,500,15,3000,3000,3000,3000,"fast","control_informative",0.18,8,0.01,"","mirage_joint","pleiotropy","bfdr_power",0.1,0.2
20260838,26,500,15,3000,3000,3000,3000,"fast","control_informative",0.18,8,0.01,"","mirage_joint","pleiotropy","bfdr_discoveries",0.1,2
20260838,26,500,15,3000,3000,3000,3000,"fast","control_informative",0.18,8,0.01,"","mirage_joint","pleiotropy","bfdr_observed_fdp",0.2,0.75
20260838,26,500,15,3000,3000,3000,3000,"fast","control_informative",0.18,8,0.01,"","mirage_joint","pleiotropy","bfdr_estimate",0.2,0.165035233415333
20260838,26,500,15,3000,3000,3000,3000,"fast","control_informative",0.18,8,0.01,"","mirage_joint","pleiotropy","bfdr_power",0.2,0.2
20260838,26,500,15,3000,3000,3000,3000,"fast","control_informative",0.18,8,0.01,"","mirage_joint","pleiotropy","bfdr_discoveries",0.2,4
20260838,26,500,15,3000,3000,3000,3000,"fast","control_informative",0.18,8,0.01,"","mirage_joint","global","runtime_seconds",NA,18.484
20260838,26,500,15,3000,3000,3000,3000,"fast","control_informative",0.18,8,0.01,"","mirage_joint","pleiotropy","pi11_estimate",NA,0.0229754093389188
20260838,26,500,15,3000,3000,3000,3000,"fast","control_informative",0.18,8,0.01,"","separate_mirage","trait1","auc",NA,0.730947368421053
20260838,26,500,15,3000,3000,3000,3000,"fast","control_informative",0.18,8,0.01,"","separate_mirage","trait2","auc",NA,0.531020408163265
20260838,26,500,15,3000,3000,3000,3000,"fast","control_informative",0.18,8,0.01,"","separate_mirage","pleiotropy","auc",NA,0.58949494949495
20260838,26,500,15,3000,3000,3000,3000,"fast","control_informative",0.18,8,0.01,"","separate_mirage","trait1","pp08_power",0.8,0.08
20260838,26,500,15,3000,3000,3000,3000,"fast","control_informative",0.18,8,0.01,"","separate_mirage","trait1","pp08_fdp",0.8,0.333333333333333
20260838,26,500,15,3000,3000,3000,3000,"fast","control_informative",0.18,8,0.01,"","separate_mirage","trait1","pp08_discoveries",0.8,3
20260838,26,500,15,3000,3000,3000,3000,"fast","control_informative",0.18,8,0.01,"","separate_mirage","trait2","pp08_power",0.8,0.1
20260838,26,500,15,3000,3000,3000,3000,"fast","control_informative",0.18,8,0.01,"","separate_mirage","trait2","pp08_fdp",0.8,0
20260838,26,500,15,3000,3000,3000,3000,"fast","control_informative",0.18,8,0.01,"","separate_mirage","trait2","pp08_discoveries",0.8,1
20260838,26,500,15,3000,3000,3000,3000,"fast","control_informative",0.18,8,0.01,"","separate_mirage","pleiotropy","pp08_power",0.8,0
20260838,26,500,15,3000,3000,3000,3000,"fast","control_informative",0.18,8,0.01,"","separate_mirage","pleiotropy","pp08_fdp",0.8,0
20260838,26,500,15,3000,3000,3000,3000,"fast","control_informative",0.18,8,0.01,"","separate_mirage","pleiotropy","pp08_discoveries",0.8,0
20260838,26,500,15,3000,3000,3000,3000,"fast","control_informative",0.18,8,0.01,"","separate_mirage","trait1","bfdr_observed_fdp",0.01,0.333333333333333
20260838,26,500,15,3000,3000,3000,3000,"fast","control_informative",0.18,8,0.01,"","separate_mirage","trait1","bfdr_estimate",0.01,0.00931032988541195
20260838,26,500,15,3000,3000,3000,3000,"fast","control_informative",0.18,8,0.01,"","separate_mirage","trait1","bfdr_power",0.01,0.08
20260838,26,500,15,3000,3000,3000,3000,"fast","control_informative",0.18,8,0.01,"","separate_mirage","trait1","bfdr_discoveries",0.01,3
20260838,26,500,15,3000,3000,3000,3000,"fast","control_informative",0.18,8,0.01,"","separate_mirage","trait1","bfdr_observed_fdp",0.05,0.333333333333333
20260838,26,500,15,3000,3000,3000,3000,"fast","control_informative",0.18,8,0.01,"","separate_mirage","trait1","bfdr_estimate",0.05,0.00931032988541195
20260838,26,500,15,3000,3000,3000,3000,"fast","control_informative",0.18,8,0.01,"","separate_mirage","trait1","bfdr_power",0.05,0.08
20260838,26,500,15,3000,3000,3000,3000,"fast","control_informative",0.18,8,0.01,"","separate_mirage","trait1","bfdr_discoveries",0.05,3
20260838,26,500,15,3000,3000,3000,3000,"fast","control_informative",0.18,8,0.01,"","separate_mirage","trait1","bfdr_observed_fdp",0.1,0.5
20260838,26,500,15,3000,3000,3000,3000,"fast","control_informative",0.18,8,0.01,"","separate_mirage","trait1","bfdr_estimate",0.1,0.0854857412361297
20260838,26,500,15,3000,3000,3000,3000,"fast","control_informative",0.18,8,0.01,"","separate_mirage","trait1","bfdr_power",0.1,0.08
20260838,26,500,15,3000,3000,3000,3000,"fast","control_informative",0.18,8,0.01,"","separate_mirage","trait1","bfdr_discoveries",0.1,4
20260838,26,500,15,3000,3000,3000,3000,"fast","control_informative",0.18,8,0.01,"","separate_mirage","trait1","bfdr_observed_fdp",0.2,0.6
20260838,26,500,15,3000,3000,3000,3000,"fast","control_informative",0.18,8,0.01,"","separate_mirage","trait1","bfdr_estimate",0.2,0.158987450109426
20260838,26,500,15,3000,3000,3000,3000,"fast","control_informative",0.18,8,0.01,"","separate_mirage","trait1","bfdr_power",0.2,0.08
20260838,26,500,15,3000,3000,3000,3000,"fast","control_informative",0.18,8,0.01,"","separate_mirage","trait1","bfdr_discoveries",0.2,5
20260838,26,500,15,3000,3000,3000,3000,"fast","control_informative",0.18,8,0.01,"","separate_mirage","trait2","bfdr_observed_fdp",0.01,0
20260838,26,500,15,3000,3000,3000,3000,"fast","control_informative",0.18,8,0.01,"","separate_mirage","trait2","bfdr_estimate",0.01,0.000955287218036949
20260838,26,500,15,3000,3000,3000,3000,"fast","control_informative",0.18,8,0.01,"","separate_mirage","trait2","bfdr_power",0.01,0.1
20260838,26,500,15,3000,3000,3000,3000,"fast","control_informative",0.18,8,0.01,"","separate_mirage","trait2","bfdr_discoveries",0.01,1
20260838,26,500,15,3000,3000,3000,3000,"fast","control_informative",0.18,8,0.01,"","separate_mirage","trait2","bfdr_observed_fdp",0.05,0
20260838,26,500,15,3000,3000,3000,3000,"fast","control_informative",0.18,8,0.01,"","separate_mirage","trait2","bfdr_estimate",0.05,0.000955287218036949
20260838,26,500,15,3000,3000,3000,3000,"fast","control_informative",0.18,8,0.01,"","separate_mirage","trait2","bfdr_power",0.05,0.1
20260838,26,500,15,3000,3000,3000,3000,"fast","control_informative",0.18,8,0.01,"","separate_mirage","trait2","bfdr_discoveries",0.05,1
20260838,26,500,15,3000,3000,3000,3000,"fast","control_informative",0.18,8,0.01,"","separate_mirage","trait2","bfdr_observed_fdp",0.1,0
20260838,26,500,15,3000,3000,3000,3000,"fast","control_informative",0.18,8,0.01,"","separate_mirage","trait2","bfdr_estimate",0.1,0.000955287218036949
20260838,26,500,15,3000,3000,3000,3000,"fast","control_informative",0.18,8,0.01,"","separate_mirage","trait2","bfdr_power",0.1,0.1
20260838,26,500,15,3000,3000,3000,3000,"fast","control_informative",0.18,8,0.01,"","separate_mirage","trait2","bfdr_discoveries",0.1,1
20260838,26,500,15,3000,3000,3000,3000,"fast","control_informative",0.18,8,0.01,"","separate_mirage","trait2","bfdr_observed_fdp",0.2,0.666666666666667
20260838,26,500,15,3000,3000,3000,3000,"fast","control_informative",0.18,8,0.01,"","separate_mirage","trait2","bfdr_estimate",0.2,0.182181241938085
20260838,26,500,15,3000,3000,3000,3000,"fast","control_informative",0.18,8,0.01,"","separate_mirage","trait2","bfdr_power",0.2,0.1
20260838,26,500,15,3000,3000,3000,3000,"fast","control_informative",0.18,8,0.01,"","separate_mirage","trait2","bfdr_discoveries",0.2,3
20260838,26,500,15,3000,3000,3000,3000,"fast","control_informative",0.18,8,0.01,"","separate_mirage","pleiotropy","bfdr_observed_fdp",0.01,0
20260838,26,500,15,3000,3000,3000,3000,"fast","control_informative",0.18,8,0.01,"","separate_mirage","pleiotropy","bfdr_estimate",0.01,0
20260838,26,500,15,3000,3000,3000,3000,"fast","control_informative",0.18,8,0.01,"","separate_mirage","pleiotropy","bfdr_power",0.01,0
20260838,26,500,15,3000,3000,3000,3000,"fast","control_informative",0.18,8,0.01,"","separate_mirage","pleiotropy","bfdr_discoveries",0.01,0
20260838,26,500,15,3000,3000,3000,3000,"fast","control_informative",0.18,8,0.01,"","separate_mirage","pleiotropy","bfdr_observed_fdp",0.05,0
20260838,26,500,15,3000,3000,3000,3000,"fast","control_informative",0.18,8,0.01,"","separate_mirage","pleiotropy","bfdr_estimate",0.05,0
20260838,26,500,15,3000,3000,3000,3000,"fast","control_informative",0.18,8,0.01,"","separate_mirage","pleiotropy","bfdr_power",0.05,0
20260838,26,500,15,3000,3000,3000,3000,"fast","control_informative",0.18,8,0.01,"","separate_mirage","pleiotropy","bfdr_discoveries",0.05,0
20260838,26,500,15,3000,3000,3000,3000,"fast","control_informative",0.18,8,0.01,"","separate_mirage","pleiotropy","bfdr_observed_fdp",0.1,0
20260838,26,500,15,3000,3000,3000,3000,"fast","control_informative",0.18,8,0.01,"","separate_mirage","pleiotropy","bfdr_estimate",0.1,0
20260838,26,500,15,3000,3000,3000,3000,"fast","control_informative",0.18,8,0.01,"","separate_mirage","pleiotropy","bfdr_power",0.1,0
20260838,26,500,15,3000,3000,3000,3000,"fast","control_informative",0.18,8,0.01,"","separate_mirage","pleiotropy","bfdr_discoveries",0.1,0
20260838,26,500,15,3000,3000,3000,3000,"fast","control_informative",0.18,8,0.01,"","separate_mirage","pleiotropy","bfdr_observed_fdp",0.2,0
20260838,26,500,15,3000,3000,3000,3000,"fast","control_informative",0.18,8,0.01,"","separate_mirage","pleiotropy","bfdr_estimate",0.2,0
20260838,26,500,15,3000,3000,3000,3000,"fast","control_informative",0.18,8,0.01,"","separate_mirage","pleiotropy","bfdr_power",0.2,0
20260838,26,500,15,3000,3000,3000,3000,"fast","control_informative",0.18,8,0.01,"","separate_mirage","pleiotropy","bfdr_discoveries",0.2,0
20260838,26,500,15,3000,3000,3000,3000,"fast","control_informative",0.18,8,0.01,"","separate_mirage","global","runtime_seconds",NA,18.2529999999999
20260838,26,500,15,3000,3000,3000,3000,"fast","control_informative",0.18,8,0.01,"","separate_mirage","pleiotropy","pi11_estimate",NA,0.001
20260838,26,500,15,3000,3000,3000,3000,"fast","control_informative",0.18,8,0.01,"","mtada_aggregated","trait1","auc",NA,0.665305263157895
20260838,26,500,15,3000,3000,3000,3000,"fast","control_informative",0.18,8,0.01,"","mtada_aggregated","trait2","auc",NA,0.599591836734694
20260838,26,500,15,3000,3000,3000,3000,"fast","control_informative",0.18,8,0.01,"","mtada_aggregated","pleiotropy","auc",NA,0.635757575757576
20260838,26,500,15,3000,3000,3000,3000,"fast","control_informative",0.18,8,0.01,"","mtada_aggregated","trait1","pp08_power",0.8,0.76
20260838,26,500,15,3000,3000,3000,3000,"fast","control_informative",0.18,8,0.01,"","mtada_aggregated","trait1","pp08_fdp",0.8,0.931407942238267
20260838,26,500,15,3000,3000,3000,3000,"fast","control_informative",0.18,8,0.01,"","mtada_aggregated","trait1","pp08_discoveries",0.8,277
20260838,26,500,15,3000,3000,3000,3000,"fast","control_informative",0.18,8,0.01,"","mtada_aggregated","trait2","pp08_power",0.8,0.6
20260838,26,500,15,3000,3000,3000,3000,"fast","control_informative",0.18,8,0.01,"","mtada_aggregated","trait2","pp08_fdp",0.8,0.974137931034483
20260838,26,500,15,3000,3000,3000,3000,"fast","control_informative",0.18,8,0.01,"","mtada_aggregated","trait2","pp08_discoveries",0.8,232
20260838,26,500,15,3000,3000,3000,3000,"fast","control_informative",0.18,8,0.01,"","mtada_aggregated","pleiotropy","pp08_power",0.8,0.4
20260838,26,500,15,3000,3000,3000,3000,"fast","control_informative",0.18,8,0.01,"","mtada_aggregated","pleiotropy","pp08_fdp",0.8,0.985074626865672
20260838,26,500,15,3000,3000,3000,3000,"fast","control_informative",0.18,8,0.01,"","mtada_aggregated","pleiotropy","pp08_discoveries",0.8,134
20260838,26,500,15,3000,3000,3000,3000,"fast","control_informative",0.18,8,0.01,"","mtada_aggregated","trait1","bfdr_observed_fdp",0.01,0.934065934065934
20260838,26,500,15,3000,3000,3000,3000,"fast","control_informative",0.18,8,0.01,"","mtada_aggregated","trait1","bfdr_estimate",0.01,0.00997917565468334
20260838,26,500,15,3000,3000,3000,3000,"fast","control_informative",0.18,8,0.01,"","mtada_aggregated","trait1","bfdr_power",0.01,0.72
20260838,26,500,15,3000,3000,3000,3000,"fast","control_informative",0.18,8,0.01,"","mtada_aggregated","trait1","bfdr_discoveries",0.01,273
20260838,26,500,15,3000,3000,3000,3000,"fast","control_informative",0.18,8,0.01,"","mtada_aggregated","trait1","bfdr_observed_fdp",0.05,0.931147540983607
20260838,26,500,15,3000,3000,3000,3000,"fast","control_informative",0.18,8,0.01,"","mtada_aggregated","trait1","bfdr_estimate",0.05,0.0489879937600732
20260838,26,500,15,3000,3000,3000,3000,"fast","control_informative",0.18,8,0.01,"","mtada_aggregated","trait1","bfdr_power",0.05,0.84
20260838,26,500,15,3000,3000,3000,3000,"fast","control_informative",0.18,8,0.01,"","mtada_aggregated","trait1","bfdr_discoveries",0.05,305
20260838,26,500,15,3000,3000,3000,3000,"fast","control_informative",0.18,8,0.01,"","mtada_aggregated","trait1","bfdr_observed_fdp",0.1,0.932926829268293
20260838,26,500,15,3000,3000,3000,3000,"fast","control_informative",0.18,8,0.01,"","mtada_aggregated","trait1","bfdr_estimate",0.1,0.0996361816399626
20260838,26,500,15,3000,3000,3000,3000,"fast","control_informative",0.18,8,0.01,"","mtada_aggregated","trait1","bfdr_power",0.1,0.88
20260838,26,500,15,3000,3000,3000,3000,"fast","control_informative",0.18,8,0.01,"","mtada_aggregated","trait1","bfdr_discoveries",0.1,328
20260838,26,500,15,3000,3000,3000,3000,"fast","control_informative",0.18,8,0.01,"","mtada_aggregated","trait1","bfdr_observed_fdp",0.2,0.938337801608579
20260838,26,500,15,3000,3000,3000,3000,"fast","control_informative",0.18,8,0.01,"","mtada_aggregated","trait1","bfdr_estimate",0.2,0.1986269803438
20260838,26,500,15,3000,3000,3000,3000,"fast","control_informative",0.18,8,0.01,"","mtada_aggregated","trait1","bfdr_power",0.2,0.92
20260838,26,500,15,3000,3000,3000,3000,"fast","control_informative",0.18,8,0.01,"","mtada_aggregated","trait1","bfdr_discoveries",0.2,373
20260838,26,500,15,3000,3000,3000,3000,"fast","control_informative",0.18,8,0.01,"","mtada_aggregated","trait2","bfdr_observed_fdp",0.01,0.974358974358974
20260838,26,500,15,3000,3000,3000,3000,"fast","control_informative",0.18,8,0.01,"","mtada_aggregated","trait2","bfdr_estimate",0.01,0.00945964140124248
20260838,26,500,15,3000,3000,3000,3000,"fast","control_informative",0.18,8,0.01,"","mtada_aggregated","trait2","bfdr_power",0.01,0.6
20260838,26,500,15,3000,3000,3000,3000,"fast","control_informative",0.18,8,0.01,"","mtada_aggregated","trait2","bfdr_discoveries",0.01,234
20260838,26,500,15,3000,3000,3000,3000,"fast","control_informative",0.18,8,0.01,"","mtada_aggregated","trait2","bfdr_observed_fdp",0.05,0.973076923076923
20260838,26,500,15,3000,3000,3000,3000,"fast","control_informative",0.18,8,0.01,"","mtada_aggregated","trait2","bfdr_estimate",0.05,0.0491572359985812
20260838,26,500,15,3000,3000,3000,3000,"fast","control_informative",0.18,8,0.01,"","mtada_aggregated","trait2","bfdr_power",0.05,0.7
20260838,26,500,15,3000,3000,3000,3000,"fast","control_informative",0.18,8,0.01,"","mtada_aggregated","trait2","bfdr_discoveries",0.05,260
20260838,26,500,15,3000,3000,3000,3000,"fast","control_informative",0.18,8,0.01,"","mtada_aggregated","trait2","bfdr_observed_fdp",0.1,0.975
20260838,26,500,15,3000,3000,3000,3000,"fast","control_informative",0.18,8,0.01,"","mtada_aggregated","trait2","bfdr_estimate",0.1,0.0978938039713177
20260838,26,500,15,3000,3000,3000,3000,"fast","control_informative",0.18,8,0.01,"","mtada_aggregated","trait2","bfdr_power",0.1,0.7
20260838,26,500,15,3000,3000,3000,3000,"fast","control_informative",0.18,8,0.01,"","mtada_aggregated","trait2","bfdr_discoveries",0.1,280
20260838,26,500,15,3000,3000,3000,3000,"fast","control_informative",0.18,8,0.01,"","mtada_aggregated","trait2","bfdr_observed_fdp",0.2,0.978193146417445
20260838,26,500,15,3000,3000,3000,3000,"fast","control_informative",0.18,8,0.01,"","mtada_aggregated","trait2","bfdr_estimate",0.2,0.199957865288644
20260838,26,500,15,3000,3000,3000,3000,"fast","control_informative",0.18,8,0.01,"","mtada_aggregated","trait2","bfdr_power",0.2,0.7
20260838,26,500,15,3000,3000,3000,3000,"fast","control_informative",0.18,8,0.01,"","mtada_aggregated","trait2","bfdr_discoveries",0.2,321
20260838,26,500,15,3000,3000,3000,3000,"fast","control_informative",0.18,8,0.01,"","mtada_aggregated","pleiotropy","bfdr_observed_fdp",0.01,0.982905982905983
20260838,26,500,15,3000,3000,3000,3000,"fast","control_informative",0.18,8,0.01,"","mtada_aggregated","pleiotropy","bfdr_estimate",0.01,0.00978383874492033
20260838,26,500,15,3000,3000,3000,3000,"fast","control_informative",0.18,8,0.01,"","mtada_aggregated","pleiotropy","bfdr_power",0.01,0.4
20260838,26,500,15,3000,3000,3000,3000,"fast","control_informative",0.18,8,0.01,"","mtada_aggregated","pleiotropy","bfdr_discoveries",0.01,117
20260838,26,500,15,3000,3000,3000,3000,"fast","control_informative",0.18,8,0.01,"","mtada_aggregated","pleiotropy","bfdr_observed_fdp",0.05,0.979865771812081
20260838,26,500,15,3000,3000,3000,3000,"fast","control_informative",0.18,8,0.01,"","mtada_aggregated","pleiotropy","bfdr_estimate",0.05,0.0490565655663804
20260838,26,500,15,3000,3000,3000,3000,"fast","control_informative",0.18,8,0.01,"","mtada_aggregated","pleiotropy","bfdr_power",0.05,0.6
20260838,26,500,15,3000,3000,3000,3000,"fast","control_informative",0.18,8,0.01,"","mtada_aggregated","pleiotropy","bfdr_discoveries",0.05,149
20260838,26,500,15,3000,3000,3000,3000,"fast","control_informative",0.18,8,0.01,"","mtada_aggregated","pleiotropy","bfdr_observed_fdp",0.1,0.982035928143713
20260838,26,500,15,3000,3000,3000,3000,"fast","control_informative",0.18,8,0.01,"","mtada_aggregated","pleiotropy","bfdr_estimate",0.1,0.0986128467505166
20260838,26,500,15,3000,3000,3000,3000,"fast","control_informative",0.18,8,0.01,"","mtada_aggregated","pleiotropy","bfdr_power",0.1,0.6
20260838,26,500,15,3000,3000,3000,3000,"fast","control_informative",0.18,8,0.01,"","mtada_aggregated","pleiotropy","bfdr_discoveries",0.1,167
20260838,26,500,15,3000,3000,3000,3000,"fast","control_informative",0.18,8,0.01,"","mtada_aggregated","pleiotropy","bfdr_observed_fdp",0.2,0.984771573604061
20260838,26,500,15,3000,3000,3000,3000,"fast","control_informative",0.18,8,0.01,"","mtada_aggregated","pleiotropy","bfdr_estimate",0.2,0.199627336359187
20260838,26,500,15,3000,3000,3000,3000,"fast","control_informative",0.18,8,0.01,"","mtada_aggregated","pleiotropy","bfdr_power",0.2,0.6
20260838,26,500,15,3000,3000,3000,3000,"fast","control_informative",0.18,8,0.01,"","mtada_aggregated","pleiotropy","bfdr_discoveries",0.2,197
20260838,26,500,15,3000,3000,3000,3000,"fast","control_informative",0.18,8,0.01,"","mtada_aggregated","global","runtime_seconds",NA,0.727999999999952
20260838,26,500,15,3000,3000,3000,3000,"fast","control_informative",0.18,8,0.01,"","mtada_aggregated","pleiotropy","pi11_estimate",NA,0.00762632
20260839,27,500,15,3000,3000,3000,3000,"fast","control_informative",0.18,8,0.01,"","mirage_joint","trait1","auc",NA,0.763621052631579
20260839,27,500,15,3000,3000,3000,3000,"fast","control_informative",0.18,8,0.01,"","mirage_joint","trait2","auc",NA,0.659183673469388
20260839,27,500,15,3000,3000,3000,3000,"fast","control_informative",0.18,8,0.01,"","mirage_joint","pleiotropy","auc",NA,0.82949494949495
20260839,27,500,15,3000,3000,3000,3000,"fast","control_informative",0.18,8,0.01,"","mirage_joint","trait1","pp08_power",0.8,0.16
20260839,27,500,15,3000,3000,3000,3000,"fast","control_informative",0.18,8,0.01,"","mirage_joint","trait1","pp08_fdp",0.8,0
20260839,27,500,15,3000,3000,3000,3000,"fast","control_informative",0.18,8,0.01,"","mirage_joint","trait1","pp08_discoveries",0.8,4
20260839,27,500,15,3000,3000,3000,3000,"fast","control_informative",0.18,8,0.01,"","mirage_joint","trait2","pp08_power",0.8,0.2
20260839,27,500,15,3000,3000,3000,3000,"fast","control_informative",0.18,8,0.01,"","mirage_joint","trait2","pp08_fdp",0.8,0.333333333333333
20260839,27,500,15,3000,3000,3000,3000,"fast","control_informative",0.18,8,0.01,"","mirage_joint","trait2","pp08_discoveries",0.8,3
20260839,27,500,15,3000,3000,3000,3000,"fast","control_informative",0.18,8,0.01,"","mirage_joint","pleiotropy","pp08_power",0.8,0
20260839,27,500,15,3000,3000,3000,3000,"fast","control_informative",0.18,8,0.01,"","mirage_joint","pleiotropy","pp08_fdp",0.8,0
20260839,27,500,15,3000,3000,3000,3000,"fast","control_informative",0.18,8,0.01,"","mirage_joint","pleiotropy","pp08_discoveries",0.8,0
20260839,27,500,15,3000,3000,3000,3000,"fast","control_informative",0.18,8,0.01,"","mirage_joint","trait1","bfdr_observed_fdp",0.01,0
20260839,27,500,15,3000,3000,3000,3000,"fast","control_informative",0.18,8,0.01,"","mirage_joint","trait1","bfdr_estimate",0.01,0.00533581587869858
20260839,27,500,15,3000,3000,3000,3000,"fast","control_informative",0.18,8,0.01,"","mirage_joint","trait1","bfdr_power",0.01,0.16
20260839,27,500,15,3000,3000,3000,3000,"fast","control_informative",0.18,8,0.01,"","mirage_joint","trait1","bfdr_discoveries",0.01,4
20260839,27,500,15,3000,3000,3000,3000,"fast","control_informative",0.18,8,0.01,"","mirage_joint","trait1","bfdr_observed_fdp",0.05,0
20260839,27,500,15,3000,3000,3000,3000,"fast","control_informative",0.18,8,0.01,"","mirage_joint","trait1","bfdr_estimate",0.05,0.00533581587869858
20260839,27,500,15,3000,3000,3000,3000,"fast","control_informative",0.18,8,0.01,"","mirage_joint","trait1","bfdr_power",0.05,0.16
20260839,27,500,15,3000,3000,3000,3000,"fast","control_informative",0.18,8,0.01,"","mirage_joint","trait1","bfdr_discoveries",0.05,4
20260839,27,500,15,3000,3000,3000,3000,"fast","control_informative",0.18,8,0.01,"","mirage_joint","trait1","bfdr_observed_fdp",0.1,0
20260839,27,500,15,3000,3000,3000,3000,"fast","control_informative",0.18,8,0.01,"","mirage_joint","trait1","bfdr_estimate",0.1,0.0705838674583671
20260839,27,500,15,3000,3000,3000,3000,"fast","control_informative",0.18,8,0.01,"","mirage_joint","trait1","bfdr_power",0.1,0.2
20260839,27,500,15,3000,3000,3000,3000,"fast","control_informative",0.18,8,0.01,"","mirage_joint","trait1","bfdr_discoveries",0.1,5
20260839,27,500,15,3000,3000,3000,3000,"fast","control_informative",0.18,8,0.01,"","mirage_joint","trait1","bfdr_observed_fdp",0.2,0.142857142857143
20260839,27,500,15,3000,3000,3000,3000,"fast","control_informative",0.18,8,0.01,"","mirage_joint","trait1","bfdr_estimate",0.2,0.158426991602587
20260839,27,500,15,3000,3000,3000,3000,"fast","control_informative",0.18,8,0.01,"","mirage_joint","trait1","bfdr_power",0.2,0.24
20260839,27,500,15,3000,3000,3000,3000,"fast","control_informative",0.18,8,0.01,"","mirage_joint","trait1","bfdr_discoveries",0.2,7
20260839,27,500,15,3000,3000,3000,3000,"fast","control_informative",0.18,8,0.01,"","mirage_joint","trait2","bfdr_observed_fdp",0.01,0
20260839,27,500,15,3000,3000,3000,3000,"fast","control_informative",0.18,8,0.01,"","mirage_joint","trait2","bfdr_estimate",0.01,0
20260839,27,500,15,3000,3000,3000,3000,"fast","control_informative",0.18,8,0.01,"","mirage_joint","trait2","bfdr_power",0.01,0
20260839,27,500,15,3000,3000,3000,3000,"fast","control_informative",0.18,8,0.01,"","mirage_joint","trait2","bfdr_discoveries",0.01,0
20260839,27,500,15,3000,3000,3000,3000,"fast","control_informative",0.18,8,0.01,"","mirage_joint","trait2","bfdr_observed_fdp",0.05,0
20260839,27,500,15,3000,3000,3000,3000,"fast","control_informative",0.18,8,0.01,"","mirage_joint","trait2","bfdr_estimate",0.05,0.0401593501169946
20260839,27,500,15,3000,3000,3000,3000,"fast","control_informative",0.18,8,0.01,"","mirage_joint","trait2","bfdr_power",0.05,0.2
20260839,27,500,15,3000,3000,3000,3000,"fast","control_informative",0.18,8,0.01,"","mirage_joint","trait2","bfdr_discoveries",0.05,2
20260839,27,500,15,3000,3000,3000,3000,"fast","control_informative",0.18,8,0.01,"","mirage_joint","trait2","bfdr_observed_fdp",0.1,0.25
20260839,27,500,15,3000,3000,3000,3000,"fast","control_informative",0.18,8,0.01,"","mirage_joint","trait2","bfdr_estimate",0.1,0.0954084422148555
20260839,27,500,15,3000,3000,3000,3000,"fast","control_informative",0.18,8,0.01,"","mirage_joint","trait2","bfdr_power",0.1,0.3
20260839,27,500,15,3000,3000,3000,3000,"fast","control_informative",0.18,8,0.01,"","mirage_joint","trait2","bfdr_discoveries",0.1,4
20260839,27,500,15,3000,3000,3000,3000,"fast","control_informative",0.18,8,0.01,"","mirage_joint","trait2","bfdr_observed_fdp",0.2,0.4
20260839,27,500,15,3000,3000,3000,3000,"fast","control_informative",0.18,8,0.01,"","mirage_joint","trait2","bfdr_estimate",0.2,0.129726702966002
20260839,27,500,15,3000,3000,3000,3000,"fast","control_informative",0.18,8,0.01,"","mirage_joint","trait2","bfdr_power",0.2,0.3
20260839,27,500,15,3000,3000,3000,3000,"fast","control_informative",0.18,8,0.01,"","mirage_joint","trait2","bfdr_discoveries",0.2,5
20260839,27,500,15,3000,3000,3000,3000,"fast","control_informative",0.18,8,0.01,"","mirage_joint","pleiotropy","bfdr_observed_fdp",0.01,0
20260839,27,500,15,3000,3000,3000,3000,"fast","control_informative",0.18,8,0.01,"","mirage_joint","pleiotropy","bfdr_estimate",0.01,0
20260839,27,500,15,3000,3000,3000,3000,"fast","control_informative",0.18,8,0.01,"","mirage_joint","pleiotropy","bfdr_power",0.01,0
20260839,27,500,15,3000,3000,3000,3000,"fast","control_informative",0.18,8,0.01,"","mirage_joint","pleiotropy","bfdr_discoveries",0.01,0
20260839,27,500,15,3000,3000,3000,3000,"fast","control_informative",0.18,8,0.01,"","mirage_joint","pleiotropy","bfdr_observed_fdp",0.05,0
20260839,27,500,15,3000,3000,3000,3000,"fast","control_informative",0.18,8,0.01,"","mirage_joint","pleiotropy","bfdr_estimate",0.05,0
20260839,27,500,15,3000,3000,3000,3000,"fast","control_informative",0.18,8,0.01,"","mirage_joint","pleiotropy","bfdr_power",0.05,0
20260839,27,500,15,3000,3000,3000,3000,"fast","control_informative",0.18,8,0.01,"","mirage_joint","pleiotropy","bfdr_discoveries",0.05,0
20260839,27,500,15,3000,3000,3000,3000,"fast","control_informative",0.18,8,0.01,"","mirage_joint","pleiotropy","bfdr_observed_fdp",0.1,0
20260839,27,500,15,3000,3000,3000,3000,"fast","control_informative",0.18,8,0.01,"","mirage_joint","pleiotropy","bfdr_estimate",0.1,0
20260839,27,500,15,3000,3000,3000,3000,"fast","control_informative",0.18,8,0.01,"","mirage_joint","pleiotropy","bfdr_power",0.1,0
20260839,27,500,15,3000,3000,3000,3000,"fast","control_informative",0.18,8,0.01,"","mirage_joint","pleiotropy","bfdr_discoveries",0.1,0
20260839,27,500,15,3000,3000,3000,3000,"fast","control_informative",0.18,8,0.01,"","mirage_joint","pleiotropy","bfdr_observed_fdp",0.2,0
20260839,27,500,15,3000,3000,3000,3000,"fast","control_informative",0.18,8,0.01,"","mirage_joint","pleiotropy","bfdr_estimate",0.2,0
20260839,27,500,15,3000,3000,3000,3000,"fast","control_informative",0.18,8,0.01,"","mirage_joint","pleiotropy","bfdr_power",0.2,0
20260839,27,500,15,3000,3000,3000,3000,"fast","control_informative",0.18,8,0.01,"","mirage_joint","pleiotropy","bfdr_discoveries",0.2,0
20260839,27,500,15,3000,3000,3000,3000,"fast","control_informative",0.18,8,0.01,"","mirage_joint","global","runtime_seconds",NA,18.221
20260839,27,500,15,3000,3000,3000,3000,"fast","control_informative",0.18,8,0.01,"","mirage_joint","pleiotropy","pi11_estimate",NA,0.00155824320391193
20260839,27,500,15,3000,3000,3000,3000,"fast","control_informative",0.18,8,0.01,"","separate_mirage","trait1","auc",NA,0.779536842105263
20260839,27,500,15,3000,3000,3000,3000,"fast","control_informative",0.18,8,0.01,"","separate_mirage","trait2","auc",NA,0.667959183673469
20260839,27,500,15,3000,3000,3000,3000,"fast","control_informative",0.18,8,0.01,"","separate_mirage","pleiotropy","auc",NA,0.748282828282828
20260839,27,500,15,3000,3000,3000,3000,"fast","control_informative",0.18,8,0.01,"","separate_mirage","trait1","pp08_power",0.8,0.16
20260839,27,500,15,3000,3000,3000,3000,"fast","control_informative",0.18,8,0.01,"","separate_mirage","trait1","pp08_fdp",0.8,0
20260839,27,500,15,3000,3000,3000,3000,"fast","control_informative",0.18,8,0.01,"","separate_mirage","trait1","pp08_discoveries",0.8,4
20260839,27,500,15,3000,3000,3000,3000,"fast","control_informative",0.18,8,0.01,"","separate_mirage","trait2","pp08_power",0.8,0.2
20260839,27,500,15,3000,3000,3000,3000,"fast","control_informative",0.18,8,0.01,"","separate_mirage","trait2","pp08_fdp",0.8,0.333333333333333
20260839,27,500,15,3000,3000,3000,3000,"fast","control_informative",0.18,8,0.01,"","separate_mirage","trait2","pp08_discoveries",0.8,3
20260839,27,500,15,3000,3000,3000,3000,"fast","control_informative",0.18,8,0.01,"","separate_mirage","pleiotropy","pp08_power",0.8,0
20260839,27,500,15,3000,3000,3000,3000,"fast","control_informative",0.18,8,0.01,"","separate_mirage","pleiotropy","pp08_fdp",0.8,0
20260839,27,500,15,3000,3000,3000,3000,"fast","control_informative",0.18,8,0.01,"","separate_mirage","pleiotropy","pp08_discoveries",0.8,0
20260839,27,500,15,3000,3000,3000,3000,"fast","control_informative",0.18,8,0.01,"","separate_mirage","trait1","bfdr_observed_fdp",0.01,0
20260839,27,500,15,3000,3000,3000,3000,"fast","control_informative",0.18,8,0.01,"","separate_mirage","trait1","bfdr_estimate",0.01,0.00590877625983133
20260839,27,500,15,3000,3000,3000,3000,"fast","control_informative",0.18,8,0.01,"","separate_mirage","trait1","bfdr_power",0.01,0.16
20260839,27,500,15,3000,3000,3000,3000,"fast","control_informative",0.18,8,0.01,"","separate_mirage","trait1","bfdr_discoveries",0.01,4
20260839,27,500,15,3000,3000,3000,3000,"fast","control_informative",0.18,8,0.01,"","separate_mirage","trait1","bfdr_observed_fdp",0.05,0
20260839,27,500,15,3000,3000,3000,3000,"fast","control_informative",0.18,8,0.01,"","separate_mirage","trait1","bfdr_estimate",0.05,0.00590877625983133
20260839,27,500,15,3000,3000,3000,3000,"fast","control_informative",0.18,8,0.01,"","separate_mirage","trait1","bfdr_power",0.05,0.16
20260839,27,500,15,3000,3000,3000,3000,"fast","control_informative",0.18,8,0.01,"","separate_mirage","trait1","bfdr_discoveries",0.05,4
20260839,27,500,15,3000,3000,3000,3000,"fast","control_informative",0.18,8,0.01,"","separate_mirage","trait1","bfdr_observed_fdp",0.1,0
20260839,27,500,15,3000,3000,3000,3000,"fast","control_informative",0.18,8,0.01,"","separate_mirage","trait1","bfdr_estimate",0.1,0.0765901734873575
20260839,27,500,15,3000,3000,3000,3000,"fast","control_informative",0.18,8,0.01,"","separate_mirage","trait1","bfdr_power",0.1,0.2
20260839,27,500,15,3000,3000,3000,3000,"fast","control_informative",0.18,8,0.01,"","separate_mirage","trait1","bfdr_discoveries",0.1,5
20260839,27,500,15,3000,3000,3000,3000,"fast","control_informative",0.18,8,0.01,"","separate_mirage","trait1","bfdr_observed_fdp",0.2,0.142857142857143
20260839,27,500,15,3000,3000,3000,3000,"fast","control_informative",0.18,8,0.01,"","separate_mirage","trait1","bfdr_estimate",0.2,0.181740191783325
20260839,27,500,15,3000,3000,3000,3000,"fast","control_informative",0.18,8,0.01,"","separate_mirage","trait1","bfdr_power",0.2,0.24
20260839,27,500,15,3000,3000,3000,3000,"fast","control_informative",0.18,8,0.01,"","separate_mirage","trait1","bfdr_discoveries",0.2,7
20260839,27,500,15,3000,3000,3000,3000,"fast","control_informative",0.18,8,0.01,"","separate_mirage","trait2","bfdr_observed_fdp",0.01,0
20260839,27,500,15,3000,3000,3000,3000,"fast","control_informative",0.18,8,0.01,"","separate_mirage","trait2","bfdr_estimate",0.01,0
20260839,27,500,15,3000,3000,3000,3000,"fast","control_informative",0.18,8,0.01,"","separate_mirage","trait2","bfdr_power",0.01,0
20260839,27,500,15,3000,3000,3000,3000,"fast","control_informative",0.18,8,0.01,"","separate_mirage","trait2","bfdr_discoveries",0.01,0
20260839,27,500,15,3000,3000,3000,3000,"fast","control_informative",0.18,8,0.01,"","separate_mirage","trait2","bfdr_observed_fdp",0.05,0
20260839,27,500,15,3000,3000,3000,3000,"fast","control_informative",0.18,8,0.01,"","separate_mirage","trait2","bfdr_estimate",0.05,0
20260839,27,500,15,3000,3000,3000,3000,"fast","control_informative",0.18,8,0.01,"","separate_mirage","trait2","bfdr_power",0.05,0
20260839,27,500,15,3000,3000,3000,3000,"fast","control_informative",0.18,8,0.01,"","separate_mirage","trait2","bfdr_discoveries",0.05,0
20260839,27,500,15,3000,3000,3000,3000,"fast","control_informative",0.18,8,0.01,"","separate_mirage","trait2","bfdr_observed_fdp",0.1,0.333333333333333
20260839,27,500,15,3000,3000,3000,3000,"fast","control_informative",0.18,8,0.01,"","separate_mirage","trait2","bfdr_estimate",0.1,0.073458621259841
20260839,27,500,15,3000,3000,3000,3000,"fast","control_informative",0.18,8,0.01,"","separate_mirage","trait2","bfdr_power",0.1,0.2
20260839,27,500,15,3000,3000,3000,3000,"fast","control_informative",0.18,8,0.01,"","separate_mirage","trait2","bfdr_discoveries",0.1,3
20260839,27,500,15,3000,3000,3000,3000,"fast","control_informative",0.18,8,0.01,"","separate_mirage","trait2","bfdr_observed_fdp",0.2,0.5
20260839,27,500,15,3000,3000,3000,3000,"fast","control_informative",0.18,8,0.01,"","separate_mirage","trait2","bfdr_estimate",0.2,0.181478475111892
20260839,27,500,15,3000,3000,3000,3000,"fast","control_informative",0.18,8,0.01,"","separate_mirage","trait2","bfdr_power",0.2,0.2
20260839,27,500,15,3000,3000,3000,3000,"fast","control_informative",0.18,8,0.01,"","separate_mirage","trait2","bfdr_discoveries",0.2,4
20260839,27,500,15,3000,3000,3000,3000,"fast","control_informative",0.18,8,0.01,"","separate_mirage","pleiotropy","bfdr_observed_fdp",0.01,0
20260839,27,500,15,3000,3000,3000,3000,"fast","control_informative",0.18,8,0.01,"","separate_mirage","pleiotropy","bfdr_estimate",0.01,0
20260839,27,500,15,3000,3000,3000,3000,"fast","control_informative",0.18,8,0.01,"","separate_mirage","pleiotropy","bfdr_power",0.01,0
20260839,27,500,15,3000,3000,3000,3000,"fast","control_informative",0.18,8,0.01,"","separate_mirage","pleiotropy","bfdr_discoveries",0.01,0
20260839,27,500,15,3000,3000,3000,3000,"fast","control_informative",0.18,8,0.01,"","separate_mirage","pleiotropy","bfdr_observed_fdp",0.05,0
20260839,27,500,15,3000,3000,3000,3000,"fast","control_informative",0.18,8,0.01,"","separate_mirage","pleiotropy","bfdr_estimate",0.05,0
20260839,27,500,15,3000,3000,3000,3000,"fast","control_informative",0.18,8,0.01,"","separate_mirage","pleiotropy","bfdr_power",0.05,0
20260839,27,500,15,3000,3000,3000,3000,"fast","control_informative",0.18,8,0.01,"","separate_mirage","pleiotropy","bfdr_discoveries",0.05,0
20260839,27,500,15,3000,3000,3000,3000,"fast","control_informative",0.18,8,0.01,"","separate_mirage","pleiotropy","bfdr_observed_fdp",0.1,0
20260839,27,500,15,3000,3000,3000,3000,"fast","control_informative",0.18,8,0.01,"","separate_mirage","pleiotropy","bfdr_estimate",0.1,0
20260839,27,500,15,3000,3000,3000,3000,"fast","control_informative",0.18,8,0.01,"","separate_mirage","pleiotropy","bfdr_power",0.1,0
20260839,27,500,15,3000,3000,3000,3000,"fast","control_informative",0.18,8,0.01,"","separate_mirage","pleiotropy","bfdr_discoveries",0.1,0
20260839,27,500,15,3000,3000,3000,3000,"fast","control_informative",0.18,8,0.01,"","separate_mirage","pleiotropy","bfdr_observed_fdp",0.2,0
20260839,27,500,15,3000,3000,3000,3000,"fast","control_informative",0.18,8,0.01,"","separate_mirage","pleiotropy","bfdr_estimate",0.2,0
20260839,27,500,15,3000,3000,3000,3000,"fast","control_informative",0.18,8,0.01,"","separate_mirage","pleiotropy","bfdr_power",0.2,0
20260839,27,500,15,3000,3000,3000,3000,"fast","control_informative",0.18,8,0.01,"","separate_mirage","pleiotropy","bfdr_discoveries",0.2,0
20260839,27,500,15,3000,3000,3000,3000,"fast","control_informative",0.18,8,0.01,"","separate_mirage","global","runtime_seconds",NA,18.2890000000002
20260839,27,500,15,3000,3000,3000,3000,"fast","control_informative",0.18,8,0.01,"","separate_mirage","pleiotropy","pi11_estimate",NA,0.001
20260839,27,500,15,3000,3000,3000,3000,"fast","control_informative",0.18,8,0.01,"","mtada_aggregated","trait1","auc",NA,0.591873684210526
20260839,27,500,15,3000,3000,3000,3000,"fast","control_informative",0.18,8,0.01,"","mtada_aggregated","trait2","auc",NA,0.625816326530612
20260839,27,500,15,3000,3000,3000,3000,"fast","control_informative",0.18,8,0.01,"","mtada_aggregated","pleiotropy","auc",NA,0.62020202020202
20260839,27,500,15,3000,3000,3000,3000,"fast","control_informative",0.18,8,0.01,"","mtada_aggregated","trait1","pp08_power",0.8,0.6
20260839,27,500,15,3000,3000,3000,3000,"fast","control_informative",0.18,8,0.01,"","mtada_aggregated","trait1","pp08_fdp",0.8,0.944237918215613
20260839,27,500,15,3000,3000,3000,3000,"fast","control_informative",0.18,8,0.01,"","mtada_aggregated","trait1","pp08_discoveries",0.8,269
20260839,27,500,15,3000,3000,3000,3000,"fast","control_informative",0.18,8,0.01,"","mtada_aggregated","trait2","pp08_power",0.8,0.7
20260839,27,500,15,3000,3000,3000,3000,"fast","control_informative",0.18,8,0.01,"","mtada_aggregated","trait2","pp08_fdp",0.8,0.972332015810277
20260839,27,500,15,3000,3000,3000,3000,"fast","control_informative",0.18,8,0.01,"","mtada_aggregated","trait2","pp08_discoveries",0.8,253
20260839,27,500,15,3000,3000,3000,3000,"fast","control_informative",0.18,8,0.01,"","mtada_aggregated","pleiotropy","pp08_power",0.8,0.2
20260839,27,500,15,3000,3000,3000,3000,"fast","control_informative",0.18,8,0.01,"","mtada_aggregated","pleiotropy","pp08_fdp",0.8,0.993548387096774
20260839,27,500,15,3000,3000,3000,3000,"fast","control_informative",0.18,8,0.01,"","mtada_aggregated","pleiotropy","pp08_discoveries",0.8,155
20260839,27,500,15,3000,3000,3000,3000,"fast","control_informative",0.18,8,0.01,"","mtada_aggregated","trait1","bfdr_observed_fdp",0.01,0.944237918215613
20260839,27,500,15,3000,3000,3000,3000,"fast","control_informative",0.18,8,0.01,"","mtada_aggregated","trait1","bfdr_estimate",0.01,0.0096981891322711
20260839,27,500,15,3000,3000,3000,3000,"fast","control_informative",0.18,8,0.01,"","mtada_aggregated","trait1","bfdr_power",0.01,0.6
20260839,27,500,15,3000,3000,3000,3000,"fast","control_informative",0.18,8,0.01,"","mtada_aggregated","trait1","bfdr_discoveries",0.01,269
20260839,27,500,15,3000,3000,3000,3000,"fast","control_informative",0.18,8,0.01,"","mtada_aggregated","trait1","bfdr_observed_fdp",0.05,0.942760942760943
20260839,27,500,15,3000,3000,3000,3000,"fast","control_informative",0.18,8,0.01,"","mtada_aggregated","trait1","bfdr_estimate",0.05,0.0482382462504189
20260839,27,500,15,3000,3000,3000,3000,"fast","control_informative",0.18,8,0.01,"","mtada_aggregated","trait1","bfdr_power",0.05,0.68
20260839,27,500,15,3000,3000,3000,3000,"fast","control_informative",0.18,8,0.01,"","mtada_aggregated","trait1","bfdr_discoveries",0.05,297
20260839,27,500,15,3000,3000,3000,3000,"fast","control_informative",0.18,8,0.01,"","mtada_aggregated","trait1","bfdr_observed_fdp",0.1,0.9375
20260839,27,500,15,3000,3000,3000,3000,"fast","control_informative",0.18,8,0.01,"","mtada_aggregated","trait1","bfdr_estimate",0.1,0.0983888830249578
20260839,27,500,15,3000,3000,3000,3000,"fast","control_informative",0.18,8,0.01,"","mtada_aggregated","trait1","bfdr_power",0.1,0.8
20260839,27,500,15,3000,3000,3000,3000,"fast","control_informative",0.18,8,0.01,"","mtada_aggregated","trait1","bfdr_discoveries",0.1,320
20260839,27,500,15,3000,3000,3000,3000,"fast","control_informative",0.18,8,0.01,"","mtada_aggregated","trait1","bfdr_observed_fdp",0.2,0.942465753424658
20260839,27,500,15,3000,3000,3000,3000,"fast","control_informative",0.18,8,0.01,"","mtada_aggregated","trait1","bfdr_estimate",0.2,0.199522215889087
20260839,27,500,15,3000,3000,3000,3000,"fast","control_informative",0.18,8,0.01,"","mtada_aggregated","trait1","bfdr_power",0.2,0.84
20260839,27,500,15,3000,3000,3000,3000,"fast","control_informative",0.18,8,0.01,"","mtada_aggregated","trait1","bfdr_discoveries",0.2,365
20260839,27,500,15,3000,3000,3000,3000,"fast","control_informative",0.18,8,0.01,"","mtada_aggregated","trait2","bfdr_observed_fdp",0.01,0.97265625
20260839,27,500,15,3000,3000,3000,3000,"fast","control_informative",0.18,8,0.01,"","mtada_aggregated","trait2","bfdr_estimate",0.01,0.00995651067850324
20260839,27,500,15,3000,3000,3000,3000,"fast","control_informative",0.18,8,0.01,"","mtada_aggregated","trait2","bfdr_power",0.01,0.7
20260839,27,500,15,3000,3000,3000,3000,"fast","control_informative",0.18,8,0.01,"","mtada_aggregated","trait2","bfdr_discoveries",0.01,256
20260839,27,500,15,3000,3000,3000,3000,"fast","control_informative",0.18,8,0.01,"","mtada_aggregated","trait2","bfdr_observed_fdp",0.05,0.97508896797153
20260839,27,500,15,3000,3000,3000,3000,"fast","control_informative",0.18,8,0.01,"","mtada_aggregated","trait2","bfdr_estimate",0.05,0.0492150475888284
20260839,27,500,15,3000,3000,3000,3000,"fast","control_informative",0.18,8,0.01,"","mtada_aggregated","trait2","bfdr_power",0.05,0.7
20260839,27,500,15,3000,3000,3000,3000,"fast","control_informative",0.18,8,0.01,"","mtada_aggregated","trait2","bfdr_discoveries",0.05,281
20260839,27,500,15,3000,3000,3000,3000,"fast","control_informative",0.18,8,0.01,"","mtada_aggregated","trait2","bfdr_observed_fdp",0.1,0.97682119205298
20260839,27,500,15,3000,3000,3000,3000,"fast","control_informative",0.18,8,0.01,"","mtada_aggregated","trait2","bfdr_estimate",0.1,0.0997782240517852
20260839,27,500,15,3000,3000,3000,3000,"fast","control_informative",0.18,8,0.01,"","mtada_aggregated","trait2","bfdr_power",0.1,0.7
20260839,27,500,15,3000,3000,3000,3000,"fast","control_informative",0.18,8,0.01,"","mtada_aggregated","trait2","bfdr_discoveries",0.1,302
20260839,27,500,15,3000,3000,3000,3000,"fast","control_informative",0.18,8,0.01,"","mtada_aggregated","trait2","bfdr_observed_fdp",0.2,0.973684210526316
20260839,27,500,15,3000,3000,3000,3000,"fast","control_informative",0.18,8,0.01,"","mtada_aggregated","trait2","bfdr_estimate",0.2,0.197924742459676
20260839,27,500,15,3000,3000,3000,3000,"fast","control_informative",0.18,8,0.01,"","mtada_aggregated","trait2","bfdr_power",0.2,0.9
20260839,27,500,15,3000,3000,3000,3000,"fast","control_informative",0.18,8,0.01,"","mtada_aggregated","trait2","bfdr_discoveries",0.2,342
20260839,27,500,15,3000,3000,3000,3000,"fast","control_informative",0.18,8,0.01,"","mtada_aggregated","pleiotropy","bfdr_observed_fdp",0.01,0.993243243243243
20260839,27,500,15,3000,3000,3000,3000,"fast","control_informative",0.18,8,0.01,"","mtada_aggregated","pleiotropy","bfdr_estimate",0.01,0.00970516808749172
20260839,27,500,15,3000,3000,3000,3000,"fast","control_informative",0.18,8,0.01,"","mtada_aggregated","pleiotropy","bfdr_power",0.01,0.2
20260839,27,500,15,3000,3000,3000,3000,"fast","control_informative",0.18,8,0.01,"","mtada_aggregated","pleiotropy","bfdr_discoveries",0.01,148
20260839,27,500,15,3000,3000,3000,3000,"fast","control_informative",0.18,8,0.01,"","mtada_aggregated","pleiotropy","bfdr_observed_fdp",0.05,0.994219653179191
20260839,27,500,15,3000,3000,3000,3000,"fast","control_informative",0.18,8,0.01,"","mtada_aggregated","pleiotropy","bfdr_estimate",0.05,0.0485400634646473
20260839,27,500,15,3000,3000,3000,3000,"fast","control_informative",0.18,8,0.01,"","mtada_aggregated","pleiotropy","bfdr_power",0.05,0.2
20260839,27,500,15,3000,3000,3000,3000,"fast","control_informative",0.18,8,0.01,"","mtada_aggregated","pleiotropy","bfdr_discoveries",0.05,173
20260839,27,500,15,3000,3000,3000,3000,"fast","control_informative",0.18,8,0.01,"","mtada_aggregated","pleiotropy","bfdr_observed_fdp",0.1,0.984293193717278
20260839,27,500,15,3000,3000,3000,3000,"fast","control_informative",0.18,8,0.01,"","mtada_aggregated","pleiotropy","bfdr_estimate",0.1,0.0990939041634961
20260839,27,500,15,3000,3000,3000,3000,"fast","control_informative",0.18,8,0.01,"","mtada_aggregated","pleiotropy","bfdr_power",0.1,0.6
20260839,27,500,15,3000,3000,3000,3000,"fast","control_informative",0.18,8,0.01,"","mtada_aggregated","pleiotropy","bfdr_discoveries",0.1,191
20260839,27,500,15,3000,3000,3000,3000,"fast","control_informative",0.18,8,0.01,"","mtada_aggregated","pleiotropy","bfdr_observed_fdp",0.2,0.986425339366516
20260839,27,500,15,3000,3000,3000,3000,"fast","control_informative",0.18,8,0.01,"","mtada_aggregated","pleiotropy","bfdr_estimate",0.2,0.197417753413923
20260839,27,500,15,3000,3000,3000,3000,"fast","control_informative",0.18,8,0.01,"","mtada_aggregated","pleiotropy","bfdr_power",0.2,0.6
20260839,27,500,15,3000,3000,3000,3000,"fast","control_informative",0.18,8,0.01,"","mtada_aggregated","pleiotropy","bfdr_discoveries",0.2,221
20260839,27,500,15,3000,3000,3000,3000,"fast","control_informative",0.18,8,0.01,"","mtada_aggregated","global","runtime_seconds",NA,0.7349999999999
20260839,27,500,15,3000,3000,3000,3000,"fast","control_informative",0.18,8,0.01,"","mtada_aggregated","pleiotropy","pi11_estimate",NA,0.00869952
20260840,28,500,15,3000,3000,3000,3000,"fast","control_informative",0.18,8,0.01,"","mirage_joint","trait1","auc",NA,0.755031578947368
20260840,28,500,15,3000,3000,3000,3000,"fast","control_informative",0.18,8,0.01,"","mirage_joint","trait2","auc",NA,0.746734693877551
20260840,28,500,15,3000,3000,3000,3000,"fast","control_informative",0.18,8,0.01,"","mirage_joint","pleiotropy","auc",NA,0.877979797979798
20260840,28,500,15,3000,3000,3000,3000,"fast","control_informative",0.18,8,0.01,"","mirage_joint","trait1","pp08_power",0.8,0.2
20260840,28,500,15,3000,3000,3000,3000,"fast","control_informative",0.18,8,0.01,"","mirage_joint","trait1","pp08_fdp",0.8,0
20260840,28,500,15,3000,3000,3000,3000,"fast","control_informative",0.18,8,0.01,"","mirage_joint","trait1","pp08_discoveries",0.8,5
20260840,28,500,15,3000,3000,3000,3000,"fast","control_informative",0.18,8,0.01,"","mirage_joint","trait2","pp08_power",0.8,0.1
20260840,28,500,15,3000,3000,3000,3000,"fast","control_informative",0.18,8,0.01,"","mirage_joint","trait2","pp08_fdp",0.8,0
20260840,28,500,15,3000,3000,3000,3000,"fast","control_informative",0.18,8,0.01,"","mirage_joint","trait2","pp08_discoveries",0.8,1
20260840,28,500,15,3000,3000,3000,3000,"fast","control_informative",0.18,8,0.01,"","mirage_joint","pleiotropy","pp08_power",0.8,0.2
20260840,28,500,15,3000,3000,3000,3000,"fast","control_informative",0.18,8,0.01,"","mirage_joint","pleiotropy","pp08_fdp",0.8,0
20260840,28,500,15,3000,3000,3000,3000,"fast","control_informative",0.18,8,0.01,"","mirage_joint","pleiotropy","pp08_discoveries",0.8,1
20260840,28,500,15,3000,3000,3000,3000,"fast","control_informative",0.18,8,0.01,"","mirage_joint","trait1","bfdr_observed_fdp",0.01,0
20260840,28,500,15,3000,3000,3000,3000,"fast","control_informative",0.18,8,0.01,"","mirage_joint","trait1","bfdr_estimate",0.01,0.00730405293433498
20260840,28,500,15,3000,3000,3000,3000,"fast","control_informative",0.18,8,0.01,"","mirage_joint","trait1","bfdr_power",0.01,0.2
20260840,28,500,15,3000,3000,3000,3000,"fast","control_informative",0.18,8,0.01,"","mirage_joint","trait1","bfdr_discoveries",0.01,5
20260840,28,500,15,3000,3000,3000,3000,"fast","control_informative",0.18,8,0.01,"","mirage_joint","trait1","bfdr_observed_fdp",0.05,0
20260840,28,500,15,3000,3000,3000,3000,"fast","control_informative",0.18,8,0.01,"","mirage_joint","trait1","bfdr_estimate",0.05,0.00730405293433498
20260840,28,500,15,3000,3000,3000,3000,"fast","control_informative",0.18,8,0.01,"","mirage_joint","trait1","bfdr_power",0.05,0.2
20260840,28,500,15,3000,3000,3000,3000,"fast","control_informative",0.18,8,0.01,"","mirage_joint","trait1","bfdr_discoveries",0.05,5
20260840,28,500,15,3000,3000,3000,3000,"fast","control_informative",0.18,8,0.01,"","mirage_joint","trait1","bfdr_observed_fdp",0.1,0.166666666666667
20260840,28,500,15,3000,3000,3000,3000,"fast","control_informative",0.18,8,0.01,"","mirage_joint","trait1","bfdr_estimate",0.1,0.0873346161312597
20260840,28,500,15,3000,3000,3000,3000,"fast","control_informative",0.18,8,0.01,"","mirage_joint","trait1","bfdr_power",0.1,0.2
20260840,28,500,15,3000,3000,3000,3000,"fast","control_informative",0.18,8,0.01,"","mirage_joint","trait1","bfdr_discoveries",0.1,6
20260840,28,500,15,3000,3000,3000,3000,"fast","control_informative",0.18,8,0.01,"","mirage_joint","trait1","bfdr_observed_fdp",0.2,0.375
20260840,28,500,15,3000,3000,3000,3000,"fast","control_informative",0.18,8,0.01,"","mirage_joint","trait1","bfdr_estimate",0.2,0.194870901494915
20260840,28,500,15,3000,3000,3000,3000,"fast","control_informative",0.18,8,0.01,"","mirage_joint","trait1","bfdr_power",0.2,0.2
20260840,28,500,15,3000,3000,3000,3000,"fast","control_informative",0.18,8,0.01,"","mirage_joint","trait1","bfdr_discoveries",0.2,8
20260840,28,500,15,3000,3000,3000,3000,"fast","control_informative",0.18,8,0.01,"","mirage_joint","trait2","bfdr_observed_fdp",0.01,0
20260840,28,500,15,3000,3000,3000,3000,"fast","control_informative",0.18,8,0.01,"","mirage_joint","trait2","bfdr_estimate",0.01,0
20260840,28,500,15,3000,3000,3000,3000,"fast","control_informative",0.18,8,0.01,"","mirage_joint","trait2","bfdr_power",0.01,0
20260840,28,500,15,3000,3000,3000,3000,"fast","control_informative",0.18,8,0.01,"","mirage_joint","trait2","bfdr_discoveries",0.01,0
20260840,28,500,15,3000,3000,3000,3000,"fast","control_informative",0.18,8,0.01,"","mirage_joint","trait2","bfdr_observed_fdp",0.05,0
20260840,28,500,15,3000,3000,3000,3000,"fast","control_informative",0.18,8,0.01,"","mirage_joint","trait2","bfdr_estimate",0.05,0
20260840,28,500,15,3000,3000,3000,3000,"fast","control_informative",0.18,8,0.01,"","mirage_joint","trait2","bfdr_power",0.05,0
20260840,28,500,15,3000,3000,3000,3000,"fast","control_informative",0.18,8,0.01,"","mirage_joint","trait2","bfdr_discoveries",0.05,0
20260840,28,500,15,3000,3000,3000,3000,"fast","control_informative",0.18,8,0.01,"","mirage_joint","trait2","bfdr_observed_fdp",0.1,0
20260840,28,500,15,3000,3000,3000,3000,"fast","control_informative",0.18,8,0.01,"","mirage_joint","trait2","bfdr_estimate",0.1,0.0701669185595094
20260840,28,500,15,3000,3000,3000,3000,"fast","control_informative",0.18,8,0.01,"","mirage_joint","trait2","bfdr_power",0.1,0.1
20260840,28,500,15,3000,3000,3000,3000,"fast","control_informative",0.18,8,0.01,"","mirage_joint","trait2","bfdr_discoveries",0.1,1
20260840,28,500,15,3000,3000,3000,3000,"fast","control_informative",0.18,8,0.01,"","mirage_joint","trait2","bfdr_observed_fdp",0.2,0.666666666666667
20260840,28,500,15,3000,3000,3000,3000,"fast","control_informative",0.18,8,0.01,"","mirage_joint","trait2","bfdr_estimate",0.2,0.199113037447772
20260840,28,500,15,3000,3000,3000,3000,"fast","control_informative",0.18,8,0.01,"","mirage_joint","trait2","bfdr_power",0.2,0.1
20260840,28,500,15,3000,3000,3000,3000,"fast","control_informative",0.18,8,0.01,"","mirage_joint","trait2","bfdr_discoveries",0.2,3
20260840,28,500,15,3000,3000,3000,3000,"fast","control_informative",0.18,8,0.01,"","mirage_joint","pleiotropy","bfdr_observed_fdp",0.01,0
20260840,28,500,15,3000,3000,3000,3000,"fast","control_informative",0.18,8,0.01,"","mirage_joint","pleiotropy","bfdr_estimate",0.01,0
20260840,28,500,15,3000,3000,3000,3000,"fast","control_informative",0.18,8,0.01,"","mirage_joint","pleiotropy","bfdr_power",0.01,0
20260840,28,500,15,3000,3000,3000,3000,"fast","control_informative",0.18,8,0.01,"","mirage_joint","pleiotropy","bfdr_discoveries",0.01,0
20260840,28,500,15,3000,3000,3000,3000,"fast","control_informative",0.18,8,0.01,"","mirage_joint","pleiotropy","bfdr_observed_fdp",0.05,0
20260840,28,500,15,3000,3000,3000,3000,"fast","control_informative",0.18,8,0.01,"","mirage_joint","pleiotropy","bfdr_estimate",0.05,0
20260840,28,500,15,3000,3000,3000,3000,"fast","control_informative",0.18,8,0.01,"","mirage_joint","pleiotropy","bfdr_power",0.05,0
20260840,28,500,15,3000,3000,3000,3000,"fast","control_informative",0.18,8,0.01,"","mirage_joint","pleiotropy","bfdr_discoveries",0.05,0
20260840,28,500,15,3000,3000,3000,3000,"fast","control_informative",0.18,8,0.01,"","mirage_joint","pleiotropy","bfdr_observed_fdp",0.1,0
20260840,28,500,15,3000,3000,3000,3000,"fast","control_informative",0.18,8,0.01,"","mirage_joint","pleiotropy","bfdr_estimate",0.1,0.0702231219588426
20260840,28,500,15,3000,3000,3000,3000,"fast","control_informative",0.18,8,0.01,"","mirage_joint","pleiotropy","bfdr_power",0.1,0.2
20260840,28,500,15,3000,3000,3000,3000,"fast","control_informative",0.18,8,0.01,"","mirage_joint","pleiotropy","bfdr_discoveries",0.1,1
20260840,28,500,15,3000,3000,3000,3000,"fast","control_informative",0.18,8,0.01,"","mirage_joint","pleiotropy","bfdr_observed_fdp",0.2,0.666666666666667
20260840,28,500,15,3000,3000,3000,3000,"fast","control_informative",0.18,8,0.01,"","mirage_joint","pleiotropy","bfdr_estimate",0.2,0.199131898166032
20260840,28,500,15,3000,3000,3000,3000,"fast","control_informative",0.18,8,0.01,"","mirage_joint","pleiotropy","bfdr_power",0.2,0.2
20260840,28,500,15,3000,3000,3000,3000,"fast","control_informative",0.18,8,0.01,"","mirage_joint","pleiotropy","bfdr_discoveries",0.2,3
20260840,28,500,15,3000,3000,3000,3000,"fast","control_informative",0.18,8,0.01,"","mirage_joint","global","runtime_seconds",NA,18.2439999999999
20260840,28,500,15,3000,3000,3000,3000,"fast","control_informative",0.18,8,0.01,"","mirage_joint","pleiotropy","pi11_estimate",NA,0.062584183555942
20260840,28,500,15,3000,3000,3000,3000,"fast","control_informative",0.18,8,0.01,"","separate_mirage","trait1","auc",NA,0.675452631578947
20260840,28,500,15,3000,3000,3000,3000,"fast","control_informative",0.18,8,0.01,"","separate_mirage","trait2","auc",NA,0.77265306122449
20260840,28,500,15,3000,3000,3000,3000,"fast","control_informative",0.18,8,0.01,"","separate_mirage","pleiotropy","auc",NA,0.860606060606061
20260840,28,500,15,3000,3000,3000,3000,"fast","control_informative",0.18,8,0.01,"","separate_mirage","trait1","pp08_power",0.8,0.2
20260840,28,500,15,3000,3000,3000,3000,"fast","control_informative",0.18,8,0.01,"","separate_mirage","trait1","pp08_fdp",0.8,0
20260840,28,500,15,3000,3000,3000,3000,"fast","control_informative",0.18,8,0.01,"","separate_mirage","trait1","pp08_discoveries",0.8,5
20260840,28,500,15,3000,3000,3000,3000,"fast","control_informative",0.18,8,0.01,"","separate_mirage","trait2","pp08_power",0.8,0
20260840,28,500,15,3000,3000,3000,3000,"fast","control_informative",0.18,8,0.01,"","separate_mirage","trait2","pp08_fdp",0.8,0
20260840,28,500,15,3000,3000,3000,3000,"fast","control_informative",0.18,8,0.01,"","separate_mirage","trait2","pp08_discoveries",0.8,0
20260840,28,500,15,3000,3000,3000,3000,"fast","control_informative",0.18,8,0.01,"","separate_mirage","pleiotropy","pp08_power",0.8,0
20260840,28,500,15,3000,3000,3000,3000,"fast","control_informative",0.18,8,0.01,"","separate_mirage","pleiotropy","pp08_fdp",0.8,0
20260840,28,500,15,3000,3000,3000,3000,"fast","control_informative",0.18,8,0.01,"","separate_mirage","pleiotropy","pp08_discoveries",0.8,0
20260840,28,500,15,3000,3000,3000,3000,"fast","control_informative",0.18,8,0.01,"","separate_mirage","trait1","bfdr_observed_fdp",0.01,0
20260840,28,500,15,3000,3000,3000,3000,"fast","control_informative",0.18,8,0.01,"","separate_mirage","trait1","bfdr_estimate",0.01,0.00486578235442114
20260840,28,500,15,3000,3000,3000,3000,"fast","control_informative",0.18,8,0.01,"","separate_mirage","trait1","bfdr_power",0.01,0.16
20260840,28,500,15,3000,3000,3000,3000,"fast","control_informative",0.18,8,0.01,"","separate_mirage","trait1","bfdr_discoveries",0.01,4
20260840,28,500,15,3000,3000,3000,3000,"fast","control_informative",0.18,8,0.01,"","separate_mirage","trait1","bfdr_observed_fdp",0.05,0
20260840,28,500,15,3000,3000,3000,3000,"fast","control_informative",0.18,8,0.01,"","separate_mirage","trait1","bfdr_estimate",0.05,0.0112693330693392
20260840,28,500,15,3000,3000,3000,3000,"fast","control_informative",0.18,8,0.01,"","separate_mirage","trait1","bfdr_power",0.05,0.2
20260840,28,500,15,3000,3000,3000,3000,"fast","control_informative",0.18,8,0.01,"","separate_mirage","trait1","bfdr_discoveries",0.05,5
20260840,28,500,15,3000,3000,3000,3000,"fast","control_informative",0.18,8,0.01,"","separate_mirage","trait1","bfdr_observed_fdp",0.1,0.166666666666667
20260840,28,500,15,3000,3000,3000,3000,"fast","control_informative",0.18,8,0.01,"","separate_mirage","trait1","bfdr_estimate",0.1,0.0968045785775543
20260840,28,500,15,3000,3000,3000,3000,"fast","control_informative",0.18,8,0.01,"","separate_mirage","trait1","bfdr_power",0.1,0.2
20260840,28,500,15,3000,3000,3000,3000,"fast","control_informative",0.18,8,0.01,"","separate_mirage","trait1","bfdr_discoveries",0.1,6
20260840,28,500,15,3000,3000,3000,3000,"fast","control_informative",0.18,8,0.01,"","separate_mirage","trait1","bfdr_observed_fdp",0.2,0.142857142857143
20260840,28,500,15,3000,3000,3000,3000,"fast","control_informative",0.18,8,0.01,"","separate_mirage","trait1","bfdr_estimate",0.2,0.191561335295059
20260840,28,500,15,3000,3000,3000,3000,"fast","control_informative",0.18,8,0.01,"","separate_mirage","trait1","bfdr_power",0.2,0.24
20260840,28,500,15,3000,3000,3000,3000,"fast","control_informative",0.18,8,0.01,"","separate_mirage","trait1","bfdr_discoveries",0.2,7
20260840,28,500,15,3000,3000,3000,3000,"fast","control_informative",0.18,8,0.01,"","separate_mirage","trait2","bfdr_observed_fdp",0.01,0
20260840,28,500,15,3000,3000,3000,3000,"fast","control_informative",0.18,8,0.01,"","separate_mirage","trait2","bfdr_estimate",0.01,0
20260840,28,500,15,3000,3000,3000,3000,"fast","control_informative",0.18,8,0.01,"","separate_mirage","trait2","bfdr_power",0.01,0
20260840,28,500,15,3000,3000,3000,3000,"fast","control_informative",0.18,8,0.01,"","separate_mirage","trait2","bfdr_discoveries",0.01,0
20260840,28,500,15,3000,3000,3000,3000,"fast","control_informative",0.18,8,0.01,"","separate_mirage","trait2","bfdr_observed_fdp",0.05,0
20260840,28,500,15,3000,3000,3000,3000,"fast","control_informative",0.18,8,0.01,"","separate_mirage","trait2","bfdr_estimate",0.05,0
20260840,28,500,15,3000,3000,3000,3000,"fast","control_informative",0.18,8,0.01,"","separate_mirage","trait2","bfdr_power",0.05,0
20260840,28,500,15,3000,3000,3000,3000,"fast","control_informative",0.18,8,0.01,"","separate_mirage","trait2","bfdr_discoveries",0.05,0
20260840,28,500,15,3000,3000,3000,3000,"fast","control_informative",0.18,8,0.01,"","separate_mirage","trait2","bfdr_observed_fdp",0.1,0
20260840,28,500,15,3000,3000,3000,3000,"fast","control_informative",0.18,8,0.01,"","separate_mirage","trait2","bfdr_estimate",0.1,0
20260840,28,500,15,3000,3000,3000,3000,"fast","control_informative",0.18,8,0.01,"","separate_mirage","trait2","bfdr_power",0.1,0
20260840,28,500,15,3000,3000,3000,3000,"fast","control_informative",0.18,8,0.01,"","separate_mirage","trait2","bfdr_discoveries",0.1,0
20260840,28,500,15,3000,3000,3000,3000,"fast","control_informative",0.18,8,0.01,"","separate_mirage","trait2","bfdr_observed_fdp",0.2,0
20260840,28,500,15,3000,3000,3000,3000,"fast","control_informative",0.18,8,0.01,"","separate_mirage","trait2","bfdr_estimate",0.2,0
20260840,28,500,15,3000,3000,3000,3000,"fast","control_informative",0.18,8,0.01,"","separate_mirage","trait2","bfdr_power",0.2,0
20260840,28,500,15,3000,3000,3000,3000,"fast","control_informative",0.18,8,0.01,"","separate_mirage","trait2","bfdr_discoveries",0.2,0
20260840,28,500,15,3000,3000,3000,3000,"fast","control_informative",0.18,8,0.01,"","separate_mirage","pleiotropy","bfdr_observed_fdp",0.01,0
20260840,28,500,15,3000,3000,3000,3000,"fast","control_informative",0.18,8,0.01,"","separate_mirage","pleiotropy","bfdr_estimate",0.01,0
20260840,28,500,15,3000,3000,3000,3000,"fast","control_informative",0.18,8,0.01,"","separate_mirage","pleiotropy","bfdr_power",0.01,0
20260840,28,500,15,3000,3000,3000,3000,"fast","control_informative",0.18,8,0.01,"","separate_mirage","pleiotropy","bfdr_discoveries",0.01,0
20260840,28,500,15,3000,3000,3000,3000,"fast","control_informative",0.18,8,0.01,"","separate_mirage","pleiotropy","bfdr_observed_fdp",0.05,0
20260840,28,500,15,3000,3000,3000,3000,"fast","control_informative",0.18,8,0.01,"","separate_mirage","pleiotropy","bfdr_estimate",0.05,0
20260840,28,500,15,3000,3000,3000,3000,"fast","control_informative",0.18,8,0.01,"","separate_mirage","pleiotropy","bfdr_power",0.05,0
20260840,28,500,15,3000,3000,3000,3000,"fast","control_informative",0.18,8,0.01,"","separate_mirage","pleiotropy","bfdr_discoveries",0.05,0
20260840,28,500,15,3000,3000,3000,3000,"fast","control_informative",0.18,8,0.01,"","separate_mirage","pleiotropy","bfdr_observed_fdp",0.1,0
20260840,28,500,15,3000,3000,3000,3000,"fast","control_informative",0.18,8,0.01,"","separate_mirage","pleiotropy","bfdr_estimate",0.1,0
20260840,28,500,15,3000,3000,3000,3000,"fast","control_informative",0.18,8,0.01,"","separate_mirage","pleiotropy","bfdr_power",0.1,0
20260840,28,500,15,3000,3000,3000,3000,"fast","control_informative",0.18,8,0.01,"","separate_mirage","pleiotropy","bfdr_discoveries",0.1,0
20260840,28,500,15,3000,3000,3000,3000,"fast","control_informative",0.18,8,0.01,"","separate_mirage","pleiotropy","bfdr_observed_fdp",0.2,0
20260840,28,500,15,3000,3000,3000,3000,"fast","control_informative",0.18,8,0.01,"","separate_mirage","pleiotropy","bfdr_estimate",0.2,0
20260840,28,500,15,3000,3000,3000,3000,"fast","control_informative",0.18,8,0.01,"","separate_mirage","pleiotropy","bfdr_power",0.2,0
20260840,28,500,15,3000,3000,3000,3000,"fast","control_informative",0.18,8,0.01,"","separate_mirage","pleiotropy","bfdr_discoveries",0.2,0
20260840,28,500,15,3000,3000,3000,3000,"fast","control_informative",0.18,8,0.01,"","separate_mirage","global","runtime_seconds",NA,18.3119999999999
20260840,28,500,15,3000,3000,3000,3000,"fast","control_informative",0.18,8,0.01,"","separate_mirage","pleiotropy","pi11_estimate",NA,0.001
20260840,28,500,15,3000,3000,3000,3000,"fast","control_informative",0.18,8,0.01,"","mtada_aggregated","trait1","auc",NA,0.640294736842105
20260840,28,500,15,3000,3000,3000,3000,"fast","control_informative",0.18,8,0.01,"","mtada_aggregated","trait2","auc",NA,0.489285714285714
20260840,28,500,15,3000,3000,3000,3000,"fast","control_informative",0.18,8,0.01,"","mtada_aggregated","pleiotropy","auc",NA,0.493737373737374
20260840,28,500,15,3000,3000,3000,3000,"fast","control_informative",0.18,8,0.01,"","mtada_aggregated","trait1","pp08_power",0.8,0.68
20260840,28,500,15,3000,3000,3000,3000,"fast","control_informative",0.18,8,0.01,"","mtada_aggregated","trait1","pp08_fdp",0.8,0.935114503816794
20260840,28,500,15,3000,3000,3000,3000,"fast","control_informative",0.18,8,0.01,"","mtada_aggregated","trait1","pp08_discoveries",0.8,262
20260840,28,500,15,3000,3000,3000,3000,"fast","control_informative",0.18,8,0.01,"","mtada_aggregated","trait2","pp08_power",0.8,0.4
20260840,28,500,15,3000,3000,3000,3000,"fast","control_informative",0.18,8,0.01,"","mtada_aggregated","trait2","pp08_fdp",0.8,0.984496124031008
20260840,28,500,15,3000,3000,3000,3000,"fast","control_informative",0.18,8,0.01,"","mtada_aggregated","trait2","pp08_discoveries",0.8,258
20260840,28,500,15,3000,3000,3000,3000,"fast","control_informative",0.18,8,0.01,"","mtada_aggregated","pleiotropy","pp08_power",0.8,0.2
20260840,28,500,15,3000,3000,3000,3000,"fast","control_informative",0.18,8,0.01,"","mtada_aggregated","pleiotropy","pp08_fdp",0.8,0.993939393939394
20260840,28,500,15,3000,3000,3000,3000,"fast","control_informative",0.18,8,0.01,"","mtada_aggregated","pleiotropy","pp08_discoveries",0.8,165
20260840,28,500,15,3000,3000,3000,3000,"fast","control_informative",0.18,8,0.01,"","mtada_aggregated","trait1","bfdr_observed_fdp",0.01,0.935114503816794
20260840,28,500,15,3000,3000,3000,3000,"fast","control_informative",0.18,8,0.01,"","mtada_aggregated","trait1","bfdr_estimate",0.01,0.00928520892648372
20260840,28,500,15,3000,3000,3000,3000,"fast","control_informative",0.18,8,0.01,"","mtada_aggregated","trait1","bfdr_power",0.01,0.68
20260840,28,500,15,3000,3000,3000,3000,"fast","control_informative",0.18,8,0.01,"","mtada_aggregated","trait1","bfdr_discoveries",0.01,262
20260840,28,500,15,3000,3000,3000,3000,"fast","control_informative",0.18,8,0.01,"","mtada_aggregated","trait1","bfdr_observed_fdp",0.05,0.939189189189189
20260840,28,500,15,3000,3000,3000,3000,"fast","control_informative",0.18,8,0.01,"","mtada_aggregated","trait1","bfdr_estimate",0.05,0.0491124951734718
20260840,28,500,15,3000,3000,3000,3000,"fast","control_informative",0.18,8,0.01,"","mtada_aggregated","trait1","bfdr_power",0.05,0.72
20260840,28,500,15,3000,3000,3000,3000,"fast","control_informative",0.18,8,0.01,"","mtada_aggregated","trait1","bfdr_discoveries",0.05,296
20260840,28,500,15,3000,3000,3000,3000,"fast","control_informative",0.18,8,0.01,"","mtada_aggregated","trait1","bfdr_observed_fdp",0.1,0.9375
20260840,28,500,15,3000,3000,3000,3000,"fast","control_informative",0.18,8,0.01,"","mtada_aggregated","trait1","bfdr_estimate",0.1,0.09831112090784
20260840,28,500,15,3000,3000,3000,3000,"fast","control_informative",0.18,8,0.01,"","mtada_aggregated","trait1","bfdr_power",0.1,0.8
20260840,28,500,15,3000,3000,3000,3000,"fast","control_informative",0.18,8,0.01,"","mtada_aggregated","trait1","bfdr_discoveries",0.1,320
20260840,28,500,15,3000,3000,3000,3000,"fast","control_informative",0.18,8,0.01,"","mtada_aggregated","trait1","bfdr_observed_fdp",0.2,0.936986301369863
20260840,28,500,15,3000,3000,3000,3000,"fast","control_informative",0.18,8,0.01,"","mtada_aggregated","trait1","bfdr_estimate",0.2,0.198191343749085
20260840,28,500,15,3000,3000,3000,3000,"fast","control_informative",0.18,8,0.01,"","mtada_aggregated","trait1","bfdr_power",0.2,0.92
20260840,28,500,15,3000,3000,3000,3000,"fast","control_informative",0.18,8,0.01,"","mtada_aggregated","trait1","bfdr_discoveries",0.2,365
20260840,28,500,15,3000,3000,3000,3000,"fast","control_informative",0.18,8,0.01,"","mtada_aggregated","trait2","bfdr_observed_fdp",0.01,0.984496124031008
20260840,28,500,15,3000,3000,3000,3000,"fast","control_informative",0.18,8,0.01,"","mtada_aggregated","trait2","bfdr_estimate",0.01,0.00970174420782743
20260840,28,500,15,3000,3000,3000,3000,"fast","control_informative",0.18,8,0.01,"","mtada_aggregated","trait2","bfdr_power",0.01,0.4
20260840,28,500,15,3000,3000,3000,3000,"fast","control_informative",0.18,8,0.01,"","mtada_aggregated","trait2","bfdr_discoveries",0.01,258
20260840,28,500,15,3000,3000,3000,3000,"fast","control_informative",0.18,8,0.01,"","mtada_aggregated","trait2","bfdr_observed_fdp",0.05,0.979020979020979
20260840,28,500,15,3000,3000,3000,3000,"fast","control_informative",0.18,8,0.01,"","mtada_aggregated","trait2","bfdr_estimate",0.05,0.0481540872113499
20260840,28,500,15,3000,3000,3000,3000,"fast","control_informative",0.18,8,0.01,"","mtada_aggregated","trait2","bfdr_power",0.05,0.6
20260840,28,500,15,3000,3000,3000,3000,"fast","control_informative",0.18,8,0.01,"","mtada_aggregated","trait2","bfdr_discoveries",0.05,286
20260840,28,500,15,3000,3000,3000,3000,"fast","control_informative",0.18,8,0.01,"","mtada_aggregated","trait2","bfdr_observed_fdp",0.1,0.980519480519481
20260840,28,500,15,3000,3000,3000,3000,"fast","control_informative",0.18,8,0.01,"","mtada_aggregated","trait2","bfdr_estimate",0.1,0.0994901230427204
20260840,28,500,15,3000,3000,3000,3000,"fast","control_informative",0.18,8,0.01,"","mtada_aggregated","trait2","bfdr_power",0.1,0.6
20260840,28,500,15,3000,3000,3000,3000,"fast","control_informative",0.18,8,0.01,"","mtada_aggregated","trait2","bfdr_discoveries",0.1,308
20260840,28,500,15,3000,3000,3000,3000,"fast","control_informative",0.18,8,0.01,"","mtada_aggregated","trait2","bfdr_observed_fdp",0.2,0.977142857142857
20260840,28,500,15,3000,3000,3000,3000,"fast","control_informative",0.18,8,0.01,"","mtada_aggregated","trait2","bfdr_estimate",0.2,0.199634859101698
20260840,28,500,15,3000,3000,3000,3000,"fast","control_informative",0.18,8,0.01,"","mtada_aggregated","trait2","bfdr_power",0.2,0.8
20260840,28,500,15,3000,3000,3000,3000,"fast","control_informative",0.18,8,0.01,"","mtada_aggregated","trait2","bfdr_discoveries",0.2,350
20260840,28,500,15,3000,3000,3000,3000,"fast","control_informative",0.18,8,0.01,"","mtada_aggregated","pleiotropy","bfdr_observed_fdp",0.01,0.993377483443709
20260840,28,500,15,3000,3000,3000,3000,"fast","control_informative",0.18,8,0.01,"","mtada_aggregated","pleiotropy","bfdr_estimate",0.01,0.00972309530543221
20260840,28,500,15,3000,3000,3000,3000,"fast","control_informative",0.18,8,0.01,"","mtada_aggregated","pleiotropy","bfdr_power",0.01,0.2
20260840,28,500,15,3000,3000,3000,3000,"fast","control_informative",0.18,8,0.01,"","mtada_aggregated","pleiotropy","bfdr_discoveries",0.01,151
20260840,28,500,15,3000,3000,3000,3000,"fast","control_informative",0.18,8,0.01,"","mtada_aggregated","pleiotropy","bfdr_observed_fdp",0.05,0.989247311827957
20260840,28,500,15,3000,3000,3000,3000,"fast","control_informative",0.18,8,0.01,"","mtada_aggregated","pleiotropy","bfdr_estimate",0.05,0.0499579107668519
20260840,28,500,15,3000,3000,3000,3000,"fast","control_informative",0.18,8,0.01,"","mtada_aggregated","pleiotropy","bfdr_power",0.05,0.4
20260840,28,500,15,3000,3000,3000,3000,"fast","control_informative",0.18,8,0.01,"","mtada_aggregated","pleiotropy","bfdr_discoveries",0.05,186
20260840,28,500,15,3000,3000,3000,3000,"fast","control_informative",0.18,8,0.01,"","mtada_aggregated","pleiotropy","bfdr_observed_fdp",0.1,0.990384615384615
20260840,28,500,15,3000,3000,3000,3000,"fast","control_informative",0.18,8,0.01,"","mtada_aggregated","pleiotropy","bfdr_estimate",0.1,0.0989806373472975
20260840,28,500,15,3000,3000,3000,3000,"fast","control_informative",0.18,8,0.01,"","mtada_aggregated","pleiotropy","bfdr_power",0.1,0.4
20260840,28,500,15,3000,3000,3000,3000,"fast","control_informative",0.18,8,0.01,"","mtada_aggregated","pleiotropy","bfdr_discoveries",0.1,208
20260840,28,500,15,3000,3000,3000,3000,"fast","control_informative",0.18,8,0.01,"","mtada_aggregated","pleiotropy","bfdr_observed_fdp",0.2,0.991769547325103
20260840,28,500,15,3000,3000,3000,3000,"fast","control_informative",0.18,8,0.01,"","mtada_aggregated","pleiotropy","bfdr_estimate",0.2,0.199680708692336
20260840,28,500,15,3000,3000,3000,3000,"fast","control_informative",0.18,8,0.01,"","mtada_aggregated","pleiotropy","bfdr_power",0.2,0.4
20260840,28,500,15,3000,3000,3000,3000,"fast","control_informative",0.18,8,0.01,"","mtada_aggregated","pleiotropy","bfdr_discoveries",0.2,243
20260840,28,500,15,3000,3000,3000,3000,"fast","control_informative",0.18,8,0.01,"","mtada_aggregated","global","runtime_seconds",NA,0.728000000000065
20260840,28,500,15,3000,3000,3000,3000,"fast","control_informative",0.18,8,0.01,"","mtada_aggregated","pleiotropy","pi11_estimate",NA,0.00947372
20260841,29,500,15,3000,3000,3000,3000,"fast","control_informative",0.18,8,0.01,"","mirage_joint","trait1","auc",NA,0.73818947368421
20260841,29,500,15,3000,3000,3000,3000,"fast","control_informative",0.18,8,0.01,"","mirage_joint","trait2","auc",NA,0.722448979591837
20260841,29,500,15,3000,3000,3000,3000,"fast","control_informative",0.18,8,0.01,"","mirage_joint","pleiotropy","auc",NA,0.937373737373737
20260841,29,500,15,3000,3000,3000,3000,"fast","control_informative",0.18,8,0.01,"","mirage_joint","trait1","pp08_power",0.8,0.24
20260841,29,500,15,3000,3000,3000,3000,"fast","control_informative",0.18,8,0.01,"","mirage_joint","trait1","pp08_fdp",0.8,0
20260841,29,500,15,3000,3000,3000,3000,"fast","control_informative",0.18,8,0.01,"","mirage_joint","trait1","pp08_discoveries",0.8,6
20260841,29,500,15,3000,3000,3000,3000,"fast","control_informative",0.18,8,0.01,"","mirage_joint","trait2","pp08_power",0.8,0.3
20260841,29,500,15,3000,3000,3000,3000,"fast","control_informative",0.18,8,0.01,"","mirage_joint","trait2","pp08_fdp",0.8,0.5
20260841,29,500,15,3000,3000,3000,3000,"fast","control_informative",0.18,8,0.01,"","mirage_joint","trait2","pp08_discoveries",0.8,6
20260841,29,500,15,3000,3000,3000,3000,"fast","control_informative",0.18,8,0.01,"","mirage_joint","pleiotropy","pp08_power",0.8,0.6
20260841,29,500,15,3000,3000,3000,3000,"fast","control_informative",0.18,8,0.01,"","mirage_joint","pleiotropy","pp08_fdp",0.8,0.5
20260841,29,500,15,3000,3000,3000,3000,"fast","control_informative",0.18,8,0.01,"","mirage_joint","pleiotropy","pp08_discoveries",0.8,6
20260841,29,500,15,3000,3000,3000,3000,"fast","control_informative",0.18,8,0.01,"","mirage_joint","trait1","bfdr_observed_fdp",0.01,0
20260841,29,500,15,3000,3000,3000,3000,"fast","control_informative",0.18,8,0.01,"","mirage_joint","trait1","bfdr_estimate",0.01,0.00245030795746296
20260841,29,500,15,3000,3000,3000,3000,"fast","control_informative",0.18,8,0.01,"","mirage_joint","trait1","bfdr_power",0.01,0.24
20260841,29,500,15,3000,3000,3000,3000,"fast","control_informative",0.18,8,0.01,"","mirage_joint","trait1","bfdr_discoveries",0.01,6
20260841,29,500,15,3000,3000,3000,3000,"fast","control_informative",0.18,8,0.01,"","mirage_joint","trait1","bfdr_observed_fdp",0.05,0.142857142857143
20260841,29,500,15,3000,3000,3000,3000,"fast","control_informative",0.18,8,0.01,"","mirage_joint","trait1","bfdr_estimate",0.05,0.0437806480496161
20260841,29,500,15,3000,3000,3000,3000,"fast","control_informative",0.18,8,0.01,"","mirage_joint","trait1","bfdr_power",0.05,0.24
20260841,29,500,15,3000,3000,3000,3000,"fast","control_informative",0.18,8,0.01,"","mirage_joint","trait1","bfdr_discoveries",0.05,7
20260841,29,500,15,3000,3000,3000,3000,"fast","control_informative",0.18,8,0.01,"","mirage_joint","trait1","bfdr_observed_fdp",0.1,0.142857142857143
20260841,29,500,15,3000,3000,3000,3000,"fast","control_informative",0.18,8,0.01,"","mirage_joint","trait1","bfdr_estimate",0.1,0.0437806480496161
20260841,29,500,15,3000,3000,3000,3000,"fast","control_informative",0.18,8,0.01,"","mirage_joint","trait1","bfdr_power",0.1,0.24
20260841,29,500,15,3000,3000,3000,3000,"fast","control_informative",0.18,8,0.01,"","mirage_joint","trait1","bfdr_discoveries",0.1,7
20260841,29,500,15,3000,3000,3000,3000,"fast","control_informative",0.18,8,0.01,"","mirage_joint","trait1","bfdr_observed_fdp",0.2,0.333333333333333
20260841,29,500,15,3000,3000,3000,3000,"fast","control_informative",0.18,8,0.01,"","mirage_joint","trait1","bfdr_estimate",0.2,0.161688600521325
20260841,29,500,15,3000,3000,3000,3000,"fast","control_informative",0.18,8,0.01,"","mirage_joint","trait1","bfdr_power",0.2,0.24
20260841,29,500,15,3000,3000,3000,3000,"fast","control_informative",0.18,8,0.01,"","mirage_joint","trait1","bfdr_discoveries",0.2,9
20260841,29,500,15,3000,3000,3000,3000,"fast","control_informative",0.18,8,0.01,"","mirage_joint","trait2","bfdr_observed_fdp",0.01,0.333333333333333
20260841,29,500,15,3000,3000,3000,3000,"fast","control_informative",0.18,8,0.01,"","mirage_joint","trait2","bfdr_estimate",0.01,0.00843523272216573
20260841,29,500,15,3000,3000,3000,3000,"fast","control_informative",0.18,8,0.01,"","mirage_joint","trait2","bfdr_power",0.01,0.2
20260841,29,500,15,3000,3000,3000,3000,"fast","control_informative",0.18,8,0.01,"","mirage_joint","trait2","bfdr_discoveries",0.01,3
20260841,29,500,15,3000,3000,3000,3000,"fast","control_informative",0.18,8,0.01,"","mirage_joint","trait2","bfdr_observed_fdp",0.05,0.5
20260841,29,500,15,3000,3000,3000,3000,"fast","control_informative",0.18,8,0.01,"","mirage_joint","trait2","bfdr_estimate",0.05,0.0325451870473984
20260841,29,500,15,3000,3000,3000,3000,"fast","control_informative",0.18,8,0.01,"","mirage_joint","trait2","bfdr_power",0.05,0.3
20260841,29,500,15,3000,3000,3000,3000,"fast","control_informative",0.18,8,0.01,"","mirage_joint","trait2","bfdr_discoveries",0.05,6
20260841,29,500,15,3000,3000,3000,3000,"fast","control_informative",0.18,8,0.01,"","mirage_joint","trait2","bfdr_observed_fdp",0.1,0.571428571428571
20260841,29,500,15,3000,3000,3000,3000,"fast","control_informative",0.18,8,0.01,"","mirage_joint","trait2","bfdr_estimate",0.1,0.0751838231083314
20260841,29,500,15,3000,3000,3000,3000,"fast","control_informative",0.18,8,0.01,"","mirage_joint","trait2","bfdr_power",0.1,0.3
20260841,29,500,15,3000,3000,3000,3000,"fast","control_informative",0.18,8,0.01,"","mirage_joint","trait2","bfdr_discoveries",0.1,7
20260841,29,500,15,3000,3000,3000,3000,"fast","control_informative",0.18,8,0.01,"","mirage_joint","trait2","bfdr_observed_fdp",0.2,0.666666666666667
20260841,29,500,15,3000,3000,3000,3000,"fast","control_informative",0.18,8,0.01,"","mirage_joint","trait2","bfdr_estimate",0.2,0.192806174729751
20260841,29,500,15,3000,3000,3000,3000,"fast","control_informative",0.18,8,0.01,"","mirage_joint","trait2","bfdr_power",0.2,0.3
20260841,29,500,15,3000,3000,3000,3000,"fast","control_informative",0.18,8,0.01,"","mirage_joint","trait2","bfdr_discoveries",0.2,9
20260841,29,500,15,3000,3000,3000,3000,"fast","control_informative",0.18,8,0.01,"","mirage_joint","pleiotropy","bfdr_observed_fdp",0.01,0.333333333333333
20260841,29,500,15,3000,3000,3000,3000,"fast","control_informative",0.18,8,0.01,"","mirage_joint","pleiotropy","bfdr_estimate",0.01,0.00843594106445881
20260841,29,500,15,3000,3000,3000,3000,"fast","control_informative",0.18,8,0.01,"","mirage_joint","pleiotropy","bfdr_power",0.01,0.4
20260841,29,500,15,3000,3000,3000,3000,"fast","control_informative",0.18,8,0.01,"","mirage_joint","pleiotropy","bfdr_discoveries",0.01,3
20260841,29,500,15,3000,3000,3000,3000,"fast","control_informative",0.18,8,0.01,"","mirage_joint","pleiotropy","bfdr_observed_fdp",0.05,0.5
20260841,29,500,15,3000,3000,3000,3000,"fast","control_informative",0.18,8,0.01,"","mirage_joint","pleiotropy","bfdr_estimate",0.05,0.0325455445166793
20260841,29,500,15,3000,3000,3000,3000,"fast","control_informative",0.18,8,0.01,"","mirage_joint","pleiotropy","bfdr_power",0.05,0.6
20260841,29,500,15,3000,3000,3000,3000,"fast","control_informative",0.18,8,0.01,"","mirage_joint","pleiotropy","bfdr_discoveries",0.05,6
20260841,29,500,15,3000,3000,3000,3000,"fast","control_informative",0.18,8,0.01,"","mirage_joint","pleiotropy","bfdr_observed_fdp",0.1,0.571428571428571
20260841,29,500,15,3000,3000,3000,3000,"fast","control_informative",0.18,8,0.01,"","mirage_joint","pleiotropy","bfdr_estimate",0.1,0.0751842107078262
20260841,29,500,15,3000,3000,3000,3000,"fast","control_informative",0.18,8,0.01,"","mirage_joint","pleiotropy","bfdr_power",0.1,0.6
20260841,29,500,15,3000,3000,3000,3000,"fast","control_informative",0.18,8,0.01,"","mirage_joint","pleiotropy","bfdr_discoveries",0.1,7
20260841,29,500,15,3000,3000,3000,3000,"fast","control_informative",0.18,8,0.01,"","mirage_joint","pleiotropy","bfdr_observed_fdp",0.2,0.666666666666667
20260841,29,500,15,3000,3000,3000,3000,"fast","control_informative",0.18,8,0.01,"","mirage_joint","pleiotropy","bfdr_estimate",0.2,0.192806664287097
20260841,29,500,15,3000,3000,3000,3000,"fast","control_informative",0.18,8,0.01,"","mirage_joint","pleiotropy","bfdr_power",0.2,0.6
20260841,29,500,15,3000,3000,3000,3000,"fast","control_informative",0.18,8,0.01,"","mirage_joint","pleiotropy","bfdr_discoveries",0.2,9
20260841,29,500,15,3000,3000,3000,3000,"fast","control_informative",0.18,8,0.01,"","mirage_joint","global","runtime_seconds",NA,18.2429999999999
20260841,29,500,15,3000,3000,3000,3000,"fast","control_informative",0.18,8,0.01,"","mirage_joint","pleiotropy","pi11_estimate",NA,0.0571483343786312
20260841,29,500,15,3000,3000,3000,3000,"fast","control_informative",0.18,8,0.01,"","separate_mirage","trait1","auc",NA,0.786021052631579
20260841,29,500,15,3000,3000,3000,3000,"fast","control_informative",0.18,8,0.01,"","separate_mirage","trait2","auc",NA,0.697755102040816
20260841,29,500,15,3000,3000,3000,3000,"fast","control_informative",0.18,8,0.01,"","separate_mirage","pleiotropy","auc",NA,0.928484848484848
20260841,29,500,15,3000,3000,3000,3000,"fast","control_informative",0.18,8,0.01,"","separate_mirage","trait1","pp08_power",0.8,0.2
20260841,29,500,15,3000,3000,3000,3000,"fast","control_informative",0.18,8,0.01,"","separate_mirage","trait1","pp08_fdp",0.8,0
20260841,29,500,15,3000,3000,3000,3000,"fast","control_informative",0.18,8,0.01,"","separate_mirage","trait1","pp08_discoveries",0.8,5
20260841,29,500,15,3000,3000,3000,3000,"fast","control_informative",0.18,8,0.01,"","separate_mirage","trait2","pp08_power",0.8,0.1
20260841,29,500,15,3000,3000,3000,3000,"fast","control_informative",0.18,8,0.01,"","separate_mirage","trait2","pp08_fdp",0.8,0
20260841,29,500,15,3000,3000,3000,3000,"fast","control_informative",0.18,8,0.01,"","separate_mirage","trait2","pp08_discoveries",0.8,1
20260841,29,500,15,3000,3000,3000,3000,"fast","control_informative",0.18,8,0.01,"","separate_mirage","pleiotropy","pp08_power",0.8,0
20260841,29,500,15,3000,3000,3000,3000,"fast","control_informative",0.18,8,0.01,"","separate_mirage","pleiotropy","pp08_fdp",0.8,0
20260841,29,500,15,3000,3000,3000,3000,"fast","control_informative",0.18,8,0.01,"","separate_mirage","pleiotropy","pp08_discoveries",0.8,0
20260841,29,500,15,3000,3000,3000,3000,"fast","control_informative",0.18,8,0.01,"","separate_mirage","trait1","bfdr_observed_fdp",0.01,0
20260841,29,500,15,3000,3000,3000,3000,"fast","control_informative",0.18,8,0.01,"","separate_mirage","trait1","bfdr_estimate",0.01,0.00278570930454112
20260841,29,500,15,3000,3000,3000,3000,"fast","control_informative",0.18,8,0.01,"","separate_mirage","trait1","bfdr_power",0.01,0.2
20260841,29,500,15,3000,3000,3000,3000,"fast","control_informative",0.18,8,0.01,"","separate_mirage","trait1","bfdr_discoveries",0.01,5
20260841,29,500,15,3000,3000,3000,3000,"fast","control_informative",0.18,8,0.01,"","separate_mirage","trait1","bfdr_observed_fdp",0.05,0.166666666666667
20260841,29,500,15,3000,3000,3000,3000,"fast","control_informative",0.18,8,0.01,"","separate_mirage","trait1","bfdr_estimate",0.05,0.0490436474131086
20260841,29,500,15,3000,3000,3000,3000,"fast","control_informative",0.18,8,0.01,"","separate_mirage","trait1","bfdr_power",0.05,0.2
20260841,29,500,15,3000,3000,3000,3000,"fast","control_informative",0.18,8,0.01,"","separate_mirage","trait1","bfdr_discoveries",0.05,6
20260841,29,500,15,3000,3000,3000,3000,"fast","control_informative",0.18,8,0.01,"","separate_mirage","trait1","bfdr_observed_fdp",0.1,0.166666666666667
20260841,29,500,15,3000,3000,3000,3000,"fast","control_informative",0.18,8,0.01,"","separate_mirage","trait1","bfdr_estimate",0.1,0.0490436474131086
20260841,29,500,15,3000,3000,3000,3000,"fast","control_informative",0.18,8,0.01,"","separate_mirage","trait1","bfdr_power",0.1,0.2
20260841,29,500,15,3000,3000,3000,3000,"fast","control_informative",0.18,8,0.01,"","separate_mirage","trait1","bfdr_discoveries",0.1,6
20260841,29,500,15,3000,3000,3000,3000,"fast","control_informative",0.18,8,0.01,"","separate_mirage","trait1","bfdr_observed_fdp",0.2,0.375
20260841,29,500,15,3000,3000,3000,3000,"fast","control_informative",0.18,8,0.01,"","separate_mirage","trait1","bfdr_estimate",0.2,0.164185399338011
20260841,29,500,15,3000,3000,3000,3000,"fast","control_informative",0.18,8,0.01,"","separate_mirage","trait1","bfdr_power",0.2,0.2
20260841,29,500,15,3000,3000,3000,3000,"fast","control_informative",0.18,8,0.01,"","separate_mirage","trait1","bfdr_discoveries",0.2,8
20260841,29,500,15,3000,3000,3000,3000,"fast","control_informative",0.18,8,0.01,"","separate_mirage","trait2","bfdr_observed_fdp",0.01,0
20260841,29,500,15,3000,3000,3000,3000,"fast","control_informative",0.18,8,0.01,"","separate_mirage","trait2","bfdr_estimate",0.01,1.63666619001912e-06
20260841,29,500,15,3000,3000,3000,3000,"fast","control_informative",0.18,8,0.01,"","separate_mirage","trait2","bfdr_power",0.01,0.1
20260841,29,500,15,3000,3000,3000,3000,"fast","control_informative",0.18,8,0.01,"","separate_mirage","trait2","bfdr_discoveries",0.01,1
20260841,29,500,15,3000,3000,3000,3000,"fast","control_informative",0.18,8,0.01,"","separate_mirage","trait2","bfdr_observed_fdp",0.05,0
20260841,29,500,15,3000,3000,3000,3000,"fast","control_informative",0.18,8,0.01,"","separate_mirage","trait2","bfdr_estimate",0.05,1.63666619001912e-06
20260841,29,500,15,3000,3000,3000,3000,"fast","control_informative",0.18,8,0.01,"","separate_mirage","trait2","bfdr_power",0.05,0.1
20260841,29,500,15,3000,3000,3000,3000,"fast","control_informative",0.18,8,0.01,"","separate_mirage","trait2","bfdr_discoveries",0.05,1
20260841,29,500,15,3000,3000,3000,3000,"fast","control_informative",0.18,8,0.01,"","separate_mirage","trait2","bfdr_observed_fdp",0.1,0
20260841,29,500,15,3000,3000,3000,3000,"fast","control_informative",0.18,8,0.01,"","separate_mirage","trait2","bfdr_estimate",0.1,1.63666619001912e-06
20260841,29,500,15,3000,3000,3000,3000,"fast","control_informative",0.18,8,0.01,"","separate_mirage","trait2","bfdr_power",0.1,0.1
20260841,29,500,15,3000,3000,3000,3000,"fast","control_informative",0.18,8,0.01,"","separate_mirage","trait2","bfdr_discoveries",0.1,1
20260841,29,500,15,3000,3000,3000,3000,"fast","control_informative",0.18,8,0.01,"","separate_mirage","trait2","bfdr_observed_fdp",0.2,0
20260841,29,500,15,3000,3000,3000,3000,"fast","control_informative",0.18,8,0.01,"","separate_mirage","trait2","bfdr_estimate",0.2,1.63666619001912e-06
20260841,29,500,15,3000,3000,3000,3000,"fast","control_informative",0.18,8,0.01,"","separate_mirage","trait2","bfdr_power",0.2,0.1
20260841,29,500,15,3000,3000,3000,3000,"fast","control_informative",0.18,8,0.01,"","separate_mirage","trait2","bfdr_discoveries",0.2,1
20260841,29,500,15,3000,3000,3000,3000,"fast","control_informative",0.18,8,0.01,"","separate_mirage","pleiotropy","bfdr_observed_fdp",0.01,0
20260841,29,500,15,3000,3000,3000,3000,"fast","control_informative",0.18,8,0.01,"","separate_mirage","pleiotropy","bfdr_estimate",0.01,0
20260841,29,500,15,3000,3000,3000,3000,"fast","control_informative",0.18,8,0.01,"","separate_mirage","pleiotropy","bfdr_power",0.01,0
20260841,29,500,15,3000,3000,3000,3000,"fast","control_informative",0.18,8,0.01,"","separate_mirage","pleiotropy","bfdr_discoveries",0.01,0
20260841,29,500,15,3000,3000,3000,3000,"fast","control_informative",0.18,8,0.01,"","separate_mirage","pleiotropy","bfdr_observed_fdp",0.05,0
20260841,29,500,15,3000,3000,3000,3000,"fast","control_informative",0.18,8,0.01,"","separate_mirage","pleiotropy","bfdr_estimate",0.05,0
20260841,29,500,15,3000,3000,3000,3000,"fast","control_informative",0.18,8,0.01,"","separate_mirage","pleiotropy","bfdr_power",0.05,0
20260841,29,500,15,3000,3000,3000,3000,"fast","control_informative",0.18,8,0.01,"","separate_mirage","pleiotropy","bfdr_discoveries",0.05,0
20260841,29,500,15,3000,3000,3000,3000,"fast","control_informative",0.18,8,0.01,"","separate_mirage","pleiotropy","bfdr_observed_fdp",0.1,0
20260841,29,500,15,3000,3000,3000,3000,"fast","control_informative",0.18,8,0.01,"","separate_mirage","pleiotropy","bfdr_estimate",0.1,0
20260841,29,500,15,3000,3000,3000,3000,"fast","control_informative",0.18,8,0.01,"","separate_mirage","pleiotropy","bfdr_power",0.1,0
20260841,29,500,15,3000,3000,3000,3000,"fast","control_informative",0.18,8,0.01,"","separate_mirage","pleiotropy","bfdr_discoveries",0.1,0
20260841,29,500,15,3000,3000,3000,3000,"fast","control_informative",0.18,8,0.01,"","separate_mirage","pleiotropy","bfdr_observed_fdp",0.2,0
20260841,29,500,15,3000,3000,3000,3000,"fast","control_informative",0.18,8,0.01,"","separate_mirage","pleiotropy","bfdr_estimate",0.2,0
20260841,29,500,15,3000,3000,3000,3000,"fast","control_informative",0.18,8,0.01,"","separate_mirage","pleiotropy","bfdr_power",0.2,0
20260841,29,500,15,3000,3000,3000,3000,"fast","control_informative",0.18,8,0.01,"","separate_mirage","pleiotropy","bfdr_discoveries",0.2,0
20260841,29,500,15,3000,3000,3000,3000,"fast","control_informative",0.18,8,0.01,"","separate_mirage","global","runtime_seconds",NA,18.222
20260841,29,500,15,3000,3000,3000,3000,"fast","control_informative",0.18,8,0.01,"","separate_mirage","pleiotropy","pi11_estimate",NA,0.001
20260841,29,500,15,3000,3000,3000,3000,"fast","control_informative",0.18,8,0.01,"","mtada_aggregated","trait1","auc",NA,0.568252631578947
20260841,29,500,15,3000,3000,3000,3000,"fast","control_informative",0.18,8,0.01,"","mtada_aggregated","trait2","auc",NA,0.55030612244898
20260841,29,500,15,3000,3000,3000,3000,"fast","control_informative",0.18,8,0.01,"","mtada_aggregated","pleiotropy","auc",NA,0.666262626262626
20260841,29,500,15,3000,3000,3000,3000,"fast","control_informative",0.18,8,0.01,"","mtada_aggregated","trait1","pp08_power",0.8,0.56
20260841,29,500,15,3000,3000,3000,3000,"fast","control_informative",0.18,8,0.01,"","mtada_aggregated","trait1","pp08_fdp",0.8,0.946768060836502
20260841,29,500,15,3000,3000,3000,3000,"fast","control_informative",0.18,8,0.01,"","mtada_aggregated","trait1","pp08_discoveries",0.8,263
20260841,29,500,15,3000,3000,3000,3000,"fast","control_informative",0.18,8,0.01,"","mtada_aggregated","trait2","pp08_power",0.8,0.6
20260841,29,500,15,3000,3000,3000,3000,"fast","control_informative",0.18,8,0.01,"","mtada_aggregated","trait2","pp08_fdp",0.8,0.97609561752988
20260841,29,500,15,3000,3000,3000,3000,"fast","control_informative",0.18,8,0.01,"","mtada_aggregated","trait2","pp08_discoveries",0.8,251
20260841,29,500,15,3000,3000,3000,3000,"fast","control_informative",0.18,8,0.01,"","mtada_aggregated","pleiotropy","pp08_power",0.8,0.6
20260841,29,500,15,3000,3000,3000,3000,"fast","control_informative",0.18,8,0.01,"","mtada_aggregated","pleiotropy","pp08_fdp",0.8,0.980392156862745
20260841,29,500,15,3000,3000,3000,3000,"fast","control_informative",0.18,8,0.01,"","mtada_aggregated","pleiotropy","pp08_discoveries",0.8,153
20260841,29,500,15,3000,3000,3000,3000,"fast","control_informative",0.18,8,0.01,"","mtada_aggregated","trait1","bfdr_observed_fdp",0.01,0.946564885496183
20260841,29,500,15,3000,3000,3000,3000,"fast","control_informative",0.18,8,0.01,"","mtada_aggregated","trait1","bfdr_estimate",0.01,0.00948200499075325
20260841,29,500,15,3000,3000,3000,3000,"fast","control_informative",0.18,8,0.01,"","mtada_aggregated","trait1","bfdr_power",0.01,0.56
20260841,29,500,15,3000,3000,3000,3000,"fast","control_informative",0.18,8,0.01,"","mtada_aggregated","trait1","bfdr_discoveries",0.01,262
20260841,29,500,15,3000,3000,3000,3000,"fast","control_informative",0.18,8,0.01,"","mtada_aggregated","trait1","bfdr_observed_fdp",0.05,0.944827586206897
20260841,29,500,15,3000,3000,3000,3000,"fast","control_informative",0.18,8,0.01,"","mtada_aggregated","trait1","bfdr_estimate",0.05,0.0485874955842536
20260841,29,500,15,3000,3000,3000,3000,"fast","control_informative",0.18,8,0.01,"","mtada_aggregated","trait1","bfdr_power",0.05,0.64
20260841,29,500,15,3000,3000,3000,3000,"fast","control_informative",0.18,8,0.01,"","mtada_aggregated","trait1","bfdr_discoveries",0.05,290
20260841,29,500,15,3000,3000,3000,3000,"fast","control_informative",0.18,8,0.01,"","mtada_aggregated","trait1","bfdr_observed_fdp",0.1,0.942492012779553
20260841,29,500,15,3000,3000,3000,3000,"fast","control_informative",0.18,8,0.01,"","mtada_aggregated","trait1","bfdr_estimate",0.1,0.0997051982670587
20260841,29,500,15,3000,3000,3000,3000,"fast","control_informative",0.18,8,0.01,"","mtada_aggregated","trait1","bfdr_power",0.1,0.72
20260841,29,500,15,3000,3000,3000,3000,"fast","control_informative",0.18,8,0.01,"","mtada_aggregated","trait1","bfdr_discoveries",0.1,313
20260841,29,500,15,3000,3000,3000,3000,"fast","control_informative",0.18,8,0.01,"","mtada_aggregated","trait1","bfdr_observed_fdp",0.2,0.946927374301676
20260841,29,500,15,3000,3000,3000,3000,"fast","control_informative",0.18,8,0.01,"","mtada_aggregated","trait1","bfdr_estimate",0.2,0.199724741982179
20260841,29,500,15,3000,3000,3000,3000,"fast","control_informative",0.18,8,0.01,"","mtada_aggregated","trait1","bfdr_power",0.2,0.76
20260841,29,500,15,3000,3000,3000,3000,"fast","control_informative",0.18,8,0.01,"","mtada_aggregated","trait1","bfdr_discoveries",0.2,358
20260841,29,500,15,3000,3000,3000,3000,"fast","control_informative",0.18,8,0.01,"","mtada_aggregated","trait2","bfdr_observed_fdp",0.01,0.976190476190476
20260841,29,500,15,3000,3000,3000,3000,"fast","control_informative",0.18,8,0.01,"","mtada_aggregated","trait2","bfdr_estimate",0.01,0.00939920457613443
20260841,29,500,15,3000,3000,3000,3000,"fast","control_informative",0.18,8,0.01,"","mtada_aggregated","trait2","bfdr_power",0.01,0.6
20260841,29,500,15,3000,3000,3000,3000,"fast","control_informative",0.18,8,0.01,"","mtada_aggregated","trait2","bfdr_discoveries",0.01,252
20260841,29,500,15,3000,3000,3000,3000,"fast","control_informative",0.18,8,0.01,"","mtada_aggregated","trait2","bfdr_observed_fdp",0.05,0.978260869565217
20260841,29,500,15,3000,3000,3000,3000,"fast","control_informative",0.18,8,0.01,"","mtada_aggregated","trait2","bfdr_estimate",0.05,0.0486638808815336
20260841,29,500,15,3000,3000,3000,3000,"fast","control_informative",0.18,8,0.01,"","mtada_aggregated","trait2","bfdr_power",0.05,0.6
20260841,29,500,15,3000,3000,3000,3000,"fast","control_informative",0.18,8,0.01,"","mtada_aggregated","trait2","bfdr_discoveries",0.05,276
20260841,29,500,15,3000,3000,3000,3000,"fast","control_informative",0.18,8,0.01,"","mtada_aggregated","trait2","bfdr_observed_fdp",0.1,0.97979797979798
20260841,29,500,15,3000,3000,3000,3000,"fast","control_informative",0.18,8,0.01,"","mtada_aggregated","trait2","bfdr_estimate",0.1,0.0978801367333524
20260841,29,500,15,3000,3000,3000,3000,"fast","control_informative",0.18,8,0.01,"","mtada_aggregated","trait2","bfdr_power",0.1,0.6
20260841,29,500,15,3000,3000,3000,3000,"fast","control_informative",0.18,8,0.01,"","mtada_aggregated","trait2","bfdr_discoveries",0.1,297
20260841,29,500,15,3000,3000,3000,3000,"fast","control_informative",0.18,8,0.01,"","mtada_aggregated","trait2","bfdr_observed_fdp",0.2,0.979351032448378
20260841,29,500,15,3000,3000,3000,3000,"fast","control_informative",0.18,8,0.01,"","mtada_aggregated","trait2","bfdr_estimate",0.2,0.199530353431253
20260841,29,500,15,3000,3000,3000,3000,"fast","control_informative",0.18,8,0.01,"","mtada_aggregated","trait2","bfdr_power",0.2,0.7
20260841,29,500,15,3000,3000,3000,3000,"fast","control_informative",0.18,8,0.01,"","mtada_aggregated","trait2","bfdr_discoveries",0.2,339
20260841,29,500,15,3000,3000,3000,3000,"fast","control_informative",0.18,8,0.01,"","mtada_aggregated","pleiotropy","bfdr_observed_fdp",0.01,0.979452054794521
20260841,29,500,15,3000,3000,3000,3000,"fast","control_informative",0.18,8,0.01,"","mtada_aggregated","pleiotropy","bfdr_estimate",0.01,0.0098929599032411
20260841,29,500,15,3000,3000,3000,3000,"fast","control_informative",0.18,8,0.01,"","mtada_aggregated","pleiotropy","bfdr_power",0.01,0.6
20260841,29,500,15,3000,3000,3000,3000,"fast","control_informative",0.18,8,0.01,"","mtada_aggregated","pleiotropy","bfdr_discoveries",0.01,146
20260841,29,500,15,3000,3000,3000,3000,"fast","control_informative",0.18,8,0.01,"","mtada_aggregated","pleiotropy","bfdr_observed_fdp",0.05,0.982142857142857
20260841,29,500,15,3000,3000,3000,3000,"fast","control_informative",0.18,8,0.01,"","mtada_aggregated","pleiotropy","bfdr_estimate",0.05,0.0494092247992502
20260841,29,500,15,3000,3000,3000,3000,"fast","control_informative",0.18,8,0.01,"","mtada_aggregated","pleiotropy","bfdr_power",0.05,0.6
20260841,29,500,15,3000,3000,3000,3000,"fast","control_informative",0.18,8,0.01,"","mtada_aggregated","pleiotropy","bfdr_discoveries",0.05,168
20260841,29,500,15,3000,3000,3000,3000,"fast","control_informative",0.18,8,0.01,"","mtada_aggregated","pleiotropy","bfdr_observed_fdp",0.1,0.983695652173913
20260841,29,500,15,3000,3000,3000,3000,"fast","control_informative",0.18,8,0.01,"","mtada_aggregated","pleiotropy","bfdr_estimate",0.1,0.0984615369858983
20260841,29,500,15,3000,3000,3000,3000,"fast","control_informative",0.18,8,0.01,"","mtada_aggregated","pleiotropy","bfdr_power",0.1,0.6
20260841,29,500,15,3000,3000,3000,3000,"fast","control_informative",0.18,8,0.01,"","mtada_aggregated","pleiotropy","bfdr_discoveries",0.1,184
20260841,29,500,15,3000,3000,3000,3000,"fast","control_informative",0.18,8,0.01,"","mtada_aggregated","pleiotropy","bfdr_observed_fdp",0.2,0.986046511627907
20260841,29,500,15,3000,3000,3000,3000,"fast","control_informative",0.18,8,0.01,"","mtada_aggregated","pleiotropy","bfdr_estimate",0.2,0.197024046468719
20260841,29,500,15,3000,3000,3000,3000,"fast","control_informative",0.18,8,0.01,"","mtada_aggregated","pleiotropy","bfdr_power",0.2,0.6
20260841,29,500,15,3000,3000,3000,3000,"fast","control_informative",0.18,8,0.01,"","mtada_aggregated","pleiotropy","bfdr_discoveries",0.2,215
20260841,29,500,15,3000,3000,3000,3000,"fast","control_informative",0.18,8,0.01,"","mtada_aggregated","global","runtime_seconds",NA,0.832000000000107
20260841,29,500,15,3000,3000,3000,3000,"fast","control_informative",0.18,8,0.01,"","mtada_aggregated","pleiotropy","pi11_estimate",NA,0.00826854
20260842,30,500,15,3000,3000,3000,3000,"fast","control_informative",0.18,8,0.01,"","mirage_joint","trait1","auc",NA,0.735073684210526
20260842,30,500,15,3000,3000,3000,3000,"fast","control_informative",0.18,8,0.01,"","mirage_joint","trait2","auc",NA,0.694285714285714
20260842,30,500,15,3000,3000,3000,3000,"fast","control_informative",0.18,8,0.01,"","mirage_joint","pleiotropy","auc",NA,0.800808080808081
20260842,30,500,15,3000,3000,3000,3000,"fast","control_informative",0.18,8,0.01,"","mirage_joint","trait1","pp08_power",0.8,0.24
20260842,30,500,15,3000,3000,3000,3000,"fast","control_informative",0.18,8,0.01,"","mirage_joint","trait1","pp08_fdp",0.8,0
20260842,30,500,15,3000,3000,3000,3000,"fast","control_informative",0.18,8,0.01,"","mirage_joint","trait1","pp08_discoveries",0.8,6
20260842,30,500,15,3000,3000,3000,3000,"fast","control_informative",0.18,8,0.01,"","mirage_joint","trait2","pp08_power",0.8,0
20260842,30,500,15,3000,3000,3000,3000,"fast","control_informative",0.18,8,0.01,"","mirage_joint","trait2","pp08_fdp",0.8,0
20260842,30,500,15,3000,3000,3000,3000,"fast","control_informative",0.18,8,0.01,"","mirage_joint","trait2","pp08_discoveries",0.8,0
20260842,30,500,15,3000,3000,3000,3000,"fast","control_informative",0.18,8,0.01,"","mirage_joint","pleiotropy","pp08_power",0.8,0
20260842,30,500,15,3000,3000,3000,3000,"fast","control_informative",0.18,8,0.01,"","mirage_joint","pleiotropy","pp08_fdp",0.8,0
20260842,30,500,15,3000,3000,3000,3000,"fast","control_informative",0.18,8,0.01,"","mirage_joint","pleiotropy","pp08_discoveries",0.8,0
20260842,30,500,15,3000,3000,3000,3000,"fast","control_informative",0.18,8,0.01,"","mirage_joint","trait1","bfdr_observed_fdp",0.01,0
20260842,30,500,15,3000,3000,3000,3000,"fast","control_informative",0.18,8,0.01,"","mirage_joint","trait1","bfdr_estimate",0.01,0.00670738151670032
20260842,30,500,15,3000,3000,3000,3000,"fast","control_informative",0.18,8,0.01,"","mirage_joint","trait1","bfdr_power",0.01,0.12
20260842,30,500,15,3000,3000,3000,3000,"fast","control_informative",0.18,8,0.01,"","mirage_joint","trait1","bfdr_discoveries",0.01,3
20260842,30,500,15,3000,3000,3000,3000,"fast","control_informative",0.18,8,0.01,"","mirage_joint","trait1","bfdr_observed_fdp",0.05,0
20260842,30,500,15,3000,3000,3000,3000,"fast","control_informative",0.18,8,0.01,"","mirage_joint","trait1","bfdr_estimate",0.05,0.0290315490153961
20260842,30,500,15,3000,3000,3000,3000,"fast","control_informative",0.18,8,0.01,"","mirage_joint","trait1","bfdr_power",0.05,0.24
20260842,30,500,15,3000,3000,3000,3000,"fast","control_informative",0.18,8,0.01,"","mirage_joint","trait1","bfdr_discoveries",0.05,6
20260842,30,500,15,3000,3000,3000,3000,"fast","control_informative",0.18,8,0.01,"","mirage_joint","trait1","bfdr_observed_fdp",0.1,0.142857142857143
20260842,30,500,15,3000,3000,3000,3000,"fast","control_informative",0.18,8,0.01,"","mirage_joint","trait1","bfdr_estimate",0.1,0.0677630999459968
20260842,30,500,15,3000,3000,3000,3000,"fast","control_informative",0.18,8,0.01,"","mirage_joint","trait1","bfdr_power",0.1,0.24
20260842,30,500,15,3000,3000,3000,3000,"fast","control_informative",0.18,8,0.01,"","mirage_joint","trait1","bfdr_discoveries",0.1,7
20260842,30,500,15,3000,3000,3000,3000,"fast","control_informative",0.18,8,0.01,"","mirage_joint","trait1","bfdr_observed_fdp",0.2,0.25
20260842,30,500,15,3000,3000,3000,3000,"fast","control_informative",0.18,8,0.01,"","mirage_joint","trait1","bfdr_estimate",0.2,0.140705844504692
20260842,30,500,15,3000,3000,3000,3000,"fast","control_informative",0.18,8,0.01,"","mirage_joint","trait1","bfdr_power",0.2,0.24
20260842,30,500,15,3000,3000,3000,3000,"fast","control_informative",0.18,8,0.01,"","mirage_joint","trait1","bfdr_discoveries",0.2,8
20260842,30,500,15,3000,3000,3000,3000,"fast","control_informative",0.18,8,0.01,"","mirage_joint","trait2","bfdr_observed_fdp",0.01,0
20260842,30,500,15,3000,3000,3000,3000,"fast","control_informative",0.18,8,0.01,"","mirage_joint","trait2","bfdr_estimate",0.01,0
20260842,30,500,15,3000,3000,3000,3000,"fast","control_informative",0.18,8,0.01,"","mirage_joint","trait2","bfdr_power",0.01,0
20260842,30,500,15,3000,3000,3000,3000,"fast","control_informative",0.18,8,0.01,"","mirage_joint","trait2","bfdr_discoveries",0.01,0
20260842,30,500,15,3000,3000,3000,3000,"fast","control_informative",0.18,8,0.01,"","mirage_joint","trait2","bfdr_observed_fdp",0.05,0
20260842,30,500,15,3000,3000,3000,3000,"fast","control_informative",0.18,8,0.01,"","mirage_joint","trait2","bfdr_estimate",0.05,0
20260842,30,500,15,3000,3000,3000,3000,"fast","control_informative",0.18,8,0.01,"","mirage_joint","trait2","bfdr_power",0.05,0
20260842,30,500,15,3000,3000,3000,3000,"fast","control_informative",0.18,8,0.01,"","mirage_joint","trait2","bfdr_discoveries",0.05,0
20260842,30,500,15,3000,3000,3000,3000,"fast","control_informative",0.18,8,0.01,"","mirage_joint","trait2","bfdr_observed_fdp",0.1,0
20260842,30,500,15,3000,3000,3000,3000,"fast","control_informative",0.18,8,0.01,"","mirage_joint","trait2","bfdr_estimate",0.1,0
20260842,30,500,15,3000,3000,3000,3000,"fast","control_informative",0.18,8,0.01,"","mirage_joint","trait2","bfdr_power",0.1,0
20260842,30,500,15,3000,3000,3000,3000,"fast","control_informative",0.18,8,0.01,"","mirage_joint","trait2","bfdr_discoveries",0.1,0
20260842,30,500,15,3000,3000,3000,3000,"fast","control_informative",0.18,8,0.01,"","mirage_joint","trait2","bfdr_observed_fdp",0.2,0
20260842,30,500,15,3000,3000,3000,3000,"fast","control_informative",0.18,8,0.01,"","mirage_joint","trait2","bfdr_estimate",0.2,0
20260842,30,500,15,3000,3000,3000,3000,"fast","control_informative",0.18,8,0.01,"","mirage_joint","trait2","bfdr_power",0.2,0
20260842,30,500,15,3000,3000,3000,3000,"fast","control_informative",0.18,8,0.01,"","mirage_joint","trait2","bfdr_discoveries",0.2,0
20260842,30,500,15,3000,3000,3000,3000,"fast","control_informative",0.18,8,0.01,"","mirage_joint","pleiotropy","bfdr_observed_fdp",0.01,0
20260842,30,500,15,3000,3000,3000,3000,"fast","control_informative",0.18,8,0.01,"","mirage_joint","pleiotropy","bfdr_estimate",0.01,0
20260842,30,500,15,3000,3000,3000,3000,"fast","control_informative",0.18,8,0.01,"","mirage_joint","pleiotropy","bfdr_power",0.01,0
20260842,30,500,15,3000,3000,3000,3000,"fast","control_informative",0.18,8,0.01,"","mirage_joint","pleiotropy","bfdr_discoveries",0.01,0
20260842,30,500,15,3000,3000,3000,3000,"fast","control_informative",0.18,8,0.01,"","mirage_joint","pleiotropy","bfdr_observed_fdp",0.05,0
20260842,30,500,15,3000,3000,3000,3000,"fast","control_informative",0.18,8,0.01,"","mirage_joint","pleiotropy","bfdr_estimate",0.05,0
20260842,30,500,15,3000,3000,3000,3000,"fast","control_informative",0.18,8,0.01,"","mirage_joint","pleiotropy","bfdr_power",0.05,0
20260842,30,500,15,3000,3000,3000,3000,"fast","control_informative",0.18,8,0.01,"","mirage_joint","pleiotropy","bfdr_discoveries",0.05,0
20260842,30,500,15,3000,3000,3000,3000,"fast","control_informative",0.18,8,0.01,"","mirage_joint","pleiotropy","bfdr_observed_fdp",0.1,0
20260842,30,500,15,3000,3000,3000,3000,"fast","control_informative",0.18,8,0.01,"","mirage_joint","pleiotropy","bfdr_estimate",0.1,0
20260842,30,500,15,3000,3000,3000,3000,"fast","control_informative",0.18,8,0.01,"","mirage_joint","pleiotropy","bfdr_power",0.1,0
20260842,30,500,15,3000,3000,3000,3000,"fast","control_informative",0.18,8,0.01,"","mirage_joint","pleiotropy","bfdr_discoveries",0.1,0
20260842,30,500,15,3000,3000,3000,3000,"fast","control_informative",0.18,8,0.01,"","mirage_joint","pleiotropy","bfdr_observed_fdp",0.2,0
20260842,30,500,15,3000,3000,3000,3000,"fast","control_informative",0.18,8,0.01,"","mirage_joint","pleiotropy","bfdr_estimate",0.2,0
20260842,30,500,15,3000,3000,3000,3000,"fast","control_informative",0.18,8,0.01,"","mirage_joint","pleiotropy","bfdr_power",0.2,0
20260842,30,500,15,3000,3000,3000,3000,"fast","control_informative",0.18,8,0.01,"","mirage_joint","pleiotropy","bfdr_discoveries",0.2,0
20260842,30,500,15,3000,3000,3000,3000,"fast","control_informative",0.18,8,0.01,"","mirage_joint","global","runtime_seconds",NA,18.2840000000001
20260842,30,500,15,3000,3000,3000,3000,"fast","control_informative",0.18,8,0.01,"","mirage_joint","pleiotropy","pi11_estimate",NA,0.0200472994007513
20260842,30,500,15,3000,3000,3000,3000,"fast","control_informative",0.18,8,0.01,"","separate_mirage","trait1","auc",NA,0.751831578947368
20260842,30,500,15,3000,3000,3000,3000,"fast","control_informative",0.18,8,0.01,"","separate_mirage","trait2","auc",NA,0.535714285714286
20260842,30,500,15,3000,3000,3000,3000,"fast","control_informative",0.18,8,0.01,"","separate_mirage","pleiotropy","auc",NA,0.834343434343434
20260842,30,500,15,3000,3000,3000,3000,"fast","control_informative",0.18,8,0.01,"","separate_mirage","trait1","pp08_power",0.8,0.24
20260842,30,500,15,3000,3000,3000,3000,"fast","control_informative",0.18,8,0.01,"","separate_mirage","trait1","pp08_fdp",0.8,0
20260842,30,500,15,3000,3000,3000,3000,"fast","control_informative",0.18,8,0.01,"","separate_mirage","trait1","pp08_discoveries",0.8,6
20260842,30,500,15,3000,3000,3000,3000,"fast","control_informative",0.18,8,0.01,"","separate_mirage","trait2","pp08_power",0.8,0
20260842,30,500,15,3000,3000,3000,3000,"fast","control_informative",0.18,8,0.01,"","separate_mirage","trait2","pp08_fdp",0.8,0
20260842,30,500,15,3000,3000,3000,3000,"fast","control_informative",0.18,8,0.01,"","separate_mirage","trait2","pp08_discoveries",0.8,0
20260842,30,500,15,3000,3000,3000,3000,"fast","control_informative",0.18,8,0.01,"","separate_mirage","pleiotropy","pp08_power",0.8,0
20260842,30,500,15,3000,3000,3000,3000,"fast","control_informative",0.18,8,0.01,"","separate_mirage","pleiotropy","pp08_fdp",0.8,0
20260842,30,500,15,3000,3000,3000,3000,"fast","control_informative",0.18,8,0.01,"","separate_mirage","pleiotropy","pp08_discoveries",0.8,0
20260842,30,500,15,3000,3000,3000,3000,"fast","control_informative",0.18,8,0.01,"","separate_mirage","trait1","bfdr_observed_fdp",0.01,0
20260842,30,500,15,3000,3000,3000,3000,"fast","control_informative",0.18,8,0.01,"","separate_mirage","trait1","bfdr_estimate",0.01,0.0083153452469313
20260842,30,500,15,3000,3000,3000,3000,"fast","control_informative",0.18,8,0.01,"","separate_mirage","trait1","bfdr_power",0.01,0.12
20260842,30,500,15,3000,3000,3000,3000,"fast","control_informative",0.18,8,0.01,"","separate_mirage","trait1","bfdr_discoveries",0.01,3
20260842,30,500,15,3000,3000,3000,3000,"fast","control_informative",0.18,8,0.01,"","separate_mirage","trait1","bfdr_observed_fdp",0.05,0
20260842,30,500,15,3000,3000,3000,3000,"fast","control_informative",0.18,8,0.01,"","separate_mirage","trait1","bfdr_estimate",0.05,0.0313600515344242
20260842,30,500,15,3000,3000,3000,3000,"fast","control_informative",0.18,8,0.01,"","separate_mirage","trait1","bfdr_power",0.05,0.24
20260842,30,500,15,3000,3000,3000,3000,"fast","control_informative",0.18,8,0.01,"","separate_mirage","trait1","bfdr_discoveries",0.05,6
20260842,30,500,15,3000,3000,3000,3000,"fast","control_informative",0.18,8,0.01,"","separate_mirage","trait1","bfdr_observed_fdp",0.1,0
20260842,30,500,15,3000,3000,3000,3000,"fast","control_informative",0.18,8,0.01,"","separate_mirage","trait1","bfdr_estimate",0.1,0.0313600515344242
20260842,30,500,15,3000,3000,3000,3000,"fast","control_informative",0.18,8,0.01,"","separate_mirage","trait1","bfdr_power",0.1,0.24
20260842,30,500,15,3000,3000,3000,3000,"fast","control_informative",0.18,8,0.01,"","separate_mirage","trait1","bfdr_discoveries",0.1,6
20260842,30,500,15,3000,3000,3000,3000,"fast","control_informative",0.18,8,0.01,"","separate_mirage","trait1","bfdr_observed_fdp",0.2,0.25
20260842,30,500,15,3000,3000,3000,3000,"fast","control_informative",0.18,8,0.01,"","separate_mirage","trait1","bfdr_estimate",0.2,0.173361505912748
20260842,30,500,15,3000,3000,3000,3000,"fast","control_informative",0.18,8,0.01,"","separate_mirage","trait1","bfdr_power",0.2,0.24
20260842,30,500,15,3000,3000,3000,3000,"fast","control_informative",0.18,8,0.01,"","separate_mirage","trait1","bfdr_discoveries",0.2,8
20260842,30,500,15,3000,3000,3000,3000,"fast","control_informative",0.18,8,0.01,"","separate_mirage","trait2","bfdr_observed_fdp",0.01,0
20260842,30,500,15,3000,3000,3000,3000,"fast","control_informative",0.18,8,0.01,"","separate_mirage","trait2","bfdr_estimate",0.01,0
20260842,30,500,15,3000,3000,3000,3000,"fast","control_informative",0.18,8,0.01,"","separate_mirage","trait2","bfdr_power",0.01,0
20260842,30,500,15,3000,3000,3000,3000,"fast","control_informative",0.18,8,0.01,"","separate_mirage","trait2","bfdr_discoveries",0.01,0
20260842,30,500,15,3000,3000,3000,3000,"fast","control_informative",0.18,8,0.01,"","separate_mirage","trait2","bfdr_observed_fdp",0.05,0
20260842,30,500,15,3000,3000,3000,3000,"fast","control_informative",0.18,8,0.01,"","separate_mirage","trait2","bfdr_estimate",0.05,0
20260842,30,500,15,3000,3000,3000,3000,"fast","control_informative",0.18,8,0.01,"","separate_mirage","trait2","bfdr_power",0.05,0
20260842,30,500,15,3000,3000,3000,3000,"fast","control_informative",0.18,8,0.01,"","separate_mirage","trait2","bfdr_discoveries",0.05,0
20260842,30,500,15,3000,3000,3000,3000,"fast","control_informative",0.18,8,0.01,"","separate_mirage","trait2","bfdr_observed_fdp",0.1,0
20260842,30,500,15,3000,3000,3000,3000,"fast","control_informative",0.18,8,0.01,"","separate_mirage","trait2","bfdr_estimate",0.1,0
20260842,30,500,15,3000,3000,3000,3000,"fast","control_informative",0.18,8,0.01,"","separate_mirage","trait2","bfdr_power",0.1,0
20260842,30,500,15,3000,3000,3000,3000,"fast","control_informative",0.18,8,0.01,"","separate_mirage","trait2","bfdr_discoveries",0.1,0
20260842,30,500,15,3000,3000,3000,3000,"fast","control_informative",0.18,8,0.01,"","separate_mirage","trait2","bfdr_observed_fdp",0.2,0
20260842,30,500,15,3000,3000,3000,3000,"fast","control_informative",0.18,8,0.01,"","separate_mirage","trait2","bfdr_estimate",0.2,0
20260842,30,500,15,3000,3000,3000,3000,"fast","control_informative",0.18,8,0.01,"","separate_mirage","trait2","bfdr_power",0.2,0
20260842,30,500,15,3000,3000,3000,3000,"fast","control_informative",0.18,8,0.01,"","separate_mirage","trait2","bfdr_discoveries",0.2,0
20260842,30,500,15,3000,3000,3000,3000,"fast","control_informative",0.18,8,0.01,"","separate_mirage","pleiotropy","bfdr_observed_fdp",0.01,0
20260842,30,500,15,3000,3000,3000,3000,"fast","control_informative",0.18,8,0.01,"","separate_mirage","pleiotropy","bfdr_estimate",0.01,0
20260842,30,500,15,3000,3000,3000,3000,"fast","control_informative",0.18,8,0.01,"","separate_mirage","pleiotropy","bfdr_power",0.01,0
20260842,30,500,15,3000,3000,3000,3000,"fast","control_informative",0.18,8,0.01,"","separate_mirage","pleiotropy","bfdr_discoveries",0.01,0
20260842,30,500,15,3000,3000,3000,3000,"fast","control_informative",0.18,8,0.01,"","separate_mirage","pleiotropy","bfdr_observed_fdp",0.05,0
20260842,30,500,15,3000,3000,3000,3000,"fast","control_informative",0.18,8,0.01,"","separate_mirage","pleiotropy","bfdr_estimate",0.05,0
20260842,30,500,15,3000,3000,3000,3000,"fast","control_informative",0.18,8,0.01,"","separate_mirage","pleiotropy","bfdr_power",0.05,0
20260842,30,500,15,3000,3000,3000,3000,"fast","control_informative",0.18,8,0.01,"","separate_mirage","pleiotropy","bfdr_discoveries",0.05,0
20260842,30,500,15,3000,3000,3000,3000,"fast","control_informative",0.18,8,0.01,"","separate_mirage","pleiotropy","bfdr_observed_fdp",0.1,0
20260842,30,500,15,3000,3000,3000,3000,"fast","control_informative",0.18,8,0.01,"","separate_mirage","pleiotropy","bfdr_estimate",0.1,0
20260842,30,500,15,3000,3000,3000,3000,"fast","control_informative",0.18,8,0.01,"","separate_mirage","pleiotropy","bfdr_power",0.1,0
20260842,30,500,15,3000,3000,3000,3000,"fast","control_informative",0.18,8,0.01,"","separate_mirage","pleiotropy","bfdr_discoveries",0.1,0
20260842,30,500,15,3000,3000,3000,3000,"fast","control_informative",0.18,8,0.01,"","separate_mirage","pleiotropy","bfdr_observed_fdp",0.2,0
20260842,30,500,15,3000,3000,3000,3000,"fast","control_informative",0.18,8,0.01,"","separate_mirage","pleiotropy","bfdr_estimate",0.2,0
20260842,30,500,15,3000,3000,3000,3000,"fast","control_informative",0.18,8,0.01,"","separate_mirage","pleiotropy","bfdr_power",0.2,0
20260842,30,500,15,3000,3000,3000,3000,"fast","control_informative",0.18,8,0.01,"","separate_mirage","pleiotropy","bfdr_discoveries",0.2,0
20260842,30,500,15,3000,3000,3000,3000,"fast","control_informative",0.18,8,0.01,"","separate_mirage","global","runtime_seconds",NA,18.204
20260842,30,500,15,3000,3000,3000,3000,"fast","control_informative",0.18,8,0.01,"","separate_mirage","pleiotropy","pi11_estimate",NA,0.001
20260842,30,500,15,3000,3000,3000,3000,"fast","control_informative",0.18,8,0.01,"","mtada_aggregated","trait1","auc",NA,0.546105263157895
20260842,30,500,15,3000,3000,3000,3000,"fast","control_informative",0.18,8,0.01,"","mtada_aggregated","trait2","auc",NA,0.625612244897959
20260842,30,500,15,3000,3000,3000,3000,"fast","control_informative",0.18,8,0.01,"","mtada_aggregated","pleiotropy","auc",NA,0.597171717171717
20260842,30,500,15,3000,3000,3000,3000,"fast","control_informative",0.18,8,0.01,"","mtada_aggregated","trait1","pp08_power",0.8,0.6
20260842,30,500,15,3000,3000,3000,3000,"fast","control_informative",0.18,8,0.01,"","mtada_aggregated","trait1","pp08_fdp",0.8,0.942748091603053
20260842,30,500,15,3000,3000,3000,3000,"fast","control_informative",0.18,8,0.01,"","mtada_aggregated","trait1","pp08_discoveries",0.8,262
20260842,30,500,15,3000,3000,3000,3000,"fast","control_informative",0.18,8,0.01,"","mtada_aggregated","trait2","pp08_power",0.8,0.8
20260842,30,500,15,3000,3000,3000,3000,"fast","control_informative",0.18,8,0.01,"","mtada_aggregated","trait2","pp08_fdp",0.8,0.967078189300412
20260842,30,500,15,3000,3000,3000,3000,"fast","control_informative",0.18,8,0.01,"","mtada_aggregated","trait2","pp08_discoveries",0.8,243
20260842,30,500,15,3000,3000,3000,3000,"fast","control_informative",0.18,8,0.01,"","mtada_aggregated","pleiotropy","pp08_power",0.8,0.4
20260842,30,500,15,3000,3000,3000,3000,"fast","control_informative",0.18,8,0.01,"","mtada_aggregated","pleiotropy","pp08_fdp",0.8,0.985507246376812
20260842,30,500,15,3000,3000,3000,3000,"fast","control_informative",0.18,8,0.01,"","mtada_aggregated","pleiotropy","pp08_discoveries",0.8,138
20260842,30,500,15,3000,3000,3000,3000,"fast","control_informative",0.18,8,0.01,"","mtada_aggregated","trait1","bfdr_observed_fdp",0.01,0.942528735632184
20260842,30,500,15,3000,3000,3000,3000,"fast","control_informative",0.18,8,0.01,"","mtada_aggregated","trait1","bfdr_estimate",0.01,0.00987182327442295
20260842,30,500,15,3000,3000,3000,3000,"fast","control_informative",0.18,8,0.01,"","mtada_aggregated","trait1","bfdr_power",0.01,0.6
20260842,30,500,15,3000,3000,3000,3000,"fast","control_informative",0.18,8,0.01,"","mtada_aggregated","trait1","bfdr_discoveries",0.01,261
20260842,30,500,15,3000,3000,3000,3000,"fast","control_informative",0.18,8,0.01,"","mtada_aggregated","trait1","bfdr_observed_fdp",0.05,0.945017182130584
20260842,30,500,15,3000,3000,3000,3000,"fast","control_informative",0.18,8,0.01,"","mtada_aggregated","trait1","bfdr_estimate",0.05,0.0483649377730786
20260842,30,500,15,3000,3000,3000,3000,"fast","control_informative",0.18,8,0.01,"","mtada_aggregated","trait1","bfdr_power",0.05,0.64
20260842,30,500,15,3000,3000,3000,3000,"fast","control_informative",0.18,8,0.01,"","mtada_aggregated","trait1","bfdr_discoveries",0.05,291
20260842,30,500,15,3000,3000,3000,3000,"fast","control_informative",0.18,8,0.01,"","mtada_aggregated","trait1","bfdr_observed_fdp",0.1,0.94620253164557
20260842,30,500,15,3000,3000,3000,3000,"fast","control_informative",0.18,8,0.01,"","mtada_aggregated","trait1","bfdr_estimate",0.1,0.0982035098518584
20260842,30,500,15,3000,3000,3000,3000,"fast","control_informative",0.18,8,0.01,"","mtada_aggregated","trait1","bfdr_power",0.1,0.68
20260842,30,500,15,3000,3000,3000,3000,"fast","control_informative",0.18,8,0.01,"","mtada_aggregated","trait1","bfdr_discoveries",0.1,316
20260842,30,500,15,3000,3000,3000,3000,"fast","control_informative",0.18,8,0.01,"","mtada_aggregated","trait1","bfdr_observed_fdp",0.2,0.947513812154696
20260842,30,500,15,3000,3000,3000,3000,"fast","control_informative",0.18,8,0.01,"","mtada_aggregated","trait1","bfdr_estimate",0.2,0.199054253029004
20260842,30,500,15,3000,3000,3000,3000,"fast","control_informative",0.18,8,0.01,"","mtada_aggregated","trait1","bfdr_power",0.2,0.76
20260842,30,500,15,3000,3000,3000,3000,"fast","control_informative",0.18,8,0.01,"","mtada_aggregated","trait1","bfdr_discoveries",0.2,362
20260842,30,500,15,3000,3000,3000,3000,"fast","control_informative",0.18,8,0.01,"","mtada_aggregated","trait2","bfdr_observed_fdp",0.01,0.970464135021097
20260842,30,500,15,3000,3000,3000,3000,"fast","control_informative",0.18,8,0.01,"","mtada_aggregated","trait2","bfdr_estimate",0.01,0.00974022257043572
20260842,30,500,15,3000,3000,3000,3000,"fast","control_informative",0.18,8,0.01,"","mtada_aggregated","trait2","bfdr_power",0.01,0.7
20260842,30,500,15,3000,3000,3000,3000,"fast","control_informative",0.18,8,0.01,"","mtada_aggregated","trait2","bfdr_discoveries",0.01,237
20260842,30,500,15,3000,3000,3000,3000,"fast","control_informative",0.18,8,0.01,"","mtada_aggregated","trait2","bfdr_observed_fdp",0.05,0.969924812030075
20260842,30,500,15,3000,3000,3000,3000,"fast","control_informative",0.18,8,0.01,"","mtada_aggregated","trait2","bfdr_estimate",0.05,0.0499499925982874
20260842,30,500,15,3000,3000,3000,3000,"fast","control_informative",0.18,8,0.01,"","mtada_aggregated","trait2","bfdr_power",0.05,0.8
20260842,30,500,15,3000,3000,3000,3000,"fast","control_informative",0.18,8,0.01,"","mtada_aggregated","trait2","bfdr_discoveries",0.05,266
20260842,30,500,15,3000,3000,3000,3000,"fast","control_informative",0.18,8,0.01,"","mtada_aggregated","trait2","bfdr_observed_fdp",0.1,0.968531468531469
20260842,30,500,15,3000,3000,3000,3000,"fast","control_informative",0.18,8,0.01,"","mtada_aggregated","trait2","bfdr_estimate",0.1,0.0982910368944354
20260842,30,500,15,3000,3000,3000,3000,"fast","control_informative",0.18,8,0.01,"","mtada_aggregated","trait2","bfdr_power",0.1,0.9
20260842,30,500,15,3000,3000,3000,3000,"fast","control_informative",0.18,8,0.01,"","mtada_aggregated","trait2","bfdr_discoveries",0.1,286
20260842,30,500,15,3000,3000,3000,3000,"fast","control_informative",0.18,8,0.01,"","mtada_aggregated","trait2","bfdr_observed_fdp",0.2,0.972477064220184
20260842,30,500,15,3000,3000,3000,3000,"fast","control_informative",0.18,8,0.01,"","mtada_aggregated","trait2","bfdr_estimate",0.2,0.198284562444303
20260842,30,500,15,3000,3000,3000,3000,"fast","control_informative",0.18,8,0.01,"","mtada_aggregated","trait2","bfdr_power",0.2,0.9
20260842,30,500,15,3000,3000,3000,3000,"fast","control_informative",0.18,8,0.01,"","mtada_aggregated","trait2","bfdr_discoveries",0.2,327
20260842,30,500,15,3000,3000,3000,3000,"fast","control_informative",0.18,8,0.01,"","mtada_aggregated","pleiotropy","bfdr_observed_fdp",0.01,0.992
20260842,30,500,15,3000,3000,3000,3000,"fast","control_informative",0.18,8,0.01,"","mtada_aggregated","pleiotropy","bfdr_estimate",0.01,0.00998888100466619
20260842,30,500,15,3000,3000,3000,3000,"fast","control_informative",0.18,8,0.01,"","mtada_aggregated","pleiotropy","bfdr_power",0.01,0.2
20260842,30,500,15,3000,3000,3000,3000,"fast","control_informative",0.18,8,0.01,"","mtada_aggregated","pleiotropy","bfdr_discoveries",0.01,125
20260842,30,500,15,3000,3000,3000,3000,"fast","control_informative",0.18,8,0.01,"","mtada_aggregated","pleiotropy","bfdr_observed_fdp",0.05,0.986928104575163
20260842,30,500,15,3000,3000,3000,3000,"fast","control_informative",0.18,8,0.01,"","mtada_aggregated","pleiotropy","bfdr_estimate",0.05,0.0483303372701048
20260842,30,500,15,3000,3000,3000,3000,"fast","control_informative",0.18,8,0.01,"","mtada_aggregated","pleiotropy","bfdr_power",0.05,0.4
20260842,30,500,15,3000,3000,3000,3000,"fast","control_informative",0.18,8,0.01,"","mtada_aggregated","pleiotropy","bfdr_discoveries",0.05,153
20260842,30,500,15,3000,3000,3000,3000,"fast","control_informative",0.18,8,0.01,"","mtada_aggregated","pleiotropy","bfdr_observed_fdp",0.1,0.988235294117647
20260842,30,500,15,3000,3000,3000,3000,"fast","control_informative",0.18,8,0.01,"","mtada_aggregated","pleiotropy","bfdr_estimate",0.1,0.099017979941914
20260842,30,500,15,3000,3000,3000,3000,"fast","control_informative",0.18,8,0.01,"","mtada_aggregated","pleiotropy","bfdr_power",0.1,0.4
20260842,30,500,15,3000,3000,3000,3000,"fast","control_informative",0.18,8,0.01,"","mtada_aggregated","pleiotropy","bfdr_discoveries",0.1,170
20260842,30,500,15,3000,3000,3000,3000,"fast","control_informative",0.18,8,0.01,"","mtada_aggregated","pleiotropy","bfdr_observed_fdp",0.2,0.990049751243781
20260842,30,500,15,3000,3000,3000,3000,"fast","control_informative",0.18,8,0.01,"","mtada_aggregated","pleiotropy","bfdr_estimate",0.2,0.198642019641473
20260842,30,500,15,3000,3000,3000,3000,"fast","control_informative",0.18,8,0.01,"","mtada_aggregated","pleiotropy","bfdr_power",0.2,0.4
20260842,30,500,15,3000,3000,3000,3000,"fast","control_informative",0.18,8,0.01,"","mtada_aggregated","pleiotropy","bfdr_discoveries",0.2,201
20260842,30,500,15,3000,3000,3000,3000,"fast","control_informative",0.18,8,0.01,"","mtada_aggregated","global","runtime_seconds",NA,0.729000000000042
20260842,30,500,15,3000,3000,3000,3000,"fast","control_informative",0.18,8,0.01,"","mtada_aggregated","pleiotropy","pi11_estimate",NA,0.00779332
