"seed","replicate","n_genes","variants_per_gene","n_case1","n_control1","n_case2","n_control2","bf_mode","simulation_design","background_prob","background_multiplier","pi11_truth","mtada_error","method","target","metric","threshold","value"
20260813,1,500,15,3000,3000,3000,3000,"fast","control_informative",0.05,6,0.01,"","mirage_joint","trait1","auc",NA,0.692042105263158
20260813,1,500,15,3000,3000,3000,3000,"fast","control_informative",0.05,6,0.01,"","mirage_joint","trait2","auc",NA,0.660408163265306
20260813,1,500,15,3000,3000,3000,3000,"fast","control_informative",0.05,6,0.01,"","mirage_joint","pleiotropy","auc",NA,0.798787878787879
20260813,1,500,15,3000,3000,3000,3000,"fast","control_informative",0.05,6,0.01,"","mirage_joint","trait1","pp08_power",0.8,0.24
20260813,1,500,15,3000,3000,3000,3000,"fast","control_informative",0.05,6,0.01,"","mirage_joint","trait1","pp08_fdp",0.8,0
20260813,1,500,15,3000,3000,3000,3000,"fast","control_informative",0.05,6,0.01,"","mirage_joint","trait1","pp08_discoveries",0.8,6
20260813,1,500,15,3000,3000,3000,3000,"fast","control_informative",0.05,6,0.01,"","mirage_joint","trait2","pp08_power",0.8,0.1
20260813,1,500,15,3000,3000,3000,3000,"fast","control_informative",0.05,6,0.01,"","mirage_joint","trait2","pp08_fdp",0.8,0
20260813,1,500,15,3000,3000,3000,3000,"fast","control_informative",0.05,6,0.01,"","mirage_joint","trait2","pp08_discoveries",0.8,1
20260813,1,500,15,3000,3000,3000,3000,"fast","control_informative",0.05,6,0.01,"","mirage_joint","pleiotropy","pp08_power",0.8,0.2
20260813,1,500,15,3000,3000,3000,3000,"fast","control_informative",0.05,6,0.01,"","mirage_joint","pleiotropy","pp08_fdp",0.8,0
20260813,1,500,15,3000,3000,3000,3000,"fast","control_informative",0.05,6,0.01,"","mirage_joint","pleiotropy","pp08_discoveries",0.8,1
20260813,1,500,15,3000,3000,3000,3000,"fast","control_informative",0.05,6,0.01,"","mirage_joint","trait1","bfdr_observed_fdp",0.01,0
20260813,1,500,15,3000,3000,3000,3000,"fast","control_informative",0.05,6,0.01,"","mirage_joint","trait1","bfdr_estimate",0.01,0.000720118336308084
20260813,1,500,15,3000,3000,3000,3000,"fast","control_informative",0.05,6,0.01,"","mirage_joint","trait1","bfdr_power",0.01,0.08
20260813,1,500,15,3000,3000,3000,3000,"fast","control_informative",0.05,6,0.01,"","mirage_joint","trait1","bfdr_discoveries",0.01,2
20260813,1,500,15,3000,3000,3000,3000,"fast","control_informative",0.05,6,0.01,"","mirage_joint","trait1","bfdr_observed_fdp",0.05,0
20260813,1,500,15,3000,3000,3000,3000,"fast","control_informative",0.05,6,0.01,"","mirage_joint","trait1","bfdr_estimate",0.05,0.0464037526762438
20260813,1,500,15,3000,3000,3000,3000,"fast","control_informative",0.05,6,0.01,"","mirage_joint","trait1","bfdr_power",0.05,0.2
20260813,1,500,15,3000,3000,3000,3000,"fast","control_informative",0.05,6,0.01,"","mirage_joint","trait1","bfdr_discoveries",0.05,5
20260813,1,500,15,3000,3000,3000,3000,"fast","control_informative",0.05,6,0.01,"","mirage_joint","trait1","bfdr_observed_fdp",0.1,0
20260813,1,500,15,3000,3000,3000,3000,"fast","control_informative",0.05,6,0.01,"","mirage_joint","trait1","bfdr_estimate",0.1,0.0703827168544877
20260813,1,500,15,3000,3000,3000,3000,"fast","control_informative",0.05,6,0.01,"","mirage_joint","trait1","bfdr_power",0.1,0.24
20260813,1,500,15,3000,3000,3000,3000,"fast","control_informative",0.05,6,0.01,"","mirage_joint","trait1","bfdr_discoveries",0.1,6
20260813,1,500,15,3000,3000,3000,3000,"fast","control_informative",0.05,6,0.01,"","mirage_joint","trait1","bfdr_observed_fdp",0.2,0.363636363636364
20260813,1,500,15,3000,3000,3000,3000,"fast","control_informative",0.05,6,0.01,"","mirage_joint","trait1","bfdr_estimate",0.2,0.192902608021518
20260813,1,500,15,3000,3000,3000,3000,"fast","control_informative",0.05,6,0.01,"","mirage_joint","trait1","bfdr_power",0.2,0.28
20260813,1,500,15,3000,3000,3000,3000,"fast","control_informative",0.05,6,0.01,"","mirage_joint","trait1","bfdr_discoveries",0.2,11
20260813,1,500,15,3000,3000,3000,3000,"fast","control_informative",0.05,6,0.01,"","mirage_joint","trait2","bfdr_observed_fdp",0.01,0
20260813,1,500,15,3000,3000,3000,3000,"fast","control_informative",0.05,6,0.01,"","mirage_joint","trait2","bfdr_estimate",0.01,0
20260813,1,500,15,3000,3000,3000,3000,"fast","control_informative",0.05,6,0.01,"","mirage_joint","trait2","bfdr_power",0.01,0
20260813,1,500,15,3000,3000,3000,3000,"fast","control_informative",0.05,6,0.01,"","mirage_joint","trait2","bfdr_discoveries",0.01,0
20260813,1,500,15,3000,3000,3000,3000,"fast","control_informative",0.05,6,0.01,"","mirage_joint","trait2","bfdr_observed_fdp",0.05,0
20260813,1,500,15,3000,3000,3000,3000,"fast","control_informative",0.05,6,0.01,"","mirage_joint","trait2","bfdr_estimate",0.05,0
20260813,1,500,15,3000,3000,3000,3000,"fast","control_informative",0.05,6,0.01,"","mirage_joint","trait2","bfdr_power",0.05,0
20260813,1,500,15,3000,3000,3000,3000,"fast","control_informative",0.05,6,0.01,"","mirage_joint","trait2","bfdr_discoveries",0.05,0
20260813,1,500,15,3000,3000,3000,3000,"fast","control_informative",0.05,6,0.01,"","mirage_joint","trait2","bfdr_observed_fdp",0.1,0
20260813,1,500,15,3000,3000,3000,3000,"fast","control_informative",0.05,6,0.01,"","mirage_joint","trait2","bfdr_estimate",0.1,0.0756689854258497
20260813,1,500,15,3000,3000,3000,3000,"fast","control_informative",0.05,6,0.01,"","mirage_joint","trait2","bfdr_power",0.1,0.1
20260813,1,500,15,3000,3000,3000,3000,"fast","control_informative",0.05,6,0.01,"","mirage_joint","trait2","bfdr_discoveries",0.1,1
20260813,1,500,15,3000,3000,3000,3000,"fast","control_informative",0.05,6,0.01,"","mirage_joint","trait2","bfdr_observed_fdp",0.2,0
20260813,1,500,15,3000,3000,3000,3000,"fast","control_informative",0.05,6,0.01,"","mirage_joint","trait2","bfdr_estimate",0.2,0.0756689854258497
20260813,1,500,15,3000,3000,3000,3000,"fast","control_informative",0.05,6,0.01,"","mirage_joint","trait2","bfdr_power",0.2,0.1
20260813,1,500,15,3000,3000,3000,3000,"fast","control_informative",0.05,6,0.01,"","mirage_joint","trait2","bfdr_discoveries",0.2,1
20260813,1,500,15,3000,3000,3000,3000,"fast","control_informative",0.05,6,0.01,"","mirage_joint","pleiotropy","bfdr_observed_fdp",0.01,0
20260813,1,500,15,3000,3000,3000,3000,"fast","control_informative",0.05,6,0.01,"","mirage_joint","pleiotropy","bfdr_estimate",0.01,0
20260813,1,500,15,3000,3000,3000,3000,"fast","control_informative",0.05,6,0.01,"","mirage_joint","pleiotropy","bfdr_power",0.01,0
20260813,1,500,15,3000,3000,3000,3000,"fast","control_informative",0.05,6,0.01,"","mirage_joint","pleiotropy","bfdr_discoveries",0.01,0
20260813,1,500,15,3000,3000,3000,3000,"fast","control_informative",0.05,6,0.01,"","mirage_joint","pleiotropy","bfdr_observed_fdp",0.05,0
20260813,1,500,15,3000,3000,3000,3000,"fast","control_informative",0.05,6,0.01,"","mirage_joint","pleiotropy","bfdr_estimate",0.05,0
20260813,1,500,15,3000,3000,3000,3000,"fast","control_informative",0.05,6,0.01,"","mirage_joint","pleiotropy","bfdr_power",0.05,0
20260813,1,500,15,3000,3000,3000,3000,"fast","control_informative",0.05,6,0.01,"","mirage_joint","pleiotropy","bfdr_discoveries",0.05,0
20260813,1,500,15,3000,3000,3000,3000,"fast","control_informative",0.05,6,0.01,"","mirage_joint","pleiotropy","bfdr_observed_fdp",0.1,0
20260813,1,500,15,3000,3000,3000,3000,"fast","control_informative",0.05,6,0.01,"","mirage_joint","pleiotropy","bfdr_estimate",0.1,0.0885600929574814
20260813,1,500,15,3000,3000,3000,3000,"fast","control_informative",0.05,6,0.01,"","mirage_joint","pleiotropy","bfdr_power",0.1,0.2
20260813,1,500,15,3000,3000,3000,3000,"fast","control_informative",0.05,6,0.01,"","mirage_joint","pleiotropy","bfdr_discoveries",0.1,1
20260813,1,500,15,3000,3000,3000,3000,"fast","control_informative",0.05,6,0.01,"","mirage_joint","pleiotropy","bfdr_observed_fdp",0.2,0
20260813,1,500,15,3000,3000,3000,3000,"fast","control_informative",0.05,6,0.01,"","mirage_joint","pleiotropy","bfdr_estimate",0.2,0.0885600929574814
20260813,1,500,15,3000,3000,3000,3000,"fast","control_informative",0.05,6,0.01,"","mirage_joint","pleiotropy","bfdr_power",0.2,0.2
20260813,1,500,15,3000,3000,3000,3000,"fast","control_informative",0.05,6,0.01,"","mirage_joint","pleiotropy","bfdr_discoveries",0.2,1
20260813,1,500,15,3000,3000,3000,3000,"fast","control_informative",0.05,6,0.01,"","mirage_joint","global","runtime_seconds",NA,18.043
20260813,1,500,15,3000,3000,3000,3000,"fast","control_informative",0.05,6,0.01,"","mirage_joint","pleiotropy","pi11_estimate",NA,0.0402084512506702
20260813,1,500,15,3000,3000,3000,3000,"fast","control_informative",0.05,6,0.01,"","separate_mirage","trait1","auc",NA,0.686821052631579
20260813,1,500,15,3000,3000,3000,3000,"fast","control_informative",0.05,6,0.01,"","separate_mirage","trait2","auc",NA,0.51530612244898
20260813,1,500,15,3000,3000,3000,3000,"fast","control_informative",0.05,6,0.01,"","separate_mirage","pleiotropy","auc",NA,0.806464646464646
20260813,1,500,15,3000,3000,3000,3000,"fast","control_informative",0.05,6,0.01,"","separate_mirage","trait1","pp08_power",0.8,0.12
20260813,1,500,15,3000,3000,3000,3000,"fast","control_informative",0.05,6,0.01,"","separate_mirage","trait1","pp08_fdp",0.8,0
20260813,1,500,15,3000,3000,3000,3000,"fast","control_informative",0.05,6,0.01,"","separate_mirage","trait1","pp08_discoveries",0.8,3
20260813,1,500,15,3000,3000,3000,3000,"fast","control_informative",0.05,6,0.01,"","separate_mirage","trait2","pp08_power",0.8,0.1
20260813,1,500,15,3000,3000,3000,3000,"fast","control_informative",0.05,6,0.01,"","separate_mirage","trait2","pp08_fdp",0.8,0
20260813,1,500,15,3000,3000,3000,3000,"fast","control_informative",0.05,6,0.01,"","separate_mirage","trait2","pp08_discoveries",0.8,1
20260813,1,500,15,3000,3000,3000,3000,"fast","control_informative",0.05,6,0.01,"","separate_mirage","pleiotropy","pp08_power",0.8,0
20260813,1,500,15,3000,3000,3000,3000,"fast","control_informative",0.05,6,0.01,"","separate_mirage","pleiotropy","pp08_fdp",0.8,0
20260813,1,500,15,3000,3000,3000,3000,"fast","control_informative",0.05,6,0.01,"","separate_mirage","pleiotropy","pp08_discoveries",0.8,0
20260813,1,500,15,3000,3000,3000,3000,"fast","control_informative",0.05,6,0.01,"","separate_mirage","trait1","bfdr_observed_fdp",0.01,0
20260813,1,500,15,3000,3000,3000,3000,"fast","control_informative",0.05,6,0.01,"","separate_mirage","trait1","bfdr_estimate",0.01,0.00144046477446735
20260813,1,500,15,3000,3000,3000,3000,"fast","control_informative",0.05,6,0.01,"","separate_mirage","trait1","bfdr_power",0.01,0.08
20260813,1,500,15,3000,3000,3000,3000,"fast","control_informative",0.05,6,0.01,"","separate_mirage","trait1","bfdr_discoveries",0.01,2
20260813,1,500,15,3000,3000,3000,3000,"fast","control_informative",0.05,6,0.01,"","separate_mirage","trait1","bfdr_observed_fdp",0.05,0
20260813,1,500,15,3000,3000,3000,3000,"fast","control_informative",0.05,6,0.01,"","separate_mirage","trait1","bfdr_estimate",0.05,0.0295114699293019
20260813,1,500,15,3000,3000,3000,3000,"fast","control_informative",0.05,6,0.01,"","separate_mirage","trait1","bfdr_power",0.05,0.12
20260813,1,500,15,3000,3000,3000,3000,"fast","control_informative",0.05,6,0.01,"","separate_mirage","trait1","bfdr_discoveries",0.05,3
20260813,1,500,15,3000,3000,3000,3000,"fast","control_informative",0.05,6,0.01,"","separate_mirage","trait1","bfdr_observed_fdp",0.1,0
20260813,1,500,15,3000,3000,3000,3000,"fast","control_informative",0.05,6,0.01,"","separate_mirage","trait1","bfdr_estimate",0.1,0.0889889109008766
20260813,1,500,15,3000,3000,3000,3000,"fast","control_informative",0.05,6,0.01,"","separate_mirage","trait1","bfdr_power",0.1,0.16
20260813,1,500,15,3000,3000,3000,3000,"fast","control_informative",0.05,6,0.01,"","separate_mirage","trait1","bfdr_discoveries",0.1,4
20260813,1,500,15,3000,3000,3000,3000,"fast","control_informative",0.05,6,0.01,"","separate_mirage","trait1","bfdr_observed_fdp",0.2,0.333333333333333
20260813,1,500,15,3000,3000,3000,3000,"fast","control_informative",0.05,6,0.01,"","separate_mirage","trait1","bfdr_estimate",0.2,0.190406932669738
20260813,1,500,15,3000,3000,3000,3000,"fast","control_informative",0.05,6,0.01,"","separate_mirage","trait1","bfdr_power",0.2,0.16
20260813,1,500,15,3000,3000,3000,3000,"fast","control_informative",0.05,6,0.01,"","separate_mirage","trait1","bfdr_discoveries",0.2,6
20260813,1,500,15,3000,3000,3000,3000,"fast","control_informative",0.05,6,0.01,"","separate_mirage","trait2","bfdr_observed_fdp",0.01,0
20260813,1,500,15,3000,3000,3000,3000,"fast","control_informative",0.05,6,0.01,"","separate_mirage","trait2","bfdr_estimate",0.01,0
20260813,1,500,15,3000,3000,3000,3000,"fast","control_informative",0.05,6,0.01,"","separate_mirage","trait2","bfdr_power",0.01,0
20260813,1,500,15,3000,3000,3000,3000,"fast","control_informative",0.05,6,0.01,"","separate_mirage","trait2","bfdr_discoveries",0.01,0
20260813,1,500,15,3000,3000,3000,3000,"fast","control_informative",0.05,6,0.01,"","separate_mirage","trait2","bfdr_observed_fdp",0.05,0
20260813,1,500,15,3000,3000,3000,3000,"fast","control_informative",0.05,6,0.01,"","separate_mirage","trait2","bfdr_estimate",0.05,0
20260813,1,500,15,3000,3000,3000,3000,"fast","control_informative",0.05,6,0.01,"","separate_mirage","trait2","bfdr_power",0.05,0
20260813,1,500,15,3000,3000,3000,3000,"fast","control_informative",0.05,6,0.01,"","separate_mirage","trait2","bfdr_discoveries",0.05,0
20260813,1,500,15,3000,3000,3000,3000,"fast","control_informative",0.05,6,0.01,"","separate_mirage","trait2","bfdr_observed_fdp",0.1,0
20260813,1,500,15,3000,3000,3000,3000,"fast","control_informative",0.05,6,0.01,"","separate_mirage","trait2","bfdr_estimate",0.1,0
20260813,1,500,15,3000,3000,3000,3000,"fast","control_informative",0.05,6,0.01,"","separate_mirage","trait2","bfdr_power",0.1,0
20260813,1,500,15,3000,3000,3000,3000,"fast","control_informative",0.05,6,0.01,"","separate_mirage","trait2","bfdr_discoveries",0.1,0
20260813,1,500,15,3000,3000,3000,3000,"fast","control_informative",0.05,6,0.01,"","separate_mirage","trait2","bfdr_observed_fdp",0.2,0
20260813,1,500,15,3000,3000,3000,3000,"fast","control_informative",0.05,6,0.01,"","separate_mirage","trait2","bfdr_estimate",0.2,0.155988979768031
20260813,1,500,15,3000,3000,3000,3000,"fast","control_informative",0.05,6,0.01,"","separate_mirage","trait2","bfdr_power",0.2,0.1
20260813,1,500,15,3000,3000,3000,3000,"fast","control_informative",0.05,6,0.01,"","separate_mirage","trait2","bfdr_discoveries",0.2,1
20260813,1,500,15,3000,3000,3000,3000,"fast","control_informative",0.05,6,0.01,"","separate_mirage","pleiotropy","bfdr_observed_fdp",0.01,0
20260813,1,500,15,3000,3000,3000,3000,"fast","control_informative",0.05,6,0.01,"","separate_mirage","pleiotropy","bfdr_estimate",0.01,0
20260813,1,500,15,3000,3000,3000,3000,"fast","control_informative",0.05,6,0.01,"","separate_mirage","pleiotropy","bfdr_power",0.01,0
20260813,1,500,15,3000,3000,3000,3000,"fast","control_informative",0.05,6,0.01,"","separate_mirage","pleiotropy","bfdr_discoveries",0.01,0
20260813,1,500,15,3000,3000,3000,3000,"fast","control_informative",0.05,6,0.01,"","separate_mirage","pleiotropy","bfdr_observed_fdp",0.05,0
20260813,1,500,15,3000,3000,3000,3000,"fast","control_informative",0.05,6,0.01,"","separate_mirage","pleiotropy","bfdr_estimate",0.05,0
20260813,1,500,15,3000,3000,3000,3000,"fast","control_informative",0.05,6,0.01,"","separate_mirage","pleiotropy","bfdr_power",0.05,0
20260813,1,500,15,3000,3000,3000,3000,"fast","control_informative",0.05,6,0.01,"","separate_mirage","pleiotropy","bfdr_discoveries",0.05,0
20260813,1,500,15,3000,3000,3000,3000,"fast","control_informative",0.05,6,0.01,"","separate_mirage","pleiotropy","bfdr_observed_fdp",0.1,0
20260813,1,500,15,3000,3000,3000,3000,"fast","control_informative",0.05,6,0.01,"","separate_mirage","pleiotropy","bfdr_estimate",0.1,0
20260813,1,500,15,3000,3000,3000,3000,"fast","control_informative",0.05,6,0.01,"","separate_mirage","pleiotropy","bfdr_power",0.1,0
20260813,1,500,15,3000,3000,3000,3000,"fast","control_informative",0.05,6,0.01,"","separate_mirage","pleiotropy","bfdr_discoveries",0.1,0
20260813,1,500,15,3000,3000,3000,3000,"fast","control_informative",0.05,6,0.01,"","separate_mirage","pleiotropy","bfdr_observed_fdp",0.2,0
20260813,1,500,15,3000,3000,3000,3000,"fast","control_informative",0.05,6,0.01,"","separate_mirage","pleiotropy","bfdr_estimate",0.2,0
20260813,1,500,15,3000,3000,3000,3000,"fast","control_informative",0.05,6,0.01,"","separate_mirage","pleiotropy","bfdr_power",0.2,0
20260813,1,500,15,3000,3000,3000,3000,"fast","control_informative",0.05,6,0.01,"","separate_mirage","pleiotropy","bfdr_discoveries",0.2,0
20260813,1,500,15,3000,3000,3000,3000,"fast","control_informative",0.05,6,0.01,"","separate_mirage","global","runtime_seconds",NA,17.955
20260813,1,500,15,3000,3000,3000,3000,"fast","control_informative",0.05,6,0.01,"","separate_mirage","pleiotropy","pi11_estimate",NA,0.001
20260813,1,500,15,3000,3000,3000,3000,"fast","control_informative",0.05,6,0.01,"","mtada_aggregated","trait1","auc",NA,0.686315789473684
20260813,1,500,15,3000,3000,3000,3000,"fast","control_informative",0.05,6,0.01,"","mtada_aggregated","trait2","auc",NA,0.645102040816326
20260813,1,500,15,3000,3000,3000,3000,"fast","control_informative",0.05,6,0.01,"","mtada_aggregated","pleiotropy","auc",NA,0.677575757575758
20260813,1,500,15,3000,3000,3000,3000,"fast","control_informative",0.05,6,0.01,"","mtada_aggregated","trait1","pp08_power",0.8,0.36
20260813,1,500,15,3000,3000,3000,3000,"fast","control_informative",0.05,6,0.01,"","mtada_aggregated","trait1","pp08_fdp",0.8,0.86764705882353
20260813,1,500,15,3000,3000,3000,3000,"fast","control_informative",0.05,6,0.01,"","mtada_aggregated","trait1","pp08_discoveries",0.8,68
20260813,1,500,15,3000,3000,3000,3000,"fast","control_informative",0.05,6,0.01,"","mtada_aggregated","trait2","pp08_power",0.8,0.1
20260813,1,500,15,3000,3000,3000,3000,"fast","control_informative",0.05,6,0.01,"","mtada_aggregated","trait2","pp08_fdp",0.8,0.979166666666667
20260813,1,500,15,3000,3000,3000,3000,"fast","control_informative",0.05,6,0.01,"","mtada_aggregated","trait2","pp08_discoveries",0.8,48
20260813,1,500,15,3000,3000,3000,3000,"fast","control_informative",0.05,6,0.01,"","mtada_aggregated","pleiotropy","pp08_power",0.8,0.2
20260813,1,500,15,3000,3000,3000,3000,"fast","control_informative",0.05,6,0.01,"","mtada_aggregated","pleiotropy","pp08_fdp",0.8,0.875
20260813,1,500,15,3000,3000,3000,3000,"fast","control_informative",0.05,6,0.01,"","mtada_aggregated","pleiotropy","pp08_discoveries",0.8,8
20260813,1,500,15,3000,3000,3000,3000,"fast","control_informative",0.05,6,0.01,"","mtada_aggregated","trait1","bfdr_observed_fdp",0.01,0.888888888888889
20260813,1,500,15,3000,3000,3000,3000,"fast","control_informative",0.05,6,0.01,"","mtada_aggregated","trait1","bfdr_estimate",0.01,0.00919531589827572
20260813,1,500,15,3000,3000,3000,3000,"fast","control_informative",0.05,6,0.01,"","mtada_aggregated","trait1","bfdr_power",0.01,0.28
20260813,1,500,15,3000,3000,3000,3000,"fast","control_informative",0.05,6,0.01,"","mtada_aggregated","trait1","bfdr_discoveries",0.01,63
20260813,1,500,15,3000,3000,3000,3000,"fast","control_informative",0.05,6,0.01,"","mtada_aggregated","trait1","bfdr_observed_fdp",0.05,0.878378378378378
20260813,1,500,15,3000,3000,3000,3000,"fast","control_informative",0.05,6,0.01,"","mtada_aggregated","trait1","bfdr_estimate",0.05,0.0462917357367984
20260813,1,500,15,3000,3000,3000,3000,"fast","control_informative",0.05,6,0.01,"","mtada_aggregated","trait1","bfdr_power",0.05,0.36
20260813,1,500,15,3000,3000,3000,3000,"fast","control_informative",0.05,6,0.01,"","mtada_aggregated","trait1","bfdr_discoveries",0.05,74
20260813,1,500,15,3000,3000,3000,3000,"fast","control_informative",0.05,6,0.01,"","mtada_aggregated","trait1","bfdr_observed_fdp",0.1,0.888888888888889
20260813,1,500,15,3000,3000,3000,3000,"fast","control_informative",0.05,6,0.01,"","mtada_aggregated","trait1","bfdr_estimate",0.1,0.0964855492948587
20260813,1,500,15,3000,3000,3000,3000,"fast","control_informative",0.05,6,0.01,"","mtada_aggregated","trait1","bfdr_power",0.1,0.36
20260813,1,500,15,3000,3000,3000,3000,"fast","control_informative",0.05,6,0.01,"","mtada_aggregated","trait1","bfdr_discoveries",0.1,81
20260813,1,500,15,3000,3000,3000,3000,"fast","control_informative",0.05,6,0.01,"","mtada_aggregated","trait1","bfdr_observed_fdp",0.2,0.882978723404255
20260813,1,500,15,3000,3000,3000,3000,"fast","control_informative",0.05,6,0.01,"","mtada_aggregated","trait1","bfdr_estimate",0.2,0.199906110024564
20260813,1,500,15,3000,3000,3000,3000,"fast","control_informative",0.05,6,0.01,"","mtada_aggregated","trait1","bfdr_power",0.2,0.44
20260813,1,500,15,3000,3000,3000,3000,"fast","control_informative",0.05,6,0.01,"","mtada_aggregated","trait1","bfdr_discoveries",0.2,94
20260813,1,500,15,3000,3000,3000,3000,"fast","control_informative",0.05,6,0.01,"","mtada_aggregated","trait2","bfdr_observed_fdp",0.01,0.979166666666667
20260813,1,500,15,3000,3000,3000,3000,"fast","control_informative",0.05,6,0.01,"","mtada_aggregated","trait2","bfdr_estimate",0.01,0.00604748623816733
20260813,1,500,15,3000,3000,3000,3000,"fast","control_informative",0.05,6,0.01,"","mtada_aggregated","trait2","bfdr_power",0.01,0.1
20260813,1,500,15,3000,3000,3000,3000,"fast","control_informative",0.05,6,0.01,"","mtada_aggregated","trait2","bfdr_discoveries",0.01,48
20260813,1,500,15,3000,3000,3000,3000,"fast","control_informative",0.05,6,0.01,"","mtada_aggregated","trait2","bfdr_observed_fdp",0.05,0.944444444444444
20260813,1,500,15,3000,3000,3000,3000,"fast","control_informative",0.05,6,0.01,"","mtada_aggregated","trait2","bfdr_estimate",0.05,0.0449518821191257
20260813,1,500,15,3000,3000,3000,3000,"fast","control_informative",0.05,6,0.01,"","mtada_aggregated","trait2","bfdr_power",0.05,0.3
20260813,1,500,15,3000,3000,3000,3000,"fast","control_informative",0.05,6,0.01,"","mtada_aggregated","trait2","bfdr_discoveries",0.05,54
20260813,1,500,15,3000,3000,3000,3000,"fast","control_informative",0.05,6,0.01,"","mtada_aggregated","trait2","bfdr_observed_fdp",0.1,0.949152542372881
20260813,1,500,15,3000,3000,3000,3000,"fast","control_informative",0.05,6,0.01,"","mtada_aggregated","trait2","bfdr_estimate",0.1,0.0949134642351258
20260813,1,500,15,3000,3000,3000,3000,"fast","control_informative",0.05,6,0.01,"","mtada_aggregated","trait2","bfdr_power",0.1,0.3
20260813,1,500,15,3000,3000,3000,3000,"fast","control_informative",0.05,6,0.01,"","mtada_aggregated","trait2","bfdr_discoveries",0.1,59
20260813,1,500,15,3000,3000,3000,3000,"fast","control_informative",0.05,6,0.01,"","mtada_aggregated","trait2","bfdr_observed_fdp",0.2,0.941176470588235
20260813,1,500,15,3000,3000,3000,3000,"fast","control_informative",0.05,6,0.01,"","mtada_aggregated","trait2","bfdr_estimate",0.2,0.193805006890918
20260813,1,500,15,3000,3000,3000,3000,"fast","control_informative",0.05,6,0.01,"","mtada_aggregated","trait2","bfdr_power",0.2,0.4
20260813,1,500,15,3000,3000,3000,3000,"fast","control_informative",0.05,6,0.01,"","mtada_aggregated","trait2","bfdr_discoveries",0.2,68
20260813,1,500,15,3000,3000,3000,3000,"fast","control_informative",0.05,6,0.01,"","mtada_aggregated","pleiotropy","bfdr_observed_fdp",0.01,0.75
20260813,1,500,15,3000,3000,3000,3000,"fast","control_informative",0.05,6,0.01,"","mtada_aggregated","pleiotropy","bfdr_estimate",0.01,0.00902414745219193
20260813,1,500,15,3000,3000,3000,3000,"fast","control_informative",0.05,6,0.01,"","mtada_aggregated","pleiotropy","bfdr_power",0.01,0.2
20260813,1,500,15,3000,3000,3000,3000,"fast","control_informative",0.05,6,0.01,"","mtada_aggregated","pleiotropy","bfdr_discoveries",0.01,4
20260813,1,500,15,3000,3000,3000,3000,"fast","control_informative",0.05,6,0.01,"","mtada_aggregated","pleiotropy","bfdr_observed_fdp",0.05,0.875
20260813,1,500,15,3000,3000,3000,3000,"fast","control_informative",0.05,6,0.01,"","mtada_aggregated","pleiotropy","bfdr_estimate",0.05,0.0445127623480725
20260813,1,500,15,3000,3000,3000,3000,"fast","control_informative",0.05,6,0.01,"","mtada_aggregated","pleiotropy","bfdr_power",0.05,0.2
20260813,1,500,15,3000,3000,3000,3000,"fast","control_informative",0.05,6,0.01,"","mtada_aggregated","pleiotropy","bfdr_discoveries",0.05,8
20260813,1,500,15,3000,3000,3000,3000,"fast","control_informative",0.05,6,0.01,"","mtada_aggregated","pleiotropy","bfdr_observed_fdp",0.1,0.888888888888889
20260813,1,500,15,3000,3000,3000,3000,"fast","control_informative",0.05,6,0.01,"","mtada_aggregated","pleiotropy","bfdr_estimate",0.1,0.0754820612184404
20260813,1,500,15,3000,3000,3000,3000,"fast","control_informative",0.05,6,0.01,"","mtada_aggregated","pleiotropy","bfdr_power",0.1,0.2
20260813,1,500,15,3000,3000,3000,3000,"fast","control_informative",0.05,6,0.01,"","mtada_aggregated","pleiotropy","bfdr_discoveries",0.1,9
20260813,1,500,15,3000,3000,3000,3000,"fast","control_informative",0.05,6,0.01,"","mtada_aggregated","pleiotropy","bfdr_observed_fdp",0.2,0.909090909090909
20260813,1,500,15,3000,3000,3000,3000,"fast","control_informative",0.05,6,0.01,"","mtada_aggregated","pleiotropy","bfdr_estimate",0.2,0.182006521379634
20260813,1,500,15,3000,3000,3000,3000,"fast","control_informative",0.05,6,0.01,"","mtada_aggregated","pleiotropy","bfdr_power",0.2,0.2
20260813,1,500,15,3000,3000,3000,3000,"fast","control_informative",0.05,6,0.01,"","mtada_aggregated","pleiotropy","bfdr_discoveries",0.2,11
20260813,1,500,15,3000,3000,3000,3000,"fast","control_informative",0.05,6,0.01,"","mtada_aggregated","global","runtime_seconds",NA,0.800999999999995
20260813,1,500,15,3000,3000,3000,3000,"fast","control_informative",0.05,6,0.01,"","mtada_aggregated","pleiotropy","pi11_estimate",NA,0.00247524
20260814,2,500,15,3000,3000,3000,3000,"fast","control_informative",0.05,6,0.01,"","mirage_joint","trait1","auc",NA,0.656757894736842
20260814,2,500,15,3000,3000,3000,3000,"fast","control_informative",0.05,6,0.01,"","mirage_joint","trait2","auc",NA,0.677959183673469
20260814,2,500,15,3000,3000,3000,3000,"fast","control_informative",0.05,6,0.01,"","mirage_joint","pleiotropy","auc",NA,0.772121212121212
20260814,2,500,15,3000,3000,3000,3000,"fast","control_informative",0.05,6,0.01,"","mirage_joint","trait1","pp08_power",0.8,0.04
20260814,2,500,15,3000,3000,3000,3000,"fast","control_informative",0.05,6,0.01,"","mirage_joint","trait1","pp08_fdp",0.8,0.5
20260814,2,500,15,3000,3000,3000,3000,"fast","control_informative",0.05,6,0.01,"","mirage_joint","trait1","pp08_discoveries",0.8,2
20260814,2,500,15,3000,3000,3000,3000,"fast","control_informative",0.05,6,0.01,"","mirage_joint","trait2","pp08_power",0.8,0.1
20260814,2,500,15,3000,3000,3000,3000,"fast","control_informative",0.05,6,0.01,"","mirage_joint","trait2","pp08_fdp",0.8,0
20260814,2,500,15,3000,3000,3000,3000,"fast","control_informative",0.05,6,0.01,"","mirage_joint","trait2","pp08_discoveries",0.8,1
20260814,2,500,15,3000,3000,3000,3000,"fast","control_informative",0.05,6,0.01,"","mirage_joint","pleiotropy","pp08_power",0.8,0
20260814,2,500,15,3000,3000,3000,3000,"fast","control_informative",0.05,6,0.01,"","mirage_joint","pleiotropy","pp08_fdp",0.8,1
20260814,2,500,15,3000,3000,3000,3000,"fast","control_informative",0.05,6,0.01,"","mirage_joint","pleiotropy","pp08_discoveries",0.8,1
20260814,2,500,15,3000,3000,3000,3000,"fast","control_informative",0.05,6,0.01,"","mirage_joint","trait1","bfdr_observed_fdp",0.01,0
20260814,2,500,15,3000,3000,3000,3000,"fast","control_informative",0.05,6,0.01,"","mirage_joint","trait1","bfdr_estimate",0.01,1.33226762955019e-15
20260814,2,500,15,3000,3000,3000,3000,"fast","control_informative",0.05,6,0.01,"","mirage_joint","trait1","bfdr_power",0.01,0.04
20260814,2,500,15,3000,3000,3000,3000,"fast","control_informative",0.05,6,0.01,"","mirage_joint","trait1","bfdr_discoveries",0.01,1
20260814,2,500,15,3000,3000,3000,3000,"fast","control_informative",0.05,6,0.01,"","mirage_joint","trait1","bfdr_observed_fdp",0.05,0.5
20260814,2,500,15,3000,3000,3000,3000,"fast","control_informative",0.05,6,0.01,"","mirage_joint","trait1","bfdr_estimate",0.05,0.0228905287007108
20260814,2,500,15,3000,3000,3000,3000,"fast","control_informative",0.05,6,0.01,"","mirage_joint","trait1","bfdr_power",0.05,0.04
20260814,2,500,15,3000,3000,3000,3000,"fast","control_informative",0.05,6,0.01,"","mirage_joint","trait1","bfdr_discoveries",0.05,2
20260814,2,500,15,3000,3000,3000,3000,"fast","control_informative",0.05,6,0.01,"","mirage_joint","trait1","bfdr_observed_fdp",0.1,0.5
20260814,2,500,15,3000,3000,3000,3000,"fast","control_informative",0.05,6,0.01,"","mirage_joint","trait1","bfdr_estimate",0.1,0.0228905287007108
20260814,2,500,15,3000,3000,3000,3000,"fast","control_informative",0.05,6,0.01,"","mirage_joint","trait1","bfdr_power",0.1,0.04
20260814,2,500,15,3000,3000,3000,3000,"fast","control_informative",0.05,6,0.01,"","mirage_joint","trait1","bfdr_discoveries",0.1,2
20260814,2,500,15,3000,3000,3000,3000,"fast","control_informative",0.05,6,0.01,"","mirage_joint","trait1","bfdr_observed_fdp",0.2,0.4
20260814,2,500,15,3000,3000,3000,3000,"fast","control_informative",0.05,6,0.01,"","mirage_joint","trait1","bfdr_estimate",0.2,0.178815345011503
20260814,2,500,15,3000,3000,3000,3000,"fast","control_informative",0.05,6,0.01,"","mirage_joint","trait1","bfdr_power",0.2,0.12
20260814,2,500,15,3000,3000,3000,3000,"fast","control_informative",0.05,6,0.01,"","mirage_joint","trait1","bfdr_discoveries",0.2,5
20260814,2,500,15,3000,3000,3000,3000,"fast","control_informative",0.05,6,0.01,"","mirage_joint","trait2","bfdr_observed_fdp",0.01,0
20260814,2,500,15,3000,3000,3000,3000,"fast","control_informative",0.05,6,0.01,"","mirage_joint","trait2","bfdr_estimate",0.01,0.000616038415173881
20260814,2,500,15,3000,3000,3000,3000,"fast","control_informative",0.05,6,0.01,"","mirage_joint","trait2","bfdr_power",0.01,0.1
20260814,2,500,15,3000,3000,3000,3000,"fast","control_informative",0.05,6,0.01,"","mirage_joint","trait2","bfdr_discoveries",0.01,1
20260814,2,500,15,3000,3000,3000,3000,"fast","control_informative",0.05,6,0.01,"","mirage_joint","trait2","bfdr_observed_fdp",0.05,0
20260814,2,500,15,3000,3000,3000,3000,"fast","control_informative",0.05,6,0.01,"","mirage_joint","trait2","bfdr_estimate",0.05,0.000616038415173881
20260814,2,500,15,3000,3000,3000,3000,"fast","control_informative",0.05,6,0.01,"","mirage_joint","trait2","bfdr_power",0.05,0.1
20260814,2,500,15,3000,3000,3000,3000,"fast","control_informative",0.05,6,0.01,"","mirage_joint","trait2","bfdr_discoveries",0.05,1
20260814,2,500,15,3000,3000,3000,3000,"fast","control_informative",0.05,6,0.01,"","mirage_joint","trait2","bfdr_observed_fdp",0.1,0
20260814,2,500,15,3000,3000,3000,3000,"fast","control_informative",0.05,6,0.01,"","mirage_joint","trait2","bfdr_estimate",0.1,0.000616038415173881
20260814,2,500,15,3000,3000,3000,3000,"fast","control_informative",0.05,6,0.01,"","mirage_joint","trait2","bfdr_power",0.1,0.1
20260814,2,500,15,3000,3000,3000,3000,"fast","control_informative",0.05,6,0.01,"","mirage_joint","trait2","bfdr_discoveries",0.1,1
20260814,2,500,15,3000,3000,3000,3000,"fast","control_informative",0.05,6,0.01,"","mirage_joint","trait2","bfdr_observed_fdp",0.2,0
20260814,2,500,15,3000,3000,3000,3000,"fast","control_informative",0.05,6,0.01,"","mirage_joint","trait2","bfdr_estimate",0.2,0.104803625516504
20260814,2,500,15,3000,3000,3000,3000,"fast","control_informative",0.05,6,0.01,"","mirage_joint","trait2","bfdr_power",0.2,0.2
20260814,2,500,15,3000,3000,3000,3000,"fast","control_informative",0.05,6,0.01,"","mirage_joint","trait2","bfdr_discoveries",0.2,2
20260814,2,500,15,3000,3000,3000,3000,"fast","control_informative",0.05,6,0.01,"","mirage_joint","pleiotropy","bfdr_observed_fdp",0.01,0
20260814,2,500,15,3000,3000,3000,3000,"fast","control_informative",0.05,6,0.01,"","mirage_joint","pleiotropy","bfdr_estimate",0.01,0
20260814,2,500,15,3000,3000,3000,3000,"fast","control_informative",0.05,6,0.01,"","mirage_joint","pleiotropy","bfdr_power",0.01,0
20260814,2,500,15,3000,3000,3000,3000,"fast","control_informative",0.05,6,0.01,"","mirage_joint","pleiotropy","bfdr_discoveries",0.01,0
20260814,2,500,15,3000,3000,3000,3000,"fast","control_informative",0.05,6,0.01,"","mirage_joint","pleiotropy","bfdr_observed_fdp",0.05,1
20260814,2,500,15,3000,3000,3000,3000,"fast","control_informative",0.05,6,0.01,"","mirage_joint","pleiotropy","bfdr_estimate",0.05,0.04581463705882
20260814,2,500,15,3000,3000,3000,3000,"fast","control_informative",0.05,6,0.01,"","mirage_joint","pleiotropy","bfdr_power",0.05,0
20260814,2,500,15,3000,3000,3000,3000,"fast","control_informative",0.05,6,0.01,"","mirage_joint","pleiotropy","bfdr_discoveries",0.05,1
20260814,2,500,15,3000,3000,3000,3000,"fast","control_informative",0.05,6,0.01,"","mirage_joint","pleiotropy","bfdr_observed_fdp",0.1,1
20260814,2,500,15,3000,3000,3000,3000,"fast","control_informative",0.05,6,0.01,"","mirage_joint","pleiotropy","bfdr_estimate",0.1,0.04581463705882
20260814,2,500,15,3000,3000,3000,3000,"fast","control_informative",0.05,6,0.01,"","mirage_joint","pleiotropy","bfdr_power",0.1,0
20260814,2,500,15,3000,3000,3000,3000,"fast","control_informative",0.05,6,0.01,"","mirage_joint","pleiotropy","bfdr_discoveries",0.1,1
20260814,2,500,15,3000,3000,3000,3000,"fast","control_informative",0.05,6,0.01,"","mirage_joint","pleiotropy","bfdr_observed_fdp",0.2,0.5
20260814,2,500,15,3000,3000,3000,3000,"fast","control_informative",0.05,6,0.01,"","mirage_joint","pleiotropy","bfdr_estimate",0.2,0.127402924838327
20260814,2,500,15,3000,3000,3000,3000,"fast","control_informative",0.05,6,0.01,"","mirage_joint","pleiotropy","bfdr_power",0.2,0.2
20260814,2,500,15,3000,3000,3000,3000,"fast","control_informative",0.05,6,0.01,"","mirage_joint","pleiotropy","bfdr_discoveries",0.2,2
20260814,2,500,15,3000,3000,3000,3000,"fast","control_informative",0.05,6,0.01,"","mirage_joint","global","runtime_seconds",NA,17.956
20260814,2,500,15,3000,3000,3000,3000,"fast","control_informative",0.05,6,0.01,"","mirage_joint","pleiotropy","pi11_estimate",NA,0.0460426370341298
20260814,2,500,15,3000,3000,3000,3000,"fast","control_informative",0.05,6,0.01,"","separate_mirage","trait1","auc",NA,0.659368421052632
20260814,2,500,15,3000,3000,3000,3000,"fast","control_informative",0.05,6,0.01,"","separate_mirage","trait2","auc",NA,0.769183673469388
20260814,2,500,15,3000,3000,3000,3000,"fast","control_informative",0.05,6,0.01,"","separate_mirage","pleiotropy","auc",NA,0.827070707070707
20260814,2,500,15,3000,3000,3000,3000,"fast","control_informative",0.05,6,0.01,"","separate_mirage","trait1","pp08_power",0.8,0.04
20260814,2,500,15,3000,3000,3000,3000,"fast","control_informative",0.05,6,0.01,"","separate_mirage","trait1","pp08_fdp",0.8,0
20260814,2,500,15,3000,3000,3000,3000,"fast","control_informative",0.05,6,0.01,"","separate_mirage","trait1","pp08_discoveries",0.8,1
20260814,2,500,15,3000,3000,3000,3000,"fast","control_informative",0.05,6,0.01,"","separate_mirage","trait2","pp08_power",0.8,0.1
20260814,2,500,15,3000,3000,3000,3000,"fast","control_informative",0.05,6,0.01,"","separate_mirage","trait2","pp08_fdp",0.8,0
20260814,2,500,15,3000,3000,3000,3000,"fast","control_informative",0.05,6,0.01,"","separate_mirage","trait2","pp08_discoveries",0.8,1
20260814,2,500,15,3000,3000,3000,3000,"fast","control_informative",0.05,6,0.01,"","separate_mirage","pleiotropy","pp08_power",0.8,0
20260814,2,500,15,3000,3000,3000,3000,"fast","control_informative",0.05,6,0.01,"","separate_mirage","pleiotropy","pp08_fdp",0.8,0
20260814,2,500,15,3000,3000,3000,3000,"fast","control_informative",0.05,6,0.01,"","separate_mirage","pleiotropy","pp08_discoveries",0.8,0
20260814,2,500,15,3000,3000,3000,3000,"fast","control_informative",0.05,6,0.01,"","separate_mirage","trait1","bfdr_observed_fdp",0.01,0
20260814,2,500,15,3000,3000,3000,3000,"fast","control_informative",0.05,6,0.01,"","separate_mirage","trait1","bfdr_estimate",0.01,-4.44089209850063e-16
20260814,2,500,15,3000,3000,3000,3000,"fast","control_informative",0.05,6,0.01,"","separate_mirage","trait1","bfdr_power",0.01,0.04
20260814,2,500,15,3000,3000,3000,3000,"fast","control_informative",0.05,6,0.01,"","separate_mirage","trait1","bfdr_discoveries",0.01,1
20260814,2,500,15,3000,3000,3000,3000,"fast","control_informative",0.05,6,0.01,"","separate_mirage","trait1","bfdr_observed_fdp",0.05,0
20260814,2,500,15,3000,3000,3000,3000,"fast","control_informative",0.05,6,0.01,"","separate_mirage","trait1","bfdr_estimate",0.05,-4.44089209850063e-16
20260814,2,500,15,3000,3000,3000,3000,"fast","control_informative",0.05,6,0.01,"","separate_mirage","trait1","bfdr_power",0.05,0.04
20260814,2,500,15,3000,3000,3000,3000,"fast","control_informative",0.05,6,0.01,"","separate_mirage","trait1","bfdr_discoveries",0.05,1
20260814,2,500,15,3000,3000,3000,3000,"fast","control_informative",0.05,6,0.01,"","separate_mirage","trait1","bfdr_observed_fdp",0.1,0
20260814,2,500,15,3000,3000,3000,3000,"fast","control_informative",0.05,6,0.01,"","separate_mirage","trait1","bfdr_estimate",0.1,-4.44089209850063e-16
20260814,2,500,15,3000,3000,3000,3000,"fast","control_informative",0.05,6,0.01,"","separate_mirage","trait1","bfdr_power",0.1,0.04
20260814,2,500,15,3000,3000,3000,3000,"fast","control_informative",0.05,6,0.01,"","separate_mirage","trait1","bfdr_discoveries",0.1,1
20260814,2,500,15,3000,3000,3000,3000,"fast","control_informative",0.05,6,0.01,"","separate_mirage","trait1","bfdr_observed_fdp",0.2,0.333333333333333
20260814,2,500,15,3000,3000,3000,3000,"fast","control_informative",0.05,6,0.01,"","separate_mirage","trait1","bfdr_estimate",0.2,0.179098131069158
20260814,2,500,15,3000,3000,3000,3000,"fast","control_informative",0.05,6,0.01,"","separate_mirage","trait1","bfdr_power",0.2,0.08
20260814,2,500,15,3000,3000,3000,3000,"fast","control_informative",0.05,6,0.01,"","separate_mirage","trait1","bfdr_discoveries",0.2,3
20260814,2,500,15,3000,3000,3000,3000,"fast","control_informative",0.05,6,0.01,"","separate_mirage","trait2","bfdr_observed_fdp",0.01,0
20260814,2,500,15,3000,3000,3000,3000,"fast","control_informative",0.05,6,0.01,"","separate_mirage","trait2","bfdr_estimate",0.01,0.00133787087149173
20260814,2,500,15,3000,3000,3000,3000,"fast","control_informative",0.05,6,0.01,"","separate_mirage","trait2","bfdr_power",0.01,0.1
20260814,2,500,15,3000,3000,3000,3000,"fast","control_informative",0.05,6,0.01,"","separate_mirage","trait2","bfdr_discoveries",0.01,1
20260814,2,500,15,3000,3000,3000,3000,"fast","control_informative",0.05,6,0.01,"","separate_mirage","trait2","bfdr_observed_fdp",0.05,0
20260814,2,500,15,3000,3000,3000,3000,"fast","control_informative",0.05,6,0.01,"","separate_mirage","trait2","bfdr_estimate",0.05,0.00133787087149173
20260814,2,500,15,3000,3000,3000,3000,"fast","control_informative",0.05,6,0.01,"","separate_mirage","trait2","bfdr_power",0.05,0.1
20260814,2,500,15,3000,3000,3000,3000,"fast","control_informative",0.05,6,0.01,"","separate_mirage","trait2","bfdr_discoveries",0.05,1
20260814,2,500,15,3000,3000,3000,3000,"fast","control_informative",0.05,6,0.01,"","separate_mirage","trait2","bfdr_observed_fdp",0.1,0
20260814,2,500,15,3000,3000,3000,3000,"fast","control_informative",0.05,6,0.01,"","separate_mirage","trait2","bfdr_estimate",0.1,0.00133787087149173
20260814,2,500,15,3000,3000,3000,3000,"fast","control_informative",0.05,6,0.01,"","separate_mirage","trait2","bfdr_power",0.1,0.1
20260814,2,500,15,3000,3000,3000,3000,"fast","control_informative",0.05,6,0.01,"","separate_mirage","trait2","bfdr_discoveries",0.1,1
20260814,2,500,15,3000,3000,3000,3000,"fast","control_informative",0.05,6,0.01,"","separate_mirage","trait2","bfdr_observed_fdp",0.2,0
20260814,2,500,15,3000,3000,3000,3000,"fast","control_informative",0.05,6,0.01,"","separate_mirage","trait2","bfdr_estimate",0.2,0.00133787087149173
20260814,2,500,15,3000,3000,3000,3000,"fast","control_informative",0.05,6,0.01,"","separate_mirage","trait2","bfdr_power",0.2,0.1
20260814,2,500,15,3000,3000,3000,3000,"fast","control_informative",0.05,6,0.01,"","separate_mirage","trait2","bfdr_discoveries",0.2,1
20260814,2,500,15,3000,3000,3000,3000,"fast","control_informative",0.05,6,0.01,"","separate_mirage","pleiotropy","bfdr_observed_fdp",0.01,0
20260814,2,500,15,3000,3000,3000,3000,"fast","control_informative",0.05,6,0.01,"","separate_mirage","pleiotropy","bfdr_estimate",0.01,0
20260814,2,500,15,3000,3000,3000,3000,"fast","control_informative",0.05,6,0.01,"","separate_mirage","pleiotropy","bfdr_power",0.01,0
20260814,2,500,15,3000,3000,3000,3000,"fast","control_informative",0.05,6,0.01,"","separate_mirage","pleiotropy","bfdr_discoveries",0.01,0
20260814,2,500,15,3000,3000,3000,3000,"fast","control_informative",0.05,6,0.01,"","separate_mirage","pleiotropy","bfdr_observed_fdp",0.05,0
20260814,2,500,15,3000,3000,3000,3000,"fast","control_informative",0.05,6,0.01,"","separate_mirage","pleiotropy","bfdr_estimate",0.05,0
20260814,2,500,15,3000,3000,3000,3000,"fast","control_informative",0.05,6,0.01,"","separate_mirage","pleiotropy","bfdr_power",0.05,0
20260814,2,500,15,3000,3000,3000,3000,"fast","control_informative",0.05,6,0.01,"","separate_mirage","pleiotropy","bfdr_discoveries",0.05,0
20260814,2,500,15,3000,3000,3000,3000,"fast","control_informative",0.05,6,0.01,"","separate_mirage","pleiotropy","bfdr_observed_fdp",0.1,0
20260814,2,500,15,3000,3000,3000,3000,"fast","control_informative",0.05,6,0.01,"","separate_mirage","pleiotropy","bfdr_estimate",0.1,0
20260814,2,500,15,3000,3000,3000,3000,"fast","control_informative",0.05,6,0.01,"","separate_mirage","pleiotropy","bfdr_power",0.1,0
20260814,2,500,15,3000,3000,3000,3000,"fast","control_informative",0.05,6,0.01,"","separate_mirage","pleiotropy","bfdr_discoveries",0.1,0
20260814,2,500,15,3000,3000,3000,3000,"fast","control_informative",0.05,6,0.01,"","separate_mirage","pleiotropy","bfdr_observed_fdp",0.2,0
20260814,2,500,15,3000,3000,3000,3000,"fast","control_informative",0.05,6,0.01,"","separate_mirage","pleiotropy","bfdr_estimate",0.2,0
20260814,2,500,15,3000,3000,3000,3000,"fast","control_informative",0.05,6,0.01,"","separate_mirage","pleiotropy","bfdr_power",0.2,0
20260814,2,500,15,3000,3000,3000,3000,"fast","control_informative",0.05,6,0.01,"","separate_mirage","pleiotropy","bfdr_discoveries",0.2,0
20260814,2,500,15,3000,3000,3000,3000,"fast","control_informative",0.05,6,0.01,"","separate_mirage","global","runtime_seconds",NA,17.972
20260814,2,500,15,3000,3000,3000,3000,"fast","control_informative",0.05,6,0.01,"","separate_mirage","pleiotropy","pi11_estimate",NA,0.001
20260814,2,500,15,3000,3000,3000,3000,"fast","control_informative",0.05,6,0.01,"","mtada_aggregated","trait1","auc",NA,0.609684210526316
20260814,2,500,15,3000,3000,3000,3000,"fast","control_informative",0.05,6,0.01,"","mtada_aggregated","trait2","auc",NA,0.738571428571429
20260814,2,500,15,3000,3000,3000,3000,"fast","control_informative",0.05,6,0.01,"","mtada_aggregated","pleiotropy","auc",NA,0.655353535353535
20260814,2,500,15,3000,3000,3000,3000,"fast","control_informative",0.05,6,0.01,"","mtada_aggregated","trait1","pp08_power",0.8,0.2
20260814,2,500,15,3000,3000,3000,3000,"fast","control_informative",0.05,6,0.01,"","mtada_aggregated","trait1","pp08_fdp",0.8,0.907407407407407
20260814,2,500,15,3000,3000,3000,3000,"fast","control_informative",0.05,6,0.01,"","mtada_aggregated","trait1","pp08_discoveries",0.8,54
20260814,2,500,15,3000,3000,3000,3000,"fast","control_informative",0.05,6,0.01,"","mtada_aggregated","trait2","pp08_power",0.8,0.3
20260814,2,500,15,3000,3000,3000,3000,"fast","control_informative",0.05,6,0.01,"","mtada_aggregated","trait2","pp08_fdp",0.8,0.941176470588235
20260814,2,500,15,3000,3000,3000,3000,"fast","control_informative",0.05,6,0.01,"","mtada_aggregated","trait2","pp08_discoveries",0.8,51
20260814,2,500,15,3000,3000,3000,3000,"fast","control_informative",0.05,6,0.01,"","mtada_aggregated","pleiotropy","pp08_power",0.8,0.2
20260814,2,500,15,3000,3000,3000,3000,"fast","control_informative",0.05,6,0.01,"","mtada_aggregated","pleiotropy","pp08_fdp",0.8,0.857142857142857
20260814,2,500,15,3000,3000,3000,3000,"fast","control_informative",0.05,6,0.01,"","mtada_aggregated","pleiotropy","pp08_discoveries",0.8,7
20260814,2,500,15,3000,3000,3000,3000,"fast","control_informative",0.05,6,0.01,"","mtada_aggregated","trait1","bfdr_observed_fdp",0.01,0.907407407407407
20260814,2,500,15,3000,3000,3000,3000,"fast","control_informative",0.05,6,0.01,"","mtada_aggregated","trait1","bfdr_estimate",0.01,0.00964365260931532
20260814,2,500,15,3000,3000,3000,3000,"fast","control_informative",0.05,6,0.01,"","mtada_aggregated","trait1","bfdr_power",0.01,0.2
20260814,2,500,15,3000,3000,3000,3000,"fast","control_informative",0.05,6,0.01,"","mtada_aggregated","trait1","bfdr_discoveries",0.01,54
20260814,2,500,15,3000,3000,3000,3000,"fast","control_informative",0.05,6,0.01,"","mtada_aggregated","trait1","bfdr_observed_fdp",0.05,0.901639344262295
20260814,2,500,15,3000,3000,3000,3000,"fast","control_informative",0.05,6,0.01,"","mtada_aggregated","trait1","bfdr_estimate",0.05,0.0487355808608151
20260814,2,500,15,3000,3000,3000,3000,"fast","control_informative",0.05,6,0.01,"","mtada_aggregated","trait1","bfdr_power",0.05,0.24
20260814,2,500,15,3000,3000,3000,3000,"fast","control_informative",0.05,6,0.01,"","mtada_aggregated","trait1","bfdr_discoveries",0.05,61
20260814,2,500,15,3000,3000,3000,3000,"fast","control_informative",0.05,6,0.01,"","mtada_aggregated","trait1","bfdr_observed_fdp",0.1,0.893939393939394
20260814,2,500,15,3000,3000,3000,3000,"fast","control_informative",0.05,6,0.01,"","mtada_aggregated","trait1","bfdr_estimate",0.1,0.0916836483661281
20260814,2,500,15,3000,3000,3000,3000,"fast","control_informative",0.05,6,0.01,"","mtada_aggregated","trait1","bfdr_power",0.1,0.28
20260814,2,500,15,3000,3000,3000,3000,"fast","control_informative",0.05,6,0.01,"","mtada_aggregated","trait1","bfdr_discoveries",0.1,66
20260814,2,500,15,3000,3000,3000,3000,"fast","control_informative",0.05,6,0.01,"","mtada_aggregated","trait1","bfdr_observed_fdp",0.2,0.909090909090909
20260814,2,500,15,3000,3000,3000,3000,"fast","control_informative",0.05,6,0.01,"","mtada_aggregated","trait1","bfdr_estimate",0.2,0.197262228465621
20260814,2,500,15,3000,3000,3000,3000,"fast","control_informative",0.05,6,0.01,"","mtada_aggregated","trait1","bfdr_power",0.2,0.28
20260814,2,500,15,3000,3000,3000,3000,"fast","control_informative",0.05,6,0.01,"","mtada_aggregated","trait1","bfdr_discoveries",0.2,77
20260814,2,500,15,3000,3000,3000,3000,"fast","control_informative",0.05,6,0.01,"","mtada_aggregated","trait2","bfdr_observed_fdp",0.01,0.934782608695652
20260814,2,500,15,3000,3000,3000,3000,"fast","control_informative",0.05,6,0.01,"","mtada_aggregated","trait2","bfdr_estimate",0.01,0.00822384145122452
20260814,2,500,15,3000,3000,3000,3000,"fast","control_informative",0.05,6,0.01,"","mtada_aggregated","trait2","bfdr_power",0.01,0.3
20260814,2,500,15,3000,3000,3000,3000,"fast","control_informative",0.05,6,0.01,"","mtada_aggregated","trait2","bfdr_discoveries",0.01,46
20260814,2,500,15,3000,3000,3000,3000,"fast","control_informative",0.05,6,0.01,"","mtada_aggregated","trait2","bfdr_observed_fdp",0.05,0.946428571428571
20260814,2,500,15,3000,3000,3000,3000,"fast","control_informative",0.05,6,0.01,"","mtada_aggregated","trait2","bfdr_estimate",0.05,0.0479834082922077
20260814,2,500,15,3000,3000,3000,3000,"fast","control_informative",0.05,6,0.01,"","mtada_aggregated","trait2","bfdr_power",0.05,0.3
20260814,2,500,15,3000,3000,3000,3000,"fast","control_informative",0.05,6,0.01,"","mtada_aggregated","trait2","bfdr_discoveries",0.05,56
20260814,2,500,15,3000,3000,3000,3000,"fast","control_informative",0.05,6,0.01,"","mtada_aggregated","trait2","bfdr_observed_fdp",0.1,0.935483870967742
20260814,2,500,15,3000,3000,3000,3000,"fast","control_informative",0.05,6,0.01,"","mtada_aggregated","trait2","bfdr_estimate",0.1,0.0944801241898996
20260814,2,500,15,3000,3000,3000,3000,"fast","control_informative",0.05,6,0.01,"","mtada_aggregated","trait2","bfdr_power",0.1,0.4
20260814,2,500,15,3000,3000,3000,3000,"fast","control_informative",0.05,6,0.01,"","mtada_aggregated","trait2","bfdr_discoveries",0.1,62
20260814,2,500,15,3000,3000,3000,3000,"fast","control_informative",0.05,6,0.01,"","mtada_aggregated","trait2","bfdr_observed_fdp",0.2,0.945205479452055
20260814,2,500,15,3000,3000,3000,3000,"fast","control_informative",0.05,6,0.01,"","mtada_aggregated","trait2","bfdr_estimate",0.2,0.195151469529489
20260814,2,500,15,3000,3000,3000,3000,"fast","control_informative",0.05,6,0.01,"","mtada_aggregated","trait2","bfdr_power",0.2,0.4
20260814,2,500,15,3000,3000,3000,3000,"fast","control_informative",0.05,6,0.01,"","mtada_aggregated","trait2","bfdr_discoveries",0.2,73
20260814,2,500,15,3000,3000,3000,3000,"fast","control_informative",0.05,6,0.01,"","mtada_aggregated","pleiotropy","bfdr_observed_fdp",0.01,0.857142857142857
20260814,2,500,15,3000,3000,3000,3000,"fast","control_informative",0.05,6,0.01,"","mtada_aggregated","pleiotropy","bfdr_estimate",0.01,0.0097827390003763
20260814,2,500,15,3000,3000,3000,3000,"fast","control_informative",0.05,6,0.01,"","mtada_aggregated","pleiotropy","bfdr_power",0.01,0.2
20260814,2,500,15,3000,3000,3000,3000,"fast","control_informative",0.05,6,0.01,"","mtada_aggregated","pleiotropy","bfdr_discoveries",0.01,7
20260814,2,500,15,3000,3000,3000,3000,"fast","control_informative",0.05,6,0.01,"","mtada_aggregated","pleiotropy","bfdr_observed_fdp",0.05,0.875
20260814,2,500,15,3000,3000,3000,3000,"fast","control_informative",0.05,6,0.01,"","mtada_aggregated","pleiotropy","bfdr_estimate",0.05,0.0380703977908165
20260814,2,500,15,3000,3000,3000,3000,"fast","control_informative",0.05,6,0.01,"","mtada_aggregated","pleiotropy","bfdr_power",0.05,0.2
20260814,2,500,15,3000,3000,3000,3000,"fast","control_informative",0.05,6,0.01,"","mtada_aggregated","pleiotropy","bfdr_discoveries",0.05,8
20260814,2,500,15,3000,3000,3000,3000,"fast","control_informative",0.05,6,0.01,"","mtada_aggregated","pleiotropy","bfdr_observed_fdp",0.1,0.9
20260814,2,500,15,3000,3000,3000,3000,"fast","control_informative",0.05,6,0.01,"","mtada_aggregated","pleiotropy","bfdr_estimate",0.1,0.0980942653944587
20260814,2,500,15,3000,3000,3000,3000,"fast","control_informative",0.05,6,0.01,"","mtada_aggregated","pleiotropy","bfdr_power",0.1,0.2
20260814,2,500,15,3000,3000,3000,3000,"fast","control_informative",0.05,6,0.01,"","mtada_aggregated","pleiotropy","bfdr_discoveries",0.1,10
20260814,2,500,15,3000,3000,3000,3000,"fast","control_informative",0.05,6,0.01,"","mtada_aggregated","pleiotropy","bfdr_observed_fdp",0.2,0.916666666666667
20260814,2,500,15,3000,3000,3000,3000,"fast","control_informative",0.05,6,0.01,"","mtada_aggregated","pleiotropy","bfdr_estimate",0.2,0.177303684782946
20260814,2,500,15,3000,3000,3000,3000,"fast","control_informative",0.05,6,0.01,"","mtada_aggregated","pleiotropy","bfdr_power",0.2,0.2
20260814,2,500,15,3000,3000,3000,3000,"fast","control_informative",0.05,6,0.01,"","mtada_aggregated","pleiotropy","bfdr_discoveries",0.2,12
20260814,2,500,15,3000,3000,3000,3000,"fast","control_informative",0.05,6,0.01,"","mtada_aggregated","global","runtime_seconds",NA,0.956999999999994
20260814,2,500,15,3000,3000,3000,3000,"fast","control_informative",0.05,6,0.01,"","mtada_aggregated","pleiotropy","pi11_estimate",NA,0.0029322
20260815,3,500,15,3000,3000,3000,3000,"fast","control_informative",0.05,6,0.01,"","mirage_joint","trait1","auc",NA,0.687831578947368
20260815,3,500,15,3000,3000,3000,3000,"fast","control_informative",0.05,6,0.01,"","mirage_joint","trait2","auc",NA,0.761020408163265
20260815,3,500,15,3000,3000,3000,3000,"fast","control_informative",0.05,6,0.01,"","mirage_joint","pleiotropy","auc",NA,0.827474747474747
20260815,3,500,15,3000,3000,3000,3000,"fast","control_informative",0.05,6,0.01,"","mirage_joint","trait1","pp08_power",0.8,0.08
20260815,3,500,15,3000,3000,3000,3000,"fast","control_informative",0.05,6,0.01,"","mirage_joint","trait1","pp08_fdp",0.8,0.333333333333333
20260815,3,500,15,3000,3000,3000,3000,"fast","control_informative",0.05,6,0.01,"","mirage_joint","trait1","pp08_discoveries",0.8,3
20260815,3,500,15,3000,3000,3000,3000,"fast","control_informative",0.05,6,0.01,"","mirage_joint","trait2","pp08_power",0.8,0.1
20260815,3,500,15,3000,3000,3000,3000,"fast","control_informative",0.05,6,0.01,"","mirage_joint","trait2","pp08_fdp",0.8,0
20260815,3,500,15,3000,3000,3000,3000,"fast","control_informative",0.05,6,0.01,"","mirage_joint","trait2","pp08_discoveries",0.8,1
20260815,3,500,15,3000,3000,3000,3000,"fast","control_informative",0.05,6,0.01,"","mirage_joint","pleiotropy","pp08_power",0.8,0
20260815,3,500,15,3000,3000,3000,3000,"fast","control_informative",0.05,6,0.01,"","mirage_joint","pleiotropy","pp08_fdp",0.8,0
20260815,3,500,15,3000,3000,3000,3000,"fast","control_informative",0.05,6,0.01,"","mirage_joint","pleiotropy","pp08_discoveries",0.8,0
20260815,3,500,15,3000,3000,3000,3000,"fast","control_informative",0.05,6,0.01,"","mirage_joint","trait1","bfdr_observed_fdp",0.01,0
20260815,3,500,15,3000,3000,3000,3000,"fast","control_informative",0.05,6,0.01,"","mirage_joint","trait1","bfdr_estimate",0.01,1.64518739105834e-05
20260815,3,500,15,3000,3000,3000,3000,"fast","control_informative",0.05,6,0.01,"","mirage_joint","trait1","bfdr_power",0.01,0.08
20260815,3,500,15,3000,3000,3000,3000,"fast","control_informative",0.05,6,0.01,"","mirage_joint","trait1","bfdr_discoveries",0.01,2
20260815,3,500,15,3000,3000,3000,3000,"fast","control_informative",0.05,6,0.01,"","mirage_joint","trait1","bfdr_observed_fdp",0.05,0
20260815,3,500,15,3000,3000,3000,3000,"fast","control_informative",0.05,6,0.01,"","mirage_joint","trait1","bfdr_estimate",0.05,1.64518739105834e-05
20260815,3,500,15,3000,3000,3000,3000,"fast","control_informative",0.05,6,0.01,"","mirage_joint","trait1","bfdr_power",0.05,0.08
20260815,3,500,15,3000,3000,3000,3000,"fast","control_informative",0.05,6,0.01,"","mirage_joint","trait1","bfdr_discoveries",0.05,2
20260815,3,500,15,3000,3000,3000,3000,"fast","control_informative",0.05,6,0.01,"","mirage_joint","trait1","bfdr_observed_fdp",0.1,0.333333333333333
20260815,3,500,15,3000,3000,3000,3000,"fast","control_informative",0.05,6,0.01,"","mirage_joint","trait1","bfdr_estimate",0.1,0.0507343044474977
20260815,3,500,15,3000,3000,3000,3000,"fast","control_informative",0.05,6,0.01,"","mirage_joint","trait1","bfdr_power",0.1,0.08
20260815,3,500,15,3000,3000,3000,3000,"fast","control_informative",0.05,6,0.01,"","mirage_joint","trait1","bfdr_discoveries",0.1,3
20260815,3,500,15,3000,3000,3000,3000,"fast","control_informative",0.05,6,0.01,"","mirage_joint","trait1","bfdr_observed_fdp",0.2,0.25
20260815,3,500,15,3000,3000,3000,3000,"fast","control_informative",0.05,6,0.01,"","mirage_joint","trait1","bfdr_estimate",0.2,0.165644066863892
20260815,3,500,15,3000,3000,3000,3000,"fast","control_informative",0.05,6,0.01,"","mirage_joint","trait1","bfdr_power",0.2,0.12
20260815,3,500,15,3000,3000,3000,3000,"fast","control_informative",0.05,6,0.01,"","mirage_joint","trait1","bfdr_discoveries",0.2,4
20260815,3,500,15,3000,3000,3000,3000,"fast","control_informative",0.05,6,0.01,"","mirage_joint","trait2","bfdr_observed_fdp",0.01,0
20260815,3,500,15,3000,3000,3000,3000,"fast","control_informative",0.05,6,0.01,"","mirage_joint","trait2","bfdr_estimate",0.01,0
20260815,3,500,15,3000,3000,3000,3000,"fast","control_informative",0.05,6,0.01,"","mirage_joint","trait2","bfdr_power",0.01,0
20260815,3,500,15,3000,3000,3000,3000,"fast","control_informative",0.05,6,0.01,"","mirage_joint","trait2","bfdr_discoveries",0.01,0
20260815,3,500,15,3000,3000,3000,3000,"fast","control_informative",0.05,6,0.01,"","mirage_joint","trait2","bfdr_observed_fdp",0.05,0
20260815,3,500,15,3000,3000,3000,3000,"fast","control_informative",0.05,6,0.01,"","mirage_joint","trait2","bfdr_estimate",0.05,0
20260815,3,500,15,3000,3000,3000,3000,"fast","control_informative",0.05,6,0.01,"","mirage_joint","trait2","bfdr_power",0.05,0
20260815,3,500,15,3000,3000,3000,3000,"fast","control_informative",0.05,6,0.01,"","mirage_joint","trait2","bfdr_discoveries",0.05,0
20260815,3,500,15,3000,3000,3000,3000,"fast","control_informative",0.05,6,0.01,"","mirage_joint","trait2","bfdr_observed_fdp",0.1,0
20260815,3,500,15,3000,3000,3000,3000,"fast","control_informative",0.05,6,0.01,"","mirage_joint","trait2","bfdr_estimate",0.1,0
20260815,3,500,15,3000,3000,3000,3000,"fast","control_informative",0.05,6,0.01,"","mirage_joint","trait2","bfdr_power",0.1,0
20260815,3,500,15,3000,3000,3000,3000,"fast","control_informative",0.05,6,0.01,"","mirage_joint","trait2","bfdr_discoveries",0.1,0
20260815,3,500,15,3000,3000,3000,3000,"fast","control_informative",0.05,6,0.01,"","mirage_joint","trait2","bfdr_observed_fdp",0.2,0
20260815,3,500,15,3000,3000,3000,3000,"fast","control_informative",0.05,6,0.01,"","mirage_joint","trait2","bfdr_estimate",0.2,0.188346816550606
20260815,3,500,15,3000,3000,3000,3000,"fast","control_informative",0.05,6,0.01,"","mirage_joint","trait2","bfdr_power",0.2,0.1
20260815,3,500,15,3000,3000,3000,3000,"fast","control_informative",0.05,6,0.01,"","mirage_joint","trait2","bfdr_discoveries",0.2,1
20260815,3,500,15,3000,3000,3000,3000,"fast","control_informative",0.05,6,0.01,"","mirage_joint","pleiotropy","bfdr_observed_fdp",0.01,0
20260815,3,500,15,3000,3000,3000,3000,"fast","control_informative",0.05,6,0.01,"","mirage_joint","pleiotropy","bfdr_estimate",0.01,0
20260815,3,500,15,3000,3000,3000,3000,"fast","control_informative",0.05,6,0.01,"","mirage_joint","pleiotropy","bfdr_power",0.01,0
20260815,3,500,15,3000,3000,3000,3000,"fast","control_informative",0.05,6,0.01,"","mirage_joint","pleiotropy","bfdr_discoveries",0.01,0
20260815,3,500,15,3000,3000,3000,3000,"fast","control_informative",0.05,6,0.01,"","mirage_joint","pleiotropy","bfdr_observed_fdp",0.05,0
20260815,3,500,15,3000,3000,3000,3000,"fast","control_informative",0.05,6,0.01,"","mirage_joint","pleiotropy","bfdr_estimate",0.05,0
20260815,3,500,15,3000,3000,3000,3000,"fast","control_informative",0.05,6,0.01,"","mirage_joint","pleiotropy","bfdr_power",0.05,0
20260815,3,500,15,3000,3000,3000,3000,"fast","control_informative",0.05,6,0.01,"","mirage_joint","pleiotropy","bfdr_discoveries",0.05,0
20260815,3,500,15,3000,3000,3000,3000,"fast","control_informative",0.05,6,0.01,"","mirage_joint","pleiotropy","bfdr_observed_fdp",0.1,0
20260815,3,500,15,3000,3000,3000,3000,"fast","control_informative",0.05,6,0.01,"","mirage_joint","pleiotropy","bfdr_estimate",0.1,0
20260815,3,500,15,3000,3000,3000,3000,"fast","control_informative",0.05,6,0.01,"","mirage_joint","pleiotropy","bfdr_power",0.1,0
20260815,3,500,15,3000,3000,3000,3000,"fast","control_informative",0.05,6,0.01,"","mirage_joint","pleiotropy","bfdr_discoveries",0.1,0
20260815,3,500,15,3000,3000,3000,3000,"fast","control_informative",0.05,6,0.01,"","mirage_joint","pleiotropy","bfdr_observed_fdp",0.2,0
20260815,3,500,15,3000,3000,3000,3000,"fast","control_informative",0.05,6,0.01,"","mirage_joint","pleiotropy","bfdr_estimate",0.2,0
20260815,3,500,15,3000,3000,3000,3000,"fast","control_informative",0.05,6,0.01,"","mirage_joint","pleiotropy","bfdr_power",0.2,0
20260815,3,500,15,3000,3000,3000,3000,"fast","control_informative",0.05,6,0.01,"","mirage_joint","pleiotropy","bfdr_discoveries",0.2,0
20260815,3,500,15,3000,3000,3000,3000,"fast","control_informative",0.05,6,0.01,"","mirage_joint","global","runtime_seconds",NA,17.922
20260815,3,500,15,3000,3000,3000,3000,"fast","control_informative",0.05,6,0.01,"","mirage_joint","pleiotropy","pi11_estimate",NA,0.00739946623163321
20260815,3,500,15,3000,3000,3000,3000,"fast","control_informative",0.05,6,0.01,"","separate_mirage","trait1","auc",NA,0.683368421052632
20260815,3,500,15,3000,3000,3000,3000,"fast","control_informative",0.05,6,0.01,"","separate_mirage","trait2","auc",NA,0.749795918367347
20260815,3,500,15,3000,3000,3000,3000,"fast","control_informative",0.05,6,0.01,"","separate_mirage","pleiotropy","auc",NA,0.831515151515152
20260815,3,500,15,3000,3000,3000,3000,"fast","control_informative",0.05,6,0.01,"","separate_mirage","trait1","pp08_power",0.8,0.08
20260815,3,500,15,3000,3000,3000,3000,"fast","control_informative",0.05,6,0.01,"","separate_mirage","trait1","pp08_fdp",0.8,0
20260815,3,500,15,3000,3000,3000,3000,"fast","control_informative",0.05,6,0.01,"","separate_mirage","trait1","pp08_discoveries",0.8,2
20260815,3,500,15,3000,3000,3000,3000,"fast","control_informative",0.05,6,0.01,"","separate_mirage","trait2","pp08_power",0.8,0
20260815,3,500,15,3000,3000,3000,3000,"fast","control_informative",0.05,6,0.01,"","separate_mirage","trait2","pp08_fdp",0.8,0
20260815,3,500,15,3000,3000,3000,3000,"fast","control_informative",0.05,6,0.01,"","separate_mirage","trait2","pp08_discoveries",0.8,0
20260815,3,500,15,3000,3000,3000,3000,"fast","control_informative",0.05,6,0.01,"","separate_mirage","pleiotropy","pp08_power",0.8,0
20260815,3,500,15,3000,3000,3000,3000,"fast","control_informative",0.05,6,0.01,"","separate_mirage","pleiotropy","pp08_fdp",0.8,0
20260815,3,500,15,3000,3000,3000,3000,"fast","control_informative",0.05,6,0.01,"","separate_mirage","pleiotropy","pp08_discoveries",0.8,0
20260815,3,500,15,3000,3000,3000,3000,"fast","control_informative",0.05,6,0.01,"","separate_mirage","trait1","bfdr_observed_fdp",0.01,0
20260815,3,500,15,3000,3000,3000,3000,"fast","control_informative",0.05,6,0.01,"","separate_mirage","trait1","bfdr_estimate",0.01,3.70810850414682e-05
20260815,3,500,15,3000,3000,3000,3000,"fast","control_informative",0.05,6,0.01,"","separate_mirage","trait1","bfdr_power",0.01,0.08
20260815,3,500,15,3000,3000,3000,3000,"fast","control_informative",0.05,6,0.01,"","separate_mirage","trait1","bfdr_discoveries",0.01,2
20260815,3,500,15,3000,3000,3000,3000,"fast","control_informative",0.05,6,0.01,"","separate_mirage","trait1","bfdr_observed_fdp",0.05,0
20260815,3,500,15,3000,3000,3000,3000,"fast","control_informative",0.05,6,0.01,"","separate_mirage","trait1","bfdr_estimate",0.05,3.70810850414682e-05
20260815,3,500,15,3000,3000,3000,3000,"fast","control_informative",0.05,6,0.01,"","separate_mirage","trait1","bfdr_power",0.05,0.08
20260815,3,500,15,3000,3000,3000,3000,"fast","control_informative",0.05,6,0.01,"","separate_mirage","trait1","bfdr_discoveries",0.05,2
20260815,3,500,15,3000,3000,3000,3000,"fast","control_informative",0.05,6,0.01,"","separate_mirage","trait1","bfdr_observed_fdp",0.1,0.333333333333333
20260815,3,500,15,3000,3000,3000,3000,"fast","control_informative",0.05,6,0.01,"","separate_mirage","trait1","bfdr_estimate",0.1,0.0673164350755503
20260815,3,500,15,3000,3000,3000,3000,"fast","control_informative",0.05,6,0.01,"","separate_mirage","trait1","bfdr_power",0.1,0.08
20260815,3,500,15,3000,3000,3000,3000,"fast","control_informative",0.05,6,0.01,"","separate_mirage","trait1","bfdr_discoveries",0.1,3
20260815,3,500,15,3000,3000,3000,3000,"fast","control_informative",0.05,6,0.01,"","separate_mirage","trait1","bfdr_observed_fdp",0.2,0.5
20260815,3,500,15,3000,3000,3000,3000,"fast","control_informative",0.05,6,0.01,"","separate_mirage","trait1","bfdr_estimate",0.2,0.19948241142487
20260815,3,500,15,3000,3000,3000,3000,"fast","control_informative",0.05,6,0.01,"","separate_mirage","trait1","bfdr_power",0.2,0.08
20260815,3,500,15,3000,3000,3000,3000,"fast","control_informative",0.05,6,0.01,"","separate_mirage","trait1","bfdr_discoveries",0.2,4
20260815,3,500,15,3000,3000,3000,3000,"fast","control_informative",0.05,6,0.01,"","separate_mirage","trait2","bfdr_observed_fdp",0.01,0
20260815,3,500,15,3000,3000,3000,3000,"fast","control_informative",0.05,6,0.01,"","separate_mirage","trait2","bfdr_estimate",0.01,0
20260815,3,500,15,3000,3000,3000,3000,"fast","control_informative",0.05,6,0.01,"","separate_mirage","trait2","bfdr_power",0.01,0
20260815,3,500,15,3000,3000,3000,3000,"fast","control_informative",0.05,6,0.01,"","separate_mirage","trait2","bfdr_discoveries",0.01,0
20260815,3,500,15,3000,3000,3000,3000,"fast","control_informative",0.05,6,0.01,"","separate_mirage","trait2","bfdr_observed_fdp",0.05,0
20260815,3,500,15,3000,3000,3000,3000,"fast","control_informative",0.05,6,0.01,"","separate_mirage","trait2","bfdr_estimate",0.05,0
20260815,3,500,15,3000,3000,3000,3000,"fast","control_informative",0.05,6,0.01,"","separate_mirage","trait2","bfdr_power",0.05,0
20260815,3,500,15,3000,3000,3000,3000,"fast","control_informative",0.05,6,0.01,"","separate_mirage","trait2","bfdr_discoveries",0.05,0
20260815,3,500,15,3000,3000,3000,3000,"fast","control_informative",0.05,6,0.01,"","separate_mirage","trait2","bfdr_observed_fdp",0.1,0
20260815,3,500,15,3000,3000,3000,3000,"fast","control_informative",0.05,6,0.01,"","separate_mirage","trait2","bfdr_estimate",0.1,0
20260815,3,500,15,3000,3000,3000,3000,"fast","control_informative",0.05,6,0.01,"","separate_mirage","trait2","bfdr_power",0.1,0
20260815,3,500,15,3000,3000,3000,3000,"fast","control_informative",0.05,6,0.01,"","separate_mirage","trait2","bfdr_discoveries",0.1,0
20260815,3,500,15,3000,3000,3000,3000,"fast","control_informative",0.05,6,0.01,"","separate_mirage","trait2","bfdr_observed_fdp",0.2,0
20260815,3,500,15,3000,3000,3000,3000,"fast","control_informative",0.05,6,0.01,"","separate_mirage","trait2","bfdr_estimate",0.2,0
20260815,3,500,15,3000,3000,3000,3000,"fast","control_informative",0.05,6,0.01,"","separate_mirage","trait2","bfdr_power",0.2,0
20260815,3,500,15,3000,3000,3000,3000,"fast","control_informative",0.05,6,0.01,"","separate_mirage","trait2","bfdr_discoveries",0.2,0
20260815,3,500,15,3000,3000,3000,3000,"fast","control_informative",0.05,6,0.01,"","separate_mirage","pleiotropy","bfdr_observed_fdp",0.01,0
20260815,3,500,15,3000,3000,3000,3000,"fast","control_informative",0.05,6,0.01,"","separate_mirage","pleiotropy","bfdr_estimate",0.01,0
20260815,3,500,15,3000,3000,3000,3000,"fast","control_informative",0.05,6,0.01,"","separate_mirage","pleiotropy","bfdr_power",0.01,0
20260815,3,500,15,3000,3000,3000,3000,"fast","control_informative",0.05,6,0.01,"","separate_mirage","pleiotropy","bfdr_discoveries",0.01,0
20260815,3,500,15,3000,3000,3000,3000,"fast","control_informative",0.05,6,0.01,"","separate_mirage","pleiotropy","bfdr_observed_fdp",0.05,0
20260815,3,500,15,3000,3000,3000,3000,"fast","control_informative",0.05,6,0.01,"","separate_mirage","pleiotropy","bfdr_estimate",0.05,0
20260815,3,500,15,3000,3000,3000,3000,"fast","control_informative",0.05,6,0.01,"","separate_mirage","pleiotropy","bfdr_power",0.05,0
20260815,3,500,15,3000,3000,3000,3000,"fast","control_informative",0.05,6,0.01,"","separate_mirage","pleiotropy","bfdr_discoveries",0.05,0
20260815,3,500,15,3000,3000,3000,3000,"fast","control_informative",0.05,6,0.01,"","separate_mirage","pleiotropy","bfdr_observed_fdp",0.1,0
20260815,3,500,15,3000,3000,3000,3000,"fast","control_informative",0.05,6,0.01,"","separate_mirage","pleiotropy","bfdr_estimate",0.1,0
20260815,3,500,15,3000,3000,3000,3000,"fast","control_informative",0.05,6,0.01,"","separate_mirage","pleiotropy","bfdr_power",0.1,0
20260815,3,500,15,3000,3000,3000,3000,"fast","control_informative",0.05,6,0.01,"","separate_mirage","pleiotropy","bfdr_discoveries",0.1,0
20260815,3,500,15,3000,3000,3000,3000,"fast","control_informative",0.05,6,0.01,"","separate_mirage","pleiotropy","bfdr_observed_fdp",0.2,0
20260815,3,500,15,3000,3000,3000,3000,"fast","control_informative",0.05,6,0.01,"","separate_mirage","pleiotropy","bfdr_estimate",0.2,0
20260815,3,500,15,3000,3000,3000,3000,"fast","control_informative",0.05,6,0.01,"","separate_mirage","pleiotropy","bfdr_power",0.2,0
20260815,3,500,15,3000,3000,3000,3000,"fast","control_informative",0.05,6,0.01,"","separate_mirage","pleiotropy","bfdr_discoveries",0.2,0
20260815,3,500,15,3000,3000,3000,3000,"fast","control_informative",0.05,6,0.01,"","separate_mirage","global","runtime_seconds",NA,17.979
20260815,3,500,15,3000,3000,3000,3000,"fast","control_informative",0.05,6,0.01,"","separate_mirage","pleiotropy","pi11_estimate",NA,0.001
20260815,3,500,15,3000,3000,3000,3000,"fast","control_informative",0.05,6,0.01,"","mtada_aggregated","trait1","auc",NA,0.784842105263158
20260815,3,500,15,3000,3000,3000,3000,"fast","control_informative",0.05,6,0.01,"","mtada_aggregated","trait2","auc",NA,0.690816326530612
20260815,3,500,15,3000,3000,3000,3000,"fast","control_informative",0.05,6,0.01,"","mtada_aggregated","pleiotropy","auc",NA,0.798787878787879
20260815,3,500,15,3000,3000,3000,3000,"fast","control_informative",0.05,6,0.01,"","mtada_aggregated","trait1","pp08_power",0.8,0.24
20260815,3,500,15,3000,3000,3000,3000,"fast","control_informative",0.05,6,0.01,"","mtada_aggregated","trait1","pp08_fdp",0.8,0.886792452830189
20260815,3,500,15,3000,3000,3000,3000,"fast","control_informative",0.05,6,0.01,"","mtada_aggregated","trait1","pp08_discoveries",0.8,53
20260815,3,500,15,3000,3000,3000,3000,"fast","control_informative",0.05,6,0.01,"","mtada_aggregated","trait2","pp08_power",0.8,0.2
20260815,3,500,15,3000,3000,3000,3000,"fast","control_informative",0.05,6,0.01,"","mtada_aggregated","trait2","pp08_fdp",0.8,0.959183673469388
20260815,3,500,15,3000,3000,3000,3000,"fast","control_informative",0.05,6,0.01,"","mtada_aggregated","trait2","pp08_discoveries",0.8,49
20260815,3,500,15,3000,3000,3000,3000,"fast","control_informative",0.05,6,0.01,"","mtada_aggregated","pleiotropy","pp08_power",0.8,0
20260815,3,500,15,3000,3000,3000,3000,"fast","control_informative",0.05,6,0.01,"","mtada_aggregated","pleiotropy","pp08_fdp",0.8,1
20260815,3,500,15,3000,3000,3000,3000,"fast","control_informative",0.05,6,0.01,"","mtada_aggregated","pleiotropy","pp08_discoveries",0.8,3
20260815,3,500,15,3000,3000,3000,3000,"fast","control_informative",0.05,6,0.01,"","mtada_aggregated","trait1","bfdr_observed_fdp",0.01,0.884615384615385
20260815,3,500,15,3000,3000,3000,3000,"fast","control_informative",0.05,6,0.01,"","mtada_aggregated","trait1","bfdr_estimate",0.01,0.00968327225110745
20260815,3,500,15,3000,3000,3000,3000,"fast","control_informative",0.05,6,0.01,"","mtada_aggregated","trait1","bfdr_power",0.01,0.24
20260815,3,500,15,3000,3000,3000,3000,"fast","control_informative",0.05,6,0.01,"","mtada_aggregated","trait1","bfdr_discoveries",0.01,52
20260815,3,500,15,3000,3000,3000,3000,"fast","control_informative",0.05,6,0.01,"","mtada_aggregated","trait1","bfdr_observed_fdp",0.05,0.885245901639344
20260815,3,500,15,3000,3000,3000,3000,"fast","control_informative",0.05,6,0.01,"","mtada_aggregated","trait1","bfdr_estimate",0.05,0.0496546183413517
20260815,3,500,15,3000,3000,3000,3000,"fast","control_informative",0.05,6,0.01,"","mtada_aggregated","trait1","bfdr_power",0.05,0.28
20260815,3,500,15,3000,3000,3000,3000,"fast","control_informative",0.05,6,0.01,"","mtada_aggregated","trait1","bfdr_discoveries",0.05,61
20260815,3,500,15,3000,3000,3000,3000,"fast","control_informative",0.05,6,0.01,"","mtada_aggregated","trait1","bfdr_observed_fdp",0.1,0.869565217391304
20260815,3,500,15,3000,3000,3000,3000,"fast","control_informative",0.05,6,0.01,"","mtada_aggregated","trait1","bfdr_estimate",0.1,0.0972991942000284
20260815,3,500,15,3000,3000,3000,3000,"fast","control_informative",0.05,6,0.01,"","mtada_aggregated","trait1","bfdr_power",0.1,0.36
20260815,3,500,15,3000,3000,3000,3000,"fast","control_informative",0.05,6,0.01,"","mtada_aggregated","trait1","bfdr_discoveries",0.1,69
20260815,3,500,15,3000,3000,3000,3000,"fast","control_informative",0.05,6,0.01,"","mtada_aggregated","trait1","bfdr_observed_fdp",0.2,0.879518072289157
20260815,3,500,15,3000,3000,3000,3000,"fast","control_informative",0.05,6,0.01,"","mtada_aggregated","trait1","bfdr_estimate",0.2,0.198394814033201
20260815,3,500,15,3000,3000,3000,3000,"fast","control_informative",0.05,6,0.01,"","mtada_aggregated","trait1","bfdr_power",0.2,0.4
20260815,3,500,15,3000,3000,3000,3000,"fast","control_informative",0.05,6,0.01,"","mtada_aggregated","trait1","bfdr_discoveries",0.2,83
20260815,3,500,15,3000,3000,3000,3000,"fast","control_informative",0.05,6,0.01,"","mtada_aggregated","trait2","bfdr_observed_fdp",0.01,0.957446808510638
20260815,3,500,15,3000,3000,3000,3000,"fast","control_informative",0.05,6,0.01,"","mtada_aggregated","trait2","bfdr_estimate",0.01,0.00950460599075133
20260815,3,500,15,3000,3000,3000,3000,"fast","control_informative",0.05,6,0.01,"","mtada_aggregated","trait2","bfdr_power",0.01,0.2
20260815,3,500,15,3000,3000,3000,3000,"fast","control_informative",0.05,6,0.01,"","mtada_aggregated","trait2","bfdr_discoveries",0.01,47
20260815,3,500,15,3000,3000,3000,3000,"fast","control_informative",0.05,6,0.01,"","mtada_aggregated","trait2","bfdr_observed_fdp",0.05,0.945454545454545
20260815,3,500,15,3000,3000,3000,3000,"fast","control_informative",0.05,6,0.01,"","mtada_aggregated","trait2","bfdr_estimate",0.05,0.0495049097099986
20260815,3,500,15,3000,3000,3000,3000,"fast","control_informative",0.05,6,0.01,"","mtada_aggregated","trait2","bfdr_power",0.05,0.3
20260815,3,500,15,3000,3000,3000,3000,"fast","control_informative",0.05,6,0.01,"","mtada_aggregated","trait2","bfdr_discoveries",0.05,55
20260815,3,500,15,3000,3000,3000,3000,"fast","control_informative",0.05,6,0.01,"","mtada_aggregated","trait2","bfdr_observed_fdp",0.1,0.950819672131147
20260815,3,500,15,3000,3000,3000,3000,"fast","control_informative",0.05,6,0.01,"","mtada_aggregated","trait2","bfdr_estimate",0.1,0.0988963502022283
20260815,3,500,15,3000,3000,3000,3000,"fast","control_informative",0.05,6,0.01,"","mtada_aggregated","trait2","bfdr_power",0.1,0.3
20260815,3,500,15,3000,3000,3000,3000,"fast","control_informative",0.05,6,0.01,"","mtada_aggregated","trait2","bfdr_discoveries",0.1,61
20260815,3,500,15,3000,3000,3000,3000,"fast","control_informative",0.05,6,0.01,"","mtada_aggregated","trait2","bfdr_observed_fdp",0.2,0.958333333333333
20260815,3,500,15,3000,3000,3000,3000,"fast","control_informative",0.05,6,0.01,"","mtada_aggregated","trait2","bfdr_estimate",0.2,0.193232127474896
20260815,3,500,15,3000,3000,3000,3000,"fast","control_informative",0.05,6,0.01,"","mtada_aggregated","trait2","bfdr_power",0.2,0.3
20260815,3,500,15,3000,3000,3000,3000,"fast","control_informative",0.05,6,0.01,"","mtada_aggregated","trait2","bfdr_discoveries",0.2,72
20260815,3,500,15,3000,3000,3000,3000,"fast","control_informative",0.05,6,0.01,"","mtada_aggregated","pleiotropy","bfdr_observed_fdp",0.01,1
20260815,3,500,15,3000,3000,3000,3000,"fast","control_informative",0.05,6,0.01,"","mtada_aggregated","pleiotropy","bfdr_estimate",0.01,0.00270664642457086
20260815,3,500,15,3000,3000,3000,3000,"fast","control_informative",0.05,6,0.01,"","mtada_aggregated","pleiotropy","bfdr_power",0.01,0
20260815,3,500,15,3000,3000,3000,3000,"fast","control_informative",0.05,6,0.01,"","mtada_aggregated","pleiotropy","bfdr_discoveries",0.01,3
20260815,3,500,15,3000,3000,3000,3000,"fast","control_informative",0.05,6,0.01,"","mtada_aggregated","pleiotropy","bfdr_observed_fdp",0.05,1
20260815,3,500,15,3000,3000,3000,3000,"fast","control_informative",0.05,6,0.01,"","mtada_aggregated","pleiotropy","bfdr_estimate",0.05,0.00270664642457086
20260815,3,500,15,3000,3000,3000,3000,"fast","control_informative",0.05,6,0.01,"","mtada_aggregated","pleiotropy","bfdr_power",0.05,0
20260815,3,500,15,3000,3000,3000,3000,"fast","control_informative",0.05,6,0.01,"","mtada_aggregated","pleiotropy","bfdr_discoveries",0.05,3
20260815,3,500,15,3000,3000,3000,3000,"fast","control_informative",0.05,6,0.01,"","mtada_aggregated","pleiotropy","bfdr_observed_fdp",0.1,1
20260815,3,500,15,3000,3000,3000,3000,"fast","control_informative",0.05,6,0.01,"","mtada_aggregated","pleiotropy","bfdr_estimate",0.1,0.00270664642457086
20260815,3,500,15,3000,3000,3000,3000,"fast","control_informative",0.05,6,0.01,"","mtada_aggregated","pleiotropy","bfdr_power",0.1,0
20260815,3,500,15,3000,3000,3000,3000,"fast","control_informative",0.05,6,0.01,"","mtada_aggregated","pleiotropy","bfdr_discoveries",0.1,3
20260815,3,500,15,3000,3000,3000,3000,"fast","control_informative",0.05,6,0.01,"","mtada_aggregated","pleiotropy","bfdr_observed_fdp",0.2,0.75
20260815,3,500,15,3000,3000,3000,3000,"fast","control_informative",0.05,6,0.01,"","mtada_aggregated","pleiotropy","bfdr_estimate",0.2,0.114425462540468
20260815,3,500,15,3000,3000,3000,3000,"fast","control_informative",0.05,6,0.01,"","mtada_aggregated","pleiotropy","bfdr_power",0.2,0.2
20260815,3,500,15,3000,3000,3000,3000,"fast","control_informative",0.05,6,0.01,"","mtada_aggregated","pleiotropy","bfdr_discoveries",0.2,4
20260815,3,500,15,3000,3000,3000,3000,"fast","control_informative",0.05,6,0.01,"","mtada_aggregated","global","runtime_seconds",NA,0.699000000000012
20260815,3,500,15,3000,3000,3000,3000,"fast","control_informative",0.05,6,0.01,"","mtada_aggregated","pleiotropy","pi11_estimate",NA,0.000636394
20260816,4,500,15,3000,3000,3000,3000,"fast","control_informative",0.05,6,0.01,"","mirage_joint","trait1","auc",NA,0.657936842105263
20260816,4,500,15,3000,3000,3000,3000,"fast","control_informative",0.05,6,0.01,"","mirage_joint","trait2","auc",NA,0.705714285714286
20260816,4,500,15,3000,3000,3000,3000,"fast","control_informative",0.05,6,0.01,"","mirage_joint","pleiotropy","auc",NA,0.86949494949495
20260816,4,500,15,3000,3000,3000,3000,"fast","control_informative",0.05,6,0.01,"","mirage_joint","trait1","pp08_power",0.8,0.08
20260816,4,500,15,3000,3000,3000,3000,"fast","control_informative",0.05,6,0.01,"","mirage_joint","trait1","pp08_fdp",0.8,0.333333333333333
20260816,4,500,15,3000,3000,3000,3000,"fast","control_informative",0.05,6,0.01,"","mirage_joint","trait1","pp08_discoveries",0.8,3
20260816,4,500,15,3000,3000,3000,3000,"fast","control_informative",0.05,6,0.01,"","mirage_joint","trait2","pp08_power",0.8,0.1
20260816,4,500,15,3000,3000,3000,3000,"fast","control_informative",0.05,6,0.01,"","mirage_joint","trait2","pp08_fdp",0.8,0.5
20260816,4,500,15,3000,3000,3000,3000,"fast","control_informative",0.05,6,0.01,"","mirage_joint","trait2","pp08_discoveries",0.8,2
20260816,4,500,15,3000,3000,3000,3000,"fast","control_informative",0.05,6,0.01,"","mirage_joint","pleiotropy","pp08_power",0.8,0
20260816,4,500,15,3000,3000,3000,3000,"fast","control_informative",0.05,6,0.01,"","mirage_joint","pleiotropy","pp08_fdp",0.8,1
20260816,4,500,15,3000,3000,3000,3000,"fast","control_informative",0.05,6,0.01,"","mirage_joint","pleiotropy","pp08_discoveries",0.8,1
20260816,4,500,15,3000,3000,3000,3000,"fast","control_informative",0.05,6,0.01,"","mirage_joint","trait1","bfdr_observed_fdp",0.01,0
20260816,4,500,15,3000,3000,3000,3000,"fast","control_informative",0.05,6,0.01,"","mirage_joint","trait1","bfdr_estimate",0.01,0
20260816,4,500,15,3000,3000,3000,3000,"fast","control_informative",0.05,6,0.01,"","mirage_joint","trait1","bfdr_power",0.01,0
20260816,4,500,15,3000,3000,3000,3000,"fast","control_informative",0.05,6,0.01,"","mirage_joint","trait1","bfdr_discoveries",0.01,0
20260816,4,500,15,3000,3000,3000,3000,"fast","control_informative",0.05,6,0.01,"","mirage_joint","trait1","bfdr_observed_fdp",0.05,0.333333333333333
20260816,4,500,15,3000,3000,3000,3000,"fast","control_informative",0.05,6,0.01,"","mirage_joint","trait1","bfdr_estimate",0.05,0.0301821512331557
20260816,4,500,15,3000,3000,3000,3000,"fast","control_informative",0.05,6,0.01,"","mirage_joint","trait1","bfdr_power",0.05,0.08
20260816,4,500,15,3000,3000,3000,3000,"fast","control_informative",0.05,6,0.01,"","mirage_joint","trait1","bfdr_discoveries",0.05,3
20260816,4,500,15,3000,3000,3000,3000,"fast","control_informative",0.05,6,0.01,"","mirage_joint","trait1","bfdr_observed_fdp",0.1,0.25
20260816,4,500,15,3000,3000,3000,3000,"fast","control_informative",0.05,6,0.01,"","mirage_joint","trait1","bfdr_estimate",0.1,0.084643801498977
20260816,4,500,15,3000,3000,3000,3000,"fast","control_informative",0.05,6,0.01,"","mirage_joint","trait1","bfdr_power",0.1,0.12
20260816,4,500,15,3000,3000,3000,3000,"fast","control_informative",0.05,6,0.01,"","mirage_joint","trait1","bfdr_discoveries",0.1,4
20260816,4,500,15,3000,3000,3000,3000,"fast","control_informative",0.05,6,0.01,"","mirage_joint","trait1","bfdr_observed_fdp",0.2,0.428571428571429
20260816,4,500,15,3000,3000,3000,3000,"fast","control_informative",0.05,6,0.01,"","mirage_joint","trait1","bfdr_estimate",0.2,0.187325797930759
20260816,4,500,15,3000,3000,3000,3000,"fast","control_informative",0.05,6,0.01,"","mirage_joint","trait1","bfdr_power",0.2,0.16
20260816,4,500,15,3000,3000,3000,3000,"fast","control_informative",0.05,6,0.01,"","mirage_joint","trait1","bfdr_discoveries",0.2,7
20260816,4,500,15,3000,3000,3000,3000,"fast","control_informative",0.05,6,0.01,"","mirage_joint","trait2","bfdr_observed_fdp",0.01,0
20260816,4,500,15,3000,3000,3000,3000,"fast","control_informative",0.05,6,0.01,"","mirage_joint","trait2","bfdr_estimate",0.01,0.000542739814105353
20260816,4,500,15,3000,3000,3000,3000,"fast","control_informative",0.05,6,0.01,"","mirage_joint","trait2","bfdr_power",0.01,0.1
20260816,4,500,15,3000,3000,3000,3000,"fast","control_informative",0.05,6,0.01,"","mirage_joint","trait2","bfdr_discoveries",0.01,1
20260816,4,500,15,3000,3000,3000,3000,"fast","control_informative",0.05,6,0.01,"","mirage_joint","trait2","bfdr_observed_fdp",0.05,0
20260816,4,500,15,3000,3000,3000,3000,"fast","control_informative",0.05,6,0.01,"","mirage_joint","trait2","bfdr_estimate",0.05,0.000542739814105353
20260816,4,500,15,3000,3000,3000,3000,"fast","control_informative",0.05,6,0.01,"","mirage_joint","trait2","bfdr_power",0.05,0.1
20260816,4,500,15,3000,3000,3000,3000,"fast","control_informative",0.05,6,0.01,"","mirage_joint","trait2","bfdr_discoveries",0.05,1
20260816,4,500,15,3000,3000,3000,3000,"fast","control_informative",0.05,6,0.01,"","mirage_joint","trait2","bfdr_observed_fdp",0.1,0.5
20260816,4,500,15,3000,3000,3000,3000,"fast","control_informative",0.05,6,0.01,"","mirage_joint","trait2","bfdr_estimate",0.1,0.0885499468905851
20260816,4,500,15,3000,3000,3000,3000,"fast","control_informative",0.05,6,0.01,"","mirage_joint","trait2","bfdr_power",0.1,0.1
20260816,4,500,15,3000,3000,3000,3000,"fast","control_informative",0.05,6,0.01,"","mirage_joint","trait2","bfdr_discoveries",0.1,2
20260816,4,500,15,3000,3000,3000,3000,"fast","control_informative",0.05,6,0.01,"","mirage_joint","trait2","bfdr_observed_fdp",0.2,0.5
20260816,4,500,15,3000,3000,3000,3000,"fast","control_informative",0.05,6,0.01,"","mirage_joint","trait2","bfdr_estimate",0.2,0.189956125587407
20260816,4,500,15,3000,3000,3000,3000,"fast","control_informative",0.05,6,0.01,"","mirage_joint","trait2","bfdr_power",0.2,0.2
20260816,4,500,15,3000,3000,3000,3000,"fast","control_informative",0.05,6,0.01,"","mirage_joint","trait2","bfdr_discoveries",0.2,4
20260816,4,500,15,3000,3000,3000,3000,"fast","control_informative",0.05,6,0.01,"","mirage_joint","pleiotropy","bfdr_observed_fdp",0.01,0
20260816,4,500,15,3000,3000,3000,3000,"fast","control_informative",0.05,6,0.01,"","mirage_joint","pleiotropy","bfdr_estimate",0.01,0
20260816,4,500,15,3000,3000,3000,3000,"fast","control_informative",0.05,6,0.01,"","mirage_joint","pleiotropy","bfdr_power",0.01,0
20260816,4,500,15,3000,3000,3000,3000,"fast","control_informative",0.05,6,0.01,"","mirage_joint","pleiotropy","bfdr_discoveries",0.01,0
20260816,4,500,15,3000,3000,3000,3000,"fast","control_informative",0.05,6,0.01,"","mirage_joint","pleiotropy","bfdr_observed_fdp",0.05,0
20260816,4,500,15,3000,3000,3000,3000,"fast","control_informative",0.05,6,0.01,"","mirage_joint","pleiotropy","bfdr_estimate",0.05,0
20260816,4,500,15,3000,3000,3000,3000,"fast","control_informative",0.05,6,0.01,"","mirage_joint","pleiotropy","bfdr_power",0.05,0
20260816,4,500,15,3000,3000,3000,3000,"fast","control_informative",0.05,6,0.01,"","mirage_joint","pleiotropy","bfdr_discoveries",0.05,0
20260816,4,500,15,3000,3000,3000,3000,"fast","control_informative",0.05,6,0.01,"","mirage_joint","pleiotropy","bfdr_observed_fdp",0.1,0
20260816,4,500,15,3000,3000,3000,3000,"fast","control_informative",0.05,6,0.01,"","mirage_joint","pleiotropy","bfdr_estimate",0.1,0
20260816,4,500,15,3000,3000,3000,3000,"fast","control_informative",0.05,6,0.01,"","mirage_joint","pleiotropy","bfdr_power",0.1,0
20260816,4,500,15,3000,3000,3000,3000,"fast","control_informative",0.05,6,0.01,"","mirage_joint","pleiotropy","bfdr_discoveries",0.1,0
20260816,4,500,15,3000,3000,3000,3000,"fast","control_informative",0.05,6,0.01,"","mirage_joint","pleiotropy","bfdr_observed_fdp",0.2,1
20260816,4,500,15,3000,3000,3000,3000,"fast","control_informative",0.05,6,0.01,"","mirage_joint","pleiotropy","bfdr_estimate",0.2,0.177811610967468
20260816,4,500,15,3000,3000,3000,3000,"fast","control_informative",0.05,6,0.01,"","mirage_joint","pleiotropy","bfdr_power",0.2,0
20260816,4,500,15,3000,3000,3000,3000,"fast","control_informative",0.05,6,0.01,"","mirage_joint","pleiotropy","bfdr_discoveries",0.2,1
20260816,4,500,15,3000,3000,3000,3000,"fast","control_informative",0.05,6,0.01,"","mirage_joint","global","runtime_seconds",NA,17.964
20260816,4,500,15,3000,3000,3000,3000,"fast","control_informative",0.05,6,0.01,"","mirage_joint","pleiotropy","pi11_estimate",NA,0.07625899451971
20260816,4,500,15,3000,3000,3000,3000,"fast","control_informative",0.05,6,0.01,"","separate_mirage","trait1","auc",NA,0.626526315789474
20260816,4,500,15,3000,3000,3000,3000,"fast","control_informative",0.05,6,0.01,"","separate_mirage","trait2","auc",NA,0.653673469387755
20260816,4,500,15,3000,3000,3000,3000,"fast","control_informative",0.05,6,0.01,"","separate_mirage","pleiotropy","auc",NA,0.861414141414141
20260816,4,500,15,3000,3000,3000,3000,"fast","control_informative",0.05,6,0.01,"","separate_mirage","trait1","pp08_power",0.8,0.08
20260816,4,500,15,3000,3000,3000,3000,"fast","control_informative",0.05,6,0.01,"","separate_mirage","trait1","pp08_fdp",0.8,0.333333333333333
20260816,4,500,15,3000,3000,3000,3000,"fast","control_informative",0.05,6,0.01,"","separate_mirage","trait1","pp08_discoveries",0.8,3
20260816,4,500,15,3000,3000,3000,3000,"fast","control_informative",0.05,6,0.01,"","separate_mirage","trait2","pp08_power",0.8,0.1
20260816,4,500,15,3000,3000,3000,3000,"fast","control_informative",0.05,6,0.01,"","separate_mirage","trait2","pp08_fdp",0.8,0
20260816,4,500,15,3000,3000,3000,3000,"fast","control_informative",0.05,6,0.01,"","separate_mirage","trait2","pp08_discoveries",0.8,1
20260816,4,500,15,3000,3000,3000,3000,"fast","control_informative",0.05,6,0.01,"","separate_mirage","pleiotropy","pp08_power",0.8,0
20260816,4,500,15,3000,3000,3000,3000,"fast","control_informative",0.05,6,0.01,"","separate_mirage","pleiotropy","pp08_fdp",0.8,0
20260816,4,500,15,3000,3000,3000,3000,"fast","control_informative",0.05,6,0.01,"","separate_mirage","pleiotropy","pp08_discoveries",0.8,0
20260816,4,500,15,3000,3000,3000,3000,"fast","control_informative",0.05,6,0.01,"","separate_mirage","trait1","bfdr_observed_fdp",0.01,0
20260816,4,500,15,3000,3000,3000,3000,"fast","control_informative",0.05,6,0.01,"","separate_mirage","trait1","bfdr_estimate",0.01,0
20260816,4,500,15,3000,3000,3000,3000,"fast","control_informative",0.05,6,0.01,"","separate_mirage","trait1","bfdr_power",0.01,0
20260816,4,500,15,3000,3000,3000,3000,"fast","control_informative",0.05,6,0.01,"","separate_mirage","trait1","bfdr_discoveries",0.01,0
20260816,4,500,15,3000,3000,3000,3000,"fast","control_informative",0.05,6,0.01,"","separate_mirage","trait1","bfdr_observed_fdp",0.05,1
20260816,4,500,15,3000,3000,3000,3000,"fast","control_informative",0.05,6,0.01,"","separate_mirage","trait1","bfdr_estimate",0.05,0.0396993090388374
20260816,4,500,15,3000,3000,3000,3000,"fast","control_informative",0.05,6,0.01,"","separate_mirage","trait1","bfdr_power",0.05,0
20260816,4,500,15,3000,3000,3000,3000,"fast","control_informative",0.05,6,0.01,"","separate_mirage","trait1","bfdr_discoveries",0.05,1
20260816,4,500,15,3000,3000,3000,3000,"fast","control_informative",0.05,6,0.01,"","separate_mirage","trait1","bfdr_observed_fdp",0.1,0.333333333333333
20260816,4,500,15,3000,3000,3000,3000,"fast","control_informative",0.05,6,0.01,"","separate_mirage","trait1","bfdr_estimate",0.1,0.0754589445812422
20260816,4,500,15,3000,3000,3000,3000,"fast","control_informative",0.05,6,0.01,"","separate_mirage","trait1","bfdr_power",0.1,0.08
20260816,4,500,15,3000,3000,3000,3000,"fast","control_informative",0.05,6,0.01,"","separate_mirage","trait1","bfdr_discoveries",0.1,3
20260816,4,500,15,3000,3000,3000,3000,"fast","control_informative",0.05,6,0.01,"","separate_mirage","trait1","bfdr_observed_fdp",0.2,0.5
20260816,4,500,15,3000,3000,3000,3000,"fast","control_informative",0.05,6,0.01,"","separate_mirage","trait1","bfdr_estimate",0.2,0.156062078275074
20260816,4,500,15,3000,3000,3000,3000,"fast","control_informative",0.05,6,0.01,"","separate_mirage","trait1","bfdr_power",0.2,0.08
20260816,4,500,15,3000,3000,3000,3000,"fast","control_informative",0.05,6,0.01,"","separate_mirage","trait1","bfdr_discoveries",0.2,4
20260816,4,500,15,3000,3000,3000,3000,"fast","control_informative",0.05,6,0.01,"","separate_mirage","trait2","bfdr_observed_fdp",0.01,0
20260816,4,500,15,3000,3000,3000,3000,"fast","control_informative",0.05,6,0.01,"","separate_mirage","trait2","bfdr_estimate",0.01,0.00191693322336672
20260816,4,500,15,3000,3000,3000,3000,"fast","control_informative",0.05,6,0.01,"","separate_mirage","trait2","bfdr_power",0.01,0.1
20260816,4,500,15,3000,3000,3000,3000,"fast","control_informative",0.05,6,0.01,"","separate_mirage","trait2","bfdr_discoveries",0.01,1
20260816,4,500,15,3000,3000,3000,3000,"fast","control_informative",0.05,6,0.01,"","separate_mirage","trait2","bfdr_observed_fdp",0.05,0
20260816,4,500,15,3000,3000,3000,3000,"fast","control_informative",0.05,6,0.01,"","separate_mirage","trait2","bfdr_estimate",0.05,0.00191693322336672
20260816,4,500,15,3000,3000,3000,3000,"fast","control_informative",0.05,6,0.01,"","separate_mirage","trait2","bfdr_power",0.05,0.1
20260816,4,500,15,3000,3000,3000,3000,"fast","control_informative",0.05,6,0.01,"","separate_mirage","trait2","bfdr_discoveries",0.05,1
20260816,4,500,15,3000,3000,3000,3000,"fast","control_informative",0.05,6,0.01,"","separate_mirage","trait2","bfdr_observed_fdp",0.1,0
20260816,4,500,15,3000,3000,3000,3000,"fast","control_informative",0.05,6,0.01,"","separate_mirage","trait2","bfdr_estimate",0.1,0.00191693322336672
20260816,4,500,15,3000,3000,3000,3000,"fast","control_informative",0.05,6,0.01,"","separate_mirage","trait2","bfdr_power",0.1,0.1
20260816,4,500,15,3000,3000,3000,3000,"fast","control_informative",0.05,6,0.01,"","separate_mirage","trait2","bfdr_discoveries",0.1,1
20260816,4,500,15,3000,3000,3000,3000,"fast","control_informative",0.05,6,0.01,"","separate_mirage","trait2","bfdr_observed_fdp",0.2,0
20260816,4,500,15,3000,3000,3000,3000,"fast","control_informative",0.05,6,0.01,"","separate_mirage","trait2","bfdr_estimate",0.2,0.00191693322336672
20260816,4,500,15,3000,3000,3000,3000,"fast","control_informative",0.05,6,0.01,"","separate_mirage","trait2","bfdr_power",0.2,0.1
20260816,4,500,15,3000,3000,3000,3000,"fast","control_informative",0.05,6,0.01,"","separate_mirage","trait2","bfdr_discoveries",0.2,1
20260816,4,500,15,3000,3000,3000,3000,"fast","control_informative",0.05,6,0.01,"","separate_mirage","pleiotropy","bfdr_observed_fdp",0.01,0
20260816,4,500,15,3000,3000,3000,3000,"fast","control_informative",0.05,6,0.01,"","separate_mirage","pleiotropy","bfdr_estimate",0.01,0
20260816,4,500,15,3000,3000,3000,3000,"fast","control_informative",0.05,6,0.01,"","separate_mirage","pleiotropy","bfdr_power",0.01,0
20260816,4,500,15,3000,3000,3000,3000,"fast","control_informative",0.05,6,0.01,"","separate_mirage","pleiotropy","bfdr_discoveries",0.01,0
20260816,4,500,15,3000,3000,3000,3000,"fast","control_informative",0.05,6,0.01,"","separate_mirage","pleiotropy","bfdr_observed_fdp",0.05,0
20260816,4,500,15,3000,3000,3000,3000,"fast","control_informative",0.05,6,0.01,"","separate_mirage","pleiotropy","bfdr_estimate",0.05,0
20260816,4,500,15,3000,3000,3000,3000,"fast","control_informative",0.05,6,0.01,"","separate_mirage","pleiotropy","bfdr_power",0.05,0
20260816,4,500,15,3000,3000,3000,3000,"fast","control_informative",0.05,6,0.01,"","separate_mirage","pleiotropy","bfdr_discoveries",0.05,0
20260816,4,500,15,3000,3000,3000,3000,"fast","control_informative",0.05,6,0.01,"","separate_mirage","pleiotropy","bfdr_observed_fdp",0.1,0
20260816,4,500,15,3000,3000,3000,3000,"fast","control_informative",0.05,6,0.01,"","separate_mirage","pleiotropy","bfdr_estimate",0.1,0
20260816,4,500,15,3000,3000,3000,3000,"fast","control_informative",0.05,6,0.01,"","separate_mirage","pleiotropy","bfdr_power",0.1,0
20260816,4,500,15,3000,3000,3000,3000,"fast","control_informative",0.05,6,0.01,"","separate_mirage","pleiotropy","bfdr_discoveries",0.1,0
20260816,4,500,15,3000,3000,3000,3000,"fast","control_informative",0.05,6,0.01,"","separate_mirage","pleiotropy","bfdr_observed_fdp",0.2,0
20260816,4,500,15,3000,3000,3000,3000,"fast","control_informative",0.05,6,0.01,"","separate_mirage","pleiotropy","bfdr_estimate",0.2,0
20260816,4,500,15,3000,3000,3000,3000,"fast","control_informative",0.05,6,0.01,"","separate_mirage","pleiotropy","bfdr_power",0.2,0
20260816,4,500,15,3000,3000,3000,3000,"fast","control_informative",0.05,6,0.01,"","separate_mirage","pleiotropy","bfdr_discoveries",0.2,0
20260816,4,500,15,3000,3000,3000,3000,"fast","control_informative",0.05,6,0.01,"","separate_mirage","global","runtime_seconds",NA,17.93
20260816,4,500,15,3000,3000,3000,3000,"fast","control_informative",0.05,6,0.01,"","separate_mirage","pleiotropy","pi11_estimate",NA,0.001
20260816,4,500,15,3000,3000,3000,3000,"fast","control_informative",0.05,6,0.01,"","mtada_aggregated","trait1","auc",NA,0.593178947368421
20260816,4,500,15,3000,3000,3000,3000,"fast","control_informative",0.05,6,0.01,"","mtada_aggregated","trait2","auc",NA,0.626326530612245
20260816,4,500,15,3000,3000,3000,3000,"fast","control_informative",0.05,6,0.01,"","mtada_aggregated","pleiotropy","auc",NA,0.774545454545455
20260816,4,500,15,3000,3000,3000,3000,"fast","control_informative",0.05,6,0.01,"","mtada_aggregated","trait1","pp08_power",0.8,0.2
20260816,4,500,15,3000,3000,3000,3000,"fast","control_informative",0.05,6,0.01,"","mtada_aggregated","trait1","pp08_fdp",0.8,0.921875
20260816,4,500,15,3000,3000,3000,3000,"fast","control_informative",0.05,6,0.01,"","mtada_aggregated","trait1","pp08_discoveries",0.8,64
20260816,4,500,15,3000,3000,3000,3000,"fast","control_informative",0.05,6,0.01,"","mtada_aggregated","trait2","pp08_power",0.8,0.4
20260816,4,500,15,3000,3000,3000,3000,"fast","control_informative",0.05,6,0.01,"","mtada_aggregated","trait2","pp08_fdp",0.8,0.909090909090909
20260816,4,500,15,3000,3000,3000,3000,"fast","control_informative",0.05,6,0.01,"","mtada_aggregated","trait2","pp08_discoveries",0.8,44
20260816,4,500,15,3000,3000,3000,3000,"fast","control_informative",0.05,6,0.01,"","mtada_aggregated","pleiotropy","pp08_power",0.8,0
20260816,4,500,15,3000,3000,3000,3000,"fast","control_informative",0.05,6,0.01,"","mtada_aggregated","pleiotropy","pp08_fdp",0.8,1
20260816,4,500,15,3000,3000,3000,3000,"fast","control_informative",0.05,6,0.01,"","mtada_aggregated","pleiotropy","pp08_discoveries",0.8,5
20260816,4,500,15,3000,3000,3000,3000,"fast","control_informative",0.05,6,0.01,"","mtada_aggregated","trait1","bfdr_observed_fdp",0.01,0.919354838709677
20260816,4,500,15,3000,3000,3000,3000,"fast","control_informative",0.05,6,0.01,"","mtada_aggregated","trait1","bfdr_estimate",0.01,0.00956461612258526
20260816,4,500,15,3000,3000,3000,3000,"fast","control_informative",0.05,6,0.01,"","mtada_aggregated","trait1","bfdr_power",0.01,0.2
20260816,4,500,15,3000,3000,3000,3000,"fast","control_informative",0.05,6,0.01,"","mtada_aggregated","trait1","bfdr_discoveries",0.01,62
20260816,4,500,15,3000,3000,3000,3000,"fast","control_informative",0.05,6,0.01,"","mtada_aggregated","trait1","bfdr_observed_fdp",0.05,0.929577464788732
20260816,4,500,15,3000,3000,3000,3000,"fast","control_informative",0.05,6,0.01,"","mtada_aggregated","trait1","bfdr_estimate",0.05,0.0472764048141719
20260816,4,500,15,3000,3000,3000,3000,"fast","control_informative",0.05,6,0.01,"","mtada_aggregated","trait1","bfdr_power",0.05,0.2
20260816,4,500,15,3000,3000,3000,3000,"fast","control_informative",0.05,6,0.01,"","mtada_aggregated","trait1","bfdr_discoveries",0.05,71
20260816,4,500,15,3000,3000,3000,3000,"fast","control_informative",0.05,6,0.01,"","mtada_aggregated","trait1","bfdr_observed_fdp",0.1,0.935897435897436
20260816,4,500,15,3000,3000,3000,3000,"fast","control_informative",0.05,6,0.01,"","mtada_aggregated","trait1","bfdr_estimate",0.1,0.0976803553052977
20260816,4,500,15,3000,3000,3000,3000,"fast","control_informative",0.05,6,0.01,"","mtada_aggregated","trait1","bfdr_power",0.1,0.2
20260816,4,500,15,3000,3000,3000,3000,"fast","control_informative",0.05,6,0.01,"","mtada_aggregated","trait1","bfdr_discoveries",0.1,78
20260816,4,500,15,3000,3000,3000,3000,"fast","control_informative",0.05,6,0.01,"","mtada_aggregated","trait1","bfdr_observed_fdp",0.2,0.945054945054945
20260816,4,500,15,3000,3000,3000,3000,"fast","control_informative",0.05,6,0.01,"","mtada_aggregated","trait1","bfdr_estimate",0.2,0.194228354350655
20260816,4,500,15,3000,3000,3000,3000,"fast","control_informative",0.05,6,0.01,"","mtada_aggregated","trait1","bfdr_power",0.2,0.2
20260816,4,500,15,3000,3000,3000,3000,"fast","control_informative",0.05,6,0.01,"","mtada_aggregated","trait1","bfdr_discoveries",0.2,91
20260816,4,500,15,3000,3000,3000,3000,"fast","control_informative",0.05,6,0.01,"","mtada_aggregated","trait2","bfdr_observed_fdp",0.01,0.897435897435897
20260816,4,500,15,3000,3000,3000,3000,"fast","control_informative",0.05,6,0.01,"","mtada_aggregated","trait2","bfdr_estimate",0.01,0.00868659578579357
20260816,4,500,15,3000,3000,3000,3000,"fast","control_informative",0.05,6,0.01,"","mtada_aggregated","trait2","bfdr_power",0.01,0.4
20260816,4,500,15,3000,3000,3000,3000,"fast","control_informative",0.05,6,0.01,"","mtada_aggregated","trait2","bfdr_discoveries",0.01,39
20260816,4,500,15,3000,3000,3000,3000,"fast","control_informative",0.05,6,0.01,"","mtada_aggregated","trait2","bfdr_observed_fdp",0.05,0.895833333333333
20260816,4,500,15,3000,3000,3000,3000,"fast","control_informative",0.05,6,0.01,"","mtada_aggregated","trait2","bfdr_estimate",0.05,0.046204791879812
20260816,4,500,15,3000,3000,3000,3000,"fast","control_informative",0.05,6,0.01,"","mtada_aggregated","trait2","bfdr_power",0.05,0.5
20260816,4,500,15,3000,3000,3000,3000,"fast","control_informative",0.05,6,0.01,"","mtada_aggregated","trait2","bfdr_discoveries",0.05,48
20260816,4,500,15,3000,3000,3000,3000,"fast","control_informative",0.05,6,0.01,"","mtada_aggregated","trait2","bfdr_observed_fdp",0.1,0.903846153846154
20260816,4,500,15,3000,3000,3000,3000,"fast","control_informative",0.05,6,0.01,"","mtada_aggregated","trait2","bfdr_estimate",0.1,0.0964674607554192
20260816,4,500,15,3000,3000,3000,3000,"fast","control_informative",0.05,6,0.01,"","mtada_aggregated","trait2","bfdr_power",0.1,0.5
20260816,4,500,15,3000,3000,3000,3000,"fast","control_informative",0.05,6,0.01,"","mtada_aggregated","trait2","bfdr_discoveries",0.1,52
20260816,4,500,15,3000,3000,3000,3000,"fast","control_informative",0.05,6,0.01,"","mtada_aggregated","trait2","bfdr_observed_fdp",0.2,0.918032786885246
20260816,4,500,15,3000,3000,3000,3000,"fast","control_informative",0.05,6,0.01,"","mtada_aggregated","trait2","bfdr_estimate",0.2,0.196198405367714
20260816,4,500,15,3000,3000,3000,3000,"fast","control_informative",0.05,6,0.01,"","mtada_aggregated","trait2","bfdr_power",0.2,0.5
20260816,4,500,15,3000,3000,3000,3000,"fast","control_informative",0.05,6,0.01,"","mtada_aggregated","trait2","bfdr_discoveries",0.2,61
20260816,4,500,15,3000,3000,3000,3000,"fast","control_informative",0.05,6,0.01,"","mtada_aggregated","pleiotropy","bfdr_observed_fdp",0.01,1
20260816,4,500,15,3000,3000,3000,3000,"fast","control_informative",0.05,6,0.01,"","mtada_aggregated","pleiotropy","bfdr_estimate",0.01,0.00991453442740331
20260816,4,500,15,3000,3000,3000,3000,"fast","control_informative",0.05,6,0.01,"","mtada_aggregated","pleiotropy","bfdr_power",0.01,0
20260816,4,500,15,3000,3000,3000,3000,"fast","control_informative",0.05,6,0.01,"","mtada_aggregated","pleiotropy","bfdr_discoveries",0.01,2
20260816,4,500,15,3000,3000,3000,3000,"fast","control_informative",0.05,6,0.01,"","mtada_aggregated","pleiotropy","bfdr_observed_fdp",0.05,1
20260816,4,500,15,3000,3000,3000,3000,"fast","control_informative",0.05,6,0.01,"","mtada_aggregated","pleiotropy","bfdr_estimate",0.05,0.0373710091975185
20260816,4,500,15,3000,3000,3000,3000,"fast","control_informative",0.05,6,0.01,"","mtada_aggregated","pleiotropy","bfdr_power",0.05,0
20260816,4,500,15,3000,3000,3000,3000,"fast","control_informative",0.05,6,0.01,"","mtada_aggregated","pleiotropy","bfdr_discoveries",0.05,4
20260816,4,500,15,3000,3000,3000,3000,"fast","control_informative",0.05,6,0.01,"","mtada_aggregated","pleiotropy","bfdr_observed_fdp",0.1,1
20260816,4,500,15,3000,3000,3000,3000,"fast","control_informative",0.05,6,0.01,"","mtada_aggregated","pleiotropy","bfdr_estimate",0.1,0.0800037486860723
20260816,4,500,15,3000,3000,3000,3000,"fast","control_informative",0.05,6,0.01,"","mtada_aggregated","pleiotropy","bfdr_power",0.1,0
20260816,4,500,15,3000,3000,3000,3000,"fast","control_informative",0.05,6,0.01,"","mtada_aggregated","pleiotropy","bfdr_discoveries",0.1,6
20260816,4,500,15,3000,3000,3000,3000,"fast","control_informative",0.05,6,0.01,"","mtada_aggregated","pleiotropy","bfdr_observed_fdp",0.2,1
20260816,4,500,15,3000,3000,3000,3000,"fast","control_informative",0.05,6,0.01,"","mtada_aggregated","pleiotropy","bfdr_estimate",0.2,0.167993784067209
20260816,4,500,15,3000,3000,3000,3000,"fast","control_informative",0.05,6,0.01,"","mtada_aggregated","pleiotropy","bfdr_power",0.2,0
20260816,4,500,15,3000,3000,3000,3000,"fast","control_informative",0.05,6,0.01,"","mtada_aggregated","pleiotropy","bfdr_discoveries",0.2,7
20260816,4,500,15,3000,3000,3000,3000,"fast","control_informative",0.05,6,0.01,"","mtada_aggregated","global","runtime_seconds",NA,0.692999999999984
20260816,4,500,15,3000,3000,3000,3000,"fast","control_informative",0.05,6,0.01,"","mtada_aggregated","pleiotropy","pi11_estimate",NA,0.00120406
20260817,5,500,15,3000,3000,3000,3000,"fast","control_informative",0.05,6,0.01,"","mirage_joint","trait1","auc",NA,0.62938947368421
20260817,5,500,15,3000,3000,3000,3000,"fast","control_informative",0.05,6,0.01,"","mirage_joint","trait2","auc",NA,0.583265306122449
20260817,5,500,15,3000,3000,3000,3000,"fast","control_informative",0.05,6,0.01,"","mirage_joint","pleiotropy","auc",NA,0.640808080808081
20260817,5,500,15,3000,3000,3000,3000,"fast","control_informative",0.05,6,0.01,"","mirage_joint","trait1","pp08_power",0.8,0.12
20260817,5,500,15,3000,3000,3000,3000,"fast","control_informative",0.05,6,0.01,"","mirage_joint","trait1","pp08_fdp",0.8,0.25
20260817,5,500,15,3000,3000,3000,3000,"fast","control_informative",0.05,6,0.01,"","mirage_joint","trait1","pp08_discoveries",0.8,4
20260817,5,500,15,3000,3000,3000,3000,"fast","control_informative",0.05,6,0.01,"","mirage_joint","trait2","pp08_power",0.8,0
20260817,5,500,15,3000,3000,3000,3000,"fast","control_informative",0.05,6,0.01,"","mirage_joint","trait2","pp08_fdp",0.8,0
20260817,5,500,15,3000,3000,3000,3000,"fast","control_informative",0.05,6,0.01,"","mirage_joint","trait2","pp08_discoveries",0.8,0
20260817,5,500,15,3000,3000,3000,3000,"fast","control_informative",0.05,6,0.01,"","mirage_joint","pleiotropy","pp08_power",0.8,0
20260817,5,500,15,3000,3000,3000,3000,"fast","control_informative",0.05,6,0.01,"","mirage_joint","pleiotropy","pp08_fdp",0.8,0
20260817,5,500,15,3000,3000,3000,3000,"fast","control_informative",0.05,6,0.01,"","mirage_joint","pleiotropy","pp08_discoveries",0.8,0
20260817,5,500,15,3000,3000,3000,3000,"fast","control_informative",0.05,6,0.01,"","mirage_joint","trait1","bfdr_observed_fdp",0.01,0
20260817,5,500,15,3000,3000,3000,3000,"fast","control_informative",0.05,6,0.01,"","mirage_joint","trait1","bfdr_estimate",0.01,0.00131421437992935
20260817,5,500,15,3000,3000,3000,3000,"fast","control_informative",0.05,6,0.01,"","mirage_joint","trait1","bfdr_power",0.01,0.08
20260817,5,500,15,3000,3000,3000,3000,"fast","control_informative",0.05,6,0.01,"","mirage_joint","trait1","bfdr_discoveries",0.01,2
20260817,5,500,15,3000,3000,3000,3000,"fast","control_informative",0.05,6,0.01,"","mirage_joint","trait1","bfdr_observed_fdp",0.05,0.333333333333333
20260817,5,500,15,3000,3000,3000,3000,"fast","control_informative",0.05,6,0.01,"","mirage_joint","trait1","bfdr_estimate",0.05,0.0478504764893367
20260817,5,500,15,3000,3000,3000,3000,"fast","control_informative",0.05,6,0.01,"","mirage_joint","trait1","bfdr_power",0.05,0.08
20260817,5,500,15,3000,3000,3000,3000,"fast","control_informative",0.05,6,0.01,"","mirage_joint","trait1","bfdr_discoveries",0.05,3
20260817,5,500,15,3000,3000,3000,3000,"fast","control_informative",0.05,6,0.01,"","mirage_joint","trait1","bfdr_observed_fdp",0.1,0.25
20260817,5,500,15,3000,3000,3000,3000,"fast","control_informative",0.05,6,0.01,"","mirage_joint","trait1","bfdr_estimate",0.1,0.0852430319402897
20260817,5,500,15,3000,3000,3000,3000,"fast","control_informative",0.05,6,0.01,"","mirage_joint","trait1","bfdr_power",0.1,0.12
20260817,5,500,15,3000,3000,3000,3000,"fast","control_informative",0.05,6,0.01,"","mirage_joint","trait1","bfdr_discoveries",0.1,4
20260817,5,500,15,3000,3000,3000,3000,"fast","control_informative",0.05,6,0.01,"","mirage_joint","trait1","bfdr_observed_fdp",0.2,0.375
20260817,5,500,15,3000,3000,3000,3000,"fast","control_informative",0.05,6,0.01,"","mirage_joint","trait1","bfdr_estimate",0.2,0.197780011979124
20260817,5,500,15,3000,3000,3000,3000,"fast","control_informative",0.05,6,0.01,"","mirage_joint","trait1","bfdr_power",0.2,0.2
20260817,5,500,15,3000,3000,3000,3000,"fast","control_informative",0.05,6,0.01,"","mirage_joint","trait1","bfdr_discoveries",0.2,8
20260817,5,500,15,3000,3000,3000,3000,"fast","control_informative",0.05,6,0.01,"","mirage_joint","trait2","bfdr_observed_fdp",0.01,0
20260817,5,500,15,3000,3000,3000,3000,"fast","control_informative",0.05,6,0.01,"","mirage_joint","trait2","bfdr_estimate",0.01,0
20260817,5,500,15,3000,3000,3000,3000,"fast","control_informative",0.05,6,0.01,"","mirage_joint","trait2","bfdr_power",0.01,0
20260817,5,500,15,3000,3000,3000,3000,"fast","control_informative",0.05,6,0.01,"","mirage_joint","trait2","bfdr_discoveries",0.01,0
20260817,5,500,15,3000,3000,3000,3000,"fast","control_informative",0.05,6,0.01,"","mirage_joint","trait2","bfdr_observed_fdp",0.05,0
20260817,5,500,15,3000,3000,3000,3000,"fast","control_informative",0.05,6,0.01,"","mirage_joint","trait2","bfdr_estimate",0.05,0
20260817,5,500,15,3000,3000,3000,3000,"fast","control_informative",0.05,6,0.01,"","mirage_joint","trait2","bfdr_power",0.05,0
20260817,5,500,15,3000,3000,3000,3000,"fast","control_informative",0.05,6,0.01,"","mirage_joint","trait2","bfdr_discoveries",0.05,0
20260817,5,500,15,3000,3000,3000,3000,"fast","control_informative",0.05,6,0.01,"","mirage_joint","trait2","bfdr_observed_fdp",0.1,0
20260817,5,500,15,3000,3000,3000,3000,"fast","control_informative",0.05,6,0.01,"","mirage_joint","trait2","bfdr_estimate",0.1,0
20260817,5,500,15,3000,3000,3000,3000,"fast","control_informative",0.05,6,0.01,"","mirage_joint","trait2","bfdr_power",0.1,0
20260817,5,500,15,3000,3000,3000,3000,"fast","control_informative",0.05,6,0.01,"","mirage_joint","trait2","bfdr_discoveries",0.1,0
20260817,5,500,15,3000,3000,3000,3000,"fast","control_informative",0.05,6,0.01,"","mirage_joint","trait2","bfdr_observed_fdp",0.2,0
20260817,5,500,15,3000,3000,3000,3000,"fast","control_informative",0.05,6,0.01,"","mirage_joint","trait2","bfdr_estimate",0.2,0
20260817,5,500,15,3000,3000,3000,3000,"fast","control_informative",0.05,6,0.01,"","mirage_joint","trait2","bfdr_power",0.2,0
20260817,5,500,15,3000,3000,3000,3000,"fast","control_informative",0.05,6,0.01,"","mirage_joint","trait2","bfdr_discoveries",0.2,0
20260817,5,500,15,3000,3000,3000,3000,"fast","control_informative",0.05,6,0.01,"","mirage_joint","pleiotropy","bfdr_observed_fdp",0.01,0
20260817,5,500,15,3000,3000,3000,3000,"fast","control_informative",0.05,6,0.01,"","mirage_joint","pleiotropy","bfdr_estimate",0.01,0
20260817,5,500,15,3000,3000,3000,3000,"fast","control_informative",0.05,6,0.01,"","mirage_joint","pleiotropy","bfdr_power",0.01,0
20260817,5,500,15,3000,3000,3000,3000,"fast","control_informative",0.05,6,0.01,"","mirage_joint","pleiotropy","bfdr_discoveries",0.01,0
20260817,5,500,15,3000,3000,3000,3000,"fast","control_informative",0.05,6,0.01,"","mirage_joint","pleiotropy","bfdr_observed_fdp",0.05,0
20260817,5,500,15,3000,3000,3000,3000,"fast","control_informative",0.05,6,0.01,"","mirage_joint","pleiotropy","bfdr_estimate",0.05,0
20260817,5,500,15,3000,3000,3000,3000,"fast","control_informative",0.05,6,0.01,"","mirage_joint","pleiotropy","bfdr_power",0.05,0
20260817,5,500,15,3000,3000,3000,3000,"fast","control_informative",0.05,6,0.01,"","mirage_joint","pleiotropy","bfdr_discoveries",0.05,0
20260817,5,500,15,3000,3000,3000,3000,"fast","control_informative",0.05,6,0.01,"","mirage_joint","pleiotropy","bfdr_observed_fdp",0.1,0
20260817,5,500,15,3000,3000,3000,3000,"fast","control_informative",0.05,6,0.01,"","mirage_joint","pleiotropy","bfdr_estimate",0.1,0
20260817,5,500,15,3000,3000,3000,3000,"fast","control_informative",0.05,6,0.01,"","mirage_joint","pleiotropy","bfdr_power",0.1,0
20260817,5,500,15,3000,3000,3000,3000,"fast","control_informative",0.05,6,0.01,"","mirage_joint","pleiotropy","bfdr_discoveries",0.1,0
20260817,5,500,15,3000,3000,3000,3000,"fast","control_informative",0.05,6,0.01,"","mirage_joint","pleiotropy","bfdr_observed_fdp",0.2,0
20260817,5,500,15,3000,3000,3000,3000,"fast","control_informative",0.05,6,0.01,"","mirage_joint","pleiotropy","bfdr_estimate",0.2,0
20260817,5,500,15,3000,3000,3000,3000,"fast","control_informative",0.05,6,0.01,"","mirage_joint","pleiotropy","bfdr_power",0.2,0
20260817,5,500,15,3000,3000,3000,3000,"fast","control_informative",0.05,6,0.01,"","mirage_joint","pleiotropy","bfdr_discoveries",0.2,0
20260817,5,500,15,3000,3000,3000,3000,"fast","control_informative",0.05,6,0.01,"","mirage_joint","global","runtime_seconds",NA,17.905
20260817,5,500,15,3000,3000,3000,3000,"fast","control_informative",0.05,6,0.01,"","mirage_joint","pleiotropy","pi11_estimate",NA,0.0166608435280671
20260817,5,500,15,3000,3000,3000,3000,"fast","control_informative",0.05,6,0.01,"","separate_mirage","trait1","auc",NA,0.635031578947368
20260817,5,500,15,3000,3000,3000,3000,"fast","control_informative",0.05,6,0.01,"","separate_mirage","trait2","auc",NA,0.605510204081633
20260817,5,500,15,3000,3000,3000,3000,"fast","control_informative",0.05,6,0.01,"","separate_mirage","pleiotropy","auc",NA,0.640808080808081
20260817,5,500,15,3000,3000,3000,3000,"fast","control_informative",0.05,6,0.01,"","separate_mirage","trait1","pp08_power",0.8,0.08
20260817,5,500,15,3000,3000,3000,3000,"fast","control_informative",0.05,6,0.01,"","separate_mirage","trait1","pp08_fdp",0.8,0.333333333333333
20260817,5,500,15,3000,3000,3000,3000,"fast","control_informative",0.05,6,0.01,"","separate_mirage","trait1","pp08_discoveries",0.8,3
20260817,5,500,15,3000,3000,3000,3000,"fast","control_informative",0.05,6,0.01,"","separate_mirage","trait2","pp08_power",0.8,0
20260817,5,500,15,3000,3000,3000,3000,"fast","control_informative",0.05,6,0.01,"","separate_mirage","trait2","pp08_fdp",0.8,0
20260817,5,500,15,3000,3000,3000,3000,"fast","control_informative",0.05,6,0.01,"","separate_mirage","trait2","pp08_discoveries",0.8,0
20260817,5,500,15,3000,3000,3000,3000,"fast","control_informative",0.05,6,0.01,"","separate_mirage","pleiotropy","pp08_power",0.8,0
20260817,5,500,15,3000,3000,3000,3000,"fast","control_informative",0.05,6,0.01,"","separate_mirage","pleiotropy","pp08_fdp",0.8,0
20260817,5,500,15,3000,3000,3000,3000,"fast","control_informative",0.05,6,0.01,"","separate_mirage","pleiotropy","pp08_discoveries",0.8,0
20260817,5,500,15,3000,3000,3000,3000,"fast","control_informative",0.05,6,0.01,"","separate_mirage","trait1","bfdr_observed_fdp",0.01,0
20260817,5,500,15,3000,3000,3000,3000,"fast","control_informative",0.05,6,0.01,"","separate_mirage","trait1","bfdr_estimate",0.01,0.0017227361561481
20260817,5,500,15,3000,3000,3000,3000,"fast","control_informative",0.05,6,0.01,"","separate_mirage","trait1","bfdr_power",0.01,0.08
20260817,5,500,15,3000,3000,3000,3000,"fast","control_informative",0.05,6,0.01,"","separate_mirage","trait1","bfdr_discoveries",0.01,2
20260817,5,500,15,3000,3000,3000,3000,"fast","control_informative",0.05,6,0.01,"","separate_mirage","trait1","bfdr_observed_fdp",0.05,0
20260817,5,500,15,3000,3000,3000,3000,"fast","control_informative",0.05,6,0.01,"","separate_mirage","trait1","bfdr_estimate",0.05,0.0017227361561481
20260817,5,500,15,3000,3000,3000,3000,"fast","control_informative",0.05,6,0.01,"","separate_mirage","trait1","bfdr_power",0.05,0.08
20260817,5,500,15,3000,3000,3000,3000,"fast","control_informative",0.05,6,0.01,"","separate_mirage","trait1","bfdr_discoveries",0.05,2
20260817,5,500,15,3000,3000,3000,3000,"fast","control_informative",0.05,6,0.01,"","separate_mirage","trait1","bfdr_observed_fdp",0.1,0.333333333333333
20260817,5,500,15,3000,3000,3000,3000,"fast","control_informative",0.05,6,0.01,"","separate_mirage","trait1","bfdr_estimate",0.1,0.0566189357494306
20260817,5,500,15,3000,3000,3000,3000,"fast","control_informative",0.05,6,0.01,"","separate_mirage","trait1","bfdr_power",0.1,0.08
20260817,5,500,15,3000,3000,3000,3000,"fast","control_informative",0.05,6,0.01,"","separate_mirage","trait1","bfdr_discoveries",0.1,3
20260817,5,500,15,3000,3000,3000,3000,"fast","control_informative",0.05,6,0.01,"","separate_mirage","trait1","bfdr_observed_fdp",0.2,0.5
20260817,5,500,15,3000,3000,3000,3000,"fast","control_informative",0.05,6,0.01,"","separate_mirage","trait1","bfdr_estimate",0.2,0.175402336727426
20260817,5,500,15,3000,3000,3000,3000,"fast","control_informative",0.05,6,0.01,"","separate_mirage","trait1","bfdr_power",0.2,0.12
20260817,5,500,15,3000,3000,3000,3000,"fast","control_informative",0.05,6,0.01,"","separate_mirage","trait1","bfdr_discoveries",0.2,6
20260817,5,500,15,3000,3000,3000,3000,"fast","control_informative",0.05,6,0.01,"","separate_mirage","trait2","bfdr_observed_fdp",0.01,0
20260817,5,500,15,3000,3000,3000,3000,"fast","control_informative",0.05,6,0.01,"","separate_mirage","trait2","bfdr_estimate",0.01,0
20260817,5,500,15,3000,3000,3000,3000,"fast","control_informative",0.05,6,0.01,"","separate_mirage","trait2","bfdr_power",0.01,0
20260817,5,500,15,3000,3000,3000,3000,"fast","control_informative",0.05,6,0.01,"","separate_mirage","trait2","bfdr_discoveries",0.01,0
20260817,5,500,15,3000,3000,3000,3000,"fast","control_informative",0.05,6,0.01,"","separate_mirage","trait2","bfdr_observed_fdp",0.05,0
20260817,5,500,15,3000,3000,3000,3000,"fast","control_informative",0.05,6,0.01,"","separate_mirage","trait2","bfdr_estimate",0.05,0
20260817,5,500,15,3000,3000,3000,3000,"fast","control_informative",0.05,6,0.01,"","separate_mirage","trait2","bfdr_power",0.05,0
20260817,5,500,15,3000,3000,3000,3000,"fast","control_informative",0.05,6,0.01,"","separate_mirage","trait2","bfdr_discoveries",0.05,0
20260817,5,500,15,3000,3000,3000,3000,"fast","control_informative",0.05,6,0.01,"","separate_mirage","trait2","bfdr_observed_fdp",0.1,0
20260817,5,500,15,3000,3000,3000,3000,"fast","control_informative",0.05,6,0.01,"","separate_mirage","trait2","bfdr_estimate",0.1,0
20260817,5,500,15,3000,3000,3000,3000,"fast","control_informative",0.05,6,0.01,"","separate_mirage","trait2","bfdr_power",0.1,0
20260817,5,500,15,3000,3000,3000,3000,"fast","control_informative",0.05,6,0.01,"","separate_mirage","trait2","bfdr_discoveries",0.1,0
20260817,5,500,15,3000,3000,3000,3000,"fast","control_informative",0.05,6,0.01,"","separate_mirage","trait2","bfdr_observed_fdp",0.2,0
20260817,5,500,15,3000,3000,3000,3000,"fast","control_informative",0.05,6,0.01,"","separate_mirage","trait2","bfdr_estimate",0.2,0
20260817,5,500,15,3000,3000,3000,3000,"fast","control_informative",0.05,6,0.01,"","separate_mirage","trait2","bfdr_power",0.2,0
20260817,5,500,15,3000,3000,3000,3000,"fast","control_informative",0.05,6,0.01,"","separate_mirage","trait2","bfdr_discoveries",0.2,0
20260817,5,500,15,3000,3000,3000,3000,"fast","control_informative",0.05,6,0.01,"","separate_mirage","pleiotropy","bfdr_observed_fdp",0.01,0
20260817,5,500,15,3000,3000,3000,3000,"fast","control_informative",0.05,6,0.01,"","separate_mirage","pleiotropy","bfdr_estimate",0.01,0
20260817,5,500,15,3000,3000,3000,3000,"fast","control_informative",0.05,6,0.01,"","separate_mirage","pleiotropy","bfdr_power",0.01,0
20260817,5,500,15,3000,3000,3000,3000,"fast","control_informative",0.05,6,0.01,"","separate_mirage","pleiotropy","bfdr_discoveries",0.01,0
20260817,5,500,15,3000,3000,3000,3000,"fast","control_informative",0.05,6,0.01,"","separate_mirage","pleiotropy","bfdr_observed_fdp",0.05,0
20260817,5,500,15,3000,3000,3000,3000,"fast","control_informative",0.05,6,0.01,"","separate_mirage","pleiotropy","bfdr_estimate",0.05,0
20260817,5,500,15,3000,3000,3000,3000,"fast","control_informative",0.05,6,0.01,"","separate_mirage","pleiotropy","bfdr_power",0.05,0
20260817,5,500,15,3000,3000,3000,3000,"fast","control_informative",0.05,6,0.01,"","separate_mirage","pleiotropy","bfdr_discoveries",0.05,0
20260817,5,500,15,3000,3000,3000,3000,"fast","control_informative",0.05,6,0.01,"","separate_mirage","pleiotropy","bfdr_observed_fdp",0.1,0
20260817,5,500,15,3000,3000,3000,3000,"fast","control_informative",0.05,6,0.01,"","separate_mirage","pleiotropy","bfdr_estimate",0.1,0
20260817,5,500,15,3000,3000,3000,3000,"fast","control_informative",0.05,6,0.01,"","separate_mirage","pleiotropy","bfdr_power",0.1,0
20260817,5,500,15,3000,3000,3000,3000,"fast","control_informative",0.05,6,0.01,"","separate_mirage","pleiotropy","bfdr_discoveries",0.1,0
20260817,5,500,15,3000,3000,3000,3000,"fast","control_informative",0.05,6,0.01,"","separate_mirage","pleiotropy","bfdr_observed_fdp",0.2,0
20260817,5,500,15,3000,3000,3000,3000,"fast","control_informative",0.05,6,0.01,"","separate_mirage","pleiotropy","bfdr_estimate",0.2,0
20260817,5,500,15,3000,3000,3000,3000,"fast","control_informative",0.05,6,0.01,"","separate_mirage","pleiotropy","bfdr_power",0.2,0
20260817,5,500,15,3000,3000,3000,3000,"fast","control_informative",0.05,6,0.01,"","separate_mirage","pleiotropy","bfdr_discoveries",0.2,0
20260817,5,500,15,3000,3000,3000,3000,"fast","control_informative",0.05,6,0.01,"","separate_mirage","global","runtime_seconds",NA,17.919
20260817,5,500,15,3000,3000,3000,3000,"fast","control_informative",0.05,6,0.01,"","separate_mirage","pleiotropy","pi11_estimate",NA,0.001
20260817,5,500,15,3000,3000,3000,3000,"fast","control_informative",0.05,6,0.01,"","mtada_aggregated","trait1","auc",NA,0.639873684210526
20260817,5,500,15,3000,3000,3000,3000,"fast","control_informative",0.05,6,0.01,"","mtada_aggregated","trait2","auc",NA,0.566530612244898
20260817,5,500,15,3000,3000,3000,3000,"fast","control_informative",0.05,6,0.01,"","mtada_aggregated","pleiotropy","auc",NA,0.70989898989899
20260817,5,500,15,3000,3000,3000,3000,"fast","control_informative",0.05,6,0.01,"","mtada_aggregated","trait1","pp08_power",0.8,0.24
20260817,5,500,15,3000,3000,3000,3000,"fast","control_informative",0.05,6,0.01,"","mtada_aggregated","trait1","pp08_fdp",0.8,0.90625
20260817,5,500,15,3000,3000,3000,3000,"fast","control_informative",0.05,6,0.01,"","mtada_aggregated","trait1","pp08_discoveries",0.8,64
20260817,5,500,15,3000,3000,3000,3000,"fast","control_informative",0.05,6,0.01,"","mtada_aggregated","trait2","pp08_power",0.8,0.2
20260817,5,500,15,3000,3000,3000,3000,"fast","control_informative",0.05,6,0.01,"","mtada_aggregated","trait2","pp08_fdp",0.8,0.964912280701754
20260817,5,500,15,3000,3000,3000,3000,"fast","control_informative",0.05,6,0.01,"","mtada_aggregated","trait2","pp08_discoveries",0.8,57
20260817,5,500,15,3000,3000,3000,3000,"fast","control_informative",0.05,6,0.01,"","mtada_aggregated","pleiotropy","pp08_power",0.8,0.2
20260817,5,500,15,3000,3000,3000,3000,"fast","control_informative",0.05,6,0.01,"","mtada_aggregated","pleiotropy","pp08_fdp",0.8,0.857142857142857
20260817,5,500,15,3000,3000,3000,3000,"fast","control_informative",0.05,6,0.01,"","mtada_aggregated","pleiotropy","pp08_discoveries",0.8,7
20260817,5,500,15,3000,3000,3000,3000,"fast","control_informative",0.05,6,0.01,"","mtada_aggregated","trait1","bfdr_observed_fdp",0.01,0.9
20260817,5,500,15,3000,3000,3000,3000,"fast","control_informative",0.05,6,0.01,"","mtada_aggregated","trait1","bfdr_estimate",0.01,0.00922505182135345
20260817,5,500,15,3000,3000,3000,3000,"fast","control_informative",0.05,6,0.01,"","mtada_aggregated","trait1","bfdr_power",0.01,0.24
20260817,5,500,15,3000,3000,3000,3000,"fast","control_informative",0.05,6,0.01,"","mtada_aggregated","trait1","bfdr_discoveries",0.01,60
20260817,5,500,15,3000,3000,3000,3000,"fast","control_informative",0.05,6,0.01,"","mtada_aggregated","trait1","bfdr_observed_fdp",0.05,0.902777777777778
20260817,5,500,15,3000,3000,3000,3000,"fast","control_informative",0.05,6,0.01,"","mtada_aggregated","trait1","bfdr_estimate",0.05,0.0493134772521548
20260817,5,500,15,3000,3000,3000,3000,"fast","control_informative",0.05,6,0.01,"","mtada_aggregated","trait1","bfdr_power",0.05,0.28
20260817,5,500,15,3000,3000,3000,3000,"fast","control_informative",0.05,6,0.01,"","mtada_aggregated","trait1","bfdr_discoveries",0.05,72
20260817,5,500,15,3000,3000,3000,3000,"fast","control_informative",0.05,6,0.01,"","mtada_aggregated","trait1","bfdr_observed_fdp",0.1,0.91358024691358
20260817,5,500,15,3000,3000,3000,3000,"fast","control_informative",0.05,6,0.01,"","mtada_aggregated","trait1","bfdr_estimate",0.1,0.0990137183452972
20260817,5,500,15,3000,3000,3000,3000,"fast","control_informative",0.05,6,0.01,"","mtada_aggregated","trait1","bfdr_power",0.1,0.28
20260817,5,500,15,3000,3000,3000,3000,"fast","control_informative",0.05,6,0.01,"","mtada_aggregated","trait1","bfdr_discoveries",0.1,81
20260817,5,500,15,3000,3000,3000,3000,"fast","control_informative",0.05,6,0.01,"","mtada_aggregated","trait1","bfdr_observed_fdp",0.2,0.90625
20260817,5,500,15,3000,3000,3000,3000,"fast","control_informative",0.05,6,0.01,"","mtada_aggregated","trait1","bfdr_estimate",0.2,0.198846397537174
20260817,5,500,15,3000,3000,3000,3000,"fast","control_informative",0.05,6,0.01,"","mtada_aggregated","trait1","bfdr_power",0.2,0.36
20260817,5,500,15,3000,3000,3000,3000,"fast","control_informative",0.05,6,0.01,"","mtada_aggregated","trait1","bfdr_discoveries",0.2,96
20260817,5,500,15,3000,3000,3000,3000,"fast","control_informative",0.05,6,0.01,"","mtada_aggregated","trait2","bfdr_observed_fdp",0.01,0.963636363636364
20260817,5,500,15,3000,3000,3000,3000,"fast","control_informative",0.05,6,0.01,"","mtada_aggregated","trait2","bfdr_estimate",0.01,0.00711710210565083
20260817,5,500,15,3000,3000,3000,3000,"fast","control_informative",0.05,6,0.01,"","mtada_aggregated","trait2","bfdr_power",0.01,0.2
20260817,5,500,15,3000,3000,3000,3000,"fast","control_informative",0.05,6,0.01,"","mtada_aggregated","trait2","bfdr_discoveries",0.01,55
20260817,5,500,15,3000,3000,3000,3000,"fast","control_informative",0.05,6,0.01,"","mtada_aggregated","trait2","bfdr_observed_fdp",0.05,0.952380952380952
20260817,5,500,15,3000,3000,3000,3000,"fast","control_informative",0.05,6,0.01,"","mtada_aggregated","trait2","bfdr_estimate",0.05,0.0437354358598321
20260817,5,500,15,3000,3000,3000,3000,"fast","control_informative",0.05,6,0.01,"","mtada_aggregated","trait2","bfdr_power",0.05,0.3
20260817,5,500,15,3000,3000,3000,3000,"fast","control_informative",0.05,6,0.01,"","mtada_aggregated","trait2","bfdr_discoveries",0.05,63
20260817,5,500,15,3000,3000,3000,3000,"fast","control_informative",0.05,6,0.01,"","mtada_aggregated","trait2","bfdr_observed_fdp",0.1,0.957142857142857
20260817,5,500,15,3000,3000,3000,3000,"fast","control_informative",0.05,6,0.01,"","mtada_aggregated","trait2","bfdr_estimate",0.1,0.0968877864750658
20260817,5,500,15,3000,3000,3000,3000,"fast","control_informative",0.05,6,0.01,"","mtada_aggregated","trait2","bfdr_power",0.1,0.3
20260817,5,500,15,3000,3000,3000,3000,"fast","control_informative",0.05,6,0.01,"","mtada_aggregated","trait2","bfdr_discoveries",0.1,70
20260817,5,500,15,3000,3000,3000,3000,"fast","control_informative",0.05,6,0.01,"","mtada_aggregated","trait2","bfdr_observed_fdp",0.2,0.963414634146341
20260817,5,500,15,3000,3000,3000,3000,"fast","control_informative",0.05,6,0.01,"","mtada_aggregated","trait2","bfdr_estimate",0.2,0.199234399708547
20260817,5,500,15,3000,3000,3000,3000,"fast","control_informative",0.05,6,0.01,"","mtada_aggregated","trait2","bfdr_power",0.2,0.3
20260817,5,500,15,3000,3000,3000,3000,"fast","control_informative",0.05,6,0.01,"","mtada_aggregated","trait2","bfdr_discoveries",0.2,82
20260817,5,500,15,3000,3000,3000,3000,"fast","control_informative",0.05,6,0.01,"","mtada_aggregated","pleiotropy","bfdr_observed_fdp",0.01,0.833333333333333
20260817,5,500,15,3000,3000,3000,3000,"fast","control_informative",0.05,6,0.01,"","mtada_aggregated","pleiotropy","bfdr_estimate",0.01,0.00853441445629309
20260817,5,500,15,3000,3000,3000,3000,"fast","control_informative",0.05,6,0.01,"","mtada_aggregated","pleiotropy","bfdr_power",0.01,0.2
20260817,5,500,15,3000,3000,3000,3000,"fast","control_informative",0.05,6,0.01,"","mtada_aggregated","pleiotropy","bfdr_discoveries",0.01,6
20260817,5,500,15,3000,3000,3000,3000,"fast","control_informative",0.05,6,0.01,"","mtada_aggregated","pleiotropy","bfdr_observed_fdp",0.05,0.857142857142857
20260817,5,500,15,3000,3000,3000,3000,"fast","control_informative",0.05,6,0.01,"","mtada_aggregated","pleiotropy","bfdr_estimate",0.05,0.0258445721191196
20260817,5,500,15,3000,3000,3000,3000,"fast","control_informative",0.05,6,0.01,"","mtada_aggregated","pleiotropy","bfdr_power",0.05,0.2
20260817,5,500,15,3000,3000,3000,3000,"fast","control_informative",0.05,6,0.01,"","mtada_aggregated","pleiotropy","bfdr_discoveries",0.05,7
20260817,5,500,15,3000,3000,3000,3000,"fast","control_informative",0.05,6,0.01,"","mtada_aggregated","pleiotropy","bfdr_observed_fdp",0.1,0.888888888888889
20260817,5,500,15,3000,3000,3000,3000,"fast","control_informative",0.05,6,0.01,"","mtada_aggregated","pleiotropy","bfdr_estimate",0.1,0.089691188236767
20260817,5,500,15,3000,3000,3000,3000,"fast","control_informative",0.05,6,0.01,"","mtada_aggregated","pleiotropy","bfdr_power",0.1,0.2
20260817,5,500,15,3000,3000,3000,3000,"fast","control_informative",0.05,6,0.01,"","mtada_aggregated","pleiotropy","bfdr_discoveries",0.1,9
20260817,5,500,15,3000,3000,3000,3000,"fast","control_informative",0.05,6,0.01,"","mtada_aggregated","pleiotropy","bfdr_observed_fdp",0.2,0.909090909090909
20260817,5,500,15,3000,3000,3000,3000,"fast","control_informative",0.05,6,0.01,"","mtada_aggregated","pleiotropy","bfdr_estimate",0.2,0.16301795166458
20260817,5,500,15,3000,3000,3000,3000,"fast","control_informative",0.05,6,0.01,"","mtada_aggregated","pleiotropy","bfdr_power",0.2,0.2
20260817,5,500,15,3000,3000,3000,3000,"fast","control_informative",0.05,6,0.01,"","mtada_aggregated","pleiotropy","bfdr_discoveries",0.2,11
20260817,5,500,15,3000,3000,3000,3000,"fast","control_informative",0.05,6,0.01,"","mtada_aggregated","global","runtime_seconds",NA,0.764999999999986
20260817,5,500,15,3000,3000,3000,3000,"fast","control_informative",0.05,6,0.01,"","mtada_aggregated","pleiotropy","pi11_estimate",NA,0.00208791
20260818,6,500,15,3000,3000,3000,3000,"fast","control_informative",0.05,6,0.01,"","mirage_joint","trait1","auc",NA,0.725136842105263
20260818,6,500,15,3000,3000,3000,3000,"fast","control_informative",0.05,6,0.01,"","mirage_joint","trait2","auc",NA,0.712857142857143
20260818,6,500,15,3000,3000,3000,3000,"fast","control_informative",0.05,6,0.01,"","mirage_joint","pleiotropy","auc",NA,0.747878787878788
20260818,6,500,15,3000,3000,3000,3000,"fast","control_informative",0.05,6,0.01,"","mirage_joint","trait1","pp08_power",0.8,0.24
20260818,6,500,15,3000,3000,3000,3000,"fast","control_informative",0.05,6,0.01,"","mirage_joint","trait1","pp08_fdp",0.8,0.142857142857143
20260818,6,500,15,3000,3000,3000,3000,"fast","control_informative",0.05,6,0.01,"","mirage_joint","trait1","pp08_discoveries",0.8,7
20260818,6,500,15,3000,3000,3000,3000,"fast","control_informative",0.05,6,0.01,"","mirage_joint","trait2","pp08_power",0.8,0
20260818,6,500,15,3000,3000,3000,3000,"fast","control_informative",0.05,6,0.01,"","mirage_joint","trait2","pp08_fdp",0.8,0
20260818,6,500,15,3000,3000,3000,3000,"fast","control_informative",0.05,6,0.01,"","mirage_joint","trait2","pp08_discoveries",0.8,0
20260818,6,500,15,3000,3000,3000,3000,"fast","control_informative",0.05,6,0.01,"","mirage_joint","pleiotropy","pp08_power",0.8,0
20260818,6,500,15,3000,3000,3000,3000,"fast","control_informative",0.05,6,0.01,"","mirage_joint","pleiotropy","pp08_fdp",0.8,0
20260818,6,500,15,3000,3000,3000,3000,"fast","control_informative",0.05,6,0.01,"","mirage_joint","pleiotropy","pp08_discoveries",0.8,0
20260818,6,500,15,3000,3000,3000,3000,"fast","control_informative",0.05,6,0.01,"","mirage_joint","trait1","bfdr_observed_fdp",0.01,0
20260818,6,500,15,3000,3000,3000,3000,"fast","control_informative",0.05,6,0.01,"","mirage_joint","trait1","bfdr_estimate",0.01,0.00600938715492805
20260818,6,500,15,3000,3000,3000,3000,"fast","control_informative",0.05,6,0.01,"","mirage_joint","trait1","bfdr_power",0.01,0.16
20260818,6,500,15,3000,3000,3000,3000,"fast","control_informative",0.05,6,0.01,"","mirage_joint","trait1","bfdr_discoveries",0.01,4
20260818,6,500,15,3000,3000,3000,3000,"fast","control_informative",0.05,6,0.01,"","mirage_joint","trait1","bfdr_observed_fdp",0.05,0.142857142857143
20260818,6,500,15,3000,3000,3000,3000,"fast","control_informative",0.05,6,0.01,"","mirage_joint","trait1","bfdr_estimate",0.05,0.0488594152149522
20260818,6,500,15,3000,3000,3000,3000,"fast","control_informative",0.05,6,0.01,"","mirage_joint","trait1","bfdr_power",0.05,0.24
20260818,6,500,15,3000,3000,3000,3000,"fast","control_informative",0.05,6,0.01,"","mirage_joint","trait1","bfdr_discoveries",0.05,7
20260818,6,500,15,3000,3000,3000,3000,"fast","control_informative",0.05,6,0.01,"","mirage_joint","trait1","bfdr_observed_fdp",0.1,0.125
20260818,6,500,15,3000,3000,3000,3000,"fast","control_informative",0.05,6,0.01,"","mirage_joint","trait1","bfdr_estimate",0.1,0.0799922425723666
20260818,6,500,15,3000,3000,3000,3000,"fast","control_informative",0.05,6,0.01,"","mirage_joint","trait1","bfdr_power",0.1,0.28
20260818,6,500,15,3000,3000,3000,3000,"fast","control_informative",0.05,6,0.01,"","mirage_joint","trait1","bfdr_discoveries",0.1,8
20260818,6,500,15,3000,3000,3000,3000,"fast","control_informative",0.05,6,0.01,"","mirage_joint","trait1","bfdr_observed_fdp",0.2,0.416666666666667
20260818,6,500,15,3000,3000,3000,3000,"fast","control_informative",0.05,6,0.01,"","mirage_joint","trait1","bfdr_estimate",0.2,0.18368417335021
20260818,6,500,15,3000,3000,3000,3000,"fast","control_informative",0.05,6,0.01,"","mirage_joint","trait1","bfdr_power",0.2,0.28
20260818,6,500,15,3000,3000,3000,3000,"fast","control_informative",0.05,6,0.01,"","mirage_joint","trait1","bfdr_discoveries",0.2,12
20260818,6,500,15,3000,3000,3000,3000,"fast","control_informative",0.05,6,0.01,"","mirage_joint","trait2","bfdr_observed_fdp",0.01,0
20260818,6,500,15,3000,3000,3000,3000,"fast","control_informative",0.05,6,0.01,"","mirage_joint","trait2","bfdr_estimate",0.01,0
20260818,6,500,15,3000,3000,3000,3000,"fast","control_informative",0.05,6,0.01,"","mirage_joint","trait2","bfdr_power",0.01,0
20260818,6,500,15,3000,3000,3000,3000,"fast","control_informative",0.05,6,0.01,"","mirage_joint","trait2","bfdr_discoveries",0.01,0
20260818,6,500,15,3000,3000,3000,3000,"fast","control_informative",0.05,6,0.01,"","mirage_joint","trait2","bfdr_observed_fdp",0.05,0
20260818,6,500,15,3000,3000,3000,3000,"fast","control_informative",0.05,6,0.01,"","mirage_joint","trait2","bfdr_estimate",0.05,0
20260818,6,500,15,3000,3000,3000,3000,"fast","control_informative",0.05,6,0.01,"","mirage_joint","trait2","bfdr_power",0.05,0
20260818,6,500,15,3000,3000,3000,3000,"fast","control_informative",0.05,6,0.01,"","mirage_joint","trait2","bfdr_discoveries",0.05,0
20260818,6,500,15,3000,3000,3000,3000,"fast","control_informative",0.05,6,0.01,"","mirage_joint","trait2","bfdr_observed_fdp",0.1,0
20260818,6,500,15,3000,3000,3000,3000,"fast","control_informative",0.05,6,0.01,"","mirage_joint","trait2","bfdr_estimate",0.1,0
20260818,6,500,15,3000,3000,3000,3000,"fast","control_informative",0.05,6,0.01,"","mirage_joint","trait2","bfdr_power",0.1,0
20260818,6,500,15,3000,3000,3000,3000,"fast","control_informative",0.05,6,0.01,"","mirage_joint","trait2","bfdr_discoveries",0.1,0
20260818,6,500,15,3000,3000,3000,3000,"fast","control_informative",0.05,6,0.01,"","mirage_joint","trait2","bfdr_observed_fdp",0.2,0
20260818,6,500,15,3000,3000,3000,3000,"fast","control_informative",0.05,6,0.01,"","mirage_joint","trait2","bfdr_estimate",0.2,0
20260818,6,500,15,3000,3000,3000,3000,"fast","control_informative",0.05,6,0.01,"","mirage_joint","trait2","bfdr_power",0.2,0
20260818,6,500,15,3000,3000,3000,3000,"fast","control_informative",0.05,6,0.01,"","mirage_joint","trait2","bfdr_discoveries",0.2,0
20260818,6,500,15,3000,3000,3000,3000,"fast","control_informative",0.05,6,0.01,"","mirage_joint","pleiotropy","bfdr_observed_fdp",0.01,0
20260818,6,500,15,3000,3000,3000,3000,"fast","control_informative",0.05,6,0.01,"","mirage_joint","pleiotropy","bfdr_estimate",0.01,0
20260818,6,500,15,3000,3000,3000,3000,"fast","control_informative",0.05,6,0.01,"","mirage_joint","pleiotropy","bfdr_power",0.01,0
20260818,6,500,15,3000,3000,3000,3000,"fast","control_informative",0.05,6,0.01,"","mirage_joint","pleiotropy","bfdr_discoveries",0.01,0
20260818,6,500,15,3000,3000,3000,3000,"fast","control_informative",0.05,6,0.01,"","mirage_joint","pleiotropy","bfdr_observed_fdp",0.05,0
20260818,6,500,15,3000,3000,3000,3000,"fast","control_informative",0.05,6,0.01,"","mirage_joint","pleiotropy","bfdr_estimate",0.05,0
20260818,6,500,15,3000,3000,3000,3000,"fast","control_informative",0.05,6,0.01,"","mirage_joint","pleiotropy","bfdr_power",0.05,0
20260818,6,500,15,3000,3000,3000,3000,"fast","control_informative",0.05,6,0.01,"","mirage_joint","pleiotropy","bfdr_discoveries",0.05,0
20260818,6,500,15,3000,3000,3000,3000,"fast","control_informative",0.05,6,0.01,"","mirage_joint","pleiotropy","bfdr_observed_fdp",0.1,0
20260818,6,500,15,3000,3000,3000,3000,"fast","control_informative",0.05,6,0.01,"","mirage_joint","pleiotropy","bfdr_estimate",0.1,0
20260818,6,500,15,3000,3000,3000,3000,"fast","control_informative",0.05,6,0.01,"","mirage_joint","pleiotropy","bfdr_power",0.1,0
20260818,6,500,15,3000,3000,3000,3000,"fast","control_informative",0.05,6,0.01,"","mirage_joint","pleiotropy","bfdr_discoveries",0.1,0
20260818,6,500,15,3000,3000,3000,3000,"fast","control_informative",0.05,6,0.01,"","mirage_joint","pleiotropy","bfdr_observed_fdp",0.2,0
20260818,6,500,15,3000,3000,3000,3000,"fast","control_informative",0.05,6,0.01,"","mirage_joint","pleiotropy","bfdr_estimate",0.2,0
20260818,6,500,15,3000,3000,3000,3000,"fast","control_informative",0.05,6,0.01,"","mirage_joint","pleiotropy","bfdr_power",0.2,0
20260818,6,500,15,3000,3000,3000,3000,"fast","control_informative",0.05,6,0.01,"","mirage_joint","pleiotropy","bfdr_discoveries",0.2,0
20260818,6,500,15,3000,3000,3000,3000,"fast","control_informative",0.05,6,0.01,"","mirage_joint","global","runtime_seconds",NA,18.018
20260818,6,500,15,3000,3000,3000,3000,"fast","control_informative",0.05,6,0.01,"","mirage_joint","pleiotropy","pi11_estimate",NA,0.00687518953115597
20260818,6,500,15,3000,3000,3000,3000,"fast","control_informative",0.05,6,0.01,"","separate_mirage","trait1","auc",NA,0.690526315789474
20260818,6,500,15,3000,3000,3000,3000,"fast","control_informative",0.05,6,0.01,"","separate_mirage","trait2","auc",NA,0.451020408163265
20260818,6,500,15,3000,3000,3000,3000,"fast","control_informative",0.05,6,0.01,"","separate_mirage","pleiotropy","auc",NA,0.569292929292929
20260818,6,500,15,3000,3000,3000,3000,"fast","control_informative",0.05,6,0.01,"","separate_mirage","trait1","pp08_power",0.8,0.2
20260818,6,500,15,3000,3000,3000,3000,"fast","control_informative",0.05,6,0.01,"","separate_mirage","trait1","pp08_fdp",0.8,0.166666666666667
20260818,6,500,15,3000,3000,3000,3000,"fast","control_informative",0.05,6,0.01,"","separate_mirage","trait1","pp08_discoveries",0.8,6
20260818,6,500,15,3000,3000,3000,3000,"fast","control_informative",0.05,6,0.01,"","separate_mirage","trait2","pp08_power",0.8,0
20260818,6,500,15,3000,3000,3000,3000,"fast","control_informative",0.05,6,0.01,"","separate_mirage","trait2","pp08_fdp",0.8,0
20260818,6,500,15,3000,3000,3000,3000,"fast","control_informative",0.05,6,0.01,"","separate_mirage","trait2","pp08_discoveries",0.8,0
20260818,6,500,15,3000,3000,3000,3000,"fast","control_informative",0.05,6,0.01,"","separate_mirage","pleiotropy","pp08_power",0.8,0
20260818,6,500,15,3000,3000,3000,3000,"fast","control_informative",0.05,6,0.01,"","separate_mirage","pleiotropy","pp08_fdp",0.8,0
20260818,6,500,15,3000,3000,3000,3000,"fast","control_informative",0.05,6,0.01,"","separate_mirage","pleiotropy","pp08_discoveries",0.8,0
20260818,6,500,15,3000,3000,3000,3000,"fast","control_informative",0.05,6,0.01,"","separate_mirage","trait1","bfdr_observed_fdp",0.01,0
20260818,6,500,15,3000,3000,3000,3000,"fast","control_informative",0.05,6,0.01,"","separate_mirage","trait1","bfdr_estimate",0.01,0.00539253850543183
20260818,6,500,15,3000,3000,3000,3000,"fast","control_informative",0.05,6,0.01,"","separate_mirage","trait1","bfdr_power",0.01,0.12
20260818,6,500,15,3000,3000,3000,3000,"fast","control_informative",0.05,6,0.01,"","separate_mirage","trait1","bfdr_discoveries",0.01,3
20260818,6,500,15,3000,3000,3000,3000,"fast","control_informative",0.05,6,0.01,"","separate_mirage","trait1","bfdr_observed_fdp",0.05,0
20260818,6,500,15,3000,3000,3000,3000,"fast","control_informative",0.05,6,0.01,"","separate_mirage","trait1","bfdr_estimate",0.05,0.0242563024346189
20260818,6,500,15,3000,3000,3000,3000,"fast","control_informative",0.05,6,0.01,"","separate_mirage","trait1","bfdr_power",0.05,0.2
20260818,6,500,15,3000,3000,3000,3000,"fast","control_informative",0.05,6,0.01,"","separate_mirage","trait1","bfdr_discoveries",0.05,5
20260818,6,500,15,3000,3000,3000,3000,"fast","control_informative",0.05,6,0.01,"","separate_mirage","trait1","bfdr_observed_fdp",0.1,0.142857142857143
20260818,6,500,15,3000,3000,3000,3000,"fast","control_informative",0.05,6,0.01,"","separate_mirage","trait1","bfdr_estimate",0.1,0.0829447194072909
20260818,6,500,15,3000,3000,3000,3000,"fast","control_informative",0.05,6,0.01,"","separate_mirage","trait1","bfdr_power",0.1,0.24
20260818,6,500,15,3000,3000,3000,3000,"fast","control_informative",0.05,6,0.01,"","separate_mirage","trait1","bfdr_discoveries",0.1,7
20260818,6,500,15,3000,3000,3000,3000,"fast","control_informative",0.05,6,0.01,"","separate_mirage","trait1","bfdr_observed_fdp",0.2,0.333333333333333
20260818,6,500,15,3000,3000,3000,3000,"fast","control_informative",0.05,6,0.01,"","separate_mirage","trait1","bfdr_estimate",0.2,0.17125992932215
20260818,6,500,15,3000,3000,3000,3000,"fast","control_informative",0.05,6,0.01,"","separate_mirage","trait1","bfdr_power",0.2,0.24
20260818,6,500,15,3000,3000,3000,3000,"fast","control_informative",0.05,6,0.01,"","separate_mirage","trait1","bfdr_discoveries",0.2,9
20260818,6,500,15,3000,3000,3000,3000,"fast","control_informative",0.05,6,0.01,"","separate_mirage","trait2","bfdr_observed_fdp",0.01,0
20260818,6,500,15,3000,3000,3000,3000,"fast","control_informative",0.05,6,0.01,"","separate_mirage","trait2","bfdr_estimate",0.01,0
20260818,6,500,15,3000,3000,3000,3000,"fast","control_informative",0.05,6,0.01,"","separate_mirage","trait2","bfdr_power",0.01,0
20260818,6,500,15,3000,3000,3000,3000,"fast","control_informative",0.05,6,0.01,"","separate_mirage","trait2","bfdr_discoveries",0.01,0
20260818,6,500,15,3000,3000,3000,3000,"fast","control_informative",0.05,6,0.01,"","separate_mirage","trait2","bfdr_observed_fdp",0.05,0
20260818,6,500,15,3000,3000,3000,3000,"fast","control_informative",0.05,6,0.01,"","separate_mirage","trait2","bfdr_estimate",0.05,0
20260818,6,500,15,3000,3000,3000,3000,"fast","control_informative",0.05,6,0.01,"","separate_mirage","trait2","bfdr_power",0.05,0
20260818,6,500,15,3000,3000,3000,3000,"fast","control_informative",0.05,6,0.01,"","separate_mirage","trait2","bfdr_discoveries",0.05,0
20260818,6,500,15,3000,3000,3000,3000,"fast","control_informative",0.05,6,0.01,"","separate_mirage","trait2","bfdr_observed_fdp",0.1,0
20260818,6,500,15,3000,3000,3000,3000,"fast","control_informative",0.05,6,0.01,"","separate_mirage","trait2","bfdr_estimate",0.1,0
20260818,6,500,15,3000,3000,3000,3000,"fast","control_informative",0.05,6,0.01,"","separate_mirage","trait2","bfdr_power",0.1,0
20260818,6,500,15,3000,3000,3000,3000,"fast","control_informative",0.05,6,0.01,"","separate_mirage","trait2","bfdr_discoveries",0.1,0
20260818,6,500,15,3000,3000,3000,3000,"fast","control_informative",0.05,6,0.01,"","separate_mirage","trait2","bfdr_observed_fdp",0.2,0
20260818,6,500,15,3000,3000,3000,3000,"fast","control_informative",0.05,6,0.01,"","separate_mirage","trait2","bfdr_estimate",0.2,0
20260818,6,500,15,3000,3000,3000,3000,"fast","control_informative",0.05,6,0.01,"","separate_mirage","trait2","bfdr_power",0.2,0
20260818,6,500,15,3000,3000,3000,3000,"fast","control_informative",0.05,6,0.01,"","separate_mirage","trait2","bfdr_discoveries",0.2,0
20260818,6,500,15,3000,3000,3000,3000,"fast","control_informative",0.05,6,0.01,"","separate_mirage","pleiotropy","bfdr_observed_fdp",0.01,0
20260818,6,500,15,3000,3000,3000,3000,"fast","control_informative",0.05,6,0.01,"","separate_mirage","pleiotropy","bfdr_estimate",0.01,0
20260818,6,500,15,3000,3000,3000,3000,"fast","control_informative",0.05,6,0.01,"","separate_mirage","pleiotropy","bfdr_power",0.01,0
20260818,6,500,15,3000,3000,3000,3000,"fast","control_informative",0.05,6,0.01,"","separate_mirage","pleiotropy","bfdr_discoveries",0.01,0
20260818,6,500,15,3000,3000,3000,3000,"fast","control_informative",0.05,6,0.01,"","separate_mirage","pleiotropy","bfdr_observed_fdp",0.05,0
20260818,6,500,15,3000,3000,3000,3000,"fast","control_informative",0.05,6,0.01,"","separate_mirage","pleiotropy","bfdr_estimate",0.05,0
20260818,6,500,15,3000,3000,3000,3000,"fast","control_informative",0.05,6,0.01,"","separate_mirage","pleiotropy","bfdr_power",0.05,0
20260818,6,500,15,3000,3000,3000,3000,"fast","control_informative",0.05,6,0.01,"","separate_mirage","pleiotropy","bfdr_discoveries",0.05,0
20260818,6,500,15,3000,3000,3000,3000,"fast","control_informative",0.05,6,0.01,"","separate_mirage","pleiotropy","bfdr_observed_fdp",0.1,0
20260818,6,500,15,3000,3000,3000,3000,"fast","control_informative",0.05,6,0.01,"","separate_mirage","pleiotropy","bfdr_estimate",0.1,0
20260818,6,500,15,3000,3000,3000,3000,"fast","control_informative",0.05,6,0.01,"","separate_mirage","pleiotropy","bfdr_power",0.1,0
20260818,6,500,15,3000,3000,3000,3000,"fast","control_informative",0.05,6,0.01,"","separate_mirage","pleiotropy","bfdr_discoveries",0.1,0
20260818,6,500,15,3000,3000,3000,3000,"fast","control_informative",0.05,6,0.01,"","separate_mirage","pleiotropy","bfdr_observed_fdp",0.2,0
20260818,6,500,15,3000,3000,3000,3000,"fast","control_informative",0.05,6,0.01,"","separate_mirage","pleiotropy","bfdr_estimate",0.2,0
20260818,6,500,15,3000,3000,3000,3000,"fast","control_informative",0.05,6,0.01,"","separate_mirage","pleiotropy","bfdr_power",0.2,0
20260818,6,500,15,3000,3000,3000,3000,"fast","control_informative",0.05,6,0.01,"","separate_mirage","pleiotropy","bfdr_discoveries",0.2,0
20260818,6,500,15,3000,3000,3000,3000,"fast","control_informative",0.05,6,0.01,"","separate_mirage","global","runtime_seconds",NA,17.88
20260818,6,500,15,3000,3000,3000,3000,"fast","control_informative",0.05,6,0.01,"","separate_mirage","pleiotropy","pi11_estimate",NA,0.001
20260818,6,500,15,3000,3000,3000,3000,"fast","control_informative",0.05,6,0.01,"","mtada_aggregated","trait1","auc",NA,0.632421052631579
20260818,6,500,15,3000,3000,3000,3000,"fast","control_informative",0.05,6,0.01,"","mtada_aggregated","trait2","auc",NA,0.62265306122449
20260818,6,500,15,3000,3000,3000,3000,"fast","control_informative",0.05,6,0.01,"","mtada_aggregated","pleiotropy","auc",NA,0.404040404040404
20260818,6,500,15,3000,3000,3000,3000,"fast","control_informative",0.05,6,0.01,"","mtada_aggregated","trait1","pp08_power",0.8,0.32
20260818,6,500,15,3000,3000,3000,3000,"fast","control_informative",0.05,6,0.01,"","mtada_aggregated","trait1","pp08_fdp",0.8,0.862068965517241
20260818,6,500,15,3000,3000,3000,3000,"fast","control_informative",0.05,6,0.01,"","mtada_aggregated","trait1","pp08_discoveries",0.8,58
20260818,6,500,15,3000,3000,3000,3000,"fast","control_informative",0.05,6,0.01,"","mtada_aggregated","trait2","pp08_power",0.8,0.3
20260818,6,500,15,3000,3000,3000,3000,"fast","control_informative",0.05,6,0.01,"","mtada_aggregated","trait2","pp08_fdp",0.8,0.95
20260818,6,500,15,3000,3000,3000,3000,"fast","control_informative",0.05,6,0.01,"","mtada_aggregated","trait2","pp08_discoveries",0.8,60
20260818,6,500,15,3000,3000,3000,3000,"fast","control_informative",0.05,6,0.01,"","mtada_aggregated","pleiotropy","pp08_power",0.8,0
20260818,6,500,15,3000,3000,3000,3000,"fast","control_informative",0.05,6,0.01,"","mtada_aggregated","pleiotropy","pp08_fdp",0.8,1
20260818,6,500,15,3000,3000,3000,3000,"fast","control_informative",0.05,6,0.01,"","mtada_aggregated","pleiotropy","pp08_discoveries",0.8,9
20260818,6,500,15,3000,3000,3000,3000,"fast","control_informative",0.05,6,0.01,"","mtada_aggregated","trait1","bfdr_observed_fdp",0.01,0.857142857142857
20260818,6,500,15,3000,3000,3000,3000,"fast","control_informative",0.05,6,0.01,"","mtada_aggregated","trait1","bfdr_estimate",0.01,0.00871482764271931
20260818,6,500,15,3000,3000,3000,3000,"fast","control_informative",0.05,6,0.01,"","mtada_aggregated","trait1","bfdr_power",0.01,0.32
20260818,6,500,15,3000,3000,3000,3000,"fast","control_informative",0.05,6,0.01,"","mtada_aggregated","trait1","bfdr_discoveries",0.01,56
20260818,6,500,15,3000,3000,3000,3000,"fast","control_informative",0.05,6,0.01,"","mtada_aggregated","trait1","bfdr_observed_fdp",0.05,0.873015873015873
20260818,6,500,15,3000,3000,3000,3000,"fast","control_informative",0.05,6,0.01,"","mtada_aggregated","trait1","bfdr_estimate",0.05,0.0435886995358342
20260818,6,500,15,3000,3000,3000,3000,"fast","control_informative",0.05,6,0.01,"","mtada_aggregated","trait1","bfdr_power",0.05,0.32
20260818,6,500,15,3000,3000,3000,3000,"fast","control_informative",0.05,6,0.01,"","mtada_aggregated","trait1","bfdr_discoveries",0.05,63
20260818,6,500,15,3000,3000,3000,3000,"fast","control_informative",0.05,6,0.01,"","mtada_aggregated","trait1","bfdr_observed_fdp",0.1,0.869565217391304
20260818,6,500,15,3000,3000,3000,3000,"fast","control_informative",0.05,6,0.01,"","mtada_aggregated","trait1","bfdr_estimate",0.1,0.0953791445488204
20260818,6,500,15,3000,3000,3000,3000,"fast","control_informative",0.05,6,0.01,"","mtada_aggregated","trait1","bfdr_power",0.1,0.36
20260818,6,500,15,3000,3000,3000,3000,"fast","control_informative",0.05,6,0.01,"","mtada_aggregated","trait1","bfdr_discoveries",0.1,69
20260818,6,500,15,3000,3000,3000,3000,"fast","control_informative",0.05,6,0.01,"","mtada_aggregated","trait1","bfdr_observed_fdp",0.2,0.888888888888889
20260818,6,500,15,3000,3000,3000,3000,"fast","control_informative",0.05,6,0.01,"","mtada_aggregated","trait1","bfdr_estimate",0.2,0.199514128969954
20260818,6,500,15,3000,3000,3000,3000,"fast","control_informative",0.05,6,0.01,"","mtada_aggregated","trait1","bfdr_power",0.2,0.36
20260818,6,500,15,3000,3000,3000,3000,"fast","control_informative",0.05,6,0.01,"","mtada_aggregated","trait1","bfdr_discoveries",0.2,81
20260818,6,500,15,3000,3000,3000,3000,"fast","control_informative",0.05,6,0.01,"","mtada_aggregated","trait2","bfdr_observed_fdp",0.01,0.943396226415094
20260818,6,500,15,3000,3000,3000,3000,"fast","control_informative",0.05,6,0.01,"","mtada_aggregated","trait2","bfdr_estimate",0.01,0.00787338895798331
20260818,6,500,15,3000,3000,3000,3000,"fast","control_informative",0.05,6,0.01,"","mtada_aggregated","trait2","bfdr_power",0.01,0.3
20260818,6,500,15,3000,3000,3000,3000,"fast","control_informative",0.05,6,0.01,"","mtada_aggregated","trait2","bfdr_discoveries",0.01,53
20260818,6,500,15,3000,3000,3000,3000,"fast","control_informative",0.05,6,0.01,"","mtada_aggregated","trait2","bfdr_observed_fdp",0.05,0.953846153846154
20260818,6,500,15,3000,3000,3000,3000,"fast","control_informative",0.05,6,0.01,"","mtada_aggregated","trait2","bfdr_estimate",0.05,0.0453727135674848
20260818,6,500,15,3000,3000,3000,3000,"fast","control_informative",0.05,6,0.01,"","mtada_aggregated","trait2","bfdr_power",0.05,0.3
20260818,6,500,15,3000,3000,3000,3000,"fast","control_informative",0.05,6,0.01,"","mtada_aggregated","trait2","bfdr_discoveries",0.05,65
20260818,6,500,15,3000,3000,3000,3000,"fast","control_informative",0.05,6,0.01,"","mtada_aggregated","trait2","bfdr_observed_fdp",0.1,0.958904109589041
20260818,6,500,15,3000,3000,3000,3000,"fast","control_informative",0.05,6,0.01,"","mtada_aggregated","trait2","bfdr_estimate",0.1,0.0951907477043022
20260818,6,500,15,3000,3000,3000,3000,"fast","control_informative",0.05,6,0.01,"","mtada_aggregated","trait2","bfdr_power",0.1,0.3
20260818,6,500,15,3000,3000,3000,3000,"fast","control_informative",0.05,6,0.01,"","mtada_aggregated","trait2","bfdr_discoveries",0.1,73
20260818,6,500,15,3000,3000,3000,3000,"fast","control_informative",0.05,6,0.01,"","mtada_aggregated","trait2","bfdr_observed_fdp",0.2,0.953488372093023
20260818,6,500,15,3000,3000,3000,3000,"fast","control_informative",0.05,6,0.01,"","mtada_aggregated","trait2","bfdr_estimate",0.2,0.198166728125374
20260818,6,500,15,3000,3000,3000,3000,"fast","control_informative",0.05,6,0.01,"","mtada_aggregated","trait2","bfdr_power",0.2,0.4
20260818,6,500,15,3000,3000,3000,3000,"fast","control_informative",0.05,6,0.01,"","mtada_aggregated","trait2","bfdr_discoveries",0.2,86
20260818,6,500,15,3000,3000,3000,3000,"fast","control_informative",0.05,6,0.01,"","mtada_aggregated","pleiotropy","bfdr_observed_fdp",0.01,1
20260818,6,500,15,3000,3000,3000,3000,"fast","control_informative",0.05,6,0.01,"","mtada_aggregated","pleiotropy","bfdr_estimate",0.01,0.00428087332118178
20260818,6,500,15,3000,3000,3000,3000,"fast","control_informative",0.05,6,0.01,"","mtada_aggregated","pleiotropy","bfdr_power",0.01,0
20260818,6,500,15,3000,3000,3000,3000,"fast","control_informative",0.05,6,0.01,"","mtada_aggregated","pleiotropy","bfdr_discoveries",0.01,7
20260818,6,500,15,3000,3000,3000,3000,"fast","control_informative",0.05,6,0.01,"","mtada_aggregated","pleiotropy","bfdr_observed_fdp",0.05,1
20260818,6,500,15,3000,3000,3000,3000,"fast","control_informative",0.05,6,0.01,"","mtada_aggregated","pleiotropy","bfdr_estimate",0.05,0.0189352542621949
20260818,6,500,15,3000,3000,3000,3000,"fast","control_informative",0.05,6,0.01,"","mtada_aggregated","pleiotropy","bfdr_power",0.05,0
20260818,6,500,15,3000,3000,3000,3000,"fast","control_informative",0.05,6,0.01,"","mtada_aggregated","pleiotropy","bfdr_discoveries",0.05,9
20260818,6,500,15,3000,3000,3000,3000,"fast","control_informative",0.05,6,0.01,"","mtada_aggregated","pleiotropy","bfdr_observed_fdp",0.1,1
20260818,6,500,15,3000,3000,3000,3000,"fast","control_informative",0.05,6,0.01,"","mtada_aggregated","pleiotropy","bfdr_estimate",0.1,0.0617469409892899
20260818,6,500,15,3000,3000,3000,3000,"fast","control_informative",0.05,6,0.01,"","mtada_aggregated","pleiotropy","bfdr_power",0.1,0
20260818,6,500,15,3000,3000,3000,3000,"fast","control_informative",0.05,6,0.01,"","mtada_aggregated","pleiotropy","bfdr_discoveries",0.1,10
20260818,6,500,15,3000,3000,3000,3000,"fast","control_informative",0.05,6,0.01,"","mtada_aggregated","pleiotropy","bfdr_observed_fdp",0.2,1
20260818,6,500,15,3000,3000,3000,3000,"fast","control_informative",0.05,6,0.01,"","mtada_aggregated","pleiotropy","bfdr_estimate",0.2,0.157858127316019
20260818,6,500,15,3000,3000,3000,3000,"fast","control_informative",0.05,6,0.01,"","mtada_aggregated","pleiotropy","bfdr_power",0.2,0
20260818,6,500,15,3000,3000,3000,3000,"fast","control_informative",0.05,6,0.01,"","mtada_aggregated","pleiotropy","bfdr_discoveries",0.2,12
20260818,6,500,15,3000,3000,3000,3000,"fast","control_informative",0.05,6,0.01,"","mtada_aggregated","global","runtime_seconds",NA,0.728999999999985
20260818,6,500,15,3000,3000,3000,3000,"fast","control_informative",0.05,6,0.01,"","mtada_aggregated","pleiotropy","pi11_estimate",NA,0.00243736
20260819,7,500,15,3000,3000,3000,3000,"fast","control_informative",0.05,6,0.01,"","mirage_joint","trait1","auc",NA,0.693810526315789
20260819,7,500,15,3000,3000,3000,3000,"fast","control_informative",0.05,6,0.01,"","mirage_joint","trait2","auc",NA,0.760204081632653
20260819,7,500,15,3000,3000,3000,3000,"fast","control_informative",0.05,6,0.01,"","mirage_joint","pleiotropy","auc",NA,0.886464646464647
20260819,7,500,15,3000,3000,3000,3000,"fast","control_informative",0.05,6,0.01,"","mirage_joint","trait1","pp08_power",0.8,0.2
20260819,7,500,15,3000,3000,3000,3000,"fast","control_informative",0.05,6,0.01,"","mirage_joint","trait1","pp08_fdp",0.8,0
20260819,7,500,15,3000,3000,3000,3000,"fast","control_informative",0.05,6,0.01,"","mirage_joint","trait1","pp08_discoveries",0.8,5
20260819,7,500,15,3000,3000,3000,3000,"fast","control_informative",0.05,6,0.01,"","mirage_joint","trait2","pp08_power",0.8,0.1
20260819,7,500,15,3000,3000,3000,3000,"fast","control_informative",0.05,6,0.01,"","mirage_joint","trait2","pp08_fdp",0.8,0
20260819,7,500,15,3000,3000,3000,3000,"fast","control_informative",0.05,6,0.01,"","mirage_joint","trait2","pp08_discoveries",0.8,1
20260819,7,500,15,3000,3000,3000,3000,"fast","control_informative",0.05,6,0.01,"","mirage_joint","pleiotropy","pp08_power",0.8,0
20260819,7,500,15,3000,3000,3000,3000,"fast","control_informative",0.05,6,0.01,"","mirage_joint","pleiotropy","pp08_fdp",0.8,0
20260819,7,500,15,3000,3000,3000,3000,"fast","control_informative",0.05,6,0.01,"","mirage_joint","pleiotropy","pp08_discoveries",0.8,0
20260819,7,500,15,3000,3000,3000,3000,"fast","control_informative",0.05,6,0.01,"","mirage_joint","trait1","bfdr_observed_fdp",0.01,0
20260819,7,500,15,3000,3000,3000,3000,"fast","control_informative",0.05,6,0.01,"","mirage_joint","trait1","bfdr_estimate",0.01,0.00955250248516504
20260819,7,500,15,3000,3000,3000,3000,"fast","control_informative",0.05,6,0.01,"","mirage_joint","trait1","bfdr_power",0.01,0.12
20260819,7,500,15,3000,3000,3000,3000,"fast","control_informative",0.05,6,0.01,"","mirage_joint","trait1","bfdr_discoveries",0.01,3
20260819,7,500,15,3000,3000,3000,3000,"fast","control_informative",0.05,6,0.01,"","mirage_joint","trait1","bfdr_observed_fdp",0.05,0
20260819,7,500,15,3000,3000,3000,3000,"fast","control_informative",0.05,6,0.01,"","mirage_joint","trait1","bfdr_estimate",0.05,0.0489312056003083
20260819,7,500,15,3000,3000,3000,3000,"fast","control_informative",0.05,6,0.01,"","mirage_joint","trait1","bfdr_power",0.05,0.2
20260819,7,500,15,3000,3000,3000,3000,"fast","control_informative",0.05,6,0.01,"","mirage_joint","trait1","bfdr_discoveries",0.05,5
20260819,7,500,15,3000,3000,3000,3000,"fast","control_informative",0.05,6,0.01,"","mirage_joint","trait1","bfdr_observed_fdp",0.1,0
20260819,7,500,15,3000,3000,3000,3000,"fast","control_informative",0.05,6,0.01,"","mirage_joint","trait1","bfdr_estimate",0.1,0.0489312056003083
20260819,7,500,15,3000,3000,3000,3000,"fast","control_informative",0.05,6,0.01,"","mirage_joint","trait1","bfdr_power",0.1,0.2
20260819,7,500,15,3000,3000,3000,3000,"fast","control_informative",0.05,6,0.01,"","mirage_joint","trait1","bfdr_discoveries",0.1,5
20260819,7,500,15,3000,3000,3000,3000,"fast","control_informative",0.05,6,0.01,"","mirage_joint","trait1","bfdr_observed_fdp",0.2,0.285714285714286
20260819,7,500,15,3000,3000,3000,3000,"fast","control_informative",0.05,6,0.01,"","mirage_joint","trait1","bfdr_estimate",0.2,0.160425102188758
20260819,7,500,15,3000,3000,3000,3000,"fast","control_informative",0.05,6,0.01,"","mirage_joint","trait1","bfdr_power",0.2,0.2
20260819,7,500,15,3000,3000,3000,3000,"fast","control_informative",0.05,6,0.01,"","mirage_joint","trait1","bfdr_discoveries",0.2,7
20260819,7,500,15,3000,3000,3000,3000,"fast","control_informative",0.05,6,0.01,"","mirage_joint","trait2","bfdr_observed_fdp",0.01,0
20260819,7,500,15,3000,3000,3000,3000,"fast","control_informative",0.05,6,0.01,"","mirage_joint","trait2","bfdr_estimate",0.01,0
20260819,7,500,15,3000,3000,3000,3000,"fast","control_informative",0.05,6,0.01,"","mirage_joint","trait2","bfdr_power",0.01,0
20260819,7,500,15,3000,3000,3000,3000,"fast","control_informative",0.05,6,0.01,"","mirage_joint","trait2","bfdr_discoveries",0.01,0
20260819,7,500,15,3000,3000,3000,3000,"fast","control_informative",0.05,6,0.01,"","mirage_joint","trait2","bfdr_observed_fdp",0.05,0
20260819,7,500,15,3000,3000,3000,3000,"fast","control_informative",0.05,6,0.01,"","mirage_joint","trait2","bfdr_estimate",0.05,0.0254481334115575
20260819,7,500,15,3000,3000,3000,3000,"fast","control_informative",0.05,6,0.01,"","mirage_joint","trait2","bfdr_power",0.05,0.1
20260819,7,500,15,3000,3000,3000,3000,"fast","control_informative",0.05,6,0.01,"","mirage_joint","trait2","bfdr_discoveries",0.05,1
20260819,7,500,15,3000,3000,3000,3000,"fast","control_informative",0.05,6,0.01,"","mirage_joint","trait2","bfdr_observed_fdp",0.1,0
20260819,7,500,15,3000,3000,3000,3000,"fast","control_informative",0.05,6,0.01,"","mirage_joint","trait2","bfdr_estimate",0.1,0.0254481334115575
20260819,7,500,15,3000,3000,3000,3000,"fast","control_informative",0.05,6,0.01,"","mirage_joint","trait2","bfdr_power",0.1,0.1
20260819,7,500,15,3000,3000,3000,3000,"fast","control_informative",0.05,6,0.01,"","mirage_joint","trait2","bfdr_discoveries",0.1,1
20260819,7,500,15,3000,3000,3000,3000,"fast","control_informative",0.05,6,0.01,"","mirage_joint","trait2","bfdr_observed_fdp",0.2,0
20260819,7,500,15,3000,3000,3000,3000,"fast","control_informative",0.05,6,0.01,"","mirage_joint","trait2","bfdr_estimate",0.2,0.140498104651169
20260819,7,500,15,3000,3000,3000,3000,"fast","control_informative",0.05,6,0.01,"","mirage_joint","trait2","bfdr_power",0.2,0.2
20260819,7,500,15,3000,3000,3000,3000,"fast","control_informative",0.05,6,0.01,"","mirage_joint","trait2","bfdr_discoveries",0.2,2
20260819,7,500,15,3000,3000,3000,3000,"fast","control_informative",0.05,6,0.01,"","mirage_joint","pleiotropy","bfdr_observed_fdp",0.01,0
20260819,7,500,15,3000,3000,3000,3000,"fast","control_informative",0.05,6,0.01,"","mirage_joint","pleiotropy","bfdr_estimate",0.01,0
20260819,7,500,15,3000,3000,3000,3000,"fast","control_informative",0.05,6,0.01,"","mirage_joint","pleiotropy","bfdr_power",0.01,0
20260819,7,500,15,3000,3000,3000,3000,"fast","control_informative",0.05,6,0.01,"","mirage_joint","pleiotropy","bfdr_discoveries",0.01,0
20260819,7,500,15,3000,3000,3000,3000,"fast","control_informative",0.05,6,0.01,"","mirage_joint","pleiotropy","bfdr_observed_fdp",0.05,0
20260819,7,500,15,3000,3000,3000,3000,"fast","control_informative",0.05,6,0.01,"","mirage_joint","pleiotropy","bfdr_estimate",0.05,0
20260819,7,500,15,3000,3000,3000,3000,"fast","control_informative",0.05,6,0.01,"","mirage_joint","pleiotropy","bfdr_power",0.05,0
20260819,7,500,15,3000,3000,3000,3000,"fast","control_informative",0.05,6,0.01,"","mirage_joint","pleiotropy","bfdr_discoveries",0.05,0
20260819,7,500,15,3000,3000,3000,3000,"fast","control_informative",0.05,6,0.01,"","mirage_joint","pleiotropy","bfdr_observed_fdp",0.1,0
20260819,7,500,15,3000,3000,3000,3000,"fast","control_informative",0.05,6,0.01,"","mirage_joint","pleiotropy","bfdr_estimate",0.1,0
20260819,7,500,15,3000,3000,3000,3000,"fast","control_informative",0.05,6,0.01,"","mirage_joint","pleiotropy","bfdr_power",0.1,0
20260819,7,500,15,3000,3000,3000,3000,"fast","control_informative",0.05,6,0.01,"","mirage_joint","pleiotropy","bfdr_discoveries",0.1,0
20260819,7,500,15,3000,3000,3000,3000,"fast","control_informative",0.05,6,0.01,"","mirage_joint","pleiotropy","bfdr_observed_fdp",0.2,0
20260819,7,500,15,3000,3000,3000,3000,"fast","control_informative",0.05,6,0.01,"","mirage_joint","pleiotropy","bfdr_estimate",0.2,0
20260819,7,500,15,3000,3000,3000,3000,"fast","control_informative",0.05,6,0.01,"","mirage_joint","pleiotropy","bfdr_power",0.2,0
20260819,7,500,15,3000,3000,3000,3000,"fast","control_informative",0.05,6,0.01,"","mirage_joint","pleiotropy","bfdr_discoveries",0.2,0
20260819,7,500,15,3000,3000,3000,3000,"fast","control_informative",0.05,6,0.01,"","mirage_joint","global","runtime_seconds",NA,17.91
20260819,7,500,15,3000,3000,3000,3000,"fast","control_informative",0.05,6,0.01,"","mirage_joint","pleiotropy","pi11_estimate",NA,0.0650312700227384
20260819,7,500,15,3000,3000,3000,3000,"fast","control_informative",0.05,6,0.01,"","separate_mirage","trait1","auc",NA,0.632421052631579
20260819,7,500,15,3000,3000,3000,3000,"fast","control_informative",0.05,6,0.01,"","separate_mirage","trait2","auc",NA,0.773469387755102
20260819,7,500,15,3000,3000,3000,3000,"fast","control_informative",0.05,6,0.01,"","separate_mirage","pleiotropy","auc",NA,0.898181818181818
20260819,7,500,15,3000,3000,3000,3000,"fast","control_informative",0.05,6,0.01,"","separate_mirage","trait1","pp08_power",0.8,0.16
20260819,7,500,15,3000,3000,3000,3000,"fast","control_informative",0.05,6,0.01,"","separate_mirage","trait1","pp08_fdp",0.8,0
20260819,7,500,15,3000,3000,3000,3000,"fast","control_informative",0.05,6,0.01,"","separate_mirage","trait1","pp08_discoveries",0.8,4
20260819,7,500,15,3000,3000,3000,3000,"fast","control_informative",0.05,6,0.01,"","separate_mirage","trait2","pp08_power",0.8,0.1
20260819,7,500,15,3000,3000,3000,3000,"fast","control_informative",0.05,6,0.01,"","separate_mirage","trait2","pp08_fdp",0.8,0
20260819,7,500,15,3000,3000,3000,3000,"fast","control_informative",0.05,6,0.01,"","separate_mirage","trait2","pp08_discoveries",0.8,1
20260819,7,500,15,3000,3000,3000,3000,"fast","control_informative",0.05,6,0.01,"","separate_mirage","pleiotropy","pp08_power",0.8,0
20260819,7,500,15,3000,3000,3000,3000,"fast","control_informative",0.05,6,0.01,"","separate_mirage","pleiotropy","pp08_fdp",0.8,0
20260819,7,500,15,3000,3000,3000,3000,"fast","control_informative",0.05,6,0.01,"","separate_mirage","pleiotropy","pp08_discoveries",0.8,0
20260819,7,500,15,3000,3000,3000,3000,"fast","control_informative",0.05,6,0.01,"","separate_mirage","trait1","bfdr_observed_fdp",0.01,0
20260819,7,500,15,3000,3000,3000,3000,"fast","control_informative",0.05,6,0.01,"","separate_mirage","trait1","bfdr_estimate",0.01,0.000107180120926587
20260819,7,500,15,3000,3000,3000,3000,"fast","control_informative",0.05,6,0.01,"","separate_mirage","trait1","bfdr_power",0.01,0.08
20260819,7,500,15,3000,3000,3000,3000,"fast","control_informative",0.05,6,0.01,"","separate_mirage","trait1","bfdr_discoveries",0.01,2
20260819,7,500,15,3000,3000,3000,3000,"fast","control_informative",0.05,6,0.01,"","separate_mirage","trait1","bfdr_observed_fdp",0.05,0
20260819,7,500,15,3000,3000,3000,3000,"fast","control_informative",0.05,6,0.01,"","separate_mirage","trait1","bfdr_estimate",0.05,0.043031993202399
20260819,7,500,15,3000,3000,3000,3000,"fast","control_informative",0.05,6,0.01,"","separate_mirage","trait1","bfdr_power",0.05,0.16
20260819,7,500,15,3000,3000,3000,3000,"fast","control_informative",0.05,6,0.01,"","separate_mirage","trait1","bfdr_discoveries",0.05,4
20260819,7,500,15,3000,3000,3000,3000,"fast","control_informative",0.05,6,0.01,"","separate_mirage","trait1","bfdr_observed_fdp",0.1,0
20260819,7,500,15,3000,3000,3000,3000,"fast","control_informative",0.05,6,0.01,"","separate_mirage","trait1","bfdr_estimate",0.1,0.0764953790588179
20260819,7,500,15,3000,3000,3000,3000,"fast","control_informative",0.05,6,0.01,"","separate_mirage","trait1","bfdr_power",0.1,0.2
20260819,7,500,15,3000,3000,3000,3000,"fast","control_informative",0.05,6,0.01,"","separate_mirage","trait1","bfdr_discoveries",0.1,5
20260819,7,500,15,3000,3000,3000,3000,"fast","control_informative",0.05,6,0.01,"","separate_mirage","trait1","bfdr_observed_fdp",0.2,0.166666666666667
20260819,7,500,15,3000,3000,3000,3000,"fast","control_informative",0.05,6,0.01,"","separate_mirage","trait1","bfdr_estimate",0.2,0.174654824936556
20260819,7,500,15,3000,3000,3000,3000,"fast","control_informative",0.05,6,0.01,"","separate_mirage","trait1","bfdr_power",0.2,0.2
20260819,7,500,15,3000,3000,3000,3000,"fast","control_informative",0.05,6,0.01,"","separate_mirage","trait1","bfdr_discoveries",0.2,6
20260819,7,500,15,3000,3000,3000,3000,"fast","control_informative",0.05,6,0.01,"","separate_mirage","trait2","bfdr_observed_fdp",0.01,0
20260819,7,500,15,3000,3000,3000,3000,"fast","control_informative",0.05,6,0.01,"","separate_mirage","trait2","bfdr_estimate",0.01,0
20260819,7,500,15,3000,3000,3000,3000,"fast","control_informative",0.05,6,0.01,"","separate_mirage","trait2","bfdr_power",0.01,0
20260819,7,500,15,3000,3000,3000,3000,"fast","control_informative",0.05,6,0.01,"","separate_mirage","trait2","bfdr_discoveries",0.01,0
20260819,7,500,15,3000,3000,3000,3000,"fast","control_informative",0.05,6,0.01,"","separate_mirage","trait2","bfdr_observed_fdp",0.05,0
20260819,7,500,15,3000,3000,3000,3000,"fast","control_informative",0.05,6,0.01,"","separate_mirage","trait2","bfdr_estimate",0.05,0
20260819,7,500,15,3000,3000,3000,3000,"fast","control_informative",0.05,6,0.01,"","separate_mirage","trait2","bfdr_power",0.05,0
20260819,7,500,15,3000,3000,3000,3000,"fast","control_informative",0.05,6,0.01,"","separate_mirage","trait2","bfdr_discoveries",0.05,0
20260819,7,500,15,3000,3000,3000,3000,"fast","control_informative",0.05,6,0.01,"","separate_mirage","trait2","bfdr_observed_fdp",0.1,0
20260819,7,500,15,3000,3000,3000,3000,"fast","control_informative",0.05,6,0.01,"","separate_mirage","trait2","bfdr_estimate",0.1,0
20260819,7,500,15,3000,3000,3000,3000,"fast","control_informative",0.05,6,0.01,"","separate_mirage","trait2","bfdr_power",0.1,0
20260819,7,500,15,3000,3000,3000,3000,"fast","control_informative",0.05,6,0.01,"","separate_mirage","trait2","bfdr_discoveries",0.1,0
20260819,7,500,15,3000,3000,3000,3000,"fast","control_informative",0.05,6,0.01,"","separate_mirage","trait2","bfdr_observed_fdp",0.2,0
20260819,7,500,15,3000,3000,3000,3000,"fast","control_informative",0.05,6,0.01,"","separate_mirage","trait2","bfdr_estimate",0.2,0.111452879077113
20260819,7,500,15,3000,3000,3000,3000,"fast","control_informative",0.05,6,0.01,"","separate_mirage","trait2","bfdr_power",0.2,0.1
20260819,7,500,15,3000,3000,3000,3000,"fast","control_informative",0.05,6,0.01,"","separate_mirage","trait2","bfdr_discoveries",0.2,1
20260819,7,500,15,3000,3000,3000,3000,"fast","control_informative",0.05,6,0.01,"","separate_mirage","pleiotropy","bfdr_observed_fdp",0.01,0
20260819,7,500,15,3000,3000,3000,3000,"fast","control_informative",0.05,6,0.01,"","separate_mirage","pleiotropy","bfdr_estimate",0.01,0
20260819,7,500,15,3000,3000,3000,3000,"fast","control_informative",0.05,6,0.01,"","separate_mirage","pleiotropy","bfdr_power",0.01,0
20260819,7,500,15,3000,3000,3000,3000,"fast","control_informative",0.05,6,0.01,"","separate_mirage","pleiotropy","bfdr_discoveries",0.01,0
20260819,7,500,15,3000,3000,3000,3000,"fast","control_informative",0.05,6,0.01,"","separate_mirage","pleiotropy","bfdr_observed_fdp",0.05,0
20260819,7,500,15,3000,3000,3000,3000,"fast","control_informative",0.05,6,0.01,"","separate_mirage","pleiotropy","bfdr_estimate",0.05,0
20260819,7,500,15,3000,3000,3000,3000,"fast","control_informative",0.05,6,0.01,"","separate_mirage","pleiotropy","bfdr_power",0.05,0
20260819,7,500,15,3000,3000,3000,3000,"fast","control_informative",0.05,6,0.01,"","separate_mirage","pleiotropy","bfdr_discoveries",0.05,0
20260819,7,500,15,3000,3000,3000,3000,"fast","control_informative",0.05,6,0.01,"","separate_mirage","pleiotropy","bfdr_observed_fdp",0.1,0
20260819,7,500,15,3000,3000,3000,3000,"fast","control_informative",0.05,6,0.01,"","separate_mirage","pleiotropy","bfdr_estimate",0.1,0
20260819,7,500,15,3000,3000,3000,3000,"fast","control_informative",0.05,6,0.01,"","separate_mirage","pleiotropy","bfdr_power",0.1,0
20260819,7,500,15,3000,3000,3000,3000,"fast","control_informative",0.05,6,0.01,"","separate_mirage","pleiotropy","bfdr_discoveries",0.1,0
20260819,7,500,15,3000,3000,3000,3000,"fast","control_informative",0.05,6,0.01,"","separate_mirage","pleiotropy","bfdr_observed_fdp",0.2,0
20260819,7,500,15,3000,3000,3000,3000,"fast","control_informative",0.05,6,0.01,"","separate_mirage","pleiotropy","bfdr_estimate",0.2,0
20260819,7,500,15,3000,3000,3000,3000,"fast","control_informative",0.05,6,0.01,"","separate_mirage","pleiotropy","bfdr_power",0.2,0
20260819,7,500,15,3000,3000,3000,3000,"fast","control_informative",0.05,6,0.01,"","separate_mirage","pleiotropy","bfdr_discoveries",0.2,0
20260819,7,500,15,3000,3000,3000,3000,"fast","control_informative",0.05,6,0.01,"","separate_mirage","global","runtime_seconds",NA,17.969
20260819,7,500,15,3000,3000,3000,3000,"fast","control_informative",0.05,6,0.01,"","separate_mirage","pleiotropy","pi11_estimate",NA,0.001
20260819,7,500,15,3000,3000,3000,3000,"fast","control_informative",0.05,6,0.01,"","mtada_aggregated","trait1","auc",NA,0.772042105263158
20260819,7,500,15,3000,3000,3000,3000,"fast","control_informative",0.05,6,0.01,"","mtada_aggregated","trait2","auc",NA,0.750204081632653
20260819,7,500,15,3000,3000,3000,3000,"fast","control_informative",0.05,6,0.01,"","mtada_aggregated","pleiotropy","auc",NA,0.852121212121212
20260819,7,500,15,3000,3000,3000,3000,"fast","control_informative",0.05,6,0.01,"","mtada_aggregated","trait1","pp08_power",0.8,0.48
20260819,7,500,15,3000,3000,3000,3000,"fast","control_informative",0.05,6,0.01,"","mtada_aggregated","trait1","pp08_fdp",0.8,0.833333333333333
20260819,7,500,15,3000,3000,3000,3000,"fast","control_informative",0.05,6,0.01,"","mtada_aggregated","trait1","pp08_discoveries",0.8,72
20260819,7,500,15,3000,3000,3000,3000,"fast","control_informative",0.05,6,0.01,"","mtada_aggregated","trait2","pp08_power",0.8,0.3
20260819,7,500,15,3000,3000,3000,3000,"fast","control_informative",0.05,6,0.01,"","mtada_aggregated","trait2","pp08_fdp",0.8,0.951612903225806
20260819,7,500,15,3000,3000,3000,3000,"fast","control_informative",0.05,6,0.01,"","mtada_aggregated","trait2","pp08_discoveries",0.8,62
20260819,7,500,15,3000,3000,3000,3000,"fast","control_informative",0.05,6,0.01,"","mtada_aggregated","pleiotropy","pp08_power",0.8,0
20260819,7,500,15,3000,3000,3000,3000,"fast","control_informative",0.05,6,0.01,"","mtada_aggregated","pleiotropy","pp08_fdp",0.8,1
20260819,7,500,15,3000,3000,3000,3000,"fast","control_informative",0.05,6,0.01,"","mtada_aggregated","pleiotropy","pp08_discoveries",0.8,7
20260819,7,500,15,3000,3000,3000,3000,"fast","control_informative",0.05,6,0.01,"","mtada_aggregated","trait1","bfdr_observed_fdp",0.01,0.833333333333333
20260819,7,500,15,3000,3000,3000,3000,"fast","control_informative",0.05,6,0.01,"","mtada_aggregated","trait1","bfdr_estimate",0.01,0.00907777514239437
20260819,7,500,15,3000,3000,3000,3000,"fast","control_informative",0.05,6,0.01,"","mtada_aggregated","trait1","bfdr_power",0.01,0.44
20260819,7,500,15,3000,3000,3000,3000,"fast","control_informative",0.05,6,0.01,"","mtada_aggregated","trait1","bfdr_discoveries",0.01,66
20260819,7,500,15,3000,3000,3000,3000,"fast","control_informative",0.05,6,0.01,"","mtada_aggregated","trait1","bfdr_observed_fdp",0.05,0.848101265822785
20260819,7,500,15,3000,3000,3000,3000,"fast","control_informative",0.05,6,0.01,"","mtada_aggregated","trait1","bfdr_estimate",0.05,0.0474418033132488
20260819,7,500,15,3000,3000,3000,3000,"fast","control_informative",0.05,6,0.01,"","mtada_aggregated","trait1","bfdr_power",0.05,0.48
20260819,7,500,15,3000,3000,3000,3000,"fast","control_informative",0.05,6,0.01,"","mtada_aggregated","trait1","bfdr_discoveries",0.05,79
20260819,7,500,15,3000,3000,3000,3000,"fast","control_informative",0.05,6,0.01,"","mtada_aggregated","trait1","bfdr_observed_fdp",0.1,0.862068965517241
20260819,7,500,15,3000,3000,3000,3000,"fast","control_informative",0.05,6,0.01,"","mtada_aggregated","trait1","bfdr_estimate",0.1,0.0960603680639764
20260819,7,500,15,3000,3000,3000,3000,"fast","control_informative",0.05,6,0.01,"","mtada_aggregated","trait1","bfdr_power",0.1,0.48
20260819,7,500,15,3000,3000,3000,3000,"fast","control_informative",0.05,6,0.01,"","mtada_aggregated","trait1","bfdr_discoveries",0.1,87
20260819,7,500,15,3000,3000,3000,3000,"fast","control_informative",0.05,6,0.01,"","mtada_aggregated","trait1","bfdr_observed_fdp",0.2,0.862745098039216
20260819,7,500,15,3000,3000,3000,3000,"fast","control_informative",0.05,6,0.01,"","mtada_aggregated","trait1","bfdr_estimate",0.2,0.194686879904348
20260819,7,500,15,3000,3000,3000,3000,"fast","control_informative",0.05,6,0.01,"","mtada_aggregated","trait1","bfdr_power",0.2,0.56
20260819,7,500,15,3000,3000,3000,3000,"fast","control_informative",0.05,6,0.01,"","mtada_aggregated","trait1","bfdr_discoveries",0.2,102
20260819,7,500,15,3000,3000,3000,3000,"fast","control_informative",0.05,6,0.01,"","mtada_aggregated","trait2","bfdr_observed_fdp",0.01,0.947368421052632
20260819,7,500,15,3000,3000,3000,3000,"fast","control_informative",0.05,6,0.01,"","mtada_aggregated","trait2","bfdr_estimate",0.01,0.00817390074551538
20260819,7,500,15,3000,3000,3000,3000,"fast","control_informative",0.05,6,0.01,"","mtada_aggregated","trait2","bfdr_power",0.01,0.3
20260819,7,500,15,3000,3000,3000,3000,"fast","control_informative",0.05,6,0.01,"","mtada_aggregated","trait2","bfdr_discoveries",0.01,57
20260819,7,500,15,3000,3000,3000,3000,"fast","control_informative",0.05,6,0.01,"","mtada_aggregated","trait2","bfdr_observed_fdp",0.05,0.954545454545455
20260819,7,500,15,3000,3000,3000,3000,"fast","control_informative",0.05,6,0.01,"","mtada_aggregated","trait2","bfdr_estimate",0.05,0.0450352428105736
20260819,7,500,15,3000,3000,3000,3000,"fast","control_informative",0.05,6,0.01,"","mtada_aggregated","trait2","bfdr_power",0.05,0.3
20260819,7,500,15,3000,3000,3000,3000,"fast","control_informative",0.05,6,0.01,"","mtada_aggregated","trait2","bfdr_discoveries",0.05,66
20260819,7,500,15,3000,3000,3000,3000,"fast","control_informative",0.05,6,0.01,"","mtada_aggregated","trait2","bfdr_observed_fdp",0.1,0.958333333333333
20260819,7,500,15,3000,3000,3000,3000,"fast","control_informative",0.05,6,0.01,"","mtada_aggregated","trait2","bfdr_estimate",0.1,0.0922912242986776
20260819,7,500,15,3000,3000,3000,3000,"fast","control_informative",0.05,6,0.01,"","mtada_aggregated","trait2","bfdr_power",0.1,0.3
20260819,7,500,15,3000,3000,3000,3000,"fast","control_informative",0.05,6,0.01,"","mtada_aggregated","trait2","bfdr_discoveries",0.1,72
20260819,7,500,15,3000,3000,3000,3000,"fast","control_informative",0.05,6,0.01,"","mtada_aggregated","trait2","bfdr_observed_fdp",0.2,0.952941176470588
20260819,7,500,15,3000,3000,3000,3000,"fast","control_informative",0.05,6,0.01,"","mtada_aggregated","trait2","bfdr_estimate",0.2,0.192945403280438
20260819,7,500,15,3000,3000,3000,3000,"fast","control_informative",0.05,6,0.01,"","mtada_aggregated","trait2","bfdr_power",0.2,0.4
20260819,7,500,15,3000,3000,3000,3000,"fast","control_informative",0.05,6,0.01,"","mtada_aggregated","trait2","bfdr_discoveries",0.2,85
20260819,7,500,15,3000,3000,3000,3000,"fast","control_informative",0.05,6,0.01,"","mtada_aggregated","pleiotropy","bfdr_observed_fdp",0.01,1
20260819,7,500,15,3000,3000,3000,3000,"fast","control_informative",0.05,6,0.01,"","mtada_aggregated","pleiotropy","bfdr_estimate",0.01,0.00520695359052761
20260819,7,500,15,3000,3000,3000,3000,"fast","control_informative",0.05,6,0.01,"","mtada_aggregated","pleiotropy","bfdr_power",0.01,0
20260819,7,500,15,3000,3000,3000,3000,"fast","control_informative",0.05,6,0.01,"","mtada_aggregated","pleiotropy","bfdr_discoveries",0.01,5
20260819,7,500,15,3000,3000,3000,3000,"fast","control_informative",0.05,6,0.01,"","mtada_aggregated","pleiotropy","bfdr_observed_fdp",0.05,1
20260819,7,500,15,3000,3000,3000,3000,"fast","control_informative",0.05,6,0.01,"","mtada_aggregated","pleiotropy","bfdr_estimate",0.05,0.0358047873251646
20260819,7,500,15,3000,3000,3000,3000,"fast","control_informative",0.05,6,0.01,"","mtada_aggregated","pleiotropy","bfdr_power",0.05,0
20260819,7,500,15,3000,3000,3000,3000,"fast","control_informative",0.05,6,0.01,"","mtada_aggregated","pleiotropy","bfdr_discoveries",0.05,7
20260819,7,500,15,3000,3000,3000,3000,"fast","control_informative",0.05,6,0.01,"","mtada_aggregated","pleiotropy","bfdr_observed_fdp",0.1,1
20260819,7,500,15,3000,3000,3000,3000,"fast","control_informative",0.05,6,0.01,"","mtada_aggregated","pleiotropy","bfdr_estimate",0.1,0.0717760158215049
20260819,7,500,15,3000,3000,3000,3000,"fast","control_informative",0.05,6,0.01,"","mtada_aggregated","pleiotropy","bfdr_power",0.1,0
20260819,7,500,15,3000,3000,3000,3000,"fast","control_informative",0.05,6,0.01,"","mtada_aggregated","pleiotropy","bfdr_discoveries",0.1,8
20260819,7,500,15,3000,3000,3000,3000,"fast","control_informative",0.05,6,0.01,"","mtada_aggregated","pleiotropy","bfdr_observed_fdp",0.2,1
20260819,7,500,15,3000,3000,3000,3000,"fast","control_informative",0.05,6,0.01,"","mtada_aggregated","pleiotropy","bfdr_estimate",0.2,0.165775942495236
20260819,7,500,15,3000,3000,3000,3000,"fast","control_informative",0.05,6,0.01,"","mtada_aggregated","pleiotropy","bfdr_power",0.2,0
20260819,7,500,15,3000,3000,3000,3000,"fast","control_informative",0.05,6,0.01,"","mtada_aggregated","pleiotropy","bfdr_discoveries",0.2,10
20260819,7,500,15,3000,3000,3000,3000,"fast","control_informative",0.05,6,0.01,"","mtada_aggregated","global","runtime_seconds",NA,0.701999999999998
20260819,7,500,15,3000,3000,3000,3000,"fast","control_informative",0.05,6,0.01,"","mtada_aggregated","pleiotropy","pi11_estimate",NA,0.00245677
20260820,8,500,15,3000,3000,3000,3000,"fast","control_informative",0.05,6,0.01,"","mirage_joint","trait1","auc",NA,0.824336842105263
20260820,8,500,15,3000,3000,3000,3000,"fast","control_informative",0.05,6,0.01,"","mirage_joint","trait2","auc",NA,0.715102040816327
20260820,8,500,15,3000,3000,3000,3000,"fast","control_informative",0.05,6,0.01,"","mirage_joint","pleiotropy","auc",NA,0.839191919191919
20260820,8,500,15,3000,3000,3000,3000,"fast","control_informative",0.05,6,0.01,"","mirage_joint","trait1","pp08_power",0.8,0.24
20260820,8,500,15,3000,3000,3000,3000,"fast","control_informative",0.05,6,0.01,"","mirage_joint","trait1","pp08_fdp",0.8,0
20260820,8,500,15,3000,3000,3000,3000,"fast","control_informative",0.05,6,0.01,"","mirage_joint","trait1","pp08_discoveries",0.8,6
20260820,8,500,15,3000,3000,3000,3000,"fast","control_informative",0.05,6,0.01,"","mirage_joint","trait2","pp08_power",0.8,0.2
20260820,8,500,15,3000,3000,3000,3000,"fast","control_informative",0.05,6,0.01,"","mirage_joint","trait2","pp08_fdp",0.8,0
20260820,8,500,15,3000,3000,3000,3000,"fast","control_informative",0.05,6,0.01,"","mirage_joint","trait2","pp08_discoveries",0.8,2
20260820,8,500,15,3000,3000,3000,3000,"fast","control_informative",0.05,6,0.01,"","mirage_joint","pleiotropy","pp08_power",0.8,0.4
20260820,8,500,15,3000,3000,3000,3000,"fast","control_informative",0.05,6,0.01,"","mirage_joint","pleiotropy","pp08_fdp",0.8,0
20260820,8,500,15,3000,3000,3000,3000,"fast","control_informative",0.05,6,0.01,"","mirage_joint","pleiotropy","pp08_discoveries",0.8,2
20260820,8,500,15,3000,3000,3000,3000,"fast","control_informative",0.05,6,0.01,"","mirage_joint","trait1","bfdr_observed_fdp",0.01,0
20260820,8,500,15,3000,3000,3000,3000,"fast","control_informative",0.05,6,0.01,"","mirage_joint","trait1","bfdr_estimate",0.01,0.000334020035406057
20260820,8,500,15,3000,3000,3000,3000,"fast","control_informative",0.05,6,0.01,"","mirage_joint","trait1","bfdr_power",0.01,0.08
20260820,8,500,15,3000,3000,3000,3000,"fast","control_informative",0.05,6,0.01,"","mirage_joint","trait1","bfdr_discoveries",0.01,2
20260820,8,500,15,3000,3000,3000,3000,"fast","control_informative",0.05,6,0.01,"","mirage_joint","trait1","bfdr_observed_fdp",0.05,0
20260820,8,500,15,3000,3000,3000,3000,"fast","control_informative",0.05,6,0.01,"","mirage_joint","trait1","bfdr_estimate",0.05,0.0377930892890798
20260820,8,500,15,3000,3000,3000,3000,"fast","control_informative",0.05,6,0.01,"","mirage_joint","trait1","bfdr_power",0.05,0.16
20260820,8,500,15,3000,3000,3000,3000,"fast","control_informative",0.05,6,0.01,"","mirage_joint","trait1","bfdr_discoveries",0.05,4
20260820,8,500,15,3000,3000,3000,3000,"fast","control_informative",0.05,6,0.01,"","mirage_joint","trait1","bfdr_observed_fdp",0.1,0
20260820,8,500,15,3000,3000,3000,3000,"fast","control_informative",0.05,6,0.01,"","mirage_joint","trait1","bfdr_estimate",0.1,0.0996451804834713
20260820,8,500,15,3000,3000,3000,3000,"fast","control_informative",0.05,6,0.01,"","mirage_joint","trait1","bfdr_power",0.1,0.28
20260820,8,500,15,3000,3000,3000,3000,"fast","control_informative",0.05,6,0.01,"","mirage_joint","trait1","bfdr_discoveries",0.1,7
20260820,8,500,15,3000,3000,3000,3000,"fast","control_informative",0.05,6,0.01,"","mirage_joint","trait1","bfdr_observed_fdp",0.2,0.2
20260820,8,500,15,3000,3000,3000,3000,"fast","control_informative",0.05,6,0.01,"","mirage_joint","trait1","bfdr_estimate",0.2,0.184263470038714
20260820,8,500,15,3000,3000,3000,3000,"fast","control_informative",0.05,6,0.01,"","mirage_joint","trait1","bfdr_power",0.2,0.32
20260820,8,500,15,3000,3000,3000,3000,"fast","control_informative",0.05,6,0.01,"","mirage_joint","trait1","bfdr_discoveries",0.2,10
20260820,8,500,15,3000,3000,3000,3000,"fast","control_informative",0.05,6,0.01,"","mirage_joint","trait2","bfdr_observed_fdp",0.01,0
20260820,8,500,15,3000,3000,3000,3000,"fast","control_informative",0.05,6,0.01,"","mirage_joint","trait2","bfdr_estimate",0.01,0.00544129053278858
20260820,8,500,15,3000,3000,3000,3000,"fast","control_informative",0.05,6,0.01,"","mirage_joint","trait2","bfdr_power",0.01,0.2
20260820,8,500,15,3000,3000,3000,3000,"fast","control_informative",0.05,6,0.01,"","mirage_joint","trait2","bfdr_discoveries",0.01,2
20260820,8,500,15,3000,3000,3000,3000,"fast","control_informative",0.05,6,0.01,"","mirage_joint","trait2","bfdr_observed_fdp",0.05,0
20260820,8,500,15,3000,3000,3000,3000,"fast","control_informative",0.05,6,0.01,"","mirage_joint","trait2","bfdr_estimate",0.05,0.00544129053278858
20260820,8,500,15,3000,3000,3000,3000,"fast","control_informative",0.05,6,0.01,"","mirage_joint","trait2","bfdr_power",0.05,0.2
20260820,8,500,15,3000,3000,3000,3000,"fast","control_informative",0.05,6,0.01,"","mirage_joint","trait2","bfdr_discoveries",0.05,2
20260820,8,500,15,3000,3000,3000,3000,"fast","control_informative",0.05,6,0.01,"","mirage_joint","trait2","bfdr_observed_fdp",0.1,0
20260820,8,500,15,3000,3000,3000,3000,"fast","control_informative",0.05,6,0.01,"","mirage_joint","trait2","bfdr_estimate",0.1,0.00544129053278858
20260820,8,500,15,3000,3000,3000,3000,"fast","control_informative",0.05,6,0.01,"","mirage_joint","trait2","bfdr_power",0.1,0.2
20260820,8,500,15,3000,3000,3000,3000,"fast","control_informative",0.05,6,0.01,"","mirage_joint","trait2","bfdr_discoveries",0.1,2
20260820,8,500,15,3000,3000,3000,3000,"fast","control_informative",0.05,6,0.01,"","mirage_joint","trait2","bfdr_observed_fdp",0.2,0.333333333333333
20260820,8,500,15,3000,3000,3000,3000,"fast","control_informative",0.05,6,0.01,"","mirage_joint","trait2","bfdr_estimate",0.2,0.165230652890681
20260820,8,500,15,3000,3000,3000,3000,"fast","control_informative",0.05,6,0.01,"","mirage_joint","trait2","bfdr_power",0.2,0.2
20260820,8,500,15,3000,3000,3000,3000,"fast","control_informative",0.05,6,0.01,"","mirage_joint","trait2","bfdr_discoveries",0.2,3
20260820,8,500,15,3000,3000,3000,3000,"fast","control_informative",0.05,6,0.01,"","mirage_joint","pleiotropy","bfdr_observed_fdp",0.01,0
20260820,8,500,15,3000,3000,3000,3000,"fast","control_informative",0.05,6,0.01,"","mirage_joint","pleiotropy","bfdr_estimate",0.01,0
20260820,8,500,15,3000,3000,3000,3000,"fast","control_informative",0.05,6,0.01,"","mirage_joint","pleiotropy","bfdr_power",0.01,0
20260820,8,500,15,3000,3000,3000,3000,"fast","control_informative",0.05,6,0.01,"","mirage_joint","pleiotropy","bfdr_discoveries",0.01,0
20260820,8,500,15,3000,3000,3000,3000,"fast","control_informative",0.05,6,0.01,"","mirage_joint","pleiotropy","bfdr_observed_fdp",0.05,0
20260820,8,500,15,3000,3000,3000,3000,"fast","control_informative",0.05,6,0.01,"","mirage_joint","pleiotropy","bfdr_estimate",0.05,0.0392856929379417
20260820,8,500,15,3000,3000,3000,3000,"fast","control_informative",0.05,6,0.01,"","mirage_joint","pleiotropy","bfdr_power",0.05,0.2
20260820,8,500,15,3000,3000,3000,3000,"fast","control_informative",0.05,6,0.01,"","mirage_joint","pleiotropy","bfdr_discoveries",0.05,1
20260820,8,500,15,3000,3000,3000,3000,"fast","control_informative",0.05,6,0.01,"","mirage_joint","pleiotropy","bfdr_observed_fdp",0.1,0
20260820,8,500,15,3000,3000,3000,3000,"fast","control_informative",0.05,6,0.01,"","mirage_joint","pleiotropy","bfdr_estimate",0.1,0.086134370666258
20260820,8,500,15,3000,3000,3000,3000,"fast","control_informative",0.05,6,0.01,"","mirage_joint","pleiotropy","bfdr_power",0.1,0.4
20260820,8,500,15,3000,3000,3000,3000,"fast","control_informative",0.05,6,0.01,"","mirage_joint","pleiotropy","bfdr_discoveries",0.1,2
20260820,8,500,15,3000,3000,3000,3000,"fast","control_informative",0.05,6,0.01,"","mirage_joint","pleiotropy","bfdr_observed_fdp",0.2,0
20260820,8,500,15,3000,3000,3000,3000,"fast","control_informative",0.05,6,0.01,"","mirage_joint","pleiotropy","bfdr_estimate",0.2,0.086134370666258
20260820,8,500,15,3000,3000,3000,3000,"fast","control_informative",0.05,6,0.01,"","mirage_joint","pleiotropy","bfdr_power",0.2,0.4
20260820,8,500,15,3000,3000,3000,3000,"fast","control_informative",0.05,6,0.01,"","mirage_joint","pleiotropy","bfdr_discoveries",0.2,2
20260820,8,500,15,3000,3000,3000,3000,"fast","control_informative",0.05,6,0.01,"","mirage_joint","global","runtime_seconds",NA,17.931
20260820,8,500,15,3000,3000,3000,3000,"fast","control_informative",0.05,6,0.01,"","mirage_joint","pleiotropy","pi11_estimate",NA,0.0275730429271662
20260820,8,500,15,3000,3000,3000,3000,"fast","control_informative",0.05,6,0.01,"","separate_mirage","trait1","auc",NA,0.795957894736842
20260820,8,500,15,3000,3000,3000,3000,"fast","control_informative",0.05,6,0.01,"","separate_mirage","trait2","auc",NA,0.655102040816327
20260820,8,500,15,3000,3000,3000,3000,"fast","control_informative",0.05,6,0.01,"","separate_mirage","pleiotropy","auc",NA,0.858989898989899
20260820,8,500,15,3000,3000,3000,3000,"fast","control_informative",0.05,6,0.01,"","separate_mirage","trait1","pp08_power",0.8,0.12
20260820,8,500,15,3000,3000,3000,3000,"fast","control_informative",0.05,6,0.01,"","separate_mirage","trait1","pp08_fdp",0.8,0
20260820,8,500,15,3000,3000,3000,3000,"fast","control_informative",0.05,6,0.01,"","separate_mirage","trait1","pp08_discoveries",0.8,3
20260820,8,500,15,3000,3000,3000,3000,"fast","control_informative",0.05,6,0.01,"","separate_mirage","trait2","pp08_power",0.8,0.2
20260820,8,500,15,3000,3000,3000,3000,"fast","control_informative",0.05,6,0.01,"","separate_mirage","trait2","pp08_fdp",0.8,0
20260820,8,500,15,3000,3000,3000,3000,"fast","control_informative",0.05,6,0.01,"","separate_mirage","trait2","pp08_discoveries",0.8,2
20260820,8,500,15,3000,3000,3000,3000,"fast","control_informative",0.05,6,0.01,"","separate_mirage","pleiotropy","pp08_power",0.8,0
20260820,8,500,15,3000,3000,3000,3000,"fast","control_informative",0.05,6,0.01,"","separate_mirage","pleiotropy","pp08_fdp",0.8,0
20260820,8,500,15,3000,3000,3000,3000,"fast","control_informative",0.05,6,0.01,"","separate_mirage","pleiotropy","pp08_discoveries",0.8,0
20260820,8,500,15,3000,3000,3000,3000,"fast","control_informative",0.05,6,0.01,"","separate_mirage","trait1","bfdr_observed_fdp",0.01,0
20260820,8,500,15,3000,3000,3000,3000,"fast","control_informative",0.05,6,0.01,"","separate_mirage","trait1","bfdr_estimate",0.01,0.000932214654637886
20260820,8,500,15,3000,3000,3000,3000,"fast","control_informative",0.05,6,0.01,"","separate_mirage","trait1","bfdr_power",0.01,0.08
20260820,8,500,15,3000,3000,3000,3000,"fast","control_informative",0.05,6,0.01,"","separate_mirage","trait1","bfdr_discoveries",0.01,2
20260820,8,500,15,3000,3000,3000,3000,"fast","control_informative",0.05,6,0.01,"","separate_mirage","trait1","bfdr_observed_fdp",0.05,0
20260820,8,500,15,3000,3000,3000,3000,"fast","control_informative",0.05,6,0.01,"","separate_mirage","trait1","bfdr_estimate",0.05,0.000932214654637886
20260820,8,500,15,3000,3000,3000,3000,"fast","control_informative",0.05,6,0.01,"","separate_mirage","trait1","bfdr_power",0.05,0.08
20260820,8,500,15,3000,3000,3000,3000,"fast","control_informative",0.05,6,0.01,"","separate_mirage","trait1","bfdr_discoveries",0.05,2
20260820,8,500,15,3000,3000,3000,3000,"fast","control_informative",0.05,6,0.01,"","separate_mirage","trait1","bfdr_observed_fdp",0.1,0
20260820,8,500,15,3000,3000,3000,3000,"fast","control_informative",0.05,6,0.01,"","separate_mirage","trait1","bfdr_estimate",0.1,0.0664840938108618
20260820,8,500,15,3000,3000,3000,3000,"fast","control_informative",0.05,6,0.01,"","separate_mirage","trait1","bfdr_power",0.1,0.12
20260820,8,500,15,3000,3000,3000,3000,"fast","control_informative",0.05,6,0.01,"","separate_mirage","trait1","bfdr_discoveries",0.1,3
20260820,8,500,15,3000,3000,3000,3000,"fast","control_informative",0.05,6,0.01,"","separate_mirage","trait1","bfdr_observed_fdp",0.2,0
20260820,8,500,15,3000,3000,3000,3000,"fast","control_informative",0.05,6,0.01,"","separate_mirage","trait1","bfdr_estimate",0.2,0.188450752200627
20260820,8,500,15,3000,3000,3000,3000,"fast","control_informative",0.05,6,0.01,"","separate_mirage","trait1","bfdr_power",0.2,0.2
20260820,8,500,15,3000,3000,3000,3000,"fast","control_informative",0.05,6,0.01,"","separate_mirage","trait1","bfdr_discoveries",0.2,5
20260820,8,500,15,3000,3000,3000,3000,"fast","control_informative",0.05,6,0.01,"","separate_mirage","trait2","bfdr_observed_fdp",0.01,0
20260820,8,500,15,3000,3000,3000,3000,"fast","control_informative",0.05,6,0.01,"","separate_mirage","trait2","bfdr_estimate",0.01,0.00422188861903244
20260820,8,500,15,3000,3000,3000,3000,"fast","control_informative",0.05,6,0.01,"","separate_mirage","trait2","bfdr_power",0.01,0.2
20260820,8,500,15,3000,3000,3000,3000,"fast","control_informative",0.05,6,0.01,"","separate_mirage","trait2","bfdr_discoveries",0.01,2
20260820,8,500,15,3000,3000,3000,3000,"fast","control_informative",0.05,6,0.01,"","separate_mirage","trait2","bfdr_observed_fdp",0.05,0
20260820,8,500,15,3000,3000,3000,3000,"fast","control_informative",0.05,6,0.01,"","separate_mirage","trait2","bfdr_estimate",0.05,0.00422188861903244
20260820,8,500,15,3000,3000,3000,3000,"fast","control_informative",0.05,6,0.01,"","separate_mirage","trait2","bfdr_power",0.05,0.2
20260820,8,500,15,3000,3000,3000,3000,"fast","control_informative",0.05,6,0.01,"","separate_mirage","trait2","bfdr_discoveries",0.05,2
20260820,8,500,15,3000,3000,3000,3000,"fast","control_informative",0.05,6,0.01,"","separate_mirage","trait2","bfdr_observed_fdp",0.1,0
20260820,8,500,15,3000,3000,3000,3000,"fast","control_informative",0.05,6,0.01,"","separate_mirage","trait2","bfdr_estimate",0.1,0.00422188861903244
20260820,8,500,15,3000,3000,3000,3000,"fast","control_informative",0.05,6,0.01,"","separate_mirage","trait2","bfdr_power",0.1,0.2
20260820,8,500,15,3000,3000,3000,3000,"fast","control_informative",0.05,6,0.01,"","separate_mirage","trait2","bfdr_discoveries",0.1,2
20260820,8,500,15,3000,3000,3000,3000,"fast","control_informative",0.05,6,0.01,"","separate_mirage","trait2","bfdr_observed_fdp",0.2,0.333333333333333
20260820,8,500,15,3000,3000,3000,3000,"fast","control_informative",0.05,6,0.01,"","separate_mirage","trait2","bfdr_estimate",0.2,0.161453588786457
20260820,8,500,15,3000,3000,3000,3000,"fast","control_informative",0.05,6,0.01,"","separate_mirage","trait2","bfdr_power",0.2,0.2
20260820,8,500,15,3000,3000,3000,3000,"fast","control_informative",0.05,6,0.01,"","separate_mirage","trait2","bfdr_discoveries",0.2,3
20260820,8,500,15,3000,3000,3000,3000,"fast","control_informative",0.05,6,0.01,"","separate_mirage","pleiotropy","bfdr_observed_fdp",0.01,0
20260820,8,500,15,3000,3000,3000,3000,"fast","control_informative",0.05,6,0.01,"","separate_mirage","pleiotropy","bfdr_estimate",0.01,0
20260820,8,500,15,3000,3000,3000,3000,"fast","control_informative",0.05,6,0.01,"","separate_mirage","pleiotropy","bfdr_power",0.01,0
20260820,8,500,15,3000,3000,3000,3000,"fast","control_informative",0.05,6,0.01,"","separate_mirage","pleiotropy","bfdr_discoveries",0.01,0
20260820,8,500,15,3000,3000,3000,3000,"fast","control_informative",0.05,6,0.01,"","separate_mirage","pleiotropy","bfdr_observed_fdp",0.05,0
20260820,8,500,15,3000,3000,3000,3000,"fast","control_informative",0.05,6,0.01,"","separate_mirage","pleiotropy","bfdr_estimate",0.05,0
20260820,8,500,15,3000,3000,3000,3000,"fast","control_informative",0.05,6,0.01,"","separate_mirage","pleiotropy","bfdr_power",0.05,0
20260820,8,500,15,3000,3000,3000,3000,"fast","control_informative",0.05,6,0.01,"","separate_mirage","pleiotropy","bfdr_discoveries",0.05,0
20260820,8,500,15,3000,3000,3000,3000,"fast","control_informative",0.05,6,0.01,"","separate_mirage","pleiotropy","bfdr_observed_fdp",0.1,0
20260820,8,500,15,3000,3000,3000,3000,"fast","control_informative",0.05,6,0.01,"","separate_mirage","pleiotropy","bfdr_estimate",0.1,0
20260820,8,500,15,3000,3000,3000,3000,"fast","control_informative",0.05,6,0.01,"","separate_mirage","pleiotropy","bfdr_power",0.1,0
20260820,8,500,15,3000,3000,3000,3000,"fast","control_informative",0.05,6,0.01,"","separate_mirage","pleiotropy","bfdr_discoveries",0.1,0
20260820,8,500,15,3000,3000,3000,3000,"fast","control_informative",0.05,6,0.01,"","separate_mirage","pleiotropy","bfdr_observed_fdp",0.2,0
20260820,8,500,15,3000,3000,3000,3000,"fast","control_informative",0.05,6,0.01,"","separate_mirage","pleiotropy","bfdr_estimate",0.2,0
20260820,8,500,15,3000,3000,3000,3000,"fast","control_informative",0.05,6,0.01,"","separate_mirage","pleiotropy","bfdr_power",0.2,0
20260820,8,500,15,3000,3000,3000,3000,"fast","control_informative",0.05,6,0.01,"","separate_mirage","pleiotropy","bfdr_discoveries",0.2,0
20260820,8,500,15,3000,3000,3000,3000,"fast","control_informative",0.05,6,0.01,"","separate_mirage","global","runtime_seconds",NA,17.994
20260820,8,500,15,3000,3000,3000,3000,"fast","control_informative",0.05,6,0.01,"","separate_mirage","pleiotropy","pi11_estimate",NA,0.001
20260820,8,500,15,3000,3000,3000,3000,"fast","control_informative",0.05,6,0.01,"","mtada_aggregated","trait1","auc",NA,0.736336842105263
20260820,8,500,15,3000,3000,3000,3000,"fast","control_informative",0.05,6,0.01,"","mtada_aggregated","trait2","auc",NA,0.79
20260820,8,500,15,3000,3000,3000,3000,"fast","control_informative",0.05,6,0.01,"","mtada_aggregated","pleiotropy","auc",NA,0.787070707070707
20260820,8,500,15,3000,3000,3000,3000,"fast","control_informative",0.05,6,0.01,"","mtada_aggregated","trait1","pp08_power",0.8,0.28
20260820,8,500,15,3000,3000,3000,3000,"fast","control_informative",0.05,6,0.01,"","mtada_aggregated","trait1","pp08_fdp",0.8,0.895522388059702
20260820,8,500,15,3000,3000,3000,3000,"fast","control_informative",0.05,6,0.01,"","mtada_aggregated","trait1","pp08_discoveries",0.8,67
20260820,8,500,15,3000,3000,3000,3000,"fast","control_informative",0.05,6,0.01,"","mtada_aggregated","trait2","pp08_power",0.8,0.4
20260820,8,500,15,3000,3000,3000,3000,"fast","control_informative",0.05,6,0.01,"","mtada_aggregated","trait2","pp08_fdp",0.8,0.92
20260820,8,500,15,3000,3000,3000,3000,"fast","control_informative",0.05,6,0.01,"","mtada_aggregated","trait2","pp08_discoveries",0.8,50
20260820,8,500,15,3000,3000,3000,3000,"fast","control_informative",0.05,6,0.01,"","mtada_aggregated","pleiotropy","pp08_power",0.8,0.2
20260820,8,500,15,3000,3000,3000,3000,"fast","control_informative",0.05,6,0.01,"","mtada_aggregated","pleiotropy","pp08_fdp",0.8,0.888888888888889
20260820,8,500,15,3000,3000,3000,3000,"fast","control_informative",0.05,6,0.01,"","mtada_aggregated","pleiotropy","pp08_discoveries",0.8,9
20260820,8,500,15,3000,3000,3000,3000,"fast","control_informative",0.05,6,0.01,"","mtada_aggregated","trait1","bfdr_observed_fdp",0.01,0.883333333333333
20260820,8,500,15,3000,3000,3000,3000,"fast","control_informative",0.05,6,0.01,"","mtada_aggregated","trait1","bfdr_estimate",0.01,0.00898844511255659
20260820,8,500,15,3000,3000,3000,3000,"fast","control_informative",0.05,6,0.01,"","mtada_aggregated","trait1","bfdr_power",0.01,0.28
20260820,8,500,15,3000,3000,3000,3000,"fast","control_informative",0.05,6,0.01,"","mtada_aggregated","trait1","bfdr_discoveries",0.01,60
20260820,8,500,15,3000,3000,3000,3000,"fast","control_informative",0.05,6,0.01,"","mtada_aggregated","trait1","bfdr_observed_fdp",0.05,0.89041095890411
20260820,8,500,15,3000,3000,3000,3000,"fast","control_informative",0.05,6,0.01,"","mtada_aggregated","trait1","bfdr_estimate",0.05,0.0497612114875979
20260820,8,500,15,3000,3000,3000,3000,"fast","control_informative",0.05,6,0.01,"","mtada_aggregated","trait1","bfdr_power",0.05,0.32
20260820,8,500,15,3000,3000,3000,3000,"fast","control_informative",0.05,6,0.01,"","mtada_aggregated","trait1","bfdr_discoveries",0.05,73
20260820,8,500,15,3000,3000,3000,3000,"fast","control_informative",0.05,6,0.01,"","mtada_aggregated","trait1","bfdr_observed_fdp",0.1,0.875
20260820,8,500,15,3000,3000,3000,3000,"fast","control_informative",0.05,6,0.01,"","mtada_aggregated","trait1","bfdr_estimate",0.1,0.0953455068742228
20260820,8,500,15,3000,3000,3000,3000,"fast","control_informative",0.05,6,0.01,"","mtada_aggregated","trait1","bfdr_power",0.1,0.4
20260820,8,500,15,3000,3000,3000,3000,"fast","control_informative",0.05,6,0.01,"","mtada_aggregated","trait1","bfdr_discoveries",0.1,80
20260820,8,500,15,3000,3000,3000,3000,"fast","control_informative",0.05,6,0.01,"","mtada_aggregated","trait1","bfdr_observed_fdp",0.2,0.873684210526316
20260820,8,500,15,3000,3000,3000,3000,"fast","control_informative",0.05,6,0.01,"","mtada_aggregated","trait1","bfdr_estimate",0.2,0.197427521049139
20260820,8,500,15,3000,3000,3000,3000,"fast","control_informative",0.05,6,0.01,"","mtada_aggregated","trait1","bfdr_power",0.2,0.48
20260820,8,500,15,3000,3000,3000,3000,"fast","control_informative",0.05,6,0.01,"","mtada_aggregated","trait1","bfdr_discoveries",0.2,95
20260820,8,500,15,3000,3000,3000,3000,"fast","control_informative",0.05,6,0.01,"","mtada_aggregated","trait2","bfdr_observed_fdp",0.01,0.911111111111111
20260820,8,500,15,3000,3000,3000,3000,"fast","control_informative",0.05,6,0.01,"","mtada_aggregated","trait2","bfdr_estimate",0.01,0.00996323806647378
20260820,8,500,15,3000,3000,3000,3000,"fast","control_informative",0.05,6,0.01,"","mtada_aggregated","trait2","bfdr_power",0.01,0.4
20260820,8,500,15,3000,3000,3000,3000,"fast","control_informative",0.05,6,0.01,"","mtada_aggregated","trait2","bfdr_discoveries",0.01,45
20260820,8,500,15,3000,3000,3000,3000,"fast","control_informative",0.05,6,0.01,"","mtada_aggregated","trait2","bfdr_observed_fdp",0.05,0.925925925925926
20260820,8,500,15,3000,3000,3000,3000,"fast","control_informative",0.05,6,0.01,"","mtada_aggregated","trait2","bfdr_estimate",0.05,0.0464054837136535
20260820,8,500,15,3000,3000,3000,3000,"fast","control_informative",0.05,6,0.01,"","mtada_aggregated","trait2","bfdr_power",0.05,0.4
20260820,8,500,15,3000,3000,3000,3000,"fast","control_informative",0.05,6,0.01,"","mtada_aggregated","trait2","bfdr_discoveries",0.05,54
20260820,8,500,15,3000,3000,3000,3000,"fast","control_informative",0.05,6,0.01,"","mtada_aggregated","trait2","bfdr_observed_fdp",0.1,0.933333333333333
20260820,8,500,15,3000,3000,3000,3000,"fast","control_informative",0.05,6,0.01,"","mtada_aggregated","trait2","bfdr_estimate",0.1,0.0904958157738381
20260820,8,500,15,3000,3000,3000,3000,"fast","control_informative",0.05,6,0.01,"","mtada_aggregated","trait2","bfdr_power",0.1,0.4
20260820,8,500,15,3000,3000,3000,3000,"fast","control_informative",0.05,6,0.01,"","mtada_aggregated","trait2","bfdr_discoveries",0.1,60
20260820,8,500,15,3000,3000,3000,3000,"fast","control_informative",0.05,6,0.01,"","mtada_aggregated","trait2","bfdr_observed_fdp",0.2,0.943661971830986
20260820,8,500,15,3000,3000,3000,3000,"fast","control_informative",0.05,6,0.01,"","mtada_aggregated","trait2","bfdr_estimate",0.2,0.196922392085098
20260820,8,500,15,3000,3000,3000,3000,"fast","control_informative",0.05,6,0.01,"","mtada_aggregated","trait2","bfdr_power",0.2,0.4
20260820,8,500,15,3000,3000,3000,3000,"fast","control_informative",0.05,6,0.01,"","mtada_aggregated","trait2","bfdr_discoveries",0.2,71
20260820,8,500,15,3000,3000,3000,3000,"fast","control_informative",0.05,6,0.01,"","mtada_aggregated","pleiotropy","bfdr_observed_fdp",0.01,0.833333333333333
20260820,8,500,15,3000,3000,3000,3000,"fast","control_informative",0.05,6,0.01,"","mtada_aggregated","pleiotropy","bfdr_estimate",0.01,0.00293586018821712
20260820,8,500,15,3000,3000,3000,3000,"fast","control_informative",0.05,6,0.01,"","mtada_aggregated","pleiotropy","bfdr_power",0.01,0.2
20260820,8,500,15,3000,3000,3000,3000,"fast","control_informative",0.05,6,0.01,"","mtada_aggregated","pleiotropy","bfdr_discoveries",0.01,6
20260820,8,500,15,3000,3000,3000,3000,"fast","control_informative",0.05,6,0.01,"","mtada_aggregated","pleiotropy","bfdr_observed_fdp",0.05,0.888888888888889
20260820,8,500,15,3000,3000,3000,3000,"fast","control_informative",0.05,6,0.01,"","mtada_aggregated","pleiotropy","bfdr_estimate",0.05,0.0421631636263358
20260820,8,500,15,3000,3000,3000,3000,"fast","control_informative",0.05,6,0.01,"","mtada_aggregated","pleiotropy","bfdr_power",0.05,0.2
20260820,8,500,15,3000,3000,3000,3000,"fast","control_informative",0.05,6,0.01,"","mtada_aggregated","pleiotropy","bfdr_discoveries",0.05,9
20260820,8,500,15,3000,3000,3000,3000,"fast","control_informative",0.05,6,0.01,"","mtada_aggregated","pleiotropy","bfdr_observed_fdp",0.1,0.9
20260820,8,500,15,3000,3000,3000,3000,"fast","control_informative",0.05,6,0.01,"","mtada_aggregated","pleiotropy","bfdr_estimate",0.1,0.0826660747868676
20260820,8,500,15,3000,3000,3000,3000,"fast","control_informative",0.05,6,0.01,"","mtada_aggregated","pleiotropy","bfdr_power",0.1,0.2
20260820,8,500,15,3000,3000,3000,3000,"fast","control_informative",0.05,6,0.01,"","mtada_aggregated","pleiotropy","bfdr_discoveries",0.1,10
20260820,8,500,15,3000,3000,3000,3000,"fast","control_informative",0.05,6,0.01,"","mtada_aggregated","pleiotropy","bfdr_observed_fdp",0.2,0.916666666666667
20260820,8,500,15,3000,3000,3000,3000,"fast","control_informative",0.05,6,0.01,"","mtada_aggregated","pleiotropy","bfdr_estimate",0.2,0.188993009813649
20260820,8,500,15,3000,3000,3000,3000,"fast","control_informative",0.05,6,0.01,"","mtada_aggregated","pleiotropy","bfdr_power",0.2,0.2
20260820,8,500,15,3000,3000,3000,3000,"fast","control_informative",0.05,6,0.01,"","mtada_aggregated","pleiotropy","bfdr_discoveries",0.2,12
20260820,8,500,15,3000,3000,3000,3000,"fast","control_informative",0.05,6,0.01,"","mtada_aggregated","global","runtime_seconds",NA,0.833000000000027
20260820,8,500,15,3000,3000,3000,3000,"fast","control_informative",0.05,6,0.01,"","mtada_aggregated","pleiotropy","pi11_estimate",NA,0.00269914
20260821,9,500,15,3000,3000,3000,3000,"fast","control_informative",0.05,6,0.01,"","mirage_joint","trait1","auc",NA,0.830905263157895
20260821,9,500,15,3000,3000,3000,3000,"fast","control_informative",0.05,6,0.01,"","mirage_joint","trait2","auc",NA,0.751428571428571
20260821,9,500,15,3000,3000,3000,3000,"fast","control_informative",0.05,6,0.01,"","mirage_joint","pleiotropy","auc",NA,0.876363636363636
20260821,9,500,15,3000,3000,3000,3000,"fast","control_informative",0.05,6,0.01,"","mirage_joint","trait1","pp08_power",0.8,0.24
20260821,9,500,15,3000,3000,3000,3000,"fast","control_informative",0.05,6,0.01,"","mirage_joint","trait1","pp08_fdp",0.8,0
20260821,9,500,15,3000,3000,3000,3000,"fast","control_informative",0.05,6,0.01,"","mirage_joint","trait1","pp08_discoveries",0.8,6
20260821,9,500,15,3000,3000,3000,3000,"fast","control_informative",0.05,6,0.01,"","mirage_joint","trait2","pp08_power",0.8,0.1
20260821,9,500,15,3000,3000,3000,3000,"fast","control_informative",0.05,6,0.01,"","mirage_joint","trait2","pp08_fdp",0.8,0
20260821,9,500,15,3000,3000,3000,3000,"fast","control_informative",0.05,6,0.01,"","mirage_joint","trait2","pp08_discoveries",0.8,1
20260821,9,500,15,3000,3000,3000,3000,"fast","control_informative",0.05,6,0.01,"","mirage_joint","pleiotropy","pp08_power",0.8,0
20260821,9,500,15,3000,3000,3000,3000,"fast","control_informative",0.05,6,0.01,"","mirage_joint","pleiotropy","pp08_fdp",0.8,0
20260821,9,500,15,3000,3000,3000,3000,"fast","control_informative",0.05,6,0.01,"","mirage_joint","pleiotropy","pp08_discoveries",0.8,0
20260821,9,500,15,3000,3000,3000,3000,"fast","control_informative",0.05,6,0.01,"","mirage_joint","trait1","bfdr_observed_fdp",0.01,0
20260821,9,500,15,3000,3000,3000,3000,"fast","control_informative",0.05,6,0.01,"","mirage_joint","trait1","bfdr_estimate",0.01,0.00932426708115097
20260821,9,500,15,3000,3000,3000,3000,"fast","control_informative",0.05,6,0.01,"","mirage_joint","trait1","bfdr_power",0.01,0.2
20260821,9,500,15,3000,3000,3000,3000,"fast","control_informative",0.05,6,0.01,"","mirage_joint","trait1","bfdr_discoveries",0.01,5
20260821,9,500,15,3000,3000,3000,3000,"fast","control_informative",0.05,6,0.01,"","mirage_joint","trait1","bfdr_observed_fdp",0.05,0.142857142857143
20260821,9,500,15,3000,3000,3000,3000,"fast","control_informative",0.05,6,0.01,"","mirage_joint","trait1","bfdr_estimate",0.05,0.0479029333831165
20260821,9,500,15,3000,3000,3000,3000,"fast","control_informative",0.05,6,0.01,"","mirage_joint","trait1","bfdr_power",0.05,0.24
20260821,9,500,15,3000,3000,3000,3000,"fast","control_informative",0.05,6,0.01,"","mirage_joint","trait1","bfdr_discoveries",0.05,7
20260821,9,500,15,3000,3000,3000,3000,"fast","control_informative",0.05,6,0.01,"","mirage_joint","trait1","bfdr_observed_fdp",0.1,0.25
20260821,9,500,15,3000,3000,3000,3000,"fast","control_informative",0.05,6,0.01,"","mirage_joint","trait1","bfdr_estimate",0.1,0.0811371145421137
20260821,9,500,15,3000,3000,3000,3000,"fast","control_informative",0.05,6,0.01,"","mirage_joint","trait1","bfdr_power",0.1,0.24
20260821,9,500,15,3000,3000,3000,3000,"fast","control_informative",0.05,6,0.01,"","mirage_joint","trait1","bfdr_discoveries",0.1,8
20260821,9,500,15,3000,3000,3000,3000,"fast","control_informative",0.05,6,0.01,"","mirage_joint","trait1","bfdr_observed_fdp",0.2,0.363636363636364
20260821,9,500,15,3000,3000,3000,3000,"fast","control_informative",0.05,6,0.01,"","mirage_joint","trait1","bfdr_estimate",0.2,0.185866352729303
20260821,9,500,15,3000,3000,3000,3000,"fast","control_informative",0.05,6,0.01,"","mirage_joint","trait1","bfdr_power",0.2,0.28
20260821,9,500,15,3000,3000,3000,3000,"fast","control_informative",0.05,6,0.01,"","mirage_joint","trait1","bfdr_discoveries",0.2,11
20260821,9,500,15,3000,3000,3000,3000,"fast","control_informative",0.05,6,0.01,"","mirage_joint","trait2","bfdr_observed_fdp",0.01,0
20260821,9,500,15,3000,3000,3000,3000,"fast","control_informative",0.05,6,0.01,"","mirage_joint","trait2","bfdr_estimate",0.01,1.7444869153671e-06
20260821,9,500,15,3000,3000,3000,3000,"fast","control_informative",0.05,6,0.01,"","mirage_joint","trait2","bfdr_power",0.01,0.1
20260821,9,500,15,3000,3000,3000,3000,"fast","control_informative",0.05,6,0.01,"","mirage_joint","trait2","bfdr_discoveries",0.01,1
20260821,9,500,15,3000,3000,3000,3000,"fast","control_informative",0.05,6,0.01,"","mirage_joint","trait2","bfdr_observed_fdp",0.05,0
20260821,9,500,15,3000,3000,3000,3000,"fast","control_informative",0.05,6,0.01,"","mirage_joint","trait2","bfdr_estimate",0.05,1.7444869153671e-06
20260821,9,500,15,3000,3000,3000,3000,"fast","control_informative",0.05,6,0.01,"","mirage_joint","trait2","bfdr_power",0.05,0.1
20260821,9,500,15,3000,3000,3000,3000,"fast","control_informative",0.05,6,0.01,"","mirage_joint","trait2","bfdr_discoveries",0.05,1
20260821,9,500,15,3000,3000,3000,3000,"fast","control_informative",0.05,6,0.01,"","mirage_joint","trait2","bfdr_observed_fdp",0.1,0
20260821,9,500,15,3000,3000,3000,3000,"fast","control_informative",0.05,6,0.01,"","mirage_joint","trait2","bfdr_estimate",0.1,1.7444869153671e-06
20260821,9,500,15,3000,3000,3000,3000,"fast","control_informative",0.05,6,0.01,"","mirage_joint","trait2","bfdr_power",0.1,0.1
20260821,9,500,15,3000,3000,3000,3000,"fast","control_informative",0.05,6,0.01,"","mirage_joint","trait2","bfdr_discoveries",0.1,1
20260821,9,500,15,3000,3000,3000,3000,"fast","control_informative",0.05,6,0.01,"","mirage_joint","trait2","bfdr_observed_fdp",0.2,0.75
20260821,9,500,15,3000,3000,3000,3000,"fast","control_informative",0.05,6,0.01,"","mirage_joint","trait2","bfdr_estimate",0.2,0.197161375466296
20260821,9,500,15,3000,3000,3000,3000,"fast","control_informative",0.05,6,0.01,"","mirage_joint","trait2","bfdr_power",0.2,0.1
20260821,9,500,15,3000,3000,3000,3000,"fast","control_informative",0.05,6,0.01,"","mirage_joint","trait2","bfdr_discoveries",0.2,4
20260821,9,500,15,3000,3000,3000,3000,"fast","control_informative",0.05,6,0.01,"","mirage_joint","pleiotropy","bfdr_observed_fdp",0.01,0
20260821,9,500,15,3000,3000,3000,3000,"fast","control_informative",0.05,6,0.01,"","mirage_joint","pleiotropy","bfdr_estimate",0.01,0
20260821,9,500,15,3000,3000,3000,3000,"fast","control_informative",0.05,6,0.01,"","mirage_joint","pleiotropy","bfdr_power",0.01,0
20260821,9,500,15,3000,3000,3000,3000,"fast","control_informative",0.05,6,0.01,"","mirage_joint","pleiotropy","bfdr_discoveries",0.01,0
20260821,9,500,15,3000,3000,3000,3000,"fast","control_informative",0.05,6,0.01,"","mirage_joint","pleiotropy","bfdr_observed_fdp",0.05,0
20260821,9,500,15,3000,3000,3000,3000,"fast","control_informative",0.05,6,0.01,"","mirage_joint","pleiotropy","bfdr_estimate",0.05,0
20260821,9,500,15,3000,3000,3000,3000,"fast","control_informative",0.05,6,0.01,"","mirage_joint","pleiotropy","bfdr_power",0.05,0
20260821,9,500,15,3000,3000,3000,3000,"fast","control_informative",0.05,6,0.01,"","mirage_joint","pleiotropy","bfdr_discoveries",0.05,0
20260821,9,500,15,3000,3000,3000,3000,"fast","control_informative",0.05,6,0.01,"","mirage_joint","pleiotropy","bfdr_observed_fdp",0.1,0
20260821,9,500,15,3000,3000,3000,3000,"fast","control_informative",0.05,6,0.01,"","mirage_joint","pleiotropy","bfdr_estimate",0.1,0
20260821,9,500,15,3000,3000,3000,3000,"fast","control_informative",0.05,6,0.01,"","mirage_joint","pleiotropy","bfdr_power",0.1,0
20260821,9,500,15,3000,3000,3000,3000,"fast","control_informative",0.05,6,0.01,"","mirage_joint","pleiotropy","bfdr_discoveries",0.1,0
20260821,9,500,15,3000,3000,3000,3000,"fast","control_informative",0.05,6,0.01,"","mirage_joint","pleiotropy","bfdr_observed_fdp",0.2,0
20260821,9,500,15,3000,3000,3000,3000,"fast","control_informative",0.05,6,0.01,"","mirage_joint","pleiotropy","bfdr_estimate",0.2,0
20260821,9,500,15,3000,3000,3000,3000,"fast","control_informative",0.05,6,0.01,"","mirage_joint","pleiotropy","bfdr_power",0.2,0
20260821,9,500,15,3000,3000,3000,3000,"fast","control_informative",0.05,6,0.01,"","mirage_joint","pleiotropy","bfdr_discoveries",0.2,0
20260821,9,500,15,3000,3000,3000,3000,"fast","control_informative",0.05,6,0.01,"","mirage_joint","global","runtime_seconds",NA,17.923
20260821,9,500,15,3000,3000,3000,3000,"fast","control_informative",0.05,6,0.01,"","mirage_joint","pleiotropy","pi11_estimate",NA,0.0735141410787232
20260821,9,500,15,3000,3000,3000,3000,"fast","control_informative",0.05,6,0.01,"","separate_mirage","trait1","auc",NA,0.79258947368421
20260821,9,500,15,3000,3000,3000,3000,"fast","control_informative",0.05,6,0.01,"","separate_mirage","trait2","auc",NA,0.65
20260821,9,500,15,3000,3000,3000,3000,"fast","control_informative",0.05,6,0.01,"","separate_mirage","pleiotropy","auc",NA,0.781818181818182
20260821,9,500,15,3000,3000,3000,3000,"fast","control_informative",0.05,6,0.01,"","separate_mirage","trait1","pp08_power",0.8,0.24
20260821,9,500,15,3000,3000,3000,3000,"fast","control_informative",0.05,6,0.01,"","separate_mirage","trait1","pp08_fdp",0.8,0
20260821,9,500,15,3000,3000,3000,3000,"fast","control_informative",0.05,6,0.01,"","separate_mirage","trait1","pp08_discoveries",0.8,6
20260821,9,500,15,3000,3000,3000,3000,"fast","control_informative",0.05,6,0.01,"","separate_mirage","trait2","pp08_power",0.8,0.1
20260821,9,500,15,3000,3000,3000,3000,"fast","control_informative",0.05,6,0.01,"","separate_mirage","trait2","pp08_fdp",0.8,0
20260821,9,500,15,3000,3000,3000,3000,"fast","control_informative",0.05,6,0.01,"","separate_mirage","trait2","pp08_discoveries",0.8,1
20260821,9,500,15,3000,3000,3000,3000,"fast","control_informative",0.05,6,0.01,"","separate_mirage","pleiotropy","pp08_power",0.8,0
20260821,9,500,15,3000,3000,3000,3000,"fast","control_informative",0.05,6,0.01,"","separate_mirage","pleiotropy","pp08_fdp",0.8,0
20260821,9,500,15,3000,3000,3000,3000,"fast","control_informative",0.05,6,0.01,"","separate_mirage","pleiotropy","pp08_discoveries",0.8,0
20260821,9,500,15,3000,3000,3000,3000,"fast","control_informative",0.05,6,0.01,"","separate_mirage","trait1","bfdr_observed_fdp",0.01,0
20260821,9,500,15,3000,3000,3000,3000,"fast","control_informative",0.05,6,0.01,"","separate_mirage","trait1","bfdr_estimate",0.01,0.00171603600709051
20260821,9,500,15,3000,3000,3000,3000,"fast","control_informative",0.05,6,0.01,"","separate_mirage","trait1","bfdr_power",0.01,0.12
20260821,9,500,15,3000,3000,3000,3000,"fast","control_informative",0.05,6,0.01,"","separate_mirage","trait1","bfdr_discoveries",0.01,3
20260821,9,500,15,3000,3000,3000,3000,"fast","control_informative",0.05,6,0.01,"","separate_mirage","trait1","bfdr_observed_fdp",0.05,0
20260821,9,500,15,3000,3000,3000,3000,"fast","control_informative",0.05,6,0.01,"","separate_mirage","trait1","bfdr_estimate",0.05,0.0265726080411343
20260821,9,500,15,3000,3000,3000,3000,"fast","control_informative",0.05,6,0.01,"","separate_mirage","trait1","bfdr_power",0.05,0.24
20260821,9,500,15,3000,3000,3000,3000,"fast","control_informative",0.05,6,0.01,"","separate_mirage","trait1","bfdr_discoveries",0.05,6
20260821,9,500,15,3000,3000,3000,3000,"fast","control_informative",0.05,6,0.01,"","separate_mirage","trait1","bfdr_observed_fdp",0.1,0.142857142857143
20260821,9,500,15,3000,3000,3000,3000,"fast","control_informative",0.05,6,0.01,"","separate_mirage","trait1","bfdr_estimate",0.1,0.0909492393021329
20260821,9,500,15,3000,3000,3000,3000,"fast","control_informative",0.05,6,0.01,"","separate_mirage","trait1","bfdr_power",0.1,0.24
20260821,9,500,15,3000,3000,3000,3000,"fast","control_informative",0.05,6,0.01,"","separate_mirage","trait1","bfdr_discoveries",0.1,7
20260821,9,500,15,3000,3000,3000,3000,"fast","control_informative",0.05,6,0.01,"","separate_mirage","trait1","bfdr_observed_fdp",0.2,0.25
20260821,9,500,15,3000,3000,3000,3000,"fast","control_informative",0.05,6,0.01,"","separate_mirage","trait1","bfdr_estimate",0.2,0.147487705370033
20260821,9,500,15,3000,3000,3000,3000,"fast","control_informative",0.05,6,0.01,"","separate_mirage","trait1","bfdr_power",0.2,0.24
20260821,9,500,15,3000,3000,3000,3000,"fast","control_informative",0.05,6,0.01,"","separate_mirage","trait1","bfdr_discoveries",0.2,8
20260821,9,500,15,3000,3000,3000,3000,"fast","control_informative",0.05,6,0.01,"","separate_mirage","trait2","bfdr_observed_fdp",0.01,0
20260821,9,500,15,3000,3000,3000,3000,"fast","control_informative",0.05,6,0.01,"","separate_mirage","trait2","bfdr_estimate",0.01,6.33175526798535e-06
20260821,9,500,15,3000,3000,3000,3000,"fast","control_informative",0.05,6,0.01,"","separate_mirage","trait2","bfdr_power",0.01,0.1
20260821,9,500,15,3000,3000,3000,3000,"fast","control_informative",0.05,6,0.01,"","separate_mirage","trait2","bfdr_discoveries",0.01,1
20260821,9,500,15,3000,3000,3000,3000,"fast","control_informative",0.05,6,0.01,"","separate_mirage","trait2","bfdr_observed_fdp",0.05,0
20260821,9,500,15,3000,3000,3000,3000,"fast","control_informative",0.05,6,0.01,"","separate_mirage","trait2","bfdr_estimate",0.05,6.33175526798535e-06
20260821,9,500,15,3000,3000,3000,3000,"fast","control_informative",0.05,6,0.01,"","separate_mirage","trait2","bfdr_power",0.05,0.1
20260821,9,500,15,3000,3000,3000,3000,"fast","control_informative",0.05,6,0.01,"","separate_mirage","trait2","bfdr_discoveries",0.05,1
20260821,9,500,15,3000,3000,3000,3000,"fast","control_informative",0.05,6,0.01,"","separate_mirage","trait2","bfdr_observed_fdp",0.1,0
20260821,9,500,15,3000,3000,3000,3000,"fast","control_informative",0.05,6,0.01,"","separate_mirage","trait2","bfdr_estimate",0.1,6.33175526798535e-06
20260821,9,500,15,3000,3000,3000,3000,"fast","control_informative",0.05,6,0.01,"","separate_mirage","trait2","bfdr_power",0.1,0.1
20260821,9,500,15,3000,3000,3000,3000,"fast","control_informative",0.05,6,0.01,"","separate_mirage","trait2","bfdr_discoveries",0.1,1
20260821,9,500,15,3000,3000,3000,3000,"fast","control_informative",0.05,6,0.01,"","separate_mirage","trait2","bfdr_observed_fdp",0.2,0
20260821,9,500,15,3000,3000,3000,3000,"fast","control_informative",0.05,6,0.01,"","separate_mirage","trait2","bfdr_estimate",0.2,6.33175526798535e-06
20260821,9,500,15,3000,3000,3000,3000,"fast","control_informative",0.05,6,0.01,"","separate_mirage","trait2","bfdr_power",0.2,0.1
20260821,9,500,15,3000,3000,3000,3000,"fast","control_informative",0.05,6,0.01,"","separate_mirage","trait2","bfdr_discoveries",0.2,1
20260821,9,500,15,3000,3000,3000,3000,"fast","control_informative",0.05,6,0.01,"","separate_mirage","pleiotropy","bfdr_observed_fdp",0.01,0
20260821,9,500,15,3000,3000,3000,3000,"fast","control_informative",0.05,6,0.01,"","separate_mirage","pleiotropy","bfdr_estimate",0.01,0
20260821,9,500,15,3000,3000,3000,3000,"fast","control_informative",0.05,6,0.01,"","separate_mirage","pleiotropy","bfdr_power",0.01,0
20260821,9,500,15,3000,3000,3000,3000,"fast","control_informative",0.05,6,0.01,"","separate_mirage","pleiotropy","bfdr_discoveries",0.01,0
20260821,9,500,15,3000,3000,3000,3000,"fast","control_informative",0.05,6,0.01,"","separate_mirage","pleiotropy","bfdr_observed_fdp",0.05,0
20260821,9,500,15,3000,3000,3000,3000,"fast","control_informative",0.05,6,0.01,"","separate_mirage","pleiotropy","bfdr_estimate",0.05,0
20260821,9,500,15,3000,3000,3000,3000,"fast","control_informative",0.05,6,0.01,"","separate_mirage","pleiotropy","bfdr_power",0.05,0
20260821,9,500,15,3000,3000,3000,3000,"fast","control_informative",0.05,6,0.01,"","separate_mirage","pleiotropy","bfdr_discoveries",0.05,0
20260821,9,500,15,3000,3000,3000,3000,"fast","control_informative",0.05,6,0.01,"","separate_mirage","pleiotropy","bfdr_observed_fdp",0.1,0
20260821,9,500,15,3000,3000,3000,3000,"fast","control_informative",0.05,6,0.01,"","separate_mirage","pleiotropy","bfdr_estimate",0.1,0
20260821,9,500,15,3000,3000,3000,3000,"fast","control_informative",0.05,6,0.01,"","separate_mirage","pleiotropy","bfdr_power",0.1,0
20260821,9,500,15,3000,3000,3000,3000,"fast","control_informative",0.05,6,0.01,"","separate_mirage","pleiotropy","bfdr_discoveries",0.1,0
20260821,9,500,15,3000,3000,3000,3000,"fast","control_informative",0.05,6,0.01,"","separate_mirage","pleiotropy","bfdr_observed_fdp",0.2,0
20260821,9,500,15,3000,3000,3000,3000,"fast","control_informative",0.05,6,0.01,"","separate_mirage","pleiotropy","bfdr_estimate",0.2,0
20260821,9,500,15,3000,3000,3000,3000,"fast","control_informative",0.05,6,0.01,"","separate_mirage","pleiotropy","bfdr_power",0.2,0
20260821,9,500,15,3000,3000,3000,3000,"fast","control_informative",0.05,6,0.01,"","separate_mirage","pleiotropy","bfdr_discoveries",0.2,0
20260821,9,500,15,3000,3000,3000,3000,"fast","control_informative",0.05,6,0.01,"","separate_mirage","global","runtime_seconds",NA,17.929
20260821,9,500,15,3000,3000,3000,3000,"fast","control_informative",0.05,6,0.01,"","separate_mirage","pleiotropy","pi11_estimate",NA,0.001
20260821,9,500,15,3000,3000,3000,3000,"fast","control_informative",0.05,6,0.01,"","mtada_aggregated","trait1","auc",NA,0.702147368421053
20260821,9,500,15,3000,3000,3000,3000,"fast","control_informative",0.05,6,0.01,"","mtada_aggregated","trait2","auc",NA,0.783775510204082
20260821,9,500,15,3000,3000,3000,3000,"fast","control_informative",0.05,6,0.01,"","mtada_aggregated","pleiotropy","auc",NA,0.895757575757576
20260821,9,500,15,3000,3000,3000,3000,"fast","control_informative",0.05,6,0.01,"","mtada_aggregated","trait1","pp08_power",0.8,0.36
20260821,9,500,15,3000,3000,3000,3000,"fast","control_informative",0.05,6,0.01,"","mtada_aggregated","trait1","pp08_fdp",0.8,0.839285714285714
20260821,9,500,15,3000,3000,3000,3000,"fast","control_informative",0.05,6,0.01,"","mtada_aggregated","trait1","pp08_discoveries",0.8,56
20260821,9,500,15,3000,3000,3000,3000,"fast","control_informative",0.05,6,0.01,"","mtada_aggregated","trait2","pp08_power",0.8,0.4
20260821,9,500,15,3000,3000,3000,3000,"fast","control_informative",0.05,6,0.01,"","mtada_aggregated","trait2","pp08_fdp",0.8,0.909090909090909
20260821,9,500,15,3000,3000,3000,3000,"fast","control_informative",0.05,6,0.01,"","mtada_aggregated","trait2","pp08_discoveries",0.8,44
20260821,9,500,15,3000,3000,3000,3000,"fast","control_informative",0.05,6,0.01,"","mtada_aggregated","pleiotropy","pp08_power",0.8,0.2
20260821,9,500,15,3000,3000,3000,3000,"fast","control_informative",0.05,6,0.01,"","mtada_aggregated","pleiotropy","pp08_fdp",0.8,0.666666666666667
20260821,9,500,15,3000,3000,3000,3000,"fast","control_informative",0.05,6,0.01,"","mtada_aggregated","pleiotropy","pp08_discoveries",0.8,3
20260821,9,500,15,3000,3000,3000,3000,"fast","control_informative",0.05,6,0.01,"","mtada_aggregated","trait1","bfdr_observed_fdp",0.01,0.836734693877551
20260821,9,500,15,3000,3000,3000,3000,"fast","control_informative",0.05,6,0.01,"","mtada_aggregated","trait1","bfdr_estimate",0.01,0.0093319830993944
20260821,9,500,15,3000,3000,3000,3000,"fast","control_informative",0.05,6,0.01,"","mtada_aggregated","trait1","bfdr_power",0.01,0.32
20260821,9,500,15,3000,3000,3000,3000,"fast","control_informative",0.05,6,0.01,"","mtada_aggregated","trait1","bfdr_discoveries",0.01,49
20260821,9,500,15,3000,3000,3000,3000,"fast","control_informative",0.05,6,0.01,"","mtada_aggregated","trait1","bfdr_observed_fdp",0.05,0.852459016393443
20260821,9,500,15,3000,3000,3000,3000,"fast","control_informative",0.05,6,0.01,"","mtada_aggregated","trait1","bfdr_estimate",0.05,0.0478830635036482
20260821,9,500,15,3000,3000,3000,3000,"fast","control_informative",0.05,6,0.01,"","mtada_aggregated","trait1","bfdr_power",0.05,0.36
20260821,9,500,15,3000,3000,3000,3000,"fast","control_informative",0.05,6,0.01,"","mtada_aggregated","trait1","bfdr_discoveries",0.05,61
20260821,9,500,15,3000,3000,3000,3000,"fast","control_informative",0.05,6,0.01,"","mtada_aggregated","trait1","bfdr_observed_fdp",0.1,0.865671641791045
20260821,9,500,15,3000,3000,3000,3000,"fast","control_informative",0.05,6,0.01,"","mtada_aggregated","trait1","bfdr_estimate",0.1,0.0926576720130305
20260821,9,500,15,3000,3000,3000,3000,"fast","control_informative",0.05,6,0.01,"","mtada_aggregated","trait1","bfdr_power",0.1,0.36
20260821,9,500,15,3000,3000,3000,3000,"fast","control_informative",0.05,6,0.01,"","mtada_aggregated","trait1","bfdr_discoveries",0.1,67
20260821,9,500,15,3000,3000,3000,3000,"fast","control_informative",0.05,6,0.01,"","mtada_aggregated","trait1","bfdr_observed_fdp",0.2,0.886075949367089
20260821,9,500,15,3000,3000,3000,3000,"fast","control_informative",0.05,6,0.01,"","mtada_aggregated","trait1","bfdr_estimate",0.2,0.19721101939326
20260821,9,500,15,3000,3000,3000,3000,"fast","control_informative",0.05,6,0.01,"","mtada_aggregated","trait1","bfdr_power",0.2,0.36
20260821,9,500,15,3000,3000,3000,3000,"fast","control_informative",0.05,6,0.01,"","mtada_aggregated","trait1","bfdr_discoveries",0.2,79
20260821,9,500,15,3000,3000,3000,3000,"fast","control_informative",0.05,6,0.01,"","mtada_aggregated","trait2","bfdr_observed_fdp",0.01,0.909090909090909
20260821,9,500,15,3000,3000,3000,3000,"fast","control_informative",0.05,6,0.01,"","mtada_aggregated","trait2","bfdr_estimate",0.01,0.00992697386542145
20260821,9,500,15,3000,3000,3000,3000,"fast","control_informative",0.05,6,0.01,"","mtada_aggregated","trait2","bfdr_power",0.01,0.4
20260821,9,500,15,3000,3000,3000,3000,"fast","control_informative",0.05,6,0.01,"","mtada_aggregated","trait2","bfdr_discoveries",0.01,44
20260821,9,500,15,3000,3000,3000,3000,"fast","control_informative",0.05,6,0.01,"","mtada_aggregated","trait2","bfdr_observed_fdp",0.05,0.903846153846154
20260821,9,500,15,3000,3000,3000,3000,"fast","control_informative",0.05,6,0.01,"","mtada_aggregated","trait2","bfdr_estimate",0.05,0.0477612329930523
20260821,9,500,15,3000,3000,3000,3000,"fast","control_informative",0.05,6,0.01,"","mtada_aggregated","trait2","bfdr_power",0.05,0.5
20260821,9,500,15,3000,3000,3000,3000,"fast","control_informative",0.05,6,0.01,"","mtada_aggregated","trait2","bfdr_discoveries",0.05,52
20260821,9,500,15,3000,3000,3000,3000,"fast","control_informative",0.05,6,0.01,"","mtada_aggregated","trait2","bfdr_observed_fdp",0.1,0.9
20260821,9,500,15,3000,3000,3000,3000,"fast","control_informative",0.05,6,0.01,"","mtada_aggregated","trait2","bfdr_estimate",0.1,0.0998527234673163
20260821,9,500,15,3000,3000,3000,3000,"fast","control_informative",0.05,6,0.01,"","mtada_aggregated","trait2","bfdr_power",0.1,0.6
20260821,9,500,15,3000,3000,3000,3000,"fast","control_informative",0.05,6,0.01,"","mtada_aggregated","trait2","bfdr_discoveries",0.1,60
20260821,9,500,15,3000,3000,3000,3000,"fast","control_informative",0.05,6,0.01,"","mtada_aggregated","trait2","bfdr_observed_fdp",0.2,0.917808219178082
20260821,9,500,15,3000,3000,3000,3000,"fast","control_informative",0.05,6,0.01,"","mtada_aggregated","trait2","bfdr_estimate",0.2,0.198653936815427
20260821,9,500,15,3000,3000,3000,3000,"fast","control_informative",0.05,6,0.01,"","mtada_aggregated","trait2","bfdr_power",0.2,0.6
20260821,9,500,15,3000,3000,3000,3000,"fast","control_informative",0.05,6,0.01,"","mtada_aggregated","trait2","bfdr_discoveries",0.2,73
20260821,9,500,15,3000,3000,3000,3000,"fast","control_informative",0.05,6,0.01,"","mtada_aggregated","pleiotropy","bfdr_observed_fdp",0.01,0.5
20260821,9,500,15,3000,3000,3000,3000,"fast","control_informative",0.05,6,0.01,"","mtada_aggregated","pleiotropy","bfdr_estimate",0.01,0.000103060951117284
20260821,9,500,15,3000,3000,3000,3000,"fast","control_informative",0.05,6,0.01,"","mtada_aggregated","pleiotropy","bfdr_power",0.01,0.2
20260821,9,500,15,3000,3000,3000,3000,"fast","control_informative",0.05,6,0.01,"","mtada_aggregated","pleiotropy","bfdr_discoveries",0.01,2
20260821,9,500,15,3000,3000,3000,3000,"fast","control_informative",0.05,6,0.01,"","mtada_aggregated","pleiotropy","bfdr_observed_fdp",0.05,0.666666666666667
20260821,9,500,15,3000,3000,3000,3000,"fast","control_informative",0.05,6,0.01,"","mtada_aggregated","pleiotropy","bfdr_estimate",0.05,0.0166564357018145
20260821,9,500,15,3000,3000,3000,3000,"fast","control_informative",0.05,6,0.01,"","mtada_aggregated","pleiotropy","bfdr_power",0.05,0.2
20260821,9,500,15,3000,3000,3000,3000,"fast","control_informative",0.05,6,0.01,"","mtada_aggregated","pleiotropy","bfdr_discoveries",0.05,3
20260821,9,500,15,3000,3000,3000,3000,"fast","control_informative",0.05,6,0.01,"","mtada_aggregated","pleiotropy","bfdr_observed_fdp",0.1,0.666666666666667
20260821,9,500,15,3000,3000,3000,3000,"fast","control_informative",0.05,6,0.01,"","mtada_aggregated","pleiotropy","bfdr_estimate",0.1,0.0166564357018145
20260821,9,500,15,3000,3000,3000,3000,"fast","control_informative",0.05,6,0.01,"","mtada_aggregated","pleiotropy","bfdr_power",0.1,0.2
20260821,9,500,15,3000,3000,3000,3000,"fast","control_informative",0.05,6,0.01,"","mtada_aggregated","pleiotropy","bfdr_discoveries",0.1,3
20260821,9,500,15,3000,3000,3000,3000,"fast","control_informative",0.05,6,0.01,"","mtada_aggregated","pleiotropy","bfdr_observed_fdp",0.2,0.8
20260821,9,500,15,3000,3000,3000,3000,"fast","control_informative",0.05,6,0.01,"","mtada_aggregated","pleiotropy","bfdr_estimate",0.2,0.166055987484107
20260821,9,500,15,3000,3000,3000,3000,"fast","control_informative",0.05,6,0.01,"","mtada_aggregated","pleiotropy","bfdr_power",0.2,0.2
20260821,9,500,15,3000,3000,3000,3000,"fast","control_informative",0.05,6,0.01,"","mtada_aggregated","pleiotropy","bfdr_discoveries",0.2,5
20260821,9,500,15,3000,3000,3000,3000,"fast","control_informative",0.05,6,0.01,"","mtada_aggregated","global","runtime_seconds",NA,0.812000000000012
20260821,9,500,15,3000,3000,3000,3000,"fast","control_informative",0.05,6,0.01,"","mtada_aggregated","pleiotropy","pi11_estimate",NA,0.00133834
20260822,10,500,15,3000,3000,3000,3000,"fast","control_informative",0.05,6,0.01,"","mirage_joint","trait1","auc",NA,0.662905263157895
20260822,10,500,15,3000,3000,3000,3000,"fast","control_informative",0.05,6,0.01,"","mirage_joint","trait2","auc",NA,0.823061224489796
20260822,10,500,15,3000,3000,3000,3000,"fast","control_informative",0.05,6,0.01,"","mirage_joint","pleiotropy","auc",NA,0.894949494949495
20260822,10,500,15,3000,3000,3000,3000,"fast","control_informative",0.05,6,0.01,"","mirage_joint","trait1","pp08_power",0.8,0.24
20260822,10,500,15,3000,3000,3000,3000,"fast","control_informative",0.05,6,0.01,"","mirage_joint","trait1","pp08_fdp",0.8,0
20260822,10,500,15,3000,3000,3000,3000,"fast","control_informative",0.05,6,0.01,"","mirage_joint","trait1","pp08_discoveries",0.8,6
20260822,10,500,15,3000,3000,3000,3000,"fast","control_informative",0.05,6,0.01,"","mirage_joint","trait2","pp08_power",0.8,0.4
20260822,10,500,15,3000,3000,3000,3000,"fast","control_informative",0.05,6,0.01,"","mirage_joint","trait2","pp08_fdp",0.8,0
20260822,10,500,15,3000,3000,3000,3000,"fast","control_informative",0.05,6,0.01,"","mirage_joint","trait2","pp08_discoveries",0.8,4
20260822,10,500,15,3000,3000,3000,3000,"fast","control_informative",0.05,6,0.01,"","mirage_joint","pleiotropy","pp08_power",0.8,0.2
20260822,10,500,15,3000,3000,3000,3000,"fast","control_informative",0.05,6,0.01,"","mirage_joint","pleiotropy","pp08_fdp",0.8,0
20260822,10,500,15,3000,3000,3000,3000,"fast","control_informative",0.05,6,0.01,"","mirage_joint","pleiotropy","pp08_discoveries",0.8,1
20260822,10,500,15,3000,3000,3000,3000,"fast","control_informative",0.05,6,0.01,"","mirage_joint","trait1","bfdr_observed_fdp",0.01,0
20260822,10,500,15,3000,3000,3000,3000,"fast","control_informative",0.05,6,0.01,"","mirage_joint","trait1","bfdr_estimate",0.01,0.00156172323628487
20260822,10,500,15,3000,3000,3000,3000,"fast","control_informative",0.05,6,0.01,"","mirage_joint","trait1","bfdr_power",0.01,0.16
20260822,10,500,15,3000,3000,3000,3000,"fast","control_informative",0.05,6,0.01,"","mirage_joint","trait1","bfdr_discoveries",0.01,4
20260822,10,500,15,3000,3000,3000,3000,"fast","control_informative",0.05,6,0.01,"","mirage_joint","trait1","bfdr_observed_fdp",0.05,0
20260822,10,500,15,3000,3000,3000,3000,"fast","control_informative",0.05,6,0.01,"","mirage_joint","trait1","bfdr_estimate",0.05,0.0332651980195146
20260822,10,500,15,3000,3000,3000,3000,"fast","control_informative",0.05,6,0.01,"","mirage_joint","trait1","bfdr_power",0.05,0.24
20260822,10,500,15,3000,3000,3000,3000,"fast","control_informative",0.05,6,0.01,"","mirage_joint","trait1","bfdr_discoveries",0.05,6
20260822,10,500,15,3000,3000,3000,3000,"fast","control_informative",0.05,6,0.01,"","mirage_joint","trait1","bfdr_observed_fdp",0.1,0
20260822,10,500,15,3000,3000,3000,3000,"fast","control_informative",0.05,6,0.01,"","mirage_joint","trait1","bfdr_estimate",0.1,0.073131363604148
20260822,10,500,15,3000,3000,3000,3000,"fast","control_informative",0.05,6,0.01,"","mirage_joint","trait1","bfdr_power",0.1,0.28
20260822,10,500,15,3000,3000,3000,3000,"fast","control_informative",0.05,6,0.01,"","mirage_joint","trait1","bfdr_discoveries",0.1,7
20260822,10,500,15,3000,3000,3000,3000,"fast","control_informative",0.05,6,0.01,"","mirage_joint","trait1","bfdr_observed_fdp",0.2,0.363636363636364
20260822,10,500,15,3000,3000,3000,3000,"fast","control_informative",0.05,6,0.01,"","mirage_joint","trait1","bfdr_estimate",0.2,0.178206946106578
20260822,10,500,15,3000,3000,3000,3000,"fast","control_informative",0.05,6,0.01,"","mirage_joint","trait1","bfdr_power",0.2,0.28
20260822,10,500,15,3000,3000,3000,3000,"fast","control_informative",0.05,6,0.01,"","mirage_joint","trait1","bfdr_discoveries",0.2,11
20260822,10,500,15,3000,3000,3000,3000,"fast","control_informative",0.05,6,0.01,"","mirage_joint","trait2","bfdr_observed_fdp",0.01,0
20260822,10,500,15,3000,3000,3000,3000,"fast","control_informative",0.05,6,0.01,"","mirage_joint","trait2","bfdr_estimate",0.01,0.00124688723071281
20260822,10,500,15,3000,3000,3000,3000,"fast","control_informative",0.05,6,0.01,"","mirage_joint","trait2","bfdr_power",0.01,0.4
20260822,10,500,15,3000,3000,3000,3000,"fast","control_informative",0.05,6,0.01,"","mirage_joint","trait2","bfdr_discoveries",0.01,4
20260822,10,500,15,3000,3000,3000,3000,"fast","control_informative",0.05,6,0.01,"","mirage_joint","trait2","bfdr_observed_fdp",0.05,0
20260822,10,500,15,3000,3000,3000,3000,"fast","control_informative",0.05,6,0.01,"","mirage_joint","trait2","bfdr_estimate",0.05,0.00124688723071281
20260822,10,500,15,3000,3000,3000,3000,"fast","control_informative",0.05,6,0.01,"","mirage_joint","trait2","bfdr_power",0.05,0.4
20260822,10,500,15,3000,3000,3000,3000,"fast","control_informative",0.05,6,0.01,"","mirage_joint","trait2","bfdr_discoveries",0.05,4
20260822,10,500,15,3000,3000,3000,3000,"fast","control_informative",0.05,6,0.01,"","mirage_joint","trait2","bfdr_observed_fdp",0.1,0
20260822,10,500,15,3000,3000,3000,3000,"fast","control_informative",0.05,6,0.01,"","mirage_joint","trait2","bfdr_estimate",0.1,0.0593128842004278
20260822,10,500,15,3000,3000,3000,3000,"fast","control_informative",0.05,6,0.01,"","mirage_joint","trait2","bfdr_power",0.1,0.5
20260822,10,500,15,3000,3000,3000,3000,"fast","control_informative",0.05,6,0.01,"","mirage_joint","trait2","bfdr_discoveries",0.1,5
20260822,10,500,15,3000,3000,3000,3000,"fast","control_informative",0.05,6,0.01,"","mirage_joint","trait2","bfdr_observed_fdp",0.2,0.142857142857143
20260822,10,500,15,3000,3000,3000,3000,"fast","control_informative",0.05,6,0.01,"","mirage_joint","trait2","bfdr_estimate",0.2,0.144439498685655
20260822,10,500,15,3000,3000,3000,3000,"fast","control_informative",0.05,6,0.01,"","mirage_joint","trait2","bfdr_power",0.2,0.6
20260822,10,500,15,3000,3000,3000,3000,"fast","control_informative",0.05,6,0.01,"","mirage_joint","trait2","bfdr_discoveries",0.2,7
20260822,10,500,15,3000,3000,3000,3000,"fast","control_informative",0.05,6,0.01,"","mirage_joint","pleiotropy","bfdr_observed_fdp",0.01,0
20260822,10,500,15,3000,3000,3000,3000,"fast","control_informative",0.05,6,0.01,"","mirage_joint","pleiotropy","bfdr_estimate",0.01,0
20260822,10,500,15,3000,3000,3000,3000,"fast","control_informative",0.05,6,0.01,"","mirage_joint","pleiotropy","bfdr_power",0.01,0
20260822,10,500,15,3000,3000,3000,3000,"fast","control_informative",0.05,6,0.01,"","mirage_joint","pleiotropy","bfdr_discoveries",0.01,0
20260822,10,500,15,3000,3000,3000,3000,"fast","control_informative",0.05,6,0.01,"","mirage_joint","pleiotropy","bfdr_observed_fdp",0.05,0
20260822,10,500,15,3000,3000,3000,3000,"fast","control_informative",0.05,6,0.01,"","mirage_joint","pleiotropy","bfdr_estimate",0.05,0
20260822,10,500,15,3000,3000,3000,3000,"fast","control_informative",0.05,6,0.01,"","mirage_joint","pleiotropy","bfdr_power",0.05,0
20260822,10,500,15,3000,3000,3000,3000,"fast","control_informative",0.05,6,0.01,"","mirage_joint","pleiotropy","bfdr_discoveries",0.05,0
20260822,10,500,15,3000,3000,3000,3000,"fast","control_informative",0.05,6,0.01,"","mirage_joint","pleiotropy","bfdr_observed_fdp",0.1,0
20260822,10,500,15,3000,3000,3000,3000,"fast","control_informative",0.05,6,0.01,"","mirage_joint","pleiotropy","bfdr_estimate",0.1,0.0943947557381286
20260822,10,500,15,3000,3000,3000,3000,"fast","control_informative",0.05,6,0.01,"","mirage_joint","pleiotropy","bfdr_power",0.1,0.2
20260822,10,500,15,3000,3000,3000,3000,"fast","control_informative",0.05,6,0.01,"","mirage_joint","pleiotropy","bfdr_discoveries",0.1,1
20260822,10,500,15,3000,3000,3000,3000,"fast","control_informative",0.05,6,0.01,"","mirage_joint","pleiotropy","bfdr_observed_fdp",0.2,0
20260822,10,500,15,3000,3000,3000,3000,"fast","control_informative",0.05,6,0.01,"","mirage_joint","pleiotropy","bfdr_estimate",0.2,0.0943947557381286
20260822,10,500,15,3000,3000,3000,3000,"fast","control_informative",0.05,6,0.01,"","mirage_joint","pleiotropy","bfdr_power",0.2,0.2
20260822,10,500,15,3000,3000,3000,3000,"fast","control_informative",0.05,6,0.01,"","mirage_joint","pleiotropy","bfdr_discoveries",0.2,1
20260822,10,500,15,3000,3000,3000,3000,"fast","control_informative",0.05,6,0.01,"","mirage_joint","global","runtime_seconds",NA,17.876
20260822,10,500,15,3000,3000,3000,3000,"fast","control_informative",0.05,6,0.01,"","mirage_joint","pleiotropy","pi11_estimate",NA,0.0153440043611378
20260822,10,500,15,3000,3000,3000,3000,"fast","control_informative",0.05,6,0.01,"","separate_mirage","trait1","auc",NA,0.622821052631579
20260822,10,500,15,3000,3000,3000,3000,"fast","control_informative",0.05,6,0.01,"","separate_mirage","trait2","auc",NA,0.824897959183673
20260822,10,500,15,3000,3000,3000,3000,"fast","control_informative",0.05,6,0.01,"","separate_mirage","pleiotropy","auc",NA,0.894141414141414
20260822,10,500,15,3000,3000,3000,3000,"fast","control_informative",0.05,6,0.01,"","separate_mirage","trait1","pp08_power",0.8,0.2
20260822,10,500,15,3000,3000,3000,3000,"fast","control_informative",0.05,6,0.01,"","separate_mirage","trait1","pp08_fdp",0.8,0
20260822,10,500,15,3000,3000,3000,3000,"fast","control_informative",0.05,6,0.01,"","separate_mirage","trait1","pp08_discoveries",0.8,5
20260822,10,500,15,3000,3000,3000,3000,"fast","control_informative",0.05,6,0.01,"","separate_mirage","trait2","pp08_power",0.8,0.4
20260822,10,500,15,3000,3000,3000,3000,"fast","control_informative",0.05,6,0.01,"","separate_mirage","trait2","pp08_fdp",0.8,0
20260822,10,500,15,3000,3000,3000,3000,"fast","control_informative",0.05,6,0.01,"","separate_mirage","trait2","pp08_discoveries",0.8,4
20260822,10,500,15,3000,3000,3000,3000,"fast","control_informative",0.05,6,0.01,"","separate_mirage","pleiotropy","pp08_power",0.8,0
20260822,10,500,15,3000,3000,3000,3000,"fast","control_informative",0.05,6,0.01,"","separate_mirage","pleiotropy","pp08_fdp",0.8,0
20260822,10,500,15,3000,3000,3000,3000,"fast","control_informative",0.05,6,0.01,"","separate_mirage","pleiotropy","pp08_discoveries",0.8,0
20260822,10,500,15,3000,3000,3000,3000,"fast","control_informative",0.05,6,0.01,"","separate_mirage","trait1","bfdr_observed_fdp",0.01,0
20260822,10,500,15,3000,3000,3000,3000,"fast","control_informative",0.05,6,0.01,"","separate_mirage","trait1","bfdr_estimate",0.01,0.00240338316766203
20260822,10,500,15,3000,3000,3000,3000,"fast","control_informative",0.05,6,0.01,"","separate_mirage","trait1","bfdr_power",0.01,0.16
20260822,10,500,15,3000,3000,3000,3000,"fast","control_informative",0.05,6,0.01,"","separate_mirage","trait1","bfdr_discoveries",0.01,4
20260822,10,500,15,3000,3000,3000,3000,"fast","control_informative",0.05,6,0.01,"","separate_mirage","trait1","bfdr_observed_fdp",0.05,0
20260822,10,500,15,3000,3000,3000,3000,"fast","control_informative",0.05,6,0.01,"","separate_mirage","trait1","bfdr_estimate",0.05,0.0354816243077227
20260822,10,500,15,3000,3000,3000,3000,"fast","control_informative",0.05,6,0.01,"","separate_mirage","trait1","bfdr_power",0.05,0.2
20260822,10,500,15,3000,3000,3000,3000,"fast","control_informative",0.05,6,0.01,"","separate_mirage","trait1","bfdr_discoveries",0.05,5
20260822,10,500,15,3000,3000,3000,3000,"fast","control_informative",0.05,6,0.01,"","separate_mirage","trait1","bfdr_observed_fdp",0.1,0.142857142857143
20260822,10,500,15,3000,3000,3000,3000,"fast","control_informative",0.05,6,0.01,"","separate_mirage","trait1","bfdr_estimate",0.1,0.0966693724744424
20260822,10,500,15,3000,3000,3000,3000,"fast","control_informative",0.05,6,0.01,"","separate_mirage","trait1","bfdr_power",0.1,0.24
20260822,10,500,15,3000,3000,3000,3000,"fast","control_informative",0.05,6,0.01,"","separate_mirage","trait1","bfdr_discoveries",0.1,7
20260822,10,500,15,3000,3000,3000,3000,"fast","control_informative",0.05,6,0.01,"","separate_mirage","trait1","bfdr_observed_fdp",0.2,0.363636363636364
20260822,10,500,15,3000,3000,3000,3000,"fast","control_informative",0.05,6,0.01,"","separate_mirage","trait1","bfdr_estimate",0.2,0.199530518683349
20260822,10,500,15,3000,3000,3000,3000,"fast","control_informative",0.05,6,0.01,"","separate_mirage","trait1","bfdr_power",0.2,0.28
20260822,10,500,15,3000,3000,3000,3000,"fast","control_informative",0.05,6,0.01,"","separate_mirage","trait1","bfdr_discoveries",0.2,11
20260822,10,500,15,3000,3000,3000,3000,"fast","control_informative",0.05,6,0.01,"","separate_mirage","trait2","bfdr_observed_fdp",0.01,0
20260822,10,500,15,3000,3000,3000,3000,"fast","control_informative",0.05,6,0.01,"","separate_mirage","trait2","bfdr_estimate",0.01,0.00549969748567203
20260822,10,500,15,3000,3000,3000,3000,"fast","control_informative",0.05,6,0.01,"","separate_mirage","trait2","bfdr_power",0.01,0.4
20260822,10,500,15,3000,3000,3000,3000,"fast","control_informative",0.05,6,0.01,"","separate_mirage","trait2","bfdr_discoveries",0.01,4
20260822,10,500,15,3000,3000,3000,3000,"fast","control_informative",0.05,6,0.01,"","separate_mirage","trait2","bfdr_observed_fdp",0.05,0
20260822,10,500,15,3000,3000,3000,3000,"fast","control_informative",0.05,6,0.01,"","separate_mirage","trait2","bfdr_estimate",0.05,0.00549969748567203
20260822,10,500,15,3000,3000,3000,3000,"fast","control_informative",0.05,6,0.01,"","separate_mirage","trait2","bfdr_power",0.05,0.4
20260822,10,500,15,3000,3000,3000,3000,"fast","control_informative",0.05,6,0.01,"","separate_mirage","trait2","bfdr_discoveries",0.05,4
20260822,10,500,15,3000,3000,3000,3000,"fast","control_informative",0.05,6,0.01,"","separate_mirage","trait2","bfdr_observed_fdp",0.1,0
20260822,10,500,15,3000,3000,3000,3000,"fast","control_informative",0.05,6,0.01,"","separate_mirage","trait2","bfdr_estimate",0.1,0.00549969748567203
20260822,10,500,15,3000,3000,3000,3000,"fast","control_informative",0.05,6,0.01,"","separate_mirage","trait2","bfdr_power",0.1,0.4
20260822,10,500,15,3000,3000,3000,3000,"fast","control_informative",0.05,6,0.01,"","separate_mirage","trait2","bfdr_discoveries",0.1,4
20260822,10,500,15,3000,3000,3000,3000,"fast","control_informative",0.05,6,0.01,"","separate_mirage","trait2","bfdr_observed_fdp",0.2,0
20260822,10,500,15,3000,3000,3000,3000,"fast","control_informative",0.05,6,0.01,"","separate_mirage","trait2","bfdr_estimate",0.2,0.193514221410736
20260822,10,500,15,3000,3000,3000,3000,"fast","control_informative",0.05,6,0.01,"","separate_mirage","trait2","bfdr_power",0.2,0.6
20260822,10,500,15,3000,3000,3000,3000,"fast","control_informative",0.05,6,0.01,"","separate_mirage","trait2","bfdr_discoveries",0.2,6
20260822,10,500,15,3000,3000,3000,3000,"fast","control_informative",0.05,6,0.01,"","separate_mirage","pleiotropy","bfdr_observed_fdp",0.01,0
20260822,10,500,15,3000,3000,3000,3000,"fast","control_informative",0.05,6,0.01,"","separate_mirage","pleiotropy","bfdr_estimate",0.01,0
20260822,10,500,15,3000,3000,3000,3000,"fast","control_informative",0.05,6,0.01,"","separate_mirage","pleiotropy","bfdr_power",0.01,0
20260822,10,500,15,3000,3000,3000,3000,"fast","control_informative",0.05,6,0.01,"","separate_mirage","pleiotropy","bfdr_discoveries",0.01,0
20260822,10,500,15,3000,3000,3000,3000,"fast","control_informative",0.05,6,0.01,"","separate_mirage","pleiotropy","bfdr_observed_fdp",0.05,0
20260822,10,500,15,3000,3000,3000,3000,"fast","control_informative",0.05,6,0.01,"","separate_mirage","pleiotropy","bfdr_estimate",0.05,0
20260822,10,500,15,3000,3000,3000,3000,"fast","control_informative",0.05,6,0.01,"","separate_mirage","pleiotropy","bfdr_power",0.05,0
20260822,10,500,15,3000,3000,3000,3000,"fast","control_informative",0.05,6,0.01,"","separate_mirage","pleiotropy","bfdr_discoveries",0.05,0
20260822,10,500,15,3000,3000,3000,3000,"fast","control_informative",0.05,6,0.01,"","separate_mirage","pleiotropy","bfdr_observed_fdp",0.1,0
20260822,10,500,15,3000,3000,3000,3000,"fast","control_informative",0.05,6,0.01,"","separate_mirage","pleiotropy","bfdr_estimate",0.1,0
20260822,10,500,15,3000,3000,3000,3000,"fast","control_informative",0.05,6,0.01,"","separate_mirage","pleiotropy","bfdr_power",0.1,0
20260822,10,500,15,3000,3000,3000,3000,"fast","control_informative",0.05,6,0.01,"","separate_mirage","pleiotropy","bfdr_discoveries",0.1,0
20260822,10,500,15,3000,3000,3000,3000,"fast","control_informative",0.05,6,0.01,"","separate_mirage","pleiotropy","bfdr_observed_fdp",0.2,0
20260822,10,500,15,3000,3000,3000,3000,"fast","control_informative",0.05,6,0.01,"","separate_mirage","pleiotropy","bfdr_estimate",0.2,0
20260822,10,500,15,3000,3000,3000,3000,"fast","control_informative",0.05,6,0.01,"","separate_mirage","pleiotropy","bfdr_power",0.2,0
20260822,10,500,15,3000,3000,3000,3000,"fast","control_informative",0.05,6,0.01,"","separate_mirage","pleiotropy","bfdr_discoveries",0.2,0
20260822,10,500,15,3000,3000,3000,3000,"fast","control_informative",0.05,6,0.01,"","separate_mirage","global","runtime_seconds",NA,17.937
20260822,10,500,15,3000,3000,3000,3000,"fast","control_informative",0.05,6,0.01,"","separate_mirage","pleiotropy","pi11_estimate",NA,0.001
20260822,10,500,15,3000,3000,3000,3000,"fast","control_informative",0.05,6,0.01,"","mtada_aggregated","trait1","auc",NA,0.659031578947368
20260822,10,500,15,3000,3000,3000,3000,"fast","control_informative",0.05,6,0.01,"","mtada_aggregated","trait2","auc",NA,0.77765306122449
20260822,10,500,15,3000,3000,3000,3000,"fast","control_informative",0.05,6,0.01,"","mtada_aggregated","pleiotropy","auc",NA,0.703838383838384
20260822,10,500,15,3000,3000,3000,3000,"fast","control_informative",0.05,6,0.01,"","mtada_aggregated","trait1","pp08_power",0.8,0.32
20260822,10,500,15,3000,3000,3000,3000,"fast","control_informative",0.05,6,0.01,"","mtada_aggregated","trait1","pp08_fdp",0.8,0.818181818181818
20260822,10,500,15,3000,3000,3000,3000,"fast","control_informative",0.05,6,0.01,"","mtada_aggregated","trait1","pp08_discoveries",0.8,44
20260822,10,500,15,3000,3000,3000,3000,"fast","control_informative",0.05,6,0.01,"","mtada_aggregated","trait2","pp08_power",0.8,0.6
20260822,10,500,15,3000,3000,3000,3000,"fast","control_informative",0.05,6,0.01,"","mtada_aggregated","trait2","pp08_fdp",0.8,0.88235294117647
20260822,10,500,15,3000,3000,3000,3000,"fast","control_informative",0.05,6,0.01,"","mtada_aggregated","trait2","pp08_discoveries",0.8,51
20260822,10,500,15,3000,3000,3000,3000,"fast","control_informative",0.05,6,0.01,"","mtada_aggregated","pleiotropy","pp08_power",0.8,0.2
20260822,10,500,15,3000,3000,3000,3000,"fast","control_informative",0.05,6,0.01,"","mtada_aggregated","pleiotropy","pp08_fdp",0.8,0.8
20260822,10,500,15,3000,3000,3000,3000,"fast","control_informative",0.05,6,0.01,"","mtada_aggregated","pleiotropy","pp08_discoveries",0.8,5
20260822,10,500,15,3000,3000,3000,3000,"fast","control_informative",0.05,6,0.01,"","mtada_aggregated","trait1","bfdr_observed_fdp",0.01,0.8
20260822,10,500,15,3000,3000,3000,3000,"fast","control_informative",0.05,6,0.01,"","mtada_aggregated","trait1","bfdr_estimate",0.01,0.00878503171646206
20260822,10,500,15,3000,3000,3000,3000,"fast","control_informative",0.05,6,0.01,"","mtada_aggregated","trait1","bfdr_power",0.01,0.32
20260822,10,500,15,3000,3000,3000,3000,"fast","control_informative",0.05,6,0.01,"","mtada_aggregated","trait1","bfdr_discoveries",0.01,40
20260822,10,500,15,3000,3000,3000,3000,"fast","control_informative",0.05,6,0.01,"","mtada_aggregated","trait1","bfdr_observed_fdp",0.05,0.816326530612245
20260822,10,500,15,3000,3000,3000,3000,"fast","control_informative",0.05,6,0.01,"","mtada_aggregated","trait1","bfdr_estimate",0.05,0.0499784410152876
20260822,10,500,15,3000,3000,3000,3000,"fast","control_informative",0.05,6,0.01,"","mtada_aggregated","trait1","bfdr_power",0.05,0.36
20260822,10,500,15,3000,3000,3000,3000,"fast","control_informative",0.05,6,0.01,"","mtada_aggregated","trait1","bfdr_discoveries",0.05,49
20260822,10,500,15,3000,3000,3000,3000,"fast","control_informative",0.05,6,0.01,"","mtada_aggregated","trait1","bfdr_observed_fdp",0.1,0.814814814814815
20260822,10,500,15,3000,3000,3000,3000,"fast","control_informative",0.05,6,0.01,"","mtada_aggregated","trait1","bfdr_estimate",0.1,0.0994201205303931
20260822,10,500,15,3000,3000,3000,3000,"fast","control_informative",0.05,6,0.01,"","mtada_aggregated","trait1","bfdr_power",0.1,0.4
20260822,10,500,15,3000,3000,3000,3000,"fast","control_informative",0.05,6,0.01,"","mtada_aggregated","trait1","bfdr_discoveries",0.1,54
20260822,10,500,15,3000,3000,3000,3000,"fast","control_informative",0.05,6,0.01,"","mtada_aggregated","trait1","bfdr_observed_fdp",0.2,0.825396825396825
20260822,10,500,15,3000,3000,3000,3000,"fast","control_informative",0.05,6,0.01,"","mtada_aggregated","trait1","bfdr_estimate",0.2,0.190719871186789
20260822,10,500,15,3000,3000,3000,3000,"fast","control_informative",0.05,6,0.01,"","mtada_aggregated","trait1","bfdr_power",0.2,0.44
20260822,10,500,15,3000,3000,3000,3000,"fast","control_informative",0.05,6,0.01,"","mtada_aggregated","trait1","bfdr_discoveries",0.2,63
20260822,10,500,15,3000,3000,3000,3000,"fast","control_informative",0.05,6,0.01,"","mtada_aggregated","trait2","bfdr_observed_fdp",0.01,0.875
20260822,10,500,15,3000,3000,3000,3000,"fast","control_informative",0.05,6,0.01,"","mtada_aggregated","trait2","bfdr_estimate",0.01,0.00799960972341086
20260822,10,500,15,3000,3000,3000,3000,"fast","control_informative",0.05,6,0.01,"","mtada_aggregated","trait2","bfdr_power",0.01,0.6
20260822,10,500,15,3000,3000,3000,3000,"fast","control_informative",0.05,6,0.01,"","mtada_aggregated","trait2","bfdr_discoveries",0.01,48
20260822,10,500,15,3000,3000,3000,3000,"fast","control_informative",0.05,6,0.01,"","mtada_aggregated","trait2","bfdr_observed_fdp",0.05,0.894736842105263
20260822,10,500,15,3000,3000,3000,3000,"fast","control_informative",0.05,6,0.01,"","mtada_aggregated","trait2","bfdr_estimate",0.05,0.0440564596180528
20260822,10,500,15,3000,3000,3000,3000,"fast","control_informative",0.05,6,0.01,"","mtada_aggregated","trait2","bfdr_power",0.05,0.6
20260822,10,500,15,3000,3000,3000,3000,"fast","control_informative",0.05,6,0.01,"","mtada_aggregated","trait2","bfdr_discoveries",0.05,57
20260822,10,500,15,3000,3000,3000,3000,"fast","control_informative",0.05,6,0.01,"","mtada_aggregated","trait2","bfdr_observed_fdp",0.1,0.90625
20260822,10,500,15,3000,3000,3000,3000,"fast","control_informative",0.05,6,0.01,"","mtada_aggregated","trait2","bfdr_estimate",0.1,0.0940861035252734
20260822,10,500,15,3000,3000,3000,3000,"fast","control_informative",0.05,6,0.01,"","mtada_aggregated","trait2","bfdr_power",0.1,0.6
20260822,10,500,15,3000,3000,3000,3000,"fast","control_informative",0.05,6,0.01,"","mtada_aggregated","trait2","bfdr_discoveries",0.1,64
20260822,10,500,15,3000,3000,3000,3000,"fast","control_informative",0.05,6,0.01,"","mtada_aggregated","trait2","bfdr_observed_fdp",0.2,0.92
20260822,10,500,15,3000,3000,3000,3000,"fast","control_informative",0.05,6,0.01,"","mtada_aggregated","trait2","bfdr_estimate",0.2,0.198482714689842
20260822,10,500,15,3000,3000,3000,3000,"fast","control_informative",0.05,6,0.01,"","mtada_aggregated","trait2","bfdr_power",0.2,0.6
20260822,10,500,15,3000,3000,3000,3000,"fast","control_informative",0.05,6,0.01,"","mtada_aggregated","trait2","bfdr_discoveries",0.2,75
20260822,10,500,15,3000,3000,3000,3000,"fast","control_informative",0.05,6,0.01,"","mtada_aggregated","pleiotropy","bfdr_observed_fdp",0.01,0.75
20260822,10,500,15,3000,3000,3000,3000,"fast","control_informative",0.05,6,0.01,"","mtada_aggregated","pleiotropy","bfdr_estimate",0.01,0.00797884956738823
20260822,10,500,15,3000,3000,3000,3000,"fast","control_informative",0.05,6,0.01,"","mtada_aggregated","pleiotropy","bfdr_power",0.01,0.2
20260822,10,500,15,3000,3000,3000,3000,"fast","control_informative",0.05,6,0.01,"","mtada_aggregated","pleiotropy","bfdr_discoveries",0.01,4
20260822,10,500,15,3000,3000,3000,3000,"fast","control_informative",0.05,6,0.01,"","mtada_aggregated","pleiotropy","bfdr_observed_fdp",0.05,0.8
20260822,10,500,15,3000,3000,3000,3000,"fast","control_informative",0.05,6,0.01,"","mtada_aggregated","pleiotropy","bfdr_estimate",0.05,0.0206915925489937
20260822,10,500,15,3000,3000,3000,3000,"fast","control_informative",0.05,6,0.01,"","mtada_aggregated","pleiotropy","bfdr_power",0.05,0.2
20260822,10,500,15,3000,3000,3000,3000,"fast","control_informative",0.05,6,0.01,"","mtada_aggregated","pleiotropy","bfdr_discoveries",0.05,5
20260822,10,500,15,3000,3000,3000,3000,"fast","control_informative",0.05,6,0.01,"","mtada_aggregated","pleiotropy","bfdr_observed_fdp",0.1,0.875
20260822,10,500,15,3000,3000,3000,3000,"fast","control_informative",0.05,6,0.01,"","mtada_aggregated","pleiotropy","bfdr_estimate",0.1,0.0969172464739899
20260822,10,500,15,3000,3000,3000,3000,"fast","control_informative",0.05,6,0.01,"","mtada_aggregated","pleiotropy","bfdr_power",0.1,0.2
20260822,10,500,15,3000,3000,3000,3000,"fast","control_informative",0.05,6,0.01,"","mtada_aggregated","pleiotropy","bfdr_discoveries",0.1,8
20260822,10,500,15,3000,3000,3000,3000,"fast","control_informative",0.05,6,0.01,"","mtada_aggregated","pleiotropy","bfdr_observed_fdp",0.2,0.9
20260822,10,500,15,3000,3000,3000,3000,"fast","control_informative",0.05,6,0.01,"","mtada_aggregated","pleiotropy","bfdr_estimate",0.2,0.168515366827686
20260822,10,500,15,3000,3000,3000,3000,"fast","control_informative",0.05,6,0.01,"","mtada_aggregated","pleiotropy","bfdr_power",0.2,0.2
20260822,10,500,15,3000,3000,3000,3000,"fast","control_informative",0.05,6,0.01,"","mtada_aggregated","pleiotropy","bfdr_discoveries",0.2,10
20260822,10,500,15,3000,3000,3000,3000,"fast","control_informative",0.05,6,0.01,"","mtada_aggregated","global","runtime_seconds",NA,0.711999999999989
20260822,10,500,15,3000,3000,3000,3000,"fast","control_informative",0.05,6,0.01,"","mtada_aggregated","pleiotropy","pi11_estimate",NA,0.00133182
