"seed","replicate","n_genes","variants_per_gene","n_case1","n_control1","n_case2","n_control2","bf_mode","pi11_truth","mtada_error","method","target","metric","threshold","value"
20260813,1,500,15,3000,3000,3000,3000,"fast",0.01,"","mirage_joint","trait1","auc",NA,0.656673684210526
20260813,1,500,15,3000,3000,3000,3000,"fast",0.01,"","mirage_joint","trait2","auc",NA,0.649387755102041
20260813,1,500,15,3000,3000,3000,3000,"fast",0.01,"","mirage_joint","pleiotropy","auc",NA,0.541010101010101
20260813,1,500,15,3000,3000,3000,3000,"fast",0.01,"","mirage_joint","trait1","pp08_power",0.8,0.08
20260813,1,500,15,3000,3000,3000,3000,"fast",0.01,"","mirage_joint","trait1","pp08_fdp",0.8,0
20260813,1,500,15,3000,3000,3000,3000,"fast",0.01,"","mirage_joint","trait1","pp08_discoveries",0.8,2
20260813,1,500,15,3000,3000,3000,3000,"fast",0.01,"","mirage_joint","trait2","pp08_power",0.8,0.2
20260813,1,500,15,3000,3000,3000,3000,"fast",0.01,"","mirage_joint","trait2","pp08_fdp",0.8,0.6
20260813,1,500,15,3000,3000,3000,3000,"fast",0.01,"","mirage_joint","trait2","pp08_discoveries",0.8,5
20260813,1,500,15,3000,3000,3000,3000,"fast",0.01,"","mirage_joint","pleiotropy","pp08_power",0.8,0
20260813,1,500,15,3000,3000,3000,3000,"fast",0.01,"","mirage_joint","pleiotropy","pp08_fdp",0.8,1
20260813,1,500,15,3000,3000,3000,3000,"fast",0.01,"","mirage_joint","pleiotropy","pp08_discoveries",0.8,2
20260813,1,500,15,3000,3000,3000,3000,"fast",0.01,"","mirage_joint","trait1","bfdr_observed_fdp",0.01,0
20260813,1,500,15,3000,3000,3000,3000,"fast",0.01,"","mirage_joint","trait1","bfdr_estimate",0.01,6.50576788330248e-07
20260813,1,500,15,3000,3000,3000,3000,"fast",0.01,"","mirage_joint","trait1","bfdr_power",0.01,0.08
20260813,1,500,15,3000,3000,3000,3000,"fast",0.01,"","mirage_joint","trait1","bfdr_discoveries",0.01,2
20260813,1,500,15,3000,3000,3000,3000,"fast",0.01,"","mirage_joint","trait1","bfdr_observed_fdp",0.05,0
20260813,1,500,15,3000,3000,3000,3000,"fast",0.01,"","mirage_joint","trait1","bfdr_estimate",0.05,6.50576788330248e-07
20260813,1,500,15,3000,3000,3000,3000,"fast",0.01,"","mirage_joint","trait1","bfdr_power",0.05,0.08
20260813,1,500,15,3000,3000,3000,3000,"fast",0.01,"","mirage_joint","trait1","bfdr_discoveries",0.05,2
20260813,1,500,15,3000,3000,3000,3000,"fast",0.01,"","mirage_joint","trait1","bfdr_observed_fdp",0.1,0
20260813,1,500,15,3000,3000,3000,3000,"fast",0.01,"","mirage_joint","trait1","bfdr_estimate",0.1,6.50576788330248e-07
20260813,1,500,15,3000,3000,3000,3000,"fast",0.01,"","mirage_joint","trait1","bfdr_power",0.1,0.08
20260813,1,500,15,3000,3000,3000,3000,"fast",0.01,"","mirage_joint","trait1","bfdr_discoveries",0.1,2
20260813,1,500,15,3000,3000,3000,3000,"fast",0.01,"","mirage_joint","trait1","bfdr_observed_fdp",0.2,0.333333333333333
20260813,1,500,15,3000,3000,3000,3000,"fast",0.01,"","mirage_joint","trait1","bfdr_estimate",0.2,0.175397425726075
20260813,1,500,15,3000,3000,3000,3000,"fast",0.01,"","mirage_joint","trait1","bfdr_power",0.2,0.08
20260813,1,500,15,3000,3000,3000,3000,"fast",0.01,"","mirage_joint","trait1","bfdr_discoveries",0.2,3
20260813,1,500,15,3000,3000,3000,3000,"fast",0.01,"","mirage_joint","trait2","bfdr_observed_fdp",0.01,0
20260813,1,500,15,3000,3000,3000,3000,"fast",0.01,"","mirage_joint","trait2","bfdr_estimate",0.01,0
20260813,1,500,15,3000,3000,3000,3000,"fast",0.01,"","mirage_joint","trait2","bfdr_power",0.01,0
20260813,1,500,15,3000,3000,3000,3000,"fast",0.01,"","mirage_joint","trait2","bfdr_discoveries",0.01,0
20260813,1,500,15,3000,3000,3000,3000,"fast",0.01,"","mirage_joint","trait2","bfdr_observed_fdp",0.05,1
20260813,1,500,15,3000,3000,3000,3000,"fast",0.01,"","mirage_joint","trait2","bfdr_estimate",0.05,0.0407327795827102
20260813,1,500,15,3000,3000,3000,3000,"fast",0.01,"","mirage_joint","trait2","bfdr_power",0.05,0
20260813,1,500,15,3000,3000,3000,3000,"fast",0.01,"","mirage_joint","trait2","bfdr_discoveries",0.05,2
20260813,1,500,15,3000,3000,3000,3000,"fast",0.01,"","mirage_joint","trait2","bfdr_observed_fdp",0.1,0.666666666666667
20260813,1,500,15,3000,3000,3000,3000,"fast",0.01,"","mirage_joint","trait2","bfdr_estimate",0.1,0.0862598558198426
20260813,1,500,15,3000,3000,3000,3000,"fast",0.01,"","mirage_joint","trait2","bfdr_power",0.1,0.1
20260813,1,500,15,3000,3000,3000,3000,"fast",0.01,"","mirage_joint","trait2","bfdr_discoveries",0.1,3
20260813,1,500,15,3000,3000,3000,3000,"fast",0.01,"","mirage_joint","trait2","bfdr_observed_fdp",0.2,0.571428571428571
20260813,1,500,15,3000,3000,3000,3000,"fast",0.01,"","mirage_joint","trait2","bfdr_estimate",0.2,0.180359469838649
20260813,1,500,15,3000,3000,3000,3000,"fast",0.01,"","mirage_joint","trait2","bfdr_power",0.2,0.3
20260813,1,500,15,3000,3000,3000,3000,"fast",0.01,"","mirage_joint","trait2","bfdr_discoveries",0.2,7
20260813,1,500,15,3000,3000,3000,3000,"fast",0.01,"","mirage_joint","pleiotropy","bfdr_observed_fdp",0.01,0
20260813,1,500,15,3000,3000,3000,3000,"fast",0.01,"","mirage_joint","pleiotropy","bfdr_estimate",0.01,0
20260813,1,500,15,3000,3000,3000,3000,"fast",0.01,"","mirage_joint","pleiotropy","bfdr_power",0.01,0
20260813,1,500,15,3000,3000,3000,3000,"fast",0.01,"","mirage_joint","pleiotropy","bfdr_discoveries",0.01,0
20260813,1,500,15,3000,3000,3000,3000,"fast",0.01,"","mirage_joint","pleiotropy","bfdr_observed_fdp",0.05,1
20260813,1,500,15,3000,3000,3000,3000,"fast",0.01,"","mirage_joint","pleiotropy","bfdr_estimate",0.05,0.0407328610375162
20260813,1,500,15,3000,3000,3000,3000,"fast",0.01,"","mirage_joint","pleiotropy","bfdr_power",0.05,0
20260813,1,500,15,3000,3000,3000,3000,"fast",0.01,"","mirage_joint","pleiotropy","bfdr_discoveries",0.05,2
20260813,1,500,15,3000,3000,3000,3000,"fast",0.01,"","mirage_joint","pleiotropy","bfdr_observed_fdp",0.1,1
20260813,1,500,15,3000,3000,3000,3000,"fast",0.01,"","mirage_joint","pleiotropy","bfdr_estimate",0.1,0.0407328610375162
20260813,1,500,15,3000,3000,3000,3000,"fast",0.01,"","mirage_joint","pleiotropy","bfdr_power",0.1,0
20260813,1,500,15,3000,3000,3000,3000,"fast",0.01,"","mirage_joint","pleiotropy","bfdr_discoveries",0.1,2
20260813,1,500,15,3000,3000,3000,3000,"fast",0.01,"","mirage_joint","pleiotropy","bfdr_observed_fdp",0.2,1
20260813,1,500,15,3000,3000,3000,3000,"fast",0.01,"","mirage_joint","pleiotropy","bfdr_estimate",0.2,0.0407328610375162
20260813,1,500,15,3000,3000,3000,3000,"fast",0.01,"","mirage_joint","pleiotropy","bfdr_power",0.2,0
20260813,1,500,15,3000,3000,3000,3000,"fast",0.01,"","mirage_joint","pleiotropy","bfdr_discoveries",0.2,2
20260813,1,500,15,3000,3000,3000,3000,"fast",0.01,"","mirage_joint","global","runtime_seconds",NA,18.208
20260813,1,500,15,3000,3000,3000,3000,"fast",0.01,"","mirage_joint","pleiotropy","pi11_estimate",NA,0.0421573991873918
20260813,1,500,15,3000,3000,3000,3000,"fast",0.01,"","separate_mirage","trait1","auc",NA,0.675452631578947
20260813,1,500,15,3000,3000,3000,3000,"fast",0.01,"","separate_mirage","trait2","auc",NA,0.706938775510204
20260813,1,500,15,3000,3000,3000,3000,"fast",0.01,"","separate_mirage","pleiotropy","auc",NA,0.506666666666667
20260813,1,500,15,3000,3000,3000,3000,"fast",0.01,"","separate_mirage","trait1","pp08_power",0.8,0.08
20260813,1,500,15,3000,3000,3000,3000,"fast",0.01,"","separate_mirage","trait1","pp08_fdp",0.8,0
20260813,1,500,15,3000,3000,3000,3000,"fast",0.01,"","separate_mirage","trait1","pp08_discoveries",0.8,2
20260813,1,500,15,3000,3000,3000,3000,"fast",0.01,"","separate_mirage","trait2","pp08_power",0.8,0
20260813,1,500,15,3000,3000,3000,3000,"fast",0.01,"","separate_mirage","trait2","pp08_fdp",0.8,0
20260813,1,500,15,3000,3000,3000,3000,"fast",0.01,"","separate_mirage","trait2","pp08_discoveries",0.8,0
20260813,1,500,15,3000,3000,3000,3000,"fast",0.01,"","separate_mirage","pleiotropy","pp08_power",0.8,0
20260813,1,500,15,3000,3000,3000,3000,"fast",0.01,"","separate_mirage","pleiotropy","pp08_fdp",0.8,0
20260813,1,500,15,3000,3000,3000,3000,"fast",0.01,"","separate_mirage","pleiotropy","pp08_discoveries",0.8,0
20260813,1,500,15,3000,3000,3000,3000,"fast",0.01,"","separate_mirage","trait1","bfdr_observed_fdp",0.01,0
20260813,1,500,15,3000,3000,3000,3000,"fast",0.01,"","separate_mirage","trait1","bfdr_estimate",0.01,9.88468944695953e-07
20260813,1,500,15,3000,3000,3000,3000,"fast",0.01,"","separate_mirage","trait1","bfdr_power",0.01,0.08
20260813,1,500,15,3000,3000,3000,3000,"fast",0.01,"","separate_mirage","trait1","bfdr_discoveries",0.01,2
20260813,1,500,15,3000,3000,3000,3000,"fast",0.01,"","separate_mirage","trait1","bfdr_observed_fdp",0.05,0
20260813,1,500,15,3000,3000,3000,3000,"fast",0.01,"","separate_mirage","trait1","bfdr_estimate",0.05,9.88468944695953e-07
20260813,1,500,15,3000,3000,3000,3000,"fast",0.01,"","separate_mirage","trait1","bfdr_power",0.05,0.08
20260813,1,500,15,3000,3000,3000,3000,"fast",0.01,"","separate_mirage","trait1","bfdr_discoveries",0.05,2
20260813,1,500,15,3000,3000,3000,3000,"fast",0.01,"","separate_mirage","trait1","bfdr_observed_fdp",0.1,0
20260813,1,500,15,3000,3000,3000,3000,"fast",0.01,"","separate_mirage","trait1","bfdr_estimate",0.1,9.88468944695953e-07
20260813,1,500,15,3000,3000,3000,3000,"fast",0.01,"","separate_mirage","trait1","bfdr_power",0.1,0.08
20260813,1,500,15,3000,3000,3000,3000,"fast",0.01,"","separate_mirage","trait1","bfdr_discoveries",0.1,2
20260813,1,500,15,3000,3000,3000,3000,"fast",0.01,"","separate_mirage","trait1","bfdr_observed_fdp",0.2,0
20260813,1,500,15,3000,3000,3000,3000,"fast",0.01,"","separate_mirage","trait1","bfdr_estimate",0.2,0.185043599814937
20260813,1,500,15,3000,3000,3000,3000,"fast",0.01,"","separate_mirage","trait1","bfdr_power",0.2,0.12
20260813,1,500,15,3000,3000,3000,3000,"fast",0.01,"","separate_mirage","trait1","bfdr_discoveries",0.2,3
20260813,1,500,15,3000,3000,3000,3000,"fast",0.01,"","separate_mirage","trait2","bfdr_observed_fdp",0.01,0
20260813,1,500,15,3000,3000,3000,3000,"fast",0.01,"","separate_mirage","trait2","bfdr_estimate",0.01,0
20260813,1,500,15,3000,3000,3000,3000,"fast",0.01,"","separate_mirage","trait2","bfdr_power",0.01,0
20260813,1,500,15,3000,3000,3000,3000,"fast",0.01,"","separate_mirage","trait2","bfdr_discoveries",0.01,0
20260813,1,500,15,3000,3000,3000,3000,"fast",0.01,"","separate_mirage","trait2","bfdr_observed_fdp",0.05,0
20260813,1,500,15,3000,3000,3000,3000,"fast",0.01,"","separate_mirage","trait2","bfdr_estimate",0.05,0
20260813,1,500,15,3000,3000,3000,3000,"fast",0.01,"","separate_mirage","trait2","bfdr_power",0.05,0
20260813,1,500,15,3000,3000,3000,3000,"fast",0.01,"","separate_mirage","trait2","bfdr_discoveries",0.05,0
20260813,1,500,15,3000,3000,3000,3000,"fast",0.01,"","separate_mirage","trait2","bfdr_observed_fdp",0.1,0
20260813,1,500,15,3000,3000,3000,3000,"fast",0.01,"","separate_mirage","trait2","bfdr_estimate",0.1,0
20260813,1,500,15,3000,3000,3000,3000,"fast",0.01,"","separate_mirage","trait2","bfdr_power",0.1,0
20260813,1,500,15,3000,3000,3000,3000,"fast",0.01,"","separate_mirage","trait2","bfdr_discoveries",0.1,0
20260813,1,500,15,3000,3000,3000,3000,"fast",0.01,"","separate_mirage","trait2","bfdr_observed_fdp",0.2,0
20260813,1,500,15,3000,3000,3000,3000,"fast",0.01,"","separate_mirage","trait2","bfdr_estimate",0.2,0
20260813,1,500,15,3000,3000,3000,3000,"fast",0.01,"","separate_mirage","trait2","bfdr_power",0.2,0
20260813,1,500,15,3000,3000,3000,3000,"fast",0.01,"","separate_mirage","trait2","bfdr_discoveries",0.2,0
20260813,1,500,15,3000,3000,3000,3000,"fast",0.01,"","separate_mirage","pleiotropy","bfdr_observed_fdp",0.01,0
20260813,1,500,15,3000,3000,3000,3000,"fast",0.01,"","separate_mirage","pleiotropy","bfdr_estimate",0.01,0
20260813,1,500,15,3000,3000,3000,3000,"fast",0.01,"","separate_mirage","pleiotropy","bfdr_power",0.01,0
20260813,1,500,15,3000,3000,3000,3000,"fast",0.01,"","separate_mirage","pleiotropy","bfdr_discoveries",0.01,0
20260813,1,500,15,3000,3000,3000,3000,"fast",0.01,"","separate_mirage","pleiotropy","bfdr_observed_fdp",0.05,0
20260813,1,500,15,3000,3000,3000,3000,"fast",0.01,"","separate_mirage","pleiotropy","bfdr_estimate",0.05,0
20260813,1,500,15,3000,3000,3000,3000,"fast",0.01,"","separate_mirage","pleiotropy","bfdr_power",0.05,0
20260813,1,500,15,3000,3000,3000,3000,"fast",0.01,"","separate_mirage","pleiotropy","bfdr_discoveries",0.05,0
20260813,1,500,15,3000,3000,3000,3000,"fast",0.01,"","separate_mirage","pleiotropy","bfdr_observed_fdp",0.1,0
20260813,1,500,15,3000,3000,3000,3000,"fast",0.01,"","separate_mirage","pleiotropy","bfdr_estimate",0.1,0
20260813,1,500,15,3000,3000,3000,3000,"fast",0.01,"","separate_mirage","pleiotropy","bfdr_power",0.1,0
20260813,1,500,15,3000,3000,3000,3000,"fast",0.01,"","separate_mirage","pleiotropy","bfdr_discoveries",0.1,0
20260813,1,500,15,3000,3000,3000,3000,"fast",0.01,"","separate_mirage","pleiotropy","bfdr_observed_fdp",0.2,0
20260813,1,500,15,3000,3000,3000,3000,"fast",0.01,"","separate_mirage","pleiotropy","bfdr_estimate",0.2,0
20260813,1,500,15,3000,3000,3000,3000,"fast",0.01,"","separate_mirage","pleiotropy","bfdr_power",0.2,0
20260813,1,500,15,3000,3000,3000,3000,"fast",0.01,"","separate_mirage","pleiotropy","bfdr_discoveries",0.2,0
20260813,1,500,15,3000,3000,3000,3000,"fast",0.01,"","separate_mirage","global","runtime_seconds",NA,18.176
20260813,1,500,15,3000,3000,3000,3000,"fast",0.01,"","separate_mirage","pleiotropy","pi11_estimate",NA,0.001
20260813,1,500,15,3000,3000,3000,3000,"fast",0.01,"","mtada_aggregated","trait1","auc",NA,0.778442105263158
20260813,1,500,15,3000,3000,3000,3000,"fast",0.01,"","mtada_aggregated","trait2","auc",NA,0.735918367346939
20260813,1,500,15,3000,3000,3000,3000,"fast",0.01,"","mtada_aggregated","pleiotropy","auc",NA,0.593131313131313
20260813,1,500,15,3000,3000,3000,3000,"fast",0.01,"","mtada_aggregated","trait1","pp08_power",0.8,0.16
20260813,1,500,15,3000,3000,3000,3000,"fast",0.01,"","mtada_aggregated","trait1","pp08_fdp",0.8,0.333333333333333
20260813,1,500,15,3000,3000,3000,3000,"fast",0.01,"","mtada_aggregated","trait1","pp08_discoveries",0.8,6
20260813,1,500,15,3000,3000,3000,3000,"fast",0.01,"","mtada_aggregated","trait2","pp08_power",0.8,0.2
20260813,1,500,15,3000,3000,3000,3000,"fast",0.01,"","mtada_aggregated","trait2","pp08_fdp",0.8,0.333333333333333
20260813,1,500,15,3000,3000,3000,3000,"fast",0.01,"","mtada_aggregated","trait2","pp08_discoveries",0.8,3
20260813,1,500,15,3000,3000,3000,3000,"fast",0.01,"","mtada_aggregated","pleiotropy","pp08_power",0.8,0
20260813,1,500,15,3000,3000,3000,3000,"fast",0.01,"","mtada_aggregated","pleiotropy","pp08_fdp",0.8,1
20260813,1,500,15,3000,3000,3000,3000,"fast",0.01,"","mtada_aggregated","pleiotropy","pp08_discoveries",0.8,1
20260813,1,500,15,3000,3000,3000,3000,"fast",0.01,"","mtada_aggregated","trait1","bfdr_observed_fdp",0.01,0
20260813,1,500,15,3000,3000,3000,3000,"fast",0.01,"","mtada_aggregated","trait1","bfdr_estimate",0.01,0.00132278883961893
20260813,1,500,15,3000,3000,3000,3000,"fast",0.01,"","mtada_aggregated","trait1","bfdr_power",0.01,0.12
20260813,1,500,15,3000,3000,3000,3000,"fast",0.01,"","mtada_aggregated","trait1","bfdr_discoveries",0.01,3
20260813,1,500,15,3000,3000,3000,3000,"fast",0.01,"","mtada_aggregated","trait1","bfdr_observed_fdp",0.05,0.333333333333333
20260813,1,500,15,3000,3000,3000,3000,"fast",0.01,"","mtada_aggregated","trait1","bfdr_estimate",0.05,0.0457700208626602
20260813,1,500,15,3000,3000,3000,3000,"fast",0.01,"","mtada_aggregated","trait1","bfdr_power",0.05,0.16
20260813,1,500,15,3000,3000,3000,3000,"fast",0.01,"","mtada_aggregated","trait1","bfdr_discoveries",0.05,6
20260813,1,500,15,3000,3000,3000,3000,"fast",0.01,"","mtada_aggregated","trait1","bfdr_observed_fdp",0.1,0.285714285714286
20260813,1,500,15,3000,3000,3000,3000,"fast",0.01,"","mtada_aggregated","trait1","bfdr_estimate",0.1,0.0778870870185573
20260813,1,500,15,3000,3000,3000,3000,"fast",0.01,"","mtada_aggregated","trait1","bfdr_power",0.1,0.2
20260813,1,500,15,3000,3000,3000,3000,"fast",0.01,"","mtada_aggregated","trait1","bfdr_discoveries",0.1,7
20260813,1,500,15,3000,3000,3000,3000,"fast",0.01,"","mtada_aggregated","trait1","bfdr_observed_fdp",0.2,0.3
20260813,1,500,15,3000,3000,3000,3000,"fast",0.01,"","mtada_aggregated","trait1","bfdr_estimate",0.2,0.181495283876575
20260813,1,500,15,3000,3000,3000,3000,"fast",0.01,"","mtada_aggregated","trait1","bfdr_power",0.2,0.28
20260813,1,500,15,3000,3000,3000,3000,"fast",0.01,"","mtada_aggregated","trait1","bfdr_discoveries",0.2,10
20260813,1,500,15,3000,3000,3000,3000,"fast",0.01,"","mtada_aggregated","trait2","bfdr_observed_fdp",0.01,0
20260813,1,500,15,3000,3000,3000,3000,"fast",0.01,"","mtada_aggregated","trait2","bfdr_estimate",0.01,0.00245361593963522
20260813,1,500,15,3000,3000,3000,3000,"fast",0.01,"","mtada_aggregated","trait2","bfdr_power",0.01,0.2
20260813,1,500,15,3000,3000,3000,3000,"fast",0.01,"","mtada_aggregated","trait2","bfdr_discoveries",0.01,2
20260813,1,500,15,3000,3000,3000,3000,"fast",0.01,"","mtada_aggregated","trait2","bfdr_observed_fdp",0.05,0
20260813,1,500,15,3000,3000,3000,3000,"fast",0.01,"","mtada_aggregated","trait2","bfdr_estimate",0.05,0.00245361593963522
20260813,1,500,15,3000,3000,3000,3000,"fast",0.01,"","mtada_aggregated","trait2","bfdr_power",0.05,0.2
20260813,1,500,15,3000,3000,3000,3000,"fast",0.01,"","mtada_aggregated","trait2","bfdr_discoveries",0.05,2
20260813,1,500,15,3000,3000,3000,3000,"fast",0.01,"","mtada_aggregated","trait2","bfdr_observed_fdp",0.1,0.333333333333333
20260813,1,500,15,3000,3000,3000,3000,"fast",0.01,"","mtada_aggregated","trait2","bfdr_estimate",0.1,0.0667746633386302
20260813,1,500,15,3000,3000,3000,3000,"fast",0.01,"","mtada_aggregated","trait2","bfdr_power",0.1,0.2
20260813,1,500,15,3000,3000,3000,3000,"fast",0.01,"","mtada_aggregated","trait2","bfdr_discoveries",0.1,3
20260813,1,500,15,3000,3000,3000,3000,"fast",0.01,"","mtada_aggregated","trait2","bfdr_observed_fdp",0.2,0.333333333333333
20260813,1,500,15,3000,3000,3000,3000,"fast",0.01,"","mtada_aggregated","trait2","bfdr_estimate",0.2,0.0667746633386302
20260813,1,500,15,3000,3000,3000,3000,"fast",0.01,"","mtada_aggregated","trait2","bfdr_power",0.2,0.2
20260813,1,500,15,3000,3000,3000,3000,"fast",0.01,"","mtada_aggregated","trait2","bfdr_discoveries",0.2,3
20260813,1,500,15,3000,3000,3000,3000,"fast",0.01,"","mtada_aggregated","pleiotropy","bfdr_observed_fdp",0.01,0
20260813,1,500,15,3000,3000,3000,3000,"fast",0.01,"","mtada_aggregated","pleiotropy","bfdr_estimate",0.01,0
20260813,1,500,15,3000,3000,3000,3000,"fast",0.01,"","mtada_aggregated","pleiotropy","bfdr_power",0.01,0
20260813,1,500,15,3000,3000,3000,3000,"fast",0.01,"","mtada_aggregated","pleiotropy","bfdr_discoveries",0.01,0
20260813,1,500,15,3000,3000,3000,3000,"fast",0.01,"","mtada_aggregated","pleiotropy","bfdr_observed_fdp",0.05,0
20260813,1,500,15,3000,3000,3000,3000,"fast",0.01,"","mtada_aggregated","pleiotropy","bfdr_estimate",0.05,0
20260813,1,500,15,3000,3000,3000,3000,"fast",0.01,"","mtada_aggregated","pleiotropy","bfdr_power",0.05,0
20260813,1,500,15,3000,3000,3000,3000,"fast",0.01,"","mtada_aggregated","pleiotropy","bfdr_discoveries",0.05,0
20260813,1,500,15,3000,3000,3000,3000,"fast",0.01,"","mtada_aggregated","pleiotropy","bfdr_observed_fdp",0.1,1
20260813,1,500,15,3000,3000,3000,3000,"fast",0.01,"","mtada_aggregated","pleiotropy","bfdr_estimate",0.1,0.0797012911228296
20260813,1,500,15,3000,3000,3000,3000,"fast",0.01,"","mtada_aggregated","pleiotropy","bfdr_power",0.1,0
20260813,1,500,15,3000,3000,3000,3000,"fast",0.01,"","mtada_aggregated","pleiotropy","bfdr_discoveries",0.1,1
20260813,1,500,15,3000,3000,3000,3000,"fast",0.01,"","mtada_aggregated","pleiotropy","bfdr_observed_fdp",0.2,1
20260813,1,500,15,3000,3000,3000,3000,"fast",0.01,"","mtada_aggregated","pleiotropy","bfdr_estimate",0.2,0.0797012911228296
20260813,1,500,15,3000,3000,3000,3000,"fast",0.01,"","mtada_aggregated","pleiotropy","bfdr_power",0.2,0
20260813,1,500,15,3000,3000,3000,3000,"fast",0.01,"","mtada_aggregated","pleiotropy","bfdr_discoveries",0.2,1
20260813,1,500,15,3000,3000,3000,3000,"fast",0.01,"","mtada_aggregated","global","runtime_seconds",NA,0.759999999999991
20260813,1,500,15,3000,3000,3000,3000,"fast",0.01,"","mtada_aggregated","pleiotropy","pi11_estimate",NA,0.0183561643835616
20260814,2,500,15,3000,3000,3000,3000,"fast",0.01,"","mirage_joint","trait1","auc",NA,0.593936842105263
20260814,2,500,15,3000,3000,3000,3000,"fast",0.01,"","mirage_joint","trait2","auc",NA,0.465918367346939
20260814,2,500,15,3000,3000,3000,3000,"fast",0.01,"","mirage_joint","pleiotropy","auc",NA,0.545050505050505
20260814,2,500,15,3000,3000,3000,3000,"fast",0.01,"","mirage_joint","trait1","pp08_power",0.8,0.24
20260814,2,500,15,3000,3000,3000,3000,"fast",0.01,"","mirage_joint","trait1","pp08_fdp",0.8,0.142857142857143
20260814,2,500,15,3000,3000,3000,3000,"fast",0.01,"","mirage_joint","trait1","pp08_discoveries",0.8,7
20260814,2,500,15,3000,3000,3000,3000,"fast",0.01,"","mirage_joint","trait2","pp08_power",0.8,0
20260814,2,500,15,3000,3000,3000,3000,"fast",0.01,"","mirage_joint","trait2","pp08_fdp",0.8,0
20260814,2,500,15,3000,3000,3000,3000,"fast",0.01,"","mirage_joint","trait2","pp08_discoveries",0.8,0
20260814,2,500,15,3000,3000,3000,3000,"fast",0.01,"","mirage_joint","pleiotropy","pp08_power",0.8,0
20260814,2,500,15,3000,3000,3000,3000,"fast",0.01,"","mirage_joint","pleiotropy","pp08_fdp",0.8,0
20260814,2,500,15,3000,3000,3000,3000,"fast",0.01,"","mirage_joint","pleiotropy","pp08_discoveries",0.8,0
20260814,2,500,15,3000,3000,3000,3000,"fast",0.01,"","mirage_joint","trait1","bfdr_observed_fdp",0.01,0
20260814,2,500,15,3000,3000,3000,3000,"fast",0.01,"","mirage_joint","trait1","bfdr_estimate",0.01,0.00855597247596781
20260814,2,500,15,3000,3000,3000,3000,"fast",0.01,"","mirage_joint","trait1","bfdr_power",0.01,0.12
20260814,2,500,15,3000,3000,3000,3000,"fast",0.01,"","mirage_joint","trait1","bfdr_discoveries",0.01,3
20260814,2,500,15,3000,3000,3000,3000,"fast",0.01,"","mirage_joint","trait1","bfdr_observed_fdp",0.05,0
20260814,2,500,15,3000,3000,3000,3000,"fast",0.01,"","mirage_joint","trait1","bfdr_estimate",0.05,0.028574508251382
20260814,2,500,15,3000,3000,3000,3000,"fast",0.01,"","mirage_joint","trait1","bfdr_power",0.05,0.2
20260814,2,500,15,3000,3000,3000,3000,"fast",0.01,"","mirage_joint","trait1","bfdr_discoveries",0.05,5
20260814,2,500,15,3000,3000,3000,3000,"fast",0.01,"","mirage_joint","trait1","bfdr_observed_fdp",0.1,0.142857142857143
20260814,2,500,15,3000,3000,3000,3000,"fast",0.01,"","mirage_joint","trait1","bfdr_estimate",0.1,0.0708738692873008
20260814,2,500,15,3000,3000,3000,3000,"fast",0.01,"","mirage_joint","trait1","bfdr_power",0.1,0.24
20260814,2,500,15,3000,3000,3000,3000,"fast",0.01,"","mirage_joint","trait1","bfdr_discoveries",0.1,7
20260814,2,500,15,3000,3000,3000,3000,"fast",0.01,"","mirage_joint","trait1","bfdr_observed_fdp",0.2,0.2
20260814,2,500,15,3000,3000,3000,3000,"fast",0.01,"","mirage_joint","trait1","bfdr_estimate",0.2,0.187442422698054
20260814,2,500,15,3000,3000,3000,3000,"fast",0.01,"","mirage_joint","trait1","bfdr_power",0.2,0.32
20260814,2,500,15,3000,3000,3000,3000,"fast",0.01,"","mirage_joint","trait1","bfdr_discoveries",0.2,10
20260814,2,500,15,3000,3000,3000,3000,"fast",0.01,"","mirage_joint","trait2","bfdr_observed_fdp",0.01,0
20260814,2,500,15,3000,3000,3000,3000,"fast",0.01,"","mirage_joint","trait2","bfdr_estimate",0.01,0
20260814,2,500,15,3000,3000,3000,3000,"fast",0.01,"","mirage_joint","trait2","bfdr_power",0.01,0
20260814,2,500,15,3000,3000,3000,3000,"fast",0.01,"","mirage_joint","trait2","bfdr_discoveries",0.01,0
20260814,2,500,15,3000,3000,3000,3000,"fast",0.01,"","mirage_joint","trait2","bfdr_observed_fdp",0.05,0
20260814,2,500,15,3000,3000,3000,3000,"fast",0.01,"","mirage_joint","trait2","bfdr_estimate",0.05,0
20260814,2,500,15,3000,3000,3000,3000,"fast",0.01,"","mirage_joint","trait2","bfdr_power",0.05,0
20260814,2,500,15,3000,3000,3000,3000,"fast",0.01,"","mirage_joint","trait2","bfdr_discoveries",0.05,0
20260814,2,500,15,3000,3000,3000,3000,"fast",0.01,"","mirage_joint","trait2","bfdr_observed_fdp",0.1,0
20260814,2,500,15,3000,3000,3000,3000,"fast",0.01,"","mirage_joint","trait2","bfdr_estimate",0.1,0
20260814,2,500,15,3000,3000,3000,3000,"fast",0.01,"","mirage_joint","trait2","bfdr_power",0.1,0
20260814,2,500,15,3000,3000,3000,3000,"fast",0.01,"","mirage_joint","trait2","bfdr_discoveries",0.1,0
20260814,2,500,15,3000,3000,3000,3000,"fast",0.01,"","mirage_joint","trait2","bfdr_observed_fdp",0.2,0
20260814,2,500,15,3000,3000,3000,3000,"fast",0.01,"","mirage_joint","trait2","bfdr_estimate",0.2,0
20260814,2,500,15,3000,3000,3000,3000,"fast",0.01,"","mirage_joint","trait2","bfdr_power",0.2,0
20260814,2,500,15,3000,3000,3000,3000,"fast",0.01,"","mirage_joint","trait2","bfdr_discoveries",0.2,0
20260814,2,500,15,3000,3000,3000,3000,"fast",0.01,"","mirage_joint","pleiotropy","bfdr_observed_fdp",0.01,0
20260814,2,500,15,3000,3000,3000,3000,"fast",0.01,"","mirage_joint","pleiotropy","bfdr_estimate",0.01,0
20260814,2,500,15,3000,3000,3000,3000,"fast",0.01,"","mirage_joint","pleiotropy","bfdr_power",0.01,0
20260814,2,500,15,3000,3000,3000,3000,"fast",0.01,"","mirage_joint","pleiotropy","bfdr_discoveries",0.01,0
20260814,2,500,15,3000,3000,3000,3000,"fast",0.01,"","mirage_joint","pleiotropy","bfdr_observed_fdp",0.05,0
20260814,2,500,15,3000,3000,3000,3000,"fast",0.01,"","mirage_joint","pleiotropy","bfdr_estimate",0.05,0
20260814,2,500,15,3000,3000,3000,3000,"fast",0.01,"","mirage_joint","pleiotropy","bfdr_power",0.05,0
20260814,2,500,15,3000,3000,3000,3000,"fast",0.01,"","mirage_joint","pleiotropy","bfdr_discoveries",0.05,0
20260814,2,500,15,3000,3000,3000,3000,"fast",0.01,"","mirage_joint","pleiotropy","bfdr_observed_fdp",0.1,0
20260814,2,500,15,3000,3000,3000,3000,"fast",0.01,"","mirage_joint","pleiotropy","bfdr_estimate",0.1,0
20260814,2,500,15,3000,3000,3000,3000,"fast",0.01,"","mirage_joint","pleiotropy","bfdr_power",0.1,0
20260814,2,500,15,3000,3000,3000,3000,"fast",0.01,"","mirage_joint","pleiotropy","bfdr_discoveries",0.1,0
20260814,2,500,15,3000,3000,3000,3000,"fast",0.01,"","mirage_joint","pleiotropy","bfdr_observed_fdp",0.2,0
20260814,2,500,15,3000,3000,3000,3000,"fast",0.01,"","mirage_joint","pleiotropy","bfdr_estimate",0.2,0
20260814,2,500,15,3000,3000,3000,3000,"fast",0.01,"","mirage_joint","pleiotropy","bfdr_power",0.2,0
20260814,2,500,15,3000,3000,3000,3000,"fast",0.01,"","mirage_joint","pleiotropy","bfdr_discoveries",0.2,0
20260814,2,500,15,3000,3000,3000,3000,"fast",0.01,"","mirage_joint","global","runtime_seconds",NA,18.205
20260814,2,500,15,3000,3000,3000,3000,"fast",0.01,"","mirage_joint","pleiotropy","pi11_estimate",NA,0.0396423755473641
20260814,2,500,15,3000,3000,3000,3000,"fast",0.01,"","separate_mirage","trait1","auc",NA,0.582652631578947
20260814,2,500,15,3000,3000,3000,3000,"fast",0.01,"","separate_mirage","trait2","auc",NA,0.459795918367347
20260814,2,500,15,3000,3000,3000,3000,"fast",0.01,"","separate_mirage","pleiotropy","auc",NA,0.571717171717172
20260814,2,500,15,3000,3000,3000,3000,"fast",0.01,"","separate_mirage","trait1","pp08_power",0.8,0.2
20260814,2,500,15,3000,3000,3000,3000,"fast",0.01,"","separate_mirage","trait1","pp08_fdp",0.8,0
20260814,2,500,15,3000,3000,3000,3000,"fast",0.01,"","separate_mirage","trait1","pp08_discoveries",0.8,5
20260814,2,500,15,3000,3000,3000,3000,"fast",0.01,"","separate_mirage","trait2","pp08_power",0.8,0
20260814,2,500,15,3000,3000,3000,3000,"fast",0.01,"","separate_mirage","trait2","pp08_fdp",0.8,0
20260814,2,500,15,3000,3000,3000,3000,"fast",0.01,"","separate_mirage","trait2","pp08_discoveries",0.8,0
20260814,2,500,15,3000,3000,3000,3000,"fast",0.01,"","separate_mirage","pleiotropy","pp08_power",0.8,0
20260814,2,500,15,3000,3000,3000,3000,"fast",0.01,"","separate_mirage","pleiotropy","pp08_fdp",0.8,0
20260814,2,500,15,3000,3000,3000,3000,"fast",0.01,"","separate_mirage","pleiotropy","pp08_discoveries",0.8,0
20260814,2,500,15,3000,3000,3000,3000,"fast",0.01,"","separate_mirage","trait1","bfdr_observed_fdp",0.01,0
20260814,2,500,15,3000,3000,3000,3000,"fast",0.01,"","separate_mirage","trait1","bfdr_estimate",0.01,7.00810496093163e-05
20260814,2,500,15,3000,3000,3000,3000,"fast",0.01,"","separate_mirage","trait1","bfdr_power",0.01,0.08
20260814,2,500,15,3000,3000,3000,3000,"fast",0.01,"","separate_mirage","trait1","bfdr_discoveries",0.01,2
20260814,2,500,15,3000,3000,3000,3000,"fast",0.01,"","separate_mirage","trait1","bfdr_observed_fdp",0.05,0
20260814,2,500,15,3000,3000,3000,3000,"fast",0.01,"","separate_mirage","trait1","bfdr_estimate",0.05,0.0383628892722531
20260814,2,500,15,3000,3000,3000,3000,"fast",0.01,"","separate_mirage","trait1","bfdr_power",0.05,0.2
20260814,2,500,15,3000,3000,3000,3000,"fast",0.01,"","separate_mirage","trait1","bfdr_discoveries",0.05,5
20260814,2,500,15,3000,3000,3000,3000,"fast",0.01,"","separate_mirage","trait1","bfdr_observed_fdp",0.1,0.166666666666667
20260814,2,500,15,3000,3000,3000,3000,"fast",0.01,"","separate_mirage","trait1","bfdr_estimate",0.1,0.0736387444747935
20260814,2,500,15,3000,3000,3000,3000,"fast",0.01,"","separate_mirage","trait1","bfdr_power",0.1,0.2
20260814,2,500,15,3000,3000,3000,3000,"fast",0.01,"","separate_mirage","trait1","bfdr_discoveries",0.1,6
20260814,2,500,15,3000,3000,3000,3000,"fast",0.01,"","separate_mirage","trait1","bfdr_observed_fdp",0.2,0.25
20260814,2,500,15,3000,3000,3000,3000,"fast",0.01,"","separate_mirage","trait1","bfdr_estimate",0.2,0.15381562664485
20260814,2,500,15,3000,3000,3000,3000,"fast",0.01,"","separate_mirage","trait1","bfdr_power",0.2,0.24
20260814,2,500,15,3000,3000,3000,3000,"fast",0.01,"","separate_mirage","trait1","bfdr_discoveries",0.2,8
20260814,2,500,15,3000,3000,3000,3000,"fast",0.01,"","separate_mirage","trait2","bfdr_observed_fdp",0.01,0
20260814,2,500,15,3000,3000,3000,3000,"fast",0.01,"","separate_mirage","trait2","bfdr_estimate",0.01,0
20260814,2,500,15,3000,3000,3000,3000,"fast",0.01,"","separate_mirage","trait2","bfdr_power",0.01,0
20260814,2,500,15,3000,3000,3000,3000,"fast",0.01,"","separate_mirage","trait2","bfdr_discoveries",0.01,0
20260814,2,500,15,3000,3000,3000,3000,"fast",0.01,"","separate_mirage","trait2","bfdr_observed_fdp",0.05,0
20260814,2,500,15,3000,3000,3000,3000,"fast",0.01,"","separate_mirage","trait2","bfdr_estimate",0.05,0
20260814,2,500,15,3000,3000,3000,3000,"fast",0.01,"","separate_mirage","trait2","bfdr_power",0.05,0
20260814,2,500,15,3000,3000,3000,3000,"fast",0.01,"","separate_mirage","trait2","bfdr_discoveries",0.05,0
20260814,2,500,15,3000,3000,3000,3000,"fast",0.01,"","separate_mirage","trait2","bfdr_observed_fdp",0.1,0
20260814,2,500,15,3000,3000,3000,3000,"fast",0.01,"","separate_mirage","trait2","bfdr_estimate",0.1,0
20260814,2,500,15,3000,3000,3000,3000,"fast",0.01,"","separate_mirage","trait2","bfdr_power",0.1,0
20260814,2,500,15,3000,3000,3000,3000,"fast",0.01,"","separate_mirage","trait2","bfdr_discoveries",0.1,0
20260814,2,500,15,3000,3000,3000,3000,"fast",0.01,"","separate_mirage","trait2","bfdr_observed_fdp",0.2,0
20260814,2,500,15,3000,3000,3000,3000,"fast",0.01,"","separate_mirage","trait2","bfdr_estimate",0.2,0
20260814,2,500,15,3000,3000,3000,3000,"fast",0.01,"","separate_mirage","trait2","bfdr_power",0.2,0
20260814,2,500,15,3000,3000,3000,3000,"fast",0.01,"","separate_mirage","trait2","bfdr_discoveries",0.2,0
20260814,2,500,15,3000,3000,3000,3000,"fast",0.01,"","separate_mirage","pleiotropy","bfdr_observed_fdp",0.01,0
20260814,2,500,15,3000,3000,3000,3000,"fast",0.01,"","separate_mirage","pleiotropy","bfdr_estimate",0.01,0
20260814,2,500,15,3000,3000,3000,3000,"fast",0.01,"","separate_mirage","pleiotropy","bfdr_power",0.01,0
20260814,2,500,15,3000,3000,3000,3000,"fast",0.01,"","separate_mirage","pleiotropy","bfdr_discoveries",0.01,0
20260814,2,500,15,3000,3000,3000,3000,"fast",0.01,"","separate_mirage","pleiotropy","bfdr_observed_fdp",0.05,0
20260814,2,500,15,3000,3000,3000,3000,"fast",0.01,"","separate_mirage","pleiotropy","bfdr_estimate",0.05,0
20260814,2,500,15,3000,3000,3000,3000,"fast",0.01,"","separate_mirage","pleiotropy","bfdr_power",0.05,0
20260814,2,500,15,3000,3000,3000,3000,"fast",0.01,"","separate_mirage","pleiotropy","bfdr_discoveries",0.05,0
20260814,2,500,15,3000,3000,3000,3000,"fast",0.01,"","separate_mirage","pleiotropy","bfdr_observed_fdp",0.1,0
20260814,2,500,15,3000,3000,3000,3000,"fast",0.01,"","separate_mirage","pleiotropy","bfdr_estimate",0.1,0
20260814,2,500,15,3000,3000,3000,3000,"fast",0.01,"","separate_mirage","pleiotropy","bfdr_power",0.1,0
20260814,2,500,15,3000,3000,3000,3000,"fast",0.01,"","separate_mirage","pleiotropy","bfdr_discoveries",0.1,0
20260814,2,500,15,3000,3000,3000,3000,"fast",0.01,"","separate_mirage","pleiotropy","bfdr_observed_fdp",0.2,0
20260814,2,500,15,3000,3000,3000,3000,"fast",0.01,"","separate_mirage","pleiotropy","bfdr_estimate",0.2,0
20260814,2,500,15,3000,3000,3000,3000,"fast",0.01,"","separate_mirage","pleiotropy","bfdr_power",0.2,0
20260814,2,500,15,3000,3000,3000,3000,"fast",0.01,"","separate_mirage","pleiotropy","bfdr_discoveries",0.2,0
20260814,2,500,15,3000,3000,3000,3000,"fast",0.01,"","separate_mirage","global","runtime_seconds",NA,18.104
20260814,2,500,15,3000,3000,3000,3000,"fast",0.01,"","separate_mirage","pleiotropy","pi11_estimate",NA,0.001
20260814,2,500,15,3000,3000,3000,3000,"fast",0.01,"","mtada_aggregated","trait1","auc",NA,0.594442105263158
20260814,2,500,15,3000,3000,3000,3000,"fast",0.01,"","mtada_aggregated","trait2","auc",NA,0.79530612244898
20260814,2,500,15,3000,3000,3000,3000,"fast",0.01,"","mtada_aggregated","pleiotropy","auc",NA,0.802424242424242
20260814,2,500,15,3000,3000,3000,3000,"fast",0.01,"","mtada_aggregated","trait1","pp08_power",0.8,0.24
20260814,2,500,15,3000,3000,3000,3000,"fast",0.01,"","mtada_aggregated","trait1","pp08_fdp",0.8,0
20260814,2,500,15,3000,3000,3000,3000,"fast",0.01,"","mtada_aggregated","trait1","pp08_discoveries",0.8,6
20260814,2,500,15,3000,3000,3000,3000,"fast",0.01,"","mtada_aggregated","trait2","pp08_power",0.8,0
20260814,2,500,15,3000,3000,3000,3000,"fast",0.01,"","mtada_aggregated","trait2","pp08_fdp",0.8,0
20260814,2,500,15,3000,3000,3000,3000,"fast",0.01,"","mtada_aggregated","trait2","pp08_discoveries",0.8,0
20260814,2,500,15,3000,3000,3000,3000,"fast",0.01,"","mtada_aggregated","pleiotropy","pp08_power",0.8,0
20260814,2,500,15,3000,3000,3000,3000,"fast",0.01,"","mtada_aggregated","pleiotropy","pp08_fdp",0.8,0
20260814,2,500,15,3000,3000,3000,3000,"fast",0.01,"","mtada_aggregated","pleiotropy","pp08_discoveries",0.8,0
20260814,2,500,15,3000,3000,3000,3000,"fast",0.01,"","mtada_aggregated","trait1","bfdr_observed_fdp",0.01,0
20260814,2,500,15,3000,3000,3000,3000,"fast",0.01,"","mtada_aggregated","trait1","bfdr_estimate",0.01,5.86979614543755e-05
20260814,2,500,15,3000,3000,3000,3000,"fast",0.01,"","mtada_aggregated","trait1","bfdr_power",0.01,0.24
20260814,2,500,15,3000,3000,3000,3000,"fast",0.01,"","mtada_aggregated","trait1","bfdr_discoveries",0.01,6
20260814,2,500,15,3000,3000,3000,3000,"fast",0.01,"","mtada_aggregated","trait1","bfdr_observed_fdp",0.05,0
20260814,2,500,15,3000,3000,3000,3000,"fast",0.01,"","mtada_aggregated","trait1","bfdr_estimate",0.05,5.86979614543755e-05
20260814,2,500,15,3000,3000,3000,3000,"fast",0.01,"","mtada_aggregated","trait1","bfdr_power",0.05,0.24
20260814,2,500,15,3000,3000,3000,3000,"fast",0.01,"","mtada_aggregated","trait1","bfdr_discoveries",0.05,6
20260814,2,500,15,3000,3000,3000,3000,"fast",0.01,"","mtada_aggregated","trait1","bfdr_observed_fdp",0.1,0.142857142857143
20260814,2,500,15,3000,3000,3000,3000,"fast",0.01,"","mtada_aggregated","trait1","bfdr_estimate",0.1,0.0589735741623661
20260814,2,500,15,3000,3000,3000,3000,"fast",0.01,"","mtada_aggregated","trait1","bfdr_power",0.1,0.24
20260814,2,500,15,3000,3000,3000,3000,"fast",0.01,"","mtada_aggregated","trait1","bfdr_discoveries",0.1,7
20260814,2,500,15,3000,3000,3000,3000,"fast",0.01,"","mtada_aggregated","trait1","bfdr_observed_fdp",0.2,0.333333333333333
20260814,2,500,15,3000,3000,3000,3000,"fast",0.01,"","mtada_aggregated","trait1","bfdr_estimate",0.2,0.166239493051708
20260814,2,500,15,3000,3000,3000,3000,"fast",0.01,"","mtada_aggregated","trait1","bfdr_power",0.2,0.24
20260814,2,500,15,3000,3000,3000,3000,"fast",0.01,"","mtada_aggregated","trait1","bfdr_discoveries",0.2,9
20260814,2,500,15,3000,3000,3000,3000,"fast",0.01,"","mtada_aggregated","trait2","bfdr_observed_fdp",0.01,0
20260814,2,500,15,3000,3000,3000,3000,"fast",0.01,"","mtada_aggregated","trait2","bfdr_estimate",0.01,0
20260814,2,500,15,3000,3000,3000,3000,"fast",0.01,"","mtada_aggregated","trait2","bfdr_power",0.01,0
20260814,2,500,15,3000,3000,3000,3000,"fast",0.01,"","mtada_aggregated","trait2","bfdr_discoveries",0.01,0
20260814,2,500,15,3000,3000,3000,3000,"fast",0.01,"","mtada_aggregated","trait2","bfdr_observed_fdp",0.05,0
20260814,2,500,15,3000,3000,3000,3000,"fast",0.01,"","mtada_aggregated","trait2","bfdr_estimate",0.05,0
20260814,2,500,15,3000,3000,3000,3000,"fast",0.01,"","mtada_aggregated","trait2","bfdr_power",0.05,0
20260814,2,500,15,3000,3000,3000,3000,"fast",0.01,"","mtada_aggregated","trait2","bfdr_discoveries",0.05,0
20260814,2,500,15,3000,3000,3000,3000,"fast",0.01,"","mtada_aggregated","trait2","bfdr_observed_fdp",0.1,0
20260814,2,500,15,3000,3000,3000,3000,"fast",0.01,"","mtada_aggregated","trait2","bfdr_estimate",0.1,0
20260814,2,500,15,3000,3000,3000,3000,"fast",0.01,"","mtada_aggregated","trait2","bfdr_power",0.1,0
20260814,2,500,15,3000,3000,3000,3000,"fast",0.01,"","mtada_aggregated","trait2","bfdr_discoveries",0.1,0
20260814,2,500,15,3000,3000,3000,3000,"fast",0.01,"","mtada_aggregated","trait2","bfdr_observed_fdp",0.2,0
20260814,2,500,15,3000,3000,3000,3000,"fast",0.01,"","mtada_aggregated","trait2","bfdr_estimate",0.2,0
20260814,2,500,15,3000,3000,3000,3000,"fast",0.01,"","mtada_aggregated","trait2","bfdr_power",0.2,0
20260814,2,500,15,3000,3000,3000,3000,"fast",0.01,"","mtada_aggregated","trait2","bfdr_discoveries",0.2,0
20260814,2,500,15,3000,3000,3000,3000,"fast",0.01,"","mtada_aggregated","pleiotropy","bfdr_observed_fdp",0.01,0
20260814,2,500,15,3000,3000,3000,3000,"fast",0.01,"","mtada_aggregated","pleiotropy","bfdr_estimate",0.01,0
20260814,2,500,15,3000,3000,3000,3000,"fast",0.01,"","mtada_aggregated","pleiotropy","bfdr_power",0.01,0
20260814,2,500,15,3000,3000,3000,3000,"fast",0.01,"","mtada_aggregated","pleiotropy","bfdr_discoveries",0.01,0
20260814,2,500,15,3000,3000,3000,3000,"fast",0.01,"","mtada_aggregated","pleiotropy","bfdr_observed_fdp",0.05,0
20260814,2,500,15,3000,3000,3000,3000,"fast",0.01,"","mtada_aggregated","pleiotropy","bfdr_estimate",0.05,0
20260814,2,500,15,3000,3000,3000,3000,"fast",0.01,"","mtada_aggregated","pleiotropy","bfdr_power",0.05,0
20260814,2,500,15,3000,3000,3000,3000,"fast",0.01,"","mtada_aggregated","pleiotropy","bfdr_discoveries",0.05,0
20260814,2,500,15,3000,3000,3000,3000,"fast",0.01,"","mtada_aggregated","pleiotropy","bfdr_observed_fdp",0.1,0
20260814,2,500,15,3000,3000,3000,3000,"fast",0.01,"","mtada_aggregated","pleiotropy","bfdr_estimate",0.1,0
20260814,2,500,15,3000,3000,3000,3000,"fast",0.01,"","mtada_aggregated","pleiotropy","bfdr_power",0.1,0
20260814,2,500,15,3000,3000,3000,3000,"fast",0.01,"","mtada_aggregated","pleiotropy","bfdr_discoveries",0.1,0
20260814,2,500,15,3000,3000,3000,3000,"fast",0.01,"","mtada_aggregated","pleiotropy","bfdr_observed_fdp",0.2,0
20260814,2,500,15,3000,3000,3000,3000,"fast",0.01,"","mtada_aggregated","pleiotropy","bfdr_estimate",0.2,0
20260814,2,500,15,3000,3000,3000,3000,"fast",0.01,"","mtada_aggregated","pleiotropy","bfdr_power",0.2,0
20260814,2,500,15,3000,3000,3000,3000,"fast",0.01,"","mtada_aggregated","pleiotropy","bfdr_discoveries",0.2,0
20260814,2,500,15,3000,3000,3000,3000,"fast",0.01,"","mtada_aggregated","global","runtime_seconds",NA,1.217
20260814,2,500,15,3000,3000,3000,3000,"fast",0.01,"","mtada_aggregated","pleiotropy","pi11_estimate",NA,0.0149736
20260815,3,500,15,3000,3000,3000,3000,"fast",0.01,"","mirage_joint","trait1","auc",NA,0.785852631578947
20260815,3,500,15,3000,3000,3000,3000,"fast",0.01,"","mirage_joint","trait2","auc",NA,0.70469387755102
20260815,3,500,15,3000,3000,3000,3000,"fast",0.01,"","mirage_joint","pleiotropy","auc",NA,0.643232323232323
20260815,3,500,15,3000,3000,3000,3000,"fast",0.01,"","mirage_joint","trait1","pp08_power",0.8,0.16
20260815,3,500,15,3000,3000,3000,3000,"fast",0.01,"","mirage_joint","trait1","pp08_fdp",0.8,0.2
20260815,3,500,15,3000,3000,3000,3000,"fast",0.01,"","mirage_joint","trait1","pp08_discoveries",0.8,5
20260815,3,500,15,3000,3000,3000,3000,"fast",0.01,"","mirage_joint","trait2","pp08_power",0.8,0.1
20260815,3,500,15,3000,3000,3000,3000,"fast",0.01,"","mirage_joint","trait2","pp08_fdp",0.8,0
20260815,3,500,15,3000,3000,3000,3000,"fast",0.01,"","mirage_joint","trait2","pp08_discoveries",0.8,1
20260815,3,500,15,3000,3000,3000,3000,"fast",0.01,"","mirage_joint","pleiotropy","pp08_power",0.8,0.2
20260815,3,500,15,3000,3000,3000,3000,"fast",0.01,"","mirage_joint","pleiotropy","pp08_fdp",0.8,0
20260815,3,500,15,3000,3000,3000,3000,"fast",0.01,"","mirage_joint","pleiotropy","pp08_discoveries",0.8,1
20260815,3,500,15,3000,3000,3000,3000,"fast",0.01,"","mirage_joint","trait1","bfdr_observed_fdp",0.01,0
20260815,3,500,15,3000,3000,3000,3000,"fast",0.01,"","mirage_joint","trait1","bfdr_estimate",0.01,0.0090798635065486
20260815,3,500,15,3000,3000,3000,3000,"fast",0.01,"","mirage_joint","trait1","bfdr_power",0.01,0.08
20260815,3,500,15,3000,3000,3000,3000,"fast",0.01,"","mirage_joint","trait1","bfdr_discoveries",0.01,2
20260815,3,500,15,3000,3000,3000,3000,"fast",0.01,"","mirage_joint","trait1","bfdr_observed_fdp",0.05,0.333333333333333
20260815,3,500,15,3000,3000,3000,3000,"fast",0.01,"","mirage_joint","trait1","bfdr_estimate",0.05,0.0366963528819379
20260815,3,500,15,3000,3000,3000,3000,"fast",0.01,"","mirage_joint","trait1","bfdr_power",0.05,0.08
20260815,3,500,15,3000,3000,3000,3000,"fast",0.01,"","mirage_joint","trait1","bfdr_discoveries",0.05,3
20260815,3,500,15,3000,3000,3000,3000,"fast",0.01,"","mirage_joint","trait1","bfdr_observed_fdp",0.1,0.2
20260815,3,500,15,3000,3000,3000,3000,"fast",0.01,"","mirage_joint","trait1","bfdr_estimate",0.1,0.0806627096729542
20260815,3,500,15,3000,3000,3000,3000,"fast",0.01,"","mirage_joint","trait1","bfdr_power",0.1,0.16
20260815,3,500,15,3000,3000,3000,3000,"fast",0.01,"","mirage_joint","trait1","bfdr_discoveries",0.1,5
20260815,3,500,15,3000,3000,3000,3000,"fast",0.01,"","mirage_joint","trait1","bfdr_observed_fdp",0.2,0.333333333333333
20260815,3,500,15,3000,3000,3000,3000,"fast",0.01,"","mirage_joint","trait1","bfdr_estimate",0.2,0.191082387328263
20260815,3,500,15,3000,3000,3000,3000,"fast",0.01,"","mirage_joint","trait1","bfdr_power",0.2,0.24
20260815,3,500,15,3000,3000,3000,3000,"fast",0.01,"","mirage_joint","trait1","bfdr_discoveries",0.2,9
20260815,3,500,15,3000,3000,3000,3000,"fast",0.01,"","mirage_joint","trait2","bfdr_observed_fdp",0.01,0
20260815,3,500,15,3000,3000,3000,3000,"fast",0.01,"","mirage_joint","trait2","bfdr_estimate",0.01,0.00978329644508491
20260815,3,500,15,3000,3000,3000,3000,"fast",0.01,"","mirage_joint","trait2","bfdr_power",0.01,0.1
20260815,3,500,15,3000,3000,3000,3000,"fast",0.01,"","mirage_joint","trait2","bfdr_discoveries",0.01,1
20260815,3,500,15,3000,3000,3000,3000,"fast",0.01,"","mirage_joint","trait2","bfdr_observed_fdp",0.05,0
20260815,3,500,15,3000,3000,3000,3000,"fast",0.01,"","mirage_joint","trait2","bfdr_estimate",0.05,0.00978329644508491
20260815,3,500,15,3000,3000,3000,3000,"fast",0.01,"","mirage_joint","trait2","bfdr_power",0.05,0.1
20260815,3,500,15,3000,3000,3000,3000,"fast",0.01,"","mirage_joint","trait2","bfdr_discoveries",0.05,1
20260815,3,500,15,3000,3000,3000,3000,"fast",0.01,"","mirage_joint","trait2","bfdr_observed_fdp",0.1,0
20260815,3,500,15,3000,3000,3000,3000,"fast",0.01,"","mirage_joint","trait2","bfdr_estimate",0.1,0.00978329644508491
20260815,3,500,15,3000,3000,3000,3000,"fast",0.01,"","mirage_joint","trait2","bfdr_power",0.1,0.1
20260815,3,500,15,3000,3000,3000,3000,"fast",0.01,"","mirage_joint","trait2","bfdr_discoveries",0.1,1
20260815,3,500,15,3000,3000,3000,3000,"fast",0.01,"","mirage_joint","trait2","bfdr_observed_fdp",0.2,0.666666666666667
20260815,3,500,15,3000,3000,3000,3000,"fast",0.01,"","mirage_joint","trait2","bfdr_estimate",0.2,0.178734745438831
20260815,3,500,15,3000,3000,3000,3000,"fast",0.01,"","mirage_joint","trait2","bfdr_power",0.2,0.1
20260815,3,500,15,3000,3000,3000,3000,"fast",0.01,"","mirage_joint","trait2","bfdr_discoveries",0.2,3
20260815,3,500,15,3000,3000,3000,3000,"fast",0.01,"","mirage_joint","pleiotropy","bfdr_observed_fdp",0.01,0
20260815,3,500,15,3000,3000,3000,3000,"fast",0.01,"","mirage_joint","pleiotropy","bfdr_estimate",0.01,0
20260815,3,500,15,3000,3000,3000,3000,"fast",0.01,"","mirage_joint","pleiotropy","bfdr_power",0.01,0
20260815,3,500,15,3000,3000,3000,3000,"fast",0.01,"","mirage_joint","pleiotropy","bfdr_discoveries",0.01,0
20260815,3,500,15,3000,3000,3000,3000,"fast",0.01,"","mirage_joint","pleiotropy","bfdr_observed_fdp",0.05,0
20260815,3,500,15,3000,3000,3000,3000,"fast",0.01,"","mirage_joint","pleiotropy","bfdr_estimate",0.05,0
20260815,3,500,15,3000,3000,3000,3000,"fast",0.01,"","mirage_joint","pleiotropy","bfdr_power",0.05,0
20260815,3,500,15,3000,3000,3000,3000,"fast",0.01,"","mirage_joint","pleiotropy","bfdr_discoveries",0.05,0
20260815,3,500,15,3000,3000,3000,3000,"fast",0.01,"","mirage_joint","pleiotropy","bfdr_observed_fdp",0.1,0
20260815,3,500,15,3000,3000,3000,3000,"fast",0.01,"","mirage_joint","pleiotropy","bfdr_estimate",0.1,0
20260815,3,500,15,3000,3000,3000,3000,"fast",0.01,"","mirage_joint","pleiotropy","bfdr_power",0.1,0
20260815,3,500,15,3000,3000,3000,3000,"fast",0.01,"","mirage_joint","pleiotropy","bfdr_discoveries",0.1,0
20260815,3,500,15,3000,3000,3000,3000,"fast",0.01,"","mirage_joint","pleiotropy","bfdr_observed_fdp",0.2,0
20260815,3,500,15,3000,3000,3000,3000,"fast",0.01,"","mirage_joint","pleiotropy","bfdr_estimate",0.2,0.17907123218597
20260815,3,500,15,3000,3000,3000,3000,"fast",0.01,"","mirage_joint","pleiotropy","bfdr_power",0.2,0.2
20260815,3,500,15,3000,3000,3000,3000,"fast",0.01,"","mirage_joint","pleiotropy","bfdr_discoveries",0.2,1
20260815,3,500,15,3000,3000,3000,3000,"fast",0.01,"","mirage_joint","global","runtime_seconds",NA,18.101
20260815,3,500,15,3000,3000,3000,3000,"fast",0.01,"","mirage_joint","pleiotropy","pi11_estimate",NA,0.0805173242657723
20260815,3,500,15,3000,3000,3000,3000,"fast",0.01,"","separate_mirage","trait1","auc",NA,0.803873684210526
20260815,3,500,15,3000,3000,3000,3000,"fast",0.01,"","separate_mirage","trait2","auc",NA,0.668163265306122
20260815,3,500,15,3000,3000,3000,3000,"fast",0.01,"","separate_mirage","pleiotropy","auc",NA,0.622626262626263
20260815,3,500,15,3000,3000,3000,3000,"fast",0.01,"","separate_mirage","trait1","pp08_power",0.8,0.08
20260815,3,500,15,3000,3000,3000,3000,"fast",0.01,"","separate_mirage","trait1","pp08_fdp",0.8,0
20260815,3,500,15,3000,3000,3000,3000,"fast",0.01,"","separate_mirage","trait1","pp08_discoveries",0.8,2
20260815,3,500,15,3000,3000,3000,3000,"fast",0.01,"","separate_mirage","trait2","pp08_power",0.8,0.1
20260815,3,500,15,3000,3000,3000,3000,"fast",0.01,"","separate_mirage","trait2","pp08_fdp",0.8,0
20260815,3,500,15,3000,3000,3000,3000,"fast",0.01,"","separate_mirage","trait2","pp08_discoveries",0.8,1
20260815,3,500,15,3000,3000,3000,3000,"fast",0.01,"","separate_mirage","pleiotropy","pp08_power",0.8,0
20260815,3,500,15,3000,3000,3000,3000,"fast",0.01,"","separate_mirage","pleiotropy","pp08_fdp",0.8,0
20260815,3,500,15,3000,3000,3000,3000,"fast",0.01,"","separate_mirage","pleiotropy","pp08_discoveries",0.8,0
20260815,3,500,15,3000,3000,3000,3000,"fast",0.01,"","separate_mirage","trait1","bfdr_observed_fdp",0.01,0
20260815,3,500,15,3000,3000,3000,3000,"fast",0.01,"","separate_mirage","trait1","bfdr_estimate",0.01,0.000150833657031946
20260815,3,500,15,3000,3000,3000,3000,"fast",0.01,"","separate_mirage","trait1","bfdr_power",0.01,0.04
20260815,3,500,15,3000,3000,3000,3000,"fast",0.01,"","separate_mirage","trait1","bfdr_discoveries",0.01,1
20260815,3,500,15,3000,3000,3000,3000,"fast",0.01,"","separate_mirage","trait1","bfdr_observed_fdp",0.05,0
20260815,3,500,15,3000,3000,3000,3000,"fast",0.01,"","separate_mirage","trait1","bfdr_estimate",0.05,0.0238795164338304
20260815,3,500,15,3000,3000,3000,3000,"fast",0.01,"","separate_mirage","trait1","bfdr_power",0.05,0.08
20260815,3,500,15,3000,3000,3000,3000,"fast",0.01,"","separate_mirage","trait1","bfdr_discoveries",0.05,2
20260815,3,500,15,3000,3000,3000,3000,"fast",0.01,"","separate_mirage","trait1","bfdr_observed_fdp",0.1,0
20260815,3,500,15,3000,3000,3000,3000,"fast",0.01,"","separate_mirage","trait1","bfdr_estimate",0.1,0.0238795164338304
20260815,3,500,15,3000,3000,3000,3000,"fast",0.01,"","separate_mirage","trait1","bfdr_power",0.1,0.08
20260815,3,500,15,3000,3000,3000,3000,"fast",0.01,"","separate_mirage","trait1","bfdr_discoveries",0.1,2
20260815,3,500,15,3000,3000,3000,3000,"fast",0.01,"","separate_mirage","trait1","bfdr_observed_fdp",0.2,0.5
20260815,3,500,15,3000,3000,3000,3000,"fast",0.01,"","separate_mirage","trait1","bfdr_estimate",0.2,0.174047332861549
20260815,3,500,15,3000,3000,3000,3000,"fast",0.01,"","separate_mirage","trait1","bfdr_power",0.2,0.08
20260815,3,500,15,3000,3000,3000,3000,"fast",0.01,"","separate_mirage","trait1","bfdr_discoveries",0.2,4
20260815,3,500,15,3000,3000,3000,3000,"fast",0.01,"","separate_mirage","trait2","bfdr_observed_fdp",0.01,0
20260815,3,500,15,3000,3000,3000,3000,"fast",0.01,"","separate_mirage","trait2","bfdr_estimate",0.01,0
20260815,3,500,15,3000,3000,3000,3000,"fast",0.01,"","separate_mirage","trait2","bfdr_power",0.01,0
20260815,3,500,15,3000,3000,3000,3000,"fast",0.01,"","separate_mirage","trait2","bfdr_discoveries",0.01,0
20260815,3,500,15,3000,3000,3000,3000,"fast",0.01,"","separate_mirage","trait2","bfdr_observed_fdp",0.05,0
20260815,3,500,15,3000,3000,3000,3000,"fast",0.01,"","separate_mirage","trait2","bfdr_estimate",0.05,0.0139479752239815
20260815,3,500,15,3000,3000,3000,3000,"fast",0.01,"","separate_mirage","trait2","bfdr_power",0.05,0.1
20260815,3,500,15,3000,3000,3000,3000,"fast",0.01,"","separate_mirage","trait2","bfdr_discoveries",0.05,1
20260815,3,500,15,3000,3000,3000,3000,"fast",0.01,"","separate_mirage","trait2","bfdr_observed_fdp",0.1,0
20260815,3,500,15,3000,3000,3000,3000,"fast",0.01,"","separate_mirage","trait2","bfdr_estimate",0.1,0.0139479752239815
20260815,3,500,15,3000,3000,3000,3000,"fast",0.01,"","separate_mirage","trait2","bfdr_power",0.1,0.1
20260815,3,500,15,3000,3000,3000,3000,"fast",0.01,"","separate_mirage","trait2","bfdr_discoveries",0.1,1
20260815,3,500,15,3000,3000,3000,3000,"fast",0.01,"","separate_mirage","trait2","bfdr_observed_fdp",0.2,0
20260815,3,500,15,3000,3000,3000,3000,"fast",0.01,"","separate_mirage","trait2","bfdr_estimate",0.2,0.0139479752239815
20260815,3,500,15,3000,3000,3000,3000,"fast",0.01,"","separate_mirage","trait2","bfdr_power",0.2,0.1
20260815,3,500,15,3000,3000,3000,3000,"fast",0.01,"","separate_mirage","trait2","bfdr_discoveries",0.2,1
20260815,3,500,15,3000,3000,3000,3000,"fast",0.01,"","separate_mirage","pleiotropy","bfdr_observed_fdp",0.01,0
20260815,3,500,15,3000,3000,3000,3000,"fast",0.01,"","separate_mirage","pleiotropy","bfdr_estimate",0.01,0
20260815,3,500,15,3000,3000,3000,3000,"fast",0.01,"","separate_mirage","pleiotropy","bfdr_power",0.01,0
20260815,3,500,15,3000,3000,3000,3000,"fast",0.01,"","separate_mirage","pleiotropy","bfdr_discoveries",0.01,0
20260815,3,500,15,3000,3000,3000,3000,"fast",0.01,"","separate_mirage","pleiotropy","bfdr_observed_fdp",0.05,0
20260815,3,500,15,3000,3000,3000,3000,"fast",0.01,"","separate_mirage","pleiotropy","bfdr_estimate",0.05,0
20260815,3,500,15,3000,3000,3000,3000,"fast",0.01,"","separate_mirage","pleiotropy","bfdr_power",0.05,0
20260815,3,500,15,3000,3000,3000,3000,"fast",0.01,"","separate_mirage","pleiotropy","bfdr_discoveries",0.05,0
20260815,3,500,15,3000,3000,3000,3000,"fast",0.01,"","separate_mirage","pleiotropy","bfdr_observed_fdp",0.1,0
20260815,3,500,15,3000,3000,3000,3000,"fast",0.01,"","separate_mirage","pleiotropy","bfdr_estimate",0.1,0
20260815,3,500,15,3000,3000,3000,3000,"fast",0.01,"","separate_mirage","pleiotropy","bfdr_power",0.1,0
20260815,3,500,15,3000,3000,3000,3000,"fast",0.01,"","separate_mirage","pleiotropy","bfdr_discoveries",0.1,0
20260815,3,500,15,3000,3000,3000,3000,"fast",0.01,"","separate_mirage","pleiotropy","bfdr_observed_fdp",0.2,0
20260815,3,500,15,3000,3000,3000,3000,"fast",0.01,"","separate_mirage","pleiotropy","bfdr_estimate",0.2,0
20260815,3,500,15,3000,3000,3000,3000,"fast",0.01,"","separate_mirage","pleiotropy","bfdr_power",0.2,0
20260815,3,500,15,3000,3000,3000,3000,"fast",0.01,"","separate_mirage","pleiotropy","bfdr_discoveries",0.2,0
20260815,3,500,15,3000,3000,3000,3000,"fast",0.01,"","separate_mirage","global","runtime_seconds",NA,18.085
20260815,3,500,15,3000,3000,3000,3000,"fast",0.01,"","separate_mirage","pleiotropy","pi11_estimate",NA,0.001
20260815,3,500,15,3000,3000,3000,3000,"fast",0.01,"","mtada_aggregated","trait1","auc",NA,0.848421052631579
20260815,3,500,15,3000,3000,3000,3000,"fast",0.01,"","mtada_aggregated","trait2","auc",NA,0.671428571428571
20260815,3,500,15,3000,3000,3000,3000,"fast",0.01,"","mtada_aggregated","pleiotropy","auc",NA,0.761212121212121
20260815,3,500,15,3000,3000,3000,3000,"fast",0.01,"","mtada_aggregated","trait1","pp08_power",0.8,0.2
20260815,3,500,15,3000,3000,3000,3000,"fast",0.01,"","mtada_aggregated","trait1","pp08_fdp",0.8,0
20260815,3,500,15,3000,3000,3000,3000,"fast",0.01,"","mtada_aggregated","trait1","pp08_discoveries",0.8,5
20260815,3,500,15,3000,3000,3000,3000,"fast",0.01,"","mtada_aggregated","trait2","pp08_power",0.8,0.1
20260815,3,500,15,3000,3000,3000,3000,"fast",0.01,"","mtada_aggregated","trait2","pp08_fdp",0.8,0
20260815,3,500,15,3000,3000,3000,3000,"fast",0.01,"","mtada_aggregated","trait2","pp08_discoveries",0.8,1
20260815,3,500,15,3000,3000,3000,3000,"fast",0.01,"","mtada_aggregated","pleiotropy","pp08_power",0.8,0
20260815,3,500,15,3000,3000,3000,3000,"fast",0.01,"","mtada_aggregated","pleiotropy","pp08_fdp",0.8,0
20260815,3,500,15,3000,3000,3000,3000,"fast",0.01,"","mtada_aggregated","pleiotropy","pp08_discoveries",0.8,0
20260815,3,500,15,3000,3000,3000,3000,"fast",0.01,"","mtada_aggregated","trait1","bfdr_observed_fdp",0.01,0
20260815,3,500,15,3000,3000,3000,3000,"fast",0.01,"","mtada_aggregated","trait1","bfdr_estimate",0.01,0.00869216401536858
20260815,3,500,15,3000,3000,3000,3000,"fast",0.01,"","mtada_aggregated","trait1","bfdr_power",0.01,0.12
20260815,3,500,15,3000,3000,3000,3000,"fast",0.01,"","mtada_aggregated","trait1","bfdr_discoveries",0.01,3
20260815,3,500,15,3000,3000,3000,3000,"fast",0.01,"","mtada_aggregated","trait1","bfdr_observed_fdp",0.05,0
20260815,3,500,15,3000,3000,3000,3000,"fast",0.01,"","mtada_aggregated","trait1","bfdr_estimate",0.05,0.0391908575863035
20260815,3,500,15,3000,3000,3000,3000,"fast",0.01,"","mtada_aggregated","trait1","bfdr_power",0.05,0.16
20260815,3,500,15,3000,3000,3000,3000,"fast",0.01,"","mtada_aggregated","trait1","bfdr_discoveries",0.05,4
20260815,3,500,15,3000,3000,3000,3000,"fast",0.01,"","mtada_aggregated","trait1","bfdr_observed_fdp",0.1,0
20260815,3,500,15,3000,3000,3000,3000,"fast",0.01,"","mtada_aggregated","trait1","bfdr_estimate",0.1,0.0963521772186988
20260815,3,500,15,3000,3000,3000,3000,"fast",0.01,"","mtada_aggregated","trait1","bfdr_power",0.1,0.24
20260815,3,500,15,3000,3000,3000,3000,"fast",0.01,"","mtada_aggregated","trait1","bfdr_discoveries",0.1,6
20260815,3,500,15,3000,3000,3000,3000,"fast",0.01,"","mtada_aggregated","trait1","bfdr_observed_fdp",0.2,0.125
20260815,3,500,15,3000,3000,3000,3000,"fast",0.01,"","mtada_aggregated","trait1","bfdr_estimate",0.2,0.183878030552479
20260815,3,500,15,3000,3000,3000,3000,"fast",0.01,"","mtada_aggregated","trait1","bfdr_power",0.2,0.28
20260815,3,500,15,3000,3000,3000,3000,"fast",0.01,"","mtada_aggregated","trait1","bfdr_discoveries",0.2,8
20260815,3,500,15,3000,3000,3000,3000,"fast",0.01,"","mtada_aggregated","trait2","bfdr_observed_fdp",0.01,0
20260815,3,500,15,3000,3000,3000,3000,"fast",0.01,"","mtada_aggregated","trait2","bfdr_estimate",0.01,0
20260815,3,500,15,3000,3000,3000,3000,"fast",0.01,"","mtada_aggregated","trait2","bfdr_power",0.01,0.1
20260815,3,500,15,3000,3000,3000,3000,"fast",0.01,"","mtada_aggregated","trait2","bfdr_discoveries",0.01,1
20260815,3,500,15,3000,3000,3000,3000,"fast",0.01,"","mtada_aggregated","trait2","bfdr_observed_fdp",0.05,0
20260815,3,500,15,3000,3000,3000,3000,"fast",0.01,"","mtada_aggregated","trait2","bfdr_estimate",0.05,0
20260815,3,500,15,3000,3000,3000,3000,"fast",0.01,"","mtada_aggregated","trait2","bfdr_power",0.05,0.1
20260815,3,500,15,3000,3000,3000,3000,"fast",0.01,"","mtada_aggregated","trait2","bfdr_discoveries",0.05,1
20260815,3,500,15,3000,3000,3000,3000,"fast",0.01,"","mtada_aggregated","trait2","bfdr_observed_fdp",0.1,0
20260815,3,500,15,3000,3000,3000,3000,"fast",0.01,"","mtada_aggregated","trait2","bfdr_estimate",0.1,0
20260815,3,500,15,3000,3000,3000,3000,"fast",0.01,"","mtada_aggregated","trait2","bfdr_power",0.1,0.1
20260815,3,500,15,3000,3000,3000,3000,"fast",0.01,"","mtada_aggregated","trait2","bfdr_discoveries",0.1,1
20260815,3,500,15,3000,3000,3000,3000,"fast",0.01,"","mtada_aggregated","trait2","bfdr_observed_fdp",0.2,0
20260815,3,500,15,3000,3000,3000,3000,"fast",0.01,"","mtada_aggregated","trait2","bfdr_estimate",0.2,0
20260815,3,500,15,3000,3000,3000,3000,"fast",0.01,"","mtada_aggregated","trait2","bfdr_power",0.2,0.1
20260815,3,500,15,3000,3000,3000,3000,"fast",0.01,"","mtada_aggregated","trait2","bfdr_discoveries",0.2,1
20260815,3,500,15,3000,3000,3000,3000,"fast",0.01,"","mtada_aggregated","pleiotropy","bfdr_observed_fdp",0.01,0
20260815,3,500,15,3000,3000,3000,3000,"fast",0.01,"","mtada_aggregated","pleiotropy","bfdr_estimate",0.01,0
20260815,3,500,15,3000,3000,3000,3000,"fast",0.01,"","mtada_aggregated","pleiotropy","bfdr_power",0.01,0
20260815,3,500,15,3000,3000,3000,3000,"fast",0.01,"","mtada_aggregated","pleiotropy","bfdr_discoveries",0.01,0
20260815,3,500,15,3000,3000,3000,3000,"fast",0.01,"","mtada_aggregated","pleiotropy","bfdr_observed_fdp",0.05,0
20260815,3,500,15,3000,3000,3000,3000,"fast",0.01,"","mtada_aggregated","pleiotropy","bfdr_estimate",0.05,0
20260815,3,500,15,3000,3000,3000,3000,"fast",0.01,"","mtada_aggregated","pleiotropy","bfdr_power",0.05,0
20260815,3,500,15,3000,3000,3000,3000,"fast",0.01,"","mtada_aggregated","pleiotropy","bfdr_discoveries",0.05,0
20260815,3,500,15,3000,3000,3000,3000,"fast",0.01,"","mtada_aggregated","pleiotropy","bfdr_observed_fdp",0.1,0
20260815,3,500,15,3000,3000,3000,3000,"fast",0.01,"","mtada_aggregated","pleiotropy","bfdr_estimate",0.1,0
20260815,3,500,15,3000,3000,3000,3000,"fast",0.01,"","mtada_aggregated","pleiotropy","bfdr_power",0.1,0
20260815,3,500,15,3000,3000,3000,3000,"fast",0.01,"","mtada_aggregated","pleiotropy","bfdr_discoveries",0.1,0
20260815,3,500,15,3000,3000,3000,3000,"fast",0.01,"","mtada_aggregated","pleiotropy","bfdr_observed_fdp",0.2,0
20260815,3,500,15,3000,3000,3000,3000,"fast",0.01,"","mtada_aggregated","pleiotropy","bfdr_estimate",0.2,0
20260815,3,500,15,3000,3000,3000,3000,"fast",0.01,"","mtada_aggregated","pleiotropy","bfdr_power",0.2,0
20260815,3,500,15,3000,3000,3000,3000,"fast",0.01,"","mtada_aggregated","pleiotropy","bfdr_discoveries",0.2,0
20260815,3,500,15,3000,3000,3000,3000,"fast",0.01,"","mtada_aggregated","global","runtime_seconds",NA,0.72999999999999
20260815,3,500,15,3000,3000,3000,3000,"fast",0.01,"","mtada_aggregated","pleiotropy","pi11_estimate",NA,0.00342128
20260816,4,500,15,3000,3000,3000,3000,"fast",0.01,"","mirage_joint","trait1","auc",NA,0.763452631578947
20260816,4,500,15,3000,3000,3000,3000,"fast",0.01,"","mirage_joint","trait2","auc",NA,0.930612244897959
20260816,4,500,15,3000,3000,3000,3000,"fast",0.01,"","mirage_joint","pleiotropy","auc",NA,0.985454545454545
20260816,4,500,15,3000,3000,3000,3000,"fast",0.01,"","mirage_joint","trait1","pp08_power",0.8,0.2
20260816,4,500,15,3000,3000,3000,3000,"fast",0.01,"","mirage_joint","trait1","pp08_fdp",0.8,0.166666666666667
20260816,4,500,15,3000,3000,3000,3000,"fast",0.01,"","mirage_joint","trait1","pp08_discoveries",0.8,6
20260816,4,500,15,3000,3000,3000,3000,"fast",0.01,"","mirage_joint","trait2","pp08_power",0.8,0.2
20260816,4,500,15,3000,3000,3000,3000,"fast",0.01,"","mirage_joint","trait2","pp08_fdp",0.8,0
20260816,4,500,15,3000,3000,3000,3000,"fast",0.01,"","mirage_joint","trait2","pp08_discoveries",0.8,2
20260816,4,500,15,3000,3000,3000,3000,"fast",0.01,"","mirage_joint","pleiotropy","pp08_power",0.8,0.2
20260816,4,500,15,3000,3000,3000,3000,"fast",0.01,"","mirage_joint","pleiotropy","pp08_fdp",0.8,0.5
20260816,4,500,15,3000,3000,3000,3000,"fast",0.01,"","mirage_joint","pleiotropy","pp08_discoveries",0.8,2
20260816,4,500,15,3000,3000,3000,3000,"fast",0.01,"","mirage_joint","trait1","bfdr_observed_fdp",0.01,0
20260816,4,500,15,3000,3000,3000,3000,"fast",0.01,"","mirage_joint","trait1","bfdr_estimate",0.01,3.901977299825e-05
20260816,4,500,15,3000,3000,3000,3000,"fast",0.01,"","mirage_joint","trait1","bfdr_power",0.01,0.04
20260816,4,500,15,3000,3000,3000,3000,"fast",0.01,"","mirage_joint","trait1","bfdr_discoveries",0.01,1
20260816,4,500,15,3000,3000,3000,3000,"fast",0.01,"","mirage_joint","trait1","bfdr_observed_fdp",0.05,0
20260816,4,500,15,3000,3000,3000,3000,"fast",0.01,"","mirage_joint","trait1","bfdr_estimate",0.05,0.0402897160721509
20260816,4,500,15,3000,3000,3000,3000,"fast",0.01,"","mirage_joint","trait1","bfdr_power",0.05,0.16
20260816,4,500,15,3000,3000,3000,3000,"fast",0.01,"","mirage_joint","trait1","bfdr_discoveries",0.05,4
20260816,4,500,15,3000,3000,3000,3000,"fast",0.01,"","mirage_joint","trait1","bfdr_observed_fdp",0.1,0.166666666666667
20260816,4,500,15,3000,3000,3000,3000,"fast",0.01,"","mirage_joint","trait1","bfdr_estimate",0.1,0.0811242198858876
20260816,4,500,15,3000,3000,3000,3000,"fast",0.01,"","mirage_joint","trait1","bfdr_power",0.1,0.2
20260816,4,500,15,3000,3000,3000,3000,"fast",0.01,"","mirage_joint","trait1","bfdr_discoveries",0.1,6
20260816,4,500,15,3000,3000,3000,3000,"fast",0.01,"","mirage_joint","trait1","bfdr_observed_fdp",0.2,0.2
20260816,4,500,15,3000,3000,3000,3000,"fast",0.01,"","mirage_joint","trait1","bfdr_estimate",0.2,0.189536768854693
20260816,4,500,15,3000,3000,3000,3000,"fast",0.01,"","mirage_joint","trait1","bfdr_power",0.2,0.32
20260816,4,500,15,3000,3000,3000,3000,"fast",0.01,"","mirage_joint","trait1","bfdr_discoveries",0.2,10
20260816,4,500,15,3000,3000,3000,3000,"fast",0.01,"","mirage_joint","trait2","bfdr_observed_fdp",0.01,0
20260816,4,500,15,3000,3000,3000,3000,"fast",0.01,"","mirage_joint","trait2","bfdr_estimate",0.01,0
20260816,4,500,15,3000,3000,3000,3000,"fast",0.01,"","mirage_joint","trait2","bfdr_power",0.01,0
20260816,4,500,15,3000,3000,3000,3000,"fast",0.01,"","mirage_joint","trait2","bfdr_discoveries",0.01,0
20260816,4,500,15,3000,3000,3000,3000,"fast",0.01,"","mirage_joint","trait2","bfdr_observed_fdp",0.05,0
20260816,4,500,15,3000,3000,3000,3000,"fast",0.01,"","mirage_joint","trait2","bfdr_estimate",0.05,0
20260816,4,500,15,3000,3000,3000,3000,"fast",0.01,"","mirage_joint","trait2","bfdr_power",0.05,0
20260816,4,500,15,3000,3000,3000,3000,"fast",0.01,"","mirage_joint","trait2","bfdr_discoveries",0.05,0
20260816,4,500,15,3000,3000,3000,3000,"fast",0.01,"","mirage_joint","trait2","bfdr_observed_fdp",0.1,0
20260816,4,500,15,3000,3000,3000,3000,"fast",0.01,"","mirage_joint","trait2","bfdr_estimate",0.1,0
20260816,4,500,15,3000,3000,3000,3000,"fast",0.01,"","mirage_joint","trait2","bfdr_power",0.1,0
20260816,4,500,15,3000,3000,3000,3000,"fast",0.01,"","mirage_joint","trait2","bfdr_discoveries",0.1,0
20260816,4,500,15,3000,3000,3000,3000,"fast",0.01,"","mirage_joint","trait2","bfdr_observed_fdp",0.2,0
20260816,4,500,15,3000,3000,3000,3000,"fast",0.01,"","mirage_joint","trait2","bfdr_estimate",0.2,0.167498016554803
20260816,4,500,15,3000,3000,3000,3000,"fast",0.01,"","mirage_joint","trait2","bfdr_power",0.2,0.2
20260816,4,500,15,3000,3000,3000,3000,"fast",0.01,"","mirage_joint","trait2","bfdr_discoveries",0.2,2
20260816,4,500,15,3000,3000,3000,3000,"fast",0.01,"","mirage_joint","pleiotropy","bfdr_observed_fdp",0.01,0
20260816,4,500,15,3000,3000,3000,3000,"fast",0.01,"","mirage_joint","pleiotropy","bfdr_estimate",0.01,0
20260816,4,500,15,3000,3000,3000,3000,"fast",0.01,"","mirage_joint","pleiotropy","bfdr_power",0.01,0
20260816,4,500,15,3000,3000,3000,3000,"fast",0.01,"","mirage_joint","pleiotropy","bfdr_discoveries",0.01,0
20260816,4,500,15,3000,3000,3000,3000,"fast",0.01,"","mirage_joint","pleiotropy","bfdr_observed_fdp",0.05,0
20260816,4,500,15,3000,3000,3000,3000,"fast",0.01,"","mirage_joint","pleiotropy","bfdr_estimate",0.05,0
20260816,4,500,15,3000,3000,3000,3000,"fast",0.01,"","mirage_joint","pleiotropy","bfdr_power",0.05,0
20260816,4,500,15,3000,3000,3000,3000,"fast",0.01,"","mirage_joint","pleiotropy","bfdr_discoveries",0.05,0
20260816,4,500,15,3000,3000,3000,3000,"fast",0.01,"","mirage_joint","pleiotropy","bfdr_observed_fdp",0.1,0
20260816,4,500,15,3000,3000,3000,3000,"fast",0.01,"","mirage_joint","pleiotropy","bfdr_estimate",0.1,0
20260816,4,500,15,3000,3000,3000,3000,"fast",0.01,"","mirage_joint","pleiotropy","bfdr_power",0.1,0
20260816,4,500,15,3000,3000,3000,3000,"fast",0.01,"","mirage_joint","pleiotropy","bfdr_discoveries",0.1,0
20260816,4,500,15,3000,3000,3000,3000,"fast",0.01,"","mirage_joint","pleiotropy","bfdr_observed_fdp",0.2,0.5
20260816,4,500,15,3000,3000,3000,3000,"fast",0.01,"","mirage_joint","pleiotropy","bfdr_estimate",0.2,0.169181565910215
20260816,4,500,15,3000,3000,3000,3000,"fast",0.01,"","mirage_joint","pleiotropy","bfdr_power",0.2,0.2
20260816,4,500,15,3000,3000,3000,3000,"fast",0.01,"","mirage_joint","pleiotropy","bfdr_discoveries",0.2,2
20260816,4,500,15,3000,3000,3000,3000,"fast",0.01,"","mirage_joint","global","runtime_seconds",NA,18.101
20260816,4,500,15,3000,3000,3000,3000,"fast",0.01,"","mirage_joint","pleiotropy","pi11_estimate",NA,0.0301191361850442
20260816,4,500,15,3000,3000,3000,3000,"fast",0.01,"","separate_mirage","trait1","auc",NA,0.745768421052632
20260816,4,500,15,3000,3000,3000,3000,"fast",0.01,"","separate_mirage","trait2","auc",NA,0.823061224489796
20260816,4,500,15,3000,3000,3000,3000,"fast",0.01,"","separate_mirage","pleiotropy","auc",NA,0.968080808080808
20260816,4,500,15,3000,3000,3000,3000,"fast",0.01,"","separate_mirage","trait1","pp08_power",0.8,0.12
20260816,4,500,15,3000,3000,3000,3000,"fast",0.01,"","separate_mirage","trait1","pp08_fdp",0.8,0
20260816,4,500,15,3000,3000,3000,3000,"fast",0.01,"","separate_mirage","trait1","pp08_discoveries",0.8,3
20260816,4,500,15,3000,3000,3000,3000,"fast",0.01,"","separate_mirage","trait2","pp08_power",0.8,0
20260816,4,500,15,3000,3000,3000,3000,"fast",0.01,"","separate_mirage","trait2","pp08_fdp",0.8,0
20260816,4,500,15,3000,3000,3000,3000,"fast",0.01,"","separate_mirage","trait2","pp08_discoveries",0.8,0
20260816,4,500,15,3000,3000,3000,3000,"fast",0.01,"","separate_mirage","pleiotropy","pp08_power",0.8,0
20260816,4,500,15,3000,3000,3000,3000,"fast",0.01,"","separate_mirage","pleiotropy","pp08_fdp",0.8,0
20260816,4,500,15,3000,3000,3000,3000,"fast",0.01,"","separate_mirage","pleiotropy","pp08_discoveries",0.8,0
20260816,4,500,15,3000,3000,3000,3000,"fast",0.01,"","separate_mirage","trait1","bfdr_observed_fdp",0.01,0
20260816,4,500,15,3000,3000,3000,3000,"fast",0.01,"","separate_mirage","trait1","bfdr_estimate",0.01,0.000141204528818162
20260816,4,500,15,3000,3000,3000,3000,"fast",0.01,"","separate_mirage","trait1","bfdr_power",0.01,0.04
20260816,4,500,15,3000,3000,3000,3000,"fast",0.01,"","separate_mirage","trait1","bfdr_discoveries",0.01,1
20260816,4,500,15,3000,3000,3000,3000,"fast",0.01,"","separate_mirage","trait1","bfdr_observed_fdp",0.05,0
20260816,4,500,15,3000,3000,3000,3000,"fast",0.01,"","separate_mirage","trait1","bfdr_estimate",0.05,0.0320704096253012
20260816,4,500,15,3000,3000,3000,3000,"fast",0.01,"","separate_mirage","trait1","bfdr_power",0.05,0.12
20260816,4,500,15,3000,3000,3000,3000,"fast",0.01,"","separate_mirage","trait1","bfdr_discoveries",0.05,3
20260816,4,500,15,3000,3000,3000,3000,"fast",0.01,"","separate_mirage","trait1","bfdr_observed_fdp",0.1,0
20260816,4,500,15,3000,3000,3000,3000,"fast",0.01,"","separate_mirage","trait1","bfdr_estimate",0.1,0.0320704096253012
20260816,4,500,15,3000,3000,3000,3000,"fast",0.01,"","separate_mirage","trait1","bfdr_power",0.1,0.12
20260816,4,500,15,3000,3000,3000,3000,"fast",0.01,"","separate_mirage","trait1","bfdr_discoveries",0.1,3
20260816,4,500,15,3000,3000,3000,3000,"fast",0.01,"","separate_mirage","trait1","bfdr_observed_fdp",0.2,0
20260816,4,500,15,3000,3000,3000,3000,"fast",0.01,"","separate_mirage","trait1","bfdr_estimate",0.2,0.175287603062651
20260816,4,500,15,3000,3000,3000,3000,"fast",0.01,"","separate_mirage","trait1","bfdr_power",0.2,0.2
20260816,4,500,15,3000,3000,3000,3000,"fast",0.01,"","separate_mirage","trait1","bfdr_discoveries",0.2,5
20260816,4,500,15,3000,3000,3000,3000,"fast",0.01,"","separate_mirage","trait2","bfdr_observed_fdp",0.01,0
20260816,4,500,15,3000,3000,3000,3000,"fast",0.01,"","separate_mirage","trait2","bfdr_estimate",0.01,0
20260816,4,500,15,3000,3000,3000,3000,"fast",0.01,"","separate_mirage","trait2","bfdr_power",0.01,0
20260816,4,500,15,3000,3000,3000,3000,"fast",0.01,"","separate_mirage","trait2","bfdr_discoveries",0.01,0
20260816,4,500,15,3000,3000,3000,3000,"fast",0.01,"","separate_mirage","trait2","bfdr_observed_fdp",0.05,0
20260816,4,500,15,3000,3000,3000,3000,"fast",0.01,"","separate_mirage","trait2","bfdr_estimate",0.05,0
20260816,4,500,15,3000,3000,3000,3000,"fast",0.01,"","separate_mirage","trait2","bfdr_power",0.05,0
20260816,4,500,15,3000,3000,3000,3000,"fast",0.01,"","separate_mirage","trait2","bfdr_discoveries",0.05,0
20260816,4,500,15,3000,3000,3000,3000,"fast",0.01,"","separate_mirage","trait2","bfdr_observed_fdp",0.1,0
20260816,4,500,15,3000,3000,3000,3000,"fast",0.01,"","separate_mirage","trait2","bfdr_estimate",0.1,0
20260816,4,500,15,3000,3000,3000,3000,"fast",0.01,"","separate_mirage","trait2","bfdr_power",0.1,0
20260816,4,500,15,3000,3000,3000,3000,"fast",0.01,"","separate_mirage","trait2","bfdr_discoveries",0.1,0
20260816,4,500,15,3000,3000,3000,3000,"fast",0.01,"","separate_mirage","trait2","bfdr_observed_fdp",0.2,0
20260816,4,500,15,3000,3000,3000,3000,"fast",0.01,"","separate_mirage","trait2","bfdr_estimate",0.2,0
20260816,4,500,15,3000,3000,3000,3000,"fast",0.01,"","separate_mirage","trait2","bfdr_power",0.2,0
20260816,4,500,15,3000,3000,3000,3000,"fast",0.01,"","separate_mirage","trait2","bfdr_discoveries",0.2,0
20260816,4,500,15,3000,3000,3000,3000,"fast",0.01,"","separate_mirage","pleiotropy","bfdr_observed_fdp",0.01,0
20260816,4,500,15,3000,3000,3000,3000,"fast",0.01,"","separate_mirage","pleiotropy","bfdr_estimate",0.01,0
20260816,4,500,15,3000,3000,3000,3000,"fast",0.01,"","separate_mirage","pleiotropy","bfdr_power",0.01,0
20260816,4,500,15,3000,3000,3000,3000,"fast",0.01,"","separate_mirage","pleiotropy","bfdr_discoveries",0.01,0
20260816,4,500,15,3000,3000,3000,3000,"fast",0.01,"","separate_mirage","pleiotropy","bfdr_observed_fdp",0.05,0
20260816,4,500,15,3000,3000,3000,3000,"fast",0.01,"","separate_mirage","pleiotropy","bfdr_estimate",0.05,0
20260816,4,500,15,3000,3000,3000,3000,"fast",0.01,"","separate_mirage","pleiotropy","bfdr_power",0.05,0
20260816,4,500,15,3000,3000,3000,3000,"fast",0.01,"","separate_mirage","pleiotropy","bfdr_discoveries",0.05,0
20260816,4,500,15,3000,3000,3000,3000,"fast",0.01,"","separate_mirage","pleiotropy","bfdr_observed_fdp",0.1,0
20260816,4,500,15,3000,3000,3000,3000,"fast",0.01,"","separate_mirage","pleiotropy","bfdr_estimate",0.1,0
20260816,4,500,15,3000,3000,3000,3000,"fast",0.01,"","separate_mirage","pleiotropy","bfdr_power",0.1,0
20260816,4,500,15,3000,3000,3000,3000,"fast",0.01,"","separate_mirage","pleiotropy","bfdr_discoveries",0.1,0
20260816,4,500,15,3000,3000,3000,3000,"fast",0.01,"","separate_mirage","pleiotropy","bfdr_observed_fdp",0.2,0
20260816,4,500,15,3000,3000,3000,3000,"fast",0.01,"","separate_mirage","pleiotropy","bfdr_estimate",0.2,0
20260816,4,500,15,3000,3000,3000,3000,"fast",0.01,"","separate_mirage","pleiotropy","bfdr_power",0.2,0
20260816,4,500,15,3000,3000,3000,3000,"fast",0.01,"","separate_mirage","pleiotropy","bfdr_discoveries",0.2,0
20260816,4,500,15,3000,3000,3000,3000,"fast",0.01,"","separate_mirage","global","runtime_seconds",NA,18.071
20260816,4,500,15,3000,3000,3000,3000,"fast",0.01,"","separate_mirage","pleiotropy","pi11_estimate",NA,0.001
20260816,4,500,15,3000,3000,3000,3000,"fast",0.01,"","mtada_aggregated","trait1","auc",NA,0.792252631578947
20260816,4,500,15,3000,3000,3000,3000,"fast",0.01,"","mtada_aggregated","trait2","auc",NA,0.887551020408163
20260816,4,500,15,3000,3000,3000,3000,"fast",0.01,"","mtada_aggregated","pleiotropy","auc",NA,0.882828282828283
20260816,4,500,15,3000,3000,3000,3000,"fast",0.01,"","mtada_aggregated","trait1","pp08_power",0.8,0.28
20260816,4,500,15,3000,3000,3000,3000,"fast",0.01,"","mtada_aggregated","trait1","pp08_fdp",0.8,0
20260816,4,500,15,3000,3000,3000,3000,"fast",0.01,"","mtada_aggregated","trait1","pp08_discoveries",0.8,7
20260816,4,500,15,3000,3000,3000,3000,"fast",0.01,"","mtada_aggregated","trait2","pp08_power",0.8,0.4
20260816,4,500,15,3000,3000,3000,3000,"fast",0.01,"","mtada_aggregated","trait2","pp08_fdp",0.8,0
20260816,4,500,15,3000,3000,3000,3000,"fast",0.01,"","mtada_aggregated","trait2","pp08_discoveries",0.8,4
20260816,4,500,15,3000,3000,3000,3000,"fast",0.01,"","mtada_aggregated","pleiotropy","pp08_power",0.8,0
20260816,4,500,15,3000,3000,3000,3000,"fast",0.01,"","mtada_aggregated","pleiotropy","pp08_fdp",0.8,0
20260816,4,500,15,3000,3000,3000,3000,"fast",0.01,"","mtada_aggregated","pleiotropy","pp08_discoveries",0.8,0
20260816,4,500,15,3000,3000,3000,3000,"fast",0.01,"","mtada_aggregated","trait1","bfdr_observed_fdp",0.01,0
20260816,4,500,15,3000,3000,3000,3000,"fast",0.01,"","mtada_aggregated","trait1","bfdr_estimate",0.01,0.00956319309560487
20260816,4,500,15,3000,3000,3000,3000,"fast",0.01,"","mtada_aggregated","trait1","bfdr_power",0.01,0.2
20260816,4,500,15,3000,3000,3000,3000,"fast",0.01,"","mtada_aggregated","trait1","bfdr_discoveries",0.01,5
20260816,4,500,15,3000,3000,3000,3000,"fast",0.01,"","mtada_aggregated","trait1","bfdr_observed_fdp",0.05,0
20260816,4,500,15,3000,3000,3000,3000,"fast",0.01,"","mtada_aggregated","trait1","bfdr_estimate",0.05,0.0329596559054636
20260816,4,500,15,3000,3000,3000,3000,"fast",0.01,"","mtada_aggregated","trait1","bfdr_power",0.05,0.28
20260816,4,500,15,3000,3000,3000,3000,"fast",0.01,"","mtada_aggregated","trait1","bfdr_discoveries",0.05,7
20260816,4,500,15,3000,3000,3000,3000,"fast",0.01,"","mtada_aggregated","trait1","bfdr_observed_fdp",0.1,0.111111111111111
20260816,4,500,15,3000,3000,3000,3000,"fast",0.01,"","mtada_aggregated","trait1","bfdr_estimate",0.1,0.0967371001642672
20260816,4,500,15,3000,3000,3000,3000,"fast",0.01,"","mtada_aggregated","trait1","bfdr_power",0.1,0.32
20260816,4,500,15,3000,3000,3000,3000,"fast",0.01,"","mtada_aggregated","trait1","bfdr_discoveries",0.1,9
20260816,4,500,15,3000,3000,3000,3000,"fast",0.01,"","mtada_aggregated","trait1","bfdr_observed_fdp",0.2,0.2
20260816,4,500,15,3000,3000,3000,3000,"fast",0.01,"","mtada_aggregated","trait1","bfdr_estimate",0.2,0.152514940023912
20260816,4,500,15,3000,3000,3000,3000,"fast",0.01,"","mtada_aggregated","trait1","bfdr_power",0.2,0.32
20260816,4,500,15,3000,3000,3000,3000,"fast",0.01,"","mtada_aggregated","trait1","bfdr_discoveries",0.2,10
20260816,4,500,15,3000,3000,3000,3000,"fast",0.01,"","mtada_aggregated","trait2","bfdr_observed_fdp",0.01,0
20260816,4,500,15,3000,3000,3000,3000,"fast",0.01,"","mtada_aggregated","trait2","bfdr_estimate",0.01,2.58727566920802e-05
20260816,4,500,15,3000,3000,3000,3000,"fast",0.01,"","mtada_aggregated","trait2","bfdr_power",0.01,0.1
20260816,4,500,15,3000,3000,3000,3000,"fast",0.01,"","mtada_aggregated","trait2","bfdr_discoveries",0.01,1
20260816,4,500,15,3000,3000,3000,3000,"fast",0.01,"","mtada_aggregated","trait2","bfdr_observed_fdp",0.05,0
20260816,4,500,15,3000,3000,3000,3000,"fast",0.01,"","mtada_aggregated","trait2","bfdr_estimate",0.05,0.0476577997781154
20260816,4,500,15,3000,3000,3000,3000,"fast",0.01,"","mtada_aggregated","trait2","bfdr_power",0.05,0.4
20260816,4,500,15,3000,3000,3000,3000,"fast",0.01,"","mtada_aggregated","trait2","bfdr_discoveries",0.05,4
20260816,4,500,15,3000,3000,3000,3000,"fast",0.01,"","mtada_aggregated","trait2","bfdr_observed_fdp",0.1,0
20260816,4,500,15,3000,3000,3000,3000,"fast",0.01,"","mtada_aggregated","trait2","bfdr_estimate",0.1,0.0476577997781154
20260816,4,500,15,3000,3000,3000,3000,"fast",0.01,"","mtada_aggregated","trait2","bfdr_power",0.1,0.4
20260816,4,500,15,3000,3000,3000,3000,"fast",0.01,"","mtada_aggregated","trait2","bfdr_discoveries",0.1,4
20260816,4,500,15,3000,3000,3000,3000,"fast",0.01,"","mtada_aggregated","trait2","bfdr_observed_fdp",0.2,0
20260816,4,500,15,3000,3000,3000,3000,"fast",0.01,"","mtada_aggregated","trait2","bfdr_estimate",0.2,0.0476577997781154
20260816,4,500,15,3000,3000,3000,3000,"fast",0.01,"","mtada_aggregated","trait2","bfdr_power",0.2,0.4
20260816,4,500,15,3000,3000,3000,3000,"fast",0.01,"","mtada_aggregated","trait2","bfdr_discoveries",0.2,4
20260816,4,500,15,3000,3000,3000,3000,"fast",0.01,"","mtada_aggregated","pleiotropy","bfdr_observed_fdp",0.01,0
20260816,4,500,15,3000,3000,3000,3000,"fast",0.01,"","mtada_aggregated","pleiotropy","bfdr_estimate",0.01,0
20260816,4,500,15,3000,3000,3000,3000,"fast",0.01,"","mtada_aggregated","pleiotropy","bfdr_power",0.01,0
20260816,4,500,15,3000,3000,3000,3000,"fast",0.01,"","mtada_aggregated","pleiotropy","bfdr_discoveries",0.01,0
20260816,4,500,15,3000,3000,3000,3000,"fast",0.01,"","mtada_aggregated","pleiotropy","bfdr_observed_fdp",0.05,0
20260816,4,500,15,3000,3000,3000,3000,"fast",0.01,"","mtada_aggregated","pleiotropy","bfdr_estimate",0.05,0
20260816,4,500,15,3000,3000,3000,3000,"fast",0.01,"","mtada_aggregated","pleiotropy","bfdr_power",0.05,0
20260816,4,500,15,3000,3000,3000,3000,"fast",0.01,"","mtada_aggregated","pleiotropy","bfdr_discoveries",0.05,0
20260816,4,500,15,3000,3000,3000,3000,"fast",0.01,"","mtada_aggregated","pleiotropy","bfdr_observed_fdp",0.1,0
20260816,4,500,15,3000,3000,3000,3000,"fast",0.01,"","mtada_aggregated","pleiotropy","bfdr_estimate",0.1,0
20260816,4,500,15,3000,3000,3000,3000,"fast",0.01,"","mtada_aggregated","pleiotropy","bfdr_power",0.1,0
20260816,4,500,15,3000,3000,3000,3000,"fast",0.01,"","mtada_aggregated","pleiotropy","bfdr_discoveries",0.1,0
20260816,4,500,15,3000,3000,3000,3000,"fast",0.01,"","mtada_aggregated","pleiotropy","bfdr_observed_fdp",0.2,0
20260816,4,500,15,3000,3000,3000,3000,"fast",0.01,"","mtada_aggregated","pleiotropy","bfdr_estimate",0.2,0
20260816,4,500,15,3000,3000,3000,3000,"fast",0.01,"","mtada_aggregated","pleiotropy","bfdr_power",0.2,0
20260816,4,500,15,3000,3000,3000,3000,"fast",0.01,"","mtada_aggregated","pleiotropy","bfdr_discoveries",0.2,0
20260816,4,500,15,3000,3000,3000,3000,"fast",0.01,"","mtada_aggregated","global","runtime_seconds",NA,0.694000000000017
20260816,4,500,15,3000,3000,3000,3000,"fast",0.01,"","mtada_aggregated","pleiotropy","pi11_estimate",NA,0.00512376
20260817,5,500,15,3000,3000,3000,3000,"fast",0.01,"","mirage_joint","trait1","auc",NA,0.655915789473684
20260817,5,500,15,3000,3000,3000,3000,"fast",0.01,"","mirage_joint","trait2","auc",NA,0.781224489795918
20260817,5,500,15,3000,3000,3000,3000,"fast",0.01,"","mirage_joint","pleiotropy","auc",NA,0.775353535353535
20260817,5,500,15,3000,3000,3000,3000,"fast",0.01,"","mirage_joint","trait1","pp08_power",0.8,0.2
20260817,5,500,15,3000,3000,3000,3000,"fast",0.01,"","mirage_joint","trait1","pp08_fdp",0.8,0
20260817,5,500,15,3000,3000,3000,3000,"fast",0.01,"","mirage_joint","trait1","pp08_discoveries",0.8,5
20260817,5,500,15,3000,3000,3000,3000,"fast",0.01,"","mirage_joint","trait2","pp08_power",0.8,0.2
20260817,5,500,15,3000,3000,3000,3000,"fast",0.01,"","mirage_joint","trait2","pp08_fdp",0.8,0
20260817,5,500,15,3000,3000,3000,3000,"fast",0.01,"","mirage_joint","trait2","pp08_discoveries",0.8,2
20260817,5,500,15,3000,3000,3000,3000,"fast",0.01,"","mirage_joint","pleiotropy","pp08_power",0.8,0
20260817,5,500,15,3000,3000,3000,3000,"fast",0.01,"","mirage_joint","pleiotropy","pp08_fdp",0.8,0
20260817,5,500,15,3000,3000,3000,3000,"fast",0.01,"","mirage_joint","pleiotropy","pp08_discoveries",0.8,0
20260817,5,500,15,3000,3000,3000,3000,"fast",0.01,"","mirage_joint","trait1","bfdr_observed_fdp",0.01,0
20260817,5,500,15,3000,3000,3000,3000,"fast",0.01,"","mirage_joint","trait1","bfdr_estimate",0.01,0.00918062698221273
20260817,5,500,15,3000,3000,3000,3000,"fast",0.01,"","mirage_joint","trait1","bfdr_power",0.01,0.08
20260817,5,500,15,3000,3000,3000,3000,"fast",0.01,"","mirage_joint","trait1","bfdr_discoveries",0.01,2
20260817,5,500,15,3000,3000,3000,3000,"fast",0.01,"","mirage_joint","trait1","bfdr_observed_fdp",0.05,0
20260817,5,500,15,3000,3000,3000,3000,"fast",0.01,"","mirage_joint","trait1","bfdr_estimate",0.05,0.0369556965415211
20260817,5,500,15,3000,3000,3000,3000,"fast",0.01,"","mirage_joint","trait1","bfdr_power",0.05,0.16
20260817,5,500,15,3000,3000,3000,3000,"fast",0.01,"","mirage_joint","trait1","bfdr_discoveries",0.05,4
20260817,5,500,15,3000,3000,3000,3000,"fast",0.01,"","mirage_joint","trait1","bfdr_observed_fdp",0.1,0
20260817,5,500,15,3000,3000,3000,3000,"fast",0.01,"","mirage_joint","trait1","bfdr_estimate",0.1,0.0618279802302696
20260817,5,500,15,3000,3000,3000,3000,"fast",0.01,"","mirage_joint","trait1","bfdr_power",0.1,0.2
20260817,5,500,15,3000,3000,3000,3000,"fast",0.01,"","mirage_joint","trait1","bfdr_discoveries",0.1,5
20260817,5,500,15,3000,3000,3000,3000,"fast",0.01,"","mirage_joint","trait1","bfdr_observed_fdp",0.2,0.285714285714286
20260817,5,500,15,3000,3000,3000,3000,"fast",0.01,"","mirage_joint","trait1","bfdr_estimate",0.2,0.171131712645141
20260817,5,500,15,3000,3000,3000,3000,"fast",0.01,"","mirage_joint","trait1","bfdr_power",0.2,0.2
20260817,5,500,15,3000,3000,3000,3000,"fast",0.01,"","mirage_joint","trait1","bfdr_discoveries",0.2,7
20260817,5,500,15,3000,3000,3000,3000,"fast",0.01,"","mirage_joint","trait2","bfdr_observed_fdp",0.01,0
20260817,5,500,15,3000,3000,3000,3000,"fast",0.01,"","mirage_joint","trait2","bfdr_estimate",0.01,0.000109473233737889
20260817,5,500,15,3000,3000,3000,3000,"fast",0.01,"","mirage_joint","trait2","bfdr_power",0.01,0.2
20260817,5,500,15,3000,3000,3000,3000,"fast",0.01,"","mirage_joint","trait2","bfdr_discoveries",0.01,2
20260817,5,500,15,3000,3000,3000,3000,"fast",0.01,"","mirage_joint","trait2","bfdr_observed_fdp",0.05,0
20260817,5,500,15,3000,3000,3000,3000,"fast",0.01,"","mirage_joint","trait2","bfdr_estimate",0.05,0.000109473233737889
20260817,5,500,15,3000,3000,3000,3000,"fast",0.01,"","mirage_joint","trait2","bfdr_power",0.05,0.2
20260817,5,500,15,3000,3000,3000,3000,"fast",0.01,"","mirage_joint","trait2","bfdr_discoveries",0.05,2
20260817,5,500,15,3000,3000,3000,3000,"fast",0.01,"","mirage_joint","trait2","bfdr_observed_fdp",0.1,0
20260817,5,500,15,3000,3000,3000,3000,"fast",0.01,"","mirage_joint","trait2","bfdr_estimate",0.1,0.000109473233737889
20260817,5,500,15,3000,3000,3000,3000,"fast",0.01,"","mirage_joint","trait2","bfdr_power",0.1,0.2
20260817,5,500,15,3000,3000,3000,3000,"fast",0.01,"","mirage_joint","trait2","bfdr_discoveries",0.1,2
20260817,5,500,15,3000,3000,3000,3000,"fast",0.01,"","mirage_joint","trait2","bfdr_observed_fdp",0.2,0
20260817,5,500,15,3000,3000,3000,3000,"fast",0.01,"","mirage_joint","trait2","bfdr_estimate",0.2,0.13597632725694
20260817,5,500,15,3000,3000,3000,3000,"fast",0.01,"","mirage_joint","trait2","bfdr_power",0.2,0.3
20260817,5,500,15,3000,3000,3000,3000,"fast",0.01,"","mirage_joint","trait2","bfdr_discoveries",0.2,3
20260817,5,500,15,3000,3000,3000,3000,"fast",0.01,"","mirage_joint","pleiotropy","bfdr_observed_fdp",0.01,0
20260817,5,500,15,3000,3000,3000,3000,"fast",0.01,"","mirage_joint","pleiotropy","bfdr_estimate",0.01,0
20260817,5,500,15,3000,3000,3000,3000,"fast",0.01,"","mirage_joint","pleiotropy","bfdr_power",0.01,0
20260817,5,500,15,3000,3000,3000,3000,"fast",0.01,"","mirage_joint","pleiotropy","bfdr_discoveries",0.01,0
20260817,5,500,15,3000,3000,3000,3000,"fast",0.01,"","mirage_joint","pleiotropy","bfdr_observed_fdp",0.05,0
20260817,5,500,15,3000,3000,3000,3000,"fast",0.01,"","mirage_joint","pleiotropy","bfdr_estimate",0.05,0
20260817,5,500,15,3000,3000,3000,3000,"fast",0.01,"","mirage_joint","pleiotropy","bfdr_power",0.05,0
20260817,5,500,15,3000,3000,3000,3000,"fast",0.01,"","mirage_joint","pleiotropy","bfdr_discoveries",0.05,0
20260817,5,500,15,3000,3000,3000,3000,"fast",0.01,"","mirage_joint","pleiotropy","bfdr_observed_fdp",0.1,0
20260817,5,500,15,3000,3000,3000,3000,"fast",0.01,"","mirage_joint","pleiotropy","bfdr_estimate",0.1,0
20260817,5,500,15,3000,3000,3000,3000,"fast",0.01,"","mirage_joint","pleiotropy","bfdr_power",0.1,0
20260817,5,500,15,3000,3000,3000,3000,"fast",0.01,"","mirage_joint","pleiotropy","bfdr_discoveries",0.1,0
20260817,5,500,15,3000,3000,3000,3000,"fast",0.01,"","mirage_joint","pleiotropy","bfdr_observed_fdp",0.2,0
20260817,5,500,15,3000,3000,3000,3000,"fast",0.01,"","mirage_joint","pleiotropy","bfdr_estimate",0.2,0
20260817,5,500,15,3000,3000,3000,3000,"fast",0.01,"","mirage_joint","pleiotropy","bfdr_power",0.2,0
20260817,5,500,15,3000,3000,3000,3000,"fast",0.01,"","mirage_joint","pleiotropy","bfdr_discoveries",0.2,0
20260817,5,500,15,3000,3000,3000,3000,"fast",0.01,"","mirage_joint","global","runtime_seconds",NA,18.093
20260817,5,500,15,3000,3000,3000,3000,"fast",0.01,"","mirage_joint","pleiotropy","pi11_estimate",NA,0.0394969515033506
20260817,5,500,15,3000,3000,3000,3000,"fast",0.01,"","separate_mirage","trait1","auc",NA,0.660378947368421
20260817,5,500,15,3000,3000,3000,3000,"fast",0.01,"","separate_mirage","trait2","auc",NA,0.687959183673469
20260817,5,500,15,3000,3000,3000,3000,"fast",0.01,"","separate_mirage","pleiotropy","auc",NA,0.788686868686869
20260817,5,500,15,3000,3000,3000,3000,"fast",0.01,"","separate_mirage","trait1","pp08_power",0.8,0.2
20260817,5,500,15,3000,3000,3000,3000,"fast",0.01,"","separate_mirage","trait1","pp08_fdp",0.8,0
20260817,5,500,15,3000,3000,3000,3000,"fast",0.01,"","separate_mirage","trait1","pp08_discoveries",0.8,5
20260817,5,500,15,3000,3000,3000,3000,"fast",0.01,"","separate_mirage","trait2","pp08_power",0.8,0.2
20260817,5,500,15,3000,3000,3000,3000,"fast",0.01,"","separate_mirage","trait2","pp08_fdp",0.8,0
20260817,5,500,15,3000,3000,3000,3000,"fast",0.01,"","separate_mirage","trait2","pp08_discoveries",0.8,2
20260817,5,500,15,3000,3000,3000,3000,"fast",0.01,"","separate_mirage","pleiotropy","pp08_power",0.8,0
20260817,5,500,15,3000,3000,3000,3000,"fast",0.01,"","separate_mirage","pleiotropy","pp08_fdp",0.8,0
20260817,5,500,15,3000,3000,3000,3000,"fast",0.01,"","separate_mirage","pleiotropy","pp08_discoveries",0.8,0
20260817,5,500,15,3000,3000,3000,3000,"fast",0.01,"","separate_mirage","trait1","bfdr_observed_fdp",0.01,0
20260817,5,500,15,3000,3000,3000,3000,"fast",0.01,"","separate_mirage","trait1","bfdr_estimate",0.01,0.00101854341862428
20260817,5,500,15,3000,3000,3000,3000,"fast",0.01,"","separate_mirage","trait1","bfdr_power",0.01,0.04
20260817,5,500,15,3000,3000,3000,3000,"fast",0.01,"","separate_mirage","trait1","bfdr_discoveries",0.01,1
20260817,5,500,15,3000,3000,3000,3000,"fast",0.01,"","separate_mirage","trait1","bfdr_observed_fdp",0.05,0
20260817,5,500,15,3000,3000,3000,3000,"fast",0.01,"","separate_mirage","trait1","bfdr_estimate",0.05,0.0430695693672364
20260817,5,500,15,3000,3000,3000,3000,"fast",0.01,"","separate_mirage","trait1","bfdr_power",0.05,0.16
20260817,5,500,15,3000,3000,3000,3000,"fast",0.01,"","separate_mirage","trait1","bfdr_discoveries",0.05,4
20260817,5,500,15,3000,3000,3000,3000,"fast",0.01,"","separate_mirage","trait1","bfdr_observed_fdp",0.1,0
20260817,5,500,15,3000,3000,3000,3000,"fast",0.01,"","separate_mirage","trait1","bfdr_estimate",0.1,0.0678626829168036
20260817,5,500,15,3000,3000,3000,3000,"fast",0.01,"","separate_mirage","trait1","bfdr_power",0.1,0.2
20260817,5,500,15,3000,3000,3000,3000,"fast",0.01,"","separate_mirage","trait1","bfdr_discoveries",0.1,5
20260817,5,500,15,3000,3000,3000,3000,"fast",0.01,"","separate_mirage","trait1","bfdr_observed_fdp",0.2,0.166666666666667
20260817,5,500,15,3000,3000,3000,3000,"fast",0.01,"","separate_mirage","trait1","bfdr_estimate",0.2,0.141421170549275
20260817,5,500,15,3000,3000,3000,3000,"fast",0.01,"","separate_mirage","trait1","bfdr_power",0.2,0.2
20260817,5,500,15,3000,3000,3000,3000,"fast",0.01,"","separate_mirage","trait1","bfdr_discoveries",0.2,6
20260817,5,500,15,3000,3000,3000,3000,"fast",0.01,"","separate_mirage","trait2","bfdr_observed_fdp",0.01,0
20260817,5,500,15,3000,3000,3000,3000,"fast",0.01,"","separate_mirage","trait2","bfdr_estimate",0.01,0.000218983358322988
20260817,5,500,15,3000,3000,3000,3000,"fast",0.01,"","separate_mirage","trait2","bfdr_power",0.01,0.2
20260817,5,500,15,3000,3000,3000,3000,"fast",0.01,"","separate_mirage","trait2","bfdr_discoveries",0.01,2
20260817,5,500,15,3000,3000,3000,3000,"fast",0.01,"","separate_mirage","trait2","bfdr_observed_fdp",0.05,0
20260817,5,500,15,3000,3000,3000,3000,"fast",0.01,"","separate_mirage","trait2","bfdr_estimate",0.05,0.000218983358322988
20260817,5,500,15,3000,3000,3000,3000,"fast",0.01,"","separate_mirage","trait2","bfdr_power",0.05,0.2
20260817,5,500,15,3000,3000,3000,3000,"fast",0.01,"","separate_mirage","trait2","bfdr_discoveries",0.05,2
20260817,5,500,15,3000,3000,3000,3000,"fast",0.01,"","separate_mirage","trait2","bfdr_observed_fdp",0.1,0
20260817,5,500,15,3000,3000,3000,3000,"fast",0.01,"","separate_mirage","trait2","bfdr_estimate",0.1,0.000218983358322988
20260817,5,500,15,3000,3000,3000,3000,"fast",0.01,"","separate_mirage","trait2","bfdr_power",0.1,0.2
20260817,5,500,15,3000,3000,3000,3000,"fast",0.01,"","separate_mirage","trait2","bfdr_discoveries",0.1,2
20260817,5,500,15,3000,3000,3000,3000,"fast",0.01,"","separate_mirage","trait2","bfdr_observed_fdp",0.2,0
20260817,5,500,15,3000,3000,3000,3000,"fast",0.01,"","separate_mirage","trait2","bfdr_estimate",0.2,0.000218983358322988
20260817,5,500,15,3000,3000,3000,3000,"fast",0.01,"","separate_mirage","trait2","bfdr_power",0.2,0.2
20260817,5,500,15,3000,3000,3000,3000,"fast",0.01,"","separate_mirage","trait2","bfdr_discoveries",0.2,2
20260817,5,500,15,3000,3000,3000,3000,"fast",0.01,"","separate_mirage","pleiotropy","bfdr_observed_fdp",0.01,0
20260817,5,500,15,3000,3000,3000,3000,"fast",0.01,"","separate_mirage","pleiotropy","bfdr_estimate",0.01,0
20260817,5,500,15,3000,3000,3000,3000,"fast",0.01,"","separate_mirage","pleiotropy","bfdr_power",0.01,0
20260817,5,500,15,3000,3000,3000,3000,"fast",0.01,"","separate_mirage","pleiotropy","bfdr_discoveries",0.01,0
20260817,5,500,15,3000,3000,3000,3000,"fast",0.01,"","separate_mirage","pleiotropy","bfdr_observed_fdp",0.05,0
20260817,5,500,15,3000,3000,3000,3000,"fast",0.01,"","separate_mirage","pleiotropy","bfdr_estimate",0.05,0
20260817,5,500,15,3000,3000,3000,3000,"fast",0.01,"","separate_mirage","pleiotropy","bfdr_power",0.05,0
20260817,5,500,15,3000,3000,3000,3000,"fast",0.01,"","separate_mirage","pleiotropy","bfdr_discoveries",0.05,0
20260817,5,500,15,3000,3000,3000,3000,"fast",0.01,"","separate_mirage","pleiotropy","bfdr_observed_fdp",0.1,0
20260817,5,500,15,3000,3000,3000,3000,"fast",0.01,"","separate_mirage","pleiotropy","bfdr_estimate",0.1,0
20260817,5,500,15,3000,3000,3000,3000,"fast",0.01,"","separate_mirage","pleiotropy","bfdr_power",0.1,0
20260817,5,500,15,3000,3000,3000,3000,"fast",0.01,"","separate_mirage","pleiotropy","bfdr_discoveries",0.1,0
20260817,5,500,15,3000,3000,3000,3000,"fast",0.01,"","separate_mirage","pleiotropy","bfdr_observed_fdp",0.2,0
20260817,5,500,15,3000,3000,3000,3000,"fast",0.01,"","separate_mirage","pleiotropy","bfdr_estimate",0.2,0
20260817,5,500,15,3000,3000,3000,3000,"fast",0.01,"","separate_mirage","pleiotropy","bfdr_power",0.2,0
20260817,5,500,15,3000,3000,3000,3000,"fast",0.01,"","separate_mirage","pleiotropy","bfdr_discoveries",0.2,0
20260817,5,500,15,3000,3000,3000,3000,"fast",0.01,"","separate_mirage","global","runtime_seconds",NA,18.051
20260817,5,500,15,3000,3000,3000,3000,"fast",0.01,"","separate_mirage","pleiotropy","pi11_estimate",NA,0.001
20260817,5,500,15,3000,3000,3000,3000,"fast",0.01,"","mtada_aggregated","trait1","auc",NA,0.683368421052632
20260817,5,500,15,3000,3000,3000,3000,"fast",0.01,"","mtada_aggregated","trait2","auc",NA,0.776734693877551
20260817,5,500,15,3000,3000,3000,3000,"fast",0.01,"","mtada_aggregated","pleiotropy","auc",NA,0.847272727272727
20260817,5,500,15,3000,3000,3000,3000,"fast",0.01,"","mtada_aggregated","trait1","pp08_power",0.8,0.24
20260817,5,500,15,3000,3000,3000,3000,"fast",0.01,"","mtada_aggregated","trait1","pp08_fdp",0.8,0.142857142857143
20260817,5,500,15,3000,3000,3000,3000,"fast",0.01,"","mtada_aggregated","trait1","pp08_discoveries",0.8,7
20260817,5,500,15,3000,3000,3000,3000,"fast",0.01,"","mtada_aggregated","trait2","pp08_power",0.8,0.2
20260817,5,500,15,3000,3000,3000,3000,"fast",0.01,"","mtada_aggregated","trait2","pp08_fdp",0.8,0.333333333333333
20260817,5,500,15,3000,3000,3000,3000,"fast",0.01,"","mtada_aggregated","trait2","pp08_discoveries",0.8,3
20260817,5,500,15,3000,3000,3000,3000,"fast",0.01,"","mtada_aggregated","pleiotropy","pp08_power",0.8,0
20260817,5,500,15,3000,3000,3000,3000,"fast",0.01,"","mtada_aggregated","pleiotropy","pp08_fdp",0.8,0
20260817,5,500,15,3000,3000,3000,3000,"fast",0.01,"","mtada_aggregated","pleiotropy","pp08_discoveries",0.8,0
20260817,5,500,15,3000,3000,3000,3000,"fast",0.01,"","mtada_aggregated","trait1","bfdr_observed_fdp",0.01,0
20260817,5,500,15,3000,3000,3000,3000,"fast",0.01,"","mtada_aggregated","trait1","bfdr_estimate",0.01,0.00392615713195688
20260817,5,500,15,3000,3000,3000,3000,"fast",0.01,"","mtada_aggregated","trait1","bfdr_power",0.01,0.08
20260817,5,500,15,3000,3000,3000,3000,"fast",0.01,"","mtada_aggregated","trait1","bfdr_discoveries",0.01,2
20260817,5,500,15,3000,3000,3000,3000,"fast",0.01,"","mtada_aggregated","trait1","bfdr_observed_fdp",0.05,0
20260817,5,500,15,3000,3000,3000,3000,"fast",0.01,"","mtada_aggregated","trait1","bfdr_estimate",0.05,0.0281551021524534
20260817,5,500,15,3000,3000,3000,3000,"fast",0.01,"","mtada_aggregated","trait1","bfdr_power",0.05,0.12
20260817,5,500,15,3000,3000,3000,3000,"fast",0.01,"","mtada_aggregated","trait1","bfdr_discoveries",0.05,3
20260817,5,500,15,3000,3000,3000,3000,"fast",0.01,"","mtada_aggregated","trait1","bfdr_observed_fdp",0.1,0.142857142857143
20260817,5,500,15,3000,3000,3000,3000,"fast",0.01,"","mtada_aggregated","trait1","bfdr_estimate",0.1,0.0989952258654205
20260817,5,500,15,3000,3000,3000,3000,"fast",0.01,"","mtada_aggregated","trait1","bfdr_power",0.1,0.24
20260817,5,500,15,3000,3000,3000,3000,"fast",0.01,"","mtada_aggregated","trait1","bfdr_discoveries",0.1,7
20260817,5,500,15,3000,3000,3000,3000,"fast",0.01,"","mtada_aggregated","trait1","bfdr_observed_fdp",0.2,0.3
20260817,5,500,15,3000,3000,3000,3000,"fast",0.01,"","mtada_aggregated","trait1","bfdr_estimate",0.2,0.196698020546207
20260817,5,500,15,3000,3000,3000,3000,"fast",0.01,"","mtada_aggregated","trait1","bfdr_power",0.2,0.28
20260817,5,500,15,3000,3000,3000,3000,"fast",0.01,"","mtada_aggregated","trait1","bfdr_discoveries",0.2,10
20260817,5,500,15,3000,3000,3000,3000,"fast",0.01,"","mtada_aggregated","trait2","bfdr_observed_fdp",0.01,0
20260817,5,500,15,3000,3000,3000,3000,"fast",0.01,"","mtada_aggregated","trait2","bfdr_estimate",0.01,1.27237109737166e-12
20260817,5,500,15,3000,3000,3000,3000,"fast",0.01,"","mtada_aggregated","trait2","bfdr_power",0.01,0.2
20260817,5,500,15,3000,3000,3000,3000,"fast",0.01,"","mtada_aggregated","trait2","bfdr_discoveries",0.01,2
20260817,5,500,15,3000,3000,3000,3000,"fast",0.01,"","mtada_aggregated","trait2","bfdr_observed_fdp",0.05,0.333333333333333
20260817,5,500,15,3000,3000,3000,3000,"fast",0.01,"","mtada_aggregated","trait2","bfdr_estimate",0.05,0.0489593144003402
20260817,5,500,15,3000,3000,3000,3000,"fast",0.01,"","mtada_aggregated","trait2","bfdr_power",0.05,0.2
20260817,5,500,15,3000,3000,3000,3000,"fast",0.01,"","mtada_aggregated","trait2","bfdr_discoveries",0.05,3
20260817,5,500,15,3000,3000,3000,3000,"fast",0.01,"","mtada_aggregated","trait2","bfdr_observed_fdp",0.1,0.333333333333333
20260817,5,500,15,3000,3000,3000,3000,"fast",0.01,"","mtada_aggregated","trait2","bfdr_estimate",0.1,0.0489593144003402
20260817,5,500,15,3000,3000,3000,3000,"fast",0.01,"","mtada_aggregated","trait2","bfdr_power",0.1,0.2
20260817,5,500,15,3000,3000,3000,3000,"fast",0.01,"","mtada_aggregated","trait2","bfdr_discoveries",0.1,3
20260817,5,500,15,3000,3000,3000,3000,"fast",0.01,"","mtada_aggregated","trait2","bfdr_observed_fdp",0.2,0.25
20260817,5,500,15,3000,3000,3000,3000,"fast",0.01,"","mtada_aggregated","trait2","bfdr_estimate",0.2,0.115009015347704
20260817,5,500,15,3000,3000,3000,3000,"fast",0.01,"","mtada_aggregated","trait2","bfdr_power",0.2,0.3
20260817,5,500,15,3000,3000,3000,3000,"fast",0.01,"","mtada_aggregated","trait2","bfdr_discoveries",0.2,4
20260817,5,500,15,3000,3000,3000,3000,"fast",0.01,"","mtada_aggregated","pleiotropy","bfdr_observed_fdp",0.01,0
20260817,5,500,15,3000,3000,3000,3000,"fast",0.01,"","mtada_aggregated","pleiotropy","bfdr_estimate",0.01,0
20260817,5,500,15,3000,3000,3000,3000,"fast",0.01,"","mtada_aggregated","pleiotropy","bfdr_power",0.01,0
20260817,5,500,15,3000,3000,3000,3000,"fast",0.01,"","mtada_aggregated","pleiotropy","bfdr_discoveries",0.01,0
20260817,5,500,15,3000,3000,3000,3000,"fast",0.01,"","mtada_aggregated","pleiotropy","bfdr_observed_fdp",0.05,0
20260817,5,500,15,3000,3000,3000,3000,"fast",0.01,"","mtada_aggregated","pleiotropy","bfdr_estimate",0.05,0
20260817,5,500,15,3000,3000,3000,3000,"fast",0.01,"","mtada_aggregated","pleiotropy","bfdr_power",0.05,0
20260817,5,500,15,3000,3000,3000,3000,"fast",0.01,"","mtada_aggregated","pleiotropy","bfdr_discoveries",0.05,0
20260817,5,500,15,3000,3000,3000,3000,"fast",0.01,"","mtada_aggregated","pleiotropy","bfdr_observed_fdp",0.1,0
20260817,5,500,15,3000,3000,3000,3000,"fast",0.01,"","mtada_aggregated","pleiotropy","bfdr_estimate",0.1,0
20260817,5,500,15,3000,3000,3000,3000,"fast",0.01,"","mtada_aggregated","pleiotropy","bfdr_power",0.1,0
20260817,5,500,15,3000,3000,3000,3000,"fast",0.01,"","mtada_aggregated","pleiotropy","bfdr_discoveries",0.1,0
20260817,5,500,15,3000,3000,3000,3000,"fast",0.01,"","mtada_aggregated","pleiotropy","bfdr_observed_fdp",0.2,0
20260817,5,500,15,3000,3000,3000,3000,"fast",0.01,"","mtada_aggregated","pleiotropy","bfdr_estimate",0.2,0
20260817,5,500,15,3000,3000,3000,3000,"fast",0.01,"","mtada_aggregated","pleiotropy","bfdr_power",0.2,0
20260817,5,500,15,3000,3000,3000,3000,"fast",0.01,"","mtada_aggregated","pleiotropy","bfdr_discoveries",0.2,0
20260817,5,500,15,3000,3000,3000,3000,"fast",0.01,"","mtada_aggregated","global","runtime_seconds",NA,0.807999999999993
20260817,5,500,15,3000,3000,3000,3000,"fast",0.01,"","mtada_aggregated","pleiotropy","pi11_estimate",NA,0.0175342465753425
20260818,6,500,15,3000,3000,3000,3000,"fast",0.01,"","mirage_joint","trait1","auc",NA,0.684126315789474
20260818,6,500,15,3000,3000,3000,3000,"fast",0.01,"","mirage_joint","trait2","auc",NA,0.584489795918367
20260818,6,500,15,3000,3000,3000,3000,"fast",0.01,"","mirage_joint","pleiotropy","auc",NA,0.761616161616162
20260818,6,500,15,3000,3000,3000,3000,"fast",0.01,"","mirage_joint","trait1","pp08_power",0.8,0.2
20260818,6,500,15,3000,3000,3000,3000,"fast",0.01,"","mirage_joint","trait1","pp08_fdp",0.8,0
20260818,6,500,15,3000,3000,3000,3000,"fast",0.01,"","mirage_joint","trait1","pp08_discoveries",0.8,5
20260818,6,500,15,3000,3000,3000,3000,"fast",0.01,"","mirage_joint","trait2","pp08_power",0.8,0.1
20260818,6,500,15,3000,3000,3000,3000,"fast",0.01,"","mirage_joint","trait2","pp08_fdp",0.8,0.8
20260818,6,500,15,3000,3000,3000,3000,"fast",0.01,"","mirage_joint","trait2","pp08_discoveries",0.8,5
20260818,6,500,15,3000,3000,3000,3000,"fast",0.01,"","mirage_joint","pleiotropy","pp08_power",0.8,0.2
20260818,6,500,15,3000,3000,3000,3000,"fast",0.01,"","mirage_joint","pleiotropy","pp08_fdp",0.8,0.8
20260818,6,500,15,3000,3000,3000,3000,"fast",0.01,"","mirage_joint","pleiotropy","pp08_discoveries",0.8,5
20260818,6,500,15,3000,3000,3000,3000,"fast",0.01,"","mirage_joint","trait1","bfdr_observed_fdp",0.01,0
20260818,6,500,15,3000,3000,3000,3000,"fast",0.01,"","mirage_joint","trait1","bfdr_estimate",0.01,0.00699437795163735
20260818,6,500,15,3000,3000,3000,3000,"fast",0.01,"","mirage_joint","trait1","bfdr_power",0.01,0.16
20260818,6,500,15,3000,3000,3000,3000,"fast",0.01,"","mirage_joint","trait1","bfdr_discoveries",0.01,4
20260818,6,500,15,3000,3000,3000,3000,"fast",0.01,"","mirage_joint","trait1","bfdr_observed_fdp",0.05,0
20260818,6,500,15,3000,3000,3000,3000,"fast",0.01,"","mirage_joint","trait1","bfdr_estimate",0.05,0.0301506266581522
20260818,6,500,15,3000,3000,3000,3000,"fast",0.01,"","mirage_joint","trait1","bfdr_power",0.05,0.2
20260818,6,500,15,3000,3000,3000,3000,"fast",0.01,"","mirage_joint","trait1","bfdr_discoveries",0.05,5
20260818,6,500,15,3000,3000,3000,3000,"fast",0.01,"","mirage_joint","trait1","bfdr_observed_fdp",0.1,0
20260818,6,500,15,3000,3000,3000,3000,"fast",0.01,"","mirage_joint","trait1","bfdr_estimate",0.1,0.0678064286256133
20260818,6,500,15,3000,3000,3000,3000,"fast",0.01,"","mirage_joint","trait1","bfdr_power",0.1,0.24
20260818,6,500,15,3000,3000,3000,3000,"fast",0.01,"","mirage_joint","trait1","bfdr_discoveries",0.1,6
20260818,6,500,15,3000,3000,3000,3000,"fast",0.01,"","mirage_joint","trait1","bfdr_observed_fdp",0.2,0.222222222222222
20260818,6,500,15,3000,3000,3000,3000,"fast",0.01,"","mirage_joint","trait1","bfdr_estimate",0.2,0.175756721256292
20260818,6,500,15,3000,3000,3000,3000,"fast",0.01,"","mirage_joint","trait1","bfdr_power",0.2,0.28
20260818,6,500,15,3000,3000,3000,3000,"fast",0.01,"","mirage_joint","trait1","bfdr_discoveries",0.2,9
20260818,6,500,15,3000,3000,3000,3000,"fast",0.01,"","mirage_joint","trait2","bfdr_observed_fdp",0.01,0
20260818,6,500,15,3000,3000,3000,3000,"fast",0.01,"","mirage_joint","trait2","bfdr_estimate",0.01,0
20260818,6,500,15,3000,3000,3000,3000,"fast",0.01,"","mirage_joint","trait2","bfdr_power",0.01,0
20260818,6,500,15,3000,3000,3000,3000,"fast",0.01,"","mirage_joint","trait2","bfdr_discoveries",0.01,0
20260818,6,500,15,3000,3000,3000,3000,"fast",0.01,"","mirage_joint","trait2","bfdr_observed_fdp",0.05,0
20260818,6,500,15,3000,3000,3000,3000,"fast",0.01,"","mirage_joint","trait2","bfdr_estimate",0.05,0
20260818,6,500,15,3000,3000,3000,3000,"fast",0.01,"","mirage_joint","trait2","bfdr_power",0.05,0
20260818,6,500,15,3000,3000,3000,3000,"fast",0.01,"","mirage_joint","trait2","bfdr_discoveries",0.05,0
20260818,6,500,15,3000,3000,3000,3000,"fast",0.01,"","mirage_joint","trait2","bfdr_observed_fdp",0.1,0
20260818,6,500,15,3000,3000,3000,3000,"fast",0.01,"","mirage_joint","trait2","bfdr_estimate",0.1,0.0869192169316362
20260818,6,500,15,3000,3000,3000,3000,"fast",0.01,"","mirage_joint","trait2","bfdr_power",0.1,0.1
20260818,6,500,15,3000,3000,3000,3000,"fast",0.01,"","mirage_joint","trait2","bfdr_discoveries",0.1,1
20260818,6,500,15,3000,3000,3000,3000,"fast",0.01,"","mirage_joint","trait2","bfdr_observed_fdp",0.2,0.714285714285714
20260818,6,500,15,3000,3000,3000,3000,"fast",0.01,"","mirage_joint","trait2","bfdr_estimate",0.2,0.190204307448118
20260818,6,500,15,3000,3000,3000,3000,"fast",0.01,"","mirage_joint","trait2","bfdr_power",0.2,0.2
20260818,6,500,15,3000,3000,3000,3000,"fast",0.01,"","mirage_joint","trait2","bfdr_discoveries",0.2,7
20260818,6,500,15,3000,3000,3000,3000,"fast",0.01,"","mirage_joint","pleiotropy","bfdr_observed_fdp",0.01,0
20260818,6,500,15,3000,3000,3000,3000,"fast",0.01,"","mirage_joint","pleiotropy","bfdr_estimate",0.01,0
20260818,6,500,15,3000,3000,3000,3000,"fast",0.01,"","mirage_joint","pleiotropy","bfdr_power",0.01,0
20260818,6,500,15,3000,3000,3000,3000,"fast",0.01,"","mirage_joint","pleiotropy","bfdr_discoveries",0.01,0
20260818,6,500,15,3000,3000,3000,3000,"fast",0.01,"","mirage_joint","pleiotropy","bfdr_observed_fdp",0.05,0
20260818,6,500,15,3000,3000,3000,3000,"fast",0.01,"","mirage_joint","pleiotropy","bfdr_estimate",0.05,0
20260818,6,500,15,3000,3000,3000,3000,"fast",0.01,"","mirage_joint","pleiotropy","bfdr_power",0.05,0
20260818,6,500,15,3000,3000,3000,3000,"fast",0.01,"","mirage_joint","pleiotropy","bfdr_discoveries",0.05,0
20260818,6,500,15,3000,3000,3000,3000,"fast",0.01,"","mirage_joint","pleiotropy","bfdr_observed_fdp",0.1,0
20260818,6,500,15,3000,3000,3000,3000,"fast",0.01,"","mirage_joint","pleiotropy","bfdr_estimate",0.1,0.0869192172909173
20260818,6,500,15,3000,3000,3000,3000,"fast",0.01,"","mirage_joint","pleiotropy","bfdr_power",0.1,0.2
20260818,6,500,15,3000,3000,3000,3000,"fast",0.01,"","mirage_joint","pleiotropy","bfdr_discoveries",0.1,1
20260818,6,500,15,3000,3000,3000,3000,"fast",0.01,"","mirage_joint","pleiotropy","bfdr_observed_fdp",0.2,0.714285714285714
20260818,6,500,15,3000,3000,3000,3000,"fast",0.01,"","mirage_joint","pleiotropy","bfdr_estimate",0.2,0.192083230647172
20260818,6,500,15,3000,3000,3000,3000,"fast",0.01,"","mirage_joint","pleiotropy","bfdr_power",0.2,0.4
20260818,6,500,15,3000,3000,3000,3000,"fast",0.01,"","mirage_joint","pleiotropy","bfdr_discoveries",0.2,7
20260818,6,500,15,3000,3000,3000,3000,"fast",0.01,"","mirage_joint","global","runtime_seconds",NA,18.106
20260818,6,500,15,3000,3000,3000,3000,"fast",0.01,"","mirage_joint","pleiotropy","pi11_estimate",NA,0.0659274941686896
20260818,6,500,15,3000,3000,3000,3000,"fast",0.01,"","separate_mirage","trait1","auc",NA,0.690694736842105
20260818,6,500,15,3000,3000,3000,3000,"fast",0.01,"","separate_mirage","trait2","auc",NA,0.579795918367347
20260818,6,500,15,3000,3000,3000,3000,"fast",0.01,"","separate_mirage","pleiotropy","auc",NA,0.768484848484848
20260818,6,500,15,3000,3000,3000,3000,"fast",0.01,"","separate_mirage","trait1","pp08_power",0.8,0.16
20260818,6,500,15,3000,3000,3000,3000,"fast",0.01,"","separate_mirage","trait1","pp08_fdp",0.8,0
20260818,6,500,15,3000,3000,3000,3000,"fast",0.01,"","separate_mirage","trait1","pp08_discoveries",0.8,4
20260818,6,500,15,3000,3000,3000,3000,"fast",0.01,"","separate_mirage","trait2","pp08_power",0.8,0
20260818,6,500,15,3000,3000,3000,3000,"fast",0.01,"","separate_mirage","trait2","pp08_fdp",0.8,0
20260818,6,500,15,3000,3000,3000,3000,"fast",0.01,"","separate_mirage","trait2","pp08_discoveries",0.8,0
20260818,6,500,15,3000,3000,3000,3000,"fast",0.01,"","separate_mirage","pleiotropy","pp08_power",0.8,0
20260818,6,500,15,3000,3000,3000,3000,"fast",0.01,"","separate_mirage","pleiotropy","pp08_fdp",0.8,0
20260818,6,500,15,3000,3000,3000,3000,"fast",0.01,"","separate_mirage","pleiotropy","pp08_discoveries",0.8,0
20260818,6,500,15,3000,3000,3000,3000,"fast",0.01,"","separate_mirage","trait1","bfdr_observed_fdp",0.01,0
20260818,6,500,15,3000,3000,3000,3000,"fast",0.01,"","separate_mirage","trait1","bfdr_estimate",0.01,0.00595902523809688
20260818,6,500,15,3000,3000,3000,3000,"fast",0.01,"","separate_mirage","trait1","bfdr_power",0.01,0.16
20260818,6,500,15,3000,3000,3000,3000,"fast",0.01,"","separate_mirage","trait1","bfdr_discoveries",0.01,4
20260818,6,500,15,3000,3000,3000,3000,"fast",0.01,"","separate_mirage","trait1","bfdr_observed_fdp",0.05,0
20260818,6,500,15,3000,3000,3000,3000,"fast",0.01,"","separate_mirage","trait1","bfdr_estimate",0.05,0.00595902523809688
20260818,6,500,15,3000,3000,3000,3000,"fast",0.01,"","separate_mirage","trait1","bfdr_power",0.05,0.16
20260818,6,500,15,3000,3000,3000,3000,"fast",0.01,"","separate_mirage","trait1","bfdr_discoveries",0.05,4
20260818,6,500,15,3000,3000,3000,3000,"fast",0.01,"","separate_mirage","trait1","bfdr_observed_fdp",0.1,0
20260818,6,500,15,3000,3000,3000,3000,"fast",0.01,"","separate_mirage","trait1","bfdr_estimate",0.1,0.0750665033349579
20260818,6,500,15,3000,3000,3000,3000,"fast",0.01,"","separate_mirage","trait1","bfdr_power",0.1,0.2
20260818,6,500,15,3000,3000,3000,3000,"fast",0.01,"","separate_mirage","trait1","bfdr_discoveries",0.1,5
20260818,6,500,15,3000,3000,3000,3000,"fast",0.01,"","separate_mirage","trait1","bfdr_observed_fdp",0.2,0.285714285714286
20260818,6,500,15,3000,3000,3000,3000,"fast",0.01,"","separate_mirage","trait1","bfdr_estimate",0.2,0.191438126889116
20260818,6,500,15,3000,3000,3000,3000,"fast",0.01,"","separate_mirage","trait1","bfdr_power",0.2,0.2
20260818,6,500,15,3000,3000,3000,3000,"fast",0.01,"","separate_mirage","trait1","bfdr_discoveries",0.2,7
20260818,6,500,15,3000,3000,3000,3000,"fast",0.01,"","separate_mirage","trait2","bfdr_observed_fdp",0.01,0
20260818,6,500,15,3000,3000,3000,3000,"fast",0.01,"","separate_mirage","trait2","bfdr_estimate",0.01,0
20260818,6,500,15,3000,3000,3000,3000,"fast",0.01,"","separate_mirage","trait2","bfdr_power",0.01,0
20260818,6,500,15,3000,3000,3000,3000,"fast",0.01,"","separate_mirage","trait2","bfdr_discoveries",0.01,0
20260818,6,500,15,3000,3000,3000,3000,"fast",0.01,"","separate_mirage","trait2","bfdr_observed_fdp",0.05,0
20260818,6,500,15,3000,3000,3000,3000,"fast",0.01,"","separate_mirage","trait2","bfdr_estimate",0.05,0
20260818,6,500,15,3000,3000,3000,3000,"fast",0.01,"","separate_mirage","trait2","bfdr_power",0.05,0
20260818,6,500,15,3000,3000,3000,3000,"fast",0.01,"","separate_mirage","trait2","bfdr_discoveries",0.05,0
20260818,6,500,15,3000,3000,3000,3000,"fast",0.01,"","separate_mirage","trait2","bfdr_observed_fdp",0.1,0
20260818,6,500,15,3000,3000,3000,3000,"fast",0.01,"","separate_mirage","trait2","bfdr_estimate",0.1,0
20260818,6,500,15,3000,3000,3000,3000,"fast",0.01,"","separate_mirage","trait2","bfdr_power",0.1,0
20260818,6,500,15,3000,3000,3000,3000,"fast",0.01,"","separate_mirage","trait2","bfdr_discoveries",0.1,0
20260818,6,500,15,3000,3000,3000,3000,"fast",0.01,"","separate_mirage","trait2","bfdr_observed_fdp",0.2,0
20260818,6,500,15,3000,3000,3000,3000,"fast",0.01,"","separate_mirage","trait2","bfdr_estimate",0.2,0
20260818,6,500,15,3000,3000,3000,3000,"fast",0.01,"","separate_mirage","trait2","bfdr_power",0.2,0
20260818,6,500,15,3000,3000,3000,3000,"fast",0.01,"","separate_mirage","trait2","bfdr_discoveries",0.2,0
20260818,6,500,15,3000,3000,3000,3000,"fast",0.01,"","separate_mirage","pleiotropy","bfdr_observed_fdp",0.01,0
20260818,6,500,15,3000,3000,3000,3000,"fast",0.01,"","separate_mirage","pleiotropy","bfdr_estimate",0.01,0
20260818,6,500,15,3000,3000,3000,3000,"fast",0.01,"","separate_mirage","pleiotropy","bfdr_power",0.01,0
20260818,6,500,15,3000,3000,3000,3000,"fast",0.01,"","separate_mirage","pleiotropy","bfdr_discoveries",0.01,0
20260818,6,500,15,3000,3000,3000,3000,"fast",0.01,"","separate_mirage","pleiotropy","bfdr_observed_fdp",0.05,0
20260818,6,500,15,3000,3000,3000,3000,"fast",0.01,"","separate_mirage","pleiotropy","bfdr_estimate",0.05,0
20260818,6,500,15,3000,3000,3000,3000,"fast",0.01,"","separate_mirage","pleiotropy","bfdr_power",0.05,0
20260818,6,500,15,3000,3000,3000,3000,"fast",0.01,"","separate_mirage","pleiotropy","bfdr_discoveries",0.05,0
20260818,6,500,15,3000,3000,3000,3000,"fast",0.01,"","separate_mirage","pleiotropy","bfdr_observed_fdp",0.1,0
20260818,6,500,15,3000,3000,3000,3000,"fast",0.01,"","separate_mirage","pleiotropy","bfdr_estimate",0.1,0
20260818,6,500,15,3000,3000,3000,3000,"fast",0.01,"","separate_mirage","pleiotropy","bfdr_power",0.1,0
20260818,6,500,15,3000,3000,3000,3000,"fast",0.01,"","separate_mirage","pleiotropy","bfdr_discoveries",0.1,0
20260818,6,500,15,3000,3000,3000,3000,"fast",0.01,"","separate_mirage","pleiotropy","bfdr_observed_fdp",0.2,0
20260818,6,500,15,3000,3000,3000,3000,"fast",0.01,"","separate_mirage","pleiotropy","bfdr_estimate",0.2,0
20260818,6,500,15,3000,3000,3000,3000,"fast",0.01,"","separate_mirage","pleiotropy","bfdr_power",0.2,0
20260818,6,500,15,3000,3000,3000,3000,"fast",0.01,"","separate_mirage","pleiotropy","bfdr_discoveries",0.2,0
20260818,6,500,15,3000,3000,3000,3000,"fast",0.01,"","separate_mirage","global","runtime_seconds",NA,18.057
20260818,6,500,15,3000,3000,3000,3000,"fast",0.01,"","separate_mirage","pleiotropy","pi11_estimate",NA,0.001
20260818,6,500,15,3000,3000,3000,3000,"fast",0.01,"","mtada_aggregated","trait1","auc",NA,0.646736842105263
20260818,6,500,15,3000,3000,3000,3000,"fast",0.01,"","mtada_aggregated","trait2","auc",NA,0.633877551020408
20260818,6,500,15,3000,3000,3000,3000,"fast",0.01,"","mtada_aggregated","pleiotropy","auc",NA,0.743030303030303
20260818,6,500,15,3000,3000,3000,3000,"fast",0.01,"","mtada_aggregated","trait1","pp08_power",0.8,0.16
20260818,6,500,15,3000,3000,3000,3000,"fast",0.01,"","mtada_aggregated","trait1","pp08_fdp",0.8,0
20260818,6,500,15,3000,3000,3000,3000,"fast",0.01,"","mtada_aggregated","trait1","pp08_discoveries",0.8,4
20260818,6,500,15,3000,3000,3000,3000,"fast",0.01,"","mtada_aggregated","trait2","pp08_power",0.8,0
20260818,6,500,15,3000,3000,3000,3000,"fast",0.01,"","mtada_aggregated","trait2","pp08_fdp",0.8,0
20260818,6,500,15,3000,3000,3000,3000,"fast",0.01,"","mtada_aggregated","trait2","pp08_discoveries",0.8,0
20260818,6,500,15,3000,3000,3000,3000,"fast",0.01,"","mtada_aggregated","pleiotropy","pp08_power",0.8,0
20260818,6,500,15,3000,3000,3000,3000,"fast",0.01,"","mtada_aggregated","pleiotropy","pp08_fdp",0.8,0
20260818,6,500,15,3000,3000,3000,3000,"fast",0.01,"","mtada_aggregated","pleiotropy","pp08_discoveries",0.8,0
20260818,6,500,15,3000,3000,3000,3000,"fast",0.01,"","mtada_aggregated","trait1","bfdr_observed_fdp",0.01,0
20260818,6,500,15,3000,3000,3000,3000,"fast",0.01,"","mtada_aggregated","trait1","bfdr_estimate",0.01,0.000808283124059117
20260818,6,500,15,3000,3000,3000,3000,"fast",0.01,"","mtada_aggregated","trait1","bfdr_power",0.01,0.16
20260818,6,500,15,3000,3000,3000,3000,"fast",0.01,"","mtada_aggregated","trait1","bfdr_discoveries",0.01,4
20260818,6,500,15,3000,3000,3000,3000,"fast",0.01,"","mtada_aggregated","trait1","bfdr_observed_fdp",0.05,0
20260818,6,500,15,3000,3000,3000,3000,"fast",0.01,"","mtada_aggregated","trait1","bfdr_estimate",0.05,0.000808283124059117
20260818,6,500,15,3000,3000,3000,3000,"fast",0.01,"","mtada_aggregated","trait1","bfdr_power",0.05,0.16
20260818,6,500,15,3000,3000,3000,3000,"fast",0.01,"","mtada_aggregated","trait1","bfdr_discoveries",0.05,4
20260818,6,500,15,3000,3000,3000,3000,"fast",0.01,"","mtada_aggregated","trait1","bfdr_observed_fdp",0.1,0
20260818,6,500,15,3000,3000,3000,3000,"fast",0.01,"","mtada_aggregated","trait1","bfdr_estimate",0.1,0.0630201167024761
20260818,6,500,15,3000,3000,3000,3000,"fast",0.01,"","mtada_aggregated","trait1","bfdr_power",0.1,0.2
20260818,6,500,15,3000,3000,3000,3000,"fast",0.01,"","mtada_aggregated","trait1","bfdr_discoveries",0.1,5
20260818,6,500,15,3000,3000,3000,3000,"fast",0.01,"","mtada_aggregated","trait1","bfdr_observed_fdp",0.2,0
20260818,6,500,15,3000,3000,3000,3000,"fast",0.01,"","mtada_aggregated","trait1","bfdr_estimate",0.2,0.165218049709529
20260818,6,500,15,3000,3000,3000,3000,"fast",0.01,"","mtada_aggregated","trait1","bfdr_power",0.2,0.28
20260818,6,500,15,3000,3000,3000,3000,"fast",0.01,"","mtada_aggregated","trait1","bfdr_discoveries",0.2,7
20260818,6,500,15,3000,3000,3000,3000,"fast",0.01,"","mtada_aggregated","trait2","bfdr_observed_fdp",0.01,0
20260818,6,500,15,3000,3000,3000,3000,"fast",0.01,"","mtada_aggregated","trait2","bfdr_estimate",0.01,0
20260818,6,500,15,3000,3000,3000,3000,"fast",0.01,"","mtada_aggregated","trait2","bfdr_power",0.01,0
20260818,6,500,15,3000,3000,3000,3000,"fast",0.01,"","mtada_aggregated","trait2","bfdr_discoveries",0.01,0
20260818,6,500,15,3000,3000,3000,3000,"fast",0.01,"","mtada_aggregated","trait2","bfdr_observed_fdp",0.05,0
20260818,6,500,15,3000,3000,3000,3000,"fast",0.01,"","mtada_aggregated","trait2","bfdr_estimate",0.05,0
20260818,6,500,15,3000,3000,3000,3000,"fast",0.01,"","mtada_aggregated","trait2","bfdr_power",0.05,0
20260818,6,500,15,3000,3000,3000,3000,"fast",0.01,"","mtada_aggregated","trait2","bfdr_discoveries",0.05,0
20260818,6,500,15,3000,3000,3000,3000,"fast",0.01,"","mtada_aggregated","trait2","bfdr_observed_fdp",0.1,0
20260818,6,500,15,3000,3000,3000,3000,"fast",0.01,"","mtada_aggregated","trait2","bfdr_estimate",0.1,0
20260818,6,500,15,3000,3000,3000,3000,"fast",0.01,"","mtada_aggregated","trait2","bfdr_power",0.1,0
20260818,6,500,15,3000,3000,3000,3000,"fast",0.01,"","mtada_aggregated","trait2","bfdr_discoveries",0.1,0
20260818,6,500,15,3000,3000,3000,3000,"fast",0.01,"","mtada_aggregated","trait2","bfdr_observed_fdp",0.2,0
20260818,6,500,15,3000,3000,3000,3000,"fast",0.01,"","mtada_aggregated","trait2","bfdr_estimate",0.2,0
20260818,6,500,15,3000,3000,3000,3000,"fast",0.01,"","mtada_aggregated","trait2","bfdr_power",0.2,0
20260818,6,500,15,3000,3000,3000,3000,"fast",0.01,"","mtada_aggregated","trait2","bfdr_discoveries",0.2,0
20260818,6,500,15,3000,3000,3000,3000,"fast",0.01,"","mtada_aggregated","pleiotropy","bfdr_observed_fdp",0.01,0
20260818,6,500,15,3000,3000,3000,3000,"fast",0.01,"","mtada_aggregated","pleiotropy","bfdr_estimate",0.01,0
20260818,6,500,15,3000,3000,3000,3000,"fast",0.01,"","mtada_aggregated","pleiotropy","bfdr_power",0.01,0
20260818,6,500,15,3000,3000,3000,3000,"fast",0.01,"","mtada_aggregated","pleiotropy","bfdr_discoveries",0.01,0
20260818,6,500,15,3000,3000,3000,3000,"fast",0.01,"","mtada_aggregated","pleiotropy","bfdr_observed_fdp",0.05,0
20260818,6,500,15,3000,3000,3000,3000,"fast",0.01,"","mtada_aggregated","pleiotropy","bfdr_estimate",0.05,0
20260818,6,500,15,3000,3000,3000,3000,"fast",0.01,"","mtada_aggregated","pleiotropy","bfdr_power",0.05,0
20260818,6,500,15,3000,3000,3000,3000,"fast",0.01,"","mtada_aggregated","pleiotropy","bfdr_discoveries",0.05,0
20260818,6,500,15,3000,3000,3000,3000,"fast",0.01,"","mtada_aggregated","pleiotropy","bfdr_observed_fdp",0.1,0
20260818,6,500,15,3000,3000,3000,3000,"fast",0.01,"","mtada_aggregated","pleiotropy","bfdr_estimate",0.1,0
20260818,6,500,15,3000,3000,3000,3000,"fast",0.01,"","mtada_aggregated","pleiotropy","bfdr_power",0.1,0
20260818,6,500,15,3000,3000,3000,3000,"fast",0.01,"","mtada_aggregated","pleiotropy","bfdr_discoveries",0.1,0
20260818,6,500,15,3000,3000,3000,3000,"fast",0.01,"","mtada_aggregated","pleiotropy","bfdr_observed_fdp",0.2,0
20260818,6,500,15,3000,3000,3000,3000,"fast",0.01,"","mtada_aggregated","pleiotropy","bfdr_estimate",0.2,0
20260818,6,500,15,3000,3000,3000,3000,"fast",0.01,"","mtada_aggregated","pleiotropy","bfdr_power",0.2,0
20260818,6,500,15,3000,3000,3000,3000,"fast",0.01,"","mtada_aggregated","pleiotropy","bfdr_discoveries",0.2,0
20260818,6,500,15,3000,3000,3000,3000,"fast",0.01,"","mtada_aggregated","global","runtime_seconds",NA,0.703000000000003
20260818,6,500,15,3000,3000,3000,3000,"fast",0.01,"","mtada_aggregated","pleiotropy","pi11_estimate",NA,0.0178864970645793
20260819,7,500,15,3000,3000,3000,3000,"fast",0.01,"","mirage_joint","trait1","auc",NA,0.660378947368421
20260819,7,500,15,3000,3000,3000,3000,"fast",0.01,"","mirage_joint","trait2","auc",NA,0.566530612244898
20260819,7,500,15,3000,3000,3000,3000,"fast",0.01,"","mirage_joint","pleiotropy","auc",NA,0.552323232323232
20260819,7,500,15,3000,3000,3000,3000,"fast",0.01,"","mirage_joint","trait1","pp08_power",0.8,0.2
20260819,7,500,15,3000,3000,3000,3000,"fast",0.01,"","mirage_joint","trait1","pp08_fdp",0.8,0.166666666666667
20260819,7,500,15,3000,3000,3000,3000,"fast",0.01,"","mirage_joint","trait1","pp08_discoveries",0.8,6
20260819,7,500,15,3000,3000,3000,3000,"fast",0.01,"","mirage_joint","trait2","pp08_power",0.8,0
20260819,7,500,15,3000,3000,3000,3000,"fast",0.01,"","mirage_joint","trait2","pp08_fdp",0.8,0
20260819,7,500,15,3000,3000,3000,3000,"fast",0.01,"","mirage_joint","trait2","pp08_discoveries",0.8,0
20260819,7,500,15,3000,3000,3000,3000,"fast",0.01,"","mirage_joint","pleiotropy","pp08_power",0.8,0
20260819,7,500,15,3000,3000,3000,3000,"fast",0.01,"","mirage_joint","pleiotropy","pp08_fdp",0.8,0
20260819,7,500,15,3000,3000,3000,3000,"fast",0.01,"","mirage_joint","pleiotropy","pp08_discoveries",0.8,0
20260819,7,500,15,3000,3000,3000,3000,"fast",0.01,"","mirage_joint","trait1","bfdr_observed_fdp",0.01,0
20260819,7,500,15,3000,3000,3000,3000,"fast",0.01,"","mirage_joint","trait1","bfdr_estimate",0.01,0.00512073605629398
20260819,7,500,15,3000,3000,3000,3000,"fast",0.01,"","mirage_joint","trait1","bfdr_power",0.01,0.16
20260819,7,500,15,3000,3000,3000,3000,"fast",0.01,"","mirage_joint","trait1","bfdr_discoveries",0.01,4
20260819,7,500,15,3000,3000,3000,3000,"fast",0.01,"","mirage_joint","trait1","bfdr_observed_fdp",0.05,0.166666666666667
20260819,7,500,15,3000,3000,3000,3000,"fast",0.01,"","mirage_joint","trait1","bfdr_estimate",0.05,0.0239115058444623
20260819,7,500,15,3000,3000,3000,3000,"fast",0.01,"","mirage_joint","trait1","bfdr_power",0.05,0.2
20260819,7,500,15,3000,3000,3000,3000,"fast",0.01,"","mirage_joint","trait1","bfdr_discoveries",0.05,6
20260819,7,500,15,3000,3000,3000,3000,"fast",0.01,"","mirage_joint","trait1","bfdr_observed_fdp",0.1,0.142857142857143
20260819,7,500,15,3000,3000,3000,3000,"fast",0.01,"","mirage_joint","trait1","bfdr_estimate",0.1,0.0783125049568468
20260819,7,500,15,3000,3000,3000,3000,"fast",0.01,"","mirage_joint","trait1","bfdr_power",0.1,0.24
20260819,7,500,15,3000,3000,3000,3000,"fast",0.01,"","mirage_joint","trait1","bfdr_discoveries",0.1,7
20260819,7,500,15,3000,3000,3000,3000,"fast",0.01,"","mirage_joint","trait1","bfdr_observed_fdp",0.2,0.4
20260819,7,500,15,3000,3000,3000,3000,"fast",0.01,"","mirage_joint","trait1","bfdr_estimate",0.2,0.191767322600263
20260819,7,500,15,3000,3000,3000,3000,"fast",0.01,"","mirage_joint","trait1","bfdr_power",0.2,0.24
20260819,7,500,15,3000,3000,3000,3000,"fast",0.01,"","mirage_joint","trait1","bfdr_discoveries",0.2,10
20260819,7,500,15,3000,3000,3000,3000,"fast",0.01,"","mirage_joint","trait2","bfdr_observed_fdp",0.01,0
20260819,7,500,15,3000,3000,3000,3000,"fast",0.01,"","mirage_joint","trait2","bfdr_estimate",0.01,0
20260819,7,500,15,3000,3000,3000,3000,"fast",0.01,"","mirage_joint","trait2","bfdr_power",0.01,0
20260819,7,500,15,3000,3000,3000,3000,"fast",0.01,"","mirage_joint","trait2","bfdr_discoveries",0.01,0
20260819,7,500,15,3000,3000,3000,3000,"fast",0.01,"","mirage_joint","trait2","bfdr_observed_fdp",0.05,0
20260819,7,500,15,3000,3000,3000,3000,"fast",0.01,"","mirage_joint","trait2","bfdr_estimate",0.05,0
20260819,7,500,15,3000,3000,3000,3000,"fast",0.01,"","mirage_joint","trait2","bfdr_power",0.05,0
20260819,7,500,15,3000,3000,3000,3000,"fast",0.01,"","mirage_joint","trait2","bfdr_discoveries",0.05,0
20260819,7,500,15,3000,3000,3000,3000,"fast",0.01,"","mirage_joint","trait2","bfdr_observed_fdp",0.1,0
20260819,7,500,15,3000,3000,3000,3000,"fast",0.01,"","mirage_joint","trait2","bfdr_estimate",0.1,0
20260819,7,500,15,3000,3000,3000,3000,"fast",0.01,"","mirage_joint","trait2","bfdr_power",0.1,0
20260819,7,500,15,3000,3000,3000,3000,"fast",0.01,"","mirage_joint","trait2","bfdr_discoveries",0.1,0
20260819,7,500,15,3000,3000,3000,3000,"fast",0.01,"","mirage_joint","trait2","bfdr_observed_fdp",0.2,0
20260819,7,500,15,3000,3000,3000,3000,"fast",0.01,"","mirage_joint","trait2","bfdr_estimate",0.2,0
20260819,7,500,15,3000,3000,3000,3000,"fast",0.01,"","mirage_joint","trait2","bfdr_power",0.2,0
20260819,7,500,15,3000,3000,3000,3000,"fast",0.01,"","mirage_joint","trait2","bfdr_discoveries",0.2,0
20260819,7,500,15,3000,3000,3000,3000,"fast",0.01,"","mirage_joint","pleiotropy","bfdr_observed_fdp",0.01,0
20260819,7,500,15,3000,3000,3000,3000,"fast",0.01,"","mirage_joint","pleiotropy","bfdr_estimate",0.01,0
20260819,7,500,15,3000,3000,3000,3000,"fast",0.01,"","mirage_joint","pleiotropy","bfdr_power",0.01,0
20260819,7,500,15,3000,3000,3000,3000,"fast",0.01,"","mirage_joint","pleiotropy","bfdr_discoveries",0.01,0
20260819,7,500,15,3000,3000,3000,3000,"fast",0.01,"","mirage_joint","pleiotropy","bfdr_observed_fdp",0.05,0
20260819,7,500,15,3000,3000,3000,3000,"fast",0.01,"","mirage_joint","pleiotropy","bfdr_estimate",0.05,0
20260819,7,500,15,3000,3000,3000,3000,"fast",0.01,"","mirage_joint","pleiotropy","bfdr_power",0.05,0
20260819,7,500,15,3000,3000,3000,3000,"fast",0.01,"","mirage_joint","pleiotropy","bfdr_discoveries",0.05,0
20260819,7,500,15,3000,3000,3000,3000,"fast",0.01,"","mirage_joint","pleiotropy","bfdr_observed_fdp",0.1,0
20260819,7,500,15,3000,3000,3000,3000,"fast",0.01,"","mirage_joint","pleiotropy","bfdr_estimate",0.1,0
20260819,7,500,15,3000,3000,3000,3000,"fast",0.01,"","mirage_joint","pleiotropy","bfdr_power",0.1,0
20260819,7,500,15,3000,3000,3000,3000,"fast",0.01,"","mirage_joint","pleiotropy","bfdr_discoveries",0.1,0
20260819,7,500,15,3000,3000,3000,3000,"fast",0.01,"","mirage_joint","pleiotropy","bfdr_observed_fdp",0.2,0
20260819,7,500,15,3000,3000,3000,3000,"fast",0.01,"","mirage_joint","pleiotropy","bfdr_estimate",0.2,0
20260819,7,500,15,3000,3000,3000,3000,"fast",0.01,"","mirage_joint","pleiotropy","bfdr_power",0.2,0
20260819,7,500,15,3000,3000,3000,3000,"fast",0.01,"","mirage_joint","pleiotropy","bfdr_discoveries",0.2,0
20260819,7,500,15,3000,3000,3000,3000,"fast",0.01,"","mirage_joint","global","runtime_seconds",NA,18.085
20260819,7,500,15,3000,3000,3000,3000,"fast",0.01,"","mirage_joint","pleiotropy","pi11_estimate",NA,0.0145083451495694
20260819,7,500,15,3000,3000,3000,3000,"fast",0.01,"","separate_mirage","trait1","auc",NA,0.628126315789474
20260819,7,500,15,3000,3000,3000,3000,"fast",0.01,"","separate_mirage","trait2","auc",NA,0.59
20260819,7,500,15,3000,3000,3000,3000,"fast",0.01,"","separate_mirage","pleiotropy","auc",NA,0.537373737373737
20260819,7,500,15,3000,3000,3000,3000,"fast",0.01,"","separate_mirage","trait1","pp08_power",0.8,0.2
20260819,7,500,15,3000,3000,3000,3000,"fast",0.01,"","separate_mirage","trait1","pp08_fdp",0.8,0.166666666666667
20260819,7,500,15,3000,3000,3000,3000,"fast",0.01,"","separate_mirage","trait1","pp08_discoveries",0.8,6
20260819,7,500,15,3000,3000,3000,3000,"fast",0.01,"","separate_mirage","trait2","pp08_power",0.8,0
20260819,7,500,15,3000,3000,3000,3000,"fast",0.01,"","separate_mirage","trait2","pp08_fdp",0.8,0
20260819,7,500,15,3000,3000,3000,3000,"fast",0.01,"","separate_mirage","trait2","pp08_discoveries",0.8,0
20260819,7,500,15,3000,3000,3000,3000,"fast",0.01,"","separate_mirage","pleiotropy","pp08_power",0.8,0
20260819,7,500,15,3000,3000,3000,3000,"fast",0.01,"","separate_mirage","pleiotropy","pp08_fdp",0.8,0
20260819,7,500,15,3000,3000,3000,3000,"fast",0.01,"","separate_mirage","pleiotropy","pp08_discoveries",0.8,0
20260819,7,500,15,3000,3000,3000,3000,"fast",0.01,"","separate_mirage","trait1","bfdr_observed_fdp",0.01,0
20260819,7,500,15,3000,3000,3000,3000,"fast",0.01,"","separate_mirage","trait1","bfdr_estimate",0.01,0.00583784686133212
20260819,7,500,15,3000,3000,3000,3000,"fast",0.01,"","separate_mirage","trait1","bfdr_power",0.01,0.16
20260819,7,500,15,3000,3000,3000,3000,"fast",0.01,"","separate_mirage","trait1","bfdr_discoveries",0.01,4
20260819,7,500,15,3000,3000,3000,3000,"fast",0.01,"","separate_mirage","trait1","bfdr_observed_fdp",0.05,0.166666666666667
20260819,7,500,15,3000,3000,3000,3000,"fast",0.01,"","separate_mirage","trait1","bfdr_estimate",0.05,0.0495218663429098
20260819,7,500,15,3000,3000,3000,3000,"fast",0.01,"","separate_mirage","trait1","bfdr_power",0.05,0.2
20260819,7,500,15,3000,3000,3000,3000,"fast",0.01,"","separate_mirage","trait1","bfdr_discoveries",0.05,6
20260819,7,500,15,3000,3000,3000,3000,"fast",0.01,"","separate_mirage","trait1","bfdr_observed_fdp",0.1,0.166666666666667
20260819,7,500,15,3000,3000,3000,3000,"fast",0.01,"","separate_mirage","trait1","bfdr_estimate",0.1,0.0495218663429098
20260819,7,500,15,3000,3000,3000,3000,"fast",0.01,"","separate_mirage","trait1","bfdr_power",0.1,0.2
20260819,7,500,15,3000,3000,3000,3000,"fast",0.01,"","separate_mirage","trait1","bfdr_discoveries",0.1,6
20260819,7,500,15,3000,3000,3000,3000,"fast",0.01,"","separate_mirage","trait1","bfdr_observed_fdp",0.2,0.25
20260819,7,500,15,3000,3000,3000,3000,"fast",0.01,"","separate_mirage","trait1","bfdr_estimate",0.2,0.152791123718133
20260819,7,500,15,3000,3000,3000,3000,"fast",0.01,"","separate_mirage","trait1","bfdr_power",0.2,0.24
20260819,7,500,15,3000,3000,3000,3000,"fast",0.01,"","separate_mirage","trait1","bfdr_discoveries",0.2,8
20260819,7,500,15,3000,3000,3000,3000,"fast",0.01,"","separate_mirage","trait2","bfdr_observed_fdp",0.01,0
20260819,7,500,15,3000,3000,3000,3000,"fast",0.01,"","separate_mirage","trait2","bfdr_estimate",0.01,0
20260819,7,500,15,3000,3000,3000,3000,"fast",0.01,"","separate_mirage","trait2","bfdr_power",0.01,0
20260819,7,500,15,3000,3000,3000,3000,"fast",0.01,"","separate_mirage","trait2","bfdr_discoveries",0.01,0
20260819,7,500,15,3000,3000,3000,3000,"fast",0.01,"","separate_mirage","trait2","bfdr_observed_fdp",0.05,0
20260819,7,500,15,3000,3000,3000,3000,"fast",0.01,"","separate_mirage","trait2","bfdr_estimate",0.05,0
20260819,7,500,15,3000,3000,3000,3000,"fast",0.01,"","separate_mirage","trait2","bfdr_power",0.05,0
20260819,7,500,15,3000,3000,3000,3000,"fast",0.01,"","separate_mirage","trait2","bfdr_discoveries",0.05,0
20260819,7,500,15,3000,3000,3000,3000,"fast",0.01,"","separate_mirage","trait2","bfdr_observed_fdp",0.1,0
20260819,7,500,15,3000,3000,3000,3000,"fast",0.01,"","separate_mirage","trait2","bfdr_estimate",0.1,0
20260819,7,500,15,3000,3000,3000,3000,"fast",0.01,"","separate_mirage","trait2","bfdr_power",0.1,0
20260819,7,500,15,3000,3000,3000,3000,"fast",0.01,"","separate_mirage","trait2","bfdr_discoveries",0.1,0
20260819,7,500,15,3000,3000,3000,3000,"fast",0.01,"","separate_mirage","trait2","bfdr_observed_fdp",0.2,0
20260819,7,500,15,3000,3000,3000,3000,"fast",0.01,"","separate_mirage","trait2","bfdr_estimate",0.2,0
20260819,7,500,15,3000,3000,3000,3000,"fast",0.01,"","separate_mirage","trait2","bfdr_power",0.2,0
20260819,7,500,15,3000,3000,3000,3000,"fast",0.01,"","separate_mirage","trait2","bfdr_discoveries",0.2,0
20260819,7,500,15,3000,3000,3000,3000,"fast",0.01,"","separate_mirage","pleiotropy","bfdr_observed_fdp",0.01,0
20260819,7,500,15,3000,3000,3000,3000,"fast",0.01,"","separate_mirage","pleiotropy","bfdr_estimate",0.01,0
20260819,7,500,15,3000,3000,3000,3000,"fast",0.01,"","separate_mirage","pleiotropy","bfdr_power",0.01,0
20260819,7,500,15,3000,3000,3000,3000,"fast",0.01,"","separate_mirage","pleiotropy","bfdr_discoveries",0.01,0
20260819,7,500,15,3000,3000,3000,3000,"fast",0.01,"","separate_mirage","pleiotropy","bfdr_observed_fdp",0.05,0
20260819,7,500,15,3000,3000,3000,3000,"fast",0.01,"","separate_mirage","pleiotropy","bfdr_estimate",0.05,0
20260819,7,500,15,3000,3000,3000,3000,"fast",0.01,"","separate_mirage","pleiotropy","bfdr_power",0.05,0
20260819,7,500,15,3000,3000,3000,3000,"fast",0.01,"","separate_mirage","pleiotropy","bfdr_discoveries",0.05,0
20260819,7,500,15,3000,3000,3000,3000,"fast",0.01,"","separate_mirage","pleiotropy","bfdr_observed_fdp",0.1,0
20260819,7,500,15,3000,3000,3000,3000,"fast",0.01,"","separate_mirage","pleiotropy","bfdr_estimate",0.1,0
20260819,7,500,15,3000,3000,3000,3000,"fast",0.01,"","separate_mirage","pleiotropy","bfdr_power",0.1,0
20260819,7,500,15,3000,3000,3000,3000,"fast",0.01,"","separate_mirage","pleiotropy","bfdr_discoveries",0.1,0
20260819,7,500,15,3000,3000,3000,3000,"fast",0.01,"","separate_mirage","pleiotropy","bfdr_observed_fdp",0.2,0
20260819,7,500,15,3000,3000,3000,3000,"fast",0.01,"","separate_mirage","pleiotropy","bfdr_estimate",0.2,0
20260819,7,500,15,3000,3000,3000,3000,"fast",0.01,"","separate_mirage","pleiotropy","bfdr_power",0.2,0
20260819,7,500,15,3000,3000,3000,3000,"fast",0.01,"","separate_mirage","pleiotropy","bfdr_discoveries",0.2,0
20260819,7,500,15,3000,3000,3000,3000,"fast",0.01,"","separate_mirage","global","runtime_seconds",NA,18.132
20260819,7,500,15,3000,3000,3000,3000,"fast",0.01,"","separate_mirage","pleiotropy","pi11_estimate",NA,0.001
20260819,7,500,15,3000,3000,3000,3000,"fast",0.01,"","mtada_aggregated","trait1","auc",NA,0.731621052631579
20260819,7,500,15,3000,3000,3000,3000,"fast",0.01,"","mtada_aggregated","trait2","auc",NA,0.783469387755102
20260819,7,500,15,3000,3000,3000,3000,"fast",0.01,"","mtada_aggregated","pleiotropy","auc",NA,0.861818181818182
20260819,7,500,15,3000,3000,3000,3000,"fast",0.01,"","mtada_aggregated","trait1","pp08_power",0.8,0.24
20260819,7,500,15,3000,3000,3000,3000,"fast",0.01,"","mtada_aggregated","trait1","pp08_fdp",0.8,0
20260819,7,500,15,3000,3000,3000,3000,"fast",0.01,"","mtada_aggregated","trait1","pp08_discoveries",0.8,6
20260819,7,500,15,3000,3000,3000,3000,"fast",0.01,"","mtada_aggregated","trait2","pp08_power",0.8,0
20260819,7,500,15,3000,3000,3000,3000,"fast",0.01,"","mtada_aggregated","trait2","pp08_fdp",0.8,0
20260819,7,500,15,3000,3000,3000,3000,"fast",0.01,"","mtada_aggregated","trait2","pp08_discoveries",0.8,0
20260819,7,500,15,3000,3000,3000,3000,"fast",0.01,"","mtada_aggregated","pleiotropy","pp08_power",0.8,0
20260819,7,500,15,3000,3000,3000,3000,"fast",0.01,"","mtada_aggregated","pleiotropy","pp08_fdp",0.8,0
20260819,7,500,15,3000,3000,3000,3000,"fast",0.01,"","mtada_aggregated","pleiotropy","pp08_discoveries",0.8,0
20260819,7,500,15,3000,3000,3000,3000,"fast",0.01,"","mtada_aggregated","trait1","bfdr_observed_fdp",0.01,0
20260819,7,500,15,3000,3000,3000,3000,"fast",0.01,"","mtada_aggregated","trait1","bfdr_estimate",0.01,0.00715106723428484
20260819,7,500,15,3000,3000,3000,3000,"fast",0.01,"","mtada_aggregated","trait1","bfdr_power",0.01,0.24
20260819,7,500,15,3000,3000,3000,3000,"fast",0.01,"","mtada_aggregated","trait1","bfdr_discoveries",0.01,6
20260819,7,500,15,3000,3000,3000,3000,"fast",0.01,"","mtada_aggregated","trait1","bfdr_observed_fdp",0.05,0
20260819,7,500,15,3000,3000,3000,3000,"fast",0.01,"","mtada_aggregated","trait1","bfdr_estimate",0.05,0.00715106723428484
20260819,7,500,15,3000,3000,3000,3000,"fast",0.01,"","mtada_aggregated","trait1","bfdr_power",0.05,0.24
20260819,7,500,15,3000,3000,3000,3000,"fast",0.01,"","mtada_aggregated","trait1","bfdr_discoveries",0.05,6
20260819,7,500,15,3000,3000,3000,3000,"fast",0.01,"","mtada_aggregated","trait1","bfdr_observed_fdp",0.1,0.142857142857143
20260819,7,500,15,3000,3000,3000,3000,"fast",0.01,"","mtada_aggregated","trait1","bfdr_estimate",0.1,0.0998074419670097
20260819,7,500,15,3000,3000,3000,3000,"fast",0.01,"","mtada_aggregated","trait1","bfdr_power",0.1,0.24
20260819,7,500,15,3000,3000,3000,3000,"fast",0.01,"","mtada_aggregated","trait1","bfdr_discoveries",0.1,7
20260819,7,500,15,3000,3000,3000,3000,"fast",0.01,"","mtada_aggregated","trait1","bfdr_observed_fdp",0.2,0.25
20260819,7,500,15,3000,3000,3000,3000,"fast",0.01,"","mtada_aggregated","trait1","bfdr_estimate",0.2,0.188868528218286
20260819,7,500,15,3000,3000,3000,3000,"fast",0.01,"","mtada_aggregated","trait1","bfdr_power",0.2,0.24
20260819,7,500,15,3000,3000,3000,3000,"fast",0.01,"","mtada_aggregated","trait1","bfdr_discoveries",0.2,8
20260819,7,500,15,3000,3000,3000,3000,"fast",0.01,"","mtada_aggregated","trait2","bfdr_observed_fdp",0.01,0
20260819,7,500,15,3000,3000,3000,3000,"fast",0.01,"","mtada_aggregated","trait2","bfdr_estimate",0.01,0
20260819,7,500,15,3000,3000,3000,3000,"fast",0.01,"","mtada_aggregated","trait2","bfdr_power",0.01,0
20260819,7,500,15,3000,3000,3000,3000,"fast",0.01,"","mtada_aggregated","trait2","bfdr_discoveries",0.01,0
20260819,7,500,15,3000,3000,3000,3000,"fast",0.01,"","mtada_aggregated","trait2","bfdr_observed_fdp",0.05,0
20260819,7,500,15,3000,3000,3000,3000,"fast",0.01,"","mtada_aggregated","trait2","bfdr_estimate",0.05,0
20260819,7,500,15,3000,3000,3000,3000,"fast",0.01,"","mtada_aggregated","trait2","bfdr_power",0.05,0
20260819,7,500,15,3000,3000,3000,3000,"fast",0.01,"","mtada_aggregated","trait2","bfdr_discoveries",0.05,0
20260819,7,500,15,3000,3000,3000,3000,"fast",0.01,"","mtada_aggregated","trait2","bfdr_observed_fdp",0.1,0
20260819,7,500,15,3000,3000,3000,3000,"fast",0.01,"","mtada_aggregated","trait2","bfdr_estimate",0.1,0
20260819,7,500,15,3000,3000,3000,3000,"fast",0.01,"","mtada_aggregated","trait2","bfdr_power",0.1,0
20260819,7,500,15,3000,3000,3000,3000,"fast",0.01,"","mtada_aggregated","trait2","bfdr_discoveries",0.1,0
20260819,7,500,15,3000,3000,3000,3000,"fast",0.01,"","mtada_aggregated","trait2","bfdr_observed_fdp",0.2,0
20260819,7,500,15,3000,3000,3000,3000,"fast",0.01,"","mtada_aggregated","trait2","bfdr_estimate",0.2,0
20260819,7,500,15,3000,3000,3000,3000,"fast",0.01,"","mtada_aggregated","trait2","bfdr_power",0.2,0
20260819,7,500,15,3000,3000,3000,3000,"fast",0.01,"","mtada_aggregated","trait2","bfdr_discoveries",0.2,0
20260819,7,500,15,3000,3000,3000,3000,"fast",0.01,"","mtada_aggregated","pleiotropy","bfdr_observed_fdp",0.01,0
20260819,7,500,15,3000,3000,3000,3000,"fast",0.01,"","mtada_aggregated","pleiotropy","bfdr_estimate",0.01,0
20260819,7,500,15,3000,3000,3000,3000,"fast",0.01,"","mtada_aggregated","pleiotropy","bfdr_power",0.01,0
20260819,7,500,15,3000,3000,3000,3000,"fast",0.01,"","mtada_aggregated","pleiotropy","bfdr_discoveries",0.01,0
20260819,7,500,15,3000,3000,3000,3000,"fast",0.01,"","mtada_aggregated","pleiotropy","bfdr_observed_fdp",0.05,0
20260819,7,500,15,3000,3000,3000,3000,"fast",0.01,"","mtada_aggregated","pleiotropy","bfdr_estimate",0.05,0
20260819,7,500,15,3000,3000,3000,3000,"fast",0.01,"","mtada_aggregated","pleiotropy","bfdr_power",0.05,0
20260819,7,500,15,3000,3000,3000,3000,"fast",0.01,"","mtada_aggregated","pleiotropy","bfdr_discoveries",0.05,0
20260819,7,500,15,3000,3000,3000,3000,"fast",0.01,"","mtada_aggregated","pleiotropy","bfdr_observed_fdp",0.1,0
20260819,7,500,15,3000,3000,3000,3000,"fast",0.01,"","mtada_aggregated","pleiotropy","bfdr_estimate",0.1,0
20260819,7,500,15,3000,3000,3000,3000,"fast",0.01,"","mtada_aggregated","pleiotropy","bfdr_power",0.1,0
20260819,7,500,15,3000,3000,3000,3000,"fast",0.01,"","mtada_aggregated","pleiotropy","bfdr_discoveries",0.1,0
20260819,7,500,15,3000,3000,3000,3000,"fast",0.01,"","mtada_aggregated","pleiotropy","bfdr_observed_fdp",0.2,0
20260819,7,500,15,3000,3000,3000,3000,"fast",0.01,"","mtada_aggregated","pleiotropy","bfdr_estimate",0.2,0
20260819,7,500,15,3000,3000,3000,3000,"fast",0.01,"","mtada_aggregated","pleiotropy","bfdr_power",0.2,0
20260819,7,500,15,3000,3000,3000,3000,"fast",0.01,"","mtada_aggregated","pleiotropy","bfdr_discoveries",0.2,0
20260819,7,500,15,3000,3000,3000,3000,"fast",0.01,"","mtada_aggregated","global","runtime_seconds",NA,0.739000000000033
20260819,7,500,15,3000,3000,3000,3000,"fast",0.01,"","mtada_aggregated","pleiotropy","pi11_estimate",NA,0.0172994129158513
20260820,8,500,15,3000,3000,3000,3000,"fast",0.01,"","mirage_joint","trait1","auc",NA,0.771957894736842
20260820,8,500,15,3000,3000,3000,3000,"fast",0.01,"","mirage_joint","trait2","auc",NA,0.682244897959184
20260820,8,500,15,3000,3000,3000,3000,"fast",0.01,"","mirage_joint","pleiotropy","auc",NA,0.998787878787879
20260820,8,500,15,3000,3000,3000,3000,"fast",0.01,"","mirage_joint","trait1","pp08_power",0.8,0.28
20260820,8,500,15,3000,3000,3000,3000,"fast",0.01,"","mirage_joint","trait1","pp08_fdp",0.8,0
20260820,8,500,15,3000,3000,3000,3000,"fast",0.01,"","mirage_joint","trait1","pp08_discoveries",0.8,7
20260820,8,500,15,3000,3000,3000,3000,"fast",0.01,"","mirage_joint","trait2","pp08_power",0.8,0.3
20260820,8,500,15,3000,3000,3000,3000,"fast",0.01,"","mirage_joint","trait2","pp08_fdp",0.8,0
20260820,8,500,15,3000,3000,3000,3000,"fast",0.01,"","mirage_joint","trait2","pp08_discoveries",0.8,3
20260820,8,500,15,3000,3000,3000,3000,"fast",0.01,"","mirage_joint","pleiotropy","pp08_power",0.8,0.6
20260820,8,500,15,3000,3000,3000,3000,"fast",0.01,"","mirage_joint","pleiotropy","pp08_fdp",0.8,0
20260820,8,500,15,3000,3000,3000,3000,"fast",0.01,"","mirage_joint","pleiotropy","pp08_discoveries",0.8,3
20260820,8,500,15,3000,3000,3000,3000,"fast",0.01,"","mirage_joint","trait1","bfdr_observed_fdp",0.01,0
20260820,8,500,15,3000,3000,3000,3000,"fast",0.01,"","mirage_joint","trait1","bfdr_estimate",0.01,0.00598360691329158
20260820,8,500,15,3000,3000,3000,3000,"fast",0.01,"","mirage_joint","trait1","bfdr_power",0.01,0.12
20260820,8,500,15,3000,3000,3000,3000,"fast",0.01,"","mirage_joint","trait1","bfdr_discoveries",0.01,3
20260820,8,500,15,3000,3000,3000,3000,"fast",0.01,"","mirage_joint","trait1","bfdr_observed_fdp",0.05,0
20260820,8,500,15,3000,3000,3000,3000,"fast",0.01,"","mirage_joint","trait1","bfdr_estimate",0.05,0.0370154666376367
20260820,8,500,15,3000,3000,3000,3000,"fast",0.01,"","mirage_joint","trait1","bfdr_power",0.05,0.24
20260820,8,500,15,3000,3000,3000,3000,"fast",0.01,"","mirage_joint","trait1","bfdr_discoveries",0.05,6
20260820,8,500,15,3000,3000,3000,3000,"fast",0.01,"","mirage_joint","trait1","bfdr_observed_fdp",0.1,0.125
20260820,8,500,15,3000,3000,3000,3000,"fast",0.01,"","mirage_joint","trait1","bfdr_estimate",0.1,0.0812109314904187
20260820,8,500,15,3000,3000,3000,3000,"fast",0.01,"","mirage_joint","trait1","bfdr_power",0.1,0.28
20260820,8,500,15,3000,3000,3000,3000,"fast",0.01,"","mirage_joint","trait1","bfdr_discoveries",0.1,8
20260820,8,500,15,3000,3000,3000,3000,"fast",0.01,"","mirage_joint","trait1","bfdr_observed_fdp",0.2,0.333333333333333
20260820,8,500,15,3000,3000,3000,3000,"fast",0.01,"","mirage_joint","trait1","bfdr_estimate",0.2,0.199172023164412
20260820,8,500,15,3000,3000,3000,3000,"fast",0.01,"","mirage_joint","trait1","bfdr_power",0.2,0.32
20260820,8,500,15,3000,3000,3000,3000,"fast",0.01,"","mirage_joint","trait1","bfdr_discoveries",0.2,12
20260820,8,500,15,3000,3000,3000,3000,"fast",0.01,"","mirage_joint","trait2","bfdr_observed_fdp",0.01,0
20260820,8,500,15,3000,3000,3000,3000,"fast",0.01,"","mirage_joint","trait2","bfdr_estimate",0.01,4.02525007062726e-05
20260820,8,500,15,3000,3000,3000,3000,"fast",0.01,"","mirage_joint","trait2","bfdr_power",0.01,0.1
20260820,8,500,15,3000,3000,3000,3000,"fast",0.01,"","mirage_joint","trait2","bfdr_discoveries",0.01,1
20260820,8,500,15,3000,3000,3000,3000,"fast",0.01,"","mirage_joint","trait2","bfdr_observed_fdp",0.05,0
20260820,8,500,15,3000,3000,3000,3000,"fast",0.01,"","mirage_joint","trait2","bfdr_estimate",0.05,0.0203723925516466
20260820,8,500,15,3000,3000,3000,3000,"fast",0.01,"","mirage_joint","trait2","bfdr_power",0.05,0.2
20260820,8,500,15,3000,3000,3000,3000,"fast",0.01,"","mirage_joint","trait2","bfdr_discoveries",0.05,2
20260820,8,500,15,3000,3000,3000,3000,"fast",0.01,"","mirage_joint","trait2","bfdr_observed_fdp",0.1,0
20260820,8,500,15,3000,3000,3000,3000,"fast",0.01,"","mirage_joint","trait2","bfdr_estimate",0.1,0.0701719458099206
20260820,8,500,15,3000,3000,3000,3000,"fast",0.01,"","mirage_joint","trait2","bfdr_power",0.1,0.3
20260820,8,500,15,3000,3000,3000,3000,"fast",0.01,"","mirage_joint","trait2","bfdr_discoveries",0.1,3
20260820,8,500,15,3000,3000,3000,3000,"fast",0.01,"","mirage_joint","trait2","bfdr_observed_fdp",0.2,0.25
20260820,8,500,15,3000,3000,3000,3000,"fast",0.01,"","mirage_joint","trait2","bfdr_estimate",0.2,0.160763173445338
20260820,8,500,15,3000,3000,3000,3000,"fast",0.01,"","mirage_joint","trait2","bfdr_power",0.2,0.3
20260820,8,500,15,3000,3000,3000,3000,"fast",0.01,"","mirage_joint","trait2","bfdr_discoveries",0.2,4
20260820,8,500,15,3000,3000,3000,3000,"fast",0.01,"","mirage_joint","pleiotropy","bfdr_observed_fdp",0.01,0
20260820,8,500,15,3000,3000,3000,3000,"fast",0.01,"","mirage_joint","pleiotropy","bfdr_estimate",0.01,0
20260820,8,500,15,3000,3000,3000,3000,"fast",0.01,"","mirage_joint","pleiotropy","bfdr_power",0.01,0
20260820,8,500,15,3000,3000,3000,3000,"fast",0.01,"","mirage_joint","pleiotropy","bfdr_discoveries",0.01,0
20260820,8,500,15,3000,3000,3000,3000,"fast",0.01,"","mirage_joint","pleiotropy","bfdr_observed_fdp",0.05,0
20260820,8,500,15,3000,3000,3000,3000,"fast",0.01,"","mirage_joint","pleiotropy","bfdr_estimate",0.05,0.0323289196875381
20260820,8,500,15,3000,3000,3000,3000,"fast",0.01,"","mirage_joint","pleiotropy","bfdr_power",0.05,0.4
20260820,8,500,15,3000,3000,3000,3000,"fast",0.01,"","mirage_joint","pleiotropy","bfdr_discoveries",0.05,2
20260820,8,500,15,3000,3000,3000,3000,"fast",0.01,"","mirage_joint","pleiotropy","bfdr_observed_fdp",0.1,0
20260820,8,500,15,3000,3000,3000,3000,"fast",0.01,"","mirage_joint","pleiotropy","bfdr_estimate",0.1,0.0781449784559577
20260820,8,500,15,3000,3000,3000,3000,"fast",0.01,"","mirage_joint","pleiotropy","bfdr_power",0.1,0.6
20260820,8,500,15,3000,3000,3000,3000,"fast",0.01,"","mirage_joint","pleiotropy","bfdr_discoveries",0.1,3
20260820,8,500,15,3000,3000,3000,3000,"fast",0.01,"","mirage_joint","pleiotropy","bfdr_observed_fdp",0.2,0
20260820,8,500,15,3000,3000,3000,3000,"fast",0.01,"","mirage_joint","pleiotropy","bfdr_estimate",0.2,0.168718458762707
20260820,8,500,15,3000,3000,3000,3000,"fast",0.01,"","mirage_joint","pleiotropy","bfdr_power",0.2,0.8
20260820,8,500,15,3000,3000,3000,3000,"fast",0.01,"","mirage_joint","pleiotropy","bfdr_discoveries",0.2,4
20260820,8,500,15,3000,3000,3000,3000,"fast",0.01,"","mirage_joint","global","runtime_seconds",NA,18.094
20260820,8,500,15,3000,3000,3000,3000,"fast",0.01,"","mirage_joint","pleiotropy","pi11_estimate",NA,0.0952726693912363
20260820,8,500,15,3000,3000,3000,3000,"fast",0.01,"","separate_mirage","trait1","auc",NA,0.747705263157895
20260820,8,500,15,3000,3000,3000,3000,"fast",0.01,"","separate_mirage","trait2","auc",NA,0.716734693877551
20260820,8,500,15,3000,3000,3000,3000,"fast",0.01,"","separate_mirage","pleiotropy","auc",NA,0.99959595959596
20260820,8,500,15,3000,3000,3000,3000,"fast",0.01,"","separate_mirage","trait1","pp08_power",0.8,0.12
20260820,8,500,15,3000,3000,3000,3000,"fast",0.01,"","separate_mirage","trait1","pp08_fdp",0.8,0
20260820,8,500,15,3000,3000,3000,3000,"fast",0.01,"","separate_mirage","trait1","pp08_discoveries",0.8,3
20260820,8,500,15,3000,3000,3000,3000,"fast",0.01,"","separate_mirage","trait2","pp08_power",0.8,0.2
20260820,8,500,15,3000,3000,3000,3000,"fast",0.01,"","separate_mirage","trait2","pp08_fdp",0.8,0
20260820,8,500,15,3000,3000,3000,3000,"fast",0.01,"","separate_mirage","trait2","pp08_discoveries",0.8,2
20260820,8,500,15,3000,3000,3000,3000,"fast",0.01,"","separate_mirage","pleiotropy","pp08_power",0.8,0
20260820,8,500,15,3000,3000,3000,3000,"fast",0.01,"","separate_mirage","pleiotropy","pp08_fdp",0.8,0
20260820,8,500,15,3000,3000,3000,3000,"fast",0.01,"","separate_mirage","pleiotropy","pp08_discoveries",0.8,0
20260820,8,500,15,3000,3000,3000,3000,"fast",0.01,"","separate_mirage","trait1","bfdr_observed_fdp",0.01,0
20260820,8,500,15,3000,3000,3000,3000,"fast",0.01,"","separate_mirage","trait1","bfdr_estimate",0.01,0.00813186623035948
20260820,8,500,15,3000,3000,3000,3000,"fast",0.01,"","separate_mirage","trait1","bfdr_power",0.01,0.12
20260820,8,500,15,3000,3000,3000,3000,"fast",0.01,"","separate_mirage","trait1","bfdr_discoveries",0.01,3
20260820,8,500,15,3000,3000,3000,3000,"fast",0.01,"","separate_mirage","trait1","bfdr_observed_fdp",0.05,0
20260820,8,500,15,3000,3000,3000,3000,"fast",0.01,"","separate_mirage","trait1","bfdr_estimate",0.05,0.00813186623035948
20260820,8,500,15,3000,3000,3000,3000,"fast",0.01,"","separate_mirage","trait1","bfdr_power",0.05,0.12
20260820,8,500,15,3000,3000,3000,3000,"fast",0.01,"","separate_mirage","trait1","bfdr_discoveries",0.05,3
20260820,8,500,15,3000,3000,3000,3000,"fast",0.01,"","separate_mirage","trait1","bfdr_observed_fdp",0.1,0
20260820,8,500,15,3000,3000,3000,3000,"fast",0.01,"","separate_mirage","trait1","bfdr_estimate",0.1,0.0700608608862425
20260820,8,500,15,3000,3000,3000,3000,"fast",0.01,"","separate_mirage","trait1","bfdr_power",0.1,0.16
20260820,8,500,15,3000,3000,3000,3000,"fast",0.01,"","separate_mirage","trait1","bfdr_discoveries",0.1,4
20260820,8,500,15,3000,3000,3000,3000,"fast",0.01,"","separate_mirage","trait1","bfdr_observed_fdp",0.2,0.166666666666667
20260820,8,500,15,3000,3000,3000,3000,"fast",0.01,"","separate_mirage","trait1","bfdr_estimate",0.2,0.180543976578788
20260820,8,500,15,3000,3000,3000,3000,"fast",0.01,"","separate_mirage","trait1","bfdr_power",0.2,0.2
20260820,8,500,15,3000,3000,3000,3000,"fast",0.01,"","separate_mirage","trait1","bfdr_discoveries",0.2,6
20260820,8,500,15,3000,3000,3000,3000,"fast",0.01,"","separate_mirage","trait2","bfdr_observed_fdp",0.01,0
20260820,8,500,15,3000,3000,3000,3000,"fast",0.01,"","separate_mirage","trait2","bfdr_estimate",0.01,9.28005803919607e-05
20260820,8,500,15,3000,3000,3000,3000,"fast",0.01,"","separate_mirage","trait2","bfdr_power",0.01,0.1
20260820,8,500,15,3000,3000,3000,3000,"fast",0.01,"","separate_mirage","trait2","bfdr_discoveries",0.01,1
20260820,8,500,15,3000,3000,3000,3000,"fast",0.01,"","separate_mirage","trait2","bfdr_observed_fdp",0.05,0
20260820,8,500,15,3000,3000,3000,3000,"fast",0.01,"","separate_mirage","trait2","bfdr_estimate",0.05,9.28005803919607e-05
20260820,8,500,15,3000,3000,3000,3000,"fast",0.01,"","separate_mirage","trait2","bfdr_power",0.05,0.1
20260820,8,500,15,3000,3000,3000,3000,"fast",0.01,"","separate_mirage","trait2","bfdr_discoveries",0.05,1
20260820,8,500,15,3000,3000,3000,3000,"fast",0.01,"","separate_mirage","trait2","bfdr_observed_fdp",0.1,0
20260820,8,500,15,3000,3000,3000,3000,"fast",0.01,"","separate_mirage","trait2","bfdr_estimate",0.1,0.0887593781295405
20260820,8,500,15,3000,3000,3000,3000,"fast",0.01,"","separate_mirage","trait2","bfdr_power",0.1,0.2
20260820,8,500,15,3000,3000,3000,3000,"fast",0.01,"","separate_mirage","trait2","bfdr_discoveries",0.1,2
20260820,8,500,15,3000,3000,3000,3000,"fast",0.01,"","separate_mirage","trait2","bfdr_observed_fdp",0.2,0
20260820,8,500,15,3000,3000,3000,3000,"fast",0.01,"","separate_mirage","trait2","bfdr_estimate",0.2,0.0887593781295405
20260820,8,500,15,3000,3000,3000,3000,"fast",0.01,"","separate_mirage","trait2","bfdr_power",0.2,0.2
20260820,8,500,15,3000,3000,3000,3000,"fast",0.01,"","separate_mirage","trait2","bfdr_discoveries",0.2,2
20260820,8,500,15,3000,3000,3000,3000,"fast",0.01,"","separate_mirage","pleiotropy","bfdr_observed_fdp",0.01,0
20260820,8,500,15,3000,3000,3000,3000,"fast",0.01,"","separate_mirage","pleiotropy","bfdr_estimate",0.01,0
20260820,8,500,15,3000,3000,3000,3000,"fast",0.01,"","separate_mirage","pleiotropy","bfdr_power",0.01,0
20260820,8,500,15,3000,3000,3000,3000,"fast",0.01,"","separate_mirage","pleiotropy","bfdr_discoveries",0.01,0
20260820,8,500,15,3000,3000,3000,3000,"fast",0.01,"","separate_mirage","pleiotropy","bfdr_observed_fdp",0.05,0
20260820,8,500,15,3000,3000,3000,3000,"fast",0.01,"","separate_mirage","pleiotropy","bfdr_estimate",0.05,0
20260820,8,500,15,3000,3000,3000,3000,"fast",0.01,"","separate_mirage","pleiotropy","bfdr_power",0.05,0
20260820,8,500,15,3000,3000,3000,3000,"fast",0.01,"","separate_mirage","pleiotropy","bfdr_discoveries",0.05,0
20260820,8,500,15,3000,3000,3000,3000,"fast",0.01,"","separate_mirage","pleiotropy","bfdr_observed_fdp",0.1,0
20260820,8,500,15,3000,3000,3000,3000,"fast",0.01,"","separate_mirage","pleiotropy","bfdr_estimate",0.1,0
20260820,8,500,15,3000,3000,3000,3000,"fast",0.01,"","separate_mirage","pleiotropy","bfdr_power",0.1,0
20260820,8,500,15,3000,3000,3000,3000,"fast",0.01,"","separate_mirage","pleiotropy","bfdr_discoveries",0.1,0
20260820,8,500,15,3000,3000,3000,3000,"fast",0.01,"","separate_mirage","pleiotropy","bfdr_observed_fdp",0.2,0
20260820,8,500,15,3000,3000,3000,3000,"fast",0.01,"","separate_mirage","pleiotropy","bfdr_estimate",0.2,0
20260820,8,500,15,3000,3000,3000,3000,"fast",0.01,"","separate_mirage","pleiotropy","bfdr_power",0.2,0
20260820,8,500,15,3000,3000,3000,3000,"fast",0.01,"","separate_mirage","pleiotropy","bfdr_discoveries",0.2,0
20260820,8,500,15,3000,3000,3000,3000,"fast",0.01,"","separate_mirage","global","runtime_seconds",NA,18.18
20260820,8,500,15,3000,3000,3000,3000,"fast",0.01,"","separate_mirage","pleiotropy","pi11_estimate",NA,0.001
20260820,8,500,15,3000,3000,3000,3000,"fast",0.01,"","mtada_aggregated","trait1","auc",NA,0.749642105263158
20260820,8,500,15,3000,3000,3000,3000,"fast",0.01,"","mtada_aggregated","trait2","auc",NA,0.739795918367347
20260820,8,500,15,3000,3000,3000,3000,"fast",0.01,"","mtada_aggregated","pleiotropy","auc",NA,0.994747474747475
20260820,8,500,15,3000,3000,3000,3000,"fast",0.01,"","mtada_aggregated","trait1","pp08_power",0.8,0.28
20260820,8,500,15,3000,3000,3000,3000,"fast",0.01,"","mtada_aggregated","trait1","pp08_fdp",0.8,0
20260820,8,500,15,3000,3000,3000,3000,"fast",0.01,"","mtada_aggregated","trait1","pp08_discoveries",0.8,7
20260820,8,500,15,3000,3000,3000,3000,"fast",0.01,"","mtada_aggregated","trait2","pp08_power",0.8,0.2
20260820,8,500,15,3000,3000,3000,3000,"fast",0.01,"","mtada_aggregated","trait2","pp08_fdp",0.8,0
20260820,8,500,15,3000,3000,3000,3000,"fast",0.01,"","mtada_aggregated","trait2","pp08_discoveries",0.8,2
20260820,8,500,15,3000,3000,3000,3000,"fast",0.01,"","mtada_aggregated","pleiotropy","pp08_power",0.8,0
20260820,8,500,15,3000,3000,3000,3000,"fast",0.01,"","mtada_aggregated","pleiotropy","pp08_fdp",0.8,0
20260820,8,500,15,3000,3000,3000,3000,"fast",0.01,"","mtada_aggregated","pleiotropy","pp08_discoveries",0.8,0
20260820,8,500,15,3000,3000,3000,3000,"fast",0.01,"","mtada_aggregated","trait1","bfdr_observed_fdp",0.01,0
20260820,8,500,15,3000,3000,3000,3000,"fast",0.01,"","mtada_aggregated","trait1","bfdr_estimate",0.01,0.00899189748785072
20260820,8,500,15,3000,3000,3000,3000,"fast",0.01,"","mtada_aggregated","trait1","bfdr_power",0.01,0.28
20260820,8,500,15,3000,3000,3000,3000,"fast",0.01,"","mtada_aggregated","trait1","bfdr_discoveries",0.01,7
20260820,8,500,15,3000,3000,3000,3000,"fast",0.01,"","mtada_aggregated","trait1","bfdr_observed_fdp",0.05,0
20260820,8,500,15,3000,3000,3000,3000,"fast",0.01,"","mtada_aggregated","trait1","bfdr_estimate",0.05,0.0454187490631362
20260820,8,500,15,3000,3000,3000,3000,"fast",0.01,"","mtada_aggregated","trait1","bfdr_power",0.05,0.32
20260820,8,500,15,3000,3000,3000,3000,"fast",0.01,"","mtada_aggregated","trait1","bfdr_discoveries",0.05,8
20260820,8,500,15,3000,3000,3000,3000,"fast",0.01,"","mtada_aggregated","trait1","bfdr_observed_fdp",0.1,0
20260820,8,500,15,3000,3000,3000,3000,"fast",0.01,"","mtada_aggregated","trait1","bfdr_estimate",0.1,0.0454187490631362
20260820,8,500,15,3000,3000,3000,3000,"fast",0.01,"","mtada_aggregated","trait1","bfdr_power",0.1,0.32
20260820,8,500,15,3000,3000,3000,3000,"fast",0.01,"","mtada_aggregated","trait1","bfdr_discoveries",0.1,8
20260820,8,500,15,3000,3000,3000,3000,"fast",0.01,"","mtada_aggregated","trait1","bfdr_observed_fdp",0.2,0.181818181818182
20260820,8,500,15,3000,3000,3000,3000,"fast",0.01,"","mtada_aggregated","trait1","bfdr_estimate",0.2,0.197476147521976
20260820,8,500,15,3000,3000,3000,3000,"fast",0.01,"","mtada_aggregated","trait1","bfdr_power",0.2,0.36
20260820,8,500,15,3000,3000,3000,3000,"fast",0.01,"","mtada_aggregated","trait1","bfdr_discoveries",0.2,11
20260820,8,500,15,3000,3000,3000,3000,"fast",0.01,"","mtada_aggregated","trait2","bfdr_observed_fdp",0.01,0
20260820,8,500,15,3000,3000,3000,3000,"fast",0.01,"","mtada_aggregated","trait2","bfdr_estimate",0.01,0.0086781063720317
20260820,8,500,15,3000,3000,3000,3000,"fast",0.01,"","mtada_aggregated","trait2","bfdr_power",0.01,0.2
20260820,8,500,15,3000,3000,3000,3000,"fast",0.01,"","mtada_aggregated","trait2","bfdr_discoveries",0.01,2
20260820,8,500,15,3000,3000,3000,3000,"fast",0.01,"","mtada_aggregated","trait2","bfdr_observed_fdp",0.05,0
20260820,8,500,15,3000,3000,3000,3000,"fast",0.01,"","mtada_aggregated","trait2","bfdr_estimate",0.05,0.0086781063720317
20260820,8,500,15,3000,3000,3000,3000,"fast",0.01,"","mtada_aggregated","trait2","bfdr_power",0.05,0.2
20260820,8,500,15,3000,3000,3000,3000,"fast",0.01,"","mtada_aggregated","trait2","bfdr_discoveries",0.05,2
20260820,8,500,15,3000,3000,3000,3000,"fast",0.01,"","mtada_aggregated","trait2","bfdr_observed_fdp",0.1,0
20260820,8,500,15,3000,3000,3000,3000,"fast",0.01,"","mtada_aggregated","trait2","bfdr_estimate",0.1,0.0086781063720317
20260820,8,500,15,3000,3000,3000,3000,"fast",0.01,"","mtada_aggregated","trait2","bfdr_power",0.1,0.2
20260820,8,500,15,3000,3000,3000,3000,"fast",0.01,"","mtada_aggregated","trait2","bfdr_discoveries",0.1,2
20260820,8,500,15,3000,3000,3000,3000,"fast",0.01,"","mtada_aggregated","trait2","bfdr_observed_fdp",0.2,0.333333333333333
20260820,8,500,15,3000,3000,3000,3000,"fast",0.01,"","mtada_aggregated","trait2","bfdr_estimate",0.2,0.165528682010514
20260820,8,500,15,3000,3000,3000,3000,"fast",0.01,"","mtada_aggregated","trait2","bfdr_power",0.2,0.2
20260820,8,500,15,3000,3000,3000,3000,"fast",0.01,"","mtada_aggregated","trait2","bfdr_discoveries",0.2,3
20260820,8,500,15,3000,3000,3000,3000,"fast",0.01,"","mtada_aggregated","pleiotropy","bfdr_observed_fdp",0.01,0
20260820,8,500,15,3000,3000,3000,3000,"fast",0.01,"","mtada_aggregated","pleiotropy","bfdr_estimate",0.01,0
20260820,8,500,15,3000,3000,3000,3000,"fast",0.01,"","mtada_aggregated","pleiotropy","bfdr_power",0.01,0
20260820,8,500,15,3000,3000,3000,3000,"fast",0.01,"","mtada_aggregated","pleiotropy","bfdr_discoveries",0.01,0
20260820,8,500,15,3000,3000,3000,3000,"fast",0.01,"","mtada_aggregated","pleiotropy","bfdr_observed_fdp",0.05,0
20260820,8,500,15,3000,3000,3000,3000,"fast",0.01,"","mtada_aggregated","pleiotropy","bfdr_estimate",0.05,0
20260820,8,500,15,3000,3000,3000,3000,"fast",0.01,"","mtada_aggregated","pleiotropy","bfdr_power",0.05,0
20260820,8,500,15,3000,3000,3000,3000,"fast",0.01,"","mtada_aggregated","pleiotropy","bfdr_discoveries",0.05,0
20260820,8,500,15,3000,3000,3000,3000,"fast",0.01,"","mtada_aggregated","pleiotropy","bfdr_observed_fdp",0.1,0
20260820,8,500,15,3000,3000,3000,3000,"fast",0.01,"","mtada_aggregated","pleiotropy","bfdr_estimate",0.1,0
20260820,8,500,15,3000,3000,3000,3000,"fast",0.01,"","mtada_aggregated","pleiotropy","bfdr_power",0.1,0
20260820,8,500,15,3000,3000,3000,3000,"fast",0.01,"","mtada_aggregated","pleiotropy","bfdr_discoveries",0.1,0
20260820,8,500,15,3000,3000,3000,3000,"fast",0.01,"","mtada_aggregated","pleiotropy","bfdr_observed_fdp",0.2,0
20260820,8,500,15,3000,3000,3000,3000,"fast",0.01,"","mtada_aggregated","pleiotropy","bfdr_estimate",0.2,0
20260820,8,500,15,3000,3000,3000,3000,"fast",0.01,"","mtada_aggregated","pleiotropy","bfdr_power",0.2,0
20260820,8,500,15,3000,3000,3000,3000,"fast",0.01,"","mtada_aggregated","pleiotropy","bfdr_discoveries",0.2,0
20260820,8,500,15,3000,3000,3000,3000,"fast",0.01,"","mtada_aggregated","global","runtime_seconds",NA,0.712999999999965
20260820,8,500,15,3000,3000,3000,3000,"fast",0.01,"","mtada_aggregated","pleiotropy","pi11_estimate",NA,0.00589307
20260821,9,500,15,3000,3000,3000,3000,"fast",0.01,"","mirage_joint","trait1","auc",NA,0.776757894736842
20260821,9,500,15,3000,3000,3000,3000,"fast",0.01,"","mirage_joint","trait2","auc",NA,0.663877551020408
20260821,9,500,15,3000,3000,3000,3000,"fast",0.01,"","mirage_joint","pleiotropy","auc",NA,0.86020202020202
20260821,9,500,15,3000,3000,3000,3000,"fast",0.01,"","mirage_joint","trait1","pp08_power",0.8,0.36
20260821,9,500,15,3000,3000,3000,3000,"fast",0.01,"","mirage_joint","trait1","pp08_fdp",0.8,0.1
20260821,9,500,15,3000,3000,3000,3000,"fast",0.01,"","mirage_joint","trait1","pp08_discoveries",0.8,10
20260821,9,500,15,3000,3000,3000,3000,"fast",0.01,"","mirage_joint","trait2","pp08_power",0.8,0.3
20260821,9,500,15,3000,3000,3000,3000,"fast",0.01,"","mirage_joint","trait2","pp08_fdp",0.8,0.625
20260821,9,500,15,3000,3000,3000,3000,"fast",0.01,"","mirage_joint","trait2","pp08_discoveries",0.8,8
20260821,9,500,15,3000,3000,3000,3000,"fast",0.01,"","mirage_joint","pleiotropy","pp08_power",0.8,0.6
20260821,9,500,15,3000,3000,3000,3000,"fast",0.01,"","mirage_joint","pleiotropy","pp08_fdp",0.8,0.625
20260821,9,500,15,3000,3000,3000,3000,"fast",0.01,"","mirage_joint","pleiotropy","pp08_discoveries",0.8,8
20260821,9,500,15,3000,3000,3000,3000,"fast",0.01,"","mirage_joint","trait1","bfdr_observed_fdp",0.01,0
20260821,9,500,15,3000,3000,3000,3000,"fast",0.01,"","mirage_joint","trait1","bfdr_estimate",0.01,0.00514142497165293
20260821,9,500,15,3000,3000,3000,3000,"fast",0.01,"","mirage_joint","trait1","bfdr_power",0.01,0.12
20260821,9,500,15,3000,3000,3000,3000,"fast",0.01,"","mirage_joint","trait1","bfdr_discoveries",0.01,3
20260821,9,500,15,3000,3000,3000,3000,"fast",0.01,"","mirage_joint","trait1","bfdr_observed_fdp",0.05,0
20260821,9,500,15,3000,3000,3000,3000,"fast",0.01,"","mirage_joint","trait1","bfdr_estimate",0.05,0.0401008999896781
20260821,9,500,15,3000,3000,3000,3000,"fast",0.01,"","mirage_joint","trait1","bfdr_power",0.05,0.32
20260821,9,500,15,3000,3000,3000,3000,"fast",0.01,"","mirage_joint","trait1","bfdr_discoveries",0.05,8
20260821,9,500,15,3000,3000,3000,3000,"fast",0.01,"","mirage_joint","trait1","bfdr_observed_fdp",0.1,0.181818181818182
20260821,9,500,15,3000,3000,3000,3000,"fast",0.01,"","mirage_joint","trait1","bfdr_estimate",0.1,0.0926705513697799
20260821,9,500,15,3000,3000,3000,3000,"fast",0.01,"","mirage_joint","trait1","bfdr_power",0.1,0.36
20260821,9,500,15,3000,3000,3000,3000,"fast",0.01,"","mirage_joint","trait1","bfdr_discoveries",0.1,11
20260821,9,500,15,3000,3000,3000,3000,"fast",0.01,"","mirage_joint","trait1","bfdr_observed_fdp",0.2,0.285714285714286
20260821,9,500,15,3000,3000,3000,3000,"fast",0.01,"","mirage_joint","trait1","bfdr_estimate",0.2,0.177198720079344
20260821,9,500,15,3000,3000,3000,3000,"fast",0.01,"","mirage_joint","trait1","bfdr_power",0.2,0.4
20260821,9,500,15,3000,3000,3000,3000,"fast",0.01,"","mirage_joint","trait1","bfdr_discoveries",0.2,14
20260821,9,500,15,3000,3000,3000,3000,"fast",0.01,"","mirage_joint","trait2","bfdr_observed_fdp",0.01,0
20260821,9,500,15,3000,3000,3000,3000,"fast",0.01,"","mirage_joint","trait2","bfdr_estimate",0.01,0.00026499917869649
20260821,9,500,15,3000,3000,3000,3000,"fast",0.01,"","mirage_joint","trait2","bfdr_power",0.01,0.3
20260821,9,500,15,3000,3000,3000,3000,"fast",0.01,"","mirage_joint","trait2","bfdr_discoveries",0.01,3
20260821,9,500,15,3000,3000,3000,3000,"fast",0.01,"","mirage_joint","trait2","bfdr_observed_fdp",0.05,0.4
20260821,9,500,15,3000,3000,3000,3000,"fast",0.01,"","mirage_joint","trait2","bfdr_estimate",0.05,0.0449040725056709
20260821,9,500,15,3000,3000,3000,3000,"fast",0.01,"","mirage_joint","trait2","bfdr_power",0.05,0.3
20260821,9,500,15,3000,3000,3000,3000,"fast",0.01,"","mirage_joint","trait2","bfdr_discoveries",0.05,5
20260821,9,500,15,3000,3000,3000,3000,"fast",0.01,"","mirage_joint","trait2","bfdr_observed_fdp",0.1,0.666666666666667
20260821,9,500,15,3000,3000,3000,3000,"fast",0.01,"","mirage_joint","trait2","bfdr_estimate",0.1,0.0950881206507314
20260821,9,500,15,3000,3000,3000,3000,"fast",0.01,"","mirage_joint","trait2","bfdr_power",0.1,0.3
20260821,9,500,15,3000,3000,3000,3000,"fast",0.01,"","mirage_joint","trait2","bfdr_discoveries",0.1,9
20260821,9,500,15,3000,3000,3000,3000,"fast",0.01,"","mirage_joint","trait2","bfdr_observed_fdp",0.2,0.692307692307692
20260821,9,500,15,3000,3000,3000,3000,"fast",0.01,"","mirage_joint","trait2","bfdr_estimate",0.2,0.191377712112909
20260821,9,500,15,3000,3000,3000,3000,"fast",0.01,"","mirage_joint","trait2","bfdr_power",0.2,0.4
20260821,9,500,15,3000,3000,3000,3000,"fast",0.01,"","mirage_joint","trait2","bfdr_discoveries",0.2,13
20260821,9,500,15,3000,3000,3000,3000,"fast",0.01,"","mirage_joint","pleiotropy","bfdr_observed_fdp",0.01,0
20260821,9,500,15,3000,3000,3000,3000,"fast",0.01,"","mirage_joint","pleiotropy","bfdr_estimate",0.01,0.000381123396060223
20260821,9,500,15,3000,3000,3000,3000,"fast",0.01,"","mirage_joint","pleiotropy","bfdr_power",0.01,0.2
20260821,9,500,15,3000,3000,3000,3000,"fast",0.01,"","mirage_joint","pleiotropy","bfdr_discoveries",0.01,1
20260821,9,500,15,3000,3000,3000,3000,"fast",0.01,"","mirage_joint","pleiotropy","bfdr_observed_fdp",0.05,0.25
20260821,9,500,15,3000,3000,3000,3000,"fast",0.01,"","mirage_joint","pleiotropy","bfdr_estimate",0.05,0.0456533281514435
20260821,9,500,15,3000,3000,3000,3000,"fast",0.01,"","mirage_joint","pleiotropy","bfdr_power",0.05,0.6
20260821,9,500,15,3000,3000,3000,3000,"fast",0.01,"","mirage_joint","pleiotropy","bfdr_discoveries",0.05,4
20260821,9,500,15,3000,3000,3000,3000,"fast",0.01,"","mirage_joint","pleiotropy","bfdr_observed_fdp",0.1,0.625
20260821,9,500,15,3000,3000,3000,3000,"fast",0.01,"","mirage_joint","pleiotropy","bfdr_estimate",0.1,0.0943398998970784
20260821,9,500,15,3000,3000,3000,3000,"fast",0.01,"","mirage_joint","pleiotropy","bfdr_power",0.1,0.6
20260821,9,500,15,3000,3000,3000,3000,"fast",0.01,"","mirage_joint","pleiotropy","bfdr_discoveries",0.1,8
20260821,9,500,15,3000,3000,3000,3000,"fast",0.01,"","mirage_joint","pleiotropy","bfdr_observed_fdp",0.2,0.75
20260821,9,500,15,3000,3000,3000,3000,"fast",0.01,"","mirage_joint","pleiotropy","bfdr_estimate",0.2,0.180572617908081
20260821,9,500,15,3000,3000,3000,3000,"fast",0.01,"","mirage_joint","pleiotropy","bfdr_power",0.2,0.6
20260821,9,500,15,3000,3000,3000,3000,"fast",0.01,"","mirage_joint","pleiotropy","bfdr_discoveries",0.2,12
20260821,9,500,15,3000,3000,3000,3000,"fast",0.01,"","mirage_joint","global","runtime_seconds",NA,18.081
20260821,9,500,15,3000,3000,3000,3000,"fast",0.01,"","mirage_joint","pleiotropy","pi11_estimate",NA,0.118914731426136
20260821,9,500,15,3000,3000,3000,3000,"fast",0.01,"","separate_mirage","trait1","auc",NA,0.763621052631579
20260821,9,500,15,3000,3000,3000,3000,"fast",0.01,"","separate_mirage","trait2","auc",NA,0.68469387755102
20260821,9,500,15,3000,3000,3000,3000,"fast",0.01,"","separate_mirage","pleiotropy","auc",NA,0.875151515151515
20260821,9,500,15,3000,3000,3000,3000,"fast",0.01,"","separate_mirage","trait1","pp08_power",0.8,0.16
20260821,9,500,15,3000,3000,3000,3000,"fast",0.01,"","separate_mirage","trait1","pp08_fdp",0.8,0
20260821,9,500,15,3000,3000,3000,3000,"fast",0.01,"","separate_mirage","trait1","pp08_discoveries",0.8,4
20260821,9,500,15,3000,3000,3000,3000,"fast",0.01,"","separate_mirage","trait2","pp08_power",0.8,0.3
20260821,9,500,15,3000,3000,3000,3000,"fast",0.01,"","separate_mirage","trait2","pp08_fdp",0.8,0
20260821,9,500,15,3000,3000,3000,3000,"fast",0.01,"","separate_mirage","trait2","pp08_discoveries",0.8,3
20260821,9,500,15,3000,3000,3000,3000,"fast",0.01,"","separate_mirage","pleiotropy","pp08_power",0.8,0.2
20260821,9,500,15,3000,3000,3000,3000,"fast",0.01,"","separate_mirage","pleiotropy","pp08_fdp",0.8,0
20260821,9,500,15,3000,3000,3000,3000,"fast",0.01,"","separate_mirage","pleiotropy","pp08_discoveries",0.8,1
20260821,9,500,15,3000,3000,3000,3000,"fast",0.01,"","separate_mirage","trait1","bfdr_observed_fdp",0.01,0
20260821,9,500,15,3000,3000,3000,3000,"fast",0.01,"","separate_mirage","trait1","bfdr_estimate",0.01,0
20260821,9,500,15,3000,3000,3000,3000,"fast",0.01,"","separate_mirage","trait1","bfdr_power",0.01,0
20260821,9,500,15,3000,3000,3000,3000,"fast",0.01,"","separate_mirage","trait1","bfdr_discoveries",0.01,0
20260821,9,500,15,3000,3000,3000,3000,"fast",0.01,"","separate_mirage","trait1","bfdr_observed_fdp",0.05,0
20260821,9,500,15,3000,3000,3000,3000,"fast",0.01,"","separate_mirage","trait1","bfdr_estimate",0.05,0.0209160921440343
20260821,9,500,15,3000,3000,3000,3000,"fast",0.01,"","separate_mirage","trait1","bfdr_power",0.05,0.16
20260821,9,500,15,3000,3000,3000,3000,"fast",0.01,"","separate_mirage","trait1","bfdr_discoveries",0.05,4
20260821,9,500,15,3000,3000,3000,3000,"fast",0.01,"","separate_mirage","trait1","bfdr_observed_fdp",0.1,0
20260821,9,500,15,3000,3000,3000,3000,"fast",0.01,"","separate_mirage","trait1","bfdr_estimate",0.1,0.0697595522123645
20260821,9,500,15,3000,3000,3000,3000,"fast",0.01,"","separate_mirage","trait1","bfdr_power",0.1,0.2
20260821,9,500,15,3000,3000,3000,3000,"fast",0.01,"","separate_mirage","trait1","bfdr_discoveries",0.1,5
20260821,9,500,15,3000,3000,3000,3000,"fast",0.01,"","separate_mirage","trait1","bfdr_observed_fdp",0.2,0
20260821,9,500,15,3000,3000,3000,3000,"fast",0.01,"","separate_mirage","trait1","bfdr_estimate",0.2,0.190262094254504
20260821,9,500,15,3000,3000,3000,3000,"fast",0.01,"","separate_mirage","trait1","bfdr_power",0.2,0.32
20260821,9,500,15,3000,3000,3000,3000,"fast",0.01,"","separate_mirage","trait1","bfdr_discoveries",0.2,8
20260821,9,500,15,3000,3000,3000,3000,"fast",0.01,"","separate_mirage","trait2","bfdr_observed_fdp",0.01,0
20260821,9,500,15,3000,3000,3000,3000,"fast",0.01,"","separate_mirage","trait2","bfdr_estimate",0.01,0.00209777221960383
20260821,9,500,15,3000,3000,3000,3000,"fast",0.01,"","separate_mirage","trait2","bfdr_power",0.01,0.2
20260821,9,500,15,3000,3000,3000,3000,"fast",0.01,"","separate_mirage","trait2","bfdr_discoveries",0.01,2
20260821,9,500,15,3000,3000,3000,3000,"fast",0.01,"","separate_mirage","trait2","bfdr_observed_fdp",0.05,0
20260821,9,500,15,3000,3000,3000,3000,"fast",0.01,"","separate_mirage","trait2","bfdr_estimate",0.05,0.0349996858700911
20260821,9,500,15,3000,3000,3000,3000,"fast",0.01,"","separate_mirage","trait2","bfdr_power",0.05,0.3
20260821,9,500,15,3000,3000,3000,3000,"fast",0.01,"","separate_mirage","trait2","bfdr_discoveries",0.05,3
20260821,9,500,15,3000,3000,3000,3000,"fast",0.01,"","separate_mirage","trait2","bfdr_observed_fdp",0.1,0
20260821,9,500,15,3000,3000,3000,3000,"fast",0.01,"","separate_mirage","trait2","bfdr_estimate",0.1,0.0349996858700911
20260821,9,500,15,3000,3000,3000,3000,"fast",0.01,"","separate_mirage","trait2","bfdr_power",0.1,0.3
20260821,9,500,15,3000,3000,3000,3000,"fast",0.01,"","separate_mirage","trait2","bfdr_discoveries",0.1,3
20260821,9,500,15,3000,3000,3000,3000,"fast",0.01,"","separate_mirage","trait2","bfdr_observed_fdp",0.2,0.25
20260821,9,500,15,3000,3000,3000,3000,"fast",0.01,"","separate_mirage","trait2","bfdr_estimate",0.2,0.189539625229948
20260821,9,500,15,3000,3000,3000,3000,"fast",0.01,"","separate_mirage","trait2","bfdr_power",0.2,0.3
20260821,9,500,15,3000,3000,3000,3000,"fast",0.01,"","separate_mirage","trait2","bfdr_discoveries",0.2,4
20260821,9,500,15,3000,3000,3000,3000,"fast",0.01,"","separate_mirage","pleiotropy","bfdr_observed_fdp",0.01,0
20260821,9,500,15,3000,3000,3000,3000,"fast",0.01,"","separate_mirage","pleiotropy","bfdr_estimate",0.01,0
20260821,9,500,15,3000,3000,3000,3000,"fast",0.01,"","separate_mirage","pleiotropy","bfdr_power",0.01,0
20260821,9,500,15,3000,3000,3000,3000,"fast",0.01,"","separate_mirage","pleiotropy","bfdr_discoveries",0.01,0
20260821,9,500,15,3000,3000,3000,3000,"fast",0.01,"","separate_mirage","pleiotropy","bfdr_observed_fdp",0.05,0
20260821,9,500,15,3000,3000,3000,3000,"fast",0.01,"","separate_mirage","pleiotropy","bfdr_estimate",0.05,0
20260821,9,500,15,3000,3000,3000,3000,"fast",0.01,"","separate_mirage","pleiotropy","bfdr_power",0.05,0
20260821,9,500,15,3000,3000,3000,3000,"fast",0.01,"","separate_mirage","pleiotropy","bfdr_discoveries",0.05,0
20260821,9,500,15,3000,3000,3000,3000,"fast",0.01,"","separate_mirage","pleiotropy","bfdr_observed_fdp",0.1,0
20260821,9,500,15,3000,3000,3000,3000,"fast",0.01,"","separate_mirage","pleiotropy","bfdr_estimate",0.1,0
20260821,9,500,15,3000,3000,3000,3000,"fast",0.01,"","separate_mirage","pleiotropy","bfdr_power",0.1,0
20260821,9,500,15,3000,3000,3000,3000,"fast",0.01,"","separate_mirage","pleiotropy","bfdr_discoveries",0.1,0
20260821,9,500,15,3000,3000,3000,3000,"fast",0.01,"","separate_mirage","pleiotropy","bfdr_observed_fdp",0.2,0
20260821,9,500,15,3000,3000,3000,3000,"fast",0.01,"","separate_mirage","pleiotropy","bfdr_estimate",0.2,0.127777048397203
20260821,9,500,15,3000,3000,3000,3000,"fast",0.01,"","separate_mirage","pleiotropy","bfdr_power",0.2,0.2
20260821,9,500,15,3000,3000,3000,3000,"fast",0.01,"","separate_mirage","pleiotropy","bfdr_discoveries",0.2,1
20260821,9,500,15,3000,3000,3000,3000,"fast",0.01,"","separate_mirage","global","runtime_seconds",NA,18.145
20260821,9,500,15,3000,3000,3000,3000,"fast",0.01,"","separate_mirage","pleiotropy","pi11_estimate",NA,0.001
20260821,9,500,15,3000,3000,3000,3000,"fast",0.01,"","mtada_aggregated","trait1","auc",NA,0.801431578947368
20260821,9,500,15,3000,3000,3000,3000,"fast",0.01,"","mtada_aggregated","trait2","auc",NA,0.74469387755102
20260821,9,500,15,3000,3000,3000,3000,"fast",0.01,"","mtada_aggregated","pleiotropy","auc",NA,0.827070707070707
20260821,9,500,15,3000,3000,3000,3000,"fast",0.01,"","mtada_aggregated","trait1","pp08_power",0.8,0.24
20260821,9,500,15,3000,3000,3000,3000,"fast",0.01,"","mtada_aggregated","trait1","pp08_fdp",0.8,0
20260821,9,500,15,3000,3000,3000,3000,"fast",0.01,"","mtada_aggregated","trait1","pp08_discoveries",0.8,6
20260821,9,500,15,3000,3000,3000,3000,"fast",0.01,"","mtada_aggregated","trait2","pp08_power",0.8,0.4
20260821,9,500,15,3000,3000,3000,3000,"fast",0.01,"","mtada_aggregated","trait2","pp08_fdp",0.8,0
20260821,9,500,15,3000,3000,3000,3000,"fast",0.01,"","mtada_aggregated","trait2","pp08_discoveries",0.8,4
20260821,9,500,15,3000,3000,3000,3000,"fast",0.01,"","mtada_aggregated","pleiotropy","pp08_power",0.8,0.2
20260821,9,500,15,3000,3000,3000,3000,"fast",0.01,"","mtada_aggregated","pleiotropy","pp08_fdp",0.8,0
20260821,9,500,15,3000,3000,3000,3000,"fast",0.01,"","mtada_aggregated","pleiotropy","pp08_discoveries",0.8,1
20260821,9,500,15,3000,3000,3000,3000,"fast",0.01,"","mtada_aggregated","trait1","bfdr_observed_fdp",0.01,0
20260821,9,500,15,3000,3000,3000,3000,"fast",0.01,"","mtada_aggregated","trait1","bfdr_estimate",0.01,0.000984337165963778
20260821,9,500,15,3000,3000,3000,3000,"fast",0.01,"","mtada_aggregated","trait1","bfdr_power",0.01,0.2
20260821,9,500,15,3000,3000,3000,3000,"fast",0.01,"","mtada_aggregated","trait1","bfdr_discoveries",0.01,5
20260821,9,500,15,3000,3000,3000,3000,"fast",0.01,"","mtada_aggregated","trait1","bfdr_observed_fdp",0.05,0
20260821,9,500,15,3000,3000,3000,3000,"fast",0.01,"","mtada_aggregated","trait1","bfdr_estimate",0.05,0.0162309427140955
20260821,9,500,15,3000,3000,3000,3000,"fast",0.01,"","mtada_aggregated","trait1","bfdr_power",0.05,0.24
20260821,9,500,15,3000,3000,3000,3000,"fast",0.01,"","mtada_aggregated","trait1","bfdr_discoveries",0.05,6
20260821,9,500,15,3000,3000,3000,3000,"fast",0.01,"","mtada_aggregated","trait1","bfdr_observed_fdp",0.1,0.142857142857143
20260821,9,500,15,3000,3000,3000,3000,"fast",0.01,"","mtada_aggregated","trait1","bfdr_estimate",0.1,0.0688560570955223
20260821,9,500,15,3000,3000,3000,3000,"fast",0.01,"","mtada_aggregated","trait1","bfdr_power",0.1,0.24
20260821,9,500,15,3000,3000,3000,3000,"fast",0.01,"","mtada_aggregated","trait1","bfdr_discoveries",0.1,7
20260821,9,500,15,3000,3000,3000,3000,"fast",0.01,"","mtada_aggregated","trait1","bfdr_observed_fdp",0.2,0.111111111111111
20260821,9,500,15,3000,3000,3000,3000,"fast",0.01,"","mtada_aggregated","trait1","bfdr_estimate",0.2,0.165528368472595
20260821,9,500,15,3000,3000,3000,3000,"fast",0.01,"","mtada_aggregated","trait1","bfdr_power",0.2,0.32
20260821,9,500,15,3000,3000,3000,3000,"fast",0.01,"","mtada_aggregated","trait1","bfdr_discoveries",0.2,9
20260821,9,500,15,3000,3000,3000,3000,"fast",0.01,"","mtada_aggregated","trait2","bfdr_observed_fdp",0.01,0
20260821,9,500,15,3000,3000,3000,3000,"fast",0.01,"","mtada_aggregated","trait2","bfdr_estimate",0.01,0.0083511034077618
20260821,9,500,15,3000,3000,3000,3000,"fast",0.01,"","mtada_aggregated","trait2","bfdr_power",0.01,0.3
20260821,9,500,15,3000,3000,3000,3000,"fast",0.01,"","mtada_aggregated","trait2","bfdr_discoveries",0.01,3
20260821,9,500,15,3000,3000,3000,3000,"fast",0.01,"","mtada_aggregated","trait2","bfdr_observed_fdp",0.05,0
20260821,9,500,15,3000,3000,3000,3000,"fast",0.01,"","mtada_aggregated","trait2","bfdr_estimate",0.05,0.0126439135946617
20260821,9,500,15,3000,3000,3000,3000,"fast",0.01,"","mtada_aggregated","trait2","bfdr_power",0.05,0.4
20260821,9,500,15,3000,3000,3000,3000,"fast",0.01,"","mtada_aggregated","trait2","bfdr_discoveries",0.05,4
20260821,9,500,15,3000,3000,3000,3000,"fast",0.01,"","mtada_aggregated","trait2","bfdr_observed_fdp",0.1,0
20260821,9,500,15,3000,3000,3000,3000,"fast",0.01,"","mtada_aggregated","trait2","bfdr_estimate",0.1,0.0126439135946617
20260821,9,500,15,3000,3000,3000,3000,"fast",0.01,"","mtada_aggregated","trait2","bfdr_power",0.1,0.4
20260821,9,500,15,3000,3000,3000,3000,"fast",0.01,"","mtada_aggregated","trait2","bfdr_discoveries",0.1,4
20260821,9,500,15,3000,3000,3000,3000,"fast",0.01,"","mtada_aggregated","trait2","bfdr_observed_fdp",0.2,0.2
20260821,9,500,15,3000,3000,3000,3000,"fast",0.01,"","mtada_aggregated","trait2","bfdr_estimate",0.2,0.116404641470222
20260821,9,500,15,3000,3000,3000,3000,"fast",0.01,"","mtada_aggregated","trait2","bfdr_power",0.2,0.4
20260821,9,500,15,3000,3000,3000,3000,"fast",0.01,"","mtada_aggregated","trait2","bfdr_discoveries",0.2,5
20260821,9,500,15,3000,3000,3000,3000,"fast",0.01,"","mtada_aggregated","pleiotropy","bfdr_observed_fdp",0.01,0
20260821,9,500,15,3000,3000,3000,3000,"fast",0.01,"","mtada_aggregated","pleiotropy","bfdr_estimate",0.01,0
20260821,9,500,15,3000,3000,3000,3000,"fast",0.01,"","mtada_aggregated","pleiotropy","bfdr_power",0.01,0
20260821,9,500,15,3000,3000,3000,3000,"fast",0.01,"","mtada_aggregated","pleiotropy","bfdr_discoveries",0.01,0
20260821,9,500,15,3000,3000,3000,3000,"fast",0.01,"","mtada_aggregated","pleiotropy","bfdr_observed_fdp",0.05,0
20260821,9,500,15,3000,3000,3000,3000,"fast",0.01,"","mtada_aggregated","pleiotropy","bfdr_estimate",0.05,0.0210150111372653
20260821,9,500,15,3000,3000,3000,3000,"fast",0.01,"","mtada_aggregated","pleiotropy","bfdr_power",0.05,0.2
20260821,9,500,15,3000,3000,3000,3000,"fast",0.01,"","mtada_aggregated","pleiotropy","bfdr_discoveries",0.05,1
20260821,9,500,15,3000,3000,3000,3000,"fast",0.01,"","mtada_aggregated","pleiotropy","bfdr_observed_fdp",0.1,0
20260821,9,500,15,3000,3000,3000,3000,"fast",0.01,"","mtada_aggregated","pleiotropy","bfdr_estimate",0.1,0.0210150111372653
20260821,9,500,15,3000,3000,3000,3000,"fast",0.01,"","mtada_aggregated","pleiotropy","bfdr_power",0.1,0.2
20260821,9,500,15,3000,3000,3000,3000,"fast",0.01,"","mtada_aggregated","pleiotropy","bfdr_discoveries",0.1,1
20260821,9,500,15,3000,3000,3000,3000,"fast",0.01,"","mtada_aggregated","pleiotropy","bfdr_observed_fdp",0.2,0
20260821,9,500,15,3000,3000,3000,3000,"fast",0.01,"","mtada_aggregated","pleiotropy","bfdr_estimate",0.2,0.0210150111372653
20260821,9,500,15,3000,3000,3000,3000,"fast",0.01,"","mtada_aggregated","pleiotropy","bfdr_power",0.2,0.2
20260821,9,500,15,3000,3000,3000,3000,"fast",0.01,"","mtada_aggregated","pleiotropy","bfdr_discoveries",0.2,1
20260821,9,500,15,3000,3000,3000,3000,"fast",0.01,"","mtada_aggregated","global","runtime_seconds",NA,0.722000000000037
20260821,9,500,15,3000,3000,3000,3000,"fast",0.01,"","mtada_aggregated","pleiotropy","pi11_estimate",NA,0.0145601
20260822,10,500,15,3000,3000,3000,3000,"fast",0.01,"","mirage_joint","trait1","auc",NA,0.740378947368421
20260822,10,500,15,3000,3000,3000,3000,"fast",0.01,"","mirage_joint","trait2","auc",NA,0.83469387755102
20260822,10,500,15,3000,3000,3000,3000,"fast",0.01,"","mirage_joint","pleiotropy","auc",NA,0.915959595959596
20260822,10,500,15,3000,3000,3000,3000,"fast",0.01,"","mirage_joint","trait1","pp08_power",0.8,0.24
20260822,10,500,15,3000,3000,3000,3000,"fast",0.01,"","mirage_joint","trait1","pp08_fdp",0.8,0.25
20260822,10,500,15,3000,3000,3000,3000,"fast",0.01,"","mirage_joint","trait1","pp08_discoveries",0.8,8
20260822,10,500,15,3000,3000,3000,3000,"fast",0.01,"","mirage_joint","trait2","pp08_power",0.8,0.3
20260822,10,500,15,3000,3000,3000,3000,"fast",0.01,"","mirage_joint","trait2","pp08_fdp",0.8,0
20260822,10,500,15,3000,3000,3000,3000,"fast",0.01,"","mirage_joint","trait2","pp08_discoveries",0.8,3
20260822,10,500,15,3000,3000,3000,3000,"fast",0.01,"","mirage_joint","pleiotropy","pp08_power",0.8,0.4
20260822,10,500,15,3000,3000,3000,3000,"fast",0.01,"","mirage_joint","pleiotropy","pp08_fdp",0.8,0
20260822,10,500,15,3000,3000,3000,3000,"fast",0.01,"","mirage_joint","pleiotropy","pp08_discoveries",0.8,2
20260822,10,500,15,3000,3000,3000,3000,"fast",0.01,"","mirage_joint","trait1","bfdr_observed_fdp",0.01,0
20260822,10,500,15,3000,3000,3000,3000,"fast",0.01,"","mirage_joint","trait1","bfdr_estimate",0.01,0.00694611017490221
20260822,10,500,15,3000,3000,3000,3000,"fast",0.01,"","mirage_joint","trait1","bfdr_power",0.01,0.2
20260822,10,500,15,3000,3000,3000,3000,"fast",0.01,"","mirage_joint","trait1","bfdr_discoveries",0.01,5
20260822,10,500,15,3000,3000,3000,3000,"fast",0.01,"","mirage_joint","trait1","bfdr_observed_fdp",0.05,0.142857142857143
20260822,10,500,15,3000,3000,3000,3000,"fast",0.01,"","mirage_joint","trait1","bfdr_estimate",0.05,0.0441310653786851
20260822,10,500,15,3000,3000,3000,3000,"fast",0.01,"","mirage_joint","trait1","bfdr_power",0.05,0.24
20260822,10,500,15,3000,3000,3000,3000,"fast",0.01,"","mirage_joint","trait1","bfdr_discoveries",0.05,7
20260822,10,500,15,3000,3000,3000,3000,"fast",0.01,"","mirage_joint","trait1","bfdr_observed_fdp",0.1,0.333333333333333
20260822,10,500,15,3000,3000,3000,3000,"fast",0.01,"","mirage_joint","trait1","bfdr_estimate",0.1,0.08402227312095
20260822,10,500,15,3000,3000,3000,3000,"fast",0.01,"","mirage_joint","trait1","bfdr_power",0.1,0.24
20260822,10,500,15,3000,3000,3000,3000,"fast",0.01,"","mirage_joint","trait1","bfdr_discoveries",0.1,9
20260822,10,500,15,3000,3000,3000,3000,"fast",0.01,"","mirage_joint","trait1","bfdr_observed_fdp",0.2,0.333333333333333
20260822,10,500,15,3000,3000,3000,3000,"fast",0.01,"","mirage_joint","trait1","bfdr_estimate",0.2,0.176285063277642
20260822,10,500,15,3000,3000,3000,3000,"fast",0.01,"","mirage_joint","trait1","bfdr_power",0.2,0.32
20260822,10,500,15,3000,3000,3000,3000,"fast",0.01,"","mirage_joint","trait1","bfdr_discoveries",0.2,12
20260822,10,500,15,3000,3000,3000,3000,"fast",0.01,"","mirage_joint","trait2","bfdr_observed_fdp",0.01,0
20260822,10,500,15,3000,3000,3000,3000,"fast",0.01,"","mirage_joint","trait2","bfdr_estimate",0.01,0.00266498811240623
20260822,10,500,15,3000,3000,3000,3000,"fast",0.01,"","mirage_joint","trait2","bfdr_power",0.01,0.2
20260822,10,500,15,3000,3000,3000,3000,"fast",0.01,"","mirage_joint","trait2","bfdr_discoveries",0.01,2
20260822,10,500,15,3000,3000,3000,3000,"fast",0.01,"","mirage_joint","trait2","bfdr_observed_fdp",0.05,0
20260822,10,500,15,3000,3000,3000,3000,"fast",0.01,"","mirage_joint","trait2","bfdr_estimate",0.05,0.00266498811240623
20260822,10,500,15,3000,3000,3000,3000,"fast",0.01,"","mirage_joint","trait2","bfdr_power",0.05,0.2
20260822,10,500,15,3000,3000,3000,3000,"fast",0.01,"","mirage_joint","trait2","bfdr_discoveries",0.05,2
20260822,10,500,15,3000,3000,3000,3000,"fast",0.01,"","mirage_joint","trait2","bfdr_observed_fdp",0.1,0
20260822,10,500,15,3000,3000,3000,3000,"fast",0.01,"","mirage_joint","trait2","bfdr_estimate",0.1,0.0646149740783308
20260822,10,500,15,3000,3000,3000,3000,"fast",0.01,"","mirage_joint","trait2","bfdr_power",0.1,0.3
20260822,10,500,15,3000,3000,3000,3000,"fast",0.01,"","mirage_joint","trait2","bfdr_discoveries",0.1,3
20260822,10,500,15,3000,3000,3000,3000,"fast",0.01,"","mirage_joint","trait2","bfdr_observed_fdp",0.2,0.25
20260822,10,500,15,3000,3000,3000,3000,"fast",0.01,"","mirage_joint","trait2","bfdr_estimate",0.2,0.153614012699739
20260822,10,500,15,3000,3000,3000,3000,"fast",0.01,"","mirage_joint","trait2","bfdr_power",0.2,0.3
20260822,10,500,15,3000,3000,3000,3000,"fast",0.01,"","mirage_joint","trait2","bfdr_discoveries",0.2,4
20260822,10,500,15,3000,3000,3000,3000,"fast",0.01,"","mirage_joint","pleiotropy","bfdr_observed_fdp",0.01,0
20260822,10,500,15,3000,3000,3000,3000,"fast",0.01,"","mirage_joint","pleiotropy","bfdr_estimate",0.01,0.00574282233126289
20260822,10,500,15,3000,3000,3000,3000,"fast",0.01,"","mirage_joint","pleiotropy","bfdr_power",0.01,0.2
20260822,10,500,15,3000,3000,3000,3000,"fast",0.01,"","mirage_joint","pleiotropy","bfdr_discoveries",0.01,1
20260822,10,500,15,3000,3000,3000,3000,"fast",0.01,"","mirage_joint","pleiotropy","bfdr_observed_fdp",0.05,0
20260822,10,500,15,3000,3000,3000,3000,"fast",0.01,"","mirage_joint","pleiotropy","bfdr_estimate",0.05,0.0139550427671113
20260822,10,500,15,3000,3000,3000,3000,"fast",0.01,"","mirage_joint","pleiotropy","bfdr_power",0.05,0.4
20260822,10,500,15,3000,3000,3000,3000,"fast",0.01,"","mirage_joint","pleiotropy","bfdr_discoveries",0.05,2
20260822,10,500,15,3000,3000,3000,3000,"fast",0.01,"","mirage_joint","pleiotropy","bfdr_observed_fdp",0.1,0.333333333333333
20260822,10,500,15,3000,3000,3000,3000,"fast",0.01,"","mirage_joint","pleiotropy","bfdr_estimate",0.1,0.0821505345277638
20260822,10,500,15,3000,3000,3000,3000,"fast",0.01,"","mirage_joint","pleiotropy","bfdr_power",0.1,0.4
20260822,10,500,15,3000,3000,3000,3000,"fast",0.01,"","mirage_joint","pleiotropy","bfdr_discoveries",0.1,3
20260822,10,500,15,3000,3000,3000,3000,"fast",0.01,"","mirage_joint","pleiotropy","bfdr_observed_fdp",0.2,0.5
20260822,10,500,15,3000,3000,3000,3000,"fast",0.01,"","mirage_joint","pleiotropy","bfdr_estimate",0.2,0.166775158688543
20260822,10,500,15,3000,3000,3000,3000,"fast",0.01,"","mirage_joint","pleiotropy","bfdr_power",0.2,0.4
20260822,10,500,15,3000,3000,3000,3000,"fast",0.01,"","mirage_joint","pleiotropy","bfdr_discoveries",0.2,4
20260822,10,500,15,3000,3000,3000,3000,"fast",0.01,"","mirage_joint","global","runtime_seconds",NA,18.192
20260822,10,500,15,3000,3000,3000,3000,"fast",0.01,"","mirage_joint","pleiotropy","pi11_estimate",NA,0.137354813326071
20260822,10,500,15,3000,3000,3000,3000,"fast",0.01,"","separate_mirage","trait1","auc",NA,0.745684210526316
20260822,10,500,15,3000,3000,3000,3000,"fast",0.01,"","separate_mirage","trait2","auc",NA,0.754897959183673
20260822,10,500,15,3000,3000,3000,3000,"fast",0.01,"","separate_mirage","pleiotropy","auc",NA,0.932929292929293
20260822,10,500,15,3000,3000,3000,3000,"fast",0.01,"","separate_mirage","trait1","pp08_power",0.8,0.16
20260822,10,500,15,3000,3000,3000,3000,"fast",0.01,"","separate_mirage","trait1","pp08_fdp",0.8,0
20260822,10,500,15,3000,3000,3000,3000,"fast",0.01,"","separate_mirage","trait1","pp08_discoveries",0.8,4
20260822,10,500,15,3000,3000,3000,3000,"fast",0.01,"","separate_mirage","trait2","pp08_power",0.8,0.2
20260822,10,500,15,3000,3000,3000,3000,"fast",0.01,"","separate_mirage","trait2","pp08_fdp",0.8,0
20260822,10,500,15,3000,3000,3000,3000,"fast",0.01,"","separate_mirage","trait2","pp08_discoveries",0.8,2
20260822,10,500,15,3000,3000,3000,3000,"fast",0.01,"","separate_mirage","pleiotropy","pp08_power",0.8,0
20260822,10,500,15,3000,3000,3000,3000,"fast",0.01,"","separate_mirage","pleiotropy","pp08_fdp",0.8,0
20260822,10,500,15,3000,3000,3000,3000,"fast",0.01,"","separate_mirage","pleiotropy","pp08_discoveries",0.8,0
20260822,10,500,15,3000,3000,3000,3000,"fast",0.01,"","separate_mirage","trait1","bfdr_observed_fdp",0.01,0
20260822,10,500,15,3000,3000,3000,3000,"fast",0.01,"","separate_mirage","trait1","bfdr_estimate",0.01,0.00822981249120674
20260822,10,500,15,3000,3000,3000,3000,"fast",0.01,"","separate_mirage","trait1","bfdr_power",0.01,0.08
20260822,10,500,15,3000,3000,3000,3000,"fast",0.01,"","separate_mirage","trait1","bfdr_discoveries",0.01,2
20260822,10,500,15,3000,3000,3000,3000,"fast",0.01,"","separate_mirage","trait1","bfdr_observed_fdp",0.05,0
20260822,10,500,15,3000,3000,3000,3000,"fast",0.01,"","separate_mirage","trait1","bfdr_estimate",0.05,0.0116980299204598
20260822,10,500,15,3000,3000,3000,3000,"fast",0.01,"","separate_mirage","trait1","bfdr_power",0.05,0.12
20260822,10,500,15,3000,3000,3000,3000,"fast",0.01,"","separate_mirage","trait1","bfdr_discoveries",0.05,3
20260822,10,500,15,3000,3000,3000,3000,"fast",0.01,"","separate_mirage","trait1","bfdr_observed_fdp",0.1,0
20260822,10,500,15,3000,3000,3000,3000,"fast",0.01,"","separate_mirage","trait1","bfdr_estimate",0.1,0.0558615580917083
20260822,10,500,15,3000,3000,3000,3000,"fast",0.01,"","separate_mirage","trait1","bfdr_power",0.1,0.16
20260822,10,500,15,3000,3000,3000,3000,"fast",0.01,"","separate_mirage","trait1","bfdr_discoveries",0.1,4
20260822,10,500,15,3000,3000,3000,3000,"fast",0.01,"","separate_mirage","trait1","bfdr_observed_fdp",0.2,0.285714285714286
20260822,10,500,15,3000,3000,3000,3000,"fast",0.01,"","separate_mirage","trait1","bfdr_estimate",0.2,0.179614486306513
20260822,10,500,15,3000,3000,3000,3000,"fast",0.01,"","separate_mirage","trait1","bfdr_power",0.2,0.2
20260822,10,500,15,3000,3000,3000,3000,"fast",0.01,"","separate_mirage","trait1","bfdr_discoveries",0.2,7
20260822,10,500,15,3000,3000,3000,3000,"fast",0.01,"","separate_mirage","trait2","bfdr_observed_fdp",0.01,0
20260822,10,500,15,3000,3000,3000,3000,"fast",0.01,"","separate_mirage","trait2","bfdr_estimate",0.01,0.00425366689151885
20260822,10,500,15,3000,3000,3000,3000,"fast",0.01,"","separate_mirage","trait2","bfdr_power",0.01,0.1
20260822,10,500,15,3000,3000,3000,3000,"fast",0.01,"","separate_mirage","trait2","bfdr_discoveries",0.01,1
20260822,10,500,15,3000,3000,3000,3000,"fast",0.01,"","separate_mirage","trait2","bfdr_observed_fdp",0.05,0
20260822,10,500,15,3000,3000,3000,3000,"fast",0.01,"","separate_mirage","trait2","bfdr_estimate",0.05,0.00425366689151885
20260822,10,500,15,3000,3000,3000,3000,"fast",0.01,"","separate_mirage","trait2","bfdr_power",0.05,0.1
20260822,10,500,15,3000,3000,3000,3000,"fast",0.01,"","separate_mirage","trait2","bfdr_discoveries",0.05,1
20260822,10,500,15,3000,3000,3000,3000,"fast",0.01,"","separate_mirage","trait2","bfdr_observed_fdp",0.1,0
20260822,10,500,15,3000,3000,3000,3000,"fast",0.01,"","separate_mirage","trait2","bfdr_estimate",0.1,0.0546005898477347
20260822,10,500,15,3000,3000,3000,3000,"fast",0.01,"","separate_mirage","trait2","bfdr_power",0.1,0.2
20260822,10,500,15,3000,3000,3000,3000,"fast",0.01,"","separate_mirage","trait2","bfdr_discoveries",0.1,2
20260822,10,500,15,3000,3000,3000,3000,"fast",0.01,"","separate_mirage","trait2","bfdr_observed_fdp",0.2,0
20260822,10,500,15,3000,3000,3000,3000,"fast",0.01,"","separate_mirage","trait2","bfdr_estimate",0.2,0.13362943164283
20260822,10,500,15,3000,3000,3000,3000,"fast",0.01,"","separate_mirage","trait2","bfdr_power",0.2,0.3
20260822,10,500,15,3000,3000,3000,3000,"fast",0.01,"","separate_mirage","trait2","bfdr_discoveries",0.2,3
20260822,10,500,15,3000,3000,3000,3000,"fast",0.01,"","separate_mirage","pleiotropy","bfdr_observed_fdp",0.01,0
20260822,10,500,15,3000,3000,3000,3000,"fast",0.01,"","separate_mirage","pleiotropy","bfdr_estimate",0.01,0
20260822,10,500,15,3000,3000,3000,3000,"fast",0.01,"","separate_mirage","pleiotropy","bfdr_power",0.01,0
20260822,10,500,15,3000,3000,3000,3000,"fast",0.01,"","separate_mirage","pleiotropy","bfdr_discoveries",0.01,0
20260822,10,500,15,3000,3000,3000,3000,"fast",0.01,"","separate_mirage","pleiotropy","bfdr_observed_fdp",0.05,0
20260822,10,500,15,3000,3000,3000,3000,"fast",0.01,"","separate_mirage","pleiotropy","bfdr_estimate",0.05,0
20260822,10,500,15,3000,3000,3000,3000,"fast",0.01,"","separate_mirage","pleiotropy","bfdr_power",0.05,0
20260822,10,500,15,3000,3000,3000,3000,"fast",0.01,"","separate_mirage","pleiotropy","bfdr_discoveries",0.05,0
20260822,10,500,15,3000,3000,3000,3000,"fast",0.01,"","separate_mirage","pleiotropy","bfdr_observed_fdp",0.1,0
20260822,10,500,15,3000,3000,3000,3000,"fast",0.01,"","separate_mirage","pleiotropy","bfdr_estimate",0.1,0
20260822,10,500,15,3000,3000,3000,3000,"fast",0.01,"","separate_mirage","pleiotropy","bfdr_power",0.1,0
20260822,10,500,15,3000,3000,3000,3000,"fast",0.01,"","separate_mirage","pleiotropy","bfdr_discoveries",0.1,0
20260822,10,500,15,3000,3000,3000,3000,"fast",0.01,"","separate_mirage","pleiotropy","bfdr_observed_fdp",0.2,0
20260822,10,500,15,3000,3000,3000,3000,"fast",0.01,"","separate_mirage","pleiotropy","bfdr_estimate",0.2,0
20260822,10,500,15,3000,3000,3000,3000,"fast",0.01,"","separate_mirage","pleiotropy","bfdr_power",0.2,0
20260822,10,500,15,3000,3000,3000,3000,"fast",0.01,"","separate_mirage","pleiotropy","bfdr_discoveries",0.2,0
20260822,10,500,15,3000,3000,3000,3000,"fast",0.01,"","separate_mirage","global","runtime_seconds",NA,18.122
20260822,10,500,15,3000,3000,3000,3000,"fast",0.01,"","separate_mirage","pleiotropy","pi11_estimate",NA,0.001
20260822,10,500,15,3000,3000,3000,3000,"fast",0.01,"","mtada_aggregated","trait1","auc",NA,0.814147368421053
20260822,10,500,15,3000,3000,3000,3000,"fast",0.01,"","mtada_aggregated","trait2","auc",NA,0.844285714285714
20260822,10,500,15,3000,3000,3000,3000,"fast",0.01,"","mtada_aggregated","pleiotropy","auc",NA,0.906666666666667
20260822,10,500,15,3000,3000,3000,3000,"fast",0.01,"","mtada_aggregated","trait1","pp08_power",0.8,0.2
20260822,10,500,15,3000,3000,3000,3000,"fast",0.01,"","mtada_aggregated","trait1","pp08_fdp",0.8,0.166666666666667
20260822,10,500,15,3000,3000,3000,3000,"fast",0.01,"","mtada_aggregated","trait1","pp08_discoveries",0.8,6
20260822,10,500,15,3000,3000,3000,3000,"fast",0.01,"","mtada_aggregated","trait2","pp08_power",0.8,0.3
20260822,10,500,15,3000,3000,3000,3000,"fast",0.01,"","mtada_aggregated","trait2","pp08_fdp",0.8,0
20260822,10,500,15,3000,3000,3000,3000,"fast",0.01,"","mtada_aggregated","trait2","pp08_discoveries",0.8,3
20260822,10,500,15,3000,3000,3000,3000,"fast",0.01,"","mtada_aggregated","pleiotropy","pp08_power",0.8,0.2
20260822,10,500,15,3000,3000,3000,3000,"fast",0.01,"","mtada_aggregated","pleiotropy","pp08_fdp",0.8,0.5
20260822,10,500,15,3000,3000,3000,3000,"fast",0.01,"","mtada_aggregated","pleiotropy","pp08_discoveries",0.8,2
20260822,10,500,15,3000,3000,3000,3000,"fast",0.01,"","mtada_aggregated","trait1","bfdr_observed_fdp",0.01,0
20260822,10,500,15,3000,3000,3000,3000,"fast",0.01,"","mtada_aggregated","trait1","bfdr_estimate",0.01,1.14181716371231e-05
20260822,10,500,15,3000,3000,3000,3000,"fast",0.01,"","mtada_aggregated","trait1","bfdr_power",0.01,0.2
20260822,10,500,15,3000,3000,3000,3000,"fast",0.01,"","mtada_aggregated","trait1","bfdr_discoveries",0.01,5
20260822,10,500,15,3000,3000,3000,3000,"fast",0.01,"","mtada_aggregated","trait1","bfdr_observed_fdp",0.05,0.166666666666667
20260822,10,500,15,3000,3000,3000,3000,"fast",0.01,"","mtada_aggregated","trait1","bfdr_estimate",0.05,0.0232512065441182
20260822,10,500,15,3000,3000,3000,3000,"fast",0.01,"","mtada_aggregated","trait1","bfdr_power",0.05,0.2
20260822,10,500,15,3000,3000,3000,3000,"fast",0.01,"","mtada_aggregated","trait1","bfdr_discoveries",0.05,6
20260822,10,500,15,3000,3000,3000,3000,"fast",0.01,"","mtada_aggregated","trait1","bfdr_observed_fdp",0.1,0.142857142857143
20260822,10,500,15,3000,3000,3000,3000,"fast",0.01,"","mtada_aggregated","trait1","bfdr_estimate",0.1,0.0640046797595463
20260822,10,500,15,3000,3000,3000,3000,"fast",0.01,"","mtada_aggregated","trait1","bfdr_power",0.1,0.24
20260822,10,500,15,3000,3000,3000,3000,"fast",0.01,"","mtada_aggregated","trait1","bfdr_discoveries",0.1,7
20260822,10,500,15,3000,3000,3000,3000,"fast",0.01,"","mtada_aggregated","trait1","bfdr_observed_fdp",0.2,0.333333333333333
20260822,10,500,15,3000,3000,3000,3000,"fast",0.01,"","mtada_aggregated","trait1","bfdr_estimate",0.2,0.176856324024032
20260822,10,500,15,3000,3000,3000,3000,"fast",0.01,"","mtada_aggregated","trait1","bfdr_power",0.2,0.24
20260822,10,500,15,3000,3000,3000,3000,"fast",0.01,"","mtada_aggregated","trait1","bfdr_discoveries",0.2,9
20260822,10,500,15,3000,3000,3000,3000,"fast",0.01,"","mtada_aggregated","trait2","bfdr_observed_fdp",0.01,0
20260822,10,500,15,3000,3000,3000,3000,"fast",0.01,"","mtada_aggregated","trait2","bfdr_estimate",0.01,0.00352311262931918
20260822,10,500,15,3000,3000,3000,3000,"fast",0.01,"","mtada_aggregated","trait2","bfdr_power",0.01,0.3
20260822,10,500,15,3000,3000,3000,3000,"fast",0.01,"","mtada_aggregated","trait2","bfdr_discoveries",0.01,3
20260822,10,500,15,3000,3000,3000,3000,"fast",0.01,"","mtada_aggregated","trait2","bfdr_observed_fdp",0.05,0
20260822,10,500,15,3000,3000,3000,3000,"fast",0.01,"","mtada_aggregated","trait2","bfdr_estimate",0.05,0.00352311262931918
20260822,10,500,15,3000,3000,3000,3000,"fast",0.01,"","mtada_aggregated","trait2","bfdr_power",0.05,0.3
20260822,10,500,15,3000,3000,3000,3000,"fast",0.01,"","mtada_aggregated","trait2","bfdr_discoveries",0.05,3
20260822,10,500,15,3000,3000,3000,3000,"fast",0.01,"","mtada_aggregated","trait2","bfdr_observed_fdp",0.1,0
20260822,10,500,15,3000,3000,3000,3000,"fast",0.01,"","mtada_aggregated","trait2","bfdr_estimate",0.1,0.00352311262931918
20260822,10,500,15,3000,3000,3000,3000,"fast",0.01,"","mtada_aggregated","trait2","bfdr_power",0.1,0.3
20260822,10,500,15,3000,3000,3000,3000,"fast",0.01,"","mtada_aggregated","trait2","bfdr_discoveries",0.1,3
20260822,10,500,15,3000,3000,3000,3000,"fast",0.01,"","mtada_aggregated","trait2","bfdr_observed_fdp",0.2,0
20260822,10,500,15,3000,3000,3000,3000,"fast",0.01,"","mtada_aggregated","trait2","bfdr_estimate",0.2,0.00352311262931918
20260822,10,500,15,3000,3000,3000,3000,"fast",0.01,"","mtada_aggregated","trait2","bfdr_power",0.2,0.3
20260822,10,500,15,3000,3000,3000,3000,"fast",0.01,"","mtada_aggregated","trait2","bfdr_discoveries",0.2,3
20260822,10,500,15,3000,3000,3000,3000,"fast",0.01,"","mtada_aggregated","pleiotropy","bfdr_observed_fdp",0.01,0
20260822,10,500,15,3000,3000,3000,3000,"fast",0.01,"","mtada_aggregated","pleiotropy","bfdr_estimate",0.01,4.54908523801478e-05
20260822,10,500,15,3000,3000,3000,3000,"fast",0.01,"","mtada_aggregated","pleiotropy","bfdr_power",0.01,0.2
20260822,10,500,15,3000,3000,3000,3000,"fast",0.01,"","mtada_aggregated","pleiotropy","bfdr_discoveries",0.01,1
20260822,10,500,15,3000,3000,3000,3000,"fast",0.01,"","mtada_aggregated","pleiotropy","bfdr_observed_fdp",0.05,0
20260822,10,500,15,3000,3000,3000,3000,"fast",0.01,"","mtada_aggregated","pleiotropy","bfdr_estimate",0.05,4.54908523801478e-05
20260822,10,500,15,3000,3000,3000,3000,"fast",0.01,"","mtada_aggregated","pleiotropy","bfdr_power",0.05,0.2
20260822,10,500,15,3000,3000,3000,3000,"fast",0.01,"","mtada_aggregated","pleiotropy","bfdr_discoveries",0.05,1
20260822,10,500,15,3000,3000,3000,3000,"fast",0.01,"","mtada_aggregated","pleiotropy","bfdr_observed_fdp",0.1,0.5
20260822,10,500,15,3000,3000,3000,3000,"fast",0.01,"","mtada_aggregated","pleiotropy","bfdr_estimate",0.1,0.0698578185891842
20260822,10,500,15,3000,3000,3000,3000,"fast",0.01,"","mtada_aggregated","pleiotropy","bfdr_power",0.1,0.2
20260822,10,500,15,3000,3000,3000,3000,"fast",0.01,"","mtada_aggregated","pleiotropy","bfdr_discoveries",0.1,2
20260822,10,500,15,3000,3000,3000,3000,"fast",0.01,"","mtada_aggregated","pleiotropy","bfdr_observed_fdp",0.2,0.333333333333333
20260822,10,500,15,3000,3000,3000,3000,"fast",0.01,"","mtada_aggregated","pleiotropy","bfdr_estimate",0.2,0.149415231806343
20260822,10,500,15,3000,3000,3000,3000,"fast",0.01,"","mtada_aggregated","pleiotropy","bfdr_power",0.2,0.4
20260822,10,500,15,3000,3000,3000,3000,"fast",0.01,"","mtada_aggregated","pleiotropy","bfdr_discoveries",0.2,3
20260822,10,500,15,3000,3000,3000,3000,"fast",0.01,"","mtada_aggregated","global","runtime_seconds",NA,0.706999999999994
20260822,10,500,15,3000,3000,3000,3000,"fast",0.01,"","mtada_aggregated","pleiotropy","pi11_estimate",NA,0.018160469667319
20260823,11,500,15,3000,3000,3000,3000,"fast",0.01,"","mirage_joint","trait1","auc",NA,0.63738947368421
20260823,11,500,15,3000,3000,3000,3000,"fast",0.01,"","mirage_joint","trait2","auc",NA,0.498367346938775
20260823,11,500,15,3000,3000,3000,3000,"fast",0.01,"","mirage_joint","pleiotropy","auc",NA,0.519191919191919
20260823,11,500,15,3000,3000,3000,3000,"fast",0.01,"","mirage_joint","trait1","pp08_power",0.8,0.12
20260823,11,500,15,3000,3000,3000,3000,"fast",0.01,"","mirage_joint","trait1","pp08_fdp",0.8,0.4
20260823,11,500,15,3000,3000,3000,3000,"fast",0.01,"","mirage_joint","trait1","pp08_discoveries",0.8,5
20260823,11,500,15,3000,3000,3000,3000,"fast",0.01,"","mirage_joint","trait2","pp08_power",0.8,0
20260823,11,500,15,3000,3000,3000,3000,"fast",0.01,"","mirage_joint","trait2","pp08_fdp",0.8,0
20260823,11,500,15,3000,3000,3000,3000,"fast",0.01,"","mirage_joint","trait2","pp08_discoveries",0.8,0
20260823,11,500,15,3000,3000,3000,3000,"fast",0.01,"","mirage_joint","pleiotropy","pp08_power",0.8,0
20260823,11,500,15,3000,3000,3000,3000,"fast",0.01,"","mirage_joint","pleiotropy","pp08_fdp",0.8,0
20260823,11,500,15,3000,3000,3000,3000,"fast",0.01,"","mirage_joint","pleiotropy","pp08_discoveries",0.8,0
20260823,11,500,15,3000,3000,3000,3000,"fast",0.01,"","mirage_joint","trait1","bfdr_observed_fdp",0.01,0
20260823,11,500,15,3000,3000,3000,3000,"fast",0.01,"","mirage_joint","trait1","bfdr_estimate",0.01,0.0087689159690138
20260823,11,500,15,3000,3000,3000,3000,"fast",0.01,"","mirage_joint","trait1","bfdr_power",0.01,0.08
20260823,11,500,15,3000,3000,3000,3000,"fast",0.01,"","mirage_joint","trait1","bfdr_discoveries",0.01,2
20260823,11,500,15,3000,3000,3000,3000,"fast",0.01,"","mirage_joint","trait1","bfdr_observed_fdp",0.05,0
20260823,11,500,15,3000,3000,3000,3000,"fast",0.01,"","mirage_joint","trait1","bfdr_estimate",0.05,0.0292137271846155
20260823,11,500,15,3000,3000,3000,3000,"fast",0.01,"","mirage_joint","trait1","bfdr_power",0.05,0.12
20260823,11,500,15,3000,3000,3000,3000,"fast",0.01,"","mirage_joint","trait1","bfdr_discoveries",0.05,3
20260823,11,500,15,3000,3000,3000,3000,"fast",0.01,"","mirage_joint","trait1","bfdr_observed_fdp",0.1,0.333333333333333
20260823,11,500,15,3000,3000,3000,3000,"fast",0.01,"","mirage_joint","trait1","bfdr_estimate",0.1,0.0955957086701875
20260823,11,500,15,3000,3000,3000,3000,"fast",0.01,"","mirage_joint","trait1","bfdr_power",0.1,0.16
20260823,11,500,15,3000,3000,3000,3000,"fast",0.01,"","mirage_joint","trait1","bfdr_discoveries",0.1,6
20260823,11,500,15,3000,3000,3000,3000,"fast",0.01,"","mirage_joint","trait1","bfdr_observed_fdp",0.2,0.444444444444444
20260823,11,500,15,3000,3000,3000,3000,"fast",0.01,"","mirage_joint","trait1","bfdr_estimate",0.2,0.193764145393417
20260823,11,500,15,3000,3000,3000,3000,"fast",0.01,"","mirage_joint","trait1","bfdr_power",0.2,0.2
20260823,11,500,15,3000,3000,3000,3000,"fast",0.01,"","mirage_joint","trait1","bfdr_discoveries",0.2,9
20260823,11,500,15,3000,3000,3000,3000,"fast",0.01,"","mirage_joint","trait2","bfdr_observed_fdp",0.01,0
20260823,11,500,15,3000,3000,3000,3000,"fast",0.01,"","mirage_joint","trait2","bfdr_estimate",0.01,0
20260823,11,500,15,3000,3000,3000,3000,"fast",0.01,"","mirage_joint","trait2","bfdr_power",0.01,0
20260823,11,500,15,3000,3000,3000,3000,"fast",0.01,"","mirage_joint","trait2","bfdr_discoveries",0.01,0
20260823,11,500,15,3000,3000,3000,3000,"fast",0.01,"","mirage_joint","trait2","bfdr_observed_fdp",0.05,0
20260823,11,500,15,3000,3000,3000,3000,"fast",0.01,"","mirage_joint","trait2","bfdr_estimate",0.05,0
20260823,11,500,15,3000,3000,3000,3000,"fast",0.01,"","mirage_joint","trait2","bfdr_power",0.05,0
20260823,11,500,15,3000,3000,3000,3000,"fast",0.01,"","mirage_joint","trait2","bfdr_discoveries",0.05,0
20260823,11,500,15,3000,3000,3000,3000,"fast",0.01,"","mirage_joint","trait2","bfdr_observed_fdp",0.1,0
20260823,11,500,15,3000,3000,3000,3000,"fast",0.01,"","mirage_joint","trait2","bfdr_estimate",0.1,0
20260823,11,500,15,3000,3000,3000,3000,"fast",0.01,"","mirage_joint","trait2","bfdr_power",0.1,0
20260823,11,500,15,3000,3000,3000,3000,"fast",0.01,"","mirage_joint","trait2","bfdr_discoveries",0.1,0
20260823,11,500,15,3000,3000,3000,3000,"fast",0.01,"","mirage_joint","trait2","bfdr_observed_fdp",0.2,0
20260823,11,500,15,3000,3000,3000,3000,"fast",0.01,"","mirage_joint","trait2","bfdr_estimate",0.2,0
20260823,11,500,15,3000,3000,3000,3000,"fast",0.01,"","mirage_joint","trait2","bfdr_power",0.2,0
20260823,11,500,15,3000,3000,3000,3000,"fast",0.01,"","mirage_joint","trait2","bfdr_discoveries",0.2,0
20260823,11,500,15,3000,3000,3000,3000,"fast",0.01,"","mirage_joint","pleiotropy","bfdr_observed_fdp",0.01,0
20260823,11,500,15,3000,3000,3000,3000,"fast",0.01,"","mirage_joint","pleiotropy","bfdr_estimate",0.01,0
20260823,11,500,15,3000,3000,3000,3000,"fast",0.01,"","mirage_joint","pleiotropy","bfdr_power",0.01,0
20260823,11,500,15,3000,3000,3000,3000,"fast",0.01,"","mirage_joint","pleiotropy","bfdr_discoveries",0.01,0
20260823,11,500,15,3000,3000,3000,3000,"fast",0.01,"","mirage_joint","pleiotropy","bfdr_observed_fdp",0.05,0
20260823,11,500,15,3000,3000,3000,3000,"fast",0.01,"","mirage_joint","pleiotropy","bfdr_estimate",0.05,0
20260823,11,500,15,3000,3000,3000,3000,"fast",0.01,"","mirage_joint","pleiotropy","bfdr_power",0.05,0
20260823,11,500,15,3000,3000,3000,3000,"fast",0.01,"","mirage_joint","pleiotropy","bfdr_discoveries",0.05,0
20260823,11,500,15,3000,3000,3000,3000,"fast",0.01,"","mirage_joint","pleiotropy","bfdr_observed_fdp",0.1,0
20260823,11,500,15,3000,3000,3000,3000,"fast",0.01,"","mirage_joint","pleiotropy","bfdr_estimate",0.1,0
20260823,11,500,15,3000,3000,3000,3000,"fast",0.01,"","mirage_joint","pleiotropy","bfdr_power",0.1,0
20260823,11,500,15,3000,3000,3000,3000,"fast",0.01,"","mirage_joint","pleiotropy","bfdr_discoveries",0.1,0
20260823,11,500,15,3000,3000,3000,3000,"fast",0.01,"","mirage_joint","pleiotropy","bfdr_observed_fdp",0.2,0
20260823,11,500,15,3000,3000,3000,3000,"fast",0.01,"","mirage_joint","pleiotropy","bfdr_estimate",0.2,0
20260823,11,500,15,3000,3000,3000,3000,"fast",0.01,"","mirage_joint","pleiotropy","bfdr_power",0.2,0
20260823,11,500,15,3000,3000,3000,3000,"fast",0.01,"","mirage_joint","pleiotropy","bfdr_discoveries",0.2,0
20260823,11,500,15,3000,3000,3000,3000,"fast",0.01,"","mirage_joint","global","runtime_seconds",NA,18.263
20260823,11,500,15,3000,3000,3000,3000,"fast",0.01,"","mirage_joint","pleiotropy","pi11_estimate",NA,0.00459008210500124
20260823,11,500,15,3000,3000,3000,3000,"fast",0.01,"","separate_mirage","trait1","auc",NA,0.639747368421053
20260823,11,500,15,3000,3000,3000,3000,"fast",0.01,"","separate_mirage","trait2","auc",NA,0.510816326530612
20260823,11,500,15,3000,3000,3000,3000,"fast",0.01,"","separate_mirage","pleiotropy","auc",NA,0.522424242424242
20260823,11,500,15,3000,3000,3000,3000,"fast",0.01,"","separate_mirage","trait1","pp08_power",0.8,0.16
20260823,11,500,15,3000,3000,3000,3000,"fast",0.01,"","separate_mirage","trait1","pp08_fdp",0.8,0.2
20260823,11,500,15,3000,3000,3000,3000,"fast",0.01,"","separate_mirage","trait1","pp08_discoveries",0.8,5
20260823,11,500,15,3000,3000,3000,3000,"fast",0.01,"","separate_mirage","trait2","pp08_power",0.8,0
20260823,11,500,15,3000,3000,3000,3000,"fast",0.01,"","separate_mirage","trait2","pp08_fdp",0.8,0
20260823,11,500,15,3000,3000,3000,3000,"fast",0.01,"","separate_mirage","trait2","pp08_discoveries",0.8,0
20260823,11,500,15,3000,3000,3000,3000,"fast",0.01,"","separate_mirage","pleiotropy","pp08_power",0.8,0
20260823,11,500,15,3000,3000,3000,3000,"fast",0.01,"","separate_mirage","pleiotropy","pp08_fdp",0.8,0
20260823,11,500,15,3000,3000,3000,3000,"fast",0.01,"","separate_mirage","pleiotropy","pp08_discoveries",0.8,0
20260823,11,500,15,3000,3000,3000,3000,"fast",0.01,"","separate_mirage","trait1","bfdr_observed_fdp",0.01,0
20260823,11,500,15,3000,3000,3000,3000,"fast",0.01,"","separate_mirage","trait1","bfdr_estimate",0.01,0.000729163292447321
20260823,11,500,15,3000,3000,3000,3000,"fast",0.01,"","separate_mirage","trait1","bfdr_power",0.01,0.04
20260823,11,500,15,3000,3000,3000,3000,"fast",0.01,"","separate_mirage","trait1","bfdr_discoveries",0.01,1
20260823,11,500,15,3000,3000,3000,3000,"fast",0.01,"","separate_mirage","trait1","bfdr_observed_fdp",0.05,0
20260823,11,500,15,3000,3000,3000,3000,"fast",0.01,"","separate_mirage","trait1","bfdr_estimate",0.05,0.0410795495428094
20260823,11,500,15,3000,3000,3000,3000,"fast",0.01,"","separate_mirage","trait1","bfdr_power",0.05,0.12
20260823,11,500,15,3000,3000,3000,3000,"fast",0.01,"","separate_mirage","trait1","bfdr_discoveries",0.05,3
20260823,11,500,15,3000,3000,3000,3000,"fast",0.01,"","separate_mirage","trait1","bfdr_observed_fdp",0.1,0.2
20260823,11,500,15,3000,3000,3000,3000,"fast",0.01,"","separate_mirage","trait1","bfdr_estimate",0.1,0.0802245563388444
20260823,11,500,15,3000,3000,3000,3000,"fast",0.01,"","separate_mirage","trait1","bfdr_power",0.1,0.16
20260823,11,500,15,3000,3000,3000,3000,"fast",0.01,"","separate_mirage","trait1","bfdr_discoveries",0.1,5
20260823,11,500,15,3000,3000,3000,3000,"fast",0.01,"","separate_mirage","trait1","bfdr_observed_fdp",0.2,0.375
20260823,11,500,15,3000,3000,3000,3000,"fast",0.01,"","separate_mirage","trait1","bfdr_estimate",0.2,0.194073274143958
20260823,11,500,15,3000,3000,3000,3000,"fast",0.01,"","separate_mirage","trait1","bfdr_power",0.2,0.2
20260823,11,500,15,3000,3000,3000,3000,"fast",0.01,"","separate_mirage","trait1","bfdr_discoveries",0.2,8
20260823,11,500,15,3000,3000,3000,3000,"fast",0.01,"","separate_mirage","trait2","bfdr_observed_fdp",0.01,0
20260823,11,500,15,3000,3000,3000,3000,"fast",0.01,"","separate_mirage","trait2","bfdr_estimate",0.01,0
20260823,11,500,15,3000,3000,3000,3000,"fast",0.01,"","separate_mirage","trait2","bfdr_power",0.01,0
20260823,11,500,15,3000,3000,3000,3000,"fast",0.01,"","separate_mirage","trait2","bfdr_discoveries",0.01,0
20260823,11,500,15,3000,3000,3000,3000,"fast",0.01,"","separate_mirage","trait2","bfdr_observed_fdp",0.05,0
20260823,11,500,15,3000,3000,3000,3000,"fast",0.01,"","separate_mirage","trait2","bfdr_estimate",0.05,0
20260823,11,500,15,3000,3000,3000,3000,"fast",0.01,"","separate_mirage","trait2","bfdr_power",0.05,0
20260823,11,500,15,3000,3000,3000,3000,"fast",0.01,"","separate_mirage","trait2","bfdr_discoveries",0.05,0
20260823,11,500,15,3000,3000,3000,3000,"fast",0.01,"","separate_mirage","trait2","bfdr_observed_fdp",0.1,0
20260823,11,500,15,3000,3000,3000,3000,"fast",0.01,"","separate_mirage","trait2","bfdr_estimate",0.1,0
20260823,11,500,15,3000,3000,3000,3000,"fast",0.01,"","separate_mirage","trait2","bfdr_power",0.1,0
20260823,11,500,15,3000,3000,3000,3000,"fast",0.01,"","separate_mirage","trait2","bfdr_discoveries",0.1,0
20260823,11,500,15,3000,3000,3000,3000,"fast",0.01,"","separate_mirage","trait2","bfdr_observed_fdp",0.2,0
20260823,11,500,15,3000,3000,3000,3000,"fast",0.01,"","separate_mirage","trait2","bfdr_estimate",0.2,0
20260823,11,500,15,3000,3000,3000,3000,"fast",0.01,"","separate_mirage","trait2","bfdr_power",0.2,0
20260823,11,500,15,3000,3000,3000,3000,"fast",0.01,"","separate_mirage","trait2","bfdr_discoveries",0.2,0
20260823,11,500,15,3000,3000,3000,3000,"fast",0.01,"","separate_mirage","pleiotropy","bfdr_observed_fdp",0.01,0
20260823,11,500,15,3000,3000,3000,3000,"fast",0.01,"","separate_mirage","pleiotropy","bfdr_estimate",0.01,0
20260823,11,500,15,3000,3000,3000,3000,"fast",0.01,"","separate_mirage","pleiotropy","bfdr_power",0.01,0
20260823,11,500,15,3000,3000,3000,3000,"fast",0.01,"","separate_mirage","pleiotropy","bfdr_discoveries",0.01,0
20260823,11,500,15,3000,3000,3000,3000,"fast",0.01,"","separate_mirage","pleiotropy","bfdr_observed_fdp",0.05,0
20260823,11,500,15,3000,3000,3000,3000,"fast",0.01,"","separate_mirage","pleiotropy","bfdr_estimate",0.05,0
20260823,11,500,15,3000,3000,3000,3000,"fast",0.01,"","separate_mirage","pleiotropy","bfdr_power",0.05,0
20260823,11,500,15,3000,3000,3000,3000,"fast",0.01,"","separate_mirage","pleiotropy","bfdr_discoveries",0.05,0
20260823,11,500,15,3000,3000,3000,3000,"fast",0.01,"","separate_mirage","pleiotropy","bfdr_observed_fdp",0.1,0
20260823,11,500,15,3000,3000,3000,3000,"fast",0.01,"","separate_mirage","pleiotropy","bfdr_estimate",0.1,0
20260823,11,500,15,3000,3000,3000,3000,"fast",0.01,"","separate_mirage","pleiotropy","bfdr_power",0.1,0
20260823,11,500,15,3000,3000,3000,3000,"fast",0.01,"","separate_mirage","pleiotropy","bfdr_discoveries",0.1,0
20260823,11,500,15,3000,3000,3000,3000,"fast",0.01,"","separate_mirage","pleiotropy","bfdr_observed_fdp",0.2,0
20260823,11,500,15,3000,3000,3000,3000,"fast",0.01,"","separate_mirage","pleiotropy","bfdr_estimate",0.2,0
20260823,11,500,15,3000,3000,3000,3000,"fast",0.01,"","separate_mirage","pleiotropy","bfdr_power",0.2,0
20260823,11,500,15,3000,3000,3000,3000,"fast",0.01,"","separate_mirage","pleiotropy","bfdr_discoveries",0.2,0
20260823,11,500,15,3000,3000,3000,3000,"fast",0.01,"","separate_mirage","global","runtime_seconds",NA,18.156
20260823,11,500,15,3000,3000,3000,3000,"fast",0.01,"","separate_mirage","pleiotropy","pi11_estimate",NA,0.001
20260823,11,500,15,3000,3000,3000,3000,"fast",0.01,"","mtada_aggregated","trait1","auc",NA,0.652631578947368
20260823,11,500,15,3000,3000,3000,3000,"fast",0.01,"","mtada_aggregated","trait2","auc",NA,0.768367346938776
20260823,11,500,15,3000,3000,3000,3000,"fast",0.01,"","mtada_aggregated","pleiotropy","auc",NA,0.816161616161616
20260823,11,500,15,3000,3000,3000,3000,"fast",0.01,"","mtada_aggregated","trait1","pp08_power",0.8,0.16
20260823,11,500,15,3000,3000,3000,3000,"fast",0.01,"","mtada_aggregated","trait1","pp08_fdp",0.8,0
20260823,11,500,15,3000,3000,3000,3000,"fast",0.01,"","mtada_aggregated","trait1","pp08_discoveries",0.8,4
20260823,11,500,15,3000,3000,3000,3000,"fast",0.01,"","mtada_aggregated","trait2","pp08_power",0.8,0.1
20260823,11,500,15,3000,3000,3000,3000,"fast",0.01,"","mtada_aggregated","trait2","pp08_fdp",0.8,0
20260823,11,500,15,3000,3000,3000,3000,"fast",0.01,"","mtada_aggregated","trait2","pp08_discoveries",0.8,1
20260823,11,500,15,3000,3000,3000,3000,"fast",0.01,"","mtada_aggregated","pleiotropy","pp08_power",0.8,0
20260823,11,500,15,3000,3000,3000,3000,"fast",0.01,"","mtada_aggregated","pleiotropy","pp08_fdp",0.8,0
20260823,11,500,15,3000,3000,3000,3000,"fast",0.01,"","mtada_aggregated","pleiotropy","pp08_discoveries",0.8,0
20260823,11,500,15,3000,3000,3000,3000,"fast",0.01,"","mtada_aggregated","trait1","bfdr_observed_fdp",0.01,0
20260823,11,500,15,3000,3000,3000,3000,"fast",0.01,"","mtada_aggregated","trait1","bfdr_estimate",0.01,0.00558349839447314
20260823,11,500,15,3000,3000,3000,3000,"fast",0.01,"","mtada_aggregated","trait1","bfdr_power",0.01,0.16
20260823,11,500,15,3000,3000,3000,3000,"fast",0.01,"","mtada_aggregated","trait1","bfdr_discoveries",0.01,4
20260823,11,500,15,3000,3000,3000,3000,"fast",0.01,"","mtada_aggregated","trait1","bfdr_observed_fdp",0.05,0
20260823,11,500,15,3000,3000,3000,3000,"fast",0.01,"","mtada_aggregated","trait1","bfdr_estimate",0.05,0.00558349839447314
20260823,11,500,15,3000,3000,3000,3000,"fast",0.01,"","mtada_aggregated","trait1","bfdr_power",0.05,0.16
20260823,11,500,15,3000,3000,3000,3000,"fast",0.01,"","mtada_aggregated","trait1","bfdr_discoveries",0.05,4
20260823,11,500,15,3000,3000,3000,3000,"fast",0.01,"","mtada_aggregated","trait1","bfdr_observed_fdp",0.1,0
20260823,11,500,15,3000,3000,3000,3000,"fast",0.01,"","mtada_aggregated","trait1","bfdr_estimate",0.1,0.00558349839447314
20260823,11,500,15,3000,3000,3000,3000,"fast",0.01,"","mtada_aggregated","trait1","bfdr_power",0.1,0.16
20260823,11,500,15,3000,3000,3000,3000,"fast",0.01,"","mtada_aggregated","trait1","bfdr_discoveries",0.1,4
20260823,11,500,15,3000,3000,3000,3000,"fast",0.01,"","mtada_aggregated","trait1","bfdr_observed_fdp",0.2,0
20260823,11,500,15,3000,3000,3000,3000,"fast",0.01,"","mtada_aggregated","trait1","bfdr_estimate",0.2,0.116545961873073
20260823,11,500,15,3000,3000,3000,3000,"fast",0.01,"","mtada_aggregated","trait1","bfdr_power",0.2,0.2
20260823,11,500,15,3000,3000,3000,3000,"fast",0.01,"","mtada_aggregated","trait1","bfdr_discoveries",0.2,5
20260823,11,500,15,3000,3000,3000,3000,"fast",0.01,"","mtada_aggregated","trait2","bfdr_observed_fdp",0.01,0
20260823,11,500,15,3000,3000,3000,3000,"fast",0.01,"","mtada_aggregated","trait2","bfdr_estimate",0.01,0
20260823,11,500,15,3000,3000,3000,3000,"fast",0.01,"","mtada_aggregated","trait2","bfdr_power",0.01,0
20260823,11,500,15,3000,3000,3000,3000,"fast",0.01,"","mtada_aggregated","trait2","bfdr_discoveries",0.01,0
20260823,11,500,15,3000,3000,3000,3000,"fast",0.01,"","mtada_aggregated","trait2","bfdr_observed_fdp",0.05,0
20260823,11,500,15,3000,3000,3000,3000,"fast",0.01,"","mtada_aggregated","trait2","bfdr_estimate",0.05,0.0239591222350195
20260823,11,500,15,3000,3000,3000,3000,"fast",0.01,"","mtada_aggregated","trait2","bfdr_power",0.05,0.1
20260823,11,500,15,3000,3000,3000,3000,"fast",0.01,"","mtada_aggregated","trait2","bfdr_discoveries",0.05,1
20260823,11,500,15,3000,3000,3000,3000,"fast",0.01,"","mtada_aggregated","trait2","bfdr_observed_fdp",0.1,0
20260823,11,500,15,3000,3000,3000,3000,"fast",0.01,"","mtada_aggregated","trait2","bfdr_estimate",0.1,0.0239591222350195
20260823,11,500,15,3000,3000,3000,3000,"fast",0.01,"","mtada_aggregated","trait2","bfdr_power",0.1,0.1
20260823,11,500,15,3000,3000,3000,3000,"fast",0.01,"","mtada_aggregated","trait2","bfdr_discoveries",0.1,1
20260823,11,500,15,3000,3000,3000,3000,"fast",0.01,"","mtada_aggregated","trait2","bfdr_observed_fdp",0.2,0
20260823,11,500,15,3000,3000,3000,3000,"fast",0.01,"","mtada_aggregated","trait2","bfdr_estimate",0.2,0.0239591222350195
20260823,11,500,15,3000,3000,3000,3000,"fast",0.01,"","mtada_aggregated","trait2","bfdr_power",0.2,0.1
20260823,11,500,15,3000,3000,3000,3000,"fast",0.01,"","mtada_aggregated","trait2","bfdr_discoveries",0.2,1
20260823,11,500,15,3000,3000,3000,3000,"fast",0.01,"","mtada_aggregated","pleiotropy","bfdr_observed_fdp",0.01,0
20260823,11,500,15,3000,3000,3000,3000,"fast",0.01,"","mtada_aggregated","pleiotropy","bfdr_estimate",0.01,0
20260823,11,500,15,3000,3000,3000,3000,"fast",0.01,"","mtada_aggregated","pleiotropy","bfdr_power",0.01,0
20260823,11,500,15,3000,3000,3000,3000,"fast",0.01,"","mtada_aggregated","pleiotropy","bfdr_discoveries",0.01,0
20260823,11,500,15,3000,3000,3000,3000,"fast",0.01,"","mtada_aggregated","pleiotropy","bfdr_observed_fdp",0.05,0
20260823,11,500,15,3000,3000,3000,3000,"fast",0.01,"","mtada_aggregated","pleiotropy","bfdr_estimate",0.05,0
20260823,11,500,15,3000,3000,3000,3000,"fast",0.01,"","mtada_aggregated","pleiotropy","bfdr_power",0.05,0
20260823,11,500,15,3000,3000,3000,3000,"fast",0.01,"","mtada_aggregated","pleiotropy","bfdr_discoveries",0.05,0
20260823,11,500,15,3000,3000,3000,3000,"fast",0.01,"","mtada_aggregated","pleiotropy","bfdr_observed_fdp",0.1,0
20260823,11,500,15,3000,3000,3000,3000,"fast",0.01,"","mtada_aggregated","pleiotropy","bfdr_estimate",0.1,0
20260823,11,500,15,3000,3000,3000,3000,"fast",0.01,"","mtada_aggregated","pleiotropy","bfdr_power",0.1,0
20260823,11,500,15,3000,3000,3000,3000,"fast",0.01,"","mtada_aggregated","pleiotropy","bfdr_discoveries",0.1,0
20260823,11,500,15,3000,3000,3000,3000,"fast",0.01,"","mtada_aggregated","pleiotropy","bfdr_observed_fdp",0.2,0
20260823,11,500,15,3000,3000,3000,3000,"fast",0.01,"","mtada_aggregated","pleiotropy","bfdr_estimate",0.2,0
20260823,11,500,15,3000,3000,3000,3000,"fast",0.01,"","mtada_aggregated","pleiotropy","bfdr_power",0.2,0
20260823,11,500,15,3000,3000,3000,3000,"fast",0.01,"","mtada_aggregated","pleiotropy","bfdr_discoveries",0.2,0
20260823,11,500,15,3000,3000,3000,3000,"fast",0.01,"","mtada_aggregated","global","runtime_seconds",NA,0.810000000000002
20260823,11,500,15,3000,3000,3000,3000,"fast",0.01,"","mtada_aggregated","pleiotropy","pi11_estimate",NA,0.00251816
20260824,12,500,15,3000,3000,3000,3000,"fast",0.01,"","mirage_joint","trait1","auc",NA,0.82618947368421
20260824,12,500,15,3000,3000,3000,3000,"fast",0.01,"","mirage_joint","trait2","auc",NA,0.656530612244898
20260824,12,500,15,3000,3000,3000,3000,"fast",0.01,"","mirage_joint","pleiotropy","auc",NA,0.754747474747475
20260824,12,500,15,3000,3000,3000,3000,"fast",0.01,"","mirage_joint","trait1","pp08_power",0.8,0.12
20260824,12,500,15,3000,3000,3000,3000,"fast",0.01,"","mirage_joint","trait1","pp08_fdp",0.8,0
20260824,12,500,15,3000,3000,3000,3000,"fast",0.01,"","mirage_joint","trait1","pp08_discoveries",0.8,3
20260824,12,500,15,3000,3000,3000,3000,"fast",0.01,"","mirage_joint","trait2","pp08_power",0.8,0.1
20260824,12,500,15,3000,3000,3000,3000,"fast",0.01,"","mirage_joint","trait2","pp08_fdp",0.8,0
20260824,12,500,15,3000,3000,3000,3000,"fast",0.01,"","mirage_joint","trait2","pp08_discoveries",0.8,1
20260824,12,500,15,3000,3000,3000,3000,"fast",0.01,"","mirage_joint","pleiotropy","pp08_power",0.8,0
20260824,12,500,15,3000,3000,3000,3000,"fast",0.01,"","mirage_joint","pleiotropy","pp08_fdp",0.8,0
20260824,12,500,15,3000,3000,3000,3000,"fast",0.01,"","mirage_joint","pleiotropy","pp08_discoveries",0.8,0
20260824,12,500,15,3000,3000,3000,3000,"fast",0.01,"","mirage_joint","trait1","bfdr_observed_fdp",0.01,0
20260824,12,500,15,3000,3000,3000,3000,"fast",0.01,"","mirage_joint","trait1","bfdr_estimate",0.01,0.00610665736805888
20260824,12,500,15,3000,3000,3000,3000,"fast",0.01,"","mirage_joint","trait1","bfdr_power",0.01,0.08
20260824,12,500,15,3000,3000,3000,3000,"fast",0.01,"","mirage_joint","trait1","bfdr_discoveries",0.01,2
20260824,12,500,15,3000,3000,3000,3000,"fast",0.01,"","mirage_joint","trait1","bfdr_observed_fdp",0.05,0
20260824,12,500,15,3000,3000,3000,3000,"fast",0.01,"","mirage_joint","trait1","bfdr_estimate",0.05,0.0276437928750357
20260824,12,500,15,3000,3000,3000,3000,"fast",0.01,"","mirage_joint","trait1","bfdr_power",0.05,0.12
20260824,12,500,15,3000,3000,3000,3000,"fast",0.01,"","mirage_joint","trait1","bfdr_discoveries",0.05,3
20260824,12,500,15,3000,3000,3000,3000,"fast",0.01,"","mirage_joint","trait1","bfdr_observed_fdp",0.1,0.25
20260824,12,500,15,3000,3000,3000,3000,"fast",0.01,"","mirage_joint","trait1","bfdr_estimate",0.1,0.095032593050226
20260824,12,500,15,3000,3000,3000,3000,"fast",0.01,"","mirage_joint","trait1","bfdr_power",0.1,0.12
20260824,12,500,15,3000,3000,3000,3000,"fast",0.01,"","mirage_joint","trait1","bfdr_discoveries",0.1,4
20260824,12,500,15,3000,3000,3000,3000,"fast",0.01,"","mirage_joint","trait1","bfdr_observed_fdp",0.2,0.2
20260824,12,500,15,3000,3000,3000,3000,"fast",0.01,"","mirage_joint","trait1","bfdr_estimate",0.2,0.159313611810567
20260824,12,500,15,3000,3000,3000,3000,"fast",0.01,"","mirage_joint","trait1","bfdr_power",0.2,0.16
20260824,12,500,15,3000,3000,3000,3000,"fast",0.01,"","mirage_joint","trait1","bfdr_discoveries",0.2,5
20260824,12,500,15,3000,3000,3000,3000,"fast",0.01,"","mirage_joint","trait2","bfdr_observed_fdp",0.01,0
20260824,12,500,15,3000,3000,3000,3000,"fast",0.01,"","mirage_joint","trait2","bfdr_estimate",0.01,0
20260824,12,500,15,3000,3000,3000,3000,"fast",0.01,"","mirage_joint","trait2","bfdr_power",0.01,0
20260824,12,500,15,3000,3000,3000,3000,"fast",0.01,"","mirage_joint","trait2","bfdr_discoveries",0.01,0
20260824,12,500,15,3000,3000,3000,3000,"fast",0.01,"","mirage_joint","trait2","bfdr_observed_fdp",0.05,0
20260824,12,500,15,3000,3000,3000,3000,"fast",0.01,"","mirage_joint","trait2","bfdr_estimate",0.05,0.0372283673693224
20260824,12,500,15,3000,3000,3000,3000,"fast",0.01,"","mirage_joint","trait2","bfdr_power",0.05,0.1
20260824,12,500,15,3000,3000,3000,3000,"fast",0.01,"","mirage_joint","trait2","bfdr_discoveries",0.05,1
20260824,12,500,15,3000,3000,3000,3000,"fast",0.01,"","mirage_joint","trait2","bfdr_observed_fdp",0.1,0
20260824,12,500,15,3000,3000,3000,3000,"fast",0.01,"","mirage_joint","trait2","bfdr_estimate",0.1,0.0372283673693224
20260824,12,500,15,3000,3000,3000,3000,"fast",0.01,"","mirage_joint","trait2","bfdr_power",0.1,0.1
20260824,12,500,15,3000,3000,3000,3000,"fast",0.01,"","mirage_joint","trait2","bfdr_discoveries",0.1,1
20260824,12,500,15,3000,3000,3000,3000,"fast",0.01,"","mirage_joint","trait2","bfdr_observed_fdp",0.2,0.5
20260824,12,500,15,3000,3000,3000,3000,"fast",0.01,"","mirage_joint","trait2","bfdr_estimate",0.2,0.13209214407938
20260824,12,500,15,3000,3000,3000,3000,"fast",0.01,"","mirage_joint","trait2","bfdr_power",0.2,0.1
20260824,12,500,15,3000,3000,3000,3000,"fast",0.01,"","mirage_joint","trait2","bfdr_discoveries",0.2,2
20260824,12,500,15,3000,3000,3000,3000,"fast",0.01,"","mirage_joint","pleiotropy","bfdr_observed_fdp",0.01,0
20260824,12,500,15,3000,3000,3000,3000,"fast",0.01,"","mirage_joint","pleiotropy","bfdr_estimate",0.01,0
20260824,12,500,15,3000,3000,3000,3000,"fast",0.01,"","mirage_joint","pleiotropy","bfdr_power",0.01,0
20260824,12,500,15,3000,3000,3000,3000,"fast",0.01,"","mirage_joint","pleiotropy","bfdr_discoveries",0.01,0
20260824,12,500,15,3000,3000,3000,3000,"fast",0.01,"","mirage_joint","pleiotropy","bfdr_observed_fdp",0.05,0
20260824,12,500,15,3000,3000,3000,3000,"fast",0.01,"","mirage_joint","pleiotropy","bfdr_estimate",0.05,0
20260824,12,500,15,3000,3000,3000,3000,"fast",0.01,"","mirage_joint","pleiotropy","bfdr_power",0.05,0
20260824,12,500,15,3000,3000,3000,3000,"fast",0.01,"","mirage_joint","pleiotropy","bfdr_discoveries",0.05,0
20260824,12,500,15,3000,3000,3000,3000,"fast",0.01,"","mirage_joint","pleiotropy","bfdr_observed_fdp",0.1,0
20260824,12,500,15,3000,3000,3000,3000,"fast",0.01,"","mirage_joint","pleiotropy","bfdr_estimate",0.1,0
20260824,12,500,15,3000,3000,3000,3000,"fast",0.01,"","mirage_joint","pleiotropy","bfdr_power",0.1,0
20260824,12,500,15,3000,3000,3000,3000,"fast",0.01,"","mirage_joint","pleiotropy","bfdr_discoveries",0.1,0
20260824,12,500,15,3000,3000,3000,3000,"fast",0.01,"","mirage_joint","pleiotropy","bfdr_observed_fdp",0.2,0
20260824,12,500,15,3000,3000,3000,3000,"fast",0.01,"","mirage_joint","pleiotropy","bfdr_estimate",0.2,0
20260824,12,500,15,3000,3000,3000,3000,"fast",0.01,"","mirage_joint","pleiotropy","bfdr_power",0.2,0
20260824,12,500,15,3000,3000,3000,3000,"fast",0.01,"","mirage_joint","pleiotropy","bfdr_discoveries",0.2,0
20260824,12,500,15,3000,3000,3000,3000,"fast",0.01,"","mirage_joint","global","runtime_seconds",NA,18.19
20260824,12,500,15,3000,3000,3000,3000,"fast",0.01,"","mirage_joint","pleiotropy","pi11_estimate",NA,0.0297169296154724
20260824,12,500,15,3000,3000,3000,3000,"fast",0.01,"","separate_mirage","trait1","auc",NA,0.79621052631579
20260824,12,500,15,3000,3000,3000,3000,"fast",0.01,"","separate_mirage","trait2","auc",NA,0.654081632653061
20260824,12,500,15,3000,3000,3000,3000,"fast",0.01,"","separate_mirage","pleiotropy","auc",NA,0.751111111111111
20260824,12,500,15,3000,3000,3000,3000,"fast",0.01,"","separate_mirage","trait1","pp08_power",0.8,0.12
20260824,12,500,15,3000,3000,3000,3000,"fast",0.01,"","separate_mirage","trait1","pp08_fdp",0.8,0
20260824,12,500,15,3000,3000,3000,3000,"fast",0.01,"","separate_mirage","trait1","pp08_discoveries",0.8,3
20260824,12,500,15,3000,3000,3000,3000,"fast",0.01,"","separate_mirage","trait2","pp08_power",0.8,0.1
20260824,12,500,15,3000,3000,3000,3000,"fast",0.01,"","separate_mirage","trait2","pp08_fdp",0.8,0
20260824,12,500,15,3000,3000,3000,3000,"fast",0.01,"","separate_mirage","trait2","pp08_discoveries",0.8,1
20260824,12,500,15,3000,3000,3000,3000,"fast",0.01,"","separate_mirage","pleiotropy","pp08_power",0.8,0
20260824,12,500,15,3000,3000,3000,3000,"fast",0.01,"","separate_mirage","pleiotropy","pp08_fdp",0.8,0
20260824,12,500,15,3000,3000,3000,3000,"fast",0.01,"","separate_mirage","pleiotropy","pp08_discoveries",0.8,0
20260824,12,500,15,3000,3000,3000,3000,"fast",0.01,"","separate_mirage","trait1","bfdr_observed_fdp",0.01,0
20260824,12,500,15,3000,3000,3000,3000,"fast",0.01,"","separate_mirage","trait1","bfdr_estimate",0.01,0.00702497537807939
20260824,12,500,15,3000,3000,3000,3000,"fast",0.01,"","separate_mirage","trait1","bfdr_power",0.01,0.08
20260824,12,500,15,3000,3000,3000,3000,"fast",0.01,"","separate_mirage","trait1","bfdr_discoveries",0.01,2
20260824,12,500,15,3000,3000,3000,3000,"fast",0.01,"","separate_mirage","trait1","bfdr_observed_fdp",0.05,0
20260824,12,500,15,3000,3000,3000,3000,"fast",0.01,"","separate_mirage","trait1","bfdr_estimate",0.05,0.0303030695510584
20260824,12,500,15,3000,3000,3000,3000,"fast",0.01,"","separate_mirage","trait1","bfdr_power",0.05,0.12
20260824,12,500,15,3000,3000,3000,3000,"fast",0.01,"","separate_mirage","trait1","bfdr_discoveries",0.05,3
20260824,12,500,15,3000,3000,3000,3000,"fast",0.01,"","separate_mirage","trait1","bfdr_observed_fdp",0.1,0.25
20260824,12,500,15,3000,3000,3000,3000,"fast",0.01,"","separate_mirage","trait1","bfdr_estimate",0.1,0.0991938082389012
20260824,12,500,15,3000,3000,3000,3000,"fast",0.01,"","separate_mirage","trait1","bfdr_power",0.1,0.12
20260824,12,500,15,3000,3000,3000,3000,"fast",0.01,"","separate_mirage","trait1","bfdr_discoveries",0.1,4
20260824,12,500,15,3000,3000,3000,3000,"fast",0.01,"","separate_mirage","trait1","bfdr_observed_fdp",0.2,0.2
20260824,12,500,15,3000,3000,3000,3000,"fast",0.01,"","separate_mirage","trait1","bfdr_estimate",0.2,0.189920883000882
20260824,12,500,15,3000,3000,3000,3000,"fast",0.01,"","separate_mirage","trait1","bfdr_power",0.2,0.16
20260824,12,500,15,3000,3000,3000,3000,"fast",0.01,"","separate_mirage","trait1","bfdr_discoveries",0.2,5
20260824,12,500,15,3000,3000,3000,3000,"fast",0.01,"","separate_mirage","trait2","bfdr_observed_fdp",0.01,0
20260824,12,500,15,3000,3000,3000,3000,"fast",0.01,"","separate_mirage","trait2","bfdr_estimate",0.01,0
20260824,12,500,15,3000,3000,3000,3000,"fast",0.01,"","separate_mirage","trait2","bfdr_power",0.01,0
20260824,12,500,15,3000,3000,3000,3000,"fast",0.01,"","separate_mirage","trait2","bfdr_discoveries",0.01,0
20260824,12,500,15,3000,3000,3000,3000,"fast",0.01,"","separate_mirage","trait2","bfdr_observed_fdp",0.05,0
20260824,12,500,15,3000,3000,3000,3000,"fast",0.01,"","separate_mirage","trait2","bfdr_estimate",0.05,0
20260824,12,500,15,3000,3000,3000,3000,"fast",0.01,"","separate_mirage","trait2","bfdr_power",0.05,0
20260824,12,500,15,3000,3000,3000,3000,"fast",0.01,"","separate_mirage","trait2","bfdr_discoveries",0.05,0
20260824,12,500,15,3000,3000,3000,3000,"fast",0.01,"","separate_mirage","trait2","bfdr_observed_fdp",0.1,0
20260824,12,500,15,3000,3000,3000,3000,"fast",0.01,"","separate_mirage","trait2","bfdr_estimate",0.1,0.0659599441493105
20260824,12,500,15,3000,3000,3000,3000,"fast",0.01,"","separate_mirage","trait2","bfdr_power",0.1,0.1
20260824,12,500,15,3000,3000,3000,3000,"fast",0.01,"","separate_mirage","trait2","bfdr_discoveries",0.1,1
20260824,12,500,15,3000,3000,3000,3000,"fast",0.01,"","separate_mirage","trait2","bfdr_observed_fdp",0.2,0
20260824,12,500,15,3000,3000,3000,3000,"fast",0.01,"","separate_mirage","trait2","bfdr_estimate",0.2,0.0659599441493105
20260824,12,500,15,3000,3000,3000,3000,"fast",0.01,"","separate_mirage","trait2","bfdr_power",0.2,0.1
20260824,12,500,15,3000,3000,3000,3000,"fast",0.01,"","separate_mirage","trait2","bfdr_discoveries",0.2,1
20260824,12,500,15,3000,3000,3000,3000,"fast",0.01,"","separate_mirage","pleiotropy","bfdr_observed_fdp",0.01,0
20260824,12,500,15,3000,3000,3000,3000,"fast",0.01,"","separate_mirage","pleiotropy","bfdr_estimate",0.01,0
20260824,12,500,15,3000,3000,3000,3000,"fast",0.01,"","separate_mirage","pleiotropy","bfdr_power",0.01,0
20260824,12,500,15,3000,3000,3000,3000,"fast",0.01,"","separate_mirage","pleiotropy","bfdr_discoveries",0.01,0
20260824,12,500,15,3000,3000,3000,3000,"fast",0.01,"","separate_mirage","pleiotropy","bfdr_observed_fdp",0.05,0
20260824,12,500,15,3000,3000,3000,3000,"fast",0.01,"","separate_mirage","pleiotropy","bfdr_estimate",0.05,0
20260824,12,500,15,3000,3000,3000,3000,"fast",0.01,"","separate_mirage","pleiotropy","bfdr_power",0.05,0
20260824,12,500,15,3000,3000,3000,3000,"fast",0.01,"","separate_mirage","pleiotropy","bfdr_discoveries",0.05,0
20260824,12,500,15,3000,3000,3000,3000,"fast",0.01,"","separate_mirage","pleiotropy","bfdr_observed_fdp",0.1,0
20260824,12,500,15,3000,3000,3000,3000,"fast",0.01,"","separate_mirage","pleiotropy","bfdr_estimate",0.1,0
20260824,12,500,15,3000,3000,3000,3000,"fast",0.01,"","separate_mirage","pleiotropy","bfdr_power",0.1,0
20260824,12,500,15,3000,3000,3000,3000,"fast",0.01,"","separate_mirage","pleiotropy","bfdr_discoveries",0.1,0
20260824,12,500,15,3000,3000,3000,3000,"fast",0.01,"","separate_mirage","pleiotropy","bfdr_observed_fdp",0.2,0
20260824,12,500,15,3000,3000,3000,3000,"fast",0.01,"","separate_mirage","pleiotropy","bfdr_estimate",0.2,0
20260824,12,500,15,3000,3000,3000,3000,"fast",0.01,"","separate_mirage","pleiotropy","bfdr_power",0.2,0
20260824,12,500,15,3000,3000,3000,3000,"fast",0.01,"","separate_mirage","pleiotropy","bfdr_discoveries",0.2,0
20260824,12,500,15,3000,3000,3000,3000,"fast",0.01,"","separate_mirage","global","runtime_seconds",NA,18.133
20260824,12,500,15,3000,3000,3000,3000,"fast",0.01,"","separate_mirage","pleiotropy","pi11_estimate",NA,0.001
20260824,12,500,15,3000,3000,3000,3000,"fast",0.01,"","mtada_aggregated","trait1","auc",NA,0.87898947368421
20260824,12,500,15,3000,3000,3000,3000,"fast",0.01,"","mtada_aggregated","trait2","auc",NA,0.735918367346939
20260824,12,500,15,3000,3000,3000,3000,"fast",0.01,"","mtada_aggregated","pleiotropy","auc",NA,0.933333333333333
20260824,12,500,15,3000,3000,3000,3000,"fast",0.01,"","mtada_aggregated","trait1","pp08_power",0.8,0.28
20260824,12,500,15,3000,3000,3000,3000,"fast",0.01,"","mtada_aggregated","trait1","pp08_fdp",0.8,0
20260824,12,500,15,3000,3000,3000,3000,"fast",0.01,"","mtada_aggregated","trait1","pp08_discoveries",0.8,7
20260824,12,500,15,3000,3000,3000,3000,"fast",0.01,"","mtada_aggregated","trait2","pp08_power",0.8,0.1
20260824,12,500,15,3000,3000,3000,3000,"fast",0.01,"","mtada_aggregated","trait2","pp08_fdp",0.8,0
20260824,12,500,15,3000,3000,3000,3000,"fast",0.01,"","mtada_aggregated","trait2","pp08_discoveries",0.8,1
20260824,12,500,15,3000,3000,3000,3000,"fast",0.01,"","mtada_aggregated","pleiotropy","pp08_power",0.8,0
20260824,12,500,15,3000,3000,3000,3000,"fast",0.01,"","mtada_aggregated","pleiotropy","pp08_fdp",0.8,0
20260824,12,500,15,3000,3000,3000,3000,"fast",0.01,"","mtada_aggregated","pleiotropy","pp08_discoveries",0.8,0
20260824,12,500,15,3000,3000,3000,3000,"fast",0.01,"","mtada_aggregated","trait1","bfdr_observed_fdp",0.01,0
20260824,12,500,15,3000,3000,3000,3000,"fast",0.01,"","mtada_aggregated","trait1","bfdr_estimate",0.01,0.00286527533953667
20260824,12,500,15,3000,3000,3000,3000,"fast",0.01,"","mtada_aggregated","trait1","bfdr_power",0.01,0.2
20260824,12,500,15,3000,3000,3000,3000,"fast",0.01,"","mtada_aggregated","trait1","bfdr_discoveries",0.01,5
20260824,12,500,15,3000,3000,3000,3000,"fast",0.01,"","mtada_aggregated","trait1","bfdr_observed_fdp",0.05,0
20260824,12,500,15,3000,3000,3000,3000,"fast",0.01,"","mtada_aggregated","trait1","bfdr_estimate",0.05,0.0327807139156284
20260824,12,500,15,3000,3000,3000,3000,"fast",0.01,"","mtada_aggregated","trait1","bfdr_power",0.05,0.28
20260824,12,500,15,3000,3000,3000,3000,"fast",0.01,"","mtada_aggregated","trait1","bfdr_discoveries",0.05,7
20260824,12,500,15,3000,3000,3000,3000,"fast",0.01,"","mtada_aggregated","trait1","bfdr_observed_fdp",0.1,0
20260824,12,500,15,3000,3000,3000,3000,"fast",0.01,"","mtada_aggregated","trait1","bfdr_estimate",0.1,0.0327807139156284
20260824,12,500,15,3000,3000,3000,3000,"fast",0.01,"","mtada_aggregated","trait1","bfdr_power",0.1,0.28
20260824,12,500,15,3000,3000,3000,3000,"fast",0.01,"","mtada_aggregated","trait1","bfdr_discoveries",0.1,7
20260824,12,500,15,3000,3000,3000,3000,"fast",0.01,"","mtada_aggregated","trait1","bfdr_observed_fdp",0.2,0
20260824,12,500,15,3000,3000,3000,3000,"fast",0.01,"","mtada_aggregated","trait1","bfdr_estimate",0.2,0.124334432543508
20260824,12,500,15,3000,3000,3000,3000,"fast",0.01,"","mtada_aggregated","trait1","bfdr_power",0.2,0.32
20260824,12,500,15,3000,3000,3000,3000,"fast",0.01,"","mtada_aggregated","trait1","bfdr_discoveries",0.2,8
20260824,12,500,15,3000,3000,3000,3000,"fast",0.01,"","mtada_aggregated","trait2","bfdr_observed_fdp",0.01,0
20260824,12,500,15,3000,3000,3000,3000,"fast",0.01,"","mtada_aggregated","trait2","bfdr_estimate",0.01,0
20260824,12,500,15,3000,3000,3000,3000,"fast",0.01,"","mtada_aggregated","trait2","bfdr_power",0.01,0
20260824,12,500,15,3000,3000,3000,3000,"fast",0.01,"","mtada_aggregated","trait2","bfdr_discoveries",0.01,0
20260824,12,500,15,3000,3000,3000,3000,"fast",0.01,"","mtada_aggregated","trait2","bfdr_observed_fdp",0.05,0
20260824,12,500,15,3000,3000,3000,3000,"fast",0.01,"","mtada_aggregated","trait2","bfdr_estimate",0.05,0
20260824,12,500,15,3000,3000,3000,3000,"fast",0.01,"","mtada_aggregated","trait2","bfdr_power",0.05,0
20260824,12,500,15,3000,3000,3000,3000,"fast",0.01,"","mtada_aggregated","trait2","bfdr_discoveries",0.05,0
20260824,12,500,15,3000,3000,3000,3000,"fast",0.01,"","mtada_aggregated","trait2","bfdr_observed_fdp",0.1,0
20260824,12,500,15,3000,3000,3000,3000,"fast",0.01,"","mtada_aggregated","trait2","bfdr_estimate",0.1,0.0770691121836173
20260824,12,500,15,3000,3000,3000,3000,"fast",0.01,"","mtada_aggregated","trait2","bfdr_power",0.1,0.1
20260824,12,500,15,3000,3000,3000,3000,"fast",0.01,"","mtada_aggregated","trait2","bfdr_discoveries",0.1,1
20260824,12,500,15,3000,3000,3000,3000,"fast",0.01,"","mtada_aggregated","trait2","bfdr_observed_fdp",0.2,0
20260824,12,500,15,3000,3000,3000,3000,"fast",0.01,"","mtada_aggregated","trait2","bfdr_estimate",0.2,0.0770691121836173
20260824,12,500,15,3000,3000,3000,3000,"fast",0.01,"","mtada_aggregated","trait2","bfdr_power",0.2,0.1
20260824,12,500,15,3000,3000,3000,3000,"fast",0.01,"","mtada_aggregated","trait2","bfdr_discoveries",0.2,1
20260824,12,500,15,3000,3000,3000,3000,"fast",0.01,"","mtada_aggregated","pleiotropy","bfdr_observed_fdp",0.01,0
20260824,12,500,15,3000,3000,3000,3000,"fast",0.01,"","mtada_aggregated","pleiotropy","bfdr_estimate",0.01,0
20260824,12,500,15,3000,3000,3000,3000,"fast",0.01,"","mtada_aggregated","pleiotropy","bfdr_power",0.01,0
20260824,12,500,15,3000,3000,3000,3000,"fast",0.01,"","mtada_aggregated","pleiotropy","bfdr_discoveries",0.01,0
20260824,12,500,15,3000,3000,3000,3000,"fast",0.01,"","mtada_aggregated","pleiotropy","bfdr_observed_fdp",0.05,0
20260824,12,500,15,3000,3000,3000,3000,"fast",0.01,"","mtada_aggregated","pleiotropy","bfdr_estimate",0.05,0
20260824,12,500,15,3000,3000,3000,3000,"fast",0.01,"","mtada_aggregated","pleiotropy","bfdr_power",0.05,0
20260824,12,500,15,3000,3000,3000,3000,"fast",0.01,"","mtada_aggregated","pleiotropy","bfdr_discoveries",0.05,0
20260824,12,500,15,3000,3000,3000,3000,"fast",0.01,"","mtada_aggregated","pleiotropy","bfdr_observed_fdp",0.1,0
20260824,12,500,15,3000,3000,3000,3000,"fast",0.01,"","mtada_aggregated","pleiotropy","bfdr_estimate",0.1,0
20260824,12,500,15,3000,3000,3000,3000,"fast",0.01,"","mtada_aggregated","pleiotropy","bfdr_power",0.1,0
20260824,12,500,15,3000,3000,3000,3000,"fast",0.01,"","mtada_aggregated","pleiotropy","bfdr_discoveries",0.1,0
20260824,12,500,15,3000,3000,3000,3000,"fast",0.01,"","mtada_aggregated","pleiotropy","bfdr_observed_fdp",0.2,0
20260824,12,500,15,3000,3000,3000,3000,"fast",0.01,"","mtada_aggregated","pleiotropy","bfdr_estimate",0.2,0
20260824,12,500,15,3000,3000,3000,3000,"fast",0.01,"","mtada_aggregated","pleiotropy","bfdr_power",0.2,0
20260824,12,500,15,3000,3000,3000,3000,"fast",0.01,"","mtada_aggregated","pleiotropy","bfdr_discoveries",0.2,0
20260824,12,500,15,3000,3000,3000,3000,"fast",0.01,"","mtada_aggregated","global","runtime_seconds",NA,0.745999999999981
20260824,12,500,15,3000,3000,3000,3000,"fast",0.01,"","mtada_aggregated","pleiotropy","pi11_estimate",NA,0.0091091
20260825,13,500,15,3000,3000,3000,3000,"fast",0.01,"","mirage_joint","trait1","auc",NA,0.613221052631579
20260825,13,500,15,3000,3000,3000,3000,"fast",0.01,"","mirage_joint","trait2","auc",NA,0.661428571428571
20260825,13,500,15,3000,3000,3000,3000,"fast",0.01,"","mirage_joint","pleiotropy","auc",NA,0.708686868686869
20260825,13,500,15,3000,3000,3000,3000,"fast",0.01,"","mirage_joint","trait1","pp08_power",0.8,0.2
20260825,13,500,15,3000,3000,3000,3000,"fast",0.01,"","mirage_joint","trait1","pp08_fdp",0.8,0
20260825,13,500,15,3000,3000,3000,3000,"fast",0.01,"","mirage_joint","trait1","pp08_discoveries",0.8,5
20260825,13,500,15,3000,3000,3000,3000,"fast",0.01,"","mirage_joint","trait2","pp08_power",0.8,0
20260825,13,500,15,3000,3000,3000,3000,"fast",0.01,"","mirage_joint","trait2","pp08_fdp",0.8,0
20260825,13,500,15,3000,3000,3000,3000,"fast",0.01,"","mirage_joint","trait2","pp08_discoveries",0.8,0
20260825,13,500,15,3000,3000,3000,3000,"fast",0.01,"","mirage_joint","pleiotropy","pp08_power",0.8,0
20260825,13,500,15,3000,3000,3000,3000,"fast",0.01,"","mirage_joint","pleiotropy","pp08_fdp",0.8,0
20260825,13,500,15,3000,3000,3000,3000,"fast",0.01,"","mirage_joint","pleiotropy","pp08_discoveries",0.8,0
20260825,13,500,15,3000,3000,3000,3000,"fast",0.01,"","mirage_joint","trait1","bfdr_observed_fdp",0.01,0
20260825,13,500,15,3000,3000,3000,3000,"fast",0.01,"","mirage_joint","trait1","bfdr_estimate",0.01,0.00414646791825932
20260825,13,500,15,3000,3000,3000,3000,"fast",0.01,"","mirage_joint","trait1","bfdr_power",0.01,0.16
20260825,13,500,15,3000,3000,3000,3000,"fast",0.01,"","mirage_joint","trait1","bfdr_discoveries",0.01,4
20260825,13,500,15,3000,3000,3000,3000,"fast",0.01,"","mirage_joint","trait1","bfdr_observed_fdp",0.05,0
20260825,13,500,15,3000,3000,3000,3000,"fast",0.01,"","mirage_joint","trait1","bfdr_estimate",0.05,0.0316096733241968
20260825,13,500,15,3000,3000,3000,3000,"fast",0.01,"","mirage_joint","trait1","bfdr_power",0.05,0.2
20260825,13,500,15,3000,3000,3000,3000,"fast",0.01,"","mirage_joint","trait1","bfdr_discoveries",0.05,5
20260825,13,500,15,3000,3000,3000,3000,"fast",0.01,"","mirage_joint","trait1","bfdr_observed_fdp",0.1,0.142857142857143
20260825,13,500,15,3000,3000,3000,3000,"fast",0.01,"","mirage_joint","trait1","bfdr_estimate",0.1,0.0994595100434619
20260825,13,500,15,3000,3000,3000,3000,"fast",0.01,"","mirage_joint","trait1","bfdr_power",0.1,0.24
20260825,13,500,15,3000,3000,3000,3000,"fast",0.01,"","mirage_joint","trait1","bfdr_discoveries",0.1,7
20260825,13,500,15,3000,3000,3000,3000,"fast",0.01,"","mirage_joint","trait1","bfdr_observed_fdp",0.2,0.4
20260825,13,500,15,3000,3000,3000,3000,"fast",0.01,"","mirage_joint","trait1","bfdr_estimate",0.2,0.182427172082506
20260825,13,500,15,3000,3000,3000,3000,"fast",0.01,"","mirage_joint","trait1","bfdr_power",0.2,0.24
20260825,13,500,15,3000,3000,3000,3000,"fast",0.01,"","mirage_joint","trait1","bfdr_discoveries",0.2,10
20260825,13,500,15,3000,3000,3000,3000,"fast",0.01,"","mirage_joint","trait2","bfdr_observed_fdp",0.01,0
20260825,13,500,15,3000,3000,3000,3000,"fast",0.01,"","mirage_joint","trait2","bfdr_estimate",0.01,0
20260825,13,500,15,3000,3000,3000,3000,"fast",0.01,"","mirage_joint","trait2","bfdr_power",0.01,0
20260825,13,500,15,3000,3000,3000,3000,"fast",0.01,"","mirage_joint","trait2","bfdr_discoveries",0.01,0
20260825,13,500,15,3000,3000,3000,3000,"fast",0.01,"","mirage_joint","trait2","bfdr_observed_fdp",0.05,0
20260825,13,500,15,3000,3000,3000,3000,"fast",0.01,"","mirage_joint","trait2","bfdr_estimate",0.05,0
20260825,13,500,15,3000,3000,3000,3000,"fast",0.01,"","mirage_joint","trait2","bfdr_power",0.05,0
20260825,13,500,15,3000,3000,3000,3000,"fast",0.01,"","mirage_joint","trait2","bfdr_discoveries",0.05,0
20260825,13,500,15,3000,3000,3000,3000,"fast",0.01,"","mirage_joint","trait2","bfdr_observed_fdp",0.1,0
20260825,13,500,15,3000,3000,3000,3000,"fast",0.01,"","mirage_joint","trait2","bfdr_estimate",0.1,0
20260825,13,500,15,3000,3000,3000,3000,"fast",0.01,"","mirage_joint","trait2","bfdr_power",0.1,0
20260825,13,500,15,3000,3000,3000,3000,"fast",0.01,"","mirage_joint","trait2","bfdr_discoveries",0.1,0
20260825,13,500,15,3000,3000,3000,3000,"fast",0.01,"","mirage_joint","trait2","bfdr_observed_fdp",0.2,0
20260825,13,500,15,3000,3000,3000,3000,"fast",0.01,"","mirage_joint","trait2","bfdr_estimate",0.2,0
20260825,13,500,15,3000,3000,3000,3000,"fast",0.01,"","mirage_joint","trait2","bfdr_power",0.2,0
20260825,13,500,15,3000,3000,3000,3000,"fast",0.01,"","mirage_joint","trait2","bfdr_discoveries",0.2,0
20260825,13,500,15,3000,3000,3000,3000,"fast",0.01,"","mirage_joint","pleiotropy","bfdr_observed_fdp",0.01,0
20260825,13,500,15,3000,3000,3000,3000,"fast",0.01,"","mirage_joint","pleiotropy","bfdr_estimate",0.01,0
20260825,13,500,15,3000,3000,3000,3000,"fast",0.01,"","mirage_joint","pleiotropy","bfdr_power",0.01,0
20260825,13,500,15,3000,3000,3000,3000,"fast",0.01,"","mirage_joint","pleiotropy","bfdr_discoveries",0.01,0
20260825,13,500,15,3000,3000,3000,3000,"fast",0.01,"","mirage_joint","pleiotropy","bfdr_observed_fdp",0.05,0
20260825,13,500,15,3000,3000,3000,3000,"fast",0.01,"","mirage_joint","pleiotropy","bfdr_estimate",0.05,0
20260825,13,500,15,3000,3000,3000,3000,"fast",0.01,"","mirage_joint","pleiotropy","bfdr_power",0.05,0
20260825,13,500,15,3000,3000,3000,3000,"fast",0.01,"","mirage_joint","pleiotropy","bfdr_discoveries",0.05,0
20260825,13,500,15,3000,3000,3000,3000,"fast",0.01,"","mirage_joint","pleiotropy","bfdr_observed_fdp",0.1,0
20260825,13,500,15,3000,3000,3000,3000,"fast",0.01,"","mirage_joint","pleiotropy","bfdr_estimate",0.1,0
20260825,13,500,15,3000,3000,3000,3000,"fast",0.01,"","mirage_joint","pleiotropy","bfdr_power",0.1,0
20260825,13,500,15,3000,3000,3000,3000,"fast",0.01,"","mirage_joint","pleiotropy","bfdr_discoveries",0.1,0
20260825,13,500,15,3000,3000,3000,3000,"fast",0.01,"","mirage_joint","pleiotropy","bfdr_observed_fdp",0.2,0
20260825,13,500,15,3000,3000,3000,3000,"fast",0.01,"","mirage_joint","pleiotropy","bfdr_estimate",0.2,0
20260825,13,500,15,3000,3000,3000,3000,"fast",0.01,"","mirage_joint","pleiotropy","bfdr_power",0.2,0
20260825,13,500,15,3000,3000,3000,3000,"fast",0.01,"","mirage_joint","pleiotropy","bfdr_discoveries",0.2,0
20260825,13,500,15,3000,3000,3000,3000,"fast",0.01,"","mirage_joint","global","runtime_seconds",NA,18.079
20260825,13,500,15,3000,3000,3000,3000,"fast",0.01,"","mirage_joint","pleiotropy","pi11_estimate",NA,0.0618833048860993
20260825,13,500,15,3000,3000,3000,3000,"fast",0.01,"","separate_mirage","trait1","auc",NA,0.592926315789474
20260825,13,500,15,3000,3000,3000,3000,"fast",0.01,"","separate_mirage","trait2","auc",NA,0.64265306122449
20260825,13,500,15,3000,3000,3000,3000,"fast",0.01,"","separate_mirage","pleiotropy","auc",NA,0.686868686868687
20260825,13,500,15,3000,3000,3000,3000,"fast",0.01,"","separate_mirage","trait1","pp08_power",0.8,0.16
20260825,13,500,15,3000,3000,3000,3000,"fast",0.01,"","separate_mirage","trait1","pp08_fdp",0.8,0
20260825,13,500,15,3000,3000,3000,3000,"fast",0.01,"","separate_mirage","trait1","pp08_discoveries",0.8,4
20260825,13,500,15,3000,3000,3000,3000,"fast",0.01,"","separate_mirage","trait2","pp08_power",0.8,0
20260825,13,500,15,3000,3000,3000,3000,"fast",0.01,"","separate_mirage","trait2","pp08_fdp",0.8,0
20260825,13,500,15,3000,3000,3000,3000,"fast",0.01,"","separate_mirage","trait2","pp08_discoveries",0.8,0
20260825,13,500,15,3000,3000,3000,3000,"fast",0.01,"","separate_mirage","pleiotropy","pp08_power",0.8,0
20260825,13,500,15,3000,3000,3000,3000,"fast",0.01,"","separate_mirage","pleiotropy","pp08_fdp",0.8,0
20260825,13,500,15,3000,3000,3000,3000,"fast",0.01,"","separate_mirage","pleiotropy","pp08_discoveries",0.8,0
20260825,13,500,15,3000,3000,3000,3000,"fast",0.01,"","separate_mirage","trait1","bfdr_observed_fdp",0.01,0
20260825,13,500,15,3000,3000,3000,3000,"fast",0.01,"","separate_mirage","trait1","bfdr_estimate",0.01,0.00361897396949336
20260825,13,500,15,3000,3000,3000,3000,"fast",0.01,"","separate_mirage","trait1","bfdr_power",0.01,0.12
20260825,13,500,15,3000,3000,3000,3000,"fast",0.01,"","separate_mirage","trait1","bfdr_discoveries",0.01,3
20260825,13,500,15,3000,3000,3000,3000,"fast",0.01,"","separate_mirage","trait1","bfdr_observed_fdp",0.05,0
20260825,13,500,15,3000,3000,3000,3000,"fast",0.01,"","separate_mirage","trait1","bfdr_estimate",0.05,0.0109625219999323
20260825,13,500,15,3000,3000,3000,3000,"fast",0.01,"","separate_mirage","trait1","bfdr_power",0.05,0.16
20260825,13,500,15,3000,3000,3000,3000,"fast",0.01,"","separate_mirage","trait1","bfdr_discoveries",0.05,4
20260825,13,500,15,3000,3000,3000,3000,"fast",0.01,"","separate_mirage","trait1","bfdr_observed_fdp",0.1,0
20260825,13,500,15,3000,3000,3000,3000,"fast",0.01,"","separate_mirage","trait1","bfdr_estimate",0.1,0.0509141170451693
20260825,13,500,15,3000,3000,3000,3000,"fast",0.01,"","separate_mirage","trait1","bfdr_power",0.1,0.2
20260825,13,500,15,3000,3000,3000,3000,"fast",0.01,"","separate_mirage","trait1","bfdr_discoveries",0.1,5
20260825,13,500,15,3000,3000,3000,3000,"fast",0.01,"","separate_mirage","trait1","bfdr_observed_fdp",0.2,0
20260825,13,500,15,3000,3000,3000,3000,"fast",0.01,"","separate_mirage","trait1","bfdr_estimate",0.2,0.13272544379396
20260825,13,500,15,3000,3000,3000,3000,"fast",0.01,"","separate_mirage","trait1","bfdr_power",0.2,0.24
20260825,13,500,15,3000,3000,3000,3000,"fast",0.01,"","separate_mirage","trait1","bfdr_discoveries",0.2,6
20260825,13,500,15,3000,3000,3000,3000,"fast",0.01,"","separate_mirage","trait2","bfdr_observed_fdp",0.01,0
20260825,13,500,15,3000,3000,3000,3000,"fast",0.01,"","separate_mirage","trait2","bfdr_estimate",0.01,0
20260825,13,500,15,3000,3000,3000,3000,"fast",0.01,"","separate_mirage","trait2","bfdr_power",0.01,0
20260825,13,500,15,3000,3000,3000,3000,"fast",0.01,"","separate_mirage","trait2","bfdr_discoveries",0.01,0
20260825,13,500,15,3000,3000,3000,3000,"fast",0.01,"","separate_mirage","trait2","bfdr_observed_fdp",0.05,0
20260825,13,500,15,3000,3000,3000,3000,"fast",0.01,"","separate_mirage","trait2","bfdr_estimate",0.05,0
20260825,13,500,15,3000,3000,3000,3000,"fast",0.01,"","separate_mirage","trait2","bfdr_power",0.05,0
20260825,13,500,15,3000,3000,3000,3000,"fast",0.01,"","separate_mirage","trait2","bfdr_discoveries",0.05,0
20260825,13,500,15,3000,3000,3000,3000,"fast",0.01,"","separate_mirage","trait2","bfdr_observed_fdp",0.1,0
20260825,13,500,15,3000,3000,3000,3000,"fast",0.01,"","separate_mirage","trait2","bfdr_estimate",0.1,0
20260825,13,500,15,3000,3000,3000,3000,"fast",0.01,"","separate_mirage","trait2","bfdr_power",0.1,0
20260825,13,500,15,3000,3000,3000,3000,"fast",0.01,"","separate_mirage","trait2","bfdr_discoveries",0.1,0
20260825,13,500,15,3000,3000,3000,3000,"fast",0.01,"","separate_mirage","trait2","bfdr_observed_fdp",0.2,0
20260825,13,500,15,3000,3000,3000,3000,"fast",0.01,"","separate_mirage","trait2","bfdr_estimate",0.2,0
20260825,13,500,15,3000,3000,3000,3000,"fast",0.01,"","separate_mirage","trait2","bfdr_power",0.2,0
20260825,13,500,15,3000,3000,3000,3000,"fast",0.01,"","separate_mirage","trait2","bfdr_discoveries",0.2,0
20260825,13,500,15,3000,3000,3000,3000,"fast",0.01,"","separate_mirage","pleiotropy","bfdr_observed_fdp",0.01,0
20260825,13,500,15,3000,3000,3000,3000,"fast",0.01,"","separate_mirage","pleiotropy","bfdr_estimate",0.01,0
20260825,13,500,15,3000,3000,3000,3000,"fast",0.01,"","separate_mirage","pleiotropy","bfdr_power",0.01,0
20260825,13,500,15,3000,3000,3000,3000,"fast",0.01,"","separate_mirage","pleiotropy","bfdr_discoveries",0.01,0
20260825,13,500,15,3000,3000,3000,3000,"fast",0.01,"","separate_mirage","pleiotropy","bfdr_observed_fdp",0.05,0
20260825,13,500,15,3000,3000,3000,3000,"fast",0.01,"","separate_mirage","pleiotropy","bfdr_estimate",0.05,0
20260825,13,500,15,3000,3000,3000,3000,"fast",0.01,"","separate_mirage","pleiotropy","bfdr_power",0.05,0
20260825,13,500,15,3000,3000,3000,3000,"fast",0.01,"","separate_mirage","pleiotropy","bfdr_discoveries",0.05,0
20260825,13,500,15,3000,3000,3000,3000,"fast",0.01,"","separate_mirage","pleiotropy","bfdr_observed_fdp",0.1,0
20260825,13,500,15,3000,3000,3000,3000,"fast",0.01,"","separate_mirage","pleiotropy","bfdr_estimate",0.1,0
20260825,13,500,15,3000,3000,3000,3000,"fast",0.01,"","separate_mirage","pleiotropy","bfdr_power",0.1,0
20260825,13,500,15,3000,3000,3000,3000,"fast",0.01,"","separate_mirage","pleiotropy","bfdr_discoveries",0.1,0
20260825,13,500,15,3000,3000,3000,3000,"fast",0.01,"","separate_mirage","pleiotropy","bfdr_observed_fdp",0.2,0
20260825,13,500,15,3000,3000,3000,3000,"fast",0.01,"","separate_mirage","pleiotropy","bfdr_estimate",0.2,0
20260825,13,500,15,3000,3000,3000,3000,"fast",0.01,"","separate_mirage","pleiotropy","bfdr_power",0.2,0
20260825,13,500,15,3000,3000,3000,3000,"fast",0.01,"","separate_mirage","pleiotropy","bfdr_discoveries",0.2,0
20260825,13,500,15,3000,3000,3000,3000,"fast",0.01,"","separate_mirage","global","runtime_seconds",NA,18.1539999999999
20260825,13,500,15,3000,3000,3000,3000,"fast",0.01,"","separate_mirage","pleiotropy","pi11_estimate",NA,0.001
20260825,13,500,15,3000,3000,3000,3000,"fast",0.01,"","mtada_aggregated","trait1","auc",NA,0.647747368421053
20260825,13,500,15,3000,3000,3000,3000,"fast",0.01,"","mtada_aggregated","trait2","auc",NA,0.637959183673469
20260825,13,500,15,3000,3000,3000,3000,"fast",0.01,"","mtada_aggregated","pleiotropy","auc",NA,0.592323232323232
20260825,13,500,15,3000,3000,3000,3000,"fast",0.01,"","mtada_aggregated","trait1","pp08_power",0.8,0.2
20260825,13,500,15,3000,3000,3000,3000,"fast",0.01,"","mtada_aggregated","trait1","pp08_fdp",0.8,0
20260825,13,500,15,3000,3000,3000,3000,"fast",0.01,"","mtada_aggregated","trait1","pp08_discoveries",0.8,5
20260825,13,500,15,3000,3000,3000,3000,"fast",0.01,"","mtada_aggregated","trait2","pp08_power",0.8,0.2
20260825,13,500,15,3000,3000,3000,3000,"fast",0.01,"","mtada_aggregated","trait2","pp08_fdp",0.8,0
20260825,13,500,15,3000,3000,3000,3000,"fast",0.01,"","mtada_aggregated","trait2","pp08_discoveries",0.8,2
20260825,13,500,15,3000,3000,3000,3000,"fast",0.01,"","mtada_aggregated","pleiotropy","pp08_power",0.8,0
20260825,13,500,15,3000,3000,3000,3000,"fast",0.01,"","mtada_aggregated","pleiotropy","pp08_fdp",0.8,0
20260825,13,500,15,3000,3000,3000,3000,"fast",0.01,"","mtada_aggregated","pleiotropy","pp08_discoveries",0.8,0
20260825,13,500,15,3000,3000,3000,3000,"fast",0.01,"","mtada_aggregated","trait1","bfdr_observed_fdp",0.01,0
20260825,13,500,15,3000,3000,3000,3000,"fast",0.01,"","mtada_aggregated","trait1","bfdr_estimate",0.01,5.20247926405482e-08
20260825,13,500,15,3000,3000,3000,3000,"fast",0.01,"","mtada_aggregated","trait1","bfdr_power",0.01,0.16
20260825,13,500,15,3000,3000,3000,3000,"fast",0.01,"","mtada_aggregated","trait1","bfdr_discoveries",0.01,4
20260825,13,500,15,3000,3000,3000,3000,"fast",0.01,"","mtada_aggregated","trait1","bfdr_observed_fdp",0.05,0
20260825,13,500,15,3000,3000,3000,3000,"fast",0.01,"","mtada_aggregated","trait1","bfdr_estimate",0.05,0.0294342045344209
20260825,13,500,15,3000,3000,3000,3000,"fast",0.01,"","mtada_aggregated","trait1","bfdr_power",0.05,0.2
20260825,13,500,15,3000,3000,3000,3000,"fast",0.01,"","mtada_aggregated","trait1","bfdr_discoveries",0.05,5
20260825,13,500,15,3000,3000,3000,3000,"fast",0.01,"","mtada_aggregated","trait1","bfdr_observed_fdp",0.1,0
20260825,13,500,15,3000,3000,3000,3000,"fast",0.01,"","mtada_aggregated","trait1","bfdr_estimate",0.1,0.0294342045344209
20260825,13,500,15,3000,3000,3000,3000,"fast",0.01,"","mtada_aggregated","trait1","bfdr_power",0.1,0.2
20260825,13,500,15,3000,3000,3000,3000,"fast",0.01,"","mtada_aggregated","trait1","bfdr_discoveries",0.1,5
20260825,13,500,15,3000,3000,3000,3000,"fast",0.01,"","mtada_aggregated","trait1","bfdr_observed_fdp",0.2,0.285714285714286
20260825,13,500,15,3000,3000,3000,3000,"fast",0.01,"","mtada_aggregated","trait1","bfdr_estimate",0.2,0.1760024709915
20260825,13,500,15,3000,3000,3000,3000,"fast",0.01,"","mtada_aggregated","trait1","bfdr_power",0.2,0.2
20260825,13,500,15,3000,3000,3000,3000,"fast",0.01,"","mtada_aggregated","trait1","bfdr_discoveries",0.2,7
20260825,13,500,15,3000,3000,3000,3000,"fast",0.01,"","mtada_aggregated","trait2","bfdr_observed_fdp",0.01,0
20260825,13,500,15,3000,3000,3000,3000,"fast",0.01,"","mtada_aggregated","trait2","bfdr_estimate",0.01,0
20260825,13,500,15,3000,3000,3000,3000,"fast",0.01,"","mtada_aggregated","trait2","bfdr_power",0.01,0
20260825,13,500,15,3000,3000,3000,3000,"fast",0.01,"","mtada_aggregated","trait2","bfdr_discoveries",0.01,0
20260825,13,500,15,3000,3000,3000,3000,"fast",0.01,"","mtada_aggregated","trait2","bfdr_observed_fdp",0.05,0
20260825,13,500,15,3000,3000,3000,3000,"fast",0.01,"","mtada_aggregated","trait2","bfdr_estimate",0.05,0.0117851097218503
20260825,13,500,15,3000,3000,3000,3000,"fast",0.01,"","mtada_aggregated","trait2","bfdr_power",0.05,0.1
20260825,13,500,15,3000,3000,3000,3000,"fast",0.01,"","mtada_aggregated","trait2","bfdr_discoveries",0.05,1
20260825,13,500,15,3000,3000,3000,3000,"fast",0.01,"","mtada_aggregated","trait2","bfdr_observed_fdp",0.1,0
20260825,13,500,15,3000,3000,3000,3000,"fast",0.01,"","mtada_aggregated","trait2","bfdr_estimate",0.1,0.0600789830394698
20260825,13,500,15,3000,3000,3000,3000,"fast",0.01,"","mtada_aggregated","trait2","bfdr_power",0.1,0.2
20260825,13,500,15,3000,3000,3000,3000,"fast",0.01,"","mtada_aggregated","trait2","bfdr_discoveries",0.1,2
20260825,13,500,15,3000,3000,3000,3000,"fast",0.01,"","mtada_aggregated","trait2","bfdr_observed_fdp",0.2,0
20260825,13,500,15,3000,3000,3000,3000,"fast",0.01,"","mtada_aggregated","trait2","bfdr_estimate",0.2,0.0600789830394698
20260825,13,500,15,3000,3000,3000,3000,"fast",0.01,"","mtada_aggregated","trait2","bfdr_power",0.2,0.2
20260825,13,500,15,3000,3000,3000,3000,"fast",0.01,"","mtada_aggregated","trait2","bfdr_discoveries",0.2,2
20260825,13,500,15,3000,3000,3000,3000,"fast",0.01,"","mtada_aggregated","pleiotropy","bfdr_observed_fdp",0.01,0
20260825,13,500,15,3000,3000,3000,3000,"fast",0.01,"","mtada_aggregated","pleiotropy","bfdr_estimate",0.01,0
20260825,13,500,15,3000,3000,3000,3000,"fast",0.01,"","mtada_aggregated","pleiotropy","bfdr_power",0.01,0
20260825,13,500,15,3000,3000,3000,3000,"fast",0.01,"","mtada_aggregated","pleiotropy","bfdr_discoveries",0.01,0
20260825,13,500,15,3000,3000,3000,3000,"fast",0.01,"","mtada_aggregated","pleiotropy","bfdr_observed_fdp",0.05,0
20260825,13,500,15,3000,3000,3000,3000,"fast",0.01,"","mtada_aggregated","pleiotropy","bfdr_estimate",0.05,0
20260825,13,500,15,3000,3000,3000,3000,"fast",0.01,"","mtada_aggregated","pleiotropy","bfdr_power",0.05,0
20260825,13,500,15,3000,3000,3000,3000,"fast",0.01,"","mtada_aggregated","pleiotropy","bfdr_discoveries",0.05,0
20260825,13,500,15,3000,3000,3000,3000,"fast",0.01,"","mtada_aggregated","pleiotropy","bfdr_observed_fdp",0.1,0
20260825,13,500,15,3000,3000,3000,3000,"fast",0.01,"","mtada_aggregated","pleiotropy","bfdr_estimate",0.1,0
20260825,13,500,15,3000,3000,3000,3000,"fast",0.01,"","mtada_aggregated","pleiotropy","bfdr_power",0.1,0
20260825,13,500,15,3000,3000,3000,3000,"fast",0.01,"","mtada_aggregated","pleiotropy","bfdr_discoveries",0.1,0
20260825,13,500,15,3000,3000,3000,3000,"fast",0.01,"","mtada_aggregated","pleiotropy","bfdr_observed_fdp",0.2,0
20260825,13,500,15,3000,3000,3000,3000,"fast",0.01,"","mtada_aggregated","pleiotropy","bfdr_estimate",0.2,0
20260825,13,500,15,3000,3000,3000,3000,"fast",0.01,"","mtada_aggregated","pleiotropy","bfdr_power",0.2,0
20260825,13,500,15,3000,3000,3000,3000,"fast",0.01,"","mtada_aggregated","pleiotropy","bfdr_discoveries",0.2,0
20260825,13,500,15,3000,3000,3000,3000,"fast",0.01,"","mtada_aggregated","global","runtime_seconds",NA,0.736999999999966
20260825,13,500,15,3000,3000,3000,3000,"fast",0.01,"","mtada_aggregated","pleiotropy","pi11_estimate",NA,0.00651898
20260826,14,500,15,3000,3000,3000,3000,"fast",0.01,"","mirage_joint","trait1","auc",NA,0.7856
20260826,14,500,15,3000,3000,3000,3000,"fast",0.01,"","mirage_joint","trait2","auc",NA,0.79469387755102
20260826,14,500,15,3000,3000,3000,3000,"fast",0.01,"","mirage_joint","pleiotropy","auc",NA,0.975353535353535
20260826,14,500,15,3000,3000,3000,3000,"fast",0.01,"","mirage_joint","trait1","pp08_power",0.8,0.24
20260826,14,500,15,3000,3000,3000,3000,"fast",0.01,"","mirage_joint","trait1","pp08_fdp",0.8,0.142857142857143
20260826,14,500,15,3000,3000,3000,3000,"fast",0.01,"","mirage_joint","trait1","pp08_discoveries",0.8,7
20260826,14,500,15,3000,3000,3000,3000,"fast",0.01,"","mirage_joint","trait2","pp08_power",0.8,0.2
20260826,14,500,15,3000,3000,3000,3000,"fast",0.01,"","mirage_joint","trait2","pp08_fdp",0.8,0.333333333333333
20260826,14,500,15,3000,3000,3000,3000,"fast",0.01,"","mirage_joint","trait2","pp08_discoveries",0.8,3
20260826,14,500,15,3000,3000,3000,3000,"fast",0.01,"","mirage_joint","pleiotropy","pp08_power",0.8,0.4
20260826,14,500,15,3000,3000,3000,3000,"fast",0.01,"","mirage_joint","pleiotropy","pp08_fdp",0.8,0.333333333333333
20260826,14,500,15,3000,3000,3000,3000,"fast",0.01,"","mirage_joint","pleiotropy","pp08_discoveries",0.8,3
20260826,14,500,15,3000,3000,3000,3000,"fast",0.01,"","mirage_joint","trait1","bfdr_observed_fdp",0.01,0
20260826,14,500,15,3000,3000,3000,3000,"fast",0.01,"","mirage_joint","trait1","bfdr_estimate",0.01,0.00955580205162134
20260826,14,500,15,3000,3000,3000,3000,"fast",0.01,"","mirage_joint","trait1","bfdr_power",0.01,0.24
20260826,14,500,15,3000,3000,3000,3000,"fast",0.01,"","mirage_joint","trait1","bfdr_discoveries",0.01,6
20260826,14,500,15,3000,3000,3000,3000,"fast",0.01,"","mirage_joint","trait1","bfdr_observed_fdp",0.05,0.142857142857143
20260826,14,500,15,3000,3000,3000,3000,"fast",0.01,"","mirage_joint","trait1","bfdr_estimate",0.05,0.0359745092934146
20260826,14,500,15,3000,3000,3000,3000,"fast",0.01,"","mirage_joint","trait1","bfdr_power",0.05,0.24
20260826,14,500,15,3000,3000,3000,3000,"fast",0.01,"","mirage_joint","trait1","bfdr_discoveries",0.05,7
20260826,14,500,15,3000,3000,3000,3000,"fast",0.01,"","mirage_joint","trait1","bfdr_observed_fdp",0.1,0.125
20260826,14,500,15,3000,3000,3000,3000,"fast",0.01,"","mirage_joint","trait1","bfdr_estimate",0.1,0.0853276650729838
20260826,14,500,15,3000,3000,3000,3000,"fast",0.01,"","mirage_joint","trait1","bfdr_power",0.1,0.28
20260826,14,500,15,3000,3000,3000,3000,"fast",0.01,"","mirage_joint","trait1","bfdr_discoveries",0.1,8
20260826,14,500,15,3000,3000,3000,3000,"fast",0.01,"","mirage_joint","trait1","bfdr_observed_fdp",0.2,0.3
20260826,14,500,15,3000,3000,3000,3000,"fast",0.01,"","mirage_joint","trait1","bfdr_estimate",0.2,0.16505102072395
20260826,14,500,15,3000,3000,3000,3000,"fast",0.01,"","mirage_joint","trait1","bfdr_power",0.2,0.28
20260826,14,500,15,3000,3000,3000,3000,"fast",0.01,"","mirage_joint","trait1","bfdr_discoveries",0.2,10
20260826,14,500,15,3000,3000,3000,3000,"fast",0.01,"","mirage_joint","trait2","bfdr_observed_fdp",0.01,0.5
20260826,14,500,15,3000,3000,3000,3000,"fast",0.01,"","mirage_joint","trait2","bfdr_estimate",0.01,0.00938528766377766
20260826,14,500,15,3000,3000,3000,3000,"fast",0.01,"","mirage_joint","trait2","bfdr_power",0.01,0.1
20260826,14,500,15,3000,3000,3000,3000,"fast",0.01,"","mirage_joint","trait2","bfdr_discoveries",0.01,2
20260826,14,500,15,3000,3000,3000,3000,"fast",0.01,"","mirage_joint","trait2","bfdr_observed_fdp",0.05,0.5
20260826,14,500,15,3000,3000,3000,3000,"fast",0.01,"","mirage_joint","trait2","bfdr_estimate",0.05,0.00938528766377766
20260826,14,500,15,3000,3000,3000,3000,"fast",0.01,"","mirage_joint","trait2","bfdr_power",0.05,0.1
20260826,14,500,15,3000,3000,3000,3000,"fast",0.01,"","mirage_joint","trait2","bfdr_discoveries",0.05,2
20260826,14,500,15,3000,3000,3000,3000,"fast",0.01,"","mirage_joint","trait2","bfdr_observed_fdp",0.1,0.333333333333333
20260826,14,500,15,3000,3000,3000,3000,"fast",0.01,"","mirage_joint","trait2","bfdr_estimate",0.1,0.0728074653278471
20260826,14,500,15,3000,3000,3000,3000,"fast",0.01,"","mirage_joint","trait2","bfdr_power",0.1,0.2
20260826,14,500,15,3000,3000,3000,3000,"fast",0.01,"","mirage_joint","trait2","bfdr_discoveries",0.1,3
20260826,14,500,15,3000,3000,3000,3000,"fast",0.01,"","mirage_joint","trait2","bfdr_observed_fdp",0.2,0.6
20260826,14,500,15,3000,3000,3000,3000,"fast",0.01,"","mirage_joint","trait2","bfdr_estimate",0.2,0.190595226671943
20260826,14,500,15,3000,3000,3000,3000,"fast",0.01,"","mirage_joint","trait2","bfdr_power",0.2,0.2
20260826,14,500,15,3000,3000,3000,3000,"fast",0.01,"","mirage_joint","trait2","bfdr_discoveries",0.2,5
20260826,14,500,15,3000,3000,3000,3000,"fast",0.01,"","mirage_joint","pleiotropy","bfdr_observed_fdp",0.01,0.5
20260826,14,500,15,3000,3000,3000,3000,"fast",0.01,"","mirage_joint","pleiotropy","bfdr_estimate",0.01,0.00968449810212646
20260826,14,500,15,3000,3000,3000,3000,"fast",0.01,"","mirage_joint","pleiotropy","bfdr_power",0.01,0.2
20260826,14,500,15,3000,3000,3000,3000,"fast",0.01,"","mirage_joint","pleiotropy","bfdr_discoveries",0.01,2
20260826,14,500,15,3000,3000,3000,3000,"fast",0.01,"","mirage_joint","pleiotropy","bfdr_observed_fdp",0.05,0.5
20260826,14,500,15,3000,3000,3000,3000,"fast",0.01,"","mirage_joint","pleiotropy","bfdr_estimate",0.05,0.00968449810212646
20260826,14,500,15,3000,3000,3000,3000,"fast",0.01,"","mirage_joint","pleiotropy","bfdr_power",0.05,0.2
20260826,14,500,15,3000,3000,3000,3000,"fast",0.01,"","mirage_joint","pleiotropy","bfdr_discoveries",0.05,2
20260826,14,500,15,3000,3000,3000,3000,"fast",0.01,"","mirage_joint","pleiotropy","bfdr_observed_fdp",0.1,0.333333333333333
20260826,14,500,15,3000,3000,3000,3000,"fast",0.01,"","mirage_joint","pleiotropy","bfdr_estimate",0.1,0.0730072332394974
20260826,14,500,15,3000,3000,3000,3000,"fast",0.01,"","mirage_joint","pleiotropy","bfdr_power",0.1,0.4
20260826,14,500,15,3000,3000,3000,3000,"fast",0.01,"","mirage_joint","pleiotropy","bfdr_discoveries",0.1,3
20260826,14,500,15,3000,3000,3000,3000,"fast",0.01,"","mirage_joint","pleiotropy","bfdr_observed_fdp",0.2,0.6
20260826,14,500,15,3000,3000,3000,3000,"fast",0.01,"","mirage_joint","pleiotropy","bfdr_estimate",0.2,0.190715367730428
20260826,14,500,15,3000,3000,3000,3000,"fast",0.01,"","mirage_joint","pleiotropy","bfdr_power",0.2,0.4
20260826,14,500,15,3000,3000,3000,3000,"fast",0.01,"","mirage_joint","pleiotropy","bfdr_discoveries",0.2,5
20260826,14,500,15,3000,3000,3000,3000,"fast",0.01,"","mirage_joint","global","runtime_seconds",NA,18.361
20260826,14,500,15,3000,3000,3000,3000,"fast",0.01,"","mirage_joint","pleiotropy","pi11_estimate",NA,0.0435273221891398
20260826,14,500,15,3000,3000,3000,3000,"fast",0.01,"","separate_mirage","trait1","auc",NA,0.77701052631579
20260826,14,500,15,3000,3000,3000,3000,"fast",0.01,"","separate_mirage","trait2","auc",NA,0.753673469387755
20260826,14,500,15,3000,3000,3000,3000,"fast",0.01,"","separate_mirage","pleiotropy","auc",NA,0.968484848484849
20260826,14,500,15,3000,3000,3000,3000,"fast",0.01,"","separate_mirage","trait1","pp08_power",0.8,0.2
20260826,14,500,15,3000,3000,3000,3000,"fast",0.01,"","separate_mirage","trait1","pp08_fdp",0.8,0
20260826,14,500,15,3000,3000,3000,3000,"fast",0.01,"","separate_mirage","trait1","pp08_discoveries",0.8,5
20260826,14,500,15,3000,3000,3000,3000,"fast",0.01,"","separate_mirage","trait2","pp08_power",0.8,0.1
20260826,14,500,15,3000,3000,3000,3000,"fast",0.01,"","separate_mirage","trait2","pp08_fdp",0.8,0
20260826,14,500,15,3000,3000,3000,3000,"fast",0.01,"","separate_mirage","trait2","pp08_discoveries",0.8,1
20260826,14,500,15,3000,3000,3000,3000,"fast",0.01,"","separate_mirage","pleiotropy","pp08_power",0.8,0
20260826,14,500,15,3000,3000,3000,3000,"fast",0.01,"","separate_mirage","pleiotropy","pp08_fdp",0.8,0
20260826,14,500,15,3000,3000,3000,3000,"fast",0.01,"","separate_mirage","pleiotropy","pp08_discoveries",0.8,0
20260826,14,500,15,3000,3000,3000,3000,"fast",0.01,"","separate_mirage","trait1","bfdr_observed_fdp",0.01,0
20260826,14,500,15,3000,3000,3000,3000,"fast",0.01,"","separate_mirage","trait1","bfdr_estimate",0.01,0.000741448265569877
20260826,14,500,15,3000,3000,3000,3000,"fast",0.01,"","separate_mirage","trait1","bfdr_power",0.01,0.08
20260826,14,500,15,3000,3000,3000,3000,"fast",0.01,"","separate_mirage","trait1","bfdr_discoveries",0.01,2
20260826,14,500,15,3000,3000,3000,3000,"fast",0.01,"","separate_mirage","trait1","bfdr_observed_fdp",0.05,0
20260826,14,500,15,3000,3000,3000,3000,"fast",0.01,"","separate_mirage","trait1","bfdr_estimate",0.05,0.025499069009127
20260826,14,500,15,3000,3000,3000,3000,"fast",0.01,"","separate_mirage","trait1","bfdr_power",0.05,0.2
20260826,14,500,15,3000,3000,3000,3000,"fast",0.01,"","separate_mirage","trait1","bfdr_discoveries",0.05,5
20260826,14,500,15,3000,3000,3000,3000,"fast",0.01,"","separate_mirage","trait1","bfdr_observed_fdp",0.1,0.166666666666667
20260826,14,500,15,3000,3000,3000,3000,"fast",0.01,"","separate_mirage","trait1","bfdr_estimate",0.1,0.0793708329285962
20260826,14,500,15,3000,3000,3000,3000,"fast",0.01,"","separate_mirage","trait1","bfdr_power",0.1,0.2
20260826,14,500,15,3000,3000,3000,3000,"fast",0.01,"","separate_mirage","trait1","bfdr_discoveries",0.1,6
20260826,14,500,15,3000,3000,3000,3000,"fast",0.01,"","separate_mirage","trait1","bfdr_observed_fdp",0.2,0.25
20260826,14,500,15,3000,3000,3000,3000,"fast",0.01,"","separate_mirage","trait1","bfdr_estimate",0.2,0.185252448598298
20260826,14,500,15,3000,3000,3000,3000,"fast",0.01,"","separate_mirage","trait1","bfdr_power",0.2,0.24
20260826,14,500,15,3000,3000,3000,3000,"fast",0.01,"","separate_mirage","trait1","bfdr_discoveries",0.2,8
20260826,14,500,15,3000,3000,3000,3000,"fast",0.01,"","separate_mirage","trait2","bfdr_observed_fdp",0.01,0
20260826,14,500,15,3000,3000,3000,3000,"fast",0.01,"","separate_mirage","trait2","bfdr_estimate",0.01,1.59258745586754e-05
20260826,14,500,15,3000,3000,3000,3000,"fast",0.01,"","separate_mirage","trait2","bfdr_power",0.01,0.1
20260826,14,500,15,3000,3000,3000,3000,"fast",0.01,"","separate_mirage","trait2","bfdr_discoveries",0.01,1
20260826,14,500,15,3000,3000,3000,3000,"fast",0.01,"","separate_mirage","trait2","bfdr_observed_fdp",0.05,0
20260826,14,500,15,3000,3000,3000,3000,"fast",0.01,"","separate_mirage","trait2","bfdr_estimate",0.05,1.59258745586754e-05
20260826,14,500,15,3000,3000,3000,3000,"fast",0.01,"","separate_mirage","trait2","bfdr_power",0.05,0.1
20260826,14,500,15,3000,3000,3000,3000,"fast",0.01,"","separate_mirage","trait2","bfdr_discoveries",0.05,1
20260826,14,500,15,3000,3000,3000,3000,"fast",0.01,"","separate_mirage","trait2","bfdr_observed_fdp",0.1,0
20260826,14,500,15,3000,3000,3000,3000,"fast",0.01,"","separate_mirage","trait2","bfdr_estimate",0.1,1.59258745586754e-05
20260826,14,500,15,3000,3000,3000,3000,"fast",0.01,"","separate_mirage","trait2","bfdr_power",0.1,0.1
20260826,14,500,15,3000,3000,3000,3000,"fast",0.01,"","separate_mirage","trait2","bfdr_discoveries",0.1,1
20260826,14,500,15,3000,3000,3000,3000,"fast",0.01,"","separate_mirage","trait2","bfdr_observed_fdp",0.2,0
20260826,14,500,15,3000,3000,3000,3000,"fast",0.01,"","separate_mirage","trait2","bfdr_estimate",0.2,1.59258745586754e-05
20260826,14,500,15,3000,3000,3000,3000,"fast",0.01,"","separate_mirage","trait2","bfdr_power",0.2,0.1
20260826,14,500,15,3000,3000,3000,3000,"fast",0.01,"","separate_mirage","trait2","bfdr_discoveries",0.2,1
20260826,14,500,15,3000,3000,3000,3000,"fast",0.01,"","separate_mirage","pleiotropy","bfdr_observed_fdp",0.01,0
20260826,14,500,15,3000,3000,3000,3000,"fast",0.01,"","separate_mirage","pleiotropy","bfdr_estimate",0.01,0
20260826,14,500,15,3000,3000,3000,3000,"fast",0.01,"","separate_mirage","pleiotropy","bfdr_power",0.01,0
20260826,14,500,15,3000,3000,3000,3000,"fast",0.01,"","separate_mirage","pleiotropy","bfdr_discoveries",0.01,0
20260826,14,500,15,3000,3000,3000,3000,"fast",0.01,"","separate_mirage","pleiotropy","bfdr_observed_fdp",0.05,0
20260826,14,500,15,3000,3000,3000,3000,"fast",0.01,"","separate_mirage","pleiotropy","bfdr_estimate",0.05,0
20260826,14,500,15,3000,3000,3000,3000,"fast",0.01,"","separate_mirage","pleiotropy","bfdr_power",0.05,0
20260826,14,500,15,3000,3000,3000,3000,"fast",0.01,"","separate_mirage","pleiotropy","bfdr_discoveries",0.05,0
20260826,14,500,15,3000,3000,3000,3000,"fast",0.01,"","separate_mirage","pleiotropy","bfdr_observed_fdp",0.1,0
20260826,14,500,15,3000,3000,3000,3000,"fast",0.01,"","separate_mirage","pleiotropy","bfdr_estimate",0.1,0
20260826,14,500,15,3000,3000,3000,3000,"fast",0.01,"","separate_mirage","pleiotropy","bfdr_power",0.1,0
20260826,14,500,15,3000,3000,3000,3000,"fast",0.01,"","separate_mirage","pleiotropy","bfdr_discoveries",0.1,0
20260826,14,500,15,3000,3000,3000,3000,"fast",0.01,"","separate_mirage","pleiotropy","bfdr_observed_fdp",0.2,0
20260826,14,500,15,3000,3000,3000,3000,"fast",0.01,"","separate_mirage","pleiotropy","bfdr_estimate",0.2,0
20260826,14,500,15,3000,3000,3000,3000,"fast",0.01,"","separate_mirage","pleiotropy","bfdr_power",0.2,0
20260826,14,500,15,3000,3000,3000,3000,"fast",0.01,"","separate_mirage","pleiotropy","bfdr_discoveries",0.2,0
20260826,14,500,15,3000,3000,3000,3000,"fast",0.01,"","separate_mirage","global","runtime_seconds",NA,18.305
20260826,14,500,15,3000,3000,3000,3000,"fast",0.01,"","separate_mirage","pleiotropy","pi11_estimate",NA,0.001
20260826,14,500,15,3000,3000,3000,3000,"fast",0.01,"","mtada_aggregated","trait1","auc",NA,0.798147368421053
20260826,14,500,15,3000,3000,3000,3000,"fast",0.01,"","mtada_aggregated","trait2","auc",NA,0.827959183673469
20260826,14,500,15,3000,3000,3000,3000,"fast",0.01,"","mtada_aggregated","pleiotropy","auc",NA,0.916363636363636
20260826,14,500,15,3000,3000,3000,3000,"fast",0.01,"","mtada_aggregated","trait1","pp08_power",0.8,0.28
20260826,14,500,15,3000,3000,3000,3000,"fast",0.01,"","mtada_aggregated","trait1","pp08_fdp",0.8,0
20260826,14,500,15,3000,3000,3000,3000,"fast",0.01,"","mtada_aggregated","trait1","pp08_discoveries",0.8,7
20260826,14,500,15,3000,3000,3000,3000,"fast",0.01,"","mtada_aggregated","trait2","pp08_power",0.8,0.1
20260826,14,500,15,3000,3000,3000,3000,"fast",0.01,"","mtada_aggregated","trait2","pp08_fdp",0.8,0
20260826,14,500,15,3000,3000,3000,3000,"fast",0.01,"","mtada_aggregated","trait2","pp08_discoveries",0.8,1
20260826,14,500,15,3000,3000,3000,3000,"fast",0.01,"","mtada_aggregated","pleiotropy","pp08_power",0.8,0
20260826,14,500,15,3000,3000,3000,3000,"fast",0.01,"","mtada_aggregated","pleiotropy","pp08_fdp",0.8,0
20260826,14,500,15,3000,3000,3000,3000,"fast",0.01,"","mtada_aggregated","pleiotropy","pp08_discoveries",0.8,0
20260826,14,500,15,3000,3000,3000,3000,"fast",0.01,"","mtada_aggregated","trait1","bfdr_observed_fdp",0.01,0
20260826,14,500,15,3000,3000,3000,3000,"fast",0.01,"","mtada_aggregated","trait1","bfdr_estimate",0.01,0.00676720789389468
20260826,14,500,15,3000,3000,3000,3000,"fast",0.01,"","mtada_aggregated","trait1","bfdr_power",0.01,0.24
20260826,14,500,15,3000,3000,3000,3000,"fast",0.01,"","mtada_aggregated","trait1","bfdr_discoveries",0.01,6
20260826,14,500,15,3000,3000,3000,3000,"fast",0.01,"","mtada_aggregated","trait1","bfdr_observed_fdp",0.05,0
20260826,14,500,15,3000,3000,3000,3000,"fast",0.01,"","mtada_aggregated","trait1","bfdr_estimate",0.05,0.0320135420532736
20260826,14,500,15,3000,3000,3000,3000,"fast",0.01,"","mtada_aggregated","trait1","bfdr_power",0.05,0.28
20260826,14,500,15,3000,3000,3000,3000,"fast",0.01,"","mtada_aggregated","trait1","bfdr_discoveries",0.05,7
20260826,14,500,15,3000,3000,3000,3000,"fast",0.01,"","mtada_aggregated","trait1","bfdr_observed_fdp",0.1,0
20260826,14,500,15,3000,3000,3000,3000,"fast",0.01,"","mtada_aggregated","trait1","bfdr_estimate",0.1,0.0588040355523656
20260826,14,500,15,3000,3000,3000,3000,"fast",0.01,"","mtada_aggregated","trait1","bfdr_power",0.1,0.32
20260826,14,500,15,3000,3000,3000,3000,"fast",0.01,"","mtada_aggregated","trait1","bfdr_discoveries",0.1,8
20260826,14,500,15,3000,3000,3000,3000,"fast",0.01,"","mtada_aggregated","trait1","bfdr_observed_fdp",0.2,0.1
20260826,14,500,15,3000,3000,3000,3000,"fast",0.01,"","mtada_aggregated","trait1","bfdr_estimate",0.2,0.175778837740087
20260826,14,500,15,3000,3000,3000,3000,"fast",0.01,"","mtada_aggregated","trait1","bfdr_power",0.2,0.36
20260826,14,500,15,3000,3000,3000,3000,"fast",0.01,"","mtada_aggregated","trait1","bfdr_discoveries",0.2,10
20260826,14,500,15,3000,3000,3000,3000,"fast",0.01,"","mtada_aggregated","trait2","bfdr_observed_fdp",0.01,0
20260826,14,500,15,3000,3000,3000,3000,"fast",0.01,"","mtada_aggregated","trait2","bfdr_estimate",0.01,2.44249065417534e-15
20260826,14,500,15,3000,3000,3000,3000,"fast",0.01,"","mtada_aggregated","trait2","bfdr_power",0.01,0.1
20260826,14,500,15,3000,3000,3000,3000,"fast",0.01,"","mtada_aggregated","trait2","bfdr_discoveries",0.01,1
20260826,14,500,15,3000,3000,3000,3000,"fast",0.01,"","mtada_aggregated","trait2","bfdr_observed_fdp",0.05,0
20260826,14,500,15,3000,3000,3000,3000,"fast",0.01,"","mtada_aggregated","trait2","bfdr_estimate",0.05,2.44249065417534e-15
20260826,14,500,15,3000,3000,3000,3000,"fast",0.01,"","mtada_aggregated","trait2","bfdr_power",0.05,0.1
20260826,14,500,15,3000,3000,3000,3000,"fast",0.01,"","mtada_aggregated","trait2","bfdr_discoveries",0.05,1
20260826,14,500,15,3000,3000,3000,3000,"fast",0.01,"","mtada_aggregated","trait2","bfdr_observed_fdp",0.1,0
20260826,14,500,15,3000,3000,3000,3000,"fast",0.01,"","mtada_aggregated","trait2","bfdr_estimate",0.1,2.44249065417534e-15
20260826,14,500,15,3000,3000,3000,3000,"fast",0.01,"","mtada_aggregated","trait2","bfdr_power",0.1,0.1
20260826,14,500,15,3000,3000,3000,3000,"fast",0.01,"","mtada_aggregated","trait2","bfdr_discoveries",0.1,1
20260826,14,500,15,3000,3000,3000,3000,"fast",0.01,"","mtada_aggregated","trait2","bfdr_observed_fdp",0.2,0
20260826,14,500,15,3000,3000,3000,3000,"fast",0.01,"","mtada_aggregated","trait2","bfdr_estimate",0.2,2.44249065417534e-15
20260826,14,500,15,3000,3000,3000,3000,"fast",0.01,"","mtada_aggregated","trait2","bfdr_power",0.2,0.1
20260826,14,500,15,3000,3000,3000,3000,"fast",0.01,"","mtada_aggregated","trait2","bfdr_discoveries",0.2,1
20260826,14,500,15,3000,3000,3000,3000,"fast",0.01,"","mtada_aggregated","pleiotropy","bfdr_observed_fdp",0.01,0
20260826,14,500,15,3000,3000,3000,3000,"fast",0.01,"","mtada_aggregated","pleiotropy","bfdr_estimate",0.01,0
20260826,14,500,15,3000,3000,3000,3000,"fast",0.01,"","mtada_aggregated","pleiotropy","bfdr_power",0.01,0
20260826,14,500,15,3000,3000,3000,3000,"fast",0.01,"","mtada_aggregated","pleiotropy","bfdr_discoveries",0.01,0
20260826,14,500,15,3000,3000,3000,3000,"fast",0.01,"","mtada_aggregated","pleiotropy","bfdr_observed_fdp",0.05,0
20260826,14,500,15,3000,3000,3000,3000,"fast",0.01,"","mtada_aggregated","pleiotropy","bfdr_estimate",0.05,0
20260826,14,500,15,3000,3000,3000,3000,"fast",0.01,"","mtada_aggregated","pleiotropy","bfdr_power",0.05,0
20260826,14,500,15,3000,3000,3000,3000,"fast",0.01,"","mtada_aggregated","pleiotropy","bfdr_discoveries",0.05,0
20260826,14,500,15,3000,3000,3000,3000,"fast",0.01,"","mtada_aggregated","pleiotropy","bfdr_observed_fdp",0.1,0
20260826,14,500,15,3000,3000,3000,3000,"fast",0.01,"","mtada_aggregated","pleiotropy","bfdr_estimate",0.1,0
20260826,14,500,15,3000,3000,3000,3000,"fast",0.01,"","mtada_aggregated","pleiotropy","bfdr_power",0.1,0
20260826,14,500,15,3000,3000,3000,3000,"fast",0.01,"","mtada_aggregated","pleiotropy","bfdr_discoveries",0.1,0
20260826,14,500,15,3000,3000,3000,3000,"fast",0.01,"","mtada_aggregated","pleiotropy","bfdr_observed_fdp",0.2,0
20260826,14,500,15,3000,3000,3000,3000,"fast",0.01,"","mtada_aggregated","pleiotropy","bfdr_estimate",0.2,0
20260826,14,500,15,3000,3000,3000,3000,"fast",0.01,"","mtada_aggregated","pleiotropy","bfdr_power",0.2,0
20260826,14,500,15,3000,3000,3000,3000,"fast",0.01,"","mtada_aggregated","pleiotropy","bfdr_discoveries",0.2,0
20260826,14,500,15,3000,3000,3000,3000,"fast",0.01,"","mtada_aggregated","global","runtime_seconds",NA,0.88000000000001
20260826,14,500,15,3000,3000,3000,3000,"fast",0.01,"","mtada_aggregated","pleiotropy","pi11_estimate",NA,0.00949683
20260827,15,500,15,3000,3000,3000,3000,"fast",0.01,"","mirage_joint","trait1","auc",NA,0.835452631578947
20260827,15,500,15,3000,3000,3000,3000,"fast",0.01,"","mirage_joint","trait2","auc",NA,0.72469387755102
20260827,15,500,15,3000,3000,3000,3000,"fast",0.01,"","mirage_joint","pleiotropy","auc",NA,0.908686868686869
20260827,15,500,15,3000,3000,3000,3000,"fast",0.01,"","mirage_joint","trait1","pp08_power",0.8,0.28
20260827,15,500,15,3000,3000,3000,3000,"fast",0.01,"","mirage_joint","trait1","pp08_fdp",0.8,0
20260827,15,500,15,3000,3000,3000,3000,"fast",0.01,"","mirage_joint","trait1","pp08_discoveries",0.8,7
20260827,15,500,15,3000,3000,3000,3000,"fast",0.01,"","mirage_joint","trait2","pp08_power",0.8,0
20260827,15,500,15,3000,3000,3000,3000,"fast",0.01,"","mirage_joint","trait2","pp08_fdp",0.8,0
20260827,15,500,15,3000,3000,3000,3000,"fast",0.01,"","mirage_joint","trait2","pp08_discoveries",0.8,0
20260827,15,500,15,3000,3000,3000,3000,"fast",0.01,"","mirage_joint","pleiotropy","pp08_power",0.8,0
20260827,15,500,15,3000,3000,3000,3000,"fast",0.01,"","mirage_joint","pleiotropy","pp08_fdp",0.8,0
20260827,15,500,15,3000,3000,3000,3000,"fast",0.01,"","mirage_joint","pleiotropy","pp08_discoveries",0.8,0
20260827,15,500,15,3000,3000,3000,3000,"fast",0.01,"","mirage_joint","trait1","bfdr_observed_fdp",0.01,0
20260827,15,500,15,3000,3000,3000,3000,"fast",0.01,"","mirage_joint","trait1","bfdr_estimate",0.01,0.00712379053851486
20260827,15,500,15,3000,3000,3000,3000,"fast",0.01,"","mirage_joint","trait1","bfdr_power",0.01,0.12
20260827,15,500,15,3000,3000,3000,3000,"fast",0.01,"","mirage_joint","trait1","bfdr_discoveries",0.01,3
20260827,15,500,15,3000,3000,3000,3000,"fast",0.01,"","mirage_joint","trait1","bfdr_observed_fdp",0.05,0
20260827,15,500,15,3000,3000,3000,3000,"fast",0.01,"","mirage_joint","trait1","bfdr_estimate",0.05,0.0496611781583559
20260827,15,500,15,3000,3000,3000,3000,"fast",0.01,"","mirage_joint","trait1","bfdr_power",0.05,0.2
20260827,15,500,15,3000,3000,3000,3000,"fast",0.01,"","mirage_joint","trait1","bfdr_discoveries",0.05,5
20260827,15,500,15,3000,3000,3000,3000,"fast",0.01,"","mirage_joint","trait1","bfdr_observed_fdp",0.1,0
20260827,15,500,15,3000,3000,3000,3000,"fast",0.01,"","mirage_joint","trait1","bfdr_estimate",0.1,0.0845572102812577
20260827,15,500,15,3000,3000,3000,3000,"fast",0.01,"","mirage_joint","trait1","bfdr_power",0.1,0.28
20260827,15,500,15,3000,3000,3000,3000,"fast",0.01,"","mirage_joint","trait1","bfdr_discoveries",0.1,7
20260827,15,500,15,3000,3000,3000,3000,"fast",0.01,"","mirage_joint","trait1","bfdr_observed_fdp",0.2,0.2
20260827,15,500,15,3000,3000,3000,3000,"fast",0.01,"","mirage_joint","trait1","bfdr_estimate",0.2,0.193330035483348
20260827,15,500,15,3000,3000,3000,3000,"fast",0.01,"","mirage_joint","trait1","bfdr_power",0.2,0.32
20260827,15,500,15,3000,3000,3000,3000,"fast",0.01,"","mirage_joint","trait1","bfdr_discoveries",0.2,10
20260827,15,500,15,3000,3000,3000,3000,"fast",0.01,"","mirage_joint","trait2","bfdr_observed_fdp",0.01,0
20260827,15,500,15,3000,3000,3000,3000,"fast",0.01,"","mirage_joint","trait2","bfdr_estimate",0.01,0
20260827,15,500,15,3000,3000,3000,3000,"fast",0.01,"","mirage_joint","trait2","bfdr_power",0.01,0
20260827,15,500,15,3000,3000,3000,3000,"fast",0.01,"","mirage_joint","trait2","bfdr_discoveries",0.01,0
20260827,15,500,15,3000,3000,3000,3000,"fast",0.01,"","mirage_joint","trait2","bfdr_observed_fdp",0.05,0
20260827,15,500,15,3000,3000,3000,3000,"fast",0.01,"","mirage_joint","trait2","bfdr_estimate",0.05,0
20260827,15,500,15,3000,3000,3000,3000,"fast",0.01,"","mirage_joint","trait2","bfdr_power",0.05,0
20260827,15,500,15,3000,3000,3000,3000,"fast",0.01,"","mirage_joint","trait2","bfdr_discoveries",0.05,0
20260827,15,500,15,3000,3000,3000,3000,"fast",0.01,"","mirage_joint","trait2","bfdr_observed_fdp",0.1,0
20260827,15,500,15,3000,3000,3000,3000,"fast",0.01,"","mirage_joint","trait2","bfdr_estimate",0.1,0
20260827,15,500,15,3000,3000,3000,3000,"fast",0.01,"","mirage_joint","trait2","bfdr_power",0.1,0
20260827,15,500,15,3000,3000,3000,3000,"fast",0.01,"","mirage_joint","trait2","bfdr_discoveries",0.1,0
20260827,15,500,15,3000,3000,3000,3000,"fast",0.01,"","mirage_joint","trait2","bfdr_observed_fdp",0.2,0
20260827,15,500,15,3000,3000,3000,3000,"fast",0.01,"","mirage_joint","trait2","bfdr_estimate",0.2,0
20260827,15,500,15,3000,3000,3000,3000,"fast",0.01,"","mirage_joint","trait2","bfdr_power",0.2,0
20260827,15,500,15,3000,3000,3000,3000,"fast",0.01,"","mirage_joint","trait2","bfdr_discoveries",0.2,0
20260827,15,500,15,3000,3000,3000,3000,"fast",0.01,"","mirage_joint","pleiotropy","bfdr_observed_fdp",0.01,0
20260827,15,500,15,3000,3000,3000,3000,"fast",0.01,"","mirage_joint","pleiotropy","bfdr_estimate",0.01,0
20260827,15,500,15,3000,3000,3000,3000,"fast",0.01,"","mirage_joint","pleiotropy","bfdr_power",0.01,0
20260827,15,500,15,3000,3000,3000,3000,"fast",0.01,"","mirage_joint","pleiotropy","bfdr_discoveries",0.01,0
20260827,15,500,15,3000,3000,3000,3000,"fast",0.01,"","mirage_joint","pleiotropy","bfdr_observed_fdp",0.05,0
20260827,15,500,15,3000,3000,3000,3000,"fast",0.01,"","mirage_joint","pleiotropy","bfdr_estimate",0.05,0
20260827,15,500,15,3000,3000,3000,3000,"fast",0.01,"","mirage_joint","pleiotropy","bfdr_power",0.05,0
20260827,15,500,15,3000,3000,3000,3000,"fast",0.01,"","mirage_joint","pleiotropy","bfdr_discoveries",0.05,0
20260827,15,500,15,3000,3000,3000,3000,"fast",0.01,"","mirage_joint","pleiotropy","bfdr_observed_fdp",0.1,0
20260827,15,500,15,3000,3000,3000,3000,"fast",0.01,"","mirage_joint","pleiotropy","bfdr_estimate",0.1,0
20260827,15,500,15,3000,3000,3000,3000,"fast",0.01,"","mirage_joint","pleiotropy","bfdr_power",0.1,0
20260827,15,500,15,3000,3000,3000,3000,"fast",0.01,"","mirage_joint","pleiotropy","bfdr_discoveries",0.1,0
20260827,15,500,15,3000,3000,3000,3000,"fast",0.01,"","mirage_joint","pleiotropy","bfdr_observed_fdp",0.2,0
20260827,15,500,15,3000,3000,3000,3000,"fast",0.01,"","mirage_joint","pleiotropy","bfdr_estimate",0.2,0
20260827,15,500,15,3000,3000,3000,3000,"fast",0.01,"","mirage_joint","pleiotropy","bfdr_power",0.2,0
20260827,15,500,15,3000,3000,3000,3000,"fast",0.01,"","mirage_joint","pleiotropy","bfdr_discoveries",0.2,0
20260827,15,500,15,3000,3000,3000,3000,"fast",0.01,"","mirage_joint","global","runtime_seconds",NA,18.182
20260827,15,500,15,3000,3000,3000,3000,"fast",0.01,"","mirage_joint","pleiotropy","pi11_estimate",NA,0.0160231745937646
20260827,15,500,15,3000,3000,3000,3000,"fast",0.01,"","separate_mirage","trait1","auc",NA,0.845894736842105
20260827,15,500,15,3000,3000,3000,3000,"fast",0.01,"","separate_mirage","trait2","auc",NA,0.670408163265306
20260827,15,500,15,3000,3000,3000,3000,"fast",0.01,"","separate_mirage","pleiotropy","auc",NA,0.94020202020202
20260827,15,500,15,3000,3000,3000,3000,"fast",0.01,"","separate_mirage","trait1","pp08_power",0.8,0.16
20260827,15,500,15,3000,3000,3000,3000,"fast",0.01,"","separate_mirage","trait1","pp08_fdp",0.8,0
20260827,15,500,15,3000,3000,3000,3000,"fast",0.01,"","separate_mirage","trait1","pp08_discoveries",0.8,4
20260827,15,500,15,3000,3000,3000,3000,"fast",0.01,"","separate_mirage","trait2","pp08_power",0.8,0
20260827,15,500,15,3000,3000,3000,3000,"fast",0.01,"","separate_mirage","trait2","pp08_fdp",0.8,0
20260827,15,500,15,3000,3000,3000,3000,"fast",0.01,"","separate_mirage","trait2","pp08_discoveries",0.8,0
20260827,15,500,15,3000,3000,3000,3000,"fast",0.01,"","separate_mirage","pleiotropy","pp08_power",0.8,0
20260827,15,500,15,3000,3000,3000,3000,"fast",0.01,"","separate_mirage","pleiotropy","pp08_fdp",0.8,0
20260827,15,500,15,3000,3000,3000,3000,"fast",0.01,"","separate_mirage","pleiotropy","pp08_discoveries",0.8,0
20260827,15,500,15,3000,3000,3000,3000,"fast",0.01,"","separate_mirage","trait1","bfdr_observed_fdp",0.01,0
20260827,15,500,15,3000,3000,3000,3000,"fast",0.01,"","separate_mirage","trait1","bfdr_estimate",0.01,0.00683268905793766
20260827,15,500,15,3000,3000,3000,3000,"fast",0.01,"","separate_mirage","trait1","bfdr_power",0.01,0.08
20260827,15,500,15,3000,3000,3000,3000,"fast",0.01,"","separate_mirage","trait1","bfdr_discoveries",0.01,2
20260827,15,500,15,3000,3000,3000,3000,"fast",0.01,"","separate_mirage","trait1","bfdr_observed_fdp",0.05,0
20260827,15,500,15,3000,3000,3000,3000,"fast",0.01,"","separate_mirage","trait1","bfdr_estimate",0.05,0.0220927770059995
20260827,15,500,15,3000,3000,3000,3000,"fast",0.01,"","separate_mirage","trait1","bfdr_power",0.05,0.12
20260827,15,500,15,3000,3000,3000,3000,"fast",0.01,"","separate_mirage","trait1","bfdr_discoveries",0.05,3
20260827,15,500,15,3000,3000,3000,3000,"fast",0.01,"","separate_mirage","trait1","bfdr_observed_fdp",0.1,0
20260827,15,500,15,3000,3000,3000,3000,"fast",0.01,"","separate_mirage","trait1","bfdr_estimate",0.1,0.0928041855336246
20260827,15,500,15,3000,3000,3000,3000,"fast",0.01,"","separate_mirage","trait1","bfdr_power",0.1,0.2
20260827,15,500,15,3000,3000,3000,3000,"fast",0.01,"","separate_mirage","trait1","bfdr_discoveries",0.1,5
20260827,15,500,15,3000,3000,3000,3000,"fast",0.01,"","separate_mirage","trait1","bfdr_observed_fdp",0.2,0
20260827,15,500,15,3000,3000,3000,3000,"fast",0.01,"","separate_mirage","trait1","bfdr_estimate",0.2,0.162826243961951
20260827,15,500,15,3000,3000,3000,3000,"fast",0.01,"","separate_mirage","trait1","bfdr_power",0.2,0.28
20260827,15,500,15,3000,3000,3000,3000,"fast",0.01,"","separate_mirage","trait1","bfdr_discoveries",0.2,7
20260827,15,500,15,3000,3000,3000,3000,"fast",0.01,"","separate_mirage","trait2","bfdr_observed_fdp",0.01,0
20260827,15,500,15,3000,3000,3000,3000,"fast",0.01,"","separate_mirage","trait2","bfdr_estimate",0.01,0
20260827,15,500,15,3000,3000,3000,3000,"fast",0.01,"","separate_mirage","trait2","bfdr_power",0.01,0
20260827,15,500,15,3000,3000,3000,3000,"fast",0.01,"","separate_mirage","trait2","bfdr_discoveries",0.01,0
20260827,15,500,15,3000,3000,3000,3000,"fast",0.01,"","separate_mirage","trait2","bfdr_observed_fdp",0.05,0
20260827,15,500,15,3000,3000,3000,3000,"fast",0.01,"","separate_mirage","trait2","bfdr_estimate",0.05,0
20260827,15,500,15,3000,3000,3000,3000,"fast",0.01,"","separate_mirage","trait2","bfdr_power",0.05,0
20260827,15,500,15,3000,3000,3000,3000,"fast",0.01,"","separate_mirage","trait2","bfdr_discoveries",0.05,0
20260827,15,500,15,3000,3000,3000,3000,"fast",0.01,"","separate_mirage","trait2","bfdr_observed_fdp",0.1,0
20260827,15,500,15,3000,3000,3000,3000,"fast",0.01,"","separate_mirage","trait2","bfdr_estimate",0.1,0
20260827,15,500,15,3000,3000,3000,3000,"fast",0.01,"","separate_mirage","trait2","bfdr_power",0.1,0
20260827,15,500,15,3000,3000,3000,3000,"fast",0.01,"","separate_mirage","trait2","bfdr_discoveries",0.1,0
20260827,15,500,15,3000,3000,3000,3000,"fast",0.01,"","separate_mirage","trait2","bfdr_observed_fdp",0.2,0
20260827,15,500,15,3000,3000,3000,3000,"fast",0.01,"","separate_mirage","trait2","bfdr_estimate",0.2,0
20260827,15,500,15,3000,3000,3000,3000,"fast",0.01,"","separate_mirage","trait2","bfdr_power",0.2,0
20260827,15,500,15,3000,3000,3000,3000,"fast",0.01,"","separate_mirage","trait2","bfdr_discoveries",0.2,0
20260827,15,500,15,3000,3000,3000,3000,"fast",0.01,"","separate_mirage","pleiotropy","bfdr_observed_fdp",0.01,0
20260827,15,500,15,3000,3000,3000,3000,"fast",0.01,"","separate_mirage","pleiotropy","bfdr_estimate",0.01,0
20260827,15,500,15,3000,3000,3000,3000,"fast",0.01,"","separate_mirage","pleiotropy","bfdr_power",0.01,0
20260827,15,500,15,3000,3000,3000,3000,"fast",0.01,"","separate_mirage","pleiotropy","bfdr_discoveries",0.01,0
20260827,15,500,15,3000,3000,3000,3000,"fast",0.01,"","separate_mirage","pleiotropy","bfdr_observed_fdp",0.05,0
20260827,15,500,15,3000,3000,3000,3000,"fast",0.01,"","separate_mirage","pleiotropy","bfdr_estimate",0.05,0
20260827,15,500,15,3000,3000,3000,3000,"fast",0.01,"","separate_mirage","pleiotropy","bfdr_power",0.05,0
20260827,15,500,15,3000,3000,3000,3000,"fast",0.01,"","separate_mirage","pleiotropy","bfdr_discoveries",0.05,0
20260827,15,500,15,3000,3000,3000,3000,"fast",0.01,"","separate_mirage","pleiotropy","bfdr_observed_fdp",0.1,0
20260827,15,500,15,3000,3000,3000,3000,"fast",0.01,"","separate_mirage","pleiotropy","bfdr_estimate",0.1,0
20260827,15,500,15,3000,3000,3000,3000,"fast",0.01,"","separate_mirage","pleiotropy","bfdr_power",0.1,0
20260827,15,500,15,3000,3000,3000,3000,"fast",0.01,"","separate_mirage","pleiotropy","bfdr_discoveries",0.1,0
20260827,15,500,15,3000,3000,3000,3000,"fast",0.01,"","separate_mirage","pleiotropy","bfdr_observed_fdp",0.2,0
20260827,15,500,15,3000,3000,3000,3000,"fast",0.01,"","separate_mirage","pleiotropy","bfdr_estimate",0.2,0
20260827,15,500,15,3000,3000,3000,3000,"fast",0.01,"","separate_mirage","pleiotropy","bfdr_power",0.2,0
20260827,15,500,15,3000,3000,3000,3000,"fast",0.01,"","separate_mirage","pleiotropy","bfdr_discoveries",0.2,0
20260827,15,500,15,3000,3000,3000,3000,"fast",0.01,"","separate_mirage","global","runtime_seconds",NA,18.401
20260827,15,500,15,3000,3000,3000,3000,"fast",0.01,"","separate_mirage","pleiotropy","pi11_estimate",NA,0.001
20260827,15,500,15,3000,3000,3000,3000,"fast",0.01,"","mtada_aggregated","trait1","auc",NA,0.793347368421053
20260827,15,500,15,3000,3000,3000,3000,"fast",0.01,"","mtada_aggregated","trait2","auc",NA,0.683877551020408
20260827,15,500,15,3000,3000,3000,3000,"fast",0.01,"","mtada_aggregated","pleiotropy","auc",NA,0.838787878787879
20260827,15,500,15,3000,3000,3000,3000,"fast",0.01,"","mtada_aggregated","trait1","pp08_power",0.8,0.32
20260827,15,500,15,3000,3000,3000,3000,"fast",0.01,"","mtada_aggregated","trait1","pp08_fdp",0.8,0
20260827,15,500,15,3000,3000,3000,3000,"fast",0.01,"","mtada_aggregated","trait1","pp08_discoveries",0.8,8
20260827,15,500,15,3000,3000,3000,3000,"fast",0.01,"","mtada_aggregated","trait2","pp08_power",0.8,0.1
20260827,15,500,15,3000,3000,3000,3000,"fast",0.01,"","mtada_aggregated","trait2","pp08_fdp",0.8,0
20260827,15,500,15,3000,3000,3000,3000,"fast",0.01,"","mtada_aggregated","trait2","pp08_discoveries",0.8,1
20260827,15,500,15,3000,3000,3000,3000,"fast",0.01,"","mtada_aggregated","pleiotropy","pp08_power",0.8,0
20260827,15,500,15,3000,3000,3000,3000,"fast",0.01,"","mtada_aggregated","pleiotropy","pp08_fdp",0.8,0
20260827,15,500,15,3000,3000,3000,3000,"fast",0.01,"","mtada_aggregated","pleiotropy","pp08_discoveries",0.8,0
20260827,15,500,15,3000,3000,3000,3000,"fast",0.01,"","mtada_aggregated","trait1","bfdr_observed_fdp",0.01,0
20260827,15,500,15,3000,3000,3000,3000,"fast",0.01,"","mtada_aggregated","trait1","bfdr_estimate",0.01,0.00504425425552285
20260827,15,500,15,3000,3000,3000,3000,"fast",0.01,"","mtada_aggregated","trait1","bfdr_power",0.01,0.24
20260827,15,500,15,3000,3000,3000,3000,"fast",0.01,"","mtada_aggregated","trait1","bfdr_discoveries",0.01,6
20260827,15,500,15,3000,3000,3000,3000,"fast",0.01,"","mtada_aggregated","trait1","bfdr_observed_fdp",0.05,0
20260827,15,500,15,3000,3000,3000,3000,"fast",0.01,"","mtada_aggregated","trait1","bfdr_estimate",0.05,0.0157588708672298
20260827,15,500,15,3000,3000,3000,3000,"fast",0.01,"","mtada_aggregated","trait1","bfdr_power",0.05,0.32
20260827,15,500,15,3000,3000,3000,3000,"fast",0.01,"","mtada_aggregated","trait1","bfdr_discoveries",0.05,8
20260827,15,500,15,3000,3000,3000,3000,"fast",0.01,"","mtada_aggregated","trait1","bfdr_observed_fdp",0.1,0.111111111111111
20260827,15,500,15,3000,3000,3000,3000,"fast",0.01,"","mtada_aggregated","trait1","bfdr_estimate",0.1,0.0546748537738437
20260827,15,500,15,3000,3000,3000,3000,"fast",0.01,"","mtada_aggregated","trait1","bfdr_power",0.1,0.32
20260827,15,500,15,3000,3000,3000,3000,"fast",0.01,"","mtada_aggregated","trait1","bfdr_discoveries",0.1,9
20260827,15,500,15,3000,3000,3000,3000,"fast",0.01,"","mtada_aggregated","trait1","bfdr_observed_fdp",0.2,0.181818181818182
20260827,15,500,15,3000,3000,3000,3000,"fast",0.01,"","mtada_aggregated","trait1","bfdr_estimate",0.2,0.162284388780627
20260827,15,500,15,3000,3000,3000,3000,"fast",0.01,"","mtada_aggregated","trait1","bfdr_power",0.2,0.36
20260827,15,500,15,3000,3000,3000,3000,"fast",0.01,"","mtada_aggregated","trait1","bfdr_discoveries",0.2,11
20260827,15,500,15,3000,3000,3000,3000,"fast",0.01,"","mtada_aggregated","trait2","bfdr_observed_fdp",0.01,0
20260827,15,500,15,3000,3000,3000,3000,"fast",0.01,"","mtada_aggregated","trait2","bfdr_estimate",0.01,0
20260827,15,500,15,3000,3000,3000,3000,"fast",0.01,"","mtada_aggregated","trait2","bfdr_power",0.01,0
20260827,15,500,15,3000,3000,3000,3000,"fast",0.01,"","mtada_aggregated","trait2","bfdr_discoveries",0.01,0
20260827,15,500,15,3000,3000,3000,3000,"fast",0.01,"","mtada_aggregated","trait2","bfdr_observed_fdp",0.05,0
20260827,15,500,15,3000,3000,3000,3000,"fast",0.01,"","mtada_aggregated","trait2","bfdr_estimate",0.05,0.021175564724096
20260827,15,500,15,3000,3000,3000,3000,"fast",0.01,"","mtada_aggregated","trait2","bfdr_power",0.05,0.1
20260827,15,500,15,3000,3000,3000,3000,"fast",0.01,"","mtada_aggregated","trait2","bfdr_discoveries",0.05,1
20260827,15,500,15,3000,3000,3000,3000,"fast",0.01,"","mtada_aggregated","trait2","bfdr_observed_fdp",0.1,0
20260827,15,500,15,3000,3000,3000,3000,"fast",0.01,"","mtada_aggregated","trait2","bfdr_estimate",0.1,0.021175564724096
20260827,15,500,15,3000,3000,3000,3000,"fast",0.01,"","mtada_aggregated","trait2","bfdr_power",0.1,0.1
20260827,15,500,15,3000,3000,3000,3000,"fast",0.01,"","mtada_aggregated","trait2","bfdr_discoveries",0.1,1
20260827,15,500,15,3000,3000,3000,3000,"fast",0.01,"","mtada_aggregated","trait2","bfdr_observed_fdp",0.2,0
20260827,15,500,15,3000,3000,3000,3000,"fast",0.01,"","mtada_aggregated","trait2","bfdr_estimate",0.2,0.172747644027677
20260827,15,500,15,3000,3000,3000,3000,"fast",0.01,"","mtada_aggregated","trait2","bfdr_power",0.2,0.2
20260827,15,500,15,3000,3000,3000,3000,"fast",0.01,"","mtada_aggregated","trait2","bfdr_discoveries",0.2,2
20260827,15,500,15,3000,3000,3000,3000,"fast",0.01,"","mtada_aggregated","pleiotropy","bfdr_observed_fdp",0.01,0
20260827,15,500,15,3000,3000,3000,3000,"fast",0.01,"","mtada_aggregated","pleiotropy","bfdr_estimate",0.01,0
20260827,15,500,15,3000,3000,3000,3000,"fast",0.01,"","mtada_aggregated","pleiotropy","bfdr_power",0.01,0
20260827,15,500,15,3000,3000,3000,3000,"fast",0.01,"","mtada_aggregated","pleiotropy","bfdr_discoveries",0.01,0
20260827,15,500,15,3000,3000,3000,3000,"fast",0.01,"","mtada_aggregated","pleiotropy","bfdr_observed_fdp",0.05,0
20260827,15,500,15,3000,3000,3000,3000,"fast",0.01,"","mtada_aggregated","pleiotropy","bfdr_estimate",0.05,0
20260827,15,500,15,3000,3000,3000,3000,"fast",0.01,"","mtada_aggregated","pleiotropy","bfdr_power",0.05,0
20260827,15,500,15,3000,3000,3000,3000,"fast",0.01,"","mtada_aggregated","pleiotropy","bfdr_discoveries",0.05,0
20260827,15,500,15,3000,3000,3000,3000,"fast",0.01,"","mtada_aggregated","pleiotropy","bfdr_observed_fdp",0.1,0
20260827,15,500,15,3000,3000,3000,3000,"fast",0.01,"","mtada_aggregated","pleiotropy","bfdr_estimate",0.1,0
20260827,15,500,15,3000,3000,3000,3000,"fast",0.01,"","mtada_aggregated","pleiotropy","bfdr_power",0.1,0
20260827,15,500,15,3000,3000,3000,3000,"fast",0.01,"","mtada_aggregated","pleiotropy","bfdr_discoveries",0.1,0
20260827,15,500,15,3000,3000,3000,3000,"fast",0.01,"","mtada_aggregated","pleiotropy","bfdr_observed_fdp",0.2,0
20260827,15,500,15,3000,3000,3000,3000,"fast",0.01,"","mtada_aggregated","pleiotropy","bfdr_estimate",0.2,0
20260827,15,500,15,3000,3000,3000,3000,"fast",0.01,"","mtada_aggregated","pleiotropy","bfdr_power",0.2,0
20260827,15,500,15,3000,3000,3000,3000,"fast",0.01,"","mtada_aggregated","pleiotropy","bfdr_discoveries",0.2,0
20260827,15,500,15,3000,3000,3000,3000,"fast",0.01,"","mtada_aggregated","global","runtime_seconds",NA,0.903999999999996
20260827,15,500,15,3000,3000,3000,3000,"fast",0.01,"","mtada_aggregated","pleiotropy","pi11_estimate",NA,0.0087357
20260828,16,500,15,3000,3000,3000,3000,"fast",0.01,"","mirage_joint","trait1","auc",NA,0.722105263157895
20260828,16,500,15,3000,3000,3000,3000,"fast",0.01,"","mirage_joint","trait2","auc",NA,0.665918367346939
20260828,16,500,15,3000,3000,3000,3000,"fast",0.01,"","mirage_joint","pleiotropy","auc",NA,0.777373737373737
20260828,16,500,15,3000,3000,3000,3000,"fast",0.01,"","mirage_joint","trait1","pp08_power",0.8,0.08
20260828,16,500,15,3000,3000,3000,3000,"fast",0.01,"","mirage_joint","trait1","pp08_fdp",0.8,0
20260828,16,500,15,3000,3000,3000,3000,"fast",0.01,"","mirage_joint","trait1","pp08_discoveries",0.8,2
20260828,16,500,15,3000,3000,3000,3000,"fast",0.01,"","mirage_joint","trait2","pp08_power",0.8,0.2
20260828,16,500,15,3000,3000,3000,3000,"fast",0.01,"","mirage_joint","trait2","pp08_fdp",0.8,0
20260828,16,500,15,3000,3000,3000,3000,"fast",0.01,"","mirage_joint","trait2","pp08_discoveries",0.8,2
20260828,16,500,15,3000,3000,3000,3000,"fast",0.01,"","mirage_joint","pleiotropy","pp08_power",0.8,0
20260828,16,500,15,3000,3000,3000,3000,"fast",0.01,"","mirage_joint","pleiotropy","pp08_fdp",0.8,0
20260828,16,500,15,3000,3000,3000,3000,"fast",0.01,"","mirage_joint","pleiotropy","pp08_discoveries",0.8,0
20260828,16,500,15,3000,3000,3000,3000,"fast",0.01,"","mirage_joint","trait1","bfdr_observed_fdp",0.01,0
20260828,16,500,15,3000,3000,3000,3000,"fast",0.01,"","mirage_joint","trait1","bfdr_estimate",0.01,0.000782413376787305
20260828,16,500,15,3000,3000,3000,3000,"fast",0.01,"","mirage_joint","trait1","bfdr_power",0.01,0.08
20260828,16,500,15,3000,3000,3000,3000,"fast",0.01,"","mirage_joint","trait1","bfdr_discoveries",0.01,2
20260828,16,500,15,3000,3000,3000,3000,"fast",0.01,"","mirage_joint","trait1","bfdr_observed_fdp",0.05,0
20260828,16,500,15,3000,3000,3000,3000,"fast",0.01,"","mirage_joint","trait1","bfdr_estimate",0.05,0.000782413376787305
20260828,16,500,15,3000,3000,3000,3000,"fast",0.01,"","mirage_joint","trait1","bfdr_power",0.05,0.08
20260828,16,500,15,3000,3000,3000,3000,"fast",0.01,"","mirage_joint","trait1","bfdr_discoveries",0.05,2
20260828,16,500,15,3000,3000,3000,3000,"fast",0.01,"","mirage_joint","trait1","bfdr_observed_fdp",0.1,0
20260828,16,500,15,3000,3000,3000,3000,"fast",0.01,"","mirage_joint","trait1","bfdr_estimate",0.1,0.0755084221651714
20260828,16,500,15,3000,3000,3000,3000,"fast",0.01,"","mirage_joint","trait1","bfdr_power",0.1,0.12
20260828,16,500,15,3000,3000,3000,3000,"fast",0.01,"","mirage_joint","trait1","bfdr_discoveries",0.1,3
20260828,16,500,15,3000,3000,3000,3000,"fast",0.01,"","mirage_joint","trait1","bfdr_observed_fdp",0.2,0
20260828,16,500,15,3000,3000,3000,3000,"fast",0.01,"","mirage_joint","trait1","bfdr_estimate",0.2,0.134089958758701
20260828,16,500,15,3000,3000,3000,3000,"fast",0.01,"","mirage_joint","trait1","bfdr_power",0.2,0.16
20260828,16,500,15,3000,3000,3000,3000,"fast",0.01,"","mirage_joint","trait1","bfdr_discoveries",0.2,4
20260828,16,500,15,3000,3000,3000,3000,"fast",0.01,"","mirage_joint","trait2","bfdr_observed_fdp",0.01,0
20260828,16,500,15,3000,3000,3000,3000,"fast",0.01,"","mirage_joint","trait2","bfdr_estimate",0.01,0.00539700897570433
20260828,16,500,15,3000,3000,3000,3000,"fast",0.01,"","mirage_joint","trait2","bfdr_power",0.01,0.2
20260828,16,500,15,3000,3000,3000,3000,"fast",0.01,"","mirage_joint","trait2","bfdr_discoveries",0.01,2
20260828,16,500,15,3000,3000,3000,3000,"fast",0.01,"","mirage_joint","trait2","bfdr_observed_fdp",0.05,0
20260828,16,500,15,3000,3000,3000,3000,"fast",0.01,"","mirage_joint","trait2","bfdr_estimate",0.05,0.00539700897570433
20260828,16,500,15,3000,3000,3000,3000,"fast",0.01,"","mirage_joint","trait2","bfdr_power",0.05,0.2
20260828,16,500,15,3000,3000,3000,3000,"fast",0.01,"","mirage_joint","trait2","bfdr_discoveries",0.05,2
20260828,16,500,15,3000,3000,3000,3000,"fast",0.01,"","mirage_joint","trait2","bfdr_observed_fdp",0.1,0
20260828,16,500,15,3000,3000,3000,3000,"fast",0.01,"","mirage_joint","trait2","bfdr_estimate",0.1,0.00539700897570433
20260828,16,500,15,3000,3000,3000,3000,"fast",0.01,"","mirage_joint","trait2","bfdr_power",0.1,0.2
20260828,16,500,15,3000,3000,3000,3000,"fast",0.01,"","mirage_joint","trait2","bfdr_discoveries",0.1,2
20260828,16,500,15,3000,3000,3000,3000,"fast",0.01,"","mirage_joint","trait2","bfdr_observed_fdp",0.2,0.333333333333333
20260828,16,500,15,3000,3000,3000,3000,"fast",0.01,"","mirage_joint","trait2","bfdr_estimate",0.2,0.157323537754062
20260828,16,500,15,3000,3000,3000,3000,"fast",0.01,"","mirage_joint","trait2","bfdr_power",0.2,0.2
20260828,16,500,15,3000,3000,3000,3000,"fast",0.01,"","mirage_joint","trait2","bfdr_discoveries",0.2,3
20260828,16,500,15,3000,3000,3000,3000,"fast",0.01,"","mirage_joint","pleiotropy","bfdr_observed_fdp",0.01,0
20260828,16,500,15,3000,3000,3000,3000,"fast",0.01,"","mirage_joint","pleiotropy","bfdr_estimate",0.01,0
20260828,16,500,15,3000,3000,3000,3000,"fast",0.01,"","mirage_joint","pleiotropy","bfdr_power",0.01,0
20260828,16,500,15,3000,3000,3000,3000,"fast",0.01,"","mirage_joint","pleiotropy","bfdr_discoveries",0.01,0
20260828,16,500,15,3000,3000,3000,3000,"fast",0.01,"","mirage_joint","pleiotropy","bfdr_observed_fdp",0.05,0
20260828,16,500,15,3000,3000,3000,3000,"fast",0.01,"","mirage_joint","pleiotropy","bfdr_estimate",0.05,0
20260828,16,500,15,3000,3000,3000,3000,"fast",0.01,"","mirage_joint","pleiotropy","bfdr_power",0.05,0
20260828,16,500,15,3000,3000,3000,3000,"fast",0.01,"","mirage_joint","pleiotropy","bfdr_discoveries",0.05,0
20260828,16,500,15,3000,3000,3000,3000,"fast",0.01,"","mirage_joint","pleiotropy","bfdr_observed_fdp",0.1,0
20260828,16,500,15,3000,3000,3000,3000,"fast",0.01,"","mirage_joint","pleiotropy","bfdr_estimate",0.1,0
20260828,16,500,15,3000,3000,3000,3000,"fast",0.01,"","mirage_joint","pleiotropy","bfdr_power",0.1,0
20260828,16,500,15,3000,3000,3000,3000,"fast",0.01,"","mirage_joint","pleiotropy","bfdr_discoveries",0.1,0
20260828,16,500,15,3000,3000,3000,3000,"fast",0.01,"","mirage_joint","pleiotropy","bfdr_observed_fdp",0.2,0
20260828,16,500,15,3000,3000,3000,3000,"fast",0.01,"","mirage_joint","pleiotropy","bfdr_estimate",0.2,0
20260828,16,500,15,3000,3000,3000,3000,"fast",0.01,"","mirage_joint","pleiotropy","bfdr_power",0.2,0
20260828,16,500,15,3000,3000,3000,3000,"fast",0.01,"","mirage_joint","pleiotropy","bfdr_discoveries",0.2,0
20260828,16,500,15,3000,3000,3000,3000,"fast",0.01,"","mirage_joint","global","runtime_seconds",NA,18.295
20260828,16,500,15,3000,3000,3000,3000,"fast",0.01,"","mirage_joint","pleiotropy","pi11_estimate",NA,0.0286666772090932
20260828,16,500,15,3000,3000,3000,3000,"fast",0.01,"","separate_mirage","trait1","auc",NA,0.661473684210526
20260828,16,500,15,3000,3000,3000,3000,"fast",0.01,"","separate_mirage","trait2","auc",NA,0.618775510204082
20260828,16,500,15,3000,3000,3000,3000,"fast",0.01,"","separate_mirage","pleiotropy","auc",NA,0.765252525252525
20260828,16,500,15,3000,3000,3000,3000,"fast",0.01,"","separate_mirage","trait1","pp08_power",0.8,0.08
20260828,16,500,15,3000,3000,3000,3000,"fast",0.01,"","separate_mirage","trait1","pp08_fdp",0.8,0
20260828,16,500,15,3000,3000,3000,3000,"fast",0.01,"","separate_mirage","trait1","pp08_discoveries",0.8,2
20260828,16,500,15,3000,3000,3000,3000,"fast",0.01,"","separate_mirage","trait2","pp08_power",0.8,0.2
20260828,16,500,15,3000,3000,3000,3000,"fast",0.01,"","separate_mirage","trait2","pp08_fdp",0.8,0
20260828,16,500,15,3000,3000,3000,3000,"fast",0.01,"","separate_mirage","trait2","pp08_discoveries",0.8,2
20260828,16,500,15,3000,3000,3000,3000,"fast",0.01,"","separate_mirage","pleiotropy","pp08_power",0.8,0
20260828,16,500,15,3000,3000,3000,3000,"fast",0.01,"","separate_mirage","pleiotropy","pp08_fdp",0.8,0
20260828,16,500,15,3000,3000,3000,3000,"fast",0.01,"","separate_mirage","pleiotropy","pp08_discoveries",0.8,0
20260828,16,500,15,3000,3000,3000,3000,"fast",0.01,"","separate_mirage","trait1","bfdr_observed_fdp",0.01,0
20260828,16,500,15,3000,3000,3000,3000,"fast",0.01,"","separate_mirage","trait1","bfdr_estimate",0.01,0.00164319996200185
20260828,16,500,15,3000,3000,3000,3000,"fast",0.01,"","separate_mirage","trait1","bfdr_power",0.01,0.08
20260828,16,500,15,3000,3000,3000,3000,"fast",0.01,"","separate_mirage","trait1","bfdr_discoveries",0.01,2
20260828,16,500,15,3000,3000,3000,3000,"fast",0.01,"","separate_mirage","trait1","bfdr_observed_fdp",0.05,0
20260828,16,500,15,3000,3000,3000,3000,"fast",0.01,"","separate_mirage","trait1","bfdr_estimate",0.05,0.00164319996200185
20260828,16,500,15,3000,3000,3000,3000,"fast",0.01,"","separate_mirage","trait1","bfdr_power",0.05,0.08
20260828,16,500,15,3000,3000,3000,3000,"fast",0.01,"","separate_mirage","trait1","bfdr_discoveries",0.05,2
20260828,16,500,15,3000,3000,3000,3000,"fast",0.01,"","separate_mirage","trait1","bfdr_observed_fdp",0.1,0
20260828,16,500,15,3000,3000,3000,3000,"fast",0.01,"","separate_mirage","trait1","bfdr_estimate",0.1,0.0680265885650893
20260828,16,500,15,3000,3000,3000,3000,"fast",0.01,"","separate_mirage","trait1","bfdr_power",0.1,0.12
20260828,16,500,15,3000,3000,3000,3000,"fast",0.01,"","separate_mirage","trait1","bfdr_discoveries",0.1,3
20260828,16,500,15,3000,3000,3000,3000,"fast",0.01,"","separate_mirage","trait1","bfdr_observed_fdp",0.2,0
20260828,16,500,15,3000,3000,3000,3000,"fast",0.01,"","separate_mirage","trait1","bfdr_estimate",0.2,0.144219639556246
20260828,16,500,15,3000,3000,3000,3000,"fast",0.01,"","separate_mirage","trait1","bfdr_power",0.2,0.16
20260828,16,500,15,3000,3000,3000,3000,"fast",0.01,"","separate_mirage","trait1","bfdr_discoveries",0.2,4
20260828,16,500,15,3000,3000,3000,3000,"fast",0.01,"","separate_mirage","trait2","bfdr_observed_fdp",0.01,0
20260828,16,500,15,3000,3000,3000,3000,"fast",0.01,"","separate_mirage","trait2","bfdr_estimate",0.01,-3.33066907387547e-15
20260828,16,500,15,3000,3000,3000,3000,"fast",0.01,"","separate_mirage","trait2","bfdr_power",0.01,0.1
20260828,16,500,15,3000,3000,3000,3000,"fast",0.01,"","separate_mirage","trait2","bfdr_discoveries",0.01,1
20260828,16,500,15,3000,3000,3000,3000,"fast",0.01,"","separate_mirage","trait2","bfdr_observed_fdp",0.05,0
20260828,16,500,15,3000,3000,3000,3000,"fast",0.01,"","separate_mirage","trait2","bfdr_estimate",0.05,0.0261808094508101
20260828,16,500,15,3000,3000,3000,3000,"fast",0.01,"","separate_mirage","trait2","bfdr_power",0.05,0.2
20260828,16,500,15,3000,3000,3000,3000,"fast",0.01,"","separate_mirage","trait2","bfdr_discoveries",0.05,2
20260828,16,500,15,3000,3000,3000,3000,"fast",0.01,"","separate_mirage","trait2","bfdr_observed_fdp",0.1,0
20260828,16,500,15,3000,3000,3000,3000,"fast",0.01,"","separate_mirage","trait2","bfdr_estimate",0.1,0.0261808094508101
20260828,16,500,15,3000,3000,3000,3000,"fast",0.01,"","separate_mirage","trait2","bfdr_power",0.1,0.2
20260828,16,500,15,3000,3000,3000,3000,"fast",0.01,"","separate_mirage","trait2","bfdr_discoveries",0.1,2
20260828,16,500,15,3000,3000,3000,3000,"fast",0.01,"","separate_mirage","trait2","bfdr_observed_fdp",0.2,0
20260828,16,500,15,3000,3000,3000,3000,"fast",0.01,"","separate_mirage","trait2","bfdr_estimate",0.2,0.0261808094508101
20260828,16,500,15,3000,3000,3000,3000,"fast",0.01,"","separate_mirage","trait2","bfdr_power",0.2,0.2
20260828,16,500,15,3000,3000,3000,3000,"fast",0.01,"","separate_mirage","trait2","bfdr_discoveries",0.2,2
20260828,16,500,15,3000,3000,3000,3000,"fast",0.01,"","separate_mirage","pleiotropy","bfdr_observed_fdp",0.01,0
20260828,16,500,15,3000,3000,3000,3000,"fast",0.01,"","separate_mirage","pleiotropy","bfdr_estimate",0.01,0
20260828,16,500,15,3000,3000,3000,3000,"fast",0.01,"","separate_mirage","pleiotropy","bfdr_power",0.01,0
20260828,16,500,15,3000,3000,3000,3000,"fast",0.01,"","separate_mirage","pleiotropy","bfdr_discoveries",0.01,0
20260828,16,500,15,3000,3000,3000,3000,"fast",0.01,"","separate_mirage","pleiotropy","bfdr_observed_fdp",0.05,0
20260828,16,500,15,3000,3000,3000,3000,"fast",0.01,"","separate_mirage","pleiotropy","bfdr_estimate",0.05,0
20260828,16,500,15,3000,3000,3000,3000,"fast",0.01,"","separate_mirage","pleiotropy","bfdr_power",0.05,0
20260828,16,500,15,3000,3000,3000,3000,"fast",0.01,"","separate_mirage","pleiotropy","bfdr_discoveries",0.05,0
20260828,16,500,15,3000,3000,3000,3000,"fast",0.01,"","separate_mirage","pleiotropy","bfdr_observed_fdp",0.1,0
20260828,16,500,15,3000,3000,3000,3000,"fast",0.01,"","separate_mirage","pleiotropy","bfdr_estimate",0.1,0
20260828,16,500,15,3000,3000,3000,3000,"fast",0.01,"","separate_mirage","pleiotropy","bfdr_power",0.1,0
20260828,16,500,15,3000,3000,3000,3000,"fast",0.01,"","separate_mirage","pleiotropy","bfdr_discoveries",0.1,0
20260828,16,500,15,3000,3000,3000,3000,"fast",0.01,"","separate_mirage","pleiotropy","bfdr_observed_fdp",0.2,0
20260828,16,500,15,3000,3000,3000,3000,"fast",0.01,"","separate_mirage","pleiotropy","bfdr_estimate",0.2,0
20260828,16,500,15,3000,3000,3000,3000,"fast",0.01,"","separate_mirage","pleiotropy","bfdr_power",0.2,0
20260828,16,500,15,3000,3000,3000,3000,"fast",0.01,"","separate_mirage","pleiotropy","bfdr_discoveries",0.2,0
20260828,16,500,15,3000,3000,3000,3000,"fast",0.01,"","separate_mirage","global","runtime_seconds",NA,18.151
20260828,16,500,15,3000,3000,3000,3000,"fast",0.01,"","separate_mirage","pleiotropy","pi11_estimate",NA,0.001
20260828,16,500,15,3000,3000,3000,3000,"fast",0.01,"","mtada_aggregated","trait1","auc",NA,0.676463157894737
20260828,16,500,15,3000,3000,3000,3000,"fast",0.01,"","mtada_aggregated","trait2","auc",NA,0.607755102040816
20260828,16,500,15,3000,3000,3000,3000,"fast",0.01,"","mtada_aggregated","pleiotropy","auc",NA,0.817777777777778
20260828,16,500,15,3000,3000,3000,3000,"fast",0.01,"","mtada_aggregated","trait1","pp08_power",0.8,0.12
20260828,16,500,15,3000,3000,3000,3000,"fast",0.01,"","mtada_aggregated","trait1","pp08_fdp",0.8,0
20260828,16,500,15,3000,3000,3000,3000,"fast",0.01,"","mtada_aggregated","trait1","pp08_discoveries",0.8,3
20260828,16,500,15,3000,3000,3000,3000,"fast",0.01,"","mtada_aggregated","trait2","pp08_power",0.8,0.2
20260828,16,500,15,3000,3000,3000,3000,"fast",0.01,"","mtada_aggregated","trait2","pp08_fdp",0.8,0
20260828,16,500,15,3000,3000,3000,3000,"fast",0.01,"","mtada_aggregated","trait2","pp08_discoveries",0.8,2
20260828,16,500,15,3000,3000,3000,3000,"fast",0.01,"","mtada_aggregated","pleiotropy","pp08_power",0.8,0
20260828,16,500,15,3000,3000,3000,3000,"fast",0.01,"","mtada_aggregated","pleiotropy","pp08_fdp",0.8,0
20260828,16,500,15,3000,3000,3000,3000,"fast",0.01,"","mtada_aggregated","pleiotropy","pp08_discoveries",0.8,0
20260828,16,500,15,3000,3000,3000,3000,"fast",0.01,"","mtada_aggregated","trait1","bfdr_observed_fdp",0.01,0
20260828,16,500,15,3000,3000,3000,3000,"fast",0.01,"","mtada_aggregated","trait1","bfdr_estimate",0.01,1.90827940410587e-05
20260828,16,500,15,3000,3000,3000,3000,"fast",0.01,"","mtada_aggregated","trait1","bfdr_power",0.01,0.08
20260828,16,500,15,3000,3000,3000,3000,"fast",0.01,"","mtada_aggregated","trait1","bfdr_discoveries",0.01,2
20260828,16,500,15,3000,3000,3000,3000,"fast",0.01,"","mtada_aggregated","trait1","bfdr_observed_fdp",0.05,0
20260828,16,500,15,3000,3000,3000,3000,"fast",0.01,"","mtada_aggregated","trait1","bfdr_estimate",0.05,0.0173707174169607
20260828,16,500,15,3000,3000,3000,3000,"fast",0.01,"","mtada_aggregated","trait1","bfdr_power",0.05,0.12
20260828,16,500,15,3000,3000,3000,3000,"fast",0.01,"","mtada_aggregated","trait1","bfdr_discoveries",0.05,3
20260828,16,500,15,3000,3000,3000,3000,"fast",0.01,"","mtada_aggregated","trait1","bfdr_observed_fdp",0.1,0
20260828,16,500,15,3000,3000,3000,3000,"fast",0.01,"","mtada_aggregated","trait1","bfdr_estimate",0.1,0.0675608333723261
20260828,16,500,15,3000,3000,3000,3000,"fast",0.01,"","mtada_aggregated","trait1","bfdr_power",0.1,0.16
20260828,16,500,15,3000,3000,3000,3000,"fast",0.01,"","mtada_aggregated","trait1","bfdr_discoveries",0.1,4
20260828,16,500,15,3000,3000,3000,3000,"fast",0.01,"","mtada_aggregated","trait1","bfdr_observed_fdp",0.2,0.2
20260828,16,500,15,3000,3000,3000,3000,"fast",0.01,"","mtada_aggregated","trait1","bfdr_estimate",0.2,0.180437824857789
20260828,16,500,15,3000,3000,3000,3000,"fast",0.01,"","mtada_aggregated","trait1","bfdr_power",0.2,0.16
20260828,16,500,15,3000,3000,3000,3000,"fast",0.01,"","mtada_aggregated","trait1","bfdr_discoveries",0.2,5
20260828,16,500,15,3000,3000,3000,3000,"fast",0.01,"","mtada_aggregated","trait2","bfdr_observed_fdp",0.01,0
20260828,16,500,15,3000,3000,3000,3000,"fast",0.01,"","mtada_aggregated","trait2","bfdr_estimate",0.01,9.37595644512346e-06
20260828,16,500,15,3000,3000,3000,3000,"fast",0.01,"","mtada_aggregated","trait2","bfdr_power",0.01,0.2
20260828,16,500,15,3000,3000,3000,3000,"fast",0.01,"","mtada_aggregated","trait2","bfdr_discoveries",0.01,2
20260828,16,500,15,3000,3000,3000,3000,"fast",0.01,"","mtada_aggregated","trait2","bfdr_observed_fdp",0.05,0
20260828,16,500,15,3000,3000,3000,3000,"fast",0.01,"","mtada_aggregated","trait2","bfdr_estimate",0.05,9.37595644512346e-06
20260828,16,500,15,3000,3000,3000,3000,"fast",0.01,"","mtada_aggregated","trait2","bfdr_power",0.05,0.2
20260828,16,500,15,3000,3000,3000,3000,"fast",0.01,"","mtada_aggregated","trait2","bfdr_discoveries",0.05,2
20260828,16,500,15,3000,3000,3000,3000,"fast",0.01,"","mtada_aggregated","trait2","bfdr_observed_fdp",0.1,0
20260828,16,500,15,3000,3000,3000,3000,"fast",0.01,"","mtada_aggregated","trait2","bfdr_estimate",0.1,0.0798100465528034
20260828,16,500,15,3000,3000,3000,3000,"fast",0.01,"","mtada_aggregated","trait2","bfdr_power",0.1,0.3
20260828,16,500,15,3000,3000,3000,3000,"fast",0.01,"","mtada_aggregated","trait2","bfdr_discoveries",0.1,3
20260828,16,500,15,3000,3000,3000,3000,"fast",0.01,"","mtada_aggregated","trait2","bfdr_observed_fdp",0.2,0
20260828,16,500,15,3000,3000,3000,3000,"fast",0.01,"","mtada_aggregated","trait2","bfdr_estimate",0.2,0.0798100465528034
20260828,16,500,15,3000,3000,3000,3000,"fast",0.01,"","mtada_aggregated","trait2","bfdr_power",0.2,0.3
20260828,16,500,15,3000,3000,3000,3000,"fast",0.01,"","mtada_aggregated","trait2","bfdr_discoveries",0.2,3
20260828,16,500,15,3000,3000,3000,3000,"fast",0.01,"","mtada_aggregated","pleiotropy","bfdr_observed_fdp",0.01,0
20260828,16,500,15,3000,3000,3000,3000,"fast",0.01,"","mtada_aggregated","pleiotropy","bfdr_estimate",0.01,0
20260828,16,500,15,3000,3000,3000,3000,"fast",0.01,"","mtada_aggregated","pleiotropy","bfdr_power",0.01,0
20260828,16,500,15,3000,3000,3000,3000,"fast",0.01,"","mtada_aggregated","pleiotropy","bfdr_discoveries",0.01,0
20260828,16,500,15,3000,3000,3000,3000,"fast",0.01,"","mtada_aggregated","pleiotropy","bfdr_observed_fdp",0.05,0
20260828,16,500,15,3000,3000,3000,3000,"fast",0.01,"","mtada_aggregated","pleiotropy","bfdr_estimate",0.05,0
20260828,16,500,15,3000,3000,3000,3000,"fast",0.01,"","mtada_aggregated","pleiotropy","bfdr_power",0.05,0
20260828,16,500,15,3000,3000,3000,3000,"fast",0.01,"","mtada_aggregated","pleiotropy","bfdr_discoveries",0.05,0
20260828,16,500,15,3000,3000,3000,3000,"fast",0.01,"","mtada_aggregated","pleiotropy","bfdr_observed_fdp",0.1,0
20260828,16,500,15,3000,3000,3000,3000,"fast",0.01,"","mtada_aggregated","pleiotropy","bfdr_estimate",0.1,0
20260828,16,500,15,3000,3000,3000,3000,"fast",0.01,"","mtada_aggregated","pleiotropy","bfdr_power",0.1,0
20260828,16,500,15,3000,3000,3000,3000,"fast",0.01,"","mtada_aggregated","pleiotropy","bfdr_discoveries",0.1,0
20260828,16,500,15,3000,3000,3000,3000,"fast",0.01,"","mtada_aggregated","pleiotropy","bfdr_observed_fdp",0.2,0
20260828,16,500,15,3000,3000,3000,3000,"fast",0.01,"","mtada_aggregated","pleiotropy","bfdr_estimate",0.2,0
20260828,16,500,15,3000,3000,3000,3000,"fast",0.01,"","mtada_aggregated","pleiotropy","bfdr_power",0.2,0
20260828,16,500,15,3000,3000,3000,3000,"fast",0.01,"","mtada_aggregated","pleiotropy","bfdr_discoveries",0.2,0
20260828,16,500,15,3000,3000,3000,3000,"fast",0.01,"","mtada_aggregated","global","runtime_seconds",NA,0.777999999999992
20260828,16,500,15,3000,3000,3000,3000,"fast",0.01,"","mtada_aggregated","pleiotropy","pi11_estimate",NA,0.00502254
20260829,17,500,15,3000,3000,3000,3000,"fast",0.01,"","mirage_joint","trait1","auc",NA,0.78938947368421
20260829,17,500,15,3000,3000,3000,3000,"fast",0.01,"","mirage_joint","trait2","auc",NA,0.811428571428571
20260829,17,500,15,3000,3000,3000,3000,"fast",0.01,"","mirage_joint","pleiotropy","auc",NA,0.871919191919192
20260829,17,500,15,3000,3000,3000,3000,"fast",0.01,"","mirage_joint","trait1","pp08_power",0.8,0.12
20260829,17,500,15,3000,3000,3000,3000,"fast",0.01,"","mirage_joint","trait1","pp08_fdp",0.8,0
20260829,17,500,15,3000,3000,3000,3000,"fast",0.01,"","mirage_joint","trait1","pp08_discoveries",0.8,3
20260829,17,500,15,3000,3000,3000,3000,"fast",0.01,"","mirage_joint","trait2","pp08_power",0.8,0.1
20260829,17,500,15,3000,3000,3000,3000,"fast",0.01,"","mirage_joint","trait2","pp08_fdp",0.8,0
20260829,17,500,15,3000,3000,3000,3000,"fast",0.01,"","mirage_joint","trait2","pp08_discoveries",0.8,1
20260829,17,500,15,3000,3000,3000,3000,"fast",0.01,"","mirage_joint","pleiotropy","pp08_power",0.8,0.2
20260829,17,500,15,3000,3000,3000,3000,"fast",0.01,"","mirage_joint","pleiotropy","pp08_fdp",0.8,0
20260829,17,500,15,3000,3000,3000,3000,"fast",0.01,"","mirage_joint","pleiotropy","pp08_discoveries",0.8,1
20260829,17,500,15,3000,3000,3000,3000,"fast",0.01,"","mirage_joint","trait1","bfdr_observed_fdp",0.01,0
20260829,17,500,15,3000,3000,3000,3000,"fast",0.01,"","mirage_joint","trait1","bfdr_estimate",0.01,0.000284925688130155
20260829,17,500,15,3000,3000,3000,3000,"fast",0.01,"","mirage_joint","trait1","bfdr_power",0.01,0.08
20260829,17,500,15,3000,3000,3000,3000,"fast",0.01,"","mirage_joint","trait1","bfdr_discoveries",0.01,2
20260829,17,500,15,3000,3000,3000,3000,"fast",0.01,"","mirage_joint","trait1","bfdr_observed_fdp",0.05,0
20260829,17,500,15,3000,3000,3000,3000,"fast",0.01,"","mirage_joint","trait1","bfdr_estimate",0.05,0.0385622650894161
20260829,17,500,15,3000,3000,3000,3000,"fast",0.01,"","mirage_joint","trait1","bfdr_power",0.05,0.12
20260829,17,500,15,3000,3000,3000,3000,"fast",0.01,"","mirage_joint","trait1","bfdr_discoveries",0.05,3
20260829,17,500,15,3000,3000,3000,3000,"fast",0.01,"","mirage_joint","trait1","bfdr_observed_fdp",0.1,0.25
20260829,17,500,15,3000,3000,3000,3000,"fast",0.01,"","mirage_joint","trait1","bfdr_estimate",0.1,0.0916956431949019
20260829,17,500,15,3000,3000,3000,3000,"fast",0.01,"","mirage_joint","trait1","bfdr_power",0.1,0.12
20260829,17,500,15,3000,3000,3000,3000,"fast",0.01,"","mirage_joint","trait1","bfdr_discoveries",0.1,4
20260829,17,500,15,3000,3000,3000,3000,"fast",0.01,"","mirage_joint","trait1","bfdr_observed_fdp",0.2,0.166666666666667
20260829,17,500,15,3000,3000,3000,3000,"fast",0.01,"","mirage_joint","trait1","bfdr_estimate",0.2,0.16073179849493
20260829,17,500,15,3000,3000,3000,3000,"fast",0.01,"","mirage_joint","trait1","bfdr_power",0.2,0.2
20260829,17,500,15,3000,3000,3000,3000,"fast",0.01,"","mirage_joint","trait1","bfdr_discoveries",0.2,6
20260829,17,500,15,3000,3000,3000,3000,"fast",0.01,"","mirage_joint","trait2","bfdr_observed_fdp",0.01,0
20260829,17,500,15,3000,3000,3000,3000,"fast",0.01,"","mirage_joint","trait2","bfdr_estimate",0.01,0
20260829,17,500,15,3000,3000,3000,3000,"fast",0.01,"","mirage_joint","trait2","bfdr_power",0.01,0
20260829,17,500,15,3000,3000,3000,3000,"fast",0.01,"","mirage_joint","trait2","bfdr_discoveries",0.01,0
20260829,17,500,15,3000,3000,3000,3000,"fast",0.01,"","mirage_joint","trait2","bfdr_observed_fdp",0.05,0
20260829,17,500,15,3000,3000,3000,3000,"fast",0.01,"","mirage_joint","trait2","bfdr_estimate",0.05,0
20260829,17,500,15,3000,3000,3000,3000,"fast",0.01,"","mirage_joint","trait2","bfdr_power",0.05,0
20260829,17,500,15,3000,3000,3000,3000,"fast",0.01,"","mirage_joint","trait2","bfdr_discoveries",0.05,0
20260829,17,500,15,3000,3000,3000,3000,"fast",0.01,"","mirage_joint","trait2","bfdr_observed_fdp",0.1,0
20260829,17,500,15,3000,3000,3000,3000,"fast",0.01,"","mirage_joint","trait2","bfdr_estimate",0.1,0
20260829,17,500,15,3000,3000,3000,3000,"fast",0.01,"","mirage_joint","trait2","bfdr_power",0.1,0
20260829,17,500,15,3000,3000,3000,3000,"fast",0.01,"","mirage_joint","trait2","bfdr_discoveries",0.1,0
20260829,17,500,15,3000,3000,3000,3000,"fast",0.01,"","mirage_joint","trait2","bfdr_observed_fdp",0.2,0
20260829,17,500,15,3000,3000,3000,3000,"fast",0.01,"","mirage_joint","trait2","bfdr_estimate",0.2,0.117372824440824
20260829,17,500,15,3000,3000,3000,3000,"fast",0.01,"","mirage_joint","trait2","bfdr_power",0.2,0.1
20260829,17,500,15,3000,3000,3000,3000,"fast",0.01,"","mirage_joint","trait2","bfdr_discoveries",0.2,1
20260829,17,500,15,3000,3000,3000,3000,"fast",0.01,"","mirage_joint","pleiotropy","bfdr_observed_fdp",0.01,0
20260829,17,500,15,3000,3000,3000,3000,"fast",0.01,"","mirage_joint","pleiotropy","bfdr_estimate",0.01,0
20260829,17,500,15,3000,3000,3000,3000,"fast",0.01,"","mirage_joint","pleiotropy","bfdr_power",0.01,0
20260829,17,500,15,3000,3000,3000,3000,"fast",0.01,"","mirage_joint","pleiotropy","bfdr_discoveries",0.01,0
20260829,17,500,15,3000,3000,3000,3000,"fast",0.01,"","mirage_joint","pleiotropy","bfdr_observed_fdp",0.05,0
20260829,17,500,15,3000,3000,3000,3000,"fast",0.01,"","mirage_joint","pleiotropy","bfdr_estimate",0.05,0
20260829,17,500,15,3000,3000,3000,3000,"fast",0.01,"","mirage_joint","pleiotropy","bfdr_power",0.05,0
20260829,17,500,15,3000,3000,3000,3000,"fast",0.01,"","mirage_joint","pleiotropy","bfdr_discoveries",0.05,0
20260829,17,500,15,3000,3000,3000,3000,"fast",0.01,"","mirage_joint","pleiotropy","bfdr_observed_fdp",0.1,0
20260829,17,500,15,3000,3000,3000,3000,"fast",0.01,"","mirage_joint","pleiotropy","bfdr_estimate",0.1,0
20260829,17,500,15,3000,3000,3000,3000,"fast",0.01,"","mirage_joint","pleiotropy","bfdr_power",0.1,0
20260829,17,500,15,3000,3000,3000,3000,"fast",0.01,"","mirage_joint","pleiotropy","bfdr_discoveries",0.1,0
20260829,17,500,15,3000,3000,3000,3000,"fast",0.01,"","mirage_joint","pleiotropy","bfdr_observed_fdp",0.2,0
20260829,17,500,15,3000,3000,3000,3000,"fast",0.01,"","mirage_joint","pleiotropy","bfdr_estimate",0.2,0.117388159560585
20260829,17,500,15,3000,3000,3000,3000,"fast",0.01,"","mirage_joint","pleiotropy","bfdr_power",0.2,0.2
20260829,17,500,15,3000,3000,3000,3000,"fast",0.01,"","mirage_joint","pleiotropy","bfdr_discoveries",0.2,1
20260829,17,500,15,3000,3000,3000,3000,"fast",0.01,"","mirage_joint","global","runtime_seconds",NA,18.72
20260829,17,500,15,3000,3000,3000,3000,"fast",0.01,"","mirage_joint","pleiotropy","pi11_estimate",NA,0.0319278466754958
20260829,17,500,15,3000,3000,3000,3000,"fast",0.01,"","separate_mirage","trait1","auc",NA,0.808842105263158
20260829,17,500,15,3000,3000,3000,3000,"fast",0.01,"","separate_mirage","trait2","auc",NA,0.587755102040816
20260829,17,500,15,3000,3000,3000,3000,"fast",0.01,"","separate_mirage","pleiotropy","auc",NA,0.941414141414141
20260829,17,500,15,3000,3000,3000,3000,"fast",0.01,"","separate_mirage","trait1","pp08_power",0.8,0.12
20260829,17,500,15,3000,3000,3000,3000,"fast",0.01,"","separate_mirage","trait1","pp08_fdp",0.8,0
20260829,17,500,15,3000,3000,3000,3000,"fast",0.01,"","separate_mirage","trait1","pp08_discoveries",0.8,3
20260829,17,500,15,3000,3000,3000,3000,"fast",0.01,"","separate_mirage","trait2","pp08_power",0.8,0
20260829,17,500,15,3000,3000,3000,3000,"fast",0.01,"","separate_mirage","trait2","pp08_fdp",0.8,0
20260829,17,500,15,3000,3000,3000,3000,"fast",0.01,"","separate_mirage","trait2","pp08_discoveries",0.8,0
20260829,17,500,15,3000,3000,3000,3000,"fast",0.01,"","separate_mirage","pleiotropy","pp08_power",0.8,0
20260829,17,500,15,3000,3000,3000,3000,"fast",0.01,"","separate_mirage","pleiotropy","pp08_fdp",0.8,0
20260829,17,500,15,3000,3000,3000,3000,"fast",0.01,"","separate_mirage","pleiotropy","pp08_discoveries",0.8,0
20260829,17,500,15,3000,3000,3000,3000,"fast",0.01,"","separate_mirage","trait1","bfdr_observed_fdp",0.01,0
20260829,17,500,15,3000,3000,3000,3000,"fast",0.01,"","separate_mirage","trait1","bfdr_estimate",0.01,0.000963041522884067
20260829,17,500,15,3000,3000,3000,3000,"fast",0.01,"","separate_mirage","trait1","bfdr_power",0.01,0.08
20260829,17,500,15,3000,3000,3000,3000,"fast",0.01,"","separate_mirage","trait1","bfdr_discoveries",0.01,2
20260829,17,500,15,3000,3000,3000,3000,"fast",0.01,"","separate_mirage","trait1","bfdr_observed_fdp",0.05,0
20260829,17,500,15,3000,3000,3000,3000,"fast",0.01,"","separate_mirage","trait1","bfdr_estimate",0.05,0.000963041522884067
20260829,17,500,15,3000,3000,3000,3000,"fast",0.01,"","separate_mirage","trait1","bfdr_power",0.05,0.08
20260829,17,500,15,3000,3000,3000,3000,"fast",0.01,"","separate_mirage","trait1","bfdr_discoveries",0.05,2
20260829,17,500,15,3000,3000,3000,3000,"fast",0.01,"","separate_mirage","trait1","bfdr_observed_fdp",0.1,0
20260829,17,500,15,3000,3000,3000,3000,"fast",0.01,"","separate_mirage","trait1","bfdr_estimate",0.1,0.0640954446341381
20260829,17,500,15,3000,3000,3000,3000,"fast",0.01,"","separate_mirage","trait1","bfdr_power",0.1,0.12
20260829,17,500,15,3000,3000,3000,3000,"fast",0.01,"","separate_mirage","trait1","bfdr_discoveries",0.1,3
20260829,17,500,15,3000,3000,3000,3000,"fast",0.01,"","separate_mirage","trait1","bfdr_observed_fdp",0.2,0.166666666666667
20260829,17,500,15,3000,3000,3000,3000,"fast",0.01,"","separate_mirage","trait1","bfdr_estimate",0.2,0.18588970562124
20260829,17,500,15,3000,3000,3000,3000,"fast",0.01,"","separate_mirage","trait1","bfdr_power",0.2,0.2
20260829,17,500,15,3000,3000,3000,3000,"fast",0.01,"","separate_mirage","trait1","bfdr_discoveries",0.2,6
20260829,17,500,15,3000,3000,3000,3000,"fast",0.01,"","separate_mirage","trait2","bfdr_observed_fdp",0.01,0
20260829,17,500,15,3000,3000,3000,3000,"fast",0.01,"","separate_mirage","trait2","bfdr_estimate",0.01,0
20260829,17,500,15,3000,3000,3000,3000,"fast",0.01,"","separate_mirage","trait2","bfdr_power",0.01,0
20260829,17,500,15,3000,3000,3000,3000,"fast",0.01,"","separate_mirage","trait2","bfdr_discoveries",0.01,0
20260829,17,500,15,3000,3000,3000,3000,"fast",0.01,"","separate_mirage","trait2","bfdr_observed_fdp",0.05,0
20260829,17,500,15,3000,3000,3000,3000,"fast",0.01,"","separate_mirage","trait2","bfdr_estimate",0.05,0
20260829,17,500,15,3000,3000,3000,3000,"fast",0.01,"","separate_mirage","trait2","bfdr_power",0.05,0
20260829,17,500,15,3000,3000,3000,3000,"fast",0.01,"","separate_mirage","trait2","bfdr_discoveries",0.05,0
20260829,17,500,15,3000,3000,3000,3000,"fast",0.01,"","separate_mirage","trait2","bfdr_observed_fdp",0.1,0
20260829,17,500,15,3000,3000,3000,3000,"fast",0.01,"","separate_mirage","trait2","bfdr_estimate",0.1,0
20260829,17,500,15,3000,3000,3000,3000,"fast",0.01,"","separate_mirage","trait2","bfdr_power",0.1,0
20260829,17,500,15,3000,3000,3000,3000,"fast",0.01,"","separate_mirage","trait2","bfdr_discoveries",0.1,0
20260829,17,500,15,3000,3000,3000,3000,"fast",0.01,"","separate_mirage","trait2","bfdr_observed_fdp",0.2,0
20260829,17,500,15,3000,3000,3000,3000,"fast",0.01,"","separate_mirage","trait2","bfdr_estimate",0.2,0
20260829,17,500,15,3000,3000,3000,3000,"fast",0.01,"","separate_mirage","trait2","bfdr_power",0.2,0
20260829,17,500,15,3000,3000,3000,3000,"fast",0.01,"","separate_mirage","trait2","bfdr_discoveries",0.2,0
20260829,17,500,15,3000,3000,3000,3000,"fast",0.01,"","separate_mirage","pleiotropy","bfdr_observed_fdp",0.01,0
20260829,17,500,15,3000,3000,3000,3000,"fast",0.01,"","separate_mirage","pleiotropy","bfdr_estimate",0.01,0
20260829,17,500,15,3000,3000,3000,3000,"fast",0.01,"","separate_mirage","pleiotropy","bfdr_power",0.01,0
20260829,17,500,15,3000,3000,3000,3000,"fast",0.01,"","separate_mirage","pleiotropy","bfdr_discoveries",0.01,0
20260829,17,500,15,3000,3000,3000,3000,"fast",0.01,"","separate_mirage","pleiotropy","bfdr_observed_fdp",0.05,0
20260829,17,500,15,3000,3000,3000,3000,"fast",0.01,"","separate_mirage","pleiotropy","bfdr_estimate",0.05,0
20260829,17,500,15,3000,3000,3000,3000,"fast",0.01,"","separate_mirage","pleiotropy","bfdr_power",0.05,0
20260829,17,500,15,3000,3000,3000,3000,"fast",0.01,"","separate_mirage","pleiotropy","bfdr_discoveries",0.05,0
20260829,17,500,15,3000,3000,3000,3000,"fast",0.01,"","separate_mirage","pleiotropy","bfdr_observed_fdp",0.1,0
20260829,17,500,15,3000,3000,3000,3000,"fast",0.01,"","separate_mirage","pleiotropy","bfdr_estimate",0.1,0
20260829,17,500,15,3000,3000,3000,3000,"fast",0.01,"","separate_mirage","pleiotropy","bfdr_power",0.1,0
20260829,17,500,15,3000,3000,3000,3000,"fast",0.01,"","separate_mirage","pleiotropy","bfdr_discoveries",0.1,0
20260829,17,500,15,3000,3000,3000,3000,"fast",0.01,"","separate_mirage","pleiotropy","bfdr_observed_fdp",0.2,0
20260829,17,500,15,3000,3000,3000,3000,"fast",0.01,"","separate_mirage","pleiotropy","bfdr_estimate",0.2,0
20260829,17,500,15,3000,3000,3000,3000,"fast",0.01,"","separate_mirage","pleiotropy","bfdr_power",0.2,0
20260829,17,500,15,3000,3000,3000,3000,"fast",0.01,"","separate_mirage","pleiotropy","bfdr_discoveries",0.2,0
20260829,17,500,15,3000,3000,3000,3000,"fast",0.01,"","separate_mirage","global","runtime_seconds",NA,18.049
20260829,17,500,15,3000,3000,3000,3000,"fast",0.01,"","separate_mirage","pleiotropy","pi11_estimate",NA,0.001
20260829,17,500,15,3000,3000,3000,3000,"fast",0.01,"","mtada_aggregated","trait1","auc",NA,0.796631578947368
20260829,17,500,15,3000,3000,3000,3000,"fast",0.01,"","mtada_aggregated","trait2","auc",NA,0.611836734693878
20260829,17,500,15,3000,3000,3000,3000,"fast",0.01,"","mtada_aggregated","pleiotropy","auc",NA,0.957979797979798
20260829,17,500,15,3000,3000,3000,3000,"fast",0.01,"","mtada_aggregated","trait1","pp08_power",0.8,0.24
20260829,17,500,15,3000,3000,3000,3000,"fast",0.01,"","mtada_aggregated","trait1","pp08_fdp",0.8,0
20260829,17,500,15,3000,3000,3000,3000,"fast",0.01,"","mtada_aggregated","trait1","pp08_discoveries",0.8,6
20260829,17,500,15,3000,3000,3000,3000,"fast",0.01,"","mtada_aggregated","trait2","pp08_power",0.8,0
20260829,17,500,15,3000,3000,3000,3000,"fast",0.01,"","mtada_aggregated","trait2","pp08_fdp",0.8,0
20260829,17,500,15,3000,3000,3000,3000,"fast",0.01,"","mtada_aggregated","trait2","pp08_discoveries",0.8,0
20260829,17,500,15,3000,3000,3000,3000,"fast",0.01,"","mtada_aggregated","pleiotropy","pp08_power",0.8,0
20260829,17,500,15,3000,3000,3000,3000,"fast",0.01,"","mtada_aggregated","pleiotropy","pp08_fdp",0.8,0
20260829,17,500,15,3000,3000,3000,3000,"fast",0.01,"","mtada_aggregated","pleiotropy","pp08_discoveries",0.8,0
20260829,17,500,15,3000,3000,3000,3000,"fast",0.01,"","mtada_aggregated","trait1","bfdr_observed_fdp",0.01,0
20260829,17,500,15,3000,3000,3000,3000,"fast",0.01,"","mtada_aggregated","trait1","bfdr_estimate",0.01,0.00188772428444928
20260829,17,500,15,3000,3000,3000,3000,"fast",0.01,"","mtada_aggregated","trait1","bfdr_power",0.01,0.2
20260829,17,500,15,3000,3000,3000,3000,"fast",0.01,"","mtada_aggregated","trait1","bfdr_discoveries",0.01,5
20260829,17,500,15,3000,3000,3000,3000,"fast",0.01,"","mtada_aggregated","trait1","bfdr_observed_fdp",0.05,0
20260829,17,500,15,3000,3000,3000,3000,"fast",0.01,"","mtada_aggregated","trait1","bfdr_estimate",0.05,0.0188036600207471
20260829,17,500,15,3000,3000,3000,3000,"fast",0.01,"","mtada_aggregated","trait1","bfdr_power",0.05,0.24
20260829,17,500,15,3000,3000,3000,3000,"fast",0.01,"","mtada_aggregated","trait1","bfdr_discoveries",0.05,6
20260829,17,500,15,3000,3000,3000,3000,"fast",0.01,"","mtada_aggregated","trait1","bfdr_observed_fdp",0.1,0
20260829,17,500,15,3000,3000,3000,3000,"fast",0.01,"","mtada_aggregated","trait1","bfdr_estimate",0.1,0.0713909531276276
20260829,17,500,15,3000,3000,3000,3000,"fast",0.01,"","mtada_aggregated","trait1","bfdr_power",0.1,0.28
20260829,17,500,15,3000,3000,3000,3000,"fast",0.01,"","mtada_aggregated","trait1","bfdr_discoveries",0.1,7
20260829,17,500,15,3000,3000,3000,3000,"fast",0.01,"","mtada_aggregated","trait1","bfdr_observed_fdp",0.2,0.111111111111111
20260829,17,500,15,3000,3000,3000,3000,"fast",0.01,"","mtada_aggregated","trait1","bfdr_estimate",0.2,0.164431857820166
20260829,17,500,15,3000,3000,3000,3000,"fast",0.01,"","mtada_aggregated","trait1","bfdr_power",0.2,0.32
20260829,17,500,15,3000,3000,3000,3000,"fast",0.01,"","mtada_aggregated","trait1","bfdr_discoveries",0.2,9
20260829,17,500,15,3000,3000,3000,3000,"fast",0.01,"","mtada_aggregated","trait2","bfdr_observed_fdp",0.01,0
20260829,17,500,15,3000,3000,3000,3000,"fast",0.01,"","mtada_aggregated","trait2","bfdr_estimate",0.01,0
20260829,17,500,15,3000,3000,3000,3000,"fast",0.01,"","mtada_aggregated","trait2","bfdr_power",0.01,0
20260829,17,500,15,3000,3000,3000,3000,"fast",0.01,"","mtada_aggregated","trait2","bfdr_discoveries",0.01,0
20260829,17,500,15,3000,3000,3000,3000,"fast",0.01,"","mtada_aggregated","trait2","bfdr_observed_fdp",0.05,0
20260829,17,500,15,3000,3000,3000,3000,"fast",0.01,"","mtada_aggregated","trait2","bfdr_estimate",0.05,0
20260829,17,500,15,3000,3000,3000,3000,"fast",0.01,"","mtada_aggregated","trait2","bfdr_power",0.05,0
20260829,17,500,15,3000,3000,3000,3000,"fast",0.01,"","mtada_aggregated","trait2","bfdr_discoveries",0.05,0
20260829,17,500,15,3000,3000,3000,3000,"fast",0.01,"","mtada_aggregated","trait2","bfdr_observed_fdp",0.1,0
20260829,17,500,15,3000,3000,3000,3000,"fast",0.01,"","mtada_aggregated","trait2","bfdr_estimate",0.1,0
20260829,17,500,15,3000,3000,3000,3000,"fast",0.01,"","mtada_aggregated","trait2","bfdr_power",0.1,0
20260829,17,500,15,3000,3000,3000,3000,"fast",0.01,"","mtada_aggregated","trait2","bfdr_discoveries",0.1,0
20260829,17,500,15,3000,3000,3000,3000,"fast",0.01,"","mtada_aggregated","trait2","bfdr_observed_fdp",0.2,0
20260829,17,500,15,3000,3000,3000,3000,"fast",0.01,"","mtada_aggregated","trait2","bfdr_estimate",0.2,0
20260829,17,500,15,3000,3000,3000,3000,"fast",0.01,"","mtada_aggregated","trait2","bfdr_power",0.2,0
20260829,17,500,15,3000,3000,3000,3000,"fast",0.01,"","mtada_aggregated","trait2","bfdr_discoveries",0.2,0
20260829,17,500,15,3000,3000,3000,3000,"fast",0.01,"","mtada_aggregated","pleiotropy","bfdr_observed_fdp",0.01,0
20260829,17,500,15,3000,3000,3000,3000,"fast",0.01,"","mtada_aggregated","pleiotropy","bfdr_estimate",0.01,0
20260829,17,500,15,3000,3000,3000,3000,"fast",0.01,"","mtada_aggregated","pleiotropy","bfdr_power",0.01,0
20260829,17,500,15,3000,3000,3000,3000,"fast",0.01,"","mtada_aggregated","pleiotropy","bfdr_discoveries",0.01,0
20260829,17,500,15,3000,3000,3000,3000,"fast",0.01,"","mtada_aggregated","pleiotropy","bfdr_observed_fdp",0.05,0
20260829,17,500,15,3000,3000,3000,3000,"fast",0.01,"","mtada_aggregated","pleiotropy","bfdr_estimate",0.05,0
20260829,17,500,15,3000,3000,3000,3000,"fast",0.01,"","mtada_aggregated","pleiotropy","bfdr_power",0.05,0
20260829,17,500,15,3000,3000,3000,3000,"fast",0.01,"","mtada_aggregated","pleiotropy","bfdr_discoveries",0.05,0
20260829,17,500,15,3000,3000,3000,3000,"fast",0.01,"","mtada_aggregated","pleiotropy","bfdr_observed_fdp",0.1,0
20260829,17,500,15,3000,3000,3000,3000,"fast",0.01,"","mtada_aggregated","pleiotropy","bfdr_estimate",0.1,0
20260829,17,500,15,3000,3000,3000,3000,"fast",0.01,"","mtada_aggregated","pleiotropy","bfdr_power",0.1,0
20260829,17,500,15,3000,3000,3000,3000,"fast",0.01,"","mtada_aggregated","pleiotropy","bfdr_discoveries",0.1,0
20260829,17,500,15,3000,3000,3000,3000,"fast",0.01,"","mtada_aggregated","pleiotropy","bfdr_observed_fdp",0.2,0
20260829,17,500,15,3000,3000,3000,3000,"fast",0.01,"","mtada_aggregated","pleiotropy","bfdr_estimate",0.2,0
20260829,17,500,15,3000,3000,3000,3000,"fast",0.01,"","mtada_aggregated","pleiotropy","bfdr_power",0.2,0
20260829,17,500,15,3000,3000,3000,3000,"fast",0.01,"","mtada_aggregated","pleiotropy","bfdr_discoveries",0.2,0
20260829,17,500,15,3000,3000,3000,3000,"fast",0.01,"","mtada_aggregated","global","runtime_seconds",NA,0.685000000000002
20260829,17,500,15,3000,3000,3000,3000,"fast",0.01,"","mtada_aggregated","pleiotropy","pi11_estimate",NA,0.00316431
20260830,18,500,15,3000,3000,3000,3000,"fast",0.01,"","mirage_joint","trait1","auc",NA,0.717221052631579
20260830,18,500,15,3000,3000,3000,3000,"fast",0.01,"","mirage_joint","trait2","auc",NA,0.622448979591837
20260830,18,500,15,3000,3000,3000,3000,"fast",0.01,"","mirage_joint","pleiotropy","auc",NA,0.629090909090909
20260830,18,500,15,3000,3000,3000,3000,"fast",0.01,"","mirage_joint","trait1","pp08_power",0.8,0.12
20260830,18,500,15,3000,3000,3000,3000,"fast",0.01,"","mirage_joint","trait1","pp08_fdp",0.8,0
20260830,18,500,15,3000,3000,3000,3000,"fast",0.01,"","mirage_joint","trait1","pp08_discoveries",0.8,3
20260830,18,500,15,3000,3000,3000,3000,"fast",0.01,"","mirage_joint","trait2","pp08_power",0.8,0.1
20260830,18,500,15,3000,3000,3000,3000,"fast",0.01,"","mirage_joint","trait2","pp08_fdp",0.8,0
20260830,18,500,15,3000,3000,3000,3000,"fast",0.01,"","mirage_joint","trait2","pp08_discoveries",0.8,1
20260830,18,500,15,3000,3000,3000,3000,"fast",0.01,"","mirage_joint","pleiotropy","pp08_power",0.8,0
20260830,18,500,15,3000,3000,3000,3000,"fast",0.01,"","mirage_joint","pleiotropy","pp08_fdp",0.8,0
20260830,18,500,15,3000,3000,3000,3000,"fast",0.01,"","mirage_joint","pleiotropy","pp08_discoveries",0.8,0
20260830,18,500,15,3000,3000,3000,3000,"fast",0.01,"","mirage_joint","trait1","bfdr_observed_fdp",0.01,0
20260830,18,500,15,3000,3000,3000,3000,"fast",0.01,"","mirage_joint","trait1","bfdr_estimate",0.01,0.000269863417809213
20260830,18,500,15,3000,3000,3000,3000,"fast",0.01,"","mirage_joint","trait1","bfdr_power",0.01,0.08
20260830,18,500,15,3000,3000,3000,3000,"fast",0.01,"","mirage_joint","trait1","bfdr_discoveries",0.01,2
20260830,18,500,15,3000,3000,3000,3000,"fast",0.01,"","mirage_joint","trait1","bfdr_observed_fdp",0.05,0
20260830,18,500,15,3000,3000,3000,3000,"fast",0.01,"","mirage_joint","trait1","bfdr_estimate",0.05,0.0376107965635299
20260830,18,500,15,3000,3000,3000,3000,"fast",0.01,"","mirage_joint","trait1","bfdr_power",0.05,0.12
20260830,18,500,15,3000,3000,3000,3000,"fast",0.01,"","mirage_joint","trait1","bfdr_discoveries",0.05,3
20260830,18,500,15,3000,3000,3000,3000,"fast",0.01,"","mirage_joint","trait1","bfdr_observed_fdp",0.1,0
20260830,18,500,15,3000,3000,3000,3000,"fast",0.01,"","mirage_joint","trait1","bfdr_estimate",0.1,0.0376107965635299
20260830,18,500,15,3000,3000,3000,3000,"fast",0.01,"","mirage_joint","trait1","bfdr_power",0.1,0.12
20260830,18,500,15,3000,3000,3000,3000,"fast",0.01,"","mirage_joint","trait1","bfdr_discoveries",0.1,3
20260830,18,500,15,3000,3000,3000,3000,"fast",0.01,"","mirage_joint","trait1","bfdr_observed_fdp",0.2,0.2
20260830,18,500,15,3000,3000,3000,3000,"fast",0.01,"","mirage_joint","trait1","bfdr_estimate",0.2,0.192949361055947
20260830,18,500,15,3000,3000,3000,3000,"fast",0.01,"","mirage_joint","trait1","bfdr_power",0.2,0.16
20260830,18,500,15,3000,3000,3000,3000,"fast",0.01,"","mirage_joint","trait1","bfdr_discoveries",0.2,5
20260830,18,500,15,3000,3000,3000,3000,"fast",0.01,"","mirage_joint","trait2","bfdr_observed_fdp",0.01,0
20260830,18,500,15,3000,3000,3000,3000,"fast",0.01,"","mirage_joint","trait2","bfdr_estimate",0.01,2.20803880734977e-08
20260830,18,500,15,3000,3000,3000,3000,"fast",0.01,"","mirage_joint","trait2","bfdr_power",0.01,0.1
20260830,18,500,15,3000,3000,3000,3000,"fast",0.01,"","mirage_joint","trait2","bfdr_discoveries",0.01,1
20260830,18,500,15,3000,3000,3000,3000,"fast",0.01,"","mirage_joint","trait2","bfdr_observed_fdp",0.05,0
20260830,18,500,15,3000,3000,3000,3000,"fast",0.01,"","mirage_joint","trait2","bfdr_estimate",0.05,2.20803880734977e-08
20260830,18,500,15,3000,3000,3000,3000,"fast",0.01,"","mirage_joint","trait2","bfdr_power",0.05,0.1
20260830,18,500,15,3000,3000,3000,3000,"fast",0.01,"","mirage_joint","trait2","bfdr_discoveries",0.05,1
20260830,18,500,15,3000,3000,3000,3000,"fast",0.01,"","mirage_joint","trait2","bfdr_observed_fdp",0.1,0
20260830,18,500,15,3000,3000,3000,3000,"fast",0.01,"","mirage_joint","trait2","bfdr_estimate",0.1,2.20803880734977e-08
20260830,18,500,15,3000,3000,3000,3000,"fast",0.01,"","mirage_joint","trait2","bfdr_power",0.1,0.1
20260830,18,500,15,3000,3000,3000,3000,"fast",0.01,"","mirage_joint","trait2","bfdr_discoveries",0.1,1
20260830,18,500,15,3000,3000,3000,3000,"fast",0.01,"","mirage_joint","trait2","bfdr_observed_fdp",0.2,0.75
20260830,18,500,15,3000,3000,3000,3000,"fast",0.01,"","mirage_joint","trait2","bfdr_estimate",0.2,0.199558843933215
20260830,18,500,15,3000,3000,3000,3000,"fast",0.01,"","mirage_joint","trait2","bfdr_power",0.2,0.1
20260830,18,500,15,3000,3000,3000,3000,"fast",0.01,"","mirage_joint","trait2","bfdr_discoveries",0.2,4
20260830,18,500,15,3000,3000,3000,3000,"fast",0.01,"","mirage_joint","pleiotropy","bfdr_observed_fdp",0.01,0
20260830,18,500,15,3000,3000,3000,3000,"fast",0.01,"","mirage_joint","pleiotropy","bfdr_estimate",0.01,0
20260830,18,500,15,3000,3000,3000,3000,"fast",0.01,"","mirage_joint","pleiotropy","bfdr_power",0.01,0
20260830,18,500,15,3000,3000,3000,3000,"fast",0.01,"","mirage_joint","pleiotropy","bfdr_discoveries",0.01,0
20260830,18,500,15,3000,3000,3000,3000,"fast",0.01,"","mirage_joint","pleiotropy","bfdr_observed_fdp",0.05,0
20260830,18,500,15,3000,3000,3000,3000,"fast",0.01,"","mirage_joint","pleiotropy","bfdr_estimate",0.05,0
20260830,18,500,15,3000,3000,3000,3000,"fast",0.01,"","mirage_joint","pleiotropy","bfdr_power",0.05,0
20260830,18,500,15,3000,3000,3000,3000,"fast",0.01,"","mirage_joint","pleiotropy","bfdr_discoveries",0.05,0
20260830,18,500,15,3000,3000,3000,3000,"fast",0.01,"","mirage_joint","pleiotropy","bfdr_observed_fdp",0.1,0
20260830,18,500,15,3000,3000,3000,3000,"fast",0.01,"","mirage_joint","pleiotropy","bfdr_estimate",0.1,0
20260830,18,500,15,3000,3000,3000,3000,"fast",0.01,"","mirage_joint","pleiotropy","bfdr_power",0.1,0
20260830,18,500,15,3000,3000,3000,3000,"fast",0.01,"","mirage_joint","pleiotropy","bfdr_discoveries",0.1,0
20260830,18,500,15,3000,3000,3000,3000,"fast",0.01,"","mirage_joint","pleiotropy","bfdr_observed_fdp",0.2,0
20260830,18,500,15,3000,3000,3000,3000,"fast",0.01,"","mirage_joint","pleiotropy","bfdr_estimate",0.2,0
20260830,18,500,15,3000,3000,3000,3000,"fast",0.01,"","mirage_joint","pleiotropy","bfdr_power",0.2,0
20260830,18,500,15,3000,3000,3000,3000,"fast",0.01,"","mirage_joint","pleiotropy","bfdr_discoveries",0.2,0
20260830,18,500,15,3000,3000,3000,3000,"fast",0.01,"","mirage_joint","global","runtime_seconds",NA,18.146
20260830,18,500,15,3000,3000,3000,3000,"fast",0.01,"","mirage_joint","pleiotropy","pi11_estimate",NA,0.0236778958921597
20260830,18,500,15,3000,3000,3000,3000,"fast",0.01,"","separate_mirage","trait1","auc",NA,0.730273684210526
20260830,18,500,15,3000,3000,3000,3000,"fast",0.01,"","separate_mirage","trait2","auc",NA,0.521224489795918
20260830,18,500,15,3000,3000,3000,3000,"fast",0.01,"","separate_mirage","pleiotropy","auc",NA,0.655353535353535
20260830,18,500,15,3000,3000,3000,3000,"fast",0.01,"","separate_mirage","trait1","pp08_power",0.8,0.08
20260830,18,500,15,3000,3000,3000,3000,"fast",0.01,"","separate_mirage","trait1","pp08_fdp",0.8,0
20260830,18,500,15,3000,3000,3000,3000,"fast",0.01,"","separate_mirage","trait1","pp08_discoveries",0.8,2
20260830,18,500,15,3000,3000,3000,3000,"fast",0.01,"","separate_mirage","trait2","pp08_power",0.8,0.1
20260830,18,500,15,3000,3000,3000,3000,"fast",0.01,"","separate_mirage","trait2","pp08_fdp",0.8,0
20260830,18,500,15,3000,3000,3000,3000,"fast",0.01,"","separate_mirage","trait2","pp08_discoveries",0.8,1
20260830,18,500,15,3000,3000,3000,3000,"fast",0.01,"","separate_mirage","pleiotropy","pp08_power",0.8,0
20260830,18,500,15,3000,3000,3000,3000,"fast",0.01,"","separate_mirage","pleiotropy","pp08_fdp",0.8,0
20260830,18,500,15,3000,3000,3000,3000,"fast",0.01,"","separate_mirage","pleiotropy","pp08_discoveries",0.8,0
20260830,18,500,15,3000,3000,3000,3000,"fast",0.01,"","separate_mirage","trait1","bfdr_observed_fdp",0.01,0
20260830,18,500,15,3000,3000,3000,3000,"fast",0.01,"","separate_mirage","trait1","bfdr_estimate",0.01,0.000320117719970481
20260830,18,500,15,3000,3000,3000,3000,"fast",0.01,"","separate_mirage","trait1","bfdr_power",0.01,0.08
20260830,18,500,15,3000,3000,3000,3000,"fast",0.01,"","separate_mirage","trait1","bfdr_discoveries",0.01,2
20260830,18,500,15,3000,3000,3000,3000,"fast",0.01,"","separate_mirage","trait1","bfdr_observed_fdp",0.05,0
20260830,18,500,15,3000,3000,3000,3000,"fast",0.01,"","separate_mirage","trait1","bfdr_estimate",0.05,0.000320117719970481
20260830,18,500,15,3000,3000,3000,3000,"fast",0.01,"","separate_mirage","trait1","bfdr_power",0.05,0.08
20260830,18,500,15,3000,3000,3000,3000,"fast",0.01,"","separate_mirage","trait1","bfdr_discoveries",0.05,2
20260830,18,500,15,3000,3000,3000,3000,"fast",0.01,"","separate_mirage","trait1","bfdr_observed_fdp",0.1,0
20260830,18,500,15,3000,3000,3000,3000,"fast",0.01,"","separate_mirage","trait1","bfdr_estimate",0.1,0.0829911940025191
20260830,18,500,15,3000,3000,3000,3000,"fast",0.01,"","separate_mirage","trait1","bfdr_power",0.1,0.12
20260830,18,500,15,3000,3000,3000,3000,"fast",0.01,"","separate_mirage","trait1","bfdr_discoveries",0.1,3
20260830,18,500,15,3000,3000,3000,3000,"fast",0.01,"","separate_mirage","trait1","bfdr_observed_fdp",0.2,0
20260830,18,500,15,3000,3000,3000,3000,"fast",0.01,"","separate_mirage","trait1","bfdr_estimate",0.2,0.155660341342688
20260830,18,500,15,3000,3000,3000,3000,"fast",0.01,"","separate_mirage","trait1","bfdr_power",0.2,0.16
20260830,18,500,15,3000,3000,3000,3000,"fast",0.01,"","separate_mirage","trait1","bfdr_discoveries",0.2,4
20260830,18,500,15,3000,3000,3000,3000,"fast",0.01,"","separate_mirage","trait2","bfdr_observed_fdp",0.01,0
20260830,18,500,15,3000,3000,3000,3000,"fast",0.01,"","separate_mirage","trait2","bfdr_estimate",0.01,3.73620030469368e-08
20260830,18,500,15,3000,3000,3000,3000,"fast",0.01,"","separate_mirage","trait2","bfdr_power",0.01,0.1
20260830,18,500,15,3000,3000,3000,3000,"fast",0.01,"","separate_mirage","trait2","bfdr_discoveries",0.01,1
20260830,18,500,15,3000,3000,3000,3000,"fast",0.01,"","separate_mirage","trait2","bfdr_observed_fdp",0.05,0
20260830,18,500,15,3000,3000,3000,3000,"fast",0.01,"","separate_mirage","trait2","bfdr_estimate",0.05,3.73620030469368e-08
20260830,18,500,15,3000,3000,3000,3000,"fast",0.01,"","separate_mirage","trait2","bfdr_power",0.05,0.1
20260830,18,500,15,3000,3000,3000,3000,"fast",0.01,"","separate_mirage","trait2","bfdr_discoveries",0.05,1
20260830,18,500,15,3000,3000,3000,3000,"fast",0.01,"","separate_mirage","trait2","bfdr_observed_fdp",0.1,0
20260830,18,500,15,3000,3000,3000,3000,"fast",0.01,"","separate_mirage","trait2","bfdr_estimate",0.1,3.73620030469368e-08
20260830,18,500,15,3000,3000,3000,3000,"fast",0.01,"","separate_mirage","trait2","bfdr_power",0.1,0.1
20260830,18,500,15,3000,3000,3000,3000,"fast",0.01,"","separate_mirage","trait2","bfdr_discoveries",0.1,1
20260830,18,500,15,3000,3000,3000,3000,"fast",0.01,"","separate_mirage","trait2","bfdr_observed_fdp",0.2,0
20260830,18,500,15,3000,3000,3000,3000,"fast",0.01,"","separate_mirage","trait2","bfdr_estimate",0.2,3.73620030469368e-08
20260830,18,500,15,3000,3000,3000,3000,"fast",0.01,"","separate_mirage","trait2","bfdr_power",0.2,0.1
20260830,18,500,15,3000,3000,3000,3000,"fast",0.01,"","separate_mirage","trait2","bfdr_discoveries",0.2,1
20260830,18,500,15,3000,3000,3000,3000,"fast",0.01,"","separate_mirage","pleiotropy","bfdr_observed_fdp",0.01,0
20260830,18,500,15,3000,3000,3000,3000,"fast",0.01,"","separate_mirage","pleiotropy","bfdr_estimate",0.01,0
20260830,18,500,15,3000,3000,3000,3000,"fast",0.01,"","separate_mirage","pleiotropy","bfdr_power",0.01,0
20260830,18,500,15,3000,3000,3000,3000,"fast",0.01,"","separate_mirage","pleiotropy","bfdr_discoveries",0.01,0
20260830,18,500,15,3000,3000,3000,3000,"fast",0.01,"","separate_mirage","pleiotropy","bfdr_observed_fdp",0.05,0
20260830,18,500,15,3000,3000,3000,3000,"fast",0.01,"","separate_mirage","pleiotropy","bfdr_estimate",0.05,0
20260830,18,500,15,3000,3000,3000,3000,"fast",0.01,"","separate_mirage","pleiotropy","bfdr_power",0.05,0
20260830,18,500,15,3000,3000,3000,3000,"fast",0.01,"","separate_mirage","pleiotropy","bfdr_discoveries",0.05,0
20260830,18,500,15,3000,3000,3000,3000,"fast",0.01,"","separate_mirage","pleiotropy","bfdr_observed_fdp",0.1,0
20260830,18,500,15,3000,3000,3000,3000,"fast",0.01,"","separate_mirage","pleiotropy","bfdr_estimate",0.1,0
20260830,18,500,15,3000,3000,3000,3000,"fast",0.01,"","separate_mirage","pleiotropy","bfdr_power",0.1,0
20260830,18,500,15,3000,3000,3000,3000,"fast",0.01,"","separate_mirage","pleiotropy","bfdr_discoveries",0.1,0
20260830,18,500,15,3000,3000,3000,3000,"fast",0.01,"","separate_mirage","pleiotropy","bfdr_observed_fdp",0.2,0
20260830,18,500,15,3000,3000,3000,3000,"fast",0.01,"","separate_mirage","pleiotropy","bfdr_estimate",0.2,0
20260830,18,500,15,3000,3000,3000,3000,"fast",0.01,"","separate_mirage","pleiotropy","bfdr_power",0.2,0
20260830,18,500,15,3000,3000,3000,3000,"fast",0.01,"","separate_mirage","pleiotropy","bfdr_discoveries",0.2,0
20260830,18,500,15,3000,3000,3000,3000,"fast",0.01,"","separate_mirage","global","runtime_seconds",NA,18.043
20260830,18,500,15,3000,3000,3000,3000,"fast",0.01,"","separate_mirage","pleiotropy","pi11_estimate",NA,0.001
20260830,18,500,15,3000,3000,3000,3000,"fast",0.01,"","mtada_aggregated","trait1","auc",NA,0.718147368421053
20260830,18,500,15,3000,3000,3000,3000,"fast",0.01,"","mtada_aggregated","trait2","auc",NA,0.82265306122449
20260830,18,500,15,3000,3000,3000,3000,"fast",0.01,"","mtada_aggregated","pleiotropy","auc",NA,0.849292929292929
20260830,18,500,15,3000,3000,3000,3000,"fast",0.01,"","mtada_aggregated","trait1","pp08_power",0.8,0.16
20260830,18,500,15,3000,3000,3000,3000,"fast",0.01,"","mtada_aggregated","trait1","pp08_fdp",0.8,0
20260830,18,500,15,3000,3000,3000,3000,"fast",0.01,"","mtada_aggregated","trait1","pp08_discoveries",0.8,4
20260830,18,500,15,3000,3000,3000,3000,"fast",0.01,"","mtada_aggregated","trait2","pp08_power",0.8,0.1
20260830,18,500,15,3000,3000,3000,3000,"fast",0.01,"","mtada_aggregated","trait2","pp08_fdp",0.8,0
20260830,18,500,15,3000,3000,3000,3000,"fast",0.01,"","mtada_aggregated","trait2","pp08_discoveries",0.8,1
20260830,18,500,15,3000,3000,3000,3000,"fast",0.01,"","mtada_aggregated","pleiotropy","pp08_power",0.8,0
20260830,18,500,15,3000,3000,3000,3000,"fast",0.01,"","mtada_aggregated","pleiotropy","pp08_fdp",0.8,0
20260830,18,500,15,3000,3000,3000,3000,"fast",0.01,"","mtada_aggregated","pleiotropy","pp08_discoveries",0.8,0
20260830,18,500,15,3000,3000,3000,3000,"fast",0.01,"","mtada_aggregated","trait1","bfdr_observed_fdp",0.01,0
20260830,18,500,15,3000,3000,3000,3000,"fast",0.01,"","mtada_aggregated","trait1","bfdr_estimate",0.01,0.00975190121400626
20260830,18,500,15,3000,3000,3000,3000,"fast",0.01,"","mtada_aggregated","trait1","bfdr_power",0.01,0.12
20260830,18,500,15,3000,3000,3000,3000,"fast",0.01,"","mtada_aggregated","trait1","bfdr_discoveries",0.01,3
20260830,18,500,15,3000,3000,3000,3000,"fast",0.01,"","mtada_aggregated","trait1","bfdr_observed_fdp",0.05,0
20260830,18,500,15,3000,3000,3000,3000,"fast",0.01,"","mtada_aggregated","trait1","bfdr_estimate",0.05,0.0490912719248222
20260830,18,500,15,3000,3000,3000,3000,"fast",0.01,"","mtada_aggregated","trait1","bfdr_power",0.05,0.16
20260830,18,500,15,3000,3000,3000,3000,"fast",0.01,"","mtada_aggregated","trait1","bfdr_discoveries",0.05,4
20260830,18,500,15,3000,3000,3000,3000,"fast",0.01,"","mtada_aggregated","trait1","bfdr_observed_fdp",0.1,0
20260830,18,500,15,3000,3000,3000,3000,"fast",0.01,"","mtada_aggregated","trait1","bfdr_estimate",0.1,0.0816417153254319
20260830,18,500,15,3000,3000,3000,3000,"fast",0.01,"","mtada_aggregated","trait1","bfdr_power",0.1,0.2
20260830,18,500,15,3000,3000,3000,3000,"fast",0.01,"","mtada_aggregated","trait1","bfdr_discoveries",0.1,5
20260830,18,500,15,3000,3000,3000,3000,"fast",0.01,"","mtada_aggregated","trait1","bfdr_observed_fdp",0.2,0.142857142857143
20260830,18,500,15,3000,3000,3000,3000,"fast",0.01,"","mtada_aggregated","trait1","bfdr_estimate",0.2,0.178854490390973
20260830,18,500,15,3000,3000,3000,3000,"fast",0.01,"","mtada_aggregated","trait1","bfdr_power",0.2,0.24
20260830,18,500,15,3000,3000,3000,3000,"fast",0.01,"","mtada_aggregated","trait1","bfdr_discoveries",0.2,7
20260830,18,500,15,3000,3000,3000,3000,"fast",0.01,"","mtada_aggregated","trait2","bfdr_observed_fdp",0.01,0
20260830,18,500,15,3000,3000,3000,3000,"fast",0.01,"","mtada_aggregated","trait2","bfdr_estimate",0.01,0
20260830,18,500,15,3000,3000,3000,3000,"fast",0.01,"","mtada_aggregated","trait2","bfdr_power",0.01,0.1
20260830,18,500,15,3000,3000,3000,3000,"fast",0.01,"","mtada_aggregated","trait2","bfdr_discoveries",0.01,1
20260830,18,500,15,3000,3000,3000,3000,"fast",0.01,"","mtada_aggregated","trait2","bfdr_observed_fdp",0.05,0
20260830,18,500,15,3000,3000,3000,3000,"fast",0.01,"","mtada_aggregated","trait2","bfdr_estimate",0.05,0
20260830,18,500,15,3000,3000,3000,3000,"fast",0.01,"","mtada_aggregated","trait2","bfdr_power",0.05,0.1
20260830,18,500,15,3000,3000,3000,3000,"fast",0.01,"","mtada_aggregated","trait2","bfdr_discoveries",0.05,1
20260830,18,500,15,3000,3000,3000,3000,"fast",0.01,"","mtada_aggregated","trait2","bfdr_observed_fdp",0.1,0
20260830,18,500,15,3000,3000,3000,3000,"fast",0.01,"","mtada_aggregated","trait2","bfdr_estimate",0.1,0
20260830,18,500,15,3000,3000,3000,3000,"fast",0.01,"","mtada_aggregated","trait2","bfdr_power",0.1,0.1
20260830,18,500,15,3000,3000,3000,3000,"fast",0.01,"","mtada_aggregated","trait2","bfdr_discoveries",0.1,1
20260830,18,500,15,3000,3000,3000,3000,"fast",0.01,"","mtada_aggregated","trait2","bfdr_observed_fdp",0.2,0
20260830,18,500,15,3000,3000,3000,3000,"fast",0.01,"","mtada_aggregated","trait2","bfdr_estimate",0.2,0
20260830,18,500,15,3000,3000,3000,3000,"fast",0.01,"","mtada_aggregated","trait2","bfdr_power",0.2,0.1
20260830,18,500,15,3000,3000,3000,3000,"fast",0.01,"","mtada_aggregated","trait2","bfdr_discoveries",0.2,1
20260830,18,500,15,3000,3000,3000,3000,"fast",0.01,"","mtada_aggregated","pleiotropy","bfdr_observed_fdp",0.01,0
20260830,18,500,15,3000,3000,3000,3000,"fast",0.01,"","mtada_aggregated","pleiotropy","bfdr_estimate",0.01,0
20260830,18,500,15,3000,3000,3000,3000,"fast",0.01,"","mtada_aggregated","pleiotropy","bfdr_power",0.01,0
20260830,18,500,15,3000,3000,3000,3000,"fast",0.01,"","mtada_aggregated","pleiotropy","bfdr_discoveries",0.01,0
20260830,18,500,15,3000,3000,3000,3000,"fast",0.01,"","mtada_aggregated","pleiotropy","bfdr_observed_fdp",0.05,0
20260830,18,500,15,3000,3000,3000,3000,"fast",0.01,"","mtada_aggregated","pleiotropy","bfdr_estimate",0.05,0
20260830,18,500,15,3000,3000,3000,3000,"fast",0.01,"","mtada_aggregated","pleiotropy","bfdr_power",0.05,0
20260830,18,500,15,3000,3000,3000,3000,"fast",0.01,"","mtada_aggregated","pleiotropy","bfdr_discoveries",0.05,0
20260830,18,500,15,3000,3000,3000,3000,"fast",0.01,"","mtada_aggregated","pleiotropy","bfdr_observed_fdp",0.1,0
20260830,18,500,15,3000,3000,3000,3000,"fast",0.01,"","mtada_aggregated","pleiotropy","bfdr_estimate",0.1,0
20260830,18,500,15,3000,3000,3000,3000,"fast",0.01,"","mtada_aggregated","pleiotropy","bfdr_power",0.1,0
20260830,18,500,15,3000,3000,3000,3000,"fast",0.01,"","mtada_aggregated","pleiotropy","bfdr_discoveries",0.1,0
20260830,18,500,15,3000,3000,3000,3000,"fast",0.01,"","mtada_aggregated","pleiotropy","bfdr_observed_fdp",0.2,0
20260830,18,500,15,3000,3000,3000,3000,"fast",0.01,"","mtada_aggregated","pleiotropy","bfdr_estimate",0.2,0
20260830,18,500,15,3000,3000,3000,3000,"fast",0.01,"","mtada_aggregated","pleiotropy","bfdr_power",0.2,0
20260830,18,500,15,3000,3000,3000,3000,"fast",0.01,"","mtada_aggregated","pleiotropy","bfdr_discoveries",0.2,0
20260830,18,500,15,3000,3000,3000,3000,"fast",0.01,"","mtada_aggregated","global","runtime_seconds",NA,0.704999999999984
20260830,18,500,15,3000,3000,3000,3000,"fast",0.01,"","mtada_aggregated","pleiotropy","pi11_estimate",NA,0.0144825
20260831,19,500,15,3000,3000,3000,3000,"fast",0.01,"","mirage_joint","trait1","auc",NA,0.780294736842105
20260831,19,500,15,3000,3000,3000,3000,"fast",0.01,"","mirage_joint","trait2","auc",NA,0.752244897959184
20260831,19,500,15,3000,3000,3000,3000,"fast",0.01,"","mirage_joint","pleiotropy","auc",NA,0.846868686868687
20260831,19,500,15,3000,3000,3000,3000,"fast",0.01,"","mirage_joint","trait1","pp08_power",0.8,0.24
20260831,19,500,15,3000,3000,3000,3000,"fast",0.01,"","mirage_joint","trait1","pp08_fdp",0.8,0
20260831,19,500,15,3000,3000,3000,3000,"fast",0.01,"","mirage_joint","trait1","pp08_discoveries",0.8,6
20260831,19,500,15,3000,3000,3000,3000,"fast",0.01,"","mirage_joint","trait2","pp08_power",0.8,0.2
20260831,19,500,15,3000,3000,3000,3000,"fast",0.01,"","mirage_joint","trait2","pp08_fdp",0.8,0
20260831,19,500,15,3000,3000,3000,3000,"fast",0.01,"","mirage_joint","trait2","pp08_discoveries",0.8,2
20260831,19,500,15,3000,3000,3000,3000,"fast",0.01,"","mirage_joint","pleiotropy","pp08_power",0.8,0.4
20260831,19,500,15,3000,3000,3000,3000,"fast",0.01,"","mirage_joint","pleiotropy","pp08_fdp",0.8,0
20260831,19,500,15,3000,3000,3000,3000,"fast",0.01,"","mirage_joint","pleiotropy","pp08_discoveries",0.8,2
20260831,19,500,15,3000,3000,3000,3000,"fast",0.01,"","mirage_joint","trait1","bfdr_observed_fdp",0.01,0
20260831,19,500,15,3000,3000,3000,3000,"fast",0.01,"","mirage_joint","trait1","bfdr_estimate",0.01,0.00312698691321889
20260831,19,500,15,3000,3000,3000,3000,"fast",0.01,"","mirage_joint","trait1","bfdr_power",0.01,0.12
20260831,19,500,15,3000,3000,3000,3000,"fast",0.01,"","mirage_joint","trait1","bfdr_discoveries",0.01,3
20260831,19,500,15,3000,3000,3000,3000,"fast",0.01,"","mirage_joint","trait1","bfdr_observed_fdp",0.05,0
20260831,19,500,15,3000,3000,3000,3000,"fast",0.01,"","mirage_joint","trait1","bfdr_estimate",0.05,0.0471676469541339
20260831,19,500,15,3000,3000,3000,3000,"fast",0.01,"","mirage_joint","trait1","bfdr_power",0.05,0.24
20260831,19,500,15,3000,3000,3000,3000,"fast",0.01,"","mirage_joint","trait1","bfdr_discoveries",0.05,6
20260831,19,500,15,3000,3000,3000,3000,"fast",0.01,"","mirage_joint","trait1","bfdr_observed_fdp",0.1,0.142857142857143
20260831,19,500,15,3000,3000,3000,3000,"fast",0.01,"","mirage_joint","trait1","bfdr_estimate",0.1,0.0857922879766691
20260831,19,500,15,3000,3000,3000,3000,"fast",0.01,"","mirage_joint","trait1","bfdr_power",0.1,0.24
20260831,19,500,15,3000,3000,3000,3000,"fast",0.01,"","mirage_joint","trait1","bfdr_discoveries",0.1,7
20260831,19,500,15,3000,3000,3000,3000,"fast",0.01,"","mirage_joint","trait1","bfdr_observed_fdp",0.2,0.4
20260831,19,500,15,3000,3000,3000,3000,"fast",0.01,"","mirage_joint","trait1","bfdr_estimate",0.2,0.186397031785044
20260831,19,500,15,3000,3000,3000,3000,"fast",0.01,"","mirage_joint","trait1","bfdr_power",0.2,0.24
20260831,19,500,15,3000,3000,3000,3000,"fast",0.01,"","mirage_joint","trait1","bfdr_discoveries",0.2,10
20260831,19,500,15,3000,3000,3000,3000,"fast",0.01,"","mirage_joint","trait2","bfdr_observed_fdp",0.01,0
20260831,19,500,15,3000,3000,3000,3000,"fast",0.01,"","mirage_joint","trait2","bfdr_estimate",0.01,0
20260831,19,500,15,3000,3000,3000,3000,"fast",0.01,"","mirage_joint","trait2","bfdr_power",0.01,0
20260831,19,500,15,3000,3000,3000,3000,"fast",0.01,"","mirage_joint","trait2","bfdr_discoveries",0.01,0
20260831,19,500,15,3000,3000,3000,3000,"fast",0.01,"","mirage_joint","trait2","bfdr_observed_fdp",0.05,0
20260831,19,500,15,3000,3000,3000,3000,"fast",0.01,"","mirage_joint","trait2","bfdr_estimate",0.05,0
20260831,19,500,15,3000,3000,3000,3000,"fast",0.01,"","mirage_joint","trait2","bfdr_power",0.05,0
20260831,19,500,15,3000,3000,3000,3000,"fast",0.01,"","mirage_joint","trait2","bfdr_discoveries",0.05,0
20260831,19,500,15,3000,3000,3000,3000,"fast",0.01,"","mirage_joint","trait2","bfdr_observed_fdp",0.1,0
20260831,19,500,15,3000,3000,3000,3000,"fast",0.01,"","mirage_joint","trait2","bfdr_estimate",0.1,0.0636900457765588
20260831,19,500,15,3000,3000,3000,3000,"fast",0.01,"","mirage_joint","trait2","bfdr_power",0.1,0.2
20260831,19,500,15,3000,3000,3000,3000,"fast",0.01,"","mirage_joint","trait2","bfdr_discoveries",0.1,2
20260831,19,500,15,3000,3000,3000,3000,"fast",0.01,"","mirage_joint","trait2","bfdr_observed_fdp",0.2,0
20260831,19,500,15,3000,3000,3000,3000,"fast",0.01,"","mirage_joint","trait2","bfdr_estimate",0.2,0.0636900457765588
20260831,19,500,15,3000,3000,3000,3000,"fast",0.01,"","mirage_joint","trait2","bfdr_power",0.2,0.2
20260831,19,500,15,3000,3000,3000,3000,"fast",0.01,"","mirage_joint","trait2","bfdr_discoveries",0.2,2
20260831,19,500,15,3000,3000,3000,3000,"fast",0.01,"","mirage_joint","pleiotropy","bfdr_observed_fdp",0.01,0
20260831,19,500,15,3000,3000,3000,3000,"fast",0.01,"","mirage_joint","pleiotropy","bfdr_estimate",0.01,0
20260831,19,500,15,3000,3000,3000,3000,"fast",0.01,"","mirage_joint","pleiotropy","bfdr_power",0.01,0
20260831,19,500,15,3000,3000,3000,3000,"fast",0.01,"","mirage_joint","pleiotropy","bfdr_discoveries",0.01,0
20260831,19,500,15,3000,3000,3000,3000,"fast",0.01,"","mirage_joint","pleiotropy","bfdr_observed_fdp",0.05,0
20260831,19,500,15,3000,3000,3000,3000,"fast",0.01,"","mirage_joint","pleiotropy","bfdr_estimate",0.05,0
20260831,19,500,15,3000,3000,3000,3000,"fast",0.01,"","mirage_joint","pleiotropy","bfdr_power",0.05,0
20260831,19,500,15,3000,3000,3000,3000,"fast",0.01,"","mirage_joint","pleiotropy","bfdr_discoveries",0.05,0
20260831,19,500,15,3000,3000,3000,3000,"fast",0.01,"","mirage_joint","pleiotropy","bfdr_observed_fdp",0.1,0
20260831,19,500,15,3000,3000,3000,3000,"fast",0.01,"","mirage_joint","pleiotropy","bfdr_estimate",0.1,0.0876361374414083
20260831,19,500,15,3000,3000,3000,3000,"fast",0.01,"","mirage_joint","pleiotropy","bfdr_power",0.1,0.2
20260831,19,500,15,3000,3000,3000,3000,"fast",0.01,"","mirage_joint","pleiotropy","bfdr_discoveries",0.1,1
20260831,19,500,15,3000,3000,3000,3000,"fast",0.01,"","mirage_joint","pleiotropy","bfdr_observed_fdp",0.2,0
20260831,19,500,15,3000,3000,3000,3000,"fast",0.01,"","mirage_joint","pleiotropy","bfdr_estimate",0.2,0.133620880057286
20260831,19,500,15,3000,3000,3000,3000,"fast",0.01,"","mirage_joint","pleiotropy","bfdr_power",0.2,0.4
20260831,19,500,15,3000,3000,3000,3000,"fast",0.01,"","mirage_joint","pleiotropy","bfdr_discoveries",0.2,2
20260831,19,500,15,3000,3000,3000,3000,"fast",0.01,"","mirage_joint","global","runtime_seconds",NA,18.135
20260831,19,500,15,3000,3000,3000,3000,"fast",0.01,"","mirage_joint","pleiotropy","pi11_estimate",NA,0.05116863913224
20260831,19,500,15,3000,3000,3000,3000,"fast",0.01,"","separate_mirage","trait1","auc",NA,0.721684210526316
20260831,19,500,15,3000,3000,3000,3000,"fast",0.01,"","separate_mirage","trait2","auc",NA,0.657142857142857
20260831,19,500,15,3000,3000,3000,3000,"fast",0.01,"","separate_mirage","pleiotropy","auc",NA,0.801616161616162
20260831,19,500,15,3000,3000,3000,3000,"fast",0.01,"","separate_mirage","trait1","pp08_power",0.8,0.16
20260831,19,500,15,3000,3000,3000,3000,"fast",0.01,"","separate_mirage","trait1","pp08_fdp",0.8,0
20260831,19,500,15,3000,3000,3000,3000,"fast",0.01,"","separate_mirage","trait1","pp08_discoveries",0.8,4
20260831,19,500,15,3000,3000,3000,3000,"fast",0.01,"","separate_mirage","trait2","pp08_power",0.8,0.1
20260831,19,500,15,3000,3000,3000,3000,"fast",0.01,"","separate_mirage","trait2","pp08_fdp",0.8,0
20260831,19,500,15,3000,3000,3000,3000,"fast",0.01,"","separate_mirage","trait2","pp08_discoveries",0.8,1
20260831,19,500,15,3000,3000,3000,3000,"fast",0.01,"","separate_mirage","pleiotropy","pp08_power",0.8,0
20260831,19,500,15,3000,3000,3000,3000,"fast",0.01,"","separate_mirage","pleiotropy","pp08_fdp",0.8,0
20260831,19,500,15,3000,3000,3000,3000,"fast",0.01,"","separate_mirage","pleiotropy","pp08_discoveries",0.8,0
20260831,19,500,15,3000,3000,3000,3000,"fast",0.01,"","separate_mirage","trait1","bfdr_observed_fdp",0.01,0
20260831,19,500,15,3000,3000,3000,3000,"fast",0.01,"","separate_mirage","trait1","bfdr_estimate",0.01,0.00473210608608493
20260831,19,500,15,3000,3000,3000,3000,"fast",0.01,"","separate_mirage","trait1","bfdr_power",0.01,0.08
20260831,19,500,15,3000,3000,3000,3000,"fast",0.01,"","separate_mirage","trait1","bfdr_discoveries",0.01,2
20260831,19,500,15,3000,3000,3000,3000,"fast",0.01,"","separate_mirage","trait1","bfdr_observed_fdp",0.05,0
20260831,19,500,15,3000,3000,3000,3000,"fast",0.01,"","separate_mirage","trait1","bfdr_estimate",0.05,0.0183667004755517
20260831,19,500,15,3000,3000,3000,3000,"fast",0.01,"","separate_mirage","trait1","bfdr_power",0.05,0.16
20260831,19,500,15,3000,3000,3000,3000,"fast",0.01,"","separate_mirage","trait1","bfdr_discoveries",0.05,4
20260831,19,500,15,3000,3000,3000,3000,"fast",0.01,"","separate_mirage","trait1","bfdr_observed_fdp",0.1,0
20260831,19,500,15,3000,3000,3000,3000,"fast",0.01,"","separate_mirage","trait1","bfdr_estimate",0.1,0.0183667004755517
20260831,19,500,15,3000,3000,3000,3000,"fast",0.01,"","separate_mirage","trait1","bfdr_power",0.1,0.16
20260831,19,500,15,3000,3000,3000,3000,"fast",0.01,"","separate_mirage","trait1","bfdr_discoveries",0.1,4
20260831,19,500,15,3000,3000,3000,3000,"fast",0.01,"","separate_mirage","trait1","bfdr_observed_fdp",0.2,0.333333333333333
20260831,19,500,15,3000,3000,3000,3000,"fast",0.01,"","separate_mirage","trait1","bfdr_estimate",0.2,0.176658820451403
20260831,19,500,15,3000,3000,3000,3000,"fast",0.01,"","separate_mirage","trait1","bfdr_power",0.2,0.16
20260831,19,500,15,3000,3000,3000,3000,"fast",0.01,"","separate_mirage","trait1","bfdr_discoveries",0.2,6
20260831,19,500,15,3000,3000,3000,3000,"fast",0.01,"","separate_mirage","trait2","bfdr_observed_fdp",0.01,0
20260831,19,500,15,3000,3000,3000,3000,"fast",0.01,"","separate_mirage","trait2","bfdr_estimate",0.01,0
20260831,19,500,15,3000,3000,3000,3000,"fast",0.01,"","separate_mirage","trait2","bfdr_power",0.01,0
20260831,19,500,15,3000,3000,3000,3000,"fast",0.01,"","separate_mirage","trait2","bfdr_discoveries",0.01,0
20260831,19,500,15,3000,3000,3000,3000,"fast",0.01,"","separate_mirage","trait2","bfdr_observed_fdp",0.05,0
20260831,19,500,15,3000,3000,3000,3000,"fast",0.01,"","separate_mirage","trait2","bfdr_estimate",0.05,0
20260831,19,500,15,3000,3000,3000,3000,"fast",0.01,"","separate_mirage","trait2","bfdr_power",0.05,0
20260831,19,500,15,3000,3000,3000,3000,"fast",0.01,"","separate_mirage","trait2","bfdr_discoveries",0.05,0
20260831,19,500,15,3000,3000,3000,3000,"fast",0.01,"","separate_mirage","trait2","bfdr_observed_fdp",0.1,0
20260831,19,500,15,3000,3000,3000,3000,"fast",0.01,"","separate_mirage","trait2","bfdr_estimate",0.1,0.0597169028036826
20260831,19,500,15,3000,3000,3000,3000,"fast",0.01,"","separate_mirage","trait2","bfdr_power",0.1,0.1
20260831,19,500,15,3000,3000,3000,3000,"fast",0.01,"","separate_mirage","trait2","bfdr_discoveries",0.1,1
20260831,19,500,15,3000,3000,3000,3000,"fast",0.01,"","separate_mirage","trait2","bfdr_observed_fdp",0.2,0
20260831,19,500,15,3000,3000,3000,3000,"fast",0.01,"","separate_mirage","trait2","bfdr_estimate",0.2,0.156842316835407
20260831,19,500,15,3000,3000,3000,3000,"fast",0.01,"","separate_mirage","trait2","bfdr_power",0.2,0.2
20260831,19,500,15,3000,3000,3000,3000,"fast",0.01,"","separate_mirage","trait2","bfdr_discoveries",0.2,2
20260831,19,500,15,3000,3000,3000,3000,"fast",0.01,"","separate_mirage","pleiotropy","bfdr_observed_fdp",0.01,0
20260831,19,500,15,3000,3000,3000,3000,"fast",0.01,"","separate_mirage","pleiotropy","bfdr_estimate",0.01,0
20260831,19,500,15,3000,3000,3000,3000,"fast",0.01,"","separate_mirage","pleiotropy","bfdr_power",0.01,0
20260831,19,500,15,3000,3000,3000,3000,"fast",0.01,"","separate_mirage","pleiotropy","bfdr_discoveries",0.01,0
20260831,19,500,15,3000,3000,3000,3000,"fast",0.01,"","separate_mirage","pleiotropy","bfdr_observed_fdp",0.05,0
20260831,19,500,15,3000,3000,3000,3000,"fast",0.01,"","separate_mirage","pleiotropy","bfdr_estimate",0.05,0
20260831,19,500,15,3000,3000,3000,3000,"fast",0.01,"","separate_mirage","pleiotropy","bfdr_power",0.05,0
20260831,19,500,15,3000,3000,3000,3000,"fast",0.01,"","separate_mirage","pleiotropy","bfdr_discoveries",0.05,0
20260831,19,500,15,3000,3000,3000,3000,"fast",0.01,"","separate_mirage","pleiotropy","bfdr_observed_fdp",0.1,0
20260831,19,500,15,3000,3000,3000,3000,"fast",0.01,"","separate_mirage","pleiotropy","bfdr_estimate",0.1,0
20260831,19,500,15,3000,3000,3000,3000,"fast",0.01,"","separate_mirage","pleiotropy","bfdr_power",0.1,0
20260831,19,500,15,3000,3000,3000,3000,"fast",0.01,"","separate_mirage","pleiotropy","bfdr_discoveries",0.1,0
20260831,19,500,15,3000,3000,3000,3000,"fast",0.01,"","separate_mirage","pleiotropy","bfdr_observed_fdp",0.2,0
20260831,19,500,15,3000,3000,3000,3000,"fast",0.01,"","separate_mirage","pleiotropy","bfdr_estimate",0.2,0
20260831,19,500,15,3000,3000,3000,3000,"fast",0.01,"","separate_mirage","pleiotropy","bfdr_power",0.2,0
20260831,19,500,15,3000,3000,3000,3000,"fast",0.01,"","separate_mirage","pleiotropy","bfdr_discoveries",0.2,0
20260831,19,500,15,3000,3000,3000,3000,"fast",0.01,"","separate_mirage","global","runtime_seconds",NA,18.078
20260831,19,500,15,3000,3000,3000,3000,"fast",0.01,"","separate_mirage","pleiotropy","pi11_estimate",NA,0.001
20260831,19,500,15,3000,3000,3000,3000,"fast",0.01,"","mtada_aggregated","trait1","auc",NA,0.785263157894737
20260831,19,500,15,3000,3000,3000,3000,"fast",0.01,"","mtada_aggregated","trait2","auc",NA,0.674081632653061
20260831,19,500,15,3000,3000,3000,3000,"fast",0.01,"","mtada_aggregated","pleiotropy","auc",NA,0.688080808080808
20260831,19,500,15,3000,3000,3000,3000,"fast",0.01,"","mtada_aggregated","trait1","pp08_power",0.8,0.2
20260831,19,500,15,3000,3000,3000,3000,"fast",0.01,"","mtada_aggregated","trait1","pp08_fdp",0.8,0
20260831,19,500,15,3000,3000,3000,3000,"fast",0.01,"","mtada_aggregated","trait1","pp08_discoveries",0.8,5
20260831,19,500,15,3000,3000,3000,3000,"fast",0.01,"","mtada_aggregated","trait2","pp08_power",0.8,0.2
20260831,19,500,15,3000,3000,3000,3000,"fast",0.01,"","mtada_aggregated","trait2","pp08_fdp",0.8,0
20260831,19,500,15,3000,3000,3000,3000,"fast",0.01,"","mtada_aggregated","trait2","pp08_discoveries",0.8,2
20260831,19,500,15,3000,3000,3000,3000,"fast",0.01,"","mtada_aggregated","pleiotropy","pp08_power",0.8,0.2
20260831,19,500,15,3000,3000,3000,3000,"fast",0.01,"","mtada_aggregated","pleiotropy","pp08_fdp",0.8,0
20260831,19,500,15,3000,3000,3000,3000,"fast",0.01,"","mtada_aggregated","pleiotropy","pp08_discoveries",0.8,1
20260831,19,500,15,3000,3000,3000,3000,"fast",0.01,"","mtada_aggregated","trait1","bfdr_observed_fdp",0.01,0
20260831,19,500,15,3000,3000,3000,3000,"fast",0.01,"","mtada_aggregated","trait1","bfdr_estimate",0.01,0.000537610218747181
20260831,19,500,15,3000,3000,3000,3000,"fast",0.01,"","mtada_aggregated","trait1","bfdr_power",0.01,0.16
20260831,19,500,15,3000,3000,3000,3000,"fast",0.01,"","mtada_aggregated","trait1","bfdr_discoveries",0.01,4
20260831,19,500,15,3000,3000,3000,3000,"fast",0.01,"","mtada_aggregated","trait1","bfdr_observed_fdp",0.05,0
20260831,19,500,15,3000,3000,3000,3000,"fast",0.01,"","mtada_aggregated","trait1","bfdr_estimate",0.05,0.010263586217975
20260831,19,500,15,3000,3000,3000,3000,"fast",0.01,"","mtada_aggregated","trait1","bfdr_power",0.05,0.2
20260831,19,500,15,3000,3000,3000,3000,"fast",0.01,"","mtada_aggregated","trait1","bfdr_discoveries",0.05,5
20260831,19,500,15,3000,3000,3000,3000,"fast",0.01,"","mtada_aggregated","trait1","bfdr_observed_fdp",0.1,0
20260831,19,500,15,3000,3000,3000,3000,"fast",0.01,"","mtada_aggregated","trait1","bfdr_estimate",0.1,0.010263586217975
20260831,19,500,15,3000,3000,3000,3000,"fast",0.01,"","mtada_aggregated","trait1","bfdr_power",0.1,0.2
20260831,19,500,15,3000,3000,3000,3000,"fast",0.01,"","mtada_aggregated","trait1","bfdr_discoveries",0.1,5
20260831,19,500,15,3000,3000,3000,3000,"fast",0.01,"","mtada_aggregated","trait1","bfdr_observed_fdp",0.2,0
20260831,19,500,15,3000,3000,3000,3000,"fast",0.01,"","mtada_aggregated","trait1","bfdr_estimate",0.2,0.171613166684581
20260831,19,500,15,3000,3000,3000,3000,"fast",0.01,"","mtada_aggregated","trait1","bfdr_power",0.2,0.28
20260831,19,500,15,3000,3000,3000,3000,"fast",0.01,"","mtada_aggregated","trait1","bfdr_discoveries",0.2,7
20260831,19,500,15,3000,3000,3000,3000,"fast",0.01,"","mtada_aggregated","trait2","bfdr_observed_fdp",0.01,0
20260831,19,500,15,3000,3000,3000,3000,"fast",0.01,"","mtada_aggregated","trait2","bfdr_estimate",0.01,0
20260831,19,500,15,3000,3000,3000,3000,"fast",0.01,"","mtada_aggregated","trait2","bfdr_power",0.01,0
20260831,19,500,15,3000,3000,3000,3000,"fast",0.01,"","mtada_aggregated","trait2","bfdr_discoveries",0.01,0
20260831,19,500,15,3000,3000,3000,3000,"fast",0.01,"","mtada_aggregated","trait2","bfdr_observed_fdp",0.05,0
20260831,19,500,15,3000,3000,3000,3000,"fast",0.01,"","mtada_aggregated","trait2","bfdr_estimate",0.05,0.0398332324667932
20260831,19,500,15,3000,3000,3000,3000,"fast",0.01,"","mtada_aggregated","trait2","bfdr_power",0.05,0.2
20260831,19,500,15,3000,3000,3000,3000,"fast",0.01,"","mtada_aggregated","trait2","bfdr_discoveries",0.05,2
20260831,19,500,15,3000,3000,3000,3000,"fast",0.01,"","mtada_aggregated","trait2","bfdr_observed_fdp",0.1,0
20260831,19,500,15,3000,3000,3000,3000,"fast",0.01,"","mtada_aggregated","trait2","bfdr_estimate",0.1,0.0398332324667932
20260831,19,500,15,3000,3000,3000,3000,"fast",0.01,"","mtada_aggregated","trait2","bfdr_power",0.1,0.2
20260831,19,500,15,3000,3000,3000,3000,"fast",0.01,"","mtada_aggregated","trait2","bfdr_discoveries",0.1,2
20260831,19,500,15,3000,3000,3000,3000,"fast",0.01,"","mtada_aggregated","trait2","bfdr_observed_fdp",0.2,0
20260831,19,500,15,3000,3000,3000,3000,"fast",0.01,"","mtada_aggregated","trait2","bfdr_estimate",0.2,0.0398332324667932
20260831,19,500,15,3000,3000,3000,3000,"fast",0.01,"","mtada_aggregated","trait2","bfdr_power",0.2,0.2
20260831,19,500,15,3000,3000,3000,3000,"fast",0.01,"","mtada_aggregated","trait2","bfdr_discoveries",0.2,2
20260831,19,500,15,3000,3000,3000,3000,"fast",0.01,"","mtada_aggregated","pleiotropy","bfdr_observed_fdp",0.01,0
20260831,19,500,15,3000,3000,3000,3000,"fast",0.01,"","mtada_aggregated","pleiotropy","bfdr_estimate",0.01,0
20260831,19,500,15,3000,3000,3000,3000,"fast",0.01,"","mtada_aggregated","pleiotropy","bfdr_power",0.01,0
20260831,19,500,15,3000,3000,3000,3000,"fast",0.01,"","mtada_aggregated","pleiotropy","bfdr_discoveries",0.01,0
20260831,19,500,15,3000,3000,3000,3000,"fast",0.01,"","mtada_aggregated","pleiotropy","bfdr_observed_fdp",0.05,0
20260831,19,500,15,3000,3000,3000,3000,"fast",0.01,"","mtada_aggregated","pleiotropy","bfdr_estimate",0.05,0
20260831,19,500,15,3000,3000,3000,3000,"fast",0.01,"","mtada_aggregated","pleiotropy","bfdr_power",0.05,0
20260831,19,500,15,3000,3000,3000,3000,"fast",0.01,"","mtada_aggregated","pleiotropy","bfdr_discoveries",0.05,0
20260831,19,500,15,3000,3000,3000,3000,"fast",0.01,"","mtada_aggregated","pleiotropy","bfdr_observed_fdp",0.1,0
20260831,19,500,15,3000,3000,3000,3000,"fast",0.01,"","mtada_aggregated","pleiotropy","bfdr_estimate",0.1,0.0646413361293007
20260831,19,500,15,3000,3000,3000,3000,"fast",0.01,"","mtada_aggregated","pleiotropy","bfdr_power",0.1,0.2
20260831,19,500,15,3000,3000,3000,3000,"fast",0.01,"","mtada_aggregated","pleiotropy","bfdr_discoveries",0.1,1
20260831,19,500,15,3000,3000,3000,3000,"fast",0.01,"","mtada_aggregated","pleiotropy","bfdr_observed_fdp",0.2,0
20260831,19,500,15,3000,3000,3000,3000,"fast",0.01,"","mtada_aggregated","pleiotropy","bfdr_estimate",0.2,0.0646413361293007
20260831,19,500,15,3000,3000,3000,3000,"fast",0.01,"","mtada_aggregated","pleiotropy","bfdr_power",0.2,0.2
20260831,19,500,15,3000,3000,3000,3000,"fast",0.01,"","mtada_aggregated","pleiotropy","bfdr_discoveries",0.2,1
20260831,19,500,15,3000,3000,3000,3000,"fast",0.01,"","mtada_aggregated","global","runtime_seconds",NA,0.681999999999988
20260831,19,500,15,3000,3000,3000,3000,"fast",0.01,"","mtada_aggregated","pleiotropy","pi11_estimate",NA,0.0174168297455969
20260832,20,500,15,3000,3000,3000,3000,"fast",0.01,"","mirage_joint","trait1","auc",NA,0.674863157894737
20260832,20,500,15,3000,3000,3000,3000,"fast",0.01,"","mirage_joint","trait2","auc",NA,0.671020408163265
20260832,20,500,15,3000,3000,3000,3000,"fast",0.01,"","mirage_joint","pleiotropy","auc",NA,0.816565656565657
20260832,20,500,15,3000,3000,3000,3000,"fast",0.01,"","mirage_joint","trait1","pp08_power",0.8,0.08
20260832,20,500,15,3000,3000,3000,3000,"fast",0.01,"","mirage_joint","trait1","pp08_fdp",0.8,0
20260832,20,500,15,3000,3000,3000,3000,"fast",0.01,"","mirage_joint","trait1","pp08_discoveries",0.8,2
20260832,20,500,15,3000,3000,3000,3000,"fast",0.01,"","mirage_joint","trait2","pp08_power",0.8,0.2
20260832,20,500,15,3000,3000,3000,3000,"fast",0.01,"","mirage_joint","trait2","pp08_fdp",0.8,0.6
20260832,20,500,15,3000,3000,3000,3000,"fast",0.01,"","mirage_joint","trait2","pp08_discoveries",0.8,5
20260832,20,500,15,3000,3000,3000,3000,"fast",0.01,"","mirage_joint","pleiotropy","pp08_power",0.8,0.2
20260832,20,500,15,3000,3000,3000,3000,"fast",0.01,"","mirage_joint","pleiotropy","pp08_fdp",0.8,0.5
20260832,20,500,15,3000,3000,3000,3000,"fast",0.01,"","mirage_joint","pleiotropy","pp08_discoveries",0.8,2
20260832,20,500,15,3000,3000,3000,3000,"fast",0.01,"","mirage_joint","trait1","bfdr_observed_fdp",0.01,0
20260832,20,500,15,3000,3000,3000,3000,"fast",0.01,"","mirage_joint","trait1","bfdr_estimate",0.01,1.05347844292503e-05
20260832,20,500,15,3000,3000,3000,3000,"fast",0.01,"","mirage_joint","trait1","bfdr_power",0.01,0.04
20260832,20,500,15,3000,3000,3000,3000,"fast",0.01,"","mirage_joint","trait1","bfdr_discoveries",0.01,1
20260832,20,500,15,3000,3000,3000,3000,"fast",0.01,"","mirage_joint","trait1","bfdr_observed_fdp",0.05,0
20260832,20,500,15,3000,3000,3000,3000,"fast",0.01,"","mirage_joint","trait1","bfdr_estimate",0.05,0.0162402967167178
20260832,20,500,15,3000,3000,3000,3000,"fast",0.01,"","mirage_joint","trait1","bfdr_power",0.05,0.08
20260832,20,500,15,3000,3000,3000,3000,"fast",0.01,"","mirage_joint","trait1","bfdr_discoveries",0.05,2
20260832,20,500,15,3000,3000,3000,3000,"fast",0.01,"","mirage_joint","trait1","bfdr_observed_fdp",0.1,0
20260832,20,500,15,3000,3000,3000,3000,"fast",0.01,"","mirage_joint","trait1","bfdr_estimate",0.1,0.0863463069342843
20260832,20,500,15,3000,3000,3000,3000,"fast",0.01,"","mirage_joint","trait1","bfdr_power",0.1,0.12
20260832,20,500,15,3000,3000,3000,3000,"fast",0.01,"","mirage_joint","trait1","bfdr_discoveries",0.1,3
20260832,20,500,15,3000,3000,3000,3000,"fast",0.01,"","mirage_joint","trait1","bfdr_observed_fdp",0.2,0
20260832,20,500,15,3000,3000,3000,3000,"fast",0.01,"","mirage_joint","trait1","bfdr_estimate",0.2,0.156963673314863
20260832,20,500,15,3000,3000,3000,3000,"fast",0.01,"","mirage_joint","trait1","bfdr_power",0.2,0.2
20260832,20,500,15,3000,3000,3000,3000,"fast",0.01,"","mirage_joint","trait1","bfdr_discoveries",0.2,5
20260832,20,500,15,3000,3000,3000,3000,"fast",0.01,"","mirage_joint","trait2","bfdr_observed_fdp",0.01,0
20260832,20,500,15,3000,3000,3000,3000,"fast",0.01,"","mirage_joint","trait2","bfdr_estimate",0.01,0.00919347106548368
20260832,20,500,15,3000,3000,3000,3000,"fast",0.01,"","mirage_joint","trait2","bfdr_power",0.01,0.2
20260832,20,500,15,3000,3000,3000,3000,"fast",0.01,"","mirage_joint","trait2","bfdr_discoveries",0.01,2
20260832,20,500,15,3000,3000,3000,3000,"fast",0.01,"","mirage_joint","trait2","bfdr_observed_fdp",0.05,0.333333333333333
20260832,20,500,15,3000,3000,3000,3000,"fast",0.01,"","mirage_joint","trait2","bfdr_estimate",0.05,0.0293888396791472
20260832,20,500,15,3000,3000,3000,3000,"fast",0.01,"","mirage_joint","trait2","bfdr_power",0.05,0.2
20260832,20,500,15,3000,3000,3000,3000,"fast",0.01,"","mirage_joint","trait2","bfdr_discoveries",0.05,3
20260832,20,500,15,3000,3000,3000,3000,"fast",0.01,"","mirage_joint","trait2","bfdr_observed_fdp",0.1,0.6
20260832,20,500,15,3000,3000,3000,3000,"fast",0.01,"","mirage_joint","trait2","bfdr_estimate",0.1,0.078692480059964
20260832,20,500,15,3000,3000,3000,3000,"fast",0.01,"","mirage_joint","trait2","bfdr_power",0.1,0.2
20260832,20,500,15,3000,3000,3000,3000,"fast",0.01,"","mirage_joint","trait2","bfdr_discoveries",0.1,5
20260832,20,500,15,3000,3000,3000,3000,"fast",0.01,"","mirage_joint","trait2","bfdr_observed_fdp",0.2,0.75
20260832,20,500,15,3000,3000,3000,3000,"fast",0.01,"","mirage_joint","trait2","bfdr_estimate",0.2,0.181062513175258
20260832,20,500,15,3000,3000,3000,3000,"fast",0.01,"","mirage_joint","trait2","bfdr_power",0.2,0.2
20260832,20,500,15,3000,3000,3000,3000,"fast",0.01,"","mirage_joint","trait2","bfdr_discoveries",0.2,8
20260832,20,500,15,3000,3000,3000,3000,"fast",0.01,"","mirage_joint","pleiotropy","bfdr_observed_fdp",0.01,0
20260832,20,500,15,3000,3000,3000,3000,"fast",0.01,"","mirage_joint","pleiotropy","bfdr_estimate",0.01,0
20260832,20,500,15,3000,3000,3000,3000,"fast",0.01,"","mirage_joint","pleiotropy","bfdr_power",0.01,0
20260832,20,500,15,3000,3000,3000,3000,"fast",0.01,"","mirage_joint","pleiotropy","bfdr_discoveries",0.01,0
20260832,20,500,15,3000,3000,3000,3000,"fast",0.01,"","mirage_joint","pleiotropy","bfdr_observed_fdp",0.05,0
20260832,20,500,15,3000,3000,3000,3000,"fast",0.01,"","mirage_joint","pleiotropy","bfdr_estimate",0.05,0.0397519689070041
20260832,20,500,15,3000,3000,3000,3000,"fast",0.01,"","mirage_joint","pleiotropy","bfdr_power",0.05,0.2
20260832,20,500,15,3000,3000,3000,3000,"fast",0.01,"","mirage_joint","pleiotropy","bfdr_discoveries",0.05,1
20260832,20,500,15,3000,3000,3000,3000,"fast",0.01,"","mirage_joint","pleiotropy","bfdr_observed_fdp",0.1,0.5
20260832,20,500,15,3000,3000,3000,3000,"fast",0.01,"","mirage_joint","pleiotropy","bfdr_estimate",0.1,0.0547666310335844
20260832,20,500,15,3000,3000,3000,3000,"fast",0.01,"","mirage_joint","pleiotropy","bfdr_power",0.1,0.2
20260832,20,500,15,3000,3000,3000,3000,"fast",0.01,"","mirage_joint","pleiotropy","bfdr_discoveries",0.1,2
20260832,20,500,15,3000,3000,3000,3000,"fast",0.01,"","mirage_joint","pleiotropy","bfdr_observed_fdp",0.2,0.666666666666667
20260832,20,500,15,3000,3000,3000,3000,"fast",0.01,"","mirage_joint","pleiotropy","bfdr_estimate",0.2,0.14361346693259
20260832,20,500,15,3000,3000,3000,3000,"fast",0.01,"","mirage_joint","pleiotropy","bfdr_power",0.2,0.2
20260832,20,500,15,3000,3000,3000,3000,"fast",0.01,"","mirage_joint","pleiotropy","bfdr_discoveries",0.2,3
20260832,20,500,15,3000,3000,3000,3000,"fast",0.01,"","mirage_joint","global","runtime_seconds",NA,18.1
20260832,20,500,15,3000,3000,3000,3000,"fast",0.01,"","mirage_joint","pleiotropy","pi11_estimate",NA,0.056110058532901
20260832,20,500,15,3000,3000,3000,3000,"fast",0.01,"","separate_mirage","trait1","auc",NA,0.695242105263158
20260832,20,500,15,3000,3000,3000,3000,"fast",0.01,"","separate_mirage","trait2","auc",NA,0.605510204081633
20260832,20,500,15,3000,3000,3000,3000,"fast",0.01,"","separate_mirage","pleiotropy","auc",NA,0.817373737373737
20260832,20,500,15,3000,3000,3000,3000,"fast",0.01,"","separate_mirage","trait1","pp08_power",0.8,0.2
20260832,20,500,15,3000,3000,3000,3000,"fast",0.01,"","separate_mirage","trait1","pp08_fdp",0.8,0
20260832,20,500,15,3000,3000,3000,3000,"fast",0.01,"","separate_mirage","trait1","pp08_discoveries",0.8,5
20260832,20,500,15,3000,3000,3000,3000,"fast",0.01,"","separate_mirage","trait2","pp08_power",0.8,0.1
20260832,20,500,15,3000,3000,3000,3000,"fast",0.01,"","separate_mirage","trait2","pp08_fdp",0.8,0
20260832,20,500,15,3000,3000,3000,3000,"fast",0.01,"","separate_mirage","trait2","pp08_discoveries",0.8,1
20260832,20,500,15,3000,3000,3000,3000,"fast",0.01,"","separate_mirage","pleiotropy","pp08_power",0.8,0
20260832,20,500,15,3000,3000,3000,3000,"fast",0.01,"","separate_mirage","pleiotropy","pp08_fdp",0.8,0
20260832,20,500,15,3000,3000,3000,3000,"fast",0.01,"","separate_mirage","pleiotropy","pp08_discoveries",0.8,0
20260832,20,500,15,3000,3000,3000,3000,"fast",0.01,"","separate_mirage","trait1","bfdr_observed_fdp",0.01,0
20260832,20,500,15,3000,3000,3000,3000,"fast",0.01,"","separate_mirage","trait1","bfdr_estimate",0.01,1.94856625701512e-05
20260832,20,500,15,3000,3000,3000,3000,"fast",0.01,"","separate_mirage","trait1","bfdr_power",0.01,0.04
20260832,20,500,15,3000,3000,3000,3000,"fast",0.01,"","separate_mirage","trait1","bfdr_discoveries",0.01,1
20260832,20,500,15,3000,3000,3000,3000,"fast",0.01,"","separate_mirage","trait1","bfdr_observed_fdp",0.05,0
20260832,20,500,15,3000,3000,3000,3000,"fast",0.01,"","separate_mirage","trait1","bfdr_estimate",0.05,1.94856625701512e-05
20260832,20,500,15,3000,3000,3000,3000,"fast",0.01,"","separate_mirage","trait1","bfdr_power",0.05,0.04
20260832,20,500,15,3000,3000,3000,3000,"fast",0.01,"","separate_mirage","trait1","bfdr_discoveries",0.05,1
20260832,20,500,15,3000,3000,3000,3000,"fast",0.01,"","separate_mirage","trait1","bfdr_observed_fdp",0.1,0
20260832,20,500,15,3000,3000,3000,3000,"fast",0.01,"","separate_mirage","trait1","bfdr_estimate",0.1,0.0895336031008349
20260832,20,500,15,3000,3000,3000,3000,"fast",0.01,"","separate_mirage","trait1","bfdr_power",0.1,0.16
20260832,20,500,15,3000,3000,3000,3000,"fast",0.01,"","separate_mirage","trait1","bfdr_discoveries",0.1,4
20260832,20,500,15,3000,3000,3000,3000,"fast",0.01,"","separate_mirage","trait1","bfdr_observed_fdp",0.2,0
20260832,20,500,15,3000,3000,3000,3000,"fast",0.01,"","separate_mirage","trait1","bfdr_estimate",0.2,0.175910112782055
20260832,20,500,15,3000,3000,3000,3000,"fast",0.01,"","separate_mirage","trait1","bfdr_power",0.2,0.28
20260832,20,500,15,3000,3000,3000,3000,"fast",0.01,"","separate_mirage","trait1","bfdr_discoveries",0.2,7
20260832,20,500,15,3000,3000,3000,3000,"fast",0.01,"","separate_mirage","trait2","bfdr_observed_fdp",0.01,0
20260832,20,500,15,3000,3000,3000,3000,"fast",0.01,"","separate_mirage","trait2","bfdr_estimate",0.01,3.43409543961393e-05
20260832,20,500,15,3000,3000,3000,3000,"fast",0.01,"","separate_mirage","trait2","bfdr_power",0.01,0.1
20260832,20,500,15,3000,3000,3000,3000,"fast",0.01,"","separate_mirage","trait2","bfdr_discoveries",0.01,1
20260832,20,500,15,3000,3000,3000,3000,"fast",0.01,"","separate_mirage","trait2","bfdr_observed_fdp",0.05,0
20260832,20,500,15,3000,3000,3000,3000,"fast",0.01,"","separate_mirage","trait2","bfdr_estimate",0.05,3.43409543961393e-05
20260832,20,500,15,3000,3000,3000,3000,"fast",0.01,"","separate_mirage","trait2","bfdr_power",0.05,0.1
20260832,20,500,15,3000,3000,3000,3000,"fast",0.01,"","separate_mirage","trait2","bfdr_discoveries",0.05,1
20260832,20,500,15,3000,3000,3000,3000,"fast",0.01,"","separate_mirage","trait2","bfdr_observed_fdp",0.1,0
20260832,20,500,15,3000,3000,3000,3000,"fast",0.01,"","separate_mirage","trait2","bfdr_estimate",0.1,3.43409543961393e-05
20260832,20,500,15,3000,3000,3000,3000,"fast",0.01,"","separate_mirage","trait2","bfdr_power",0.1,0.1
20260832,20,500,15,3000,3000,3000,3000,"fast",0.01,"","separate_mirage","trait2","bfdr_discoveries",0.1,1
20260832,20,500,15,3000,3000,3000,3000,"fast",0.01,"","separate_mirage","trait2","bfdr_observed_fdp",0.2,0.5
20260832,20,500,15,3000,3000,3000,3000,"fast",0.01,"","separate_mirage","trait2","bfdr_estimate",0.2,0.163438061462526
20260832,20,500,15,3000,3000,3000,3000,"fast",0.01,"","separate_mirage","trait2","bfdr_power",0.2,0.1
20260832,20,500,15,3000,3000,3000,3000,"fast",0.01,"","separate_mirage","trait2","bfdr_discoveries",0.2,2
20260832,20,500,15,3000,3000,3000,3000,"fast",0.01,"","separate_mirage","pleiotropy","bfdr_observed_fdp",0.01,0
20260832,20,500,15,3000,3000,3000,3000,"fast",0.01,"","separate_mirage","pleiotropy","bfdr_estimate",0.01,0
20260832,20,500,15,3000,3000,3000,3000,"fast",0.01,"","separate_mirage","pleiotropy","bfdr_power",0.01,0
20260832,20,500,15,3000,3000,3000,3000,"fast",0.01,"","separate_mirage","pleiotropy","bfdr_discoveries",0.01,0
20260832,20,500,15,3000,3000,3000,3000,"fast",0.01,"","separate_mirage","pleiotropy","bfdr_observed_fdp",0.05,0
20260832,20,500,15,3000,3000,3000,3000,"fast",0.01,"","separate_mirage","pleiotropy","bfdr_estimate",0.05,0
20260832,20,500,15,3000,3000,3000,3000,"fast",0.01,"","separate_mirage","pleiotropy","bfdr_power",0.05,0
20260832,20,500,15,3000,3000,3000,3000,"fast",0.01,"","separate_mirage","pleiotropy","bfdr_discoveries",0.05,0
20260832,20,500,15,3000,3000,3000,3000,"fast",0.01,"","separate_mirage","pleiotropy","bfdr_observed_fdp",0.1,0
20260832,20,500,15,3000,3000,3000,3000,"fast",0.01,"","separate_mirage","pleiotropy","bfdr_estimate",0.1,0
20260832,20,500,15,3000,3000,3000,3000,"fast",0.01,"","separate_mirage","pleiotropy","bfdr_power",0.1,0
20260832,20,500,15,3000,3000,3000,3000,"fast",0.01,"","separate_mirage","pleiotropy","bfdr_discoveries",0.1,0
20260832,20,500,15,3000,3000,3000,3000,"fast",0.01,"","separate_mirage","pleiotropy","bfdr_observed_fdp",0.2,0
20260832,20,500,15,3000,3000,3000,3000,"fast",0.01,"","separate_mirage","pleiotropy","bfdr_estimate",0.2,0
20260832,20,500,15,3000,3000,3000,3000,"fast",0.01,"","separate_mirage","pleiotropy","bfdr_power",0.2,0
20260832,20,500,15,3000,3000,3000,3000,"fast",0.01,"","separate_mirage","pleiotropy","bfdr_discoveries",0.2,0
20260832,20,500,15,3000,3000,3000,3000,"fast",0.01,"","separate_mirage","global","runtime_seconds",NA,18.091
20260832,20,500,15,3000,3000,3000,3000,"fast",0.01,"","separate_mirage","pleiotropy","pi11_estimate",NA,0.001
20260832,20,500,15,3000,3000,3000,3000,"fast",0.01,"","mtada_aggregated","trait1","auc",NA,0.710652631578947
20260832,20,500,15,3000,3000,3000,3000,"fast",0.01,"","mtada_aggregated","trait2","auc",NA,0.756530612244898
20260832,20,500,15,3000,3000,3000,3000,"fast",0.01,"","mtada_aggregated","pleiotropy","auc",NA,0.865454545454545
20260832,20,500,15,3000,3000,3000,3000,"fast",0.01,"","mtada_aggregated","trait1","pp08_power",0.8,0.2
20260832,20,500,15,3000,3000,3000,3000,"fast",0.01,"","mtada_aggregated","trait1","pp08_fdp",0.8,0
20260832,20,500,15,3000,3000,3000,3000,"fast",0.01,"","mtada_aggregated","trait1","pp08_discoveries",0.8,5
20260832,20,500,15,3000,3000,3000,3000,"fast",0.01,"","mtada_aggregated","trait2","pp08_power",0.8,0.2
20260832,20,500,15,3000,3000,3000,3000,"fast",0.01,"","mtada_aggregated","trait2","pp08_fdp",0.8,0
20260832,20,500,15,3000,3000,3000,3000,"fast",0.01,"","mtada_aggregated","trait2","pp08_discoveries",0.8,2
20260832,20,500,15,3000,3000,3000,3000,"fast",0.01,"","mtada_aggregated","pleiotropy","pp08_power",0.8,0.2
20260832,20,500,15,3000,3000,3000,3000,"fast",0.01,"","mtada_aggregated","pleiotropy","pp08_fdp",0.8,0
20260832,20,500,15,3000,3000,3000,3000,"fast",0.01,"","mtada_aggregated","pleiotropy","pp08_discoveries",0.8,1
20260832,20,500,15,3000,3000,3000,3000,"fast",0.01,"","mtada_aggregated","trait1","bfdr_observed_fdp",0.01,0
20260832,20,500,15,3000,3000,3000,3000,"fast",0.01,"","mtada_aggregated","trait1","bfdr_estimate",0.01,0.008146516119153
20260832,20,500,15,3000,3000,3000,3000,"fast",0.01,"","mtada_aggregated","trait1","bfdr_power",0.01,0.2
20260832,20,500,15,3000,3000,3000,3000,"fast",0.01,"","mtada_aggregated","trait1","bfdr_discoveries",0.01,5
20260832,20,500,15,3000,3000,3000,3000,"fast",0.01,"","mtada_aggregated","trait1","bfdr_observed_fdp",0.05,0
20260832,20,500,15,3000,3000,3000,3000,"fast",0.01,"","mtada_aggregated","trait1","bfdr_estimate",0.05,0.008146516119153
20260832,20,500,15,3000,3000,3000,3000,"fast",0.01,"","mtada_aggregated","trait1","bfdr_power",0.05,0.2
20260832,20,500,15,3000,3000,3000,3000,"fast",0.01,"","mtada_aggregated","trait1","bfdr_discoveries",0.05,5
20260832,20,500,15,3000,3000,3000,3000,"fast",0.01,"","mtada_aggregated","trait1","bfdr_observed_fdp",0.1,0
20260832,20,500,15,3000,3000,3000,3000,"fast",0.01,"","mtada_aggregated","trait1","bfdr_estimate",0.1,0.008146516119153
20260832,20,500,15,3000,3000,3000,3000,"fast",0.01,"","mtada_aggregated","trait1","bfdr_power",0.1,0.2
20260832,20,500,15,3000,3000,3000,3000,"fast",0.01,"","mtada_aggregated","trait1","bfdr_discoveries",0.1,5
20260832,20,500,15,3000,3000,3000,3000,"fast",0.01,"","mtada_aggregated","trait1","bfdr_observed_fdp",0.2,0
20260832,20,500,15,3000,3000,3000,3000,"fast",0.01,"","mtada_aggregated","trait1","bfdr_estimate",0.2,0.171870065677047
20260832,20,500,15,3000,3000,3000,3000,"fast",0.01,"","mtada_aggregated","trait1","bfdr_power",0.2,0.28
20260832,20,500,15,3000,3000,3000,3000,"fast",0.01,"","mtada_aggregated","trait1","bfdr_discoveries",0.2,7
20260832,20,500,15,3000,3000,3000,3000,"fast",0.01,"","mtada_aggregated","trait2","bfdr_observed_fdp",0.01,0
20260832,20,500,15,3000,3000,3000,3000,"fast",0.01,"","mtada_aggregated","trait2","bfdr_estimate",0.01,0.00539701810946563
20260832,20,500,15,3000,3000,3000,3000,"fast",0.01,"","mtada_aggregated","trait2","bfdr_power",0.01,0.2
20260832,20,500,15,3000,3000,3000,3000,"fast",0.01,"","mtada_aggregated","trait2","bfdr_discoveries",0.01,2
20260832,20,500,15,3000,3000,3000,3000,"fast",0.01,"","mtada_aggregated","trait2","bfdr_observed_fdp",0.05,0
20260832,20,500,15,3000,3000,3000,3000,"fast",0.01,"","mtada_aggregated","trait2","bfdr_estimate",0.05,0.00539701810946563
20260832,20,500,15,3000,3000,3000,3000,"fast",0.01,"","mtada_aggregated","trait2","bfdr_power",0.05,0.2
20260832,20,500,15,3000,3000,3000,3000,"fast",0.01,"","mtada_aggregated","trait2","bfdr_discoveries",0.05,2
20260832,20,500,15,3000,3000,3000,3000,"fast",0.01,"","mtada_aggregated","trait2","bfdr_observed_fdp",0.1,0
20260832,20,500,15,3000,3000,3000,3000,"fast",0.01,"","mtada_aggregated","trait2","bfdr_estimate",0.1,0.00539701810946563
20260832,20,500,15,3000,3000,3000,3000,"fast",0.01,"","mtada_aggregated","trait2","bfdr_power",0.1,0.2
20260832,20,500,15,3000,3000,3000,3000,"fast",0.01,"","mtada_aggregated","trait2","bfdr_discoveries",0.1,2
20260832,20,500,15,3000,3000,3000,3000,"fast",0.01,"","mtada_aggregated","trait2","bfdr_observed_fdp",0.2,0
20260832,20,500,15,3000,3000,3000,3000,"fast",0.01,"","mtada_aggregated","trait2","bfdr_estimate",0.2,0.00539701810946563
20260832,20,500,15,3000,3000,3000,3000,"fast",0.01,"","mtada_aggregated","trait2","bfdr_power",0.2,0.2
20260832,20,500,15,3000,3000,3000,3000,"fast",0.01,"","mtada_aggregated","trait2","bfdr_discoveries",0.2,2
20260832,20,500,15,3000,3000,3000,3000,"fast",0.01,"","mtada_aggregated","pleiotropy","bfdr_observed_fdp",0.01,0
20260832,20,500,15,3000,3000,3000,3000,"fast",0.01,"","mtada_aggregated","pleiotropy","bfdr_estimate",0.01,0
20260832,20,500,15,3000,3000,3000,3000,"fast",0.01,"","mtada_aggregated","pleiotropy","bfdr_power",0.01,0
20260832,20,500,15,3000,3000,3000,3000,"fast",0.01,"","mtada_aggregated","pleiotropy","bfdr_discoveries",0.01,0
20260832,20,500,15,3000,3000,3000,3000,"fast",0.01,"","mtada_aggregated","pleiotropy","bfdr_observed_fdp",0.05,0
20260832,20,500,15,3000,3000,3000,3000,"fast",0.01,"","mtada_aggregated","pleiotropy","bfdr_estimate",0.05,0.0115744583290733
20260832,20,500,15,3000,3000,3000,3000,"fast",0.01,"","mtada_aggregated","pleiotropy","bfdr_power",0.05,0.2
20260832,20,500,15,3000,3000,3000,3000,"fast",0.01,"","mtada_aggregated","pleiotropy","bfdr_discoveries",0.05,1
20260832,20,500,15,3000,3000,3000,3000,"fast",0.01,"","mtada_aggregated","pleiotropy","bfdr_observed_fdp",0.1,0
20260832,20,500,15,3000,3000,3000,3000,"fast",0.01,"","mtada_aggregated","pleiotropy","bfdr_estimate",0.1,0.0115744583290733
20260832,20,500,15,3000,3000,3000,3000,"fast",0.01,"","mtada_aggregated","pleiotropy","bfdr_power",0.1,0.2
20260832,20,500,15,3000,3000,3000,3000,"fast",0.01,"","mtada_aggregated","pleiotropy","bfdr_discoveries",0.1,1
20260832,20,500,15,3000,3000,3000,3000,"fast",0.01,"","mtada_aggregated","pleiotropy","bfdr_observed_fdp",0.2,0
20260832,20,500,15,3000,3000,3000,3000,"fast",0.01,"","mtada_aggregated","pleiotropy","bfdr_estimate",0.2,0.0115744583290733
20260832,20,500,15,3000,3000,3000,3000,"fast",0.01,"","mtada_aggregated","pleiotropy","bfdr_power",0.2,0.2
20260832,20,500,15,3000,3000,3000,3000,"fast",0.01,"","mtada_aggregated","pleiotropy","bfdr_discoveries",0.2,1
20260832,20,500,15,3000,3000,3000,3000,"fast",0.01,"","mtada_aggregated","global","runtime_seconds",NA,0.689000000000021
20260832,20,500,15,3000,3000,3000,3000,"fast",0.01,"","mtada_aggregated","pleiotropy","pi11_estimate",NA,0.0147521
20260833,21,500,15,3000,3000,3000,3000,"fast",0.01,"","mirage_joint","trait1","auc",NA,0.699536842105263
20260833,21,500,15,3000,3000,3000,3000,"fast",0.01,"","mirage_joint","trait2","auc",NA,0.478775510204082
20260833,21,500,15,3000,3000,3000,3000,"fast",0.01,"","mirage_joint","pleiotropy","auc",NA,0.707070707070707
20260833,21,500,15,3000,3000,3000,3000,"fast",0.01,"","mirage_joint","trait1","pp08_power",0.8,0.12
20260833,21,500,15,3000,3000,3000,3000,"fast",0.01,"","mirage_joint","trait1","pp08_fdp",0.8,0
20260833,21,500,15,3000,3000,3000,3000,"fast",0.01,"","mirage_joint","trait1","pp08_discoveries",0.8,3
20260833,21,500,15,3000,3000,3000,3000,"fast",0.01,"","mirage_joint","trait2","pp08_power",0.8,0
20260833,21,500,15,3000,3000,3000,3000,"fast",0.01,"","mirage_joint","trait2","pp08_fdp",0.8,0
20260833,21,500,15,3000,3000,3000,3000,"fast",0.01,"","mirage_joint","trait2","pp08_discoveries",0.8,0
20260833,21,500,15,3000,3000,3000,3000,"fast",0.01,"","mirage_joint","pleiotropy","pp08_power",0.8,0
20260833,21,500,15,3000,3000,3000,3000,"fast",0.01,"","mirage_joint","pleiotropy","pp08_fdp",0.8,0
20260833,21,500,15,3000,3000,3000,3000,"fast",0.01,"","mirage_joint","pleiotropy","pp08_discoveries",0.8,0
20260833,21,500,15,3000,3000,3000,3000,"fast",0.01,"","mirage_joint","trait1","bfdr_observed_fdp",0.01,0
20260833,21,500,15,3000,3000,3000,3000,"fast",0.01,"","mirage_joint","trait1","bfdr_estimate",0.01,0.00204381285951949
20260833,21,500,15,3000,3000,3000,3000,"fast",0.01,"","mirage_joint","trait1","bfdr_power",0.01,0.08
20260833,21,500,15,3000,3000,3000,3000,"fast",0.01,"","mirage_joint","trait1","bfdr_discoveries",0.01,2
20260833,21,500,15,3000,3000,3000,3000,"fast",0.01,"","mirage_joint","trait1","bfdr_observed_fdp",0.05,0
20260833,21,500,15,3000,3000,3000,3000,"fast",0.01,"","mirage_joint","trait1","bfdr_estimate",0.05,0.0254535911973271
20260833,21,500,15,3000,3000,3000,3000,"fast",0.01,"","mirage_joint","trait1","bfdr_power",0.05,0.12
20260833,21,500,15,3000,3000,3000,3000,"fast",0.01,"","mirage_joint","trait1","bfdr_discoveries",0.05,3
20260833,21,500,15,3000,3000,3000,3000,"fast",0.01,"","mirage_joint","trait1","bfdr_observed_fdp",0.1,0.25
20260833,21,500,15,3000,3000,3000,3000,"fast",0.01,"","mirage_joint","trait1","bfdr_estimate",0.1,0.0892729132931622
20260833,21,500,15,3000,3000,3000,3000,"fast",0.01,"","mirage_joint","trait1","bfdr_power",0.1,0.12
20260833,21,500,15,3000,3000,3000,3000,"fast",0.01,"","mirage_joint","trait1","bfdr_discoveries",0.1,4
20260833,21,500,15,3000,3000,3000,3000,"fast",0.01,"","mirage_joint","trait1","bfdr_observed_fdp",0.2,0.333333333333333
20260833,21,500,15,3000,3000,3000,3000,"fast",0.01,"","mirage_joint","trait1","bfdr_estimate",0.2,0.176917680245242
20260833,21,500,15,3000,3000,3000,3000,"fast",0.01,"","mirage_joint","trait1","bfdr_power",0.2,0.16
20260833,21,500,15,3000,3000,3000,3000,"fast",0.01,"","mirage_joint","trait1","bfdr_discoveries",0.2,6
20260833,21,500,15,3000,3000,3000,3000,"fast",0.01,"","mirage_joint","trait2","bfdr_observed_fdp",0.01,0
20260833,21,500,15,3000,3000,3000,3000,"fast",0.01,"","mirage_joint","trait2","bfdr_estimate",0.01,0
20260833,21,500,15,3000,3000,3000,3000,"fast",0.01,"","mirage_joint","trait2","bfdr_power",0.01,0
20260833,21,500,15,3000,3000,3000,3000,"fast",0.01,"","mirage_joint","trait2","bfdr_discoveries",0.01,0
20260833,21,500,15,3000,3000,3000,3000,"fast",0.01,"","mirage_joint","trait2","bfdr_observed_fdp",0.05,0
20260833,21,500,15,3000,3000,3000,3000,"fast",0.01,"","mirage_joint","trait2","bfdr_estimate",0.05,0
20260833,21,500,15,3000,3000,3000,3000,"fast",0.01,"","mirage_joint","trait2","bfdr_power",0.05,0
20260833,21,500,15,3000,3000,3000,3000,"fast",0.01,"","mirage_joint","trait2","bfdr_discoveries",0.05,0
20260833,21,500,15,3000,3000,3000,3000,"fast",0.01,"","mirage_joint","trait2","bfdr_observed_fdp",0.1,0
20260833,21,500,15,3000,3000,3000,3000,"fast",0.01,"","mirage_joint","trait2","bfdr_estimate",0.1,0
20260833,21,500,15,3000,3000,3000,3000,"fast",0.01,"","mirage_joint","trait2","bfdr_power",0.1,0
20260833,21,500,15,3000,3000,3000,3000,"fast",0.01,"","mirage_joint","trait2","bfdr_discoveries",0.1,0
20260833,21,500,15,3000,3000,3000,3000,"fast",0.01,"","mirage_joint","trait2","bfdr_observed_fdp",0.2,0
20260833,21,500,15,3000,3000,3000,3000,"fast",0.01,"","mirage_joint","trait2","bfdr_estimate",0.2,0
20260833,21,500,15,3000,3000,3000,3000,"fast",0.01,"","mirage_joint","trait2","bfdr_power",0.2,0
20260833,21,500,15,3000,3000,3000,3000,"fast",0.01,"","mirage_joint","trait2","bfdr_discoveries",0.2,0
20260833,21,500,15,3000,3000,3000,3000,"fast",0.01,"","mirage_joint","pleiotropy","bfdr_observed_fdp",0.01,0
20260833,21,500,15,3000,3000,3000,3000,"fast",0.01,"","mirage_joint","pleiotropy","bfdr_estimate",0.01,0
20260833,21,500,15,3000,3000,3000,3000,"fast",0.01,"","mirage_joint","pleiotropy","bfdr_power",0.01,0
20260833,21,500,15,3000,3000,3000,3000,"fast",0.01,"","mirage_joint","pleiotropy","bfdr_discoveries",0.01,0
20260833,21,500,15,3000,3000,3000,3000,"fast",0.01,"","mirage_joint","pleiotropy","bfdr_observed_fdp",0.05,0
20260833,21,500,15,3000,3000,3000,3000,"fast",0.01,"","mirage_joint","pleiotropy","bfdr_estimate",0.05,0
20260833,21,500,15,3000,3000,3000,3000,"fast",0.01,"","mirage_joint","pleiotropy","bfdr_power",0.05,0
20260833,21,500,15,3000,3000,3000,3000,"fast",0.01,"","mirage_joint","pleiotropy","bfdr_discoveries",0.05,0
20260833,21,500,15,3000,3000,3000,3000,"fast",0.01,"","mirage_joint","pleiotropy","bfdr_observed_fdp",0.1,0
20260833,21,500,15,3000,3000,3000,3000,"fast",0.01,"","mirage_joint","pleiotropy","bfdr_estimate",0.1,0
20260833,21,500,15,3000,3000,3000,3000,"fast",0.01,"","mirage_joint","pleiotropy","bfdr_power",0.1,0
20260833,21,500,15,3000,3000,3000,3000,"fast",0.01,"","mirage_joint","pleiotropy","bfdr_discoveries",0.1,0
20260833,21,500,15,3000,3000,3000,3000,"fast",0.01,"","mirage_joint","pleiotropy","bfdr_observed_fdp",0.2,0
20260833,21,500,15,3000,3000,3000,3000,"fast",0.01,"","mirage_joint","pleiotropy","bfdr_estimate",0.2,0
20260833,21,500,15,3000,3000,3000,3000,"fast",0.01,"","mirage_joint","pleiotropy","bfdr_power",0.2,0
20260833,21,500,15,3000,3000,3000,3000,"fast",0.01,"","mirage_joint","pleiotropy","bfdr_discoveries",0.2,0
20260833,21,500,15,3000,3000,3000,3000,"fast",0.01,"","mirage_joint","global","runtime_seconds",NA,18.125
20260833,21,500,15,3000,3000,3000,3000,"fast",0.01,"","mirage_joint","pleiotropy","pi11_estimate",NA,0.00216102465505197
20260833,21,500,15,3000,3000,3000,3000,"fast",0.01,"","separate_mirage","trait1","auc",NA,0.676715789473684
20260833,21,500,15,3000,3000,3000,3000,"fast",0.01,"","separate_mirage","trait2","auc",NA,0.351632653061224
20260833,21,500,15,3000,3000,3000,3000,"fast",0.01,"","separate_mirage","pleiotropy","auc",NA,0.701818181818182
20260833,21,500,15,3000,3000,3000,3000,"fast",0.01,"","separate_mirage","trait1","pp08_power",0.8,0.12
20260833,21,500,15,3000,3000,3000,3000,"fast",0.01,"","separate_mirage","trait1","pp08_fdp",0.8,0
20260833,21,500,15,3000,3000,3000,3000,"fast",0.01,"","separate_mirage","trait1","pp08_discoveries",0.8,3
20260833,21,500,15,3000,3000,3000,3000,"fast",0.01,"","separate_mirage","trait2","pp08_power",0.8,0
20260833,21,500,15,3000,3000,3000,3000,"fast",0.01,"","separate_mirage","trait2","pp08_fdp",0.8,0
20260833,21,500,15,3000,3000,3000,3000,"fast",0.01,"","separate_mirage","trait2","pp08_discoveries",0.8,0
20260833,21,500,15,3000,3000,3000,3000,"fast",0.01,"","separate_mirage","pleiotropy","pp08_power",0.8,0
20260833,21,500,15,3000,3000,3000,3000,"fast",0.01,"","separate_mirage","pleiotropy","pp08_fdp",0.8,0
20260833,21,500,15,3000,3000,3000,3000,"fast",0.01,"","separate_mirage","pleiotropy","pp08_discoveries",0.8,0
20260833,21,500,15,3000,3000,3000,3000,"fast",0.01,"","separate_mirage","trait1","bfdr_observed_fdp",0.01,0
20260833,21,500,15,3000,3000,3000,3000,"fast",0.01,"","separate_mirage","trait1","bfdr_estimate",0.01,0.00137072163225854
20260833,21,500,15,3000,3000,3000,3000,"fast",0.01,"","separate_mirage","trait1","bfdr_power",0.01,0.08
20260833,21,500,15,3000,3000,3000,3000,"fast",0.01,"","separate_mirage","trait1","bfdr_discoveries",0.01,2
20260833,21,500,15,3000,3000,3000,3000,"fast",0.01,"","separate_mirage","trait1","bfdr_observed_fdp",0.05,0
20260833,21,500,15,3000,3000,3000,3000,"fast",0.01,"","separate_mirage","trait1","bfdr_estimate",0.05,0.0218248714614213
20260833,21,500,15,3000,3000,3000,3000,"fast",0.01,"","separate_mirage","trait1","bfdr_power",0.05,0.12
20260833,21,500,15,3000,3000,3000,3000,"fast",0.01,"","separate_mirage","trait1","bfdr_discoveries",0.05,3
20260833,21,500,15,3000,3000,3000,3000,"fast",0.01,"","separate_mirage","trait1","bfdr_observed_fdp",0.1,0.25
20260833,21,500,15,3000,3000,3000,3000,"fast",0.01,"","separate_mirage","trait1","bfdr_estimate",0.1,0.0956001845569728
20260833,21,500,15,3000,3000,3000,3000,"fast",0.01,"","separate_mirage","trait1","bfdr_power",0.1,0.12
20260833,21,500,15,3000,3000,3000,3000,"fast",0.01,"","separate_mirage","trait1","bfdr_discoveries",0.1,4
20260833,21,500,15,3000,3000,3000,3000,"fast",0.01,"","separate_mirage","trait1","bfdr_observed_fdp",0.2,0.333333333333333
20260833,21,500,15,3000,3000,3000,3000,"fast",0.01,"","separate_mirage","trait1","bfdr_estimate",0.2,0.180959224841053
20260833,21,500,15,3000,3000,3000,3000,"fast",0.01,"","separate_mirage","trait1","bfdr_power",0.2,0.16
20260833,21,500,15,3000,3000,3000,3000,"fast",0.01,"","separate_mirage","trait1","bfdr_discoveries",0.2,6
20260833,21,500,15,3000,3000,3000,3000,"fast",0.01,"","separate_mirage","trait2","bfdr_observed_fdp",0.01,0
20260833,21,500,15,3000,3000,3000,3000,"fast",0.01,"","separate_mirage","trait2","bfdr_estimate",0.01,0
20260833,21,500,15,3000,3000,3000,3000,"fast",0.01,"","separate_mirage","trait2","bfdr_power",0.01,0
20260833,21,500,15,3000,3000,3000,3000,"fast",0.01,"","separate_mirage","trait2","bfdr_discoveries",0.01,0
20260833,21,500,15,3000,3000,3000,3000,"fast",0.01,"","separate_mirage","trait2","bfdr_observed_fdp",0.05,0
20260833,21,500,15,3000,3000,3000,3000,"fast",0.01,"","separate_mirage","trait2","bfdr_estimate",0.05,0
20260833,21,500,15,3000,3000,3000,3000,"fast",0.01,"","separate_mirage","trait2","bfdr_power",0.05,0
20260833,21,500,15,3000,3000,3000,3000,"fast",0.01,"","separate_mirage","trait2","bfdr_discoveries",0.05,0
20260833,21,500,15,3000,3000,3000,3000,"fast",0.01,"","separate_mirage","trait2","bfdr_observed_fdp",0.1,0
20260833,21,500,15,3000,3000,3000,3000,"fast",0.01,"","separate_mirage","trait2","bfdr_estimate",0.1,0
20260833,21,500,15,3000,3000,3000,3000,"fast",0.01,"","separate_mirage","trait2","bfdr_power",0.1,0
20260833,21,500,15,3000,3000,3000,3000,"fast",0.01,"","separate_mirage","trait2","bfdr_discoveries",0.1,0
20260833,21,500,15,3000,3000,3000,3000,"fast",0.01,"","separate_mirage","trait2","bfdr_observed_fdp",0.2,0
20260833,21,500,15,3000,3000,3000,3000,"fast",0.01,"","separate_mirage","trait2","bfdr_estimate",0.2,0
20260833,21,500,15,3000,3000,3000,3000,"fast",0.01,"","separate_mirage","trait2","bfdr_power",0.2,0
20260833,21,500,15,3000,3000,3000,3000,"fast",0.01,"","separate_mirage","trait2","bfdr_discoveries",0.2,0
20260833,21,500,15,3000,3000,3000,3000,"fast",0.01,"","separate_mirage","pleiotropy","bfdr_observed_fdp",0.01,0
20260833,21,500,15,3000,3000,3000,3000,"fast",0.01,"","separate_mirage","pleiotropy","bfdr_estimate",0.01,0
20260833,21,500,15,3000,3000,3000,3000,"fast",0.01,"","separate_mirage","pleiotropy","bfdr_power",0.01,0
20260833,21,500,15,3000,3000,3000,3000,"fast",0.01,"","separate_mirage","pleiotropy","bfdr_discoveries",0.01,0
20260833,21,500,15,3000,3000,3000,3000,"fast",0.01,"","separate_mirage","pleiotropy","bfdr_observed_fdp",0.05,0
20260833,21,500,15,3000,3000,3000,3000,"fast",0.01,"","separate_mirage","pleiotropy","bfdr_estimate",0.05,0
20260833,21,500,15,3000,3000,3000,3000,"fast",0.01,"","separate_mirage","pleiotropy","bfdr_power",0.05,0
20260833,21,500,15,3000,3000,3000,3000,"fast",0.01,"","separate_mirage","pleiotropy","bfdr_discoveries",0.05,0
20260833,21,500,15,3000,3000,3000,3000,"fast",0.01,"","separate_mirage","pleiotropy","bfdr_observed_fdp",0.1,0
20260833,21,500,15,3000,3000,3000,3000,"fast",0.01,"","separate_mirage","pleiotropy","bfdr_estimate",0.1,0
20260833,21,500,15,3000,3000,3000,3000,"fast",0.01,"","separate_mirage","pleiotropy","bfdr_power",0.1,0
20260833,21,500,15,3000,3000,3000,3000,"fast",0.01,"","separate_mirage","pleiotropy","bfdr_discoveries",0.1,0
20260833,21,500,15,3000,3000,3000,3000,"fast",0.01,"","separate_mirage","pleiotropy","bfdr_observed_fdp",0.2,0
20260833,21,500,15,3000,3000,3000,3000,"fast",0.01,"","separate_mirage","pleiotropy","bfdr_estimate",0.2,0
20260833,21,500,15,3000,3000,3000,3000,"fast",0.01,"","separate_mirage","pleiotropy","bfdr_power",0.2,0
20260833,21,500,15,3000,3000,3000,3000,"fast",0.01,"","separate_mirage","pleiotropy","bfdr_discoveries",0.2,0
20260833,21,500,15,3000,3000,3000,3000,"fast",0.01,"","separate_mirage","global","runtime_seconds",NA,18.086
20260833,21,500,15,3000,3000,3000,3000,"fast",0.01,"","separate_mirage","pleiotropy","pi11_estimate",NA,0.001
20260833,21,500,15,3000,3000,3000,3000,"fast",0.01,"","mtada_aggregated","trait1","auc",NA,0.735747368421053
20260833,21,500,15,3000,3000,3000,3000,"fast",0.01,"","mtada_aggregated","trait2","auc",NA,0.579183673469388
20260833,21,500,15,3000,3000,3000,3000,"fast",0.01,"","mtada_aggregated","pleiotropy","auc",NA,0.826666666666667
20260833,21,500,15,3000,3000,3000,3000,"fast",0.01,"","mtada_aggregated","trait1","pp08_power",0.8,0.12
20260833,21,500,15,3000,3000,3000,3000,"fast",0.01,"","mtada_aggregated","trait1","pp08_fdp",0.8,0
20260833,21,500,15,3000,3000,3000,3000,"fast",0.01,"","mtada_aggregated","trait1","pp08_discoveries",0.8,3
20260833,21,500,15,3000,3000,3000,3000,"fast",0.01,"","mtada_aggregated","trait2","pp08_power",0.8,0
20260833,21,500,15,3000,3000,3000,3000,"fast",0.01,"","mtada_aggregated","trait2","pp08_fdp",0.8,0
20260833,21,500,15,3000,3000,3000,3000,"fast",0.01,"","mtada_aggregated","trait2","pp08_discoveries",0.8,0
20260833,21,500,15,3000,3000,3000,3000,"fast",0.01,"","mtada_aggregated","pleiotropy","pp08_power",0.8,0
20260833,21,500,15,3000,3000,3000,3000,"fast",0.01,"","mtada_aggregated","pleiotropy","pp08_fdp",0.8,0
20260833,21,500,15,3000,3000,3000,3000,"fast",0.01,"","mtada_aggregated","pleiotropy","pp08_discoveries",0.8,0
20260833,21,500,15,3000,3000,3000,3000,"fast",0.01,"","mtada_aggregated","trait1","bfdr_observed_fdp",0.01,0
20260833,21,500,15,3000,3000,3000,3000,"fast",0.01,"","mtada_aggregated","trait1","bfdr_estimate",0.01,1.53002894933696e-05
20260833,21,500,15,3000,3000,3000,3000,"fast",0.01,"","mtada_aggregated","trait1","bfdr_power",0.01,0.12
20260833,21,500,15,3000,3000,3000,3000,"fast",0.01,"","mtada_aggregated","trait1","bfdr_discoveries",0.01,3
20260833,21,500,15,3000,3000,3000,3000,"fast",0.01,"","mtada_aggregated","trait1","bfdr_observed_fdp",0.05,0
20260833,21,500,15,3000,3000,3000,3000,"fast",0.01,"","mtada_aggregated","trait1","bfdr_estimate",0.05,1.53002894933696e-05
20260833,21,500,15,3000,3000,3000,3000,"fast",0.01,"","mtada_aggregated","trait1","bfdr_power",0.05,0.12
20260833,21,500,15,3000,3000,3000,3000,"fast",0.01,"","mtada_aggregated","trait1","bfdr_discoveries",0.05,3
20260833,21,500,15,3000,3000,3000,3000,"fast",0.01,"","mtada_aggregated","trait1","bfdr_observed_fdp",0.1,0
20260833,21,500,15,3000,3000,3000,3000,"fast",0.01,"","mtada_aggregated","trait1","bfdr_estimate",0.1,1.53002894933696e-05
20260833,21,500,15,3000,3000,3000,3000,"fast",0.01,"","mtada_aggregated","trait1","bfdr_power",0.1,0.12
20260833,21,500,15,3000,3000,3000,3000,"fast",0.01,"","mtada_aggregated","trait1","bfdr_discoveries",0.1,3
20260833,21,500,15,3000,3000,3000,3000,"fast",0.01,"","mtada_aggregated","trait1","bfdr_observed_fdp",0.2,0
20260833,21,500,15,3000,3000,3000,3000,"fast",0.01,"","mtada_aggregated","trait1","bfdr_estimate",0.2,0.18694484780699
20260833,21,500,15,3000,3000,3000,3000,"fast",0.01,"","mtada_aggregated","trait1","bfdr_power",0.2,0.16
20260833,21,500,15,3000,3000,3000,3000,"fast",0.01,"","mtada_aggregated","trait1","bfdr_discoveries",0.2,4
20260833,21,500,15,3000,3000,3000,3000,"fast",0.01,"","mtada_aggregated","trait2","bfdr_observed_fdp",0.01,0
20260833,21,500,15,3000,3000,3000,3000,"fast",0.01,"","mtada_aggregated","trait2","bfdr_estimate",0.01,0
20260833,21,500,15,3000,3000,3000,3000,"fast",0.01,"","mtada_aggregated","trait2","bfdr_power",0.01,0
20260833,21,500,15,3000,3000,3000,3000,"fast",0.01,"","mtada_aggregated","trait2","bfdr_discoveries",0.01,0
20260833,21,500,15,3000,3000,3000,3000,"fast",0.01,"","mtada_aggregated","trait2","bfdr_observed_fdp",0.05,0
20260833,21,500,15,3000,3000,3000,3000,"fast",0.01,"","mtada_aggregated","trait2","bfdr_estimate",0.05,0
20260833,21,500,15,3000,3000,3000,3000,"fast",0.01,"","mtada_aggregated","trait2","bfdr_power",0.05,0
20260833,21,500,15,3000,3000,3000,3000,"fast",0.01,"","mtada_aggregated","trait2","bfdr_discoveries",0.05,0
20260833,21,500,15,3000,3000,3000,3000,"fast",0.01,"","mtada_aggregated","trait2","bfdr_observed_fdp",0.1,0
20260833,21,500,15,3000,3000,3000,3000,"fast",0.01,"","mtada_aggregated","trait2","bfdr_estimate",0.1,0
20260833,21,500,15,3000,3000,3000,3000,"fast",0.01,"","mtada_aggregated","trait2","bfdr_power",0.1,0
20260833,21,500,15,3000,3000,3000,3000,"fast",0.01,"","mtada_aggregated","trait2","bfdr_discoveries",0.1,0
20260833,21,500,15,3000,3000,3000,3000,"fast",0.01,"","mtada_aggregated","trait2","bfdr_observed_fdp",0.2,0
20260833,21,500,15,3000,3000,3000,3000,"fast",0.01,"","mtada_aggregated","trait2","bfdr_estimate",0.2,0
20260833,21,500,15,3000,3000,3000,3000,"fast",0.01,"","mtada_aggregated","trait2","bfdr_power",0.2,0
20260833,21,500,15,3000,3000,3000,3000,"fast",0.01,"","mtada_aggregated","trait2","bfdr_discoveries",0.2,0
20260833,21,500,15,3000,3000,3000,3000,"fast",0.01,"","mtada_aggregated","pleiotropy","bfdr_observed_fdp",0.01,0
20260833,21,500,15,3000,3000,3000,3000,"fast",0.01,"","mtada_aggregated","pleiotropy","bfdr_estimate",0.01,0
20260833,21,500,15,3000,3000,3000,3000,"fast",0.01,"","mtada_aggregated","pleiotropy","bfdr_power",0.01,0
20260833,21,500,15,3000,3000,3000,3000,"fast",0.01,"","mtada_aggregated","pleiotropy","bfdr_discoveries",0.01,0
20260833,21,500,15,3000,3000,3000,3000,"fast",0.01,"","mtada_aggregated","pleiotropy","bfdr_observed_fdp",0.05,0
20260833,21,500,15,3000,3000,3000,3000,"fast",0.01,"","mtada_aggregated","pleiotropy","bfdr_estimate",0.05,0
20260833,21,500,15,3000,3000,3000,3000,"fast",0.01,"","mtada_aggregated","pleiotropy","bfdr_power",0.05,0
20260833,21,500,15,3000,3000,3000,3000,"fast",0.01,"","mtada_aggregated","pleiotropy","bfdr_discoveries",0.05,0
20260833,21,500,15,3000,3000,3000,3000,"fast",0.01,"","mtada_aggregated","pleiotropy","bfdr_observed_fdp",0.1,0
20260833,21,500,15,3000,3000,3000,3000,"fast",0.01,"","mtada_aggregated","pleiotropy","bfdr_estimate",0.1,0
20260833,21,500,15,3000,3000,3000,3000,"fast",0.01,"","mtada_aggregated","pleiotropy","bfdr_power",0.1,0
20260833,21,500,15,3000,3000,3000,3000,"fast",0.01,"","mtada_aggregated","pleiotropy","bfdr_discoveries",0.1,0
20260833,21,500,15,3000,3000,3000,3000,"fast",0.01,"","mtada_aggregated","pleiotropy","bfdr_observed_fdp",0.2,0
20260833,21,500,15,3000,3000,3000,3000,"fast",0.01,"","mtada_aggregated","pleiotropy","bfdr_estimate",0.2,0
20260833,21,500,15,3000,3000,3000,3000,"fast",0.01,"","mtada_aggregated","pleiotropy","bfdr_power",0.2,0
20260833,21,500,15,3000,3000,3000,3000,"fast",0.01,"","mtada_aggregated","pleiotropy","bfdr_discoveries",0.2,0
20260833,21,500,15,3000,3000,3000,3000,"fast",0.01,"","mtada_aggregated","global","runtime_seconds",NA,0.70799999999997
20260833,21,500,15,3000,3000,3000,3000,"fast",0.01,"","mtada_aggregated","pleiotropy","pi11_estimate",NA,0.0171037181996086
20260834,22,500,15,3000,3000,3000,3000,"fast",0.01,"","mirage_joint","trait1","auc",NA,0.68
20260834,22,500,15,3000,3000,3000,3000,"fast",0.01,"","mirage_joint","trait2","auc",NA,0.606122448979592
20260834,22,500,15,3000,3000,3000,3000,"fast",0.01,"","mirage_joint","pleiotropy","auc",NA,0.838787878787879
20260834,22,500,15,3000,3000,3000,3000,"fast",0.01,"","mirage_joint","trait1","pp08_power",0.8,0.04
20260834,22,500,15,3000,3000,3000,3000,"fast",0.01,"","mirage_joint","trait1","pp08_fdp",0.8,0
20260834,22,500,15,3000,3000,3000,3000,"fast",0.01,"","mirage_joint","trait1","pp08_discoveries",0.8,1
20260834,22,500,15,3000,3000,3000,3000,"fast",0.01,"","mirage_joint","trait2","pp08_power",0.8,0.1
20260834,22,500,15,3000,3000,3000,3000,"fast",0.01,"","mirage_joint","trait2","pp08_fdp",0.8,0
20260834,22,500,15,3000,3000,3000,3000,"fast",0.01,"","mirage_joint","trait2","pp08_discoveries",0.8,1
20260834,22,500,15,3000,3000,3000,3000,"fast",0.01,"","mirage_joint","pleiotropy","pp08_power",0.8,0.2
20260834,22,500,15,3000,3000,3000,3000,"fast",0.01,"","mirage_joint","pleiotropy","pp08_fdp",0.8,0
20260834,22,500,15,3000,3000,3000,3000,"fast",0.01,"","mirage_joint","pleiotropy","pp08_discoveries",0.8,1
20260834,22,500,15,3000,3000,3000,3000,"fast",0.01,"","mirage_joint","trait1","bfdr_observed_fdp",0.01,0
20260834,22,500,15,3000,3000,3000,3000,"fast",0.01,"","mirage_joint","trait1","bfdr_estimate",0.01,0
20260834,22,500,15,3000,3000,3000,3000,"fast",0.01,"","mirage_joint","trait1","bfdr_power",0.01,0
20260834,22,500,15,3000,3000,3000,3000,"fast",0.01,"","mirage_joint","trait1","bfdr_discoveries",0.01,0
20260834,22,500,15,3000,3000,3000,3000,"fast",0.01,"","mirage_joint","trait1","bfdr_observed_fdp",0.05,0
20260834,22,500,15,3000,3000,3000,3000,"fast",0.01,"","mirage_joint","trait1","bfdr_estimate",0.05,0
20260834,22,500,15,3000,3000,3000,3000,"fast",0.01,"","mirage_joint","trait1","bfdr_power",0.05,0
20260834,22,500,15,3000,3000,3000,3000,"fast",0.01,"","mirage_joint","trait1","bfdr_discoveries",0.05,0
20260834,22,500,15,3000,3000,3000,3000,"fast",0.01,"","mirage_joint","trait1","bfdr_observed_fdp",0.1,0
20260834,22,500,15,3000,3000,3000,3000,"fast",0.01,"","mirage_joint","trait1","bfdr_estimate",0.1,0
20260834,22,500,15,3000,3000,3000,3000,"fast",0.01,"","mirage_joint","trait1","bfdr_power",0.1,0
20260834,22,500,15,3000,3000,3000,3000,"fast",0.01,"","mirage_joint","trait1","bfdr_discoveries",0.1,0
20260834,22,500,15,3000,3000,3000,3000,"fast",0.01,"","mirage_joint","trait1","bfdr_observed_fdp",0.2,0.666666666666667
20260834,22,500,15,3000,3000,3000,3000,"fast",0.01,"","mirage_joint","trait1","bfdr_estimate",0.2,0.193144264647197
20260834,22,500,15,3000,3000,3000,3000,"fast",0.01,"","mirage_joint","trait1","bfdr_power",0.2,0.04
20260834,22,500,15,3000,3000,3000,3000,"fast",0.01,"","mirage_joint","trait1","bfdr_discoveries",0.2,3
20260834,22,500,15,3000,3000,3000,3000,"fast",0.01,"","mirage_joint","trait2","bfdr_observed_fdp",0.01,0
20260834,22,500,15,3000,3000,3000,3000,"fast",0.01,"","mirage_joint","trait2","bfdr_estimate",0.01,0
20260834,22,500,15,3000,3000,3000,3000,"fast",0.01,"","mirage_joint","trait2","bfdr_power",0.01,0
20260834,22,500,15,3000,3000,3000,3000,"fast",0.01,"","mirage_joint","trait2","bfdr_discoveries",0.01,0
20260834,22,500,15,3000,3000,3000,3000,"fast",0.01,"","mirage_joint","trait2","bfdr_observed_fdp",0.05,0
20260834,22,500,15,3000,3000,3000,3000,"fast",0.01,"","mirage_joint","trait2","bfdr_estimate",0.05,0
20260834,22,500,15,3000,3000,3000,3000,"fast",0.01,"","mirage_joint","trait2","bfdr_power",0.05,0
20260834,22,500,15,3000,3000,3000,3000,"fast",0.01,"","mirage_joint","trait2","bfdr_discoveries",0.05,0
20260834,22,500,15,3000,3000,3000,3000,"fast",0.01,"","mirage_joint","trait2","bfdr_observed_fdp",0.1,0
20260834,22,500,15,3000,3000,3000,3000,"fast",0.01,"","mirage_joint","trait2","bfdr_estimate",0.1,0
20260834,22,500,15,3000,3000,3000,3000,"fast",0.01,"","mirage_joint","trait2","bfdr_power",0.1,0
20260834,22,500,15,3000,3000,3000,3000,"fast",0.01,"","mirage_joint","trait2","bfdr_discoveries",0.1,0
20260834,22,500,15,3000,3000,3000,3000,"fast",0.01,"","mirage_joint","trait2","bfdr_observed_fdp",0.2,0
20260834,22,500,15,3000,3000,3000,3000,"fast",0.01,"","mirage_joint","trait2","bfdr_estimate",0.2,0.154382486445534
20260834,22,500,15,3000,3000,3000,3000,"fast",0.01,"","mirage_joint","trait2","bfdr_power",0.2,0.1
20260834,22,500,15,3000,3000,3000,3000,"fast",0.01,"","mirage_joint","trait2","bfdr_discoveries",0.2,1
20260834,22,500,15,3000,3000,3000,3000,"fast",0.01,"","mirage_joint","pleiotropy","bfdr_observed_fdp",0.01,0
20260834,22,500,15,3000,3000,3000,3000,"fast",0.01,"","mirage_joint","pleiotropy","bfdr_estimate",0.01,0
20260834,22,500,15,3000,3000,3000,3000,"fast",0.01,"","mirage_joint","pleiotropy","bfdr_power",0.01,0
20260834,22,500,15,3000,3000,3000,3000,"fast",0.01,"","mirage_joint","pleiotropy","bfdr_discoveries",0.01,0
20260834,22,500,15,3000,3000,3000,3000,"fast",0.01,"","mirage_joint","pleiotropy","bfdr_observed_fdp",0.05,0
20260834,22,500,15,3000,3000,3000,3000,"fast",0.01,"","mirage_joint","pleiotropy","bfdr_estimate",0.05,0
20260834,22,500,15,3000,3000,3000,3000,"fast",0.01,"","mirage_joint","pleiotropy","bfdr_power",0.05,0
20260834,22,500,15,3000,3000,3000,3000,"fast",0.01,"","mirage_joint","pleiotropy","bfdr_discoveries",0.05,0
20260834,22,500,15,3000,3000,3000,3000,"fast",0.01,"","mirage_joint","pleiotropy","bfdr_observed_fdp",0.1,0
20260834,22,500,15,3000,3000,3000,3000,"fast",0.01,"","mirage_joint","pleiotropy","bfdr_estimate",0.1,0
20260834,22,500,15,3000,3000,3000,3000,"fast",0.01,"","mirage_joint","pleiotropy","bfdr_power",0.1,0
20260834,22,500,15,3000,3000,3000,3000,"fast",0.01,"","mirage_joint","pleiotropy","bfdr_discoveries",0.1,0
20260834,22,500,15,3000,3000,3000,3000,"fast",0.01,"","mirage_joint","pleiotropy","bfdr_observed_fdp",0.2,0
20260834,22,500,15,3000,3000,3000,3000,"fast",0.01,"","mirage_joint","pleiotropy","bfdr_estimate",0.2,0.161063359668821
20260834,22,500,15,3000,3000,3000,3000,"fast",0.01,"","mirage_joint","pleiotropy","bfdr_power",0.2,0.2
20260834,22,500,15,3000,3000,3000,3000,"fast",0.01,"","mirage_joint","pleiotropy","bfdr_discoveries",0.2,1
20260834,22,500,15,3000,3000,3000,3000,"fast",0.01,"","mirage_joint","global","runtime_seconds",NA,18.199
20260834,22,500,15,3000,3000,3000,3000,"fast",0.01,"","mirage_joint","pleiotropy","pi11_estimate",NA,0.0538025414822355
20260834,22,500,15,3000,3000,3000,3000,"fast",0.01,"","separate_mirage","trait1","auc",NA,0.661052631578947
20260834,22,500,15,3000,3000,3000,3000,"fast",0.01,"","separate_mirage","trait2","auc",NA,0.563673469387755
20260834,22,500,15,3000,3000,3000,3000,"fast",0.01,"","separate_mirage","pleiotropy","auc",NA,0.677979797979798
20260834,22,500,15,3000,3000,3000,3000,"fast",0.01,"","separate_mirage","trait1","pp08_power",0.8,0
20260834,22,500,15,3000,3000,3000,3000,"fast",0.01,"","separate_mirage","trait1","pp08_fdp",0.8,0
20260834,22,500,15,3000,3000,3000,3000,"fast",0.01,"","separate_mirage","trait1","pp08_discoveries",0.8,0
20260834,22,500,15,3000,3000,3000,3000,"fast",0.01,"","separate_mirage","trait2","pp08_power",0.8,0.1
20260834,22,500,15,3000,3000,3000,3000,"fast",0.01,"","separate_mirage","trait2","pp08_fdp",0.8,0
20260834,22,500,15,3000,3000,3000,3000,"fast",0.01,"","separate_mirage","trait2","pp08_discoveries",0.8,1
20260834,22,500,15,3000,3000,3000,3000,"fast",0.01,"","separate_mirage","pleiotropy","pp08_power",0.8,0
20260834,22,500,15,3000,3000,3000,3000,"fast",0.01,"","separate_mirage","pleiotropy","pp08_fdp",0.8,0
20260834,22,500,15,3000,3000,3000,3000,"fast",0.01,"","separate_mirage","pleiotropy","pp08_discoveries",0.8,0
20260834,22,500,15,3000,3000,3000,3000,"fast",0.01,"","separate_mirage","trait1","bfdr_observed_fdp",0.01,0
20260834,22,500,15,3000,3000,3000,3000,"fast",0.01,"","separate_mirage","trait1","bfdr_estimate",0.01,0
20260834,22,500,15,3000,3000,3000,3000,"fast",0.01,"","separate_mirage","trait1","bfdr_power",0.01,0
20260834,22,500,15,3000,3000,3000,3000,"fast",0.01,"","separate_mirage","trait1","bfdr_discoveries",0.01,0
20260834,22,500,15,3000,3000,3000,3000,"fast",0.01,"","separate_mirage","trait1","bfdr_observed_fdp",0.05,0
20260834,22,500,15,3000,3000,3000,3000,"fast",0.01,"","separate_mirage","trait1","bfdr_estimate",0.05,0
20260834,22,500,15,3000,3000,3000,3000,"fast",0.01,"","separate_mirage","trait1","bfdr_power",0.05,0
20260834,22,500,15,3000,3000,3000,3000,"fast",0.01,"","separate_mirage","trait1","bfdr_discoveries",0.05,0
20260834,22,500,15,3000,3000,3000,3000,"fast",0.01,"","separate_mirage","trait1","bfdr_observed_fdp",0.1,0
20260834,22,500,15,3000,3000,3000,3000,"fast",0.01,"","separate_mirage","trait1","bfdr_estimate",0.1,0
20260834,22,500,15,3000,3000,3000,3000,"fast",0.01,"","separate_mirage","trait1","bfdr_power",0.1,0
20260834,22,500,15,3000,3000,3000,3000,"fast",0.01,"","separate_mirage","trait1","bfdr_discoveries",0.1,0
20260834,22,500,15,3000,3000,3000,3000,"fast",0.01,"","separate_mirage","trait1","bfdr_observed_fdp",0.2,0
20260834,22,500,15,3000,3000,3000,3000,"fast",0.01,"","separate_mirage","trait1","bfdr_estimate",0.2,0
20260834,22,500,15,3000,3000,3000,3000,"fast",0.01,"","separate_mirage","trait1","bfdr_power",0.2,0
20260834,22,500,15,3000,3000,3000,3000,"fast",0.01,"","separate_mirage","trait1","bfdr_discoveries",0.2,0
20260834,22,500,15,3000,3000,3000,3000,"fast",0.01,"","separate_mirage","trait2","bfdr_observed_fdp",0.01,0
20260834,22,500,15,3000,3000,3000,3000,"fast",0.01,"","separate_mirage","trait2","bfdr_estimate",0.01,0
20260834,22,500,15,3000,3000,3000,3000,"fast",0.01,"","separate_mirage","trait2","bfdr_power",0.01,0
20260834,22,500,15,3000,3000,3000,3000,"fast",0.01,"","separate_mirage","trait2","bfdr_discoveries",0.01,0
20260834,22,500,15,3000,3000,3000,3000,"fast",0.01,"","separate_mirage","trait2","bfdr_observed_fdp",0.05,0
20260834,22,500,15,3000,3000,3000,3000,"fast",0.01,"","separate_mirage","trait2","bfdr_estimate",0.05,0
20260834,22,500,15,3000,3000,3000,3000,"fast",0.01,"","separate_mirage","trait2","bfdr_power",0.05,0
20260834,22,500,15,3000,3000,3000,3000,"fast",0.01,"","separate_mirage","trait2","bfdr_discoveries",0.05,0
20260834,22,500,15,3000,3000,3000,3000,"fast",0.01,"","separate_mirage","trait2","bfdr_observed_fdp",0.1,0
20260834,22,500,15,3000,3000,3000,3000,"fast",0.01,"","separate_mirage","trait2","bfdr_estimate",0.1,0
20260834,22,500,15,3000,3000,3000,3000,"fast",0.01,"","separate_mirage","trait2","bfdr_power",0.1,0
20260834,22,500,15,3000,3000,3000,3000,"fast",0.01,"","separate_mirage","trait2","bfdr_discoveries",0.1,0
20260834,22,500,15,3000,3000,3000,3000,"fast",0.01,"","separate_mirage","trait2","bfdr_observed_fdp",0.2,0
20260834,22,500,15,3000,3000,3000,3000,"fast",0.01,"","separate_mirage","trait2","bfdr_estimate",0.2,0.174913827918016
20260834,22,500,15,3000,3000,3000,3000,"fast",0.01,"","separate_mirage","trait2","bfdr_power",0.2,0.1
20260834,22,500,15,3000,3000,3000,3000,"fast",0.01,"","separate_mirage","trait2","bfdr_discoveries",0.2,1
20260834,22,500,15,3000,3000,3000,3000,"fast",0.01,"","separate_mirage","pleiotropy","bfdr_observed_fdp",0.01,0
20260834,22,500,15,3000,3000,3000,3000,"fast",0.01,"","separate_mirage","pleiotropy","bfdr_estimate",0.01,0
20260834,22,500,15,3000,3000,3000,3000,"fast",0.01,"","separate_mirage","pleiotropy","bfdr_power",0.01,0
20260834,22,500,15,3000,3000,3000,3000,"fast",0.01,"","separate_mirage","pleiotropy","bfdr_discoveries",0.01,0
20260834,22,500,15,3000,3000,3000,3000,"fast",0.01,"","separate_mirage","pleiotropy","bfdr_observed_fdp",0.05,0
20260834,22,500,15,3000,3000,3000,3000,"fast",0.01,"","separate_mirage","pleiotropy","bfdr_estimate",0.05,0
20260834,22,500,15,3000,3000,3000,3000,"fast",0.01,"","separate_mirage","pleiotropy","bfdr_power",0.05,0
20260834,22,500,15,3000,3000,3000,3000,"fast",0.01,"","separate_mirage","pleiotropy","bfdr_discoveries",0.05,0
20260834,22,500,15,3000,3000,3000,3000,"fast",0.01,"","separate_mirage","pleiotropy","bfdr_observed_fdp",0.1,0
20260834,22,500,15,3000,3000,3000,3000,"fast",0.01,"","separate_mirage","pleiotropy","bfdr_estimate",0.1,0
20260834,22,500,15,3000,3000,3000,3000,"fast",0.01,"","separate_mirage","pleiotropy","bfdr_power",0.1,0
20260834,22,500,15,3000,3000,3000,3000,"fast",0.01,"","separate_mirage","pleiotropy","bfdr_discoveries",0.1,0
20260834,22,500,15,3000,3000,3000,3000,"fast",0.01,"","separate_mirage","pleiotropy","bfdr_observed_fdp",0.2,0
20260834,22,500,15,3000,3000,3000,3000,"fast",0.01,"","separate_mirage","pleiotropy","bfdr_estimate",0.2,0
20260834,22,500,15,3000,3000,3000,3000,"fast",0.01,"","separate_mirage","pleiotropy","bfdr_power",0.2,0
20260834,22,500,15,3000,3000,3000,3000,"fast",0.01,"","separate_mirage","pleiotropy","bfdr_discoveries",0.2,0
20260834,22,500,15,3000,3000,3000,3000,"fast",0.01,"","separate_mirage","global","runtime_seconds",NA,18.052
20260834,22,500,15,3000,3000,3000,3000,"fast",0.01,"","separate_mirage","pleiotropy","pi11_estimate",NA,0.001
20260834,22,500,15,3000,3000,3000,3000,"fast",0.01,"","mtada_aggregated","trait1","auc",NA,0.713178947368421
20260834,22,500,15,3000,3000,3000,3000,"fast",0.01,"","mtada_aggregated","trait2","auc",NA,0.797755102040816
20260834,22,500,15,3000,3000,3000,3000,"fast",0.01,"","mtada_aggregated","pleiotropy","auc",NA,0.893333333333333
20260834,22,500,15,3000,3000,3000,3000,"fast",0.01,"","mtada_aggregated","trait1","pp08_power",0.8,0
20260834,22,500,15,3000,3000,3000,3000,"fast",0.01,"","mtada_aggregated","trait1","pp08_fdp",0.8,0
20260834,22,500,15,3000,3000,3000,3000,"fast",0.01,"","mtada_aggregated","trait1","pp08_discoveries",0.8,0
20260834,22,500,15,3000,3000,3000,3000,"fast",0.01,"","mtada_aggregated","trait2","pp08_power",0.8,0.1
20260834,22,500,15,3000,3000,3000,3000,"fast",0.01,"","mtada_aggregated","trait2","pp08_fdp",0.8,0.5
20260834,22,500,15,3000,3000,3000,3000,"fast",0.01,"","mtada_aggregated","trait2","pp08_discoveries",0.8,2
20260834,22,500,15,3000,3000,3000,3000,"fast",0.01,"","mtada_aggregated","pleiotropy","pp08_power",0.8,0
20260834,22,500,15,3000,3000,3000,3000,"fast",0.01,"","mtada_aggregated","pleiotropy","pp08_fdp",0.8,0
20260834,22,500,15,3000,3000,3000,3000,"fast",0.01,"","mtada_aggregated","pleiotropy","pp08_discoveries",0.8,0
20260834,22,500,15,3000,3000,3000,3000,"fast",0.01,"","mtada_aggregated","trait1","bfdr_observed_fdp",0.01,0
20260834,22,500,15,3000,3000,3000,3000,"fast",0.01,"","mtada_aggregated","trait1","bfdr_estimate",0.01,0
20260834,22,500,15,3000,3000,3000,3000,"fast",0.01,"","mtada_aggregated","trait1","bfdr_power",0.01,0
20260834,22,500,15,3000,3000,3000,3000,"fast",0.01,"","mtada_aggregated","trait1","bfdr_discoveries",0.01,0
20260834,22,500,15,3000,3000,3000,3000,"fast",0.01,"","mtada_aggregated","trait1","bfdr_observed_fdp",0.05,0
20260834,22,500,15,3000,3000,3000,3000,"fast",0.01,"","mtada_aggregated","trait1","bfdr_estimate",0.05,0
20260834,22,500,15,3000,3000,3000,3000,"fast",0.01,"","mtada_aggregated","trait1","bfdr_power",0.05,0
20260834,22,500,15,3000,3000,3000,3000,"fast",0.01,"","mtada_aggregated","trait1","bfdr_discoveries",0.05,0
20260834,22,500,15,3000,3000,3000,3000,"fast",0.01,"","mtada_aggregated","trait1","bfdr_observed_fdp",0.1,0
20260834,22,500,15,3000,3000,3000,3000,"fast",0.01,"","mtada_aggregated","trait1","bfdr_estimate",0.1,0
20260834,22,500,15,3000,3000,3000,3000,"fast",0.01,"","mtada_aggregated","trait1","bfdr_power",0.1,0
20260834,22,500,15,3000,3000,3000,3000,"fast",0.01,"","mtada_aggregated","trait1","bfdr_discoveries",0.1,0
20260834,22,500,15,3000,3000,3000,3000,"fast",0.01,"","mtada_aggregated","trait1","bfdr_observed_fdp",0.2,0
20260834,22,500,15,3000,3000,3000,3000,"fast",0.01,"","mtada_aggregated","trait1","bfdr_estimate",0.2,0
20260834,22,500,15,3000,3000,3000,3000,"fast",0.01,"","mtada_aggregated","trait1","bfdr_power",0.2,0
20260834,22,500,15,3000,3000,3000,3000,"fast",0.01,"","mtada_aggregated","trait1","bfdr_discoveries",0.2,0
20260834,22,500,15,3000,3000,3000,3000,"fast",0.01,"","mtada_aggregated","trait2","bfdr_observed_fdp",0.01,0
20260834,22,500,15,3000,3000,3000,3000,"fast",0.01,"","mtada_aggregated","trait2","bfdr_estimate",0.01,0
20260834,22,500,15,3000,3000,3000,3000,"fast",0.01,"","mtada_aggregated","trait2","bfdr_power",0.01,0
20260834,22,500,15,3000,3000,3000,3000,"fast",0.01,"","mtada_aggregated","trait2","bfdr_discoveries",0.01,0
20260834,22,500,15,3000,3000,3000,3000,"fast",0.01,"","mtada_aggregated","trait2","bfdr_observed_fdp",0.05,0
20260834,22,500,15,3000,3000,3000,3000,"fast",0.01,"","mtada_aggregated","trait2","bfdr_estimate",0.05,0.0219725295398835
20260834,22,500,15,3000,3000,3000,3000,"fast",0.01,"","mtada_aggregated","trait2","bfdr_power",0.05,0.1
20260834,22,500,15,3000,3000,3000,3000,"fast",0.01,"","mtada_aggregated","trait2","bfdr_discoveries",0.05,1
20260834,22,500,15,3000,3000,3000,3000,"fast",0.01,"","mtada_aggregated","trait2","bfdr_observed_fdp",0.1,0
20260834,22,500,15,3000,3000,3000,3000,"fast",0.01,"","mtada_aggregated","trait2","bfdr_estimate",0.1,0.0219725295398835
20260834,22,500,15,3000,3000,3000,3000,"fast",0.01,"","mtada_aggregated","trait2","bfdr_power",0.1,0.1
20260834,22,500,15,3000,3000,3000,3000,"fast",0.01,"","mtada_aggregated","trait2","bfdr_discoveries",0.1,1
20260834,22,500,15,3000,3000,3000,3000,"fast",0.01,"","mtada_aggregated","trait2","bfdr_observed_fdp",0.2,0.5
20260834,22,500,15,3000,3000,3000,3000,"fast",0.01,"","mtada_aggregated","trait2","bfdr_estimate",0.2,0.102696832417748
20260834,22,500,15,3000,3000,3000,3000,"fast",0.01,"","mtada_aggregated","trait2","bfdr_power",0.2,0.1
20260834,22,500,15,3000,3000,3000,3000,"fast",0.01,"","mtada_aggregated","trait2","bfdr_discoveries",0.2,2
20260834,22,500,15,3000,3000,3000,3000,"fast",0.01,"","mtada_aggregated","pleiotropy","bfdr_observed_fdp",0.01,0
20260834,22,500,15,3000,3000,3000,3000,"fast",0.01,"","mtada_aggregated","pleiotropy","bfdr_estimate",0.01,0
20260834,22,500,15,3000,3000,3000,3000,"fast",0.01,"","mtada_aggregated","pleiotropy","bfdr_power",0.01,0
20260834,22,500,15,3000,3000,3000,3000,"fast",0.01,"","mtada_aggregated","pleiotropy","bfdr_discoveries",0.01,0
20260834,22,500,15,3000,3000,3000,3000,"fast",0.01,"","mtada_aggregated","pleiotropy","bfdr_observed_fdp",0.05,0
20260834,22,500,15,3000,3000,3000,3000,"fast",0.01,"","mtada_aggregated","pleiotropy","bfdr_estimate",0.05,0
20260834,22,500,15,3000,3000,3000,3000,"fast",0.01,"","mtada_aggregated","pleiotropy","bfdr_power",0.05,0
20260834,22,500,15,3000,3000,3000,3000,"fast",0.01,"","mtada_aggregated","pleiotropy","bfdr_discoveries",0.05,0
20260834,22,500,15,3000,3000,3000,3000,"fast",0.01,"","mtada_aggregated","pleiotropy","bfdr_observed_fdp",0.1,0
20260834,22,500,15,3000,3000,3000,3000,"fast",0.01,"","mtada_aggregated","pleiotropy","bfdr_estimate",0.1,0
20260834,22,500,15,3000,3000,3000,3000,"fast",0.01,"","mtada_aggregated","pleiotropy","bfdr_power",0.1,0
20260834,22,500,15,3000,3000,3000,3000,"fast",0.01,"","mtada_aggregated","pleiotropy","bfdr_discoveries",0.1,0
20260834,22,500,15,3000,3000,3000,3000,"fast",0.01,"","mtada_aggregated","pleiotropy","bfdr_observed_fdp",0.2,0
20260834,22,500,15,3000,3000,3000,3000,"fast",0.01,"","mtada_aggregated","pleiotropy","bfdr_estimate",0.2,0
20260834,22,500,15,3000,3000,3000,3000,"fast",0.01,"","mtada_aggregated","pleiotropy","bfdr_power",0.2,0
20260834,22,500,15,3000,3000,3000,3000,"fast",0.01,"","mtada_aggregated","pleiotropy","bfdr_discoveries",0.2,0
20260834,22,500,15,3000,3000,3000,3000,"fast",0.01,"","mtada_aggregated","global","runtime_seconds",NA,0.687000000000012
20260834,22,500,15,3000,3000,3000,3000,"fast",0.01,"","mtada_aggregated","pleiotropy","pi11_estimate",NA,0.00450668
20260835,23,500,15,3000,3000,3000,3000,"fast",0.01,"","mirage_joint","trait1","auc",NA,0.721852631578947
20260835,23,500,15,3000,3000,3000,3000,"fast",0.01,"","mirage_joint","trait2","auc",NA,0.686326530612245
20260835,23,500,15,3000,3000,3000,3000,"fast",0.01,"","mirage_joint","pleiotropy","auc",NA,0.763232323232323
20260835,23,500,15,3000,3000,3000,3000,"fast",0.01,"","mirage_joint","trait1","pp08_power",0.8,0.08
20260835,23,500,15,3000,3000,3000,3000,"fast",0.01,"","mirage_joint","trait1","pp08_fdp",0.8,0
20260835,23,500,15,3000,3000,3000,3000,"fast",0.01,"","mirage_joint","trait1","pp08_discoveries",0.8,2
20260835,23,500,15,3000,3000,3000,3000,"fast",0.01,"","mirage_joint","trait2","pp08_power",0.8,0.1
20260835,23,500,15,3000,3000,3000,3000,"fast",0.01,"","mirage_joint","trait2","pp08_fdp",0.8,0
20260835,23,500,15,3000,3000,3000,3000,"fast",0.01,"","mirage_joint","trait2","pp08_discoveries",0.8,1
20260835,23,500,15,3000,3000,3000,3000,"fast",0.01,"","mirage_joint","pleiotropy","pp08_power",0.8,0
20260835,23,500,15,3000,3000,3000,3000,"fast",0.01,"","mirage_joint","pleiotropy","pp08_fdp",0.8,0
20260835,23,500,15,3000,3000,3000,3000,"fast",0.01,"","mirage_joint","pleiotropy","pp08_discoveries",0.8,0
20260835,23,500,15,3000,3000,3000,3000,"fast",0.01,"","mirage_joint","trait1","bfdr_observed_fdp",0.01,0
20260835,23,500,15,3000,3000,3000,3000,"fast",0.01,"","mirage_joint","trait1","bfdr_estimate",0.01,0.000439968542173652
20260835,23,500,15,3000,3000,3000,3000,"fast",0.01,"","mirage_joint","trait1","bfdr_power",0.01,0.08
20260835,23,500,15,3000,3000,3000,3000,"fast",0.01,"","mirage_joint","trait1","bfdr_discoveries",0.01,2
20260835,23,500,15,3000,3000,3000,3000,"fast",0.01,"","mirage_joint","trait1","bfdr_observed_fdp",0.05,0
20260835,23,500,15,3000,3000,3000,3000,"fast",0.01,"","mirage_joint","trait1","bfdr_estimate",0.05,0.000439968542173652
20260835,23,500,15,3000,3000,3000,3000,"fast",0.01,"","mirage_joint","trait1","bfdr_power",0.05,0.08
20260835,23,500,15,3000,3000,3000,3000,"fast",0.01,"","mirage_joint","trait1","bfdr_discoveries",0.05,2
20260835,23,500,15,3000,3000,3000,3000,"fast",0.01,"","mirage_joint","trait1","bfdr_observed_fdp",0.1,0
20260835,23,500,15,3000,3000,3000,3000,"fast",0.01,"","mirage_joint","trait1","bfdr_estimate",0.1,0.0678225300368993
20260835,23,500,15,3000,3000,3000,3000,"fast",0.01,"","mirage_joint","trait1","bfdr_power",0.1,0.12
20260835,23,500,15,3000,3000,3000,3000,"fast",0.01,"","mirage_joint","trait1","bfdr_discoveries",0.1,3
20260835,23,500,15,3000,3000,3000,3000,"fast",0.01,"","mirage_joint","trait1","bfdr_observed_fdp",0.2,0.4
20260835,23,500,15,3000,3000,3000,3000,"fast",0.01,"","mirage_joint","trait1","bfdr_estimate",0.2,0.189746610510382
20260835,23,500,15,3000,3000,3000,3000,"fast",0.01,"","mirage_joint","trait1","bfdr_power",0.2,0.12
20260835,23,500,15,3000,3000,3000,3000,"fast",0.01,"","mirage_joint","trait1","bfdr_discoveries",0.2,5
20260835,23,500,15,3000,3000,3000,3000,"fast",0.01,"","mirage_joint","trait2","bfdr_observed_fdp",0.01,0
20260835,23,500,15,3000,3000,3000,3000,"fast",0.01,"","mirage_joint","trait2","bfdr_estimate",0.01,0
20260835,23,500,15,3000,3000,3000,3000,"fast",0.01,"","mirage_joint","trait2","bfdr_power",0.01,0
20260835,23,500,15,3000,3000,3000,3000,"fast",0.01,"","mirage_joint","trait2","bfdr_discoveries",0.01,0
20260835,23,500,15,3000,3000,3000,3000,"fast",0.01,"","mirage_joint","trait2","bfdr_observed_fdp",0.05,0
20260835,23,500,15,3000,3000,3000,3000,"fast",0.01,"","mirage_joint","trait2","bfdr_estimate",0.05,0
20260835,23,500,15,3000,3000,3000,3000,"fast",0.01,"","mirage_joint","trait2","bfdr_power",0.05,0
20260835,23,500,15,3000,3000,3000,3000,"fast",0.01,"","mirage_joint","trait2","bfdr_discoveries",0.05,0
20260835,23,500,15,3000,3000,3000,3000,"fast",0.01,"","mirage_joint","trait2","bfdr_observed_fdp",0.1,0
20260835,23,500,15,3000,3000,3000,3000,"fast",0.01,"","mirage_joint","trait2","bfdr_estimate",0.1,0.0931666734637775
20260835,23,500,15,3000,3000,3000,3000,"fast",0.01,"","mirage_joint","trait2","bfdr_power",0.1,0.1
20260835,23,500,15,3000,3000,3000,3000,"fast",0.01,"","mirage_joint","trait2","bfdr_discoveries",0.1,1
20260835,23,500,15,3000,3000,3000,3000,"fast",0.01,"","mirage_joint","trait2","bfdr_observed_fdp",0.2,0
20260835,23,500,15,3000,3000,3000,3000,"fast",0.01,"","mirage_joint","trait2","bfdr_estimate",0.2,0.0931666734637775
20260835,23,500,15,3000,3000,3000,3000,"fast",0.01,"","mirage_joint","trait2","bfdr_power",0.2,0.1
20260835,23,500,15,3000,3000,3000,3000,"fast",0.01,"","mirage_joint","trait2","bfdr_discoveries",0.2,1
20260835,23,500,15,3000,3000,3000,3000,"fast",0.01,"","mirage_joint","pleiotropy","bfdr_observed_fdp",0.01,0
20260835,23,500,15,3000,3000,3000,3000,"fast",0.01,"","mirage_joint","pleiotropy","bfdr_estimate",0.01,0
20260835,23,500,15,3000,3000,3000,3000,"fast",0.01,"","mirage_joint","pleiotropy","bfdr_power",0.01,0
20260835,23,500,15,3000,3000,3000,3000,"fast",0.01,"","mirage_joint","pleiotropy","bfdr_discoveries",0.01,0
20260835,23,500,15,3000,3000,3000,3000,"fast",0.01,"","mirage_joint","pleiotropy","bfdr_observed_fdp",0.05,0
20260835,23,500,15,3000,3000,3000,3000,"fast",0.01,"","mirage_joint","pleiotropy","bfdr_estimate",0.05,0
20260835,23,500,15,3000,3000,3000,3000,"fast",0.01,"","mirage_joint","pleiotropy","bfdr_power",0.05,0
20260835,23,500,15,3000,3000,3000,3000,"fast",0.01,"","mirage_joint","pleiotropy","bfdr_discoveries",0.05,0
20260835,23,500,15,3000,3000,3000,3000,"fast",0.01,"","mirage_joint","pleiotropy","bfdr_observed_fdp",0.1,0
20260835,23,500,15,3000,3000,3000,3000,"fast",0.01,"","mirage_joint","pleiotropy","bfdr_estimate",0.1,0
20260835,23,500,15,3000,3000,3000,3000,"fast",0.01,"","mirage_joint","pleiotropy","bfdr_power",0.1,0
20260835,23,500,15,3000,3000,3000,3000,"fast",0.01,"","mirage_joint","pleiotropy","bfdr_discoveries",0.1,0
20260835,23,500,15,3000,3000,3000,3000,"fast",0.01,"","mirage_joint","pleiotropy","bfdr_observed_fdp",0.2,0
20260835,23,500,15,3000,3000,3000,3000,"fast",0.01,"","mirage_joint","pleiotropy","bfdr_estimate",0.2,0
20260835,23,500,15,3000,3000,3000,3000,"fast",0.01,"","mirage_joint","pleiotropy","bfdr_power",0.2,0
20260835,23,500,15,3000,3000,3000,3000,"fast",0.01,"","mirage_joint","pleiotropy","bfdr_discoveries",0.2,0
20260835,23,500,15,3000,3000,3000,3000,"fast",0.01,"","mirage_joint","global","runtime_seconds",NA,18.159
20260835,23,500,15,3000,3000,3000,3000,"fast",0.01,"","mirage_joint","pleiotropy","pi11_estimate",NA,0.0211101325508177
20260835,23,500,15,3000,3000,3000,3000,"fast",0.01,"","separate_mirage","trait1","auc",NA,0.734484210526316
20260835,23,500,15,3000,3000,3000,3000,"fast",0.01,"","separate_mirage","trait2","auc",NA,0.685102040816327
20260835,23,500,15,3000,3000,3000,3000,"fast",0.01,"","separate_mirage","pleiotropy","auc",NA,0.762020202020202
20260835,23,500,15,3000,3000,3000,3000,"fast",0.01,"","separate_mirage","trait1","pp08_power",0.8,0.08
20260835,23,500,15,3000,3000,3000,3000,"fast",0.01,"","separate_mirage","trait1","pp08_fdp",0.8,0
20260835,23,500,15,3000,3000,3000,3000,"fast",0.01,"","separate_mirage","trait1","pp08_discoveries",0.8,2
20260835,23,500,15,3000,3000,3000,3000,"fast",0.01,"","separate_mirage","trait2","pp08_power",0.8,0.1
20260835,23,500,15,3000,3000,3000,3000,"fast",0.01,"","separate_mirage","trait2","pp08_fdp",0.8,0
20260835,23,500,15,3000,3000,3000,3000,"fast",0.01,"","separate_mirage","trait2","pp08_discoveries",0.8,1
20260835,23,500,15,3000,3000,3000,3000,"fast",0.01,"","separate_mirage","pleiotropy","pp08_power",0.8,0
20260835,23,500,15,3000,3000,3000,3000,"fast",0.01,"","separate_mirage","pleiotropy","pp08_fdp",0.8,0
20260835,23,500,15,3000,3000,3000,3000,"fast",0.01,"","separate_mirage","pleiotropy","pp08_discoveries",0.8,0
20260835,23,500,15,3000,3000,3000,3000,"fast",0.01,"","separate_mirage","trait1","bfdr_observed_fdp",0.01,0
20260835,23,500,15,3000,3000,3000,3000,"fast",0.01,"","separate_mirage","trait1","bfdr_estimate",0.01,0.000685510151625157
20260835,23,500,15,3000,3000,3000,3000,"fast",0.01,"","separate_mirage","trait1","bfdr_power",0.01,0.08
20260835,23,500,15,3000,3000,3000,3000,"fast",0.01,"","separate_mirage","trait1","bfdr_discoveries",0.01,2
20260835,23,500,15,3000,3000,3000,3000,"fast",0.01,"","separate_mirage","trait1","bfdr_observed_fdp",0.05,0
20260835,23,500,15,3000,3000,3000,3000,"fast",0.01,"","separate_mirage","trait1","bfdr_estimate",0.05,0.000685510151625157
20260835,23,500,15,3000,3000,3000,3000,"fast",0.01,"","separate_mirage","trait1","bfdr_power",0.05,0.08
20260835,23,500,15,3000,3000,3000,3000,"fast",0.01,"","separate_mirage","trait1","bfdr_discoveries",0.05,2
20260835,23,500,15,3000,3000,3000,3000,"fast",0.01,"","separate_mirage","trait1","bfdr_observed_fdp",0.1,0
20260835,23,500,15,3000,3000,3000,3000,"fast",0.01,"","separate_mirage","trait1","bfdr_estimate",0.1,0.0923676519617546
20260835,23,500,15,3000,3000,3000,3000,"fast",0.01,"","separate_mirage","trait1","bfdr_power",0.1,0.12
20260835,23,500,15,3000,3000,3000,3000,"fast",0.01,"","separate_mirage","trait1","bfdr_discoveries",0.1,3
20260835,23,500,15,3000,3000,3000,3000,"fast",0.01,"","separate_mirage","trait1","bfdr_observed_fdp",0.2,0.25
20260835,23,500,15,3000,3000,3000,3000,"fast",0.01,"","separate_mirage","trait1","bfdr_estimate",0.2,0.194454402574938
20260835,23,500,15,3000,3000,3000,3000,"fast",0.01,"","separate_mirage","trait1","bfdr_power",0.2,0.12
20260835,23,500,15,3000,3000,3000,3000,"fast",0.01,"","separate_mirage","trait1","bfdr_discoveries",0.2,4
20260835,23,500,15,3000,3000,3000,3000,"fast",0.01,"","separate_mirage","trait2","bfdr_observed_fdp",0.01,0
20260835,23,500,15,3000,3000,3000,3000,"fast",0.01,"","separate_mirage","trait2","bfdr_estimate",0.01,0
20260835,23,500,15,3000,3000,3000,3000,"fast",0.01,"","separate_mirage","trait2","bfdr_power",0.01,0
20260835,23,500,15,3000,3000,3000,3000,"fast",0.01,"","separate_mirage","trait2","bfdr_discoveries",0.01,0
20260835,23,500,15,3000,3000,3000,3000,"fast",0.01,"","separate_mirage","trait2","bfdr_observed_fdp",0.05,0
20260835,23,500,15,3000,3000,3000,3000,"fast",0.01,"","separate_mirage","trait2","bfdr_estimate",0.05,0
20260835,23,500,15,3000,3000,3000,3000,"fast",0.01,"","separate_mirage","trait2","bfdr_power",0.05,0
20260835,23,500,15,3000,3000,3000,3000,"fast",0.01,"","separate_mirage","trait2","bfdr_discoveries",0.05,0
20260835,23,500,15,3000,3000,3000,3000,"fast",0.01,"","separate_mirage","trait2","bfdr_observed_fdp",0.1,0
20260835,23,500,15,3000,3000,3000,3000,"fast",0.01,"","separate_mirage","trait2","bfdr_estimate",0.1,0
20260835,23,500,15,3000,3000,3000,3000,"fast",0.01,"","separate_mirage","trait2","bfdr_power",0.1,0
20260835,23,500,15,3000,3000,3000,3000,"fast",0.01,"","separate_mirage","trait2","bfdr_discoveries",0.1,0
20260835,23,500,15,3000,3000,3000,3000,"fast",0.01,"","separate_mirage","trait2","bfdr_observed_fdp",0.2,0
20260835,23,500,15,3000,3000,3000,3000,"fast",0.01,"","separate_mirage","trait2","bfdr_estimate",0.2,0.153201621393197
20260835,23,500,15,3000,3000,3000,3000,"fast",0.01,"","separate_mirage","trait2","bfdr_power",0.2,0.1
20260835,23,500,15,3000,3000,3000,3000,"fast",0.01,"","separate_mirage","trait2","bfdr_discoveries",0.2,1
20260835,23,500,15,3000,3000,3000,3000,"fast",0.01,"","separate_mirage","pleiotropy","bfdr_observed_fdp",0.01,0
20260835,23,500,15,3000,3000,3000,3000,"fast",0.01,"","separate_mirage","pleiotropy","bfdr_estimate",0.01,0
20260835,23,500,15,3000,3000,3000,3000,"fast",0.01,"","separate_mirage","pleiotropy","bfdr_power",0.01,0
20260835,23,500,15,3000,3000,3000,3000,"fast",0.01,"","separate_mirage","pleiotropy","bfdr_discoveries",0.01,0
20260835,23,500,15,3000,3000,3000,3000,"fast",0.01,"","separate_mirage","pleiotropy","bfdr_observed_fdp",0.05,0
20260835,23,500,15,3000,3000,3000,3000,"fast",0.01,"","separate_mirage","pleiotropy","bfdr_estimate",0.05,0
20260835,23,500,15,3000,3000,3000,3000,"fast",0.01,"","separate_mirage","pleiotropy","bfdr_power",0.05,0
20260835,23,500,15,3000,3000,3000,3000,"fast",0.01,"","separate_mirage","pleiotropy","bfdr_discoveries",0.05,0
20260835,23,500,15,3000,3000,3000,3000,"fast",0.01,"","separate_mirage","pleiotropy","bfdr_observed_fdp",0.1,0
20260835,23,500,15,3000,3000,3000,3000,"fast",0.01,"","separate_mirage","pleiotropy","bfdr_estimate",0.1,0
20260835,23,500,15,3000,3000,3000,3000,"fast",0.01,"","separate_mirage","pleiotropy","bfdr_power",0.1,0
20260835,23,500,15,3000,3000,3000,3000,"fast",0.01,"","separate_mirage","pleiotropy","bfdr_discoveries",0.1,0
20260835,23,500,15,3000,3000,3000,3000,"fast",0.01,"","separate_mirage","pleiotropy","bfdr_observed_fdp",0.2,0
20260835,23,500,15,3000,3000,3000,3000,"fast",0.01,"","separate_mirage","pleiotropy","bfdr_estimate",0.2,0
20260835,23,500,15,3000,3000,3000,3000,"fast",0.01,"","separate_mirage","pleiotropy","bfdr_power",0.2,0
20260835,23,500,15,3000,3000,3000,3000,"fast",0.01,"","separate_mirage","pleiotropy","bfdr_discoveries",0.2,0
20260835,23,500,15,3000,3000,3000,3000,"fast",0.01,"","separate_mirage","global","runtime_seconds",NA,18.086
20260835,23,500,15,3000,3000,3000,3000,"fast",0.01,"","separate_mirage","pleiotropy","pi11_estimate",NA,0.001
20260835,23,500,15,3000,3000,3000,3000,"fast",0.01,"","mtada_aggregated","trait1","auc",NA,0.739705263157895
20260835,23,500,15,3000,3000,3000,3000,"fast",0.01,"","mtada_aggregated","trait2","auc",NA,0.704489795918367
20260835,23,500,15,3000,3000,3000,3000,"fast",0.01,"","mtada_aggregated","pleiotropy","auc",NA,0.654141414141414
20260835,23,500,15,3000,3000,3000,3000,"fast",0.01,"","mtada_aggregated","trait1","pp08_power",0.8,0.24
20260835,23,500,15,3000,3000,3000,3000,"fast",0.01,"","mtada_aggregated","trait1","pp08_fdp",0.8,0
20260835,23,500,15,3000,3000,3000,3000,"fast",0.01,"","mtada_aggregated","trait1","pp08_discoveries",0.8,6
20260835,23,500,15,3000,3000,3000,3000,"fast",0.01,"","mtada_aggregated","trait2","pp08_power",0.8,0.2
20260835,23,500,15,3000,3000,3000,3000,"fast",0.01,"","mtada_aggregated","trait2","pp08_fdp",0.8,0
20260835,23,500,15,3000,3000,3000,3000,"fast",0.01,"","mtada_aggregated","trait2","pp08_discoveries",0.8,2
20260835,23,500,15,3000,3000,3000,3000,"fast",0.01,"","mtada_aggregated","pleiotropy","pp08_power",0.8,0
20260835,23,500,15,3000,3000,3000,3000,"fast",0.01,"","mtada_aggregated","pleiotropy","pp08_fdp",0.8,0
20260835,23,500,15,3000,3000,3000,3000,"fast",0.01,"","mtada_aggregated","pleiotropy","pp08_discoveries",0.8,0
20260835,23,500,15,3000,3000,3000,3000,"fast",0.01,"","mtada_aggregated","trait1","bfdr_observed_fdp",0.01,0
20260835,23,500,15,3000,3000,3000,3000,"fast",0.01,"","mtada_aggregated","trait1","bfdr_estimate",0.01,0.0020186228398546
20260835,23,500,15,3000,3000,3000,3000,"fast",0.01,"","mtada_aggregated","trait1","bfdr_power",0.01,0.24
20260835,23,500,15,3000,3000,3000,3000,"fast",0.01,"","mtada_aggregated","trait1","bfdr_discoveries",0.01,6
20260835,23,500,15,3000,3000,3000,3000,"fast",0.01,"","mtada_aggregated","trait1","bfdr_observed_fdp",0.05,0
20260835,23,500,15,3000,3000,3000,3000,"fast",0.01,"","mtada_aggregated","trait1","bfdr_estimate",0.05,0.0020186228398546
20260835,23,500,15,3000,3000,3000,3000,"fast",0.01,"","mtada_aggregated","trait1","bfdr_power",0.05,0.24
20260835,23,500,15,3000,3000,3000,3000,"fast",0.01,"","mtada_aggregated","trait1","bfdr_discoveries",0.05,6
20260835,23,500,15,3000,3000,3000,3000,"fast",0.01,"","mtada_aggregated","trait1","bfdr_observed_fdp",0.1,0
20260835,23,500,15,3000,3000,3000,3000,"fast",0.01,"","mtada_aggregated","trait1","bfdr_estimate",0.1,0.0020186228398546
20260835,23,500,15,3000,3000,3000,3000,"fast",0.01,"","mtada_aggregated","trait1","bfdr_power",0.1,0.24
20260835,23,500,15,3000,3000,3000,3000,"fast",0.01,"","mtada_aggregated","trait1","bfdr_discoveries",0.1,6
20260835,23,500,15,3000,3000,3000,3000,"fast",0.01,"","mtada_aggregated","trait1","bfdr_observed_fdp",0.2,0.25
20260835,23,500,15,3000,3000,3000,3000,"fast",0.01,"","mtada_aggregated","trait1","bfdr_estimate",0.2,0.191226186398447
20260835,23,500,15,3000,3000,3000,3000,"fast",0.01,"","mtada_aggregated","trait1","bfdr_power",0.2,0.24
20260835,23,500,15,3000,3000,3000,3000,"fast",0.01,"","mtada_aggregated","trait1","bfdr_discoveries",0.2,8
20260835,23,500,15,3000,3000,3000,3000,"fast",0.01,"","mtada_aggregated","trait2","bfdr_observed_fdp",0.01,0
20260835,23,500,15,3000,3000,3000,3000,"fast",0.01,"","mtada_aggregated","trait2","bfdr_estimate",0.01,0.00413941699381243
20260835,23,500,15,3000,3000,3000,3000,"fast",0.01,"","mtada_aggregated","trait2","bfdr_power",0.01,0.2
20260835,23,500,15,3000,3000,3000,3000,"fast",0.01,"","mtada_aggregated","trait2","bfdr_discoveries",0.01,2
20260835,23,500,15,3000,3000,3000,3000,"fast",0.01,"","mtada_aggregated","trait2","bfdr_observed_fdp",0.05,0
20260835,23,500,15,3000,3000,3000,3000,"fast",0.01,"","mtada_aggregated","trait2","bfdr_estimate",0.05,0.00413941699381243
20260835,23,500,15,3000,3000,3000,3000,"fast",0.01,"","mtada_aggregated","trait2","bfdr_power",0.05,0.2
20260835,23,500,15,3000,3000,3000,3000,"fast",0.01,"","mtada_aggregated","trait2","bfdr_discoveries",0.05,2
20260835,23,500,15,3000,3000,3000,3000,"fast",0.01,"","mtada_aggregated","trait2","bfdr_observed_fdp",0.1,0
20260835,23,500,15,3000,3000,3000,3000,"fast",0.01,"","mtada_aggregated","trait2","bfdr_estimate",0.1,0.00413941699381243
20260835,23,500,15,3000,3000,3000,3000,"fast",0.01,"","mtada_aggregated","trait2","bfdr_power",0.1,0.2
20260835,23,500,15,3000,3000,3000,3000,"fast",0.01,"","mtada_aggregated","trait2","bfdr_discoveries",0.1,2
20260835,23,500,15,3000,3000,3000,3000,"fast",0.01,"","mtada_aggregated","trait2","bfdr_observed_fdp",0.2,0
20260835,23,500,15,3000,3000,3000,3000,"fast",0.01,"","mtada_aggregated","trait2","bfdr_estimate",0.2,0.00413941699381243
20260835,23,500,15,3000,3000,3000,3000,"fast",0.01,"","mtada_aggregated","trait2","bfdr_power",0.2,0.2
20260835,23,500,15,3000,3000,3000,3000,"fast",0.01,"","mtada_aggregated","trait2","bfdr_discoveries",0.2,2
20260835,23,500,15,3000,3000,3000,3000,"fast",0.01,"","mtada_aggregated","pleiotropy","bfdr_observed_fdp",0.01,0
20260835,23,500,15,3000,3000,3000,3000,"fast",0.01,"","mtada_aggregated","pleiotropy","bfdr_estimate",0.01,0
20260835,23,500,15,3000,3000,3000,3000,"fast",0.01,"","mtada_aggregated","pleiotropy","bfdr_power",0.01,0
20260835,23,500,15,3000,3000,3000,3000,"fast",0.01,"","mtada_aggregated","pleiotropy","bfdr_discoveries",0.01,0
20260835,23,500,15,3000,3000,3000,3000,"fast",0.01,"","mtada_aggregated","pleiotropy","bfdr_observed_fdp",0.05,0
20260835,23,500,15,3000,3000,3000,3000,"fast",0.01,"","mtada_aggregated","pleiotropy","bfdr_estimate",0.05,0
20260835,23,500,15,3000,3000,3000,3000,"fast",0.01,"","mtada_aggregated","pleiotropy","bfdr_power",0.05,0
20260835,23,500,15,3000,3000,3000,3000,"fast",0.01,"","mtada_aggregated","pleiotropy","bfdr_discoveries",0.05,0
20260835,23,500,15,3000,3000,3000,3000,"fast",0.01,"","mtada_aggregated","pleiotropy","bfdr_observed_fdp",0.1,0
20260835,23,500,15,3000,3000,3000,3000,"fast",0.01,"","mtada_aggregated","pleiotropy","bfdr_estimate",0.1,0
20260835,23,500,15,3000,3000,3000,3000,"fast",0.01,"","mtada_aggregated","pleiotropy","bfdr_power",0.1,0
20260835,23,500,15,3000,3000,3000,3000,"fast",0.01,"","mtada_aggregated","pleiotropy","bfdr_discoveries",0.1,0
20260835,23,500,15,3000,3000,3000,3000,"fast",0.01,"","mtada_aggregated","pleiotropy","bfdr_observed_fdp",0.2,0
20260835,23,500,15,3000,3000,3000,3000,"fast",0.01,"","mtada_aggregated","pleiotropy","bfdr_estimate",0.2,0
20260835,23,500,15,3000,3000,3000,3000,"fast",0.01,"","mtada_aggregated","pleiotropy","bfdr_power",0.2,0
20260835,23,500,15,3000,3000,3000,3000,"fast",0.01,"","mtada_aggregated","pleiotropy","bfdr_discoveries",0.2,0
20260835,23,500,15,3000,3000,3000,3000,"fast",0.01,"","mtada_aggregated","global","runtime_seconds",NA,0.697000000000003
20260835,23,500,15,3000,3000,3000,3000,"fast",0.01,"","mtada_aggregated","pleiotropy","pi11_estimate",NA,0.00298344
20260836,24,500,15,3000,3000,3000,3000,"fast",0.01,"","mirage_joint","trait1","auc",NA,0.705684210526316
20260836,24,500,15,3000,3000,3000,3000,"fast",0.01,"","mirage_joint","trait2","auc",NA,0.709183673469388
20260836,24,500,15,3000,3000,3000,3000,"fast",0.01,"","mirage_joint","pleiotropy","auc",NA,0.694141414141414
20260836,24,500,15,3000,3000,3000,3000,"fast",0.01,"","mirage_joint","trait1","pp08_power",0.8,0.12
20260836,24,500,15,3000,3000,3000,3000,"fast",0.01,"","mirage_joint","trait1","pp08_fdp",0.8,0.25
20260836,24,500,15,3000,3000,3000,3000,"fast",0.01,"","mirage_joint","trait1","pp08_discoveries",0.8,4
20260836,24,500,15,3000,3000,3000,3000,"fast",0.01,"","mirage_joint","trait2","pp08_power",0.8,0
20260836,24,500,15,3000,3000,3000,3000,"fast",0.01,"","mirage_joint","trait2","pp08_fdp",0.8,1
20260836,24,500,15,3000,3000,3000,3000,"fast",0.01,"","mirage_joint","trait2","pp08_discoveries",0.8,1
20260836,24,500,15,3000,3000,3000,3000,"fast",0.01,"","mirage_joint","pleiotropy","pp08_power",0.8,0
20260836,24,500,15,3000,3000,3000,3000,"fast",0.01,"","mirage_joint","pleiotropy","pp08_fdp",0.8,0
20260836,24,500,15,3000,3000,3000,3000,"fast",0.01,"","mirage_joint","pleiotropy","pp08_discoveries",0.8,0
20260836,24,500,15,3000,3000,3000,3000,"fast",0.01,"","mirage_joint","trait1","bfdr_observed_fdp",0.01,0
20260836,24,500,15,3000,3000,3000,3000,"fast",0.01,"","mirage_joint","trait1","bfdr_estimate",0.01,6.04682368929854e-05
20260836,24,500,15,3000,3000,3000,3000,"fast",0.01,"","mirage_joint","trait1","bfdr_power",0.01,0.04
20260836,24,500,15,3000,3000,3000,3000,"fast",0.01,"","mirage_joint","trait1","bfdr_discoveries",0.01,1
20260836,24,500,15,3000,3000,3000,3000,"fast",0.01,"","mirage_joint","trait1","bfdr_observed_fdp",0.05,0
20260836,24,500,15,3000,3000,3000,3000,"fast",0.01,"","mirage_joint","trait1","bfdr_estimate",0.05,0.0398369662794735
20260836,24,500,15,3000,3000,3000,3000,"fast",0.01,"","mirage_joint","trait1","bfdr_power",0.05,0.12
20260836,24,500,15,3000,3000,3000,3000,"fast",0.01,"","mirage_joint","trait1","bfdr_discoveries",0.05,3
20260836,24,500,15,3000,3000,3000,3000,"fast",0.01,"","mirage_joint","trait1","bfdr_observed_fdp",0.1,0.25
20260836,24,500,15,3000,3000,3000,3000,"fast",0.01,"","mirage_joint","trait1","bfdr_estimate",0.1,0.0750090722317781
20260836,24,500,15,3000,3000,3000,3000,"fast",0.01,"","mirage_joint","trait1","bfdr_power",0.1,0.12
20260836,24,500,15,3000,3000,3000,3000,"fast",0.01,"","mirage_joint","trait1","bfdr_discoveries",0.1,4
20260836,24,500,15,3000,3000,3000,3000,"fast",0.01,"","mirage_joint","trait1","bfdr_observed_fdp",0.2,0.444444444444444
20260836,24,500,15,3000,3000,3000,3000,"fast",0.01,"","mirage_joint","trait1","bfdr_estimate",0.2,0.185480156981826
20260836,24,500,15,3000,3000,3000,3000,"fast",0.01,"","mirage_joint","trait1","bfdr_power",0.2,0.2
20260836,24,500,15,3000,3000,3000,3000,"fast",0.01,"","mirage_joint","trait1","bfdr_discoveries",0.2,9
20260836,24,500,15,3000,3000,3000,3000,"fast",0.01,"","mirage_joint","trait2","bfdr_observed_fdp",0.01,0
20260836,24,500,15,3000,3000,3000,3000,"fast",0.01,"","mirage_joint","trait2","bfdr_estimate",0.01,0
20260836,24,500,15,3000,3000,3000,3000,"fast",0.01,"","mirage_joint","trait2","bfdr_power",0.01,0
20260836,24,500,15,3000,3000,3000,3000,"fast",0.01,"","mirage_joint","trait2","bfdr_discoveries",0.01,0
20260836,24,500,15,3000,3000,3000,3000,"fast",0.01,"","mirage_joint","trait2","bfdr_observed_fdp",0.05,1
20260836,24,500,15,3000,3000,3000,3000,"fast",0.01,"","mirage_joint","trait2","bfdr_estimate",0.05,0.0482275769736726
20260836,24,500,15,3000,3000,3000,3000,"fast",0.01,"","mirage_joint","trait2","bfdr_power",0.05,0
20260836,24,500,15,3000,3000,3000,3000,"fast",0.01,"","mirage_joint","trait2","bfdr_discoveries",0.05,1
20260836,24,500,15,3000,3000,3000,3000,"fast",0.01,"","mirage_joint","trait2","bfdr_observed_fdp",0.1,1
20260836,24,500,15,3000,3000,3000,3000,"fast",0.01,"","mirage_joint","trait2","bfdr_estimate",0.1,0.0482275769736726
20260836,24,500,15,3000,3000,3000,3000,"fast",0.01,"","mirage_joint","trait2","bfdr_power",0.1,0
20260836,24,500,15,3000,3000,3000,3000,"fast",0.01,"","mirage_joint","trait2","bfdr_discoveries",0.1,1
20260836,24,500,15,3000,3000,3000,3000,"fast",0.01,"","mirage_joint","trait2","bfdr_observed_fdp",0.2,1
20260836,24,500,15,3000,3000,3000,3000,"fast",0.01,"","mirage_joint","trait2","bfdr_estimate",0.2,0.0482275769736726
20260836,24,500,15,3000,3000,3000,3000,"fast",0.01,"","mirage_joint","trait2","bfdr_power",0.2,0
20260836,24,500,15,3000,3000,3000,3000,"fast",0.01,"","mirage_joint","trait2","bfdr_discoveries",0.2,1
20260836,24,500,15,3000,3000,3000,3000,"fast",0.01,"","mirage_joint","pleiotropy","bfdr_observed_fdp",0.01,0
20260836,24,500,15,3000,3000,3000,3000,"fast",0.01,"","mirage_joint","pleiotropy","bfdr_estimate",0.01,0
20260836,24,500,15,3000,3000,3000,3000,"fast",0.01,"","mirage_joint","pleiotropy","bfdr_power",0.01,0
20260836,24,500,15,3000,3000,3000,3000,"fast",0.01,"","mirage_joint","pleiotropy","bfdr_discoveries",0.01,0
20260836,24,500,15,3000,3000,3000,3000,"fast",0.01,"","mirage_joint","pleiotropy","bfdr_observed_fdp",0.05,0
20260836,24,500,15,3000,3000,3000,3000,"fast",0.01,"","mirage_joint","pleiotropy","bfdr_estimate",0.05,0
20260836,24,500,15,3000,3000,3000,3000,"fast",0.01,"","mirage_joint","pleiotropy","bfdr_power",0.05,0
20260836,24,500,15,3000,3000,3000,3000,"fast",0.01,"","mirage_joint","pleiotropy","bfdr_discoveries",0.05,0
20260836,24,500,15,3000,3000,3000,3000,"fast",0.01,"","mirage_joint","pleiotropy","bfdr_observed_fdp",0.1,0
20260836,24,500,15,3000,3000,3000,3000,"fast",0.01,"","mirage_joint","pleiotropy","bfdr_estimate",0.1,0
20260836,24,500,15,3000,3000,3000,3000,"fast",0.01,"","mirage_joint","pleiotropy","bfdr_power",0.1,0
20260836,24,500,15,3000,3000,3000,3000,"fast",0.01,"","mirage_joint","pleiotropy","bfdr_discoveries",0.1,0
20260836,24,500,15,3000,3000,3000,3000,"fast",0.01,"","mirage_joint","pleiotropy","bfdr_observed_fdp",0.2,0
20260836,24,500,15,3000,3000,3000,3000,"fast",0.01,"","mirage_joint","pleiotropy","bfdr_estimate",0.2,0
20260836,24,500,15,3000,3000,3000,3000,"fast",0.01,"","mirage_joint","pleiotropy","bfdr_power",0.2,0
20260836,24,500,15,3000,3000,3000,3000,"fast",0.01,"","mirage_joint","pleiotropy","bfdr_discoveries",0.2,0
20260836,24,500,15,3000,3000,3000,3000,"fast",0.01,"","mirage_joint","global","runtime_seconds",NA,18.196
20260836,24,500,15,3000,3000,3000,3000,"fast",0.01,"","mirage_joint","pleiotropy","pi11_estimate",NA,0.0733196991129561
20260836,24,500,15,3000,3000,3000,3000,"fast",0.01,"","separate_mirage","trait1","auc",NA,0.718652631578947
20260836,24,500,15,3000,3000,3000,3000,"fast",0.01,"","separate_mirage","trait2","auc",NA,0.67
20260836,24,500,15,3000,3000,3000,3000,"fast",0.01,"","separate_mirage","pleiotropy","auc",NA,0.672727272727273
20260836,24,500,15,3000,3000,3000,3000,"fast",0.01,"","separate_mirage","trait1","pp08_power",0.8,0.08
20260836,24,500,15,3000,3000,3000,3000,"fast",0.01,"","separate_mirage","trait1","pp08_fdp",0.8,0
20260836,24,500,15,3000,3000,3000,3000,"fast",0.01,"","separate_mirage","trait1","pp08_discoveries",0.8,2
20260836,24,500,15,3000,3000,3000,3000,"fast",0.01,"","separate_mirage","trait2","pp08_power",0.8,0
20260836,24,500,15,3000,3000,3000,3000,"fast",0.01,"","separate_mirage","trait2","pp08_fdp",0.8,1
20260836,24,500,15,3000,3000,3000,3000,"fast",0.01,"","separate_mirage","trait2","pp08_discoveries",0.8,1
20260836,24,500,15,3000,3000,3000,3000,"fast",0.01,"","separate_mirage","pleiotropy","pp08_power",0.8,0
20260836,24,500,15,3000,3000,3000,3000,"fast",0.01,"","separate_mirage","pleiotropy","pp08_fdp",0.8,0
20260836,24,500,15,3000,3000,3000,3000,"fast",0.01,"","separate_mirage","pleiotropy","pp08_discoveries",0.8,0
20260836,24,500,15,3000,3000,3000,3000,"fast",0.01,"","separate_mirage","trait1","bfdr_observed_fdp",0.01,0
20260836,24,500,15,3000,3000,3000,3000,"fast",0.01,"","separate_mirage","trait1","bfdr_estimate",0.01,0.000120125772502089
20260836,24,500,15,3000,3000,3000,3000,"fast",0.01,"","separate_mirage","trait1","bfdr_power",0.01,0.04
20260836,24,500,15,3000,3000,3000,3000,"fast",0.01,"","separate_mirage","trait1","bfdr_discoveries",0.01,1
20260836,24,500,15,3000,3000,3000,3000,"fast",0.01,"","separate_mirage","trait1","bfdr_observed_fdp",0.05,0
20260836,24,500,15,3000,3000,3000,3000,"fast",0.01,"","separate_mirage","trait1","bfdr_estimate",0.05,0.0256894218173914
20260836,24,500,15,3000,3000,3000,3000,"fast",0.01,"","separate_mirage","trait1","bfdr_power",0.05,0.08
20260836,24,500,15,3000,3000,3000,3000,"fast",0.01,"","separate_mirage","trait1","bfdr_discoveries",0.05,2
20260836,24,500,15,3000,3000,3000,3000,"fast",0.01,"","separate_mirage","trait1","bfdr_observed_fdp",0.1,0
20260836,24,500,15,3000,3000,3000,3000,"fast",0.01,"","separate_mirage","trait1","bfdr_estimate",0.1,0.0256894218173914
20260836,24,500,15,3000,3000,3000,3000,"fast",0.01,"","separate_mirage","trait1","bfdr_power",0.1,0.08
20260836,24,500,15,3000,3000,3000,3000,"fast",0.01,"","separate_mirage","trait1","bfdr_discoveries",0.1,2
20260836,24,500,15,3000,3000,3000,3000,"fast",0.01,"","separate_mirage","trait1","bfdr_observed_fdp",0.2,0.25
20260836,24,500,15,3000,3000,3000,3000,"fast",0.01,"","separate_mirage","trait1","bfdr_estimate",0.2,0.147492231975602
20260836,24,500,15,3000,3000,3000,3000,"fast",0.01,"","separate_mirage","trait1","bfdr_power",0.2,0.12
20260836,24,500,15,3000,3000,3000,3000,"fast",0.01,"","separate_mirage","trait1","bfdr_discoveries",0.2,4
20260836,24,500,15,3000,3000,3000,3000,"fast",0.01,"","separate_mirage","trait2","bfdr_observed_fdp",0.01,0
20260836,24,500,15,3000,3000,3000,3000,"fast",0.01,"","separate_mirage","trait2","bfdr_estimate",0.01,0
20260836,24,500,15,3000,3000,3000,3000,"fast",0.01,"","separate_mirage","trait2","bfdr_power",0.01,0
20260836,24,500,15,3000,3000,3000,3000,"fast",0.01,"","separate_mirage","trait2","bfdr_discoveries",0.01,0
20260836,24,500,15,3000,3000,3000,3000,"fast",0.01,"","separate_mirage","trait2","bfdr_observed_fdp",0.05,0
20260836,24,500,15,3000,3000,3000,3000,"fast",0.01,"","separate_mirage","trait2","bfdr_estimate",0.05,0
20260836,24,500,15,3000,3000,3000,3000,"fast",0.01,"","separate_mirage","trait2","bfdr_power",0.05,0
20260836,24,500,15,3000,3000,3000,3000,"fast",0.01,"","separate_mirage","trait2","bfdr_discoveries",0.05,0
20260836,24,500,15,3000,3000,3000,3000,"fast",0.01,"","separate_mirage","trait2","bfdr_observed_fdp",0.1,1
20260836,24,500,15,3000,3000,3000,3000,"fast",0.01,"","separate_mirage","trait2","bfdr_estimate",0.1,0.0963170366697371
20260836,24,500,15,3000,3000,3000,3000,"fast",0.01,"","separate_mirage","trait2","bfdr_power",0.1,0
20260836,24,500,15,3000,3000,3000,3000,"fast",0.01,"","separate_mirage","trait2","bfdr_discoveries",0.1,1
20260836,24,500,15,3000,3000,3000,3000,"fast",0.01,"","separate_mirage","trait2","bfdr_observed_fdp",0.2,1
20260836,24,500,15,3000,3000,3000,3000,"fast",0.01,"","separate_mirage","trait2","bfdr_estimate",0.2,0.0963170366697371
20260836,24,500,15,3000,3000,3000,3000,"fast",0.01,"","separate_mirage","trait2","bfdr_power",0.2,0
20260836,24,500,15,3000,3000,3000,3000,"fast",0.01,"","separate_mirage","trait2","bfdr_discoveries",0.2,1
20260836,24,500,15,3000,3000,3000,3000,"fast",0.01,"","separate_mirage","pleiotropy","bfdr_observed_fdp",0.01,0
20260836,24,500,15,3000,3000,3000,3000,"fast",0.01,"","separate_mirage","pleiotropy","bfdr_estimate",0.01,0
20260836,24,500,15,3000,3000,3000,3000,"fast",0.01,"","separate_mirage","pleiotropy","bfdr_power",0.01,0
20260836,24,500,15,3000,3000,3000,3000,"fast",0.01,"","separate_mirage","pleiotropy","bfdr_discoveries",0.01,0
20260836,24,500,15,3000,3000,3000,3000,"fast",0.01,"","separate_mirage","pleiotropy","bfdr_observed_fdp",0.05,0
20260836,24,500,15,3000,3000,3000,3000,"fast",0.01,"","separate_mirage","pleiotropy","bfdr_estimate",0.05,0
20260836,24,500,15,3000,3000,3000,3000,"fast",0.01,"","separate_mirage","pleiotropy","bfdr_power",0.05,0
20260836,24,500,15,3000,3000,3000,3000,"fast",0.01,"","separate_mirage","pleiotropy","bfdr_discoveries",0.05,0
20260836,24,500,15,3000,3000,3000,3000,"fast",0.01,"","separate_mirage","pleiotropy","bfdr_observed_fdp",0.1,0
20260836,24,500,15,3000,3000,3000,3000,"fast",0.01,"","separate_mirage","pleiotropy","bfdr_estimate",0.1,0
20260836,24,500,15,3000,3000,3000,3000,"fast",0.01,"","separate_mirage","pleiotropy","bfdr_power",0.1,0
20260836,24,500,15,3000,3000,3000,3000,"fast",0.01,"","separate_mirage","pleiotropy","bfdr_discoveries",0.1,0
20260836,24,500,15,3000,3000,3000,3000,"fast",0.01,"","separate_mirage","pleiotropy","bfdr_observed_fdp",0.2,0
20260836,24,500,15,3000,3000,3000,3000,"fast",0.01,"","separate_mirage","pleiotropy","bfdr_estimate",0.2,0
20260836,24,500,15,3000,3000,3000,3000,"fast",0.01,"","separate_mirage","pleiotropy","bfdr_power",0.2,0
20260836,24,500,15,3000,3000,3000,3000,"fast",0.01,"","separate_mirage","pleiotropy","bfdr_discoveries",0.2,0
20260836,24,500,15,3000,3000,3000,3000,"fast",0.01,"","separate_mirage","global","runtime_seconds",NA,18.083
20260836,24,500,15,3000,3000,3000,3000,"fast",0.01,"","separate_mirage","pleiotropy","pi11_estimate",NA,0.001
20260836,24,500,15,3000,3000,3000,3000,"fast",0.01,"","mtada_aggregated","trait1","auc",NA,0.724042105263158
20260836,24,500,15,3000,3000,3000,3000,"fast",0.01,"","mtada_aggregated","trait2","auc",NA,0.690816326530612
20260836,24,500,15,3000,3000,3000,3000,"fast",0.01,"","mtada_aggregated","pleiotropy","auc",NA,0.728888888888889
20260836,24,500,15,3000,3000,3000,3000,"fast",0.01,"","mtada_aggregated","trait1","pp08_power",0.8,0.24
20260836,24,500,15,3000,3000,3000,3000,"fast",0.01,"","mtada_aggregated","trait1","pp08_fdp",0.8,0
20260836,24,500,15,3000,3000,3000,3000,"fast",0.01,"","mtada_aggregated","trait1","pp08_discoveries",0.8,6
20260836,24,500,15,3000,3000,3000,3000,"fast",0.01,"","mtada_aggregated","trait2","pp08_power",0.8,0
20260836,24,500,15,3000,3000,3000,3000,"fast",0.01,"","mtada_aggregated","trait2","pp08_fdp",0.8,0
20260836,24,500,15,3000,3000,3000,3000,"fast",0.01,"","mtada_aggregated","trait2","pp08_discoveries",0.8,0
20260836,24,500,15,3000,3000,3000,3000,"fast",0.01,"","mtada_aggregated","pleiotropy","pp08_power",0.8,0
20260836,24,500,15,3000,3000,3000,3000,"fast",0.01,"","mtada_aggregated","pleiotropy","pp08_fdp",0.8,0
20260836,24,500,15,3000,3000,3000,3000,"fast",0.01,"","mtada_aggregated","pleiotropy","pp08_discoveries",0.8,0
20260836,24,500,15,3000,3000,3000,3000,"fast",0.01,"","mtada_aggregated","trait1","bfdr_observed_fdp",0.01,0
20260836,24,500,15,3000,3000,3000,3000,"fast",0.01,"","mtada_aggregated","trait1","bfdr_estimate",0.01,0.00967143219422093
20260836,24,500,15,3000,3000,3000,3000,"fast",0.01,"","mtada_aggregated","trait1","bfdr_power",0.01,0.2
20260836,24,500,15,3000,3000,3000,3000,"fast",0.01,"","mtada_aggregated","trait1","bfdr_discoveries",0.01,5
20260836,24,500,15,3000,3000,3000,3000,"fast",0.01,"","mtada_aggregated","trait1","bfdr_observed_fdp",0.05,0
20260836,24,500,15,3000,3000,3000,3000,"fast",0.01,"","mtada_aggregated","trait1","bfdr_estimate",0.05,0.025556157409377
20260836,24,500,15,3000,3000,3000,3000,"fast",0.01,"","mtada_aggregated","trait1","bfdr_power",0.05,0.24
20260836,24,500,15,3000,3000,3000,3000,"fast",0.01,"","mtada_aggregated","trait1","bfdr_discoveries",0.05,6
20260836,24,500,15,3000,3000,3000,3000,"fast",0.01,"","mtada_aggregated","trait1","bfdr_observed_fdp",0.1,0
20260836,24,500,15,3000,3000,3000,3000,"fast",0.01,"","mtada_aggregated","trait1","bfdr_estimate",0.1,0.0620785346797283
20260836,24,500,15,3000,3000,3000,3000,"fast",0.01,"","mtada_aggregated","trait1","bfdr_power",0.1,0.28
20260836,24,500,15,3000,3000,3000,3000,"fast",0.01,"","mtada_aggregated","trait1","bfdr_discoveries",0.1,7
20260836,24,500,15,3000,3000,3000,3000,"fast",0.01,"","mtada_aggregated","trait1","bfdr_observed_fdp",0.2,0
20260836,24,500,15,3000,3000,3000,3000,"fast",0.01,"","mtada_aggregated","trait1","bfdr_estimate",0.2,0.138942579267329
20260836,24,500,15,3000,3000,3000,3000,"fast",0.01,"","mtada_aggregated","trait1","bfdr_power",0.2,0.32
20260836,24,500,15,3000,3000,3000,3000,"fast",0.01,"","mtada_aggregated","trait1","bfdr_discoveries",0.2,8
20260836,24,500,15,3000,3000,3000,3000,"fast",0.01,"","mtada_aggregated","trait2","bfdr_observed_fdp",0.01,0
20260836,24,500,15,3000,3000,3000,3000,"fast",0.01,"","mtada_aggregated","trait2","bfdr_estimate",0.01,0
20260836,24,500,15,3000,3000,3000,3000,"fast",0.01,"","mtada_aggregated","trait2","bfdr_power",0.01,0
20260836,24,500,15,3000,3000,3000,3000,"fast",0.01,"","mtada_aggregated","trait2","bfdr_discoveries",0.01,0
20260836,24,500,15,3000,3000,3000,3000,"fast",0.01,"","mtada_aggregated","trait2","bfdr_observed_fdp",0.05,0
20260836,24,500,15,3000,3000,3000,3000,"fast",0.01,"","mtada_aggregated","trait2","bfdr_estimate",0.05,0
20260836,24,500,15,3000,3000,3000,3000,"fast",0.01,"","mtada_aggregated","trait2","bfdr_power",0.05,0
20260836,24,500,15,3000,3000,3000,3000,"fast",0.01,"","mtada_aggregated","trait2","bfdr_discoveries",0.05,0
20260836,24,500,15,3000,3000,3000,3000,"fast",0.01,"","mtada_aggregated","trait2","bfdr_observed_fdp",0.1,0
20260836,24,500,15,3000,3000,3000,3000,"fast",0.01,"","mtada_aggregated","trait2","bfdr_estimate",0.1,0
20260836,24,500,15,3000,3000,3000,3000,"fast",0.01,"","mtada_aggregated","trait2","bfdr_power",0.1,0
20260836,24,500,15,3000,3000,3000,3000,"fast",0.01,"","mtada_aggregated","trait2","bfdr_discoveries",0.1,0
20260836,24,500,15,3000,3000,3000,3000,"fast",0.01,"","mtada_aggregated","trait2","bfdr_observed_fdp",0.2,0
20260836,24,500,15,3000,3000,3000,3000,"fast",0.01,"","mtada_aggregated","trait2","bfdr_estimate",0.2,0
20260836,24,500,15,3000,3000,3000,3000,"fast",0.01,"","mtada_aggregated","trait2","bfdr_power",0.2,0
20260836,24,500,15,3000,3000,3000,3000,"fast",0.01,"","mtada_aggregated","trait2","bfdr_discoveries",0.2,0
20260836,24,500,15,3000,3000,3000,3000,"fast",0.01,"","mtada_aggregated","pleiotropy","bfdr_observed_fdp",0.01,0
20260836,24,500,15,3000,3000,3000,3000,"fast",0.01,"","mtada_aggregated","pleiotropy","bfdr_estimate",0.01,0
20260836,24,500,15,3000,3000,3000,3000,"fast",0.01,"","mtada_aggregated","pleiotropy","bfdr_power",0.01,0
20260836,24,500,15,3000,3000,3000,3000,"fast",0.01,"","mtada_aggregated","pleiotropy","bfdr_discoveries",0.01,0
20260836,24,500,15,3000,3000,3000,3000,"fast",0.01,"","mtada_aggregated","pleiotropy","bfdr_observed_fdp",0.05,0
20260836,24,500,15,3000,3000,3000,3000,"fast",0.01,"","mtada_aggregated","pleiotropy","bfdr_estimate",0.05,0
20260836,24,500,15,3000,3000,3000,3000,"fast",0.01,"","mtada_aggregated","pleiotropy","bfdr_power",0.05,0
20260836,24,500,15,3000,3000,3000,3000,"fast",0.01,"","mtada_aggregated","pleiotropy","bfdr_discoveries",0.05,0
20260836,24,500,15,3000,3000,3000,3000,"fast",0.01,"","mtada_aggregated","pleiotropy","bfdr_observed_fdp",0.1,0
20260836,24,500,15,3000,3000,3000,3000,"fast",0.01,"","mtada_aggregated","pleiotropy","bfdr_estimate",0.1,0
20260836,24,500,15,3000,3000,3000,3000,"fast",0.01,"","mtada_aggregated","pleiotropy","bfdr_power",0.1,0
20260836,24,500,15,3000,3000,3000,3000,"fast",0.01,"","mtada_aggregated","pleiotropy","bfdr_discoveries",0.1,0
20260836,24,500,15,3000,3000,3000,3000,"fast",0.01,"","mtada_aggregated","pleiotropy","bfdr_observed_fdp",0.2,0
20260836,24,500,15,3000,3000,3000,3000,"fast",0.01,"","mtada_aggregated","pleiotropy","bfdr_estimate",0.2,0
20260836,24,500,15,3000,3000,3000,3000,"fast",0.01,"","mtada_aggregated","pleiotropy","bfdr_power",0.2,0
20260836,24,500,15,3000,3000,3000,3000,"fast",0.01,"","mtada_aggregated","pleiotropy","bfdr_discoveries",0.2,0
20260836,24,500,15,3000,3000,3000,3000,"fast",0.01,"","mtada_aggregated","global","runtime_seconds",NA,0.687999999999988
20260836,24,500,15,3000,3000,3000,3000,"fast",0.01,"","mtada_aggregated","pleiotropy","pi11_estimate",NA,0.0170254403131115
20260837,25,500,15,3000,3000,3000,3000,"fast",0.01,"","mirage_joint","trait1","auc",NA,0.675957894736842
20260837,25,500,15,3000,3000,3000,3000,"fast",0.01,"","mirage_joint","trait2","auc",NA,0.674081632653061
20260837,25,500,15,3000,3000,3000,3000,"fast",0.01,"","mirage_joint","pleiotropy","auc",NA,0.681616161616162
20260837,25,500,15,3000,3000,3000,3000,"fast",0.01,"","mirage_joint","trait1","pp08_power",0.8,0.08
20260837,25,500,15,3000,3000,3000,3000,"fast",0.01,"","mirage_joint","trait1","pp08_fdp",0.8,0.333333333333333
20260837,25,500,15,3000,3000,3000,3000,"fast",0.01,"","mirage_joint","trait1","pp08_discoveries",0.8,3
20260837,25,500,15,3000,3000,3000,3000,"fast",0.01,"","mirage_joint","trait2","pp08_power",0.8,0.1
20260837,25,500,15,3000,3000,3000,3000,"fast",0.01,"","mirage_joint","trait2","pp08_fdp",0.8,0
20260837,25,500,15,3000,3000,3000,3000,"fast",0.01,"","mirage_joint","trait2","pp08_discoveries",0.8,1
20260837,25,500,15,3000,3000,3000,3000,"fast",0.01,"","mirage_joint","pleiotropy","pp08_power",0.8,0
20260837,25,500,15,3000,3000,3000,3000,"fast",0.01,"","mirage_joint","pleiotropy","pp08_fdp",0.8,0
20260837,25,500,15,3000,3000,3000,3000,"fast",0.01,"","mirage_joint","pleiotropy","pp08_discoveries",0.8,0
20260837,25,500,15,3000,3000,3000,3000,"fast",0.01,"","mirage_joint","trait1","bfdr_observed_fdp",0.01,0
20260837,25,500,15,3000,3000,3000,3000,"fast",0.01,"","mirage_joint","trait1","bfdr_estimate",0.01,4.38517463785537e-06
20260837,25,500,15,3000,3000,3000,3000,"fast",0.01,"","mirage_joint","trait1","bfdr_power",0.01,0.04
20260837,25,500,15,3000,3000,3000,3000,"fast",0.01,"","mirage_joint","trait1","bfdr_discoveries",0.01,1
20260837,25,500,15,3000,3000,3000,3000,"fast",0.01,"","mirage_joint","trait1","bfdr_observed_fdp",0.05,0.5
20260837,25,500,15,3000,3000,3000,3000,"fast",0.01,"","mirage_joint","trait1","bfdr_estimate",0.05,0.0392925826756857
20260837,25,500,15,3000,3000,3000,3000,"fast",0.01,"","mirage_joint","trait1","bfdr_power",0.05,0.04
20260837,25,500,15,3000,3000,3000,3000,"fast",0.01,"","mirage_joint","trait1","bfdr_discoveries",0.05,2
20260837,25,500,15,3000,3000,3000,3000,"fast",0.01,"","mirage_joint","trait1","bfdr_observed_fdp",0.1,0.333333333333333
20260837,25,500,15,3000,3000,3000,3000,"fast",0.01,"","mirage_joint","trait1","bfdr_estimate",0.1,0.0735758157422061
20260837,25,500,15,3000,3000,3000,3000,"fast",0.01,"","mirage_joint","trait1","bfdr_power",0.1,0.08
20260837,25,500,15,3000,3000,3000,3000,"fast",0.01,"","mirage_joint","trait1","bfdr_discoveries",0.1,3
20260837,25,500,15,3000,3000,3000,3000,"fast",0.01,"","mirage_joint","trait1","bfdr_observed_fdp",0.2,0.2
20260837,25,500,15,3000,3000,3000,3000,"fast",0.01,"","mirage_joint","trait1","bfdr_estimate",0.2,0.165757067501734
20260837,25,500,15,3000,3000,3000,3000,"fast",0.01,"","mirage_joint","trait1","bfdr_power",0.2,0.16
20260837,25,500,15,3000,3000,3000,3000,"fast",0.01,"","mirage_joint","trait1","bfdr_discoveries",0.2,5
20260837,25,500,15,3000,3000,3000,3000,"fast",0.01,"","mirage_joint","trait2","bfdr_observed_fdp",0.01,0
20260837,25,500,15,3000,3000,3000,3000,"fast",0.01,"","mirage_joint","trait2","bfdr_estimate",0.01,0.00758148993867458
20260837,25,500,15,3000,3000,3000,3000,"fast",0.01,"","mirage_joint","trait2","bfdr_power",0.01,0.1
20260837,25,500,15,3000,3000,3000,3000,"fast",0.01,"","mirage_joint","trait2","bfdr_discoveries",0.01,1
20260837,25,500,15,3000,3000,3000,3000,"fast",0.01,"","mirage_joint","trait2","bfdr_observed_fdp",0.05,0
20260837,25,500,15,3000,3000,3000,3000,"fast",0.01,"","mirage_joint","trait2","bfdr_estimate",0.05,0.00758148993867458
20260837,25,500,15,3000,3000,3000,3000,"fast",0.01,"","mirage_joint","trait2","bfdr_power",0.05,0.1
20260837,25,500,15,3000,3000,3000,3000,"fast",0.01,"","mirage_joint","trait2","bfdr_discoveries",0.05,1
20260837,25,500,15,3000,3000,3000,3000,"fast",0.01,"","mirage_joint","trait2","bfdr_observed_fdp",0.1,0
20260837,25,500,15,3000,3000,3000,3000,"fast",0.01,"","mirage_joint","trait2","bfdr_estimate",0.1,0.00758148993867458
20260837,25,500,15,3000,3000,3000,3000,"fast",0.01,"","mirage_joint","trait2","bfdr_power",0.1,0.1
20260837,25,500,15,3000,3000,3000,3000,"fast",0.01,"","mirage_joint","trait2","bfdr_discoveries",0.1,1
20260837,25,500,15,3000,3000,3000,3000,"fast",0.01,"","mirage_joint","trait2","bfdr_observed_fdp",0.2,0
20260837,25,500,15,3000,3000,3000,3000,"fast",0.01,"","mirage_joint","trait2","bfdr_estimate",0.2,0.146485987283484
20260837,25,500,15,3000,3000,3000,3000,"fast",0.01,"","mirage_joint","trait2","bfdr_power",0.2,0.2
20260837,25,500,15,3000,3000,3000,3000,"fast",0.01,"","mirage_joint","trait2","bfdr_discoveries",0.2,2
20260837,25,500,15,3000,3000,3000,3000,"fast",0.01,"","mirage_joint","pleiotropy","bfdr_observed_fdp",0.01,0
20260837,25,500,15,3000,3000,3000,3000,"fast",0.01,"","mirage_joint","pleiotropy","bfdr_estimate",0.01,0
20260837,25,500,15,3000,3000,3000,3000,"fast",0.01,"","mirage_joint","pleiotropy","bfdr_power",0.01,0
20260837,25,500,15,3000,3000,3000,3000,"fast",0.01,"","mirage_joint","pleiotropy","bfdr_discoveries",0.01,0
20260837,25,500,15,3000,3000,3000,3000,"fast",0.01,"","mirage_joint","pleiotropy","bfdr_observed_fdp",0.05,0
20260837,25,500,15,3000,3000,3000,3000,"fast",0.01,"","mirage_joint","pleiotropy","bfdr_estimate",0.05,0
20260837,25,500,15,3000,3000,3000,3000,"fast",0.01,"","mirage_joint","pleiotropy","bfdr_power",0.05,0
20260837,25,500,15,3000,3000,3000,3000,"fast",0.01,"","mirage_joint","pleiotropy","bfdr_discoveries",0.05,0
20260837,25,500,15,3000,3000,3000,3000,"fast",0.01,"","mirage_joint","pleiotropy","bfdr_observed_fdp",0.1,0
20260837,25,500,15,3000,3000,3000,3000,"fast",0.01,"","mirage_joint","pleiotropy","bfdr_estimate",0.1,0
20260837,25,500,15,3000,3000,3000,3000,"fast",0.01,"","mirage_joint","pleiotropy","bfdr_power",0.1,0
20260837,25,500,15,3000,3000,3000,3000,"fast",0.01,"","mirage_joint","pleiotropy","bfdr_discoveries",0.1,0
20260837,25,500,15,3000,3000,3000,3000,"fast",0.01,"","mirage_joint","pleiotropy","bfdr_observed_fdp",0.2,0
20260837,25,500,15,3000,3000,3000,3000,"fast",0.01,"","mirage_joint","pleiotropy","bfdr_estimate",0.2,0
20260837,25,500,15,3000,3000,3000,3000,"fast",0.01,"","mirage_joint","pleiotropy","bfdr_power",0.2,0
20260837,25,500,15,3000,3000,3000,3000,"fast",0.01,"","mirage_joint","pleiotropy","bfdr_discoveries",0.2,0
20260837,25,500,15,3000,3000,3000,3000,"fast",0.01,"","mirage_joint","global","runtime_seconds",NA,18.1079999999999
20260837,25,500,15,3000,3000,3000,3000,"fast",0.01,"","mirage_joint","pleiotropy","pi11_estimate",NA,0.0163382906941516
20260837,25,500,15,3000,3000,3000,3000,"fast",0.01,"","separate_mirage","trait1","auc",NA,0.666442105263158
20260837,25,500,15,3000,3000,3000,3000,"fast",0.01,"","separate_mirage","trait2","auc",NA,0.647755102040816
20260837,25,500,15,3000,3000,3000,3000,"fast",0.01,"","separate_mirage","pleiotropy","auc",NA,0.659393939393939
20260837,25,500,15,3000,3000,3000,3000,"fast",0.01,"","separate_mirage","trait1","pp08_power",0.8,0.08
20260837,25,500,15,3000,3000,3000,3000,"fast",0.01,"","separate_mirage","trait1","pp08_fdp",0.8,0.333333333333333
20260837,25,500,15,3000,3000,3000,3000,"fast",0.01,"","separate_mirage","trait1","pp08_discoveries",0.8,3
20260837,25,500,15,3000,3000,3000,3000,"fast",0.01,"","separate_mirage","trait2","pp08_power",0.8,0.1
20260837,25,500,15,3000,3000,3000,3000,"fast",0.01,"","separate_mirage","trait2","pp08_fdp",0.8,0
20260837,25,500,15,3000,3000,3000,3000,"fast",0.01,"","separate_mirage","trait2","pp08_discoveries",0.8,1
20260837,25,500,15,3000,3000,3000,3000,"fast",0.01,"","separate_mirage","pleiotropy","pp08_power",0.8,0
20260837,25,500,15,3000,3000,3000,3000,"fast",0.01,"","separate_mirage","pleiotropy","pp08_fdp",0.8,0
20260837,25,500,15,3000,3000,3000,3000,"fast",0.01,"","separate_mirage","pleiotropy","pp08_discoveries",0.8,0
20260837,25,500,15,3000,3000,3000,3000,"fast",0.01,"","separate_mirage","trait1","bfdr_observed_fdp",0.01,0
20260837,25,500,15,3000,3000,3000,3000,"fast",0.01,"","separate_mirage","trait1","bfdr_estimate",0.01,3.9795693784761e-06
20260837,25,500,15,3000,3000,3000,3000,"fast",0.01,"","separate_mirage","trait1","bfdr_power",0.01,0.04
20260837,25,500,15,3000,3000,3000,3000,"fast",0.01,"","separate_mirage","trait1","bfdr_discoveries",0.01,1
20260837,25,500,15,3000,3000,3000,3000,"fast",0.01,"","separate_mirage","trait1","bfdr_observed_fdp",0.05,0.5
20260837,25,500,15,3000,3000,3000,3000,"fast",0.01,"","separate_mirage","trait1","bfdr_estimate",0.05,0.0333966310399162
20260837,25,500,15,3000,3000,3000,3000,"fast",0.01,"","separate_mirage","trait1","bfdr_power",0.05,0.04
20260837,25,500,15,3000,3000,3000,3000,"fast",0.01,"","separate_mirage","trait1","bfdr_discoveries",0.05,2
20260837,25,500,15,3000,3000,3000,3000,"fast",0.01,"","separate_mirage","trait1","bfdr_observed_fdp",0.1,0.333333333333333
20260837,25,500,15,3000,3000,3000,3000,"fast",0.01,"","separate_mirage","trait1","bfdr_estimate",0.1,0.0658350898515008
20260837,25,500,15,3000,3000,3000,3000,"fast",0.01,"","separate_mirage","trait1","bfdr_power",0.1,0.08
20260837,25,500,15,3000,3000,3000,3000,"fast",0.01,"","separate_mirage","trait1","bfdr_discoveries",0.1,3
20260837,25,500,15,3000,3000,3000,3000,"fast",0.01,"","separate_mirage","trait1","bfdr_observed_fdp",0.2,0.2
20260837,25,500,15,3000,3000,3000,3000,"fast",0.01,"","separate_mirage","trait1","bfdr_estimate",0.2,0.153396080236459
20260837,25,500,15,3000,3000,3000,3000,"fast",0.01,"","separate_mirage","trait1","bfdr_power",0.2,0.16
20260837,25,500,15,3000,3000,3000,3000,"fast",0.01,"","separate_mirage","trait1","bfdr_discoveries",0.2,5
20260837,25,500,15,3000,3000,3000,3000,"fast",0.01,"","separate_mirage","trait2","bfdr_observed_fdp",0.01,0
20260837,25,500,15,3000,3000,3000,3000,"fast",0.01,"","separate_mirage","trait2","bfdr_estimate",0.01,0
20260837,25,500,15,3000,3000,3000,3000,"fast",0.01,"","separate_mirage","trait2","bfdr_power",0.01,0
20260837,25,500,15,3000,3000,3000,3000,"fast",0.01,"","separate_mirage","trait2","bfdr_discoveries",0.01,0
20260837,25,500,15,3000,3000,3000,3000,"fast",0.01,"","separate_mirage","trait2","bfdr_observed_fdp",0.05,0
20260837,25,500,15,3000,3000,3000,3000,"fast",0.01,"","separate_mirage","trait2","bfdr_estimate",0.05,0.0303162755632582
20260837,25,500,15,3000,3000,3000,3000,"fast",0.01,"","separate_mirage","trait2","bfdr_power",0.05,0.1
20260837,25,500,15,3000,3000,3000,3000,"fast",0.01,"","separate_mirage","trait2","bfdr_discoveries",0.05,1
20260837,25,500,15,3000,3000,3000,3000,"fast",0.01,"","separate_mirage","trait2","bfdr_observed_fdp",0.1,0
20260837,25,500,15,3000,3000,3000,3000,"fast",0.01,"","separate_mirage","trait2","bfdr_estimate",0.1,0.0303162755632582
20260837,25,500,15,3000,3000,3000,3000,"fast",0.01,"","separate_mirage","trait2","bfdr_power",0.1,0.1
20260837,25,500,15,3000,3000,3000,3000,"fast",0.01,"","separate_mirage","trait2","bfdr_discoveries",0.1,1
20260837,25,500,15,3000,3000,3000,3000,"fast",0.01,"","separate_mirage","trait2","bfdr_observed_fdp",0.2,0
20260837,25,500,15,3000,3000,3000,3000,"fast",0.01,"","separate_mirage","trait2","bfdr_estimate",0.2,0.0303162755632582
20260837,25,500,15,3000,3000,3000,3000,"fast",0.01,"","separate_mirage","trait2","bfdr_power",0.2,0.1
20260837,25,500,15,3000,3000,3000,3000,"fast",0.01,"","separate_mirage","trait2","bfdr_discoveries",0.2,1
20260837,25,500,15,3000,3000,3000,3000,"fast",0.01,"","separate_mirage","pleiotropy","bfdr_observed_fdp",0.01,0
20260837,25,500,15,3000,3000,3000,3000,"fast",0.01,"","separate_mirage","pleiotropy","bfdr_estimate",0.01,0
20260837,25,500,15,3000,3000,3000,3000,"fast",0.01,"","separate_mirage","pleiotropy","bfdr_power",0.01,0
20260837,25,500,15,3000,3000,3000,3000,"fast",0.01,"","separate_mirage","pleiotropy","bfdr_discoveries",0.01,0
20260837,25,500,15,3000,3000,3000,3000,"fast",0.01,"","separate_mirage","pleiotropy","bfdr_observed_fdp",0.05,0
20260837,25,500,15,3000,3000,3000,3000,"fast",0.01,"","separate_mirage","pleiotropy","bfdr_estimate",0.05,0
20260837,25,500,15,3000,3000,3000,3000,"fast",0.01,"","separate_mirage","pleiotropy","bfdr_power",0.05,0
20260837,25,500,15,3000,3000,3000,3000,"fast",0.01,"","separate_mirage","pleiotropy","bfdr_discoveries",0.05,0
20260837,25,500,15,3000,3000,3000,3000,"fast",0.01,"","separate_mirage","pleiotropy","bfdr_observed_fdp",0.1,0
20260837,25,500,15,3000,3000,3000,3000,"fast",0.01,"","separate_mirage","pleiotropy","bfdr_estimate",0.1,0
20260837,25,500,15,3000,3000,3000,3000,"fast",0.01,"","separate_mirage","pleiotropy","bfdr_power",0.1,0
20260837,25,500,15,3000,3000,3000,3000,"fast",0.01,"","separate_mirage","pleiotropy","bfdr_discoveries",0.1,0
20260837,25,500,15,3000,3000,3000,3000,"fast",0.01,"","separate_mirage","pleiotropy","bfdr_observed_fdp",0.2,0
20260837,25,500,15,3000,3000,3000,3000,"fast",0.01,"","separate_mirage","pleiotropy","bfdr_estimate",0.2,0
20260837,25,500,15,3000,3000,3000,3000,"fast",0.01,"","separate_mirage","pleiotropy","bfdr_power",0.2,0
20260837,25,500,15,3000,3000,3000,3000,"fast",0.01,"","separate_mirage","pleiotropy","bfdr_discoveries",0.2,0
20260837,25,500,15,3000,3000,3000,3000,"fast",0.01,"","separate_mirage","global","runtime_seconds",NA,18.073
20260837,25,500,15,3000,3000,3000,3000,"fast",0.01,"","separate_mirage","pleiotropy","pi11_estimate",NA,0.001
20260837,25,500,15,3000,3000,3000,3000,"fast",0.01,"","mtada_aggregated","trait1","auc",NA,0.744757894736842
20260837,25,500,15,3000,3000,3000,3000,"fast",0.01,"","mtada_aggregated","trait2","auc",NA,0.741224489795918
20260837,25,500,15,3000,3000,3000,3000,"fast",0.01,"","mtada_aggregated","pleiotropy","auc",NA,0.755959595959596
20260837,25,500,15,3000,3000,3000,3000,"fast",0.01,"","mtada_aggregated","trait1","pp08_power",0.8,0.16
20260837,25,500,15,3000,3000,3000,3000,"fast",0.01,"","mtada_aggregated","trait1","pp08_fdp",0.8,0
20260837,25,500,15,3000,3000,3000,3000,"fast",0.01,"","mtada_aggregated","trait1","pp08_discoveries",0.8,4
20260837,25,500,15,3000,3000,3000,3000,"fast",0.01,"","mtada_aggregated","trait2","pp08_power",0.8,0.1
20260837,25,500,15,3000,3000,3000,3000,"fast",0.01,"","mtada_aggregated","trait2","pp08_fdp",0.8,0
20260837,25,500,15,3000,3000,3000,3000,"fast",0.01,"","mtada_aggregated","trait2","pp08_discoveries",0.8,1
20260837,25,500,15,3000,3000,3000,3000,"fast",0.01,"","mtada_aggregated","pleiotropy","pp08_power",0.8,0
20260837,25,500,15,3000,3000,3000,3000,"fast",0.01,"","mtada_aggregated","pleiotropy","pp08_fdp",0.8,0
20260837,25,500,15,3000,3000,3000,3000,"fast",0.01,"","mtada_aggregated","pleiotropy","pp08_discoveries",0.8,0
20260837,25,500,15,3000,3000,3000,3000,"fast",0.01,"","mtada_aggregated","trait1","bfdr_observed_fdp",0.01,0
20260837,25,500,15,3000,3000,3000,3000,"fast",0.01,"","mtada_aggregated","trait1","bfdr_estimate",0.01,0.00580020312607262
20260837,25,500,15,3000,3000,3000,3000,"fast",0.01,"","mtada_aggregated","trait1","bfdr_power",0.01,0.12
20260837,25,500,15,3000,3000,3000,3000,"fast",0.01,"","mtada_aggregated","trait1","bfdr_discoveries",0.01,3
20260837,25,500,15,3000,3000,3000,3000,"fast",0.01,"","mtada_aggregated","trait1","bfdr_observed_fdp",0.05,0
20260837,25,500,15,3000,3000,3000,3000,"fast",0.01,"","mtada_aggregated","trait1","bfdr_estimate",0.05,0.0119029305703948
20260837,25,500,15,3000,3000,3000,3000,"fast",0.01,"","mtada_aggregated","trait1","bfdr_power",0.05,0.16
20260837,25,500,15,3000,3000,3000,3000,"fast",0.01,"","mtada_aggregated","trait1","bfdr_discoveries",0.05,4
20260837,25,500,15,3000,3000,3000,3000,"fast",0.01,"","mtada_aggregated","trait1","bfdr_observed_fdp",0.1,0
20260837,25,500,15,3000,3000,3000,3000,"fast",0.01,"","mtada_aggregated","trait1","bfdr_estimate",0.1,0.0119029305703948
20260837,25,500,15,3000,3000,3000,3000,"fast",0.01,"","mtada_aggregated","trait1","bfdr_power",0.1,0.16
20260837,25,500,15,3000,3000,3000,3000,"fast",0.01,"","mtada_aggregated","trait1","bfdr_discoveries",0.1,4
20260837,25,500,15,3000,3000,3000,3000,"fast",0.01,"","mtada_aggregated","trait1","bfdr_observed_fdp",0.2,0
20260837,25,500,15,3000,3000,3000,3000,"fast",0.01,"","mtada_aggregated","trait1","bfdr_estimate",0.2,0.125499738663132
20260837,25,500,15,3000,3000,3000,3000,"fast",0.01,"","mtada_aggregated","trait1","bfdr_power",0.2,0.2
20260837,25,500,15,3000,3000,3000,3000,"fast",0.01,"","mtada_aggregated","trait1","bfdr_discoveries",0.2,5
20260837,25,500,15,3000,3000,3000,3000,"fast",0.01,"","mtada_aggregated","trait2","bfdr_observed_fdp",0.01,0
20260837,25,500,15,3000,3000,3000,3000,"fast",0.01,"","mtada_aggregated","trait2","bfdr_estimate",0.01,0
20260837,25,500,15,3000,3000,3000,3000,"fast",0.01,"","mtada_aggregated","trait2","bfdr_power",0.01,0
20260837,25,500,15,3000,3000,3000,3000,"fast",0.01,"","mtada_aggregated","trait2","bfdr_discoveries",0.01,0
20260837,25,500,15,3000,3000,3000,3000,"fast",0.01,"","mtada_aggregated","trait2","bfdr_observed_fdp",0.05,0
20260837,25,500,15,3000,3000,3000,3000,"fast",0.01,"","mtada_aggregated","trait2","bfdr_estimate",0.05,0
20260837,25,500,15,3000,3000,3000,3000,"fast",0.01,"","mtada_aggregated","trait2","bfdr_power",0.05,0
20260837,25,500,15,3000,3000,3000,3000,"fast",0.01,"","mtada_aggregated","trait2","bfdr_discoveries",0.05,0
20260837,25,500,15,3000,3000,3000,3000,"fast",0.01,"","mtada_aggregated","trait2","bfdr_observed_fdp",0.1,0
20260837,25,500,15,3000,3000,3000,3000,"fast",0.01,"","mtada_aggregated","trait2","bfdr_estimate",0.1,0
20260837,25,500,15,3000,3000,3000,3000,"fast",0.01,"","mtada_aggregated","trait2","bfdr_power",0.1,0
20260837,25,500,15,3000,3000,3000,3000,"fast",0.01,"","mtada_aggregated","trait2","bfdr_discoveries",0.1,0
20260837,25,500,15,3000,3000,3000,3000,"fast",0.01,"","mtada_aggregated","trait2","bfdr_observed_fdp",0.2,0
20260837,25,500,15,3000,3000,3000,3000,"fast",0.01,"","mtada_aggregated","trait2","bfdr_estimate",0.2,0.111708501821117
20260837,25,500,15,3000,3000,3000,3000,"fast",0.01,"","mtada_aggregated","trait2","bfdr_power",0.2,0.1
20260837,25,500,15,3000,3000,3000,3000,"fast",0.01,"","mtada_aggregated","trait2","bfdr_discoveries",0.2,1
20260837,25,500,15,3000,3000,3000,3000,"fast",0.01,"","mtada_aggregated","pleiotropy","bfdr_observed_fdp",0.01,0
20260837,25,500,15,3000,3000,3000,3000,"fast",0.01,"","mtada_aggregated","pleiotropy","bfdr_estimate",0.01,0
20260837,25,500,15,3000,3000,3000,3000,"fast",0.01,"","mtada_aggregated","pleiotropy","bfdr_power",0.01,0
20260837,25,500,15,3000,3000,3000,3000,"fast",0.01,"","mtada_aggregated","pleiotropy","bfdr_discoveries",0.01,0
20260837,25,500,15,3000,3000,3000,3000,"fast",0.01,"","mtada_aggregated","pleiotropy","bfdr_observed_fdp",0.05,0
20260837,25,500,15,3000,3000,3000,3000,"fast",0.01,"","mtada_aggregated","pleiotropy","bfdr_estimate",0.05,0
20260837,25,500,15,3000,3000,3000,3000,"fast",0.01,"","mtada_aggregated","pleiotropy","bfdr_power",0.05,0
20260837,25,500,15,3000,3000,3000,3000,"fast",0.01,"","mtada_aggregated","pleiotropy","bfdr_discoveries",0.05,0
20260837,25,500,15,3000,3000,3000,3000,"fast",0.01,"","mtada_aggregated","pleiotropy","bfdr_observed_fdp",0.1,0
20260837,25,500,15,3000,3000,3000,3000,"fast",0.01,"","mtada_aggregated","pleiotropy","bfdr_estimate",0.1,0
20260837,25,500,15,3000,3000,3000,3000,"fast",0.01,"","mtada_aggregated","pleiotropy","bfdr_power",0.1,0
20260837,25,500,15,3000,3000,3000,3000,"fast",0.01,"","mtada_aggregated","pleiotropy","bfdr_discoveries",0.1,0
20260837,25,500,15,3000,3000,3000,3000,"fast",0.01,"","mtada_aggregated","pleiotropy","bfdr_observed_fdp",0.2,0
20260837,25,500,15,3000,3000,3000,3000,"fast",0.01,"","mtada_aggregated","pleiotropy","bfdr_estimate",0.2,0
20260837,25,500,15,3000,3000,3000,3000,"fast",0.01,"","mtada_aggregated","pleiotropy","bfdr_power",0.2,0
20260837,25,500,15,3000,3000,3000,3000,"fast",0.01,"","mtada_aggregated","pleiotropy","bfdr_discoveries",0.2,0
20260837,25,500,15,3000,3000,3000,3000,"fast",0.01,"","mtada_aggregated","global","runtime_seconds",NA,0.708000000000027
20260837,25,500,15,3000,3000,3000,3000,"fast",0.01,"","mtada_aggregated","pleiotropy","pi11_estimate",NA,0.00284789
20260838,26,500,15,3000,3000,3000,3000,"fast",0.01,"","mirage_joint","trait1","auc",NA,0.669557894736842
20260838,26,500,15,3000,3000,3000,3000,"fast",0.01,"","mirage_joint","trait2","auc",NA,0.571224489795918
20260838,26,500,15,3000,3000,3000,3000,"fast",0.01,"","mirage_joint","pleiotropy","auc",NA,0.601616161616162
20260838,26,500,15,3000,3000,3000,3000,"fast",0.01,"","mirage_joint","trait1","pp08_power",0.8,0.12
20260838,26,500,15,3000,3000,3000,3000,"fast",0.01,"","mirage_joint","trait1","pp08_fdp",0.8,0
20260838,26,500,15,3000,3000,3000,3000,"fast",0.01,"","mirage_joint","trait1","pp08_discoveries",0.8,3
20260838,26,500,15,3000,3000,3000,3000,"fast",0.01,"","mirage_joint","trait2","pp08_power",0.8,0.1
20260838,26,500,15,3000,3000,3000,3000,"fast",0.01,"","mirage_joint","trait2","pp08_fdp",0.8,0
20260838,26,500,15,3000,3000,3000,3000,"fast",0.01,"","mirage_joint","trait2","pp08_discoveries",0.8,1
20260838,26,500,15,3000,3000,3000,3000,"fast",0.01,"","mirage_joint","pleiotropy","pp08_power",0.8,0
20260838,26,500,15,3000,3000,3000,3000,"fast",0.01,"","mirage_joint","pleiotropy","pp08_fdp",0.8,0
20260838,26,500,15,3000,3000,3000,3000,"fast",0.01,"","mirage_joint","pleiotropy","pp08_discoveries",0.8,0
20260838,26,500,15,3000,3000,3000,3000,"fast",0.01,"","mirage_joint","trait1","bfdr_observed_fdp",0.01,0
20260838,26,500,15,3000,3000,3000,3000,"fast",0.01,"","mirage_joint","trait1","bfdr_estimate",0.01,6.61272686830472e-06
20260838,26,500,15,3000,3000,3000,3000,"fast",0.01,"","mirage_joint","trait1","bfdr_power",0.01,0.04
20260838,26,500,15,3000,3000,3000,3000,"fast",0.01,"","mirage_joint","trait1","bfdr_discoveries",0.01,1
20260838,26,500,15,3000,3000,3000,3000,"fast",0.01,"","mirage_joint","trait1","bfdr_observed_fdp",0.05,0
20260838,26,500,15,3000,3000,3000,3000,"fast",0.01,"","mirage_joint","trait1","bfdr_estimate",0.05,0.0141040685989111
20260838,26,500,15,3000,3000,3000,3000,"fast",0.01,"","mirage_joint","trait1","bfdr_power",0.05,0.08
20260838,26,500,15,3000,3000,3000,3000,"fast",0.01,"","mirage_joint","trait1","bfdr_discoveries",0.05,2
20260838,26,500,15,3000,3000,3000,3000,"fast",0.01,"","mirage_joint","trait1","bfdr_observed_fdp",0.1,0
20260838,26,500,15,3000,3000,3000,3000,"fast",0.01,"","mirage_joint","trait1","bfdr_estimate",0.1,0.0693362211166922
20260838,26,500,15,3000,3000,3000,3000,"fast",0.01,"","mirage_joint","trait1","bfdr_power",0.1,0.12
20260838,26,500,15,3000,3000,3000,3000,"fast",0.01,"","mirage_joint","trait1","bfdr_discoveries",0.1,3
20260838,26,500,15,3000,3000,3000,3000,"fast",0.01,"","mirage_joint","trait1","bfdr_observed_fdp",0.2,0.2
20260838,26,500,15,3000,3000,3000,3000,"fast",0.01,"","mirage_joint","trait1","bfdr_estimate",0.2,0.181141239374612
20260838,26,500,15,3000,3000,3000,3000,"fast",0.01,"","mirage_joint","trait1","bfdr_power",0.2,0.16
20260838,26,500,15,3000,3000,3000,3000,"fast",0.01,"","mirage_joint","trait1","bfdr_discoveries",0.2,5
20260838,26,500,15,3000,3000,3000,3000,"fast",0.01,"","mirage_joint","trait2","bfdr_observed_fdp",0.01,0
20260838,26,500,15,3000,3000,3000,3000,"fast",0.01,"","mirage_joint","trait2","bfdr_estimate",0.01,4.92088592096707e-10
20260838,26,500,15,3000,3000,3000,3000,"fast",0.01,"","mirage_joint","trait2","bfdr_power",0.01,0.1
20260838,26,500,15,3000,3000,3000,3000,"fast",0.01,"","mirage_joint","trait2","bfdr_discoveries",0.01,1
20260838,26,500,15,3000,3000,3000,3000,"fast",0.01,"","mirage_joint","trait2","bfdr_observed_fdp",0.05,0
20260838,26,500,15,3000,3000,3000,3000,"fast",0.01,"","mirage_joint","trait2","bfdr_estimate",0.05,4.92088592096707e-10
20260838,26,500,15,3000,3000,3000,3000,"fast",0.01,"","mirage_joint","trait2","bfdr_power",0.05,0.1
20260838,26,500,15,3000,3000,3000,3000,"fast",0.01,"","mirage_joint","trait2","bfdr_discoveries",0.05,1
20260838,26,500,15,3000,3000,3000,3000,"fast",0.01,"","mirage_joint","trait2","bfdr_observed_fdp",0.1,0
20260838,26,500,15,3000,3000,3000,3000,"fast",0.01,"","mirage_joint","trait2","bfdr_estimate",0.1,4.92088592096707e-10
20260838,26,500,15,3000,3000,3000,3000,"fast",0.01,"","mirage_joint","trait2","bfdr_power",0.1,0.1
20260838,26,500,15,3000,3000,3000,3000,"fast",0.01,"","mirage_joint","trait2","bfdr_discoveries",0.1,1
20260838,26,500,15,3000,3000,3000,3000,"fast",0.01,"","mirage_joint","trait2","bfdr_observed_fdp",0.2,0
20260838,26,500,15,3000,3000,3000,3000,"fast",0.01,"","mirage_joint","trait2","bfdr_estimate",0.2,4.92088592096707e-10
20260838,26,500,15,3000,3000,3000,3000,"fast",0.01,"","mirage_joint","trait2","bfdr_power",0.2,0.1
20260838,26,500,15,3000,3000,3000,3000,"fast",0.01,"","mirage_joint","trait2","bfdr_discoveries",0.2,1
20260838,26,500,15,3000,3000,3000,3000,"fast",0.01,"","mirage_joint","pleiotropy","bfdr_observed_fdp",0.01,0
20260838,26,500,15,3000,3000,3000,3000,"fast",0.01,"","mirage_joint","pleiotropy","bfdr_estimate",0.01,0
20260838,26,500,15,3000,3000,3000,3000,"fast",0.01,"","mirage_joint","pleiotropy","bfdr_power",0.01,0
20260838,26,500,15,3000,3000,3000,3000,"fast",0.01,"","mirage_joint","pleiotropy","bfdr_discoveries",0.01,0
20260838,26,500,15,3000,3000,3000,3000,"fast",0.01,"","mirage_joint","pleiotropy","bfdr_observed_fdp",0.05,0
20260838,26,500,15,3000,3000,3000,3000,"fast",0.01,"","mirage_joint","pleiotropy","bfdr_estimate",0.05,0
20260838,26,500,15,3000,3000,3000,3000,"fast",0.01,"","mirage_joint","pleiotropy","bfdr_power",0.05,0
20260838,26,500,15,3000,3000,3000,3000,"fast",0.01,"","mirage_joint","pleiotropy","bfdr_discoveries",0.05,0
20260838,26,500,15,3000,3000,3000,3000,"fast",0.01,"","mirage_joint","pleiotropy","bfdr_observed_fdp",0.1,0
20260838,26,500,15,3000,3000,3000,3000,"fast",0.01,"","mirage_joint","pleiotropy","bfdr_estimate",0.1,0
20260838,26,500,15,3000,3000,3000,3000,"fast",0.01,"","mirage_joint","pleiotropy","bfdr_power",0.1,0
20260838,26,500,15,3000,3000,3000,3000,"fast",0.01,"","mirage_joint","pleiotropy","bfdr_discoveries",0.1,0
20260838,26,500,15,3000,3000,3000,3000,"fast",0.01,"","mirage_joint","pleiotropy","bfdr_observed_fdp",0.2,0
20260838,26,500,15,3000,3000,3000,3000,"fast",0.01,"","mirage_joint","pleiotropy","bfdr_estimate",0.2,0
20260838,26,500,15,3000,3000,3000,3000,"fast",0.01,"","mirage_joint","pleiotropy","bfdr_power",0.2,0
20260838,26,500,15,3000,3000,3000,3000,"fast",0.01,"","mirage_joint","pleiotropy","bfdr_discoveries",0.2,0
20260838,26,500,15,3000,3000,3000,3000,"fast",0.01,"","mirage_joint","global","runtime_seconds",NA,18.11
20260838,26,500,15,3000,3000,3000,3000,"fast",0.01,"","mirage_joint","pleiotropy","pi11_estimate",NA,0.028182084783473
20260838,26,500,15,3000,3000,3000,3000,"fast",0.01,"","separate_mirage","trait1","auc",NA,0.638484210526316
20260838,26,500,15,3000,3000,3000,3000,"fast",0.01,"","separate_mirage","trait2","auc",NA,0.410816326530612
20260838,26,500,15,3000,3000,3000,3000,"fast",0.01,"","separate_mirage","pleiotropy","auc",NA,0.477171717171717
20260838,26,500,15,3000,3000,3000,3000,"fast",0.01,"","separate_mirage","trait1","pp08_power",0.8,0.08
20260838,26,500,15,3000,3000,3000,3000,"fast",0.01,"","separate_mirage","trait1","pp08_fdp",0.8,0
20260838,26,500,15,3000,3000,3000,3000,"fast",0.01,"","separate_mirage","trait1","pp08_discoveries",0.8,2
20260838,26,500,15,3000,3000,3000,3000,"fast",0.01,"","separate_mirage","trait2","pp08_power",0.8,0.1
20260838,26,500,15,3000,3000,3000,3000,"fast",0.01,"","separate_mirage","trait2","pp08_fdp",0.8,0
20260838,26,500,15,3000,3000,3000,3000,"fast",0.01,"","separate_mirage","trait2","pp08_discoveries",0.8,1
20260838,26,500,15,3000,3000,3000,3000,"fast",0.01,"","separate_mirage","pleiotropy","pp08_power",0.8,0
20260838,26,500,15,3000,3000,3000,3000,"fast",0.01,"","separate_mirage","pleiotropy","pp08_fdp",0.8,0
20260838,26,500,15,3000,3000,3000,3000,"fast",0.01,"","separate_mirage","pleiotropy","pp08_discoveries",0.8,0
20260838,26,500,15,3000,3000,3000,3000,"fast",0.01,"","separate_mirage","trait1","bfdr_observed_fdp",0.01,0
20260838,26,500,15,3000,3000,3000,3000,"fast",0.01,"","separate_mirage","trait1","bfdr_estimate",0.01,5.63520119101213e-06
20260838,26,500,15,3000,3000,3000,3000,"fast",0.01,"","separate_mirage","trait1","bfdr_power",0.01,0.04
20260838,26,500,15,3000,3000,3000,3000,"fast",0.01,"","separate_mirage","trait1","bfdr_discoveries",0.01,1
20260838,26,500,15,3000,3000,3000,3000,"fast",0.01,"","separate_mirage","trait1","bfdr_observed_fdp",0.05,0
20260838,26,500,15,3000,3000,3000,3000,"fast",0.01,"","separate_mirage","trait1","bfdr_estimate",0.05,0.048600670780808
20260838,26,500,15,3000,3000,3000,3000,"fast",0.01,"","separate_mirage","trait1","bfdr_power",0.05,0.08
20260838,26,500,15,3000,3000,3000,3000,"fast",0.01,"","separate_mirage","trait1","bfdr_discoveries",0.05,2
20260838,26,500,15,3000,3000,3000,3000,"fast",0.01,"","separate_mirage","trait1","bfdr_observed_fdp",0.1,0
20260838,26,500,15,3000,3000,3000,3000,"fast",0.01,"","separate_mirage","trait1","bfdr_estimate",0.1,0.048600670780808
20260838,26,500,15,3000,3000,3000,3000,"fast",0.01,"","separate_mirage","trait1","bfdr_power",0.1,0.08
20260838,26,500,15,3000,3000,3000,3000,"fast",0.01,"","separate_mirage","trait1","bfdr_discoveries",0.1,2
20260838,26,500,15,3000,3000,3000,3000,"fast",0.01,"","separate_mirage","trait1","bfdr_observed_fdp",0.2,0
20260838,26,500,15,3000,3000,3000,3000,"fast",0.01,"","separate_mirage","trait1","bfdr_estimate",0.2,0.117598931305106
20260838,26,500,15,3000,3000,3000,3000,"fast",0.01,"","separate_mirage","trait1","bfdr_power",0.2,0.12
20260838,26,500,15,3000,3000,3000,3000,"fast",0.01,"","separate_mirage","trait1","bfdr_discoveries",0.2,3
20260838,26,500,15,3000,3000,3000,3000,"fast",0.01,"","separate_mirage","trait2","bfdr_observed_fdp",0.01,0
20260838,26,500,15,3000,3000,3000,3000,"fast",0.01,"","separate_mirage","trait2","bfdr_estimate",0.01,2.80059753166029e-10
20260838,26,500,15,3000,3000,3000,3000,"fast",0.01,"","separate_mirage","trait2","bfdr_power",0.01,0.1
20260838,26,500,15,3000,3000,3000,3000,"fast",0.01,"","separate_mirage","trait2","bfdr_discoveries",0.01,1
20260838,26,500,15,3000,3000,3000,3000,"fast",0.01,"","separate_mirage","trait2","bfdr_observed_fdp",0.05,0
20260838,26,500,15,3000,3000,3000,3000,"fast",0.01,"","separate_mirage","trait2","bfdr_estimate",0.05,2.80059753166029e-10
20260838,26,500,15,3000,3000,3000,3000,"fast",0.01,"","separate_mirage","trait2","bfdr_power",0.05,0.1
20260838,26,500,15,3000,3000,3000,3000,"fast",0.01,"","separate_mirage","trait2","bfdr_discoveries",0.05,1
20260838,26,500,15,3000,3000,3000,3000,"fast",0.01,"","separate_mirage","trait2","bfdr_observed_fdp",0.1,0
20260838,26,500,15,3000,3000,3000,3000,"fast",0.01,"","separate_mirage","trait2","bfdr_estimate",0.1,2.80059753166029e-10
20260838,26,500,15,3000,3000,3000,3000,"fast",0.01,"","separate_mirage","trait2","bfdr_power",0.1,0.1
20260838,26,500,15,3000,3000,3000,3000,"fast",0.01,"","separate_mirage","trait2","bfdr_discoveries",0.1,1
20260838,26,500,15,3000,3000,3000,3000,"fast",0.01,"","separate_mirage","trait2","bfdr_observed_fdp",0.2,0
20260838,26,500,15,3000,3000,3000,3000,"fast",0.01,"","separate_mirage","trait2","bfdr_estimate",0.2,2.80059753166029e-10
20260838,26,500,15,3000,3000,3000,3000,"fast",0.01,"","separate_mirage","trait2","bfdr_power",0.2,0.1
20260838,26,500,15,3000,3000,3000,3000,"fast",0.01,"","separate_mirage","trait2","bfdr_discoveries",0.2,1
20260838,26,500,15,3000,3000,3000,3000,"fast",0.01,"","separate_mirage","pleiotropy","bfdr_observed_fdp",0.01,0
20260838,26,500,15,3000,3000,3000,3000,"fast",0.01,"","separate_mirage","pleiotropy","bfdr_estimate",0.01,0
20260838,26,500,15,3000,3000,3000,3000,"fast",0.01,"","separate_mirage","pleiotropy","bfdr_power",0.01,0
20260838,26,500,15,3000,3000,3000,3000,"fast",0.01,"","separate_mirage","pleiotropy","bfdr_discoveries",0.01,0
20260838,26,500,15,3000,3000,3000,3000,"fast",0.01,"","separate_mirage","pleiotropy","bfdr_observed_fdp",0.05,0
20260838,26,500,15,3000,3000,3000,3000,"fast",0.01,"","separate_mirage","pleiotropy","bfdr_estimate",0.05,0
20260838,26,500,15,3000,3000,3000,3000,"fast",0.01,"","separate_mirage","pleiotropy","bfdr_power",0.05,0
20260838,26,500,15,3000,3000,3000,3000,"fast",0.01,"","separate_mirage","pleiotropy","bfdr_discoveries",0.05,0
20260838,26,500,15,3000,3000,3000,3000,"fast",0.01,"","separate_mirage","pleiotropy","bfdr_observed_fdp",0.1,0
20260838,26,500,15,3000,3000,3000,3000,"fast",0.01,"","separate_mirage","pleiotropy","bfdr_estimate",0.1,0
20260838,26,500,15,3000,3000,3000,3000,"fast",0.01,"","separate_mirage","pleiotropy","bfdr_power",0.1,0
20260838,26,500,15,3000,3000,3000,3000,"fast",0.01,"","separate_mirage","pleiotropy","bfdr_discoveries",0.1,0
20260838,26,500,15,3000,3000,3000,3000,"fast",0.01,"","separate_mirage","pleiotropy","bfdr_observed_fdp",0.2,0
20260838,26,500,15,3000,3000,3000,3000,"fast",0.01,"","separate_mirage","pleiotropy","bfdr_estimate",0.2,0
20260838,26,500,15,3000,3000,3000,3000,"fast",0.01,"","separate_mirage","pleiotropy","bfdr_power",0.2,0
20260838,26,500,15,3000,3000,3000,3000,"fast",0.01,"","separate_mirage","pleiotropy","bfdr_discoveries",0.2,0
20260838,26,500,15,3000,3000,3000,3000,"fast",0.01,"","separate_mirage","global","runtime_seconds",NA,18.075
20260838,26,500,15,3000,3000,3000,3000,"fast",0.01,"","separate_mirage","pleiotropy","pi11_estimate",NA,0.001
20260838,26,500,15,3000,3000,3000,3000,"fast",0.01,"","mtada_aggregated","trait1","auc",NA,0.678231578947368
20260838,26,500,15,3000,3000,3000,3000,"fast",0.01,"","mtada_aggregated","trait2","auc",NA,0.639591836734694
20260838,26,500,15,3000,3000,3000,3000,"fast",0.01,"","mtada_aggregated","pleiotropy","auc",NA,0.64
20260838,26,500,15,3000,3000,3000,3000,"fast",0.01,"","mtada_aggregated","trait1","pp08_power",0.8,0.08
20260838,26,500,15,3000,3000,3000,3000,"fast",0.01,"","mtada_aggregated","trait1","pp08_fdp",0.8,0
20260838,26,500,15,3000,3000,3000,3000,"fast",0.01,"","mtada_aggregated","trait1","pp08_discoveries",0.8,2
20260838,26,500,15,3000,3000,3000,3000,"fast",0.01,"","mtada_aggregated","trait2","pp08_power",0.8,0.1
20260838,26,500,15,3000,3000,3000,3000,"fast",0.01,"","mtada_aggregated","trait2","pp08_fdp",0.8,0
20260838,26,500,15,3000,3000,3000,3000,"fast",0.01,"","mtada_aggregated","trait2","pp08_discoveries",0.8,1
20260838,26,500,15,3000,3000,3000,3000,"fast",0.01,"","mtada_aggregated","pleiotropy","pp08_power",0.8,0
20260838,26,500,15,3000,3000,3000,3000,"fast",0.01,"","mtada_aggregated","pleiotropy","pp08_fdp",0.8,0
20260838,26,500,15,3000,3000,3000,3000,"fast",0.01,"","mtada_aggregated","pleiotropy","pp08_discoveries",0.8,0
20260838,26,500,15,3000,3000,3000,3000,"fast",0.01,"","mtada_aggregated","trait1","bfdr_observed_fdp",0.01,0
20260838,26,500,15,3000,3000,3000,3000,"fast",0.01,"","mtada_aggregated","trait1","bfdr_estimate",0.01,0.00095274084994118
20260838,26,500,15,3000,3000,3000,3000,"fast",0.01,"","mtada_aggregated","trait1","bfdr_power",0.01,0.08
20260838,26,500,15,3000,3000,3000,3000,"fast",0.01,"","mtada_aggregated","trait1","bfdr_discoveries",0.01,2
20260838,26,500,15,3000,3000,3000,3000,"fast",0.01,"","mtada_aggregated","trait1","bfdr_observed_fdp",0.05,0
20260838,26,500,15,3000,3000,3000,3000,"fast",0.01,"","mtada_aggregated","trait1","bfdr_estimate",0.05,0.00095274084994118
20260838,26,500,15,3000,3000,3000,3000,"fast",0.01,"","mtada_aggregated","trait1","bfdr_power",0.05,0.08
20260838,26,500,15,3000,3000,3000,3000,"fast",0.01,"","mtada_aggregated","trait1","bfdr_discoveries",0.05,2
20260838,26,500,15,3000,3000,3000,3000,"fast",0.01,"","mtada_aggregated","trait1","bfdr_observed_fdp",0.1,0
20260838,26,500,15,3000,3000,3000,3000,"fast",0.01,"","mtada_aggregated","trait1","bfdr_estimate",0.1,0.0754850079567112
20260838,26,500,15,3000,3000,3000,3000,"fast",0.01,"","mtada_aggregated","trait1","bfdr_power",0.1,0.12
20260838,26,500,15,3000,3000,3000,3000,"fast",0.01,"","mtada_aggregated","trait1","bfdr_discoveries",0.1,3
20260838,26,500,15,3000,3000,3000,3000,"fast",0.01,"","mtada_aggregated","trait1","bfdr_observed_fdp",0.2,0.2
20260838,26,500,15,3000,3000,3000,3000,"fast",0.01,"","mtada_aggregated","trait1","bfdr_estimate",0.2,0.176447252311087
20260838,26,500,15,3000,3000,3000,3000,"fast",0.01,"","mtada_aggregated","trait1","bfdr_power",0.2,0.16
20260838,26,500,15,3000,3000,3000,3000,"fast",0.01,"","mtada_aggregated","trait1","bfdr_discoveries",0.2,5
20260838,26,500,15,3000,3000,3000,3000,"fast",0.01,"","mtada_aggregated","trait2","bfdr_observed_fdp",0.01,0
20260838,26,500,15,3000,3000,3000,3000,"fast",0.01,"","mtada_aggregated","trait2","bfdr_estimate",0.01,0
20260838,26,500,15,3000,3000,3000,3000,"fast",0.01,"","mtada_aggregated","trait2","bfdr_power",0.01,0.1
20260838,26,500,15,3000,3000,3000,3000,"fast",0.01,"","mtada_aggregated","trait2","bfdr_discoveries",0.01,1
20260838,26,500,15,3000,3000,3000,3000,"fast",0.01,"","mtada_aggregated","trait2","bfdr_observed_fdp",0.05,0
20260838,26,500,15,3000,3000,3000,3000,"fast",0.01,"","mtada_aggregated","trait2","bfdr_estimate",0.05,0
20260838,26,500,15,3000,3000,3000,3000,"fast",0.01,"","mtada_aggregated","trait2","bfdr_power",0.05,0.1
20260838,26,500,15,3000,3000,3000,3000,"fast",0.01,"","mtada_aggregated","trait2","bfdr_discoveries",0.05,1
20260838,26,500,15,3000,3000,3000,3000,"fast",0.01,"","mtada_aggregated","trait2","bfdr_observed_fdp",0.1,0
20260838,26,500,15,3000,3000,3000,3000,"fast",0.01,"","mtada_aggregated","trait2","bfdr_estimate",0.1,0
20260838,26,500,15,3000,3000,3000,3000,"fast",0.01,"","mtada_aggregated","trait2","bfdr_power",0.1,0.1
20260838,26,500,15,3000,3000,3000,3000,"fast",0.01,"","mtada_aggregated","trait2","bfdr_discoveries",0.1,1
20260838,26,500,15,3000,3000,3000,3000,"fast",0.01,"","mtada_aggregated","trait2","bfdr_observed_fdp",0.2,0
20260838,26,500,15,3000,3000,3000,3000,"fast",0.01,"","mtada_aggregated","trait2","bfdr_estimate",0.2,0
20260838,26,500,15,3000,3000,3000,3000,"fast",0.01,"","mtada_aggregated","trait2","bfdr_power",0.2,0.1
20260838,26,500,15,3000,3000,3000,3000,"fast",0.01,"","mtada_aggregated","trait2","bfdr_discoveries",0.2,1
20260838,26,500,15,3000,3000,3000,3000,"fast",0.01,"","mtada_aggregated","pleiotropy","bfdr_observed_fdp",0.01,0
20260838,26,500,15,3000,3000,3000,3000,"fast",0.01,"","mtada_aggregated","pleiotropy","bfdr_estimate",0.01,0
20260838,26,500,15,3000,3000,3000,3000,"fast",0.01,"","mtada_aggregated","pleiotropy","bfdr_power",0.01,0
20260838,26,500,15,3000,3000,3000,3000,"fast",0.01,"","mtada_aggregated","pleiotropy","bfdr_discoveries",0.01,0
20260838,26,500,15,3000,3000,3000,3000,"fast",0.01,"","mtada_aggregated","pleiotropy","bfdr_observed_fdp",0.05,0
20260838,26,500,15,3000,3000,3000,3000,"fast",0.01,"","mtada_aggregated","pleiotropy","bfdr_estimate",0.05,0
20260838,26,500,15,3000,3000,3000,3000,"fast",0.01,"","mtada_aggregated","pleiotropy","bfdr_power",0.05,0
20260838,26,500,15,3000,3000,3000,3000,"fast",0.01,"","mtada_aggregated","pleiotropy","bfdr_discoveries",0.05,0
20260838,26,500,15,3000,3000,3000,3000,"fast",0.01,"","mtada_aggregated","pleiotropy","bfdr_observed_fdp",0.1,0
20260838,26,500,15,3000,3000,3000,3000,"fast",0.01,"","mtada_aggregated","pleiotropy","bfdr_estimate",0.1,0
20260838,26,500,15,3000,3000,3000,3000,"fast",0.01,"","mtada_aggregated","pleiotropy","bfdr_power",0.1,0
20260838,26,500,15,3000,3000,3000,3000,"fast",0.01,"","mtada_aggregated","pleiotropy","bfdr_discoveries",0.1,0
20260838,26,500,15,3000,3000,3000,3000,"fast",0.01,"","mtada_aggregated","pleiotropy","bfdr_observed_fdp",0.2,0
20260838,26,500,15,3000,3000,3000,3000,"fast",0.01,"","mtada_aggregated","pleiotropy","bfdr_estimate",0.2,0
20260838,26,500,15,3000,3000,3000,3000,"fast",0.01,"","mtada_aggregated","pleiotropy","bfdr_power",0.2,0
20260838,26,500,15,3000,3000,3000,3000,"fast",0.01,"","mtada_aggregated","pleiotropy","bfdr_discoveries",0.2,0
20260838,26,500,15,3000,3000,3000,3000,"fast",0.01,"","mtada_aggregated","global","runtime_seconds",NA,0.788999999999987
20260838,26,500,15,3000,3000,3000,3000,"fast",0.01,"","mtada_aggregated","pleiotropy","pi11_estimate",NA,0.0180039138943249
20260839,27,500,15,3000,3000,3000,3000,"fast",0.01,"","mirage_joint","trait1","auc",NA,0.5824
20260839,27,500,15,3000,3000,3000,3000,"fast",0.01,"","mirage_joint","trait2","auc",NA,0.65
20260839,27,500,15,3000,3000,3000,3000,"fast",0.01,"","mirage_joint","pleiotropy","auc",NA,0.676363636363636
20260839,27,500,15,3000,3000,3000,3000,"fast",0.01,"","mirage_joint","trait1","pp08_power",0.8,0.24
20260839,27,500,15,3000,3000,3000,3000,"fast",0.01,"","mirage_joint","trait1","pp08_fdp",0.8,0
20260839,27,500,15,3000,3000,3000,3000,"fast",0.01,"","mirage_joint","trait1","pp08_discoveries",0.8,6
20260839,27,500,15,3000,3000,3000,3000,"fast",0.01,"","mirage_joint","trait2","pp08_power",0.8,0.1
20260839,27,500,15,3000,3000,3000,3000,"fast",0.01,"","mirage_joint","trait2","pp08_fdp",0.8,0.5
20260839,27,500,15,3000,3000,3000,3000,"fast",0.01,"","mirage_joint","trait2","pp08_discoveries",0.8,2
20260839,27,500,15,3000,3000,3000,3000,"fast",0.01,"","mirage_joint","pleiotropy","pp08_power",0.8,0
20260839,27,500,15,3000,3000,3000,3000,"fast",0.01,"","mirage_joint","pleiotropy","pp08_fdp",0.8,0
20260839,27,500,15,3000,3000,3000,3000,"fast",0.01,"","mirage_joint","pleiotropy","pp08_discoveries",0.8,0
20260839,27,500,15,3000,3000,3000,3000,"fast",0.01,"","mirage_joint","trait1","bfdr_observed_fdp",0.01,0
20260839,27,500,15,3000,3000,3000,3000,"fast",0.01,"","mirage_joint","trait1","bfdr_estimate",0.01,0.00798405285910198
20260839,27,500,15,3000,3000,3000,3000,"fast",0.01,"","mirage_joint","trait1","bfdr_power",0.01,0.16
20260839,27,500,15,3000,3000,3000,3000,"fast",0.01,"","mirage_joint","trait1","bfdr_discoveries",0.01,4
20260839,27,500,15,3000,3000,3000,3000,"fast",0.01,"","mirage_joint","trait1","bfdr_observed_fdp",0.05,0
20260839,27,500,15,3000,3000,3000,3000,"fast",0.01,"","mirage_joint","trait1","bfdr_estimate",0.05,0.0218863164944659
20260839,27,500,15,3000,3000,3000,3000,"fast",0.01,"","mirage_joint","trait1","bfdr_power",0.05,0.24
20260839,27,500,15,3000,3000,3000,3000,"fast",0.01,"","mirage_joint","trait1","bfdr_discoveries",0.05,6
20260839,27,500,15,3000,3000,3000,3000,"fast",0.01,"","mirage_joint","trait1","bfdr_observed_fdp",0.1,0
20260839,27,500,15,3000,3000,3000,3000,"fast",0.01,"","mirage_joint","trait1","bfdr_estimate",0.1,0.0714742408932186
20260839,27,500,15,3000,3000,3000,3000,"fast",0.01,"","mirage_joint","trait1","bfdr_power",0.1,0.28
20260839,27,500,15,3000,3000,3000,3000,"fast",0.01,"","mirage_joint","trait1","bfdr_discoveries",0.1,7
20260839,27,500,15,3000,3000,3000,3000,"fast",0.01,"","mirage_joint","trait1","bfdr_observed_fdp",0.2,0.125
20260839,27,500,15,3000,3000,3000,3000,"fast",0.01,"","mirage_joint","trait1","bfdr_estimate",0.2,0.143036077502053
20260839,27,500,15,3000,3000,3000,3000,"fast",0.01,"","mirage_joint","trait1","bfdr_power",0.2,0.28
20260839,27,500,15,3000,3000,3000,3000,"fast",0.01,"","mirage_joint","trait1","bfdr_discoveries",0.2,8
20260839,27,500,15,3000,3000,3000,3000,"fast",0.01,"","mirage_joint","trait2","bfdr_observed_fdp",0.01,0
20260839,27,500,15,3000,3000,3000,3000,"fast",0.01,"","mirage_joint","trait2","bfdr_estimate",0.01,0
20260839,27,500,15,3000,3000,3000,3000,"fast",0.01,"","mirage_joint","trait2","bfdr_power",0.01,0
20260839,27,500,15,3000,3000,3000,3000,"fast",0.01,"","mirage_joint","trait2","bfdr_discoveries",0.01,0
20260839,27,500,15,3000,3000,3000,3000,"fast",0.01,"","mirage_joint","trait2","bfdr_observed_fdp",0.05,0.5
20260839,27,500,15,3000,3000,3000,3000,"fast",0.01,"","mirage_joint","trait2","bfdr_estimate",0.05,0.0317088772238671
20260839,27,500,15,3000,3000,3000,3000,"fast",0.01,"","mirage_joint","trait2","bfdr_power",0.05,0.1
20260839,27,500,15,3000,3000,3000,3000,"fast",0.01,"","mirage_joint","trait2","bfdr_discoveries",0.05,2
20260839,27,500,15,3000,3000,3000,3000,"fast",0.01,"","mirage_joint","trait2","bfdr_observed_fdp",0.1,0.666666666666667
20260839,27,500,15,3000,3000,3000,3000,"fast",0.01,"","mirage_joint","trait2","bfdr_estimate",0.1,0.0934468411427554
20260839,27,500,15,3000,3000,3000,3000,"fast",0.01,"","mirage_joint","trait2","bfdr_power",0.1,0.1
20260839,27,500,15,3000,3000,3000,3000,"fast",0.01,"","mirage_joint","trait2","bfdr_discoveries",0.1,3
20260839,27,500,15,3000,3000,3000,3000,"fast",0.01,"","mirage_joint","trait2","bfdr_observed_fdp",0.2,0.75
20260839,27,500,15,3000,3000,3000,3000,"fast",0.01,"","mirage_joint","trait2","bfdr_estimate",0.2,0.15127538316551
20260839,27,500,15,3000,3000,3000,3000,"fast",0.01,"","mirage_joint","trait2","bfdr_power",0.2,0.1
20260839,27,500,15,3000,3000,3000,3000,"fast",0.01,"","mirage_joint","trait2","bfdr_discoveries",0.2,4
20260839,27,500,15,3000,3000,3000,3000,"fast",0.01,"","mirage_joint","pleiotropy","bfdr_observed_fdp",0.01,0
20260839,27,500,15,3000,3000,3000,3000,"fast",0.01,"","mirage_joint","pleiotropy","bfdr_estimate",0.01,0
20260839,27,500,15,3000,3000,3000,3000,"fast",0.01,"","mirage_joint","pleiotropy","bfdr_power",0.01,0
20260839,27,500,15,3000,3000,3000,3000,"fast",0.01,"","mirage_joint","pleiotropy","bfdr_discoveries",0.01,0
20260839,27,500,15,3000,3000,3000,3000,"fast",0.01,"","mirage_joint","pleiotropy","bfdr_observed_fdp",0.05,0
20260839,27,500,15,3000,3000,3000,3000,"fast",0.01,"","mirage_joint","pleiotropy","bfdr_estimate",0.05,0
20260839,27,500,15,3000,3000,3000,3000,"fast",0.01,"","mirage_joint","pleiotropy","bfdr_power",0.05,0
20260839,27,500,15,3000,3000,3000,3000,"fast",0.01,"","mirage_joint","pleiotropy","bfdr_discoveries",0.05,0
20260839,27,500,15,3000,3000,3000,3000,"fast",0.01,"","mirage_joint","pleiotropy","bfdr_observed_fdp",0.1,0
20260839,27,500,15,3000,3000,3000,3000,"fast",0.01,"","mirage_joint","pleiotropy","bfdr_estimate",0.1,0
20260839,27,500,15,3000,3000,3000,3000,"fast",0.01,"","mirage_joint","pleiotropy","bfdr_power",0.1,0
20260839,27,500,15,3000,3000,3000,3000,"fast",0.01,"","mirage_joint","pleiotropy","bfdr_discoveries",0.1,0
20260839,27,500,15,3000,3000,3000,3000,"fast",0.01,"","mirage_joint","pleiotropy","bfdr_observed_fdp",0.2,0
20260839,27,500,15,3000,3000,3000,3000,"fast",0.01,"","mirage_joint","pleiotropy","bfdr_estimate",0.2,0
20260839,27,500,15,3000,3000,3000,3000,"fast",0.01,"","mirage_joint","pleiotropy","bfdr_power",0.2,0
20260839,27,500,15,3000,3000,3000,3000,"fast",0.01,"","mirage_joint","pleiotropy","bfdr_discoveries",0.2,0
20260839,27,500,15,3000,3000,3000,3000,"fast",0.01,"","mirage_joint","global","runtime_seconds",NA,18.1629999999999
20260839,27,500,15,3000,3000,3000,3000,"fast",0.01,"","mirage_joint","pleiotropy","pi11_estimate",NA,0.000214292784845839
20260839,27,500,15,3000,3000,3000,3000,"fast",0.01,"","separate_mirage","trait1","auc",NA,0.59141052631579
20260839,27,500,15,3000,3000,3000,3000,"fast",0.01,"","separate_mirage","trait2","auc",NA,0.696938775510204
20260839,27,500,15,3000,3000,3000,3000,"fast",0.01,"","separate_mirage","pleiotropy","auc",NA,0.677575757575758
20260839,27,500,15,3000,3000,3000,3000,"fast",0.01,"","separate_mirage","trait1","pp08_power",0.8,0.24
20260839,27,500,15,3000,3000,3000,3000,"fast",0.01,"","separate_mirage","trait1","pp08_fdp",0.8,0
20260839,27,500,15,3000,3000,3000,3000,"fast",0.01,"","separate_mirage","trait1","pp08_discoveries",0.8,6
20260839,27,500,15,3000,3000,3000,3000,"fast",0.01,"","separate_mirage","trait2","pp08_power",0.8,0.1
20260839,27,500,15,3000,3000,3000,3000,"fast",0.01,"","separate_mirage","trait2","pp08_fdp",0.8,0.5
20260839,27,500,15,3000,3000,3000,3000,"fast",0.01,"","separate_mirage","trait2","pp08_discoveries",0.8,2
20260839,27,500,15,3000,3000,3000,3000,"fast",0.01,"","separate_mirage","pleiotropy","pp08_power",0.8,0
20260839,27,500,15,3000,3000,3000,3000,"fast",0.01,"","separate_mirage","pleiotropy","pp08_fdp",0.8,0
20260839,27,500,15,3000,3000,3000,3000,"fast",0.01,"","separate_mirage","pleiotropy","pp08_discoveries",0.8,0
20260839,27,500,15,3000,3000,3000,3000,"fast",0.01,"","separate_mirage","trait1","bfdr_observed_fdp",0.01,0
20260839,27,500,15,3000,3000,3000,3000,"fast",0.01,"","separate_mirage","trait1","bfdr_estimate",0.01,0.00640476497935942
20260839,27,500,15,3000,3000,3000,3000,"fast",0.01,"","separate_mirage","trait1","bfdr_power",0.01,0.12
20260839,27,500,15,3000,3000,3000,3000,"fast",0.01,"","separate_mirage","trait1","bfdr_discoveries",0.01,3
20260839,27,500,15,3000,3000,3000,3000,"fast",0.01,"","separate_mirage","trait1","bfdr_observed_fdp",0.05,0
20260839,27,500,15,3000,3000,3000,3000,"fast",0.01,"","separate_mirage","trait1","bfdr_estimate",0.05,0.0315902789833331
20260839,27,500,15,3000,3000,3000,3000,"fast",0.01,"","separate_mirage","trait1","bfdr_power",0.05,0.24
20260839,27,500,15,3000,3000,3000,3000,"fast",0.01,"","separate_mirage","trait1","bfdr_discoveries",0.05,6
20260839,27,500,15,3000,3000,3000,3000,"fast",0.01,"","separate_mirage","trait1","bfdr_observed_fdp",0.1,0
20260839,27,500,15,3000,3000,3000,3000,"fast",0.01,"","separate_mirage","trait1","bfdr_estimate",0.1,0.0947497174682437
20260839,27,500,15,3000,3000,3000,3000,"fast",0.01,"","separate_mirage","trait1","bfdr_power",0.1,0.28
20260839,27,500,15,3000,3000,3000,3000,"fast",0.01,"","separate_mirage","trait1","bfdr_discoveries",0.1,7
20260839,27,500,15,3000,3000,3000,3000,"fast",0.01,"","separate_mirage","trait1","bfdr_observed_fdp",0.2,0.125
20260839,27,500,15,3000,3000,3000,3000,"fast",0.01,"","separate_mirage","trait1","bfdr_estimate",0.2,0.172819018619367
20260839,27,500,15,3000,3000,3000,3000,"fast",0.01,"","separate_mirage","trait1","bfdr_power",0.2,0.28
20260839,27,500,15,3000,3000,3000,3000,"fast",0.01,"","separate_mirage","trait1","bfdr_discoveries",0.2,8
20260839,27,500,15,3000,3000,3000,3000,"fast",0.01,"","separate_mirage","trait2","bfdr_observed_fdp",0.01,0
20260839,27,500,15,3000,3000,3000,3000,"fast",0.01,"","separate_mirage","trait2","bfdr_estimate",0.01,0
20260839,27,500,15,3000,3000,3000,3000,"fast",0.01,"","separate_mirage","trait2","bfdr_power",0.01,0
20260839,27,500,15,3000,3000,3000,3000,"fast",0.01,"","separate_mirage","trait2","bfdr_discoveries",0.01,0
20260839,27,500,15,3000,3000,3000,3000,"fast",0.01,"","separate_mirage","trait2","bfdr_observed_fdp",0.05,0
20260839,27,500,15,3000,3000,3000,3000,"fast",0.01,"","separate_mirage","trait2","bfdr_estimate",0.05,0
20260839,27,500,15,3000,3000,3000,3000,"fast",0.01,"","separate_mirage","trait2","bfdr_power",0.05,0
20260839,27,500,15,3000,3000,3000,3000,"fast",0.01,"","separate_mirage","trait2","bfdr_discoveries",0.05,0
20260839,27,500,15,3000,3000,3000,3000,"fast",0.01,"","separate_mirage","trait2","bfdr_observed_fdp",0.1,0.5
20260839,27,500,15,3000,3000,3000,3000,"fast",0.01,"","separate_mirage","trait2","bfdr_estimate",0.1,0.0703757194405534
20260839,27,500,15,3000,3000,3000,3000,"fast",0.01,"","separate_mirage","trait2","bfdr_power",0.1,0.1
20260839,27,500,15,3000,3000,3000,3000,"fast",0.01,"","separate_mirage","trait2","bfdr_discoveries",0.1,2
20260839,27,500,15,3000,3000,3000,3000,"fast",0.01,"","separate_mirage","trait2","bfdr_observed_fdp",0.2,0.5
20260839,27,500,15,3000,3000,3000,3000,"fast",0.01,"","separate_mirage","trait2","bfdr_estimate",0.2,0.0703757194405534
20260839,27,500,15,3000,3000,3000,3000,"fast",0.01,"","separate_mirage","trait2","bfdr_power",0.2,0.1
20260839,27,500,15,3000,3000,3000,3000,"fast",0.01,"","separate_mirage","trait2","bfdr_discoveries",0.2,2
20260839,27,500,15,3000,3000,3000,3000,"fast",0.01,"","separate_mirage","pleiotropy","bfdr_observed_fdp",0.01,0
20260839,27,500,15,3000,3000,3000,3000,"fast",0.01,"","separate_mirage","pleiotropy","bfdr_estimate",0.01,0
20260839,27,500,15,3000,3000,3000,3000,"fast",0.01,"","separate_mirage","pleiotropy","bfdr_power",0.01,0
20260839,27,500,15,3000,3000,3000,3000,"fast",0.01,"","separate_mirage","pleiotropy","bfdr_discoveries",0.01,0
20260839,27,500,15,3000,3000,3000,3000,"fast",0.01,"","separate_mirage","pleiotropy","bfdr_observed_fdp",0.05,0
20260839,27,500,15,3000,3000,3000,3000,"fast",0.01,"","separate_mirage","pleiotropy","bfdr_estimate",0.05,0
20260839,27,500,15,3000,3000,3000,3000,"fast",0.01,"","separate_mirage","pleiotropy","bfdr_power",0.05,0
20260839,27,500,15,3000,3000,3000,3000,"fast",0.01,"","separate_mirage","pleiotropy","bfdr_discoveries",0.05,0
20260839,27,500,15,3000,3000,3000,3000,"fast",0.01,"","separate_mirage","pleiotropy","bfdr_observed_fdp",0.1,0
20260839,27,500,15,3000,3000,3000,3000,"fast",0.01,"","separate_mirage","pleiotropy","bfdr_estimate",0.1,0
20260839,27,500,15,3000,3000,3000,3000,"fast",0.01,"","separate_mirage","pleiotropy","bfdr_power",0.1,0
20260839,27,500,15,3000,3000,3000,3000,"fast",0.01,"","separate_mirage","pleiotropy","bfdr_discoveries",0.1,0
20260839,27,500,15,3000,3000,3000,3000,"fast",0.01,"","separate_mirage","pleiotropy","bfdr_observed_fdp",0.2,0
20260839,27,500,15,3000,3000,3000,3000,"fast",0.01,"","separate_mirage","pleiotropy","bfdr_estimate",0.2,0
20260839,27,500,15,3000,3000,3000,3000,"fast",0.01,"","separate_mirage","pleiotropy","bfdr_power",0.2,0
20260839,27,500,15,3000,3000,3000,3000,"fast",0.01,"","separate_mirage","pleiotropy","bfdr_discoveries",0.2,0
20260839,27,500,15,3000,3000,3000,3000,"fast",0.01,"","separate_mirage","global","runtime_seconds",NA,18.026
20260839,27,500,15,3000,3000,3000,3000,"fast",0.01,"","separate_mirage","pleiotropy","pi11_estimate",NA,0.001
20260839,27,500,15,3000,3000,3000,3000,"fast",0.01,"","mtada_aggregated","trait1","auc",NA,0.689347368421053
20260839,27,500,15,3000,3000,3000,3000,"fast",0.01,"","mtada_aggregated","trait2","auc",NA,0.621632653061225
20260839,27,500,15,3000,3000,3000,3000,"fast",0.01,"","mtada_aggregated","pleiotropy","auc",NA,0.671111111111111
20260839,27,500,15,3000,3000,3000,3000,"fast",0.01,"","mtada_aggregated","trait1","pp08_power",0.8,0.24
20260839,27,500,15,3000,3000,3000,3000,"fast",0.01,"","mtada_aggregated","trait1","pp08_fdp",0.8,0
20260839,27,500,15,3000,3000,3000,3000,"fast",0.01,"","mtada_aggregated","trait1","pp08_discoveries",0.8,6
20260839,27,500,15,3000,3000,3000,3000,"fast",0.01,"","mtada_aggregated","trait2","pp08_power",0.8,0.1
20260839,27,500,15,3000,3000,3000,3000,"fast",0.01,"","mtada_aggregated","trait2","pp08_fdp",0.8,0
20260839,27,500,15,3000,3000,3000,3000,"fast",0.01,"","mtada_aggregated","trait2","pp08_discoveries",0.8,1
20260839,27,500,15,3000,3000,3000,3000,"fast",0.01,"","mtada_aggregated","pleiotropy","pp08_power",0.8,0
20260839,27,500,15,3000,3000,3000,3000,"fast",0.01,"","mtada_aggregated","pleiotropy","pp08_fdp",0.8,0
20260839,27,500,15,3000,3000,3000,3000,"fast",0.01,"","mtada_aggregated","pleiotropy","pp08_discoveries",0.8,0
20260839,27,500,15,3000,3000,3000,3000,"fast",0.01,"","mtada_aggregated","trait1","bfdr_observed_fdp",0.01,0
20260839,27,500,15,3000,3000,3000,3000,"fast",0.01,"","mtada_aggregated","trait1","bfdr_estimate",0.01,0.00023831305287216
20260839,27,500,15,3000,3000,3000,3000,"fast",0.01,"","mtada_aggregated","trait1","bfdr_power",0.01,0.24
20260839,27,500,15,3000,3000,3000,3000,"fast",0.01,"","mtada_aggregated","trait1","bfdr_discoveries",0.01,6
20260839,27,500,15,3000,3000,3000,3000,"fast",0.01,"","mtada_aggregated","trait1","bfdr_observed_fdp",0.05,0
20260839,27,500,15,3000,3000,3000,3000,"fast",0.01,"","mtada_aggregated","trait1","bfdr_estimate",0.05,0.00023831305287216
20260839,27,500,15,3000,3000,3000,3000,"fast",0.01,"","mtada_aggregated","trait1","bfdr_power",0.05,0.24
20260839,27,500,15,3000,3000,3000,3000,"fast",0.01,"","mtada_aggregated","trait1","bfdr_discoveries",0.05,6
20260839,27,500,15,3000,3000,3000,3000,"fast",0.01,"","mtada_aggregated","trait1","bfdr_observed_fdp",0.1,0
20260839,27,500,15,3000,3000,3000,3000,"fast",0.01,"","mtada_aggregated","trait1","bfdr_estimate",0.1,0.0552386836161274
20260839,27,500,15,3000,3000,3000,3000,"fast",0.01,"","mtada_aggregated","trait1","bfdr_power",0.1,0.28
20260839,27,500,15,3000,3000,3000,3000,"fast",0.01,"","mtada_aggregated","trait1","bfdr_discoveries",0.1,7
20260839,27,500,15,3000,3000,3000,3000,"fast",0.01,"","mtada_aggregated","trait1","bfdr_observed_fdp",0.2,0.222222222222222
20260839,27,500,15,3000,3000,3000,3000,"fast",0.01,"","mtada_aggregated","trait1","bfdr_estimate",0.2,0.193656265246342
20260839,27,500,15,3000,3000,3000,3000,"fast",0.01,"","mtada_aggregated","trait1","bfdr_power",0.2,0.28
20260839,27,500,15,3000,3000,3000,3000,"fast",0.01,"","mtada_aggregated","trait1","bfdr_discoveries",0.2,9
20260839,27,500,15,3000,3000,3000,3000,"fast",0.01,"","mtada_aggregated","trait2","bfdr_observed_fdp",0.01,0
20260839,27,500,15,3000,3000,3000,3000,"fast",0.01,"","mtada_aggregated","trait2","bfdr_estimate",0.01,2.51059155786937e-06
20260839,27,500,15,3000,3000,3000,3000,"fast",0.01,"","mtada_aggregated","trait2","bfdr_power",0.01,0.1
20260839,27,500,15,3000,3000,3000,3000,"fast",0.01,"","mtada_aggregated","trait2","bfdr_discoveries",0.01,1
20260839,27,500,15,3000,3000,3000,3000,"fast",0.01,"","mtada_aggregated","trait2","bfdr_observed_fdp",0.05,0
20260839,27,500,15,3000,3000,3000,3000,"fast",0.01,"","mtada_aggregated","trait2","bfdr_estimate",0.05,2.51059155786937e-06
20260839,27,500,15,3000,3000,3000,3000,"fast",0.01,"","mtada_aggregated","trait2","bfdr_power",0.05,0.1
20260839,27,500,15,3000,3000,3000,3000,"fast",0.01,"","mtada_aggregated","trait2","bfdr_discoveries",0.05,1
20260839,27,500,15,3000,3000,3000,3000,"fast",0.01,"","mtada_aggregated","trait2","bfdr_observed_fdp",0.1,0
20260839,27,500,15,3000,3000,3000,3000,"fast",0.01,"","mtada_aggregated","trait2","bfdr_estimate",0.1,2.51059155786937e-06
20260839,27,500,15,3000,3000,3000,3000,"fast",0.01,"","mtada_aggregated","trait2","bfdr_power",0.1,0.1
20260839,27,500,15,3000,3000,3000,3000,"fast",0.01,"","mtada_aggregated","trait2","bfdr_discoveries",0.1,1
20260839,27,500,15,3000,3000,3000,3000,"fast",0.01,"","mtada_aggregated","trait2","bfdr_observed_fdp",0.2,0
20260839,27,500,15,3000,3000,3000,3000,"fast",0.01,"","mtada_aggregated","trait2","bfdr_estimate",0.2,2.51059155786937e-06
20260839,27,500,15,3000,3000,3000,3000,"fast",0.01,"","mtada_aggregated","trait2","bfdr_power",0.2,0.1
20260839,27,500,15,3000,3000,3000,3000,"fast",0.01,"","mtada_aggregated","trait2","bfdr_discoveries",0.2,1
20260839,27,500,15,3000,3000,3000,3000,"fast",0.01,"","mtada_aggregated","pleiotropy","bfdr_observed_fdp",0.01,0
20260839,27,500,15,3000,3000,3000,3000,"fast",0.01,"","mtada_aggregated","pleiotropy","bfdr_estimate",0.01,0
20260839,27,500,15,3000,3000,3000,3000,"fast",0.01,"","mtada_aggregated","pleiotropy","bfdr_power",0.01,0
20260839,27,500,15,3000,3000,3000,3000,"fast",0.01,"","mtada_aggregated","pleiotropy","bfdr_discoveries",0.01,0
20260839,27,500,15,3000,3000,3000,3000,"fast",0.01,"","mtada_aggregated","pleiotropy","bfdr_observed_fdp",0.05,0
20260839,27,500,15,3000,3000,3000,3000,"fast",0.01,"","mtada_aggregated","pleiotropy","bfdr_estimate",0.05,0
20260839,27,500,15,3000,3000,3000,3000,"fast",0.01,"","mtada_aggregated","pleiotropy","bfdr_power",0.05,0
20260839,27,500,15,3000,3000,3000,3000,"fast",0.01,"","mtada_aggregated","pleiotropy","bfdr_discoveries",0.05,0
20260839,27,500,15,3000,3000,3000,3000,"fast",0.01,"","mtada_aggregated","pleiotropy","bfdr_observed_fdp",0.1,0
20260839,27,500,15,3000,3000,3000,3000,"fast",0.01,"","mtada_aggregated","pleiotropy","bfdr_estimate",0.1,0
20260839,27,500,15,3000,3000,3000,3000,"fast",0.01,"","mtada_aggregated","pleiotropy","bfdr_power",0.1,0
20260839,27,500,15,3000,3000,3000,3000,"fast",0.01,"","mtada_aggregated","pleiotropy","bfdr_discoveries",0.1,0
20260839,27,500,15,3000,3000,3000,3000,"fast",0.01,"","mtada_aggregated","pleiotropy","bfdr_observed_fdp",0.2,0
20260839,27,500,15,3000,3000,3000,3000,"fast",0.01,"","mtada_aggregated","pleiotropy","bfdr_estimate",0.2,0
20260839,27,500,15,3000,3000,3000,3000,"fast",0.01,"","mtada_aggregated","pleiotropy","bfdr_power",0.2,0
20260839,27,500,15,3000,3000,3000,3000,"fast",0.01,"","mtada_aggregated","pleiotropy","bfdr_discoveries",0.2,0
20260839,27,500,15,3000,3000,3000,3000,"fast",0.01,"","mtada_aggregated","global","runtime_seconds",NA,0.70799999999997
20260839,27,500,15,3000,3000,3000,3000,"fast",0.01,"","mtada_aggregated","pleiotropy","pi11_estimate",NA,0.00362531
20260840,28,500,15,3000,3000,3000,3000,"fast",0.01,"","mirage_joint","trait1","auc",NA,0.701726315789474
20260840,28,500,15,3000,3000,3000,3000,"fast",0.01,"","mirage_joint","trait2","auc",NA,0.755510204081633
20260840,28,500,15,3000,3000,3000,3000,"fast",0.01,"","mirage_joint","pleiotropy","auc",NA,0.692121212121212
20260840,28,500,15,3000,3000,3000,3000,"fast",0.01,"","mirage_joint","trait1","pp08_power",0.8,0.2
20260840,28,500,15,3000,3000,3000,3000,"fast",0.01,"","mirage_joint","trait1","pp08_fdp",0.8,0.166666666666667
20260840,28,500,15,3000,3000,3000,3000,"fast",0.01,"","mirage_joint","trait1","pp08_discoveries",0.8,6
20260840,28,500,15,3000,3000,3000,3000,"fast",0.01,"","mirage_joint","trait2","pp08_power",0.8,0.1
20260840,28,500,15,3000,3000,3000,3000,"fast",0.01,"","mirage_joint","trait2","pp08_fdp",0.8,0
20260840,28,500,15,3000,3000,3000,3000,"fast",0.01,"","mirage_joint","trait2","pp08_discoveries",0.8,1
20260840,28,500,15,3000,3000,3000,3000,"fast",0.01,"","mirage_joint","pleiotropy","pp08_power",0.8,0.2
20260840,28,500,15,3000,3000,3000,3000,"fast",0.01,"","mirage_joint","pleiotropy","pp08_fdp",0.8,0
20260840,28,500,15,3000,3000,3000,3000,"fast",0.01,"","mirage_joint","pleiotropy","pp08_discoveries",0.8,1
20260840,28,500,15,3000,3000,3000,3000,"fast",0.01,"","mirage_joint","trait1","bfdr_observed_fdp",0.01,0
20260840,28,500,15,3000,3000,3000,3000,"fast",0.01,"","mirage_joint","trait1","bfdr_estimate",0.01,0.00936051276898991
20260840,28,500,15,3000,3000,3000,3000,"fast",0.01,"","mirage_joint","trait1","bfdr_power",0.01,0.08
20260840,28,500,15,3000,3000,3000,3000,"fast",0.01,"","mirage_joint","trait1","bfdr_discoveries",0.01,2
20260840,28,500,15,3000,3000,3000,3000,"fast",0.01,"","mirage_joint","trait1","bfdr_observed_fdp",0.05,0.166666666666667
20260840,28,500,15,3000,3000,3000,3000,"fast",0.01,"","mirage_joint","trait1","bfdr_estimate",0.05,0.049670334443897
20260840,28,500,15,3000,3000,3000,3000,"fast",0.01,"","mirage_joint","trait1","bfdr_power",0.05,0.2
20260840,28,500,15,3000,3000,3000,3000,"fast",0.01,"","mirage_joint","trait1","bfdr_discoveries",0.05,6
20260840,28,500,15,3000,3000,3000,3000,"fast",0.01,"","mirage_joint","trait1","bfdr_observed_fdp",0.1,0.142857142857143
20260840,28,500,15,3000,3000,3000,3000,"fast",0.01,"","mirage_joint","trait1","bfdr_estimate",0.1,0.077172583723705
20260840,28,500,15,3000,3000,3000,3000,"fast",0.01,"","mirage_joint","trait1","bfdr_power",0.1,0.24
20260840,28,500,15,3000,3000,3000,3000,"fast",0.01,"","mirage_joint","trait1","bfdr_discoveries",0.1,7
20260840,28,500,15,3000,3000,3000,3000,"fast",0.01,"","mirage_joint","trait1","bfdr_observed_fdp",0.2,0.333333333333333
20260840,28,500,15,3000,3000,3000,3000,"fast",0.01,"","mirage_joint","trait1","bfdr_estimate",0.2,0.19465628123934
20260840,28,500,15,3000,3000,3000,3000,"fast",0.01,"","mirage_joint","trait1","bfdr_power",0.2,0.32
20260840,28,500,15,3000,3000,3000,3000,"fast",0.01,"","mirage_joint","trait1","bfdr_discoveries",0.2,12
20260840,28,500,15,3000,3000,3000,3000,"fast",0.01,"","mirage_joint","trait2","bfdr_observed_fdp",0.01,0
20260840,28,500,15,3000,3000,3000,3000,"fast",0.01,"","mirage_joint","trait2","bfdr_estimate",0.01,1.16939921301906e-07
20260840,28,500,15,3000,3000,3000,3000,"fast",0.01,"","mirage_joint","trait2","bfdr_power",0.01,0.1
20260840,28,500,15,3000,3000,3000,3000,"fast",0.01,"","mirage_joint","trait2","bfdr_discoveries",0.01,1
20260840,28,500,15,3000,3000,3000,3000,"fast",0.01,"","mirage_joint","trait2","bfdr_observed_fdp",0.05,0
20260840,28,500,15,3000,3000,3000,3000,"fast",0.01,"","mirage_joint","trait2","bfdr_estimate",0.05,1.16939921301906e-07
20260840,28,500,15,3000,3000,3000,3000,"fast",0.01,"","mirage_joint","trait2","bfdr_power",0.05,0.1
20260840,28,500,15,3000,3000,3000,3000,"fast",0.01,"","mirage_joint","trait2","bfdr_discoveries",0.05,1
20260840,28,500,15,3000,3000,3000,3000,"fast",0.01,"","mirage_joint","trait2","bfdr_observed_fdp",0.1,0
20260840,28,500,15,3000,3000,3000,3000,"fast",0.01,"","mirage_joint","trait2","bfdr_estimate",0.1,1.16939921301906e-07
20260840,28,500,15,3000,3000,3000,3000,"fast",0.01,"","mirage_joint","trait2","bfdr_power",0.1,0.1
20260840,28,500,15,3000,3000,3000,3000,"fast",0.01,"","mirage_joint","trait2","bfdr_discoveries",0.1,1
20260840,28,500,15,3000,3000,3000,3000,"fast",0.01,"","mirage_joint","trait2","bfdr_observed_fdp",0.2,0.75
20260840,28,500,15,3000,3000,3000,3000,"fast",0.01,"","mirage_joint","trait2","bfdr_estimate",0.2,0.18954961409481
20260840,28,500,15,3000,3000,3000,3000,"fast",0.01,"","mirage_joint","trait2","bfdr_power",0.2,0.1
20260840,28,500,15,3000,3000,3000,3000,"fast",0.01,"","mirage_joint","trait2","bfdr_discoveries",0.2,4
20260840,28,500,15,3000,3000,3000,3000,"fast",0.01,"","mirage_joint","pleiotropy","bfdr_observed_fdp",0.01,0
20260840,28,500,15,3000,3000,3000,3000,"fast",0.01,"","mirage_joint","pleiotropy","bfdr_estimate",0.01,0
20260840,28,500,15,3000,3000,3000,3000,"fast",0.01,"","mirage_joint","pleiotropy","bfdr_power",0.01,0
20260840,28,500,15,3000,3000,3000,3000,"fast",0.01,"","mirage_joint","pleiotropy","bfdr_discoveries",0.01,0
20260840,28,500,15,3000,3000,3000,3000,"fast",0.01,"","mirage_joint","pleiotropy","bfdr_observed_fdp",0.05,0
20260840,28,500,15,3000,3000,3000,3000,"fast",0.01,"","mirage_joint","pleiotropy","bfdr_estimate",0.05,0
20260840,28,500,15,3000,3000,3000,3000,"fast",0.01,"","mirage_joint","pleiotropy","bfdr_power",0.05,0
20260840,28,500,15,3000,3000,3000,3000,"fast",0.01,"","mirage_joint","pleiotropy","bfdr_discoveries",0.05,0
20260840,28,500,15,3000,3000,3000,3000,"fast",0.01,"","mirage_joint","pleiotropy","bfdr_observed_fdp",0.1,0
20260840,28,500,15,3000,3000,3000,3000,"fast",0.01,"","mirage_joint","pleiotropy","bfdr_estimate",0.1,0.0538641163321496
20260840,28,500,15,3000,3000,3000,3000,"fast",0.01,"","mirage_joint","pleiotropy","bfdr_power",0.1,0.2
20260840,28,500,15,3000,3000,3000,3000,"fast",0.01,"","mirage_joint","pleiotropy","bfdr_discoveries",0.1,1
20260840,28,500,15,3000,3000,3000,3000,"fast",0.01,"","mirage_joint","pleiotropy","bfdr_observed_fdp",0.2,0.666666666666667
20260840,28,500,15,3000,3000,3000,3000,"fast",0.01,"","mirage_joint","pleiotropy","bfdr_estimate",0.2,0.1952993407659
20260840,28,500,15,3000,3000,3000,3000,"fast",0.01,"","mirage_joint","pleiotropy","bfdr_power",0.2,0.2
20260840,28,500,15,3000,3000,3000,3000,"fast",0.01,"","mirage_joint","pleiotropy","bfdr_discoveries",0.2,3
20260840,28,500,15,3000,3000,3000,3000,"fast",0.01,"","mirage_joint","global","runtime_seconds",NA,18.121
20260840,28,500,15,3000,3000,3000,3000,"fast",0.01,"","mirage_joint","pleiotropy","pi11_estimate",NA,0.0802946801961928
20260840,28,500,15,3000,3000,3000,3000,"fast",0.01,"","separate_mirage","trait1","auc",NA,0.678568421052632
20260840,28,500,15,3000,3000,3000,3000,"fast",0.01,"","separate_mirage","trait2","auc",NA,0.600816326530612
20260840,28,500,15,3000,3000,3000,3000,"fast",0.01,"","separate_mirage","pleiotropy","auc",NA,0.524040404040404
20260840,28,500,15,3000,3000,3000,3000,"fast",0.01,"","separate_mirage","trait1","pp08_power",0.8,0.16
20260840,28,500,15,3000,3000,3000,3000,"fast",0.01,"","separate_mirage","trait1","pp08_fdp",0.8,0
20260840,28,500,15,3000,3000,3000,3000,"fast",0.01,"","separate_mirage","trait1","pp08_discoveries",0.8,4
20260840,28,500,15,3000,3000,3000,3000,"fast",0.01,"","separate_mirage","trait2","pp08_power",0.8,0.1
20260840,28,500,15,3000,3000,3000,3000,"fast",0.01,"","separate_mirage","trait2","pp08_fdp",0.8,0
20260840,28,500,15,3000,3000,3000,3000,"fast",0.01,"","separate_mirage","trait2","pp08_discoveries",0.8,1
20260840,28,500,15,3000,3000,3000,3000,"fast",0.01,"","separate_mirage","pleiotropy","pp08_power",0.8,0
20260840,28,500,15,3000,3000,3000,3000,"fast",0.01,"","separate_mirage","pleiotropy","pp08_fdp",0.8,0
20260840,28,500,15,3000,3000,3000,3000,"fast",0.01,"","separate_mirage","pleiotropy","pp08_discoveries",0.8,0
20260840,28,500,15,3000,3000,3000,3000,"fast",0.01,"","separate_mirage","trait1","bfdr_observed_fdp",0.01,0
20260840,28,500,15,3000,3000,3000,3000,"fast",0.01,"","separate_mirage","trait1","bfdr_estimate",0.01,0.00986477985214235
20260840,28,500,15,3000,3000,3000,3000,"fast",0.01,"","separate_mirage","trait1","bfdr_power",0.01,0.08
20260840,28,500,15,3000,3000,3000,3000,"fast",0.01,"","separate_mirage","trait1","bfdr_discoveries",0.01,2
20260840,28,500,15,3000,3000,3000,3000,"fast",0.01,"","separate_mirage","trait1","bfdr_observed_fdp",0.05,0
20260840,28,500,15,3000,3000,3000,3000,"fast",0.01,"","separate_mirage","trait1","bfdr_estimate",0.05,0.0373155484662435
20260840,28,500,15,3000,3000,3000,3000,"fast",0.01,"","separate_mirage","trait1","bfdr_power",0.05,0.16
20260840,28,500,15,3000,3000,3000,3000,"fast",0.01,"","separate_mirage","trait1","bfdr_discoveries",0.05,4
20260840,28,500,15,3000,3000,3000,3000,"fast",0.01,"","separate_mirage","trait1","bfdr_observed_fdp",0.1,0.2
20260840,28,500,15,3000,3000,3000,3000,"fast",0.01,"","separate_mirage","trait1","bfdr_estimate",0.1,0.0802613956038762
20260840,28,500,15,3000,3000,3000,3000,"fast",0.01,"","separate_mirage","trait1","bfdr_power",0.1,0.16
20260840,28,500,15,3000,3000,3000,3000,"fast",0.01,"","separate_mirage","trait1","bfdr_discoveries",0.1,5
20260840,28,500,15,3000,3000,3000,3000,"fast",0.01,"","separate_mirage","trait1","bfdr_observed_fdp",0.2,0.333333333333333
20260840,28,500,15,3000,3000,3000,3000,"fast",0.01,"","separate_mirage","trait1","bfdr_estimate",0.2,0.144544102938437
20260840,28,500,15,3000,3000,3000,3000,"fast",0.01,"","separate_mirage","trait1","bfdr_power",0.2,0.16
20260840,28,500,15,3000,3000,3000,3000,"fast",0.01,"","separate_mirage","trait1","bfdr_discoveries",0.2,6
20260840,28,500,15,3000,3000,3000,3000,"fast",0.01,"","separate_mirage","trait2","bfdr_observed_fdp",0.01,0
20260840,28,500,15,3000,3000,3000,3000,"fast",0.01,"","separate_mirage","trait2","bfdr_estimate",0.01,7.61755909461925e-08
20260840,28,500,15,3000,3000,3000,3000,"fast",0.01,"","separate_mirage","trait2","bfdr_power",0.01,0.1
20260840,28,500,15,3000,3000,3000,3000,"fast",0.01,"","separate_mirage","trait2","bfdr_discoveries",0.01,1
20260840,28,500,15,3000,3000,3000,3000,"fast",0.01,"","separate_mirage","trait2","bfdr_observed_fdp",0.05,0
20260840,28,500,15,3000,3000,3000,3000,"fast",0.01,"","separate_mirage","trait2","bfdr_estimate",0.05,7.61755909461925e-08
20260840,28,500,15,3000,3000,3000,3000,"fast",0.01,"","separate_mirage","trait2","bfdr_power",0.05,0.1
20260840,28,500,15,3000,3000,3000,3000,"fast",0.01,"","separate_mirage","trait2","bfdr_discoveries",0.05,1
20260840,28,500,15,3000,3000,3000,3000,"fast",0.01,"","separate_mirage","trait2","bfdr_observed_fdp",0.1,0
20260840,28,500,15,3000,3000,3000,3000,"fast",0.01,"","separate_mirage","trait2","bfdr_estimate",0.1,7.61755909461925e-08
20260840,28,500,15,3000,3000,3000,3000,"fast",0.01,"","separate_mirage","trait2","bfdr_power",0.1,0.1
20260840,28,500,15,3000,3000,3000,3000,"fast",0.01,"","separate_mirage","trait2","bfdr_discoveries",0.1,1
20260840,28,500,15,3000,3000,3000,3000,"fast",0.01,"","separate_mirage","trait2","bfdr_observed_fdp",0.2,0.5
20260840,28,500,15,3000,3000,3000,3000,"fast",0.01,"","separate_mirage","trait2","bfdr_estimate",0.2,0.160527096587328
20260840,28,500,15,3000,3000,3000,3000,"fast",0.01,"","separate_mirage","trait2","bfdr_power",0.2,0.1
20260840,28,500,15,3000,3000,3000,3000,"fast",0.01,"","separate_mirage","trait2","bfdr_discoveries",0.2,2
20260840,28,500,15,3000,3000,3000,3000,"fast",0.01,"","separate_mirage","pleiotropy","bfdr_observed_fdp",0.01,0
20260840,28,500,15,3000,3000,3000,3000,"fast",0.01,"","separate_mirage","pleiotropy","bfdr_estimate",0.01,0
20260840,28,500,15,3000,3000,3000,3000,"fast",0.01,"","separate_mirage","pleiotropy","bfdr_power",0.01,0
20260840,28,500,15,3000,3000,3000,3000,"fast",0.01,"","separate_mirage","pleiotropy","bfdr_discoveries",0.01,0
20260840,28,500,15,3000,3000,3000,3000,"fast",0.01,"","separate_mirage","pleiotropy","bfdr_observed_fdp",0.05,0
20260840,28,500,15,3000,3000,3000,3000,"fast",0.01,"","separate_mirage","pleiotropy","bfdr_estimate",0.05,0
20260840,28,500,15,3000,3000,3000,3000,"fast",0.01,"","separate_mirage","pleiotropy","bfdr_power",0.05,0
20260840,28,500,15,3000,3000,3000,3000,"fast",0.01,"","separate_mirage","pleiotropy","bfdr_discoveries",0.05,0
20260840,28,500,15,3000,3000,3000,3000,"fast",0.01,"","separate_mirage","pleiotropy","bfdr_observed_fdp",0.1,0
20260840,28,500,15,3000,3000,3000,3000,"fast",0.01,"","separate_mirage","pleiotropy","bfdr_estimate",0.1,0
20260840,28,500,15,3000,3000,3000,3000,"fast",0.01,"","separate_mirage","pleiotropy","bfdr_power",0.1,0
20260840,28,500,15,3000,3000,3000,3000,"fast",0.01,"","separate_mirage","pleiotropy","bfdr_discoveries",0.1,0
20260840,28,500,15,3000,3000,3000,3000,"fast",0.01,"","separate_mirage","pleiotropy","bfdr_observed_fdp",0.2,0
20260840,28,500,15,3000,3000,3000,3000,"fast",0.01,"","separate_mirage","pleiotropy","bfdr_estimate",0.2,0
20260840,28,500,15,3000,3000,3000,3000,"fast",0.01,"","separate_mirage","pleiotropy","bfdr_power",0.2,0
20260840,28,500,15,3000,3000,3000,3000,"fast",0.01,"","separate_mirage","pleiotropy","bfdr_discoveries",0.2,0
20260840,28,500,15,3000,3000,3000,3000,"fast",0.01,"","separate_mirage","global","runtime_seconds",NA,18.139
20260840,28,500,15,3000,3000,3000,3000,"fast",0.01,"","separate_mirage","pleiotropy","pi11_estimate",NA,0.001
20260840,28,500,15,3000,3000,3000,3000,"fast",0.01,"","mtada_aggregated","trait1","auc",NA,0.696421052631579
20260840,28,500,15,3000,3000,3000,3000,"fast",0.01,"","mtada_aggregated","trait2","auc",NA,0.770408163265306
20260840,28,500,15,3000,3000,3000,3000,"fast",0.01,"","mtada_aggregated","pleiotropy","auc",NA,0.785050505050505
20260840,28,500,15,3000,3000,3000,3000,"fast",0.01,"","mtada_aggregated","trait1","pp08_power",0.8,0.24
20260840,28,500,15,3000,3000,3000,3000,"fast",0.01,"","mtada_aggregated","trait1","pp08_fdp",0.8,0.142857142857143
20260840,28,500,15,3000,3000,3000,3000,"fast",0.01,"","mtada_aggregated","trait1","pp08_discoveries",0.8,7
20260840,28,500,15,3000,3000,3000,3000,"fast",0.01,"","mtada_aggregated","trait2","pp08_power",0.8,0.1
20260840,28,500,15,3000,3000,3000,3000,"fast",0.01,"","mtada_aggregated","trait2","pp08_fdp",0.8,0
20260840,28,500,15,3000,3000,3000,3000,"fast",0.01,"","mtada_aggregated","trait2","pp08_discoveries",0.8,1
20260840,28,500,15,3000,3000,3000,3000,"fast",0.01,"","mtada_aggregated","pleiotropy","pp08_power",0.8,0.2
20260840,28,500,15,3000,3000,3000,3000,"fast",0.01,"","mtada_aggregated","pleiotropy","pp08_fdp",0.8,0
20260840,28,500,15,3000,3000,3000,3000,"fast",0.01,"","mtada_aggregated","pleiotropy","pp08_discoveries",0.8,1
20260840,28,500,15,3000,3000,3000,3000,"fast",0.01,"","mtada_aggregated","trait1","bfdr_observed_fdp",0.01,0.166666666666667
20260840,28,500,15,3000,3000,3000,3000,"fast",0.01,"","mtada_aggregated","trait1","bfdr_estimate",0.01,0.00747520544966203
20260840,28,500,15,3000,3000,3000,3000,"fast",0.01,"","mtada_aggregated","trait1","bfdr_power",0.01,0.2
20260840,28,500,15,3000,3000,3000,3000,"fast",0.01,"","mtada_aggregated","trait1","bfdr_discoveries",0.01,6
20260840,28,500,15,3000,3000,3000,3000,"fast",0.01,"","mtada_aggregated","trait1","bfdr_observed_fdp",0.05,0.142857142857143
20260840,28,500,15,3000,3000,3000,3000,"fast",0.01,"","mtada_aggregated","trait1","bfdr_estimate",0.05,0.0181048826333461
20260840,28,500,15,3000,3000,3000,3000,"fast",0.01,"","mtada_aggregated","trait1","bfdr_power",0.05,0.24
20260840,28,500,15,3000,3000,3000,3000,"fast",0.01,"","mtada_aggregated","trait1","bfdr_discoveries",0.05,7
20260840,28,500,15,3000,3000,3000,3000,"fast",0.01,"","mtada_aggregated","trait1","bfdr_observed_fdp",0.1,0.142857142857143
20260840,28,500,15,3000,3000,3000,3000,"fast",0.01,"","mtada_aggregated","trait1","bfdr_estimate",0.1,0.0181048826333461
20260840,28,500,15,3000,3000,3000,3000,"fast",0.01,"","mtada_aggregated","trait1","bfdr_power",0.1,0.24
20260840,28,500,15,3000,3000,3000,3000,"fast",0.01,"","mtada_aggregated","trait1","bfdr_discoveries",0.1,7
20260840,28,500,15,3000,3000,3000,3000,"fast",0.01,"","mtada_aggregated","trait1","bfdr_observed_fdp",0.2,0.222222222222222
20260840,28,500,15,3000,3000,3000,3000,"fast",0.01,"","mtada_aggregated","trait1","bfdr_estimate",0.2,0.177640608024741
20260840,28,500,15,3000,3000,3000,3000,"fast",0.01,"","mtada_aggregated","trait1","bfdr_power",0.2,0.28
20260840,28,500,15,3000,3000,3000,3000,"fast",0.01,"","mtada_aggregated","trait1","bfdr_discoveries",0.2,9
20260840,28,500,15,3000,3000,3000,3000,"fast",0.01,"","mtada_aggregated","trait2","bfdr_observed_fdp",0.01,0
20260840,28,500,15,3000,3000,3000,3000,"fast",0.01,"","mtada_aggregated","trait2","bfdr_estimate",0.01,1.11022302462516e-16
20260840,28,500,15,3000,3000,3000,3000,"fast",0.01,"","mtada_aggregated","trait2","bfdr_power",0.01,0.1
20260840,28,500,15,3000,3000,3000,3000,"fast",0.01,"","mtada_aggregated","trait2","bfdr_discoveries",0.01,1
20260840,28,500,15,3000,3000,3000,3000,"fast",0.01,"","mtada_aggregated","trait2","bfdr_observed_fdp",0.05,0
20260840,28,500,15,3000,3000,3000,3000,"fast",0.01,"","mtada_aggregated","trait2","bfdr_estimate",0.05,1.11022302462516e-16
20260840,28,500,15,3000,3000,3000,3000,"fast",0.01,"","mtada_aggregated","trait2","bfdr_power",0.05,0.1
20260840,28,500,15,3000,3000,3000,3000,"fast",0.01,"","mtada_aggregated","trait2","bfdr_discoveries",0.05,1
20260840,28,500,15,3000,3000,3000,3000,"fast",0.01,"","mtada_aggregated","trait2","bfdr_observed_fdp",0.1,0
20260840,28,500,15,3000,3000,3000,3000,"fast",0.01,"","mtada_aggregated","trait2","bfdr_estimate",0.1,1.11022302462516e-16
20260840,28,500,15,3000,3000,3000,3000,"fast",0.01,"","mtada_aggregated","trait2","bfdr_power",0.1,0.1
20260840,28,500,15,3000,3000,3000,3000,"fast",0.01,"","mtada_aggregated","trait2","bfdr_discoveries",0.1,1
20260840,28,500,15,3000,3000,3000,3000,"fast",0.01,"","mtada_aggregated","trait2","bfdr_observed_fdp",0.2,0
20260840,28,500,15,3000,3000,3000,3000,"fast",0.01,"","mtada_aggregated","trait2","bfdr_estimate",0.2,1.11022302462516e-16
20260840,28,500,15,3000,3000,3000,3000,"fast",0.01,"","mtada_aggregated","trait2","bfdr_power",0.2,0.1
20260840,28,500,15,3000,3000,3000,3000,"fast",0.01,"","mtada_aggregated","trait2","bfdr_discoveries",0.2,1
20260840,28,500,15,3000,3000,3000,3000,"fast",0.01,"","mtada_aggregated","pleiotropy","bfdr_observed_fdp",0.01,0
20260840,28,500,15,3000,3000,3000,3000,"fast",0.01,"","mtada_aggregated","pleiotropy","bfdr_estimate",0.01,0
20260840,28,500,15,3000,3000,3000,3000,"fast",0.01,"","mtada_aggregated","pleiotropy","bfdr_power",0.01,0
20260840,28,500,15,3000,3000,3000,3000,"fast",0.01,"","mtada_aggregated","pleiotropy","bfdr_discoveries",0.01,0
20260840,28,500,15,3000,3000,3000,3000,"fast",0.01,"","mtada_aggregated","pleiotropy","bfdr_observed_fdp",0.05,0
20260840,28,500,15,3000,3000,3000,3000,"fast",0.01,"","mtada_aggregated","pleiotropy","bfdr_estimate",0.05,0.0168264725703023
20260840,28,500,15,3000,3000,3000,3000,"fast",0.01,"","mtada_aggregated","pleiotropy","bfdr_power",0.05,0.2
20260840,28,500,15,3000,3000,3000,3000,"fast",0.01,"","mtada_aggregated","pleiotropy","bfdr_discoveries",0.05,1
20260840,28,500,15,3000,3000,3000,3000,"fast",0.01,"","mtada_aggregated","pleiotropy","bfdr_observed_fdp",0.1,0
20260840,28,500,15,3000,3000,3000,3000,"fast",0.01,"","mtada_aggregated","pleiotropy","bfdr_estimate",0.1,0.0168264725703023
20260840,28,500,15,3000,3000,3000,3000,"fast",0.01,"","mtada_aggregated","pleiotropy","bfdr_power",0.1,0.2
20260840,28,500,15,3000,3000,3000,3000,"fast",0.01,"","mtada_aggregated","pleiotropy","bfdr_discoveries",0.1,1
20260840,28,500,15,3000,3000,3000,3000,"fast",0.01,"","mtada_aggregated","pleiotropy","bfdr_observed_fdp",0.2,0
20260840,28,500,15,3000,3000,3000,3000,"fast",0.01,"","mtada_aggregated","pleiotropy","bfdr_estimate",0.2,0.0168264725703023
20260840,28,500,15,3000,3000,3000,3000,"fast",0.01,"","mtada_aggregated","pleiotropy","bfdr_power",0.2,0.2
20260840,28,500,15,3000,3000,3000,3000,"fast",0.01,"","mtada_aggregated","pleiotropy","bfdr_discoveries",0.2,1
20260840,28,500,15,3000,3000,3000,3000,"fast",0.01,"","mtada_aggregated","global","runtime_seconds",NA,1.03399999999999
20260840,28,500,15,3000,3000,3000,3000,"fast",0.01,"","mtada_aggregated","pleiotropy","pi11_estimate",NA,0.0189041095890411
20260841,29,500,15,3000,3000,3000,3000,"fast",0.01,"","mirage_joint","trait1","auc",NA,0.761347368421053
20260841,29,500,15,3000,3000,3000,3000,"fast",0.01,"","mirage_joint","trait2","auc",NA,0.620204081632653
20260841,29,500,15,3000,3000,3000,3000,"fast",0.01,"","mirage_joint","pleiotropy","auc",NA,0.792323232323232
20260841,29,500,15,3000,3000,3000,3000,"fast",0.01,"","mirage_joint","trait1","pp08_power",0.8,0.12
20260841,29,500,15,3000,3000,3000,3000,"fast",0.01,"","mirage_joint","trait1","pp08_fdp",0.8,0.25
20260841,29,500,15,3000,3000,3000,3000,"fast",0.01,"","mirage_joint","trait1","pp08_discoveries",0.8,4
20260841,29,500,15,3000,3000,3000,3000,"fast",0.01,"","mirage_joint","trait2","pp08_power",0.8,0.2
20260841,29,500,15,3000,3000,3000,3000,"fast",0.01,"","mirage_joint","trait2","pp08_fdp",0.8,0
20260841,29,500,15,3000,3000,3000,3000,"fast",0.01,"","mirage_joint","trait2","pp08_discoveries",0.8,2
20260841,29,500,15,3000,3000,3000,3000,"fast",0.01,"","mirage_joint","pleiotropy","pp08_power",0.8,0.2
20260841,29,500,15,3000,3000,3000,3000,"fast",0.01,"","mirage_joint","pleiotropy","pp08_fdp",0.8,0.5
20260841,29,500,15,3000,3000,3000,3000,"fast",0.01,"","mirage_joint","pleiotropy","pp08_discoveries",0.8,2
20260841,29,500,15,3000,3000,3000,3000,"fast",0.01,"","mirage_joint","trait1","bfdr_observed_fdp",0.01,0
20260841,29,500,15,3000,3000,3000,3000,"fast",0.01,"","mirage_joint","trait1","bfdr_estimate",0.01,0.0038256115092777
20260841,29,500,15,3000,3000,3000,3000,"fast",0.01,"","mirage_joint","trait1","bfdr_power",0.01,0.12
20260841,29,500,15,3000,3000,3000,3000,"fast",0.01,"","mirage_joint","trait1","bfdr_discoveries",0.01,3
20260841,29,500,15,3000,3000,3000,3000,"fast",0.01,"","mirage_joint","trait1","bfdr_observed_fdp",0.05,0.25
20260841,29,500,15,3000,3000,3000,3000,"fast",0.01,"","mirage_joint","trait1","bfdr_estimate",0.05,0.0115935488771985
20260841,29,500,15,3000,3000,3000,3000,"fast",0.01,"","mirage_joint","trait1","bfdr_power",0.05,0.12
20260841,29,500,15,3000,3000,3000,3000,"fast",0.01,"","mirage_joint","trait1","bfdr_discoveries",0.05,4
20260841,29,500,15,3000,3000,3000,3000,"fast",0.01,"","mirage_joint","trait1","bfdr_observed_fdp",0.1,0.4
20260841,29,500,15,3000,3000,3000,3000,"fast",0.01,"","mirage_joint","trait1","bfdr_estimate",0.1,0.0693046195762962
20260841,29,500,15,3000,3000,3000,3000,"fast",0.01,"","mirage_joint","trait1","bfdr_power",0.1,0.12
20260841,29,500,15,3000,3000,3000,3000,"fast",0.01,"","mirage_joint","trait1","bfdr_discoveries",0.1,5
20260841,29,500,15,3000,3000,3000,3000,"fast",0.01,"","mirage_joint","trait1","bfdr_observed_fdp",0.2,0.375
20260841,29,500,15,3000,3000,3000,3000,"fast",0.01,"","mirage_joint","trait1","bfdr_estimate",0.2,0.173826959027011
20260841,29,500,15,3000,3000,3000,3000,"fast",0.01,"","mirage_joint","trait1","bfdr_power",0.2,0.2
20260841,29,500,15,3000,3000,3000,3000,"fast",0.01,"","mirage_joint","trait1","bfdr_discoveries",0.2,8
20260841,29,500,15,3000,3000,3000,3000,"fast",0.01,"","mirage_joint","trait2","bfdr_observed_fdp",0.01,0
20260841,29,500,15,3000,3000,3000,3000,"fast",0.01,"","mirage_joint","trait2","bfdr_estimate",0.01,5.00343332321407e-08
20260841,29,500,15,3000,3000,3000,3000,"fast",0.01,"","mirage_joint","trait2","bfdr_power",0.01,0.1
20260841,29,500,15,3000,3000,3000,3000,"fast",0.01,"","mirage_joint","trait2","bfdr_discoveries",0.01,1
20260841,29,500,15,3000,3000,3000,3000,"fast",0.01,"","mirage_joint","trait2","bfdr_observed_fdp",0.05,0
20260841,29,500,15,3000,3000,3000,3000,"fast",0.01,"","mirage_joint","trait2","bfdr_estimate",0.05,0.0142570024691307
20260841,29,500,15,3000,3000,3000,3000,"fast",0.01,"","mirage_joint","trait2","bfdr_power",0.05,0.2
20260841,29,500,15,3000,3000,3000,3000,"fast",0.01,"","mirage_joint","trait2","bfdr_discoveries",0.05,2
20260841,29,500,15,3000,3000,3000,3000,"fast",0.01,"","mirage_joint","trait2","bfdr_observed_fdp",0.1,0
20260841,29,500,15,3000,3000,3000,3000,"fast",0.01,"","mirage_joint","trait2","bfdr_estimate",0.1,0.0142570024691307
20260841,29,500,15,3000,3000,3000,3000,"fast",0.01,"","mirage_joint","trait2","bfdr_power",0.1,0.2
20260841,29,500,15,3000,3000,3000,3000,"fast",0.01,"","mirage_joint","trait2","bfdr_discoveries",0.1,2
20260841,29,500,15,3000,3000,3000,3000,"fast",0.01,"","mirage_joint","trait2","bfdr_observed_fdp",0.2,0.5
20260841,29,500,15,3000,3000,3000,3000,"fast",0.01,"","mirage_joint","trait2","bfdr_estimate",0.2,0.169573810268564
20260841,29,500,15,3000,3000,3000,3000,"fast",0.01,"","mirage_joint","trait2","bfdr_power",0.2,0.2
20260841,29,500,15,3000,3000,3000,3000,"fast",0.01,"","mirage_joint","trait2","bfdr_discoveries",0.2,4
20260841,29,500,15,3000,3000,3000,3000,"fast",0.01,"","mirage_joint","pleiotropy","bfdr_observed_fdp",0.01,0
20260841,29,500,15,3000,3000,3000,3000,"fast",0.01,"","mirage_joint","pleiotropy","bfdr_estimate",0.01,0
20260841,29,500,15,3000,3000,3000,3000,"fast",0.01,"","mirage_joint","pleiotropy","bfdr_power",0.01,0
20260841,29,500,15,3000,3000,3000,3000,"fast",0.01,"","mirage_joint","pleiotropy","bfdr_discoveries",0.01,0
20260841,29,500,15,3000,3000,3000,3000,"fast",0.01,"","mirage_joint","pleiotropy","bfdr_observed_fdp",0.05,0.5
20260841,29,500,15,3000,3000,3000,3000,"fast",0.01,"","mirage_joint","pleiotropy","bfdr_estimate",0.05,0.0317099895945345
20260841,29,500,15,3000,3000,3000,3000,"fast",0.01,"","mirage_joint","pleiotropy","bfdr_power",0.05,0.2
20260841,29,500,15,3000,3000,3000,3000,"fast",0.01,"","mirage_joint","pleiotropy","bfdr_discoveries",0.05,2
20260841,29,500,15,3000,3000,3000,3000,"fast",0.01,"","mirage_joint","pleiotropy","bfdr_observed_fdp",0.1,0.5
20260841,29,500,15,3000,3000,3000,3000,"fast",0.01,"","mirage_joint","pleiotropy","bfdr_estimate",0.1,0.0317099895945345
20260841,29,500,15,3000,3000,3000,3000,"fast",0.01,"","mirage_joint","pleiotropy","bfdr_power",0.1,0.2
20260841,29,500,15,3000,3000,3000,3000,"fast",0.01,"","mirage_joint","pleiotropy","bfdr_discoveries",0.1,2
20260841,29,500,15,3000,3000,3000,3000,"fast",0.01,"","mirage_joint","pleiotropy","bfdr_observed_fdp",0.2,0.75
20260841,29,500,15,3000,3000,3000,3000,"fast",0.01,"","mirage_joint","pleiotropy","bfdr_estimate",0.2,0.180987095061178
20260841,29,500,15,3000,3000,3000,3000,"fast",0.01,"","mirage_joint","pleiotropy","bfdr_power",0.2,0.2
20260841,29,500,15,3000,3000,3000,3000,"fast",0.01,"","mirage_joint","pleiotropy","bfdr_discoveries",0.2,4
20260841,29,500,15,3000,3000,3000,3000,"fast",0.01,"","mirage_joint","global","runtime_seconds",NA,18.1650000000001
20260841,29,500,15,3000,3000,3000,3000,"fast",0.01,"","mirage_joint","pleiotropy","pi11_estimate",NA,0.0963324744822265
20260841,29,500,15,3000,3000,3000,3000,"fast",0.01,"","separate_mirage","trait1","auc",NA,0.744926315789474
20260841,29,500,15,3000,3000,3000,3000,"fast",0.01,"","separate_mirage","trait2","auc",NA,0.693673469387755
20260841,29,500,15,3000,3000,3000,3000,"fast",0.01,"","separate_mirage","pleiotropy","auc",NA,0.770909090909091
20260841,29,500,15,3000,3000,3000,3000,"fast",0.01,"","separate_mirage","trait1","pp08_power",0.8,0.12
20260841,29,500,15,3000,3000,3000,3000,"fast",0.01,"","separate_mirage","trait1","pp08_fdp",0.8,0
20260841,29,500,15,3000,3000,3000,3000,"fast",0.01,"","separate_mirage","trait1","pp08_discoveries",0.8,3
20260841,29,500,15,3000,3000,3000,3000,"fast",0.01,"","separate_mirage","trait2","pp08_power",0.8,0.1
20260841,29,500,15,3000,3000,3000,3000,"fast",0.01,"","separate_mirage","trait2","pp08_fdp",0.8,0
20260841,29,500,15,3000,3000,3000,3000,"fast",0.01,"","separate_mirage","trait2","pp08_discoveries",0.8,1
20260841,29,500,15,3000,3000,3000,3000,"fast",0.01,"","separate_mirage","pleiotropy","pp08_power",0.8,0
20260841,29,500,15,3000,3000,3000,3000,"fast",0.01,"","separate_mirage","pleiotropy","pp08_fdp",0.8,0
20260841,29,500,15,3000,3000,3000,3000,"fast",0.01,"","separate_mirage","pleiotropy","pp08_discoveries",0.8,0
20260841,29,500,15,3000,3000,3000,3000,"fast",0.01,"","separate_mirage","trait1","bfdr_observed_fdp",0.01,0
20260841,29,500,15,3000,3000,3000,3000,"fast",0.01,"","separate_mirage","trait1","bfdr_estimate",0.01,0.00485357937668257
20260841,29,500,15,3000,3000,3000,3000,"fast",0.01,"","separate_mirage","trait1","bfdr_power",0.01,0.08
20260841,29,500,15,3000,3000,3000,3000,"fast",0.01,"","separate_mirage","trait1","bfdr_discoveries",0.01,2
20260841,29,500,15,3000,3000,3000,3000,"fast",0.01,"","separate_mirage","trait1","bfdr_observed_fdp",0.05,0
20260841,29,500,15,3000,3000,3000,3000,"fast",0.01,"","separate_mirage","trait1","bfdr_estimate",0.05,0.0130090614388363
20260841,29,500,15,3000,3000,3000,3000,"fast",0.01,"","separate_mirage","trait1","bfdr_power",0.05,0.12
20260841,29,500,15,3000,3000,3000,3000,"fast",0.01,"","separate_mirage","trait1","bfdr_discoveries",0.05,3
20260841,29,500,15,3000,3000,3000,3000,"fast",0.01,"","separate_mirage","trait1","bfdr_observed_fdp",0.1,0
20260841,29,500,15,3000,3000,3000,3000,"fast",0.01,"","separate_mirage","trait1","bfdr_estimate",0.1,0.0130090614388363
20260841,29,500,15,3000,3000,3000,3000,"fast",0.01,"","separate_mirage","trait1","bfdr_power",0.1,0.12
20260841,29,500,15,3000,3000,3000,3000,"fast",0.01,"","separate_mirage","trait1","bfdr_discoveries",0.1,3
20260841,29,500,15,3000,3000,3000,3000,"fast",0.01,"","separate_mirage","trait1","bfdr_observed_fdp",0.2,0
20260841,29,500,15,3000,3000,3000,3000,"fast",0.01,"","separate_mirage","trait1","bfdr_estimate",0.2,0.124441665112735
20260841,29,500,15,3000,3000,3000,3000,"fast",0.01,"","separate_mirage","trait1","bfdr_power",0.2,0.16
20260841,29,500,15,3000,3000,3000,3000,"fast",0.01,"","separate_mirage","trait1","bfdr_discoveries",0.2,4
20260841,29,500,15,3000,3000,3000,3000,"fast",0.01,"","separate_mirage","trait2","bfdr_observed_fdp",0.01,0
20260841,29,500,15,3000,3000,3000,3000,"fast",0.01,"","separate_mirage","trait2","bfdr_estimate",0.01,1.06127042820425e-07
20260841,29,500,15,3000,3000,3000,3000,"fast",0.01,"","separate_mirage","trait2","bfdr_power",0.01,0.1
20260841,29,500,15,3000,3000,3000,3000,"fast",0.01,"","separate_mirage","trait2","bfdr_discoveries",0.01,1
20260841,29,500,15,3000,3000,3000,3000,"fast",0.01,"","separate_mirage","trait2","bfdr_observed_fdp",0.05,0
20260841,29,500,15,3000,3000,3000,3000,"fast",0.01,"","separate_mirage","trait2","bfdr_estimate",0.05,1.06127042820425e-07
20260841,29,500,15,3000,3000,3000,3000,"fast",0.01,"","separate_mirage","trait2","bfdr_power",0.05,0.1
20260841,29,500,15,3000,3000,3000,3000,"fast",0.01,"","separate_mirage","trait2","bfdr_discoveries",0.05,1
20260841,29,500,15,3000,3000,3000,3000,"fast",0.01,"","separate_mirage","trait2","bfdr_observed_fdp",0.1,0
20260841,29,500,15,3000,3000,3000,3000,"fast",0.01,"","separate_mirage","trait2","bfdr_estimate",0.1,1.06127042820425e-07
20260841,29,500,15,3000,3000,3000,3000,"fast",0.01,"","separate_mirage","trait2","bfdr_power",0.1,0.1
20260841,29,500,15,3000,3000,3000,3000,"fast",0.01,"","separate_mirage","trait2","bfdr_discoveries",0.1,1
20260841,29,500,15,3000,3000,3000,3000,"fast",0.01,"","separate_mirage","trait2","bfdr_observed_fdp",0.2,0
20260841,29,500,15,3000,3000,3000,3000,"fast",0.01,"","separate_mirage","trait2","bfdr_estimate",0.2,1.06127042820425e-07
20260841,29,500,15,3000,3000,3000,3000,"fast",0.01,"","separate_mirage","trait2","bfdr_power",0.2,0.1
20260841,29,500,15,3000,3000,3000,3000,"fast",0.01,"","separate_mirage","trait2","bfdr_discoveries",0.2,1
20260841,29,500,15,3000,3000,3000,3000,"fast",0.01,"","separate_mirage","pleiotropy","bfdr_observed_fdp",0.01,0
20260841,29,500,15,3000,3000,3000,3000,"fast",0.01,"","separate_mirage","pleiotropy","bfdr_estimate",0.01,0
20260841,29,500,15,3000,3000,3000,3000,"fast",0.01,"","separate_mirage","pleiotropy","bfdr_power",0.01,0
20260841,29,500,15,3000,3000,3000,3000,"fast",0.01,"","separate_mirage","pleiotropy","bfdr_discoveries",0.01,0
20260841,29,500,15,3000,3000,3000,3000,"fast",0.01,"","separate_mirage","pleiotropy","bfdr_observed_fdp",0.05,0
20260841,29,500,15,3000,3000,3000,3000,"fast",0.01,"","separate_mirage","pleiotropy","bfdr_estimate",0.05,0
20260841,29,500,15,3000,3000,3000,3000,"fast",0.01,"","separate_mirage","pleiotropy","bfdr_power",0.05,0
20260841,29,500,15,3000,3000,3000,3000,"fast",0.01,"","separate_mirage","pleiotropy","bfdr_discoveries",0.05,0
20260841,29,500,15,3000,3000,3000,3000,"fast",0.01,"","separate_mirage","pleiotropy","bfdr_observed_fdp",0.1,0
20260841,29,500,15,3000,3000,3000,3000,"fast",0.01,"","separate_mirage","pleiotropy","bfdr_estimate",0.1,0
20260841,29,500,15,3000,3000,3000,3000,"fast",0.01,"","separate_mirage","pleiotropy","bfdr_power",0.1,0
20260841,29,500,15,3000,3000,3000,3000,"fast",0.01,"","separate_mirage","pleiotropy","bfdr_discoveries",0.1,0
20260841,29,500,15,3000,3000,3000,3000,"fast",0.01,"","separate_mirage","pleiotropy","bfdr_observed_fdp",0.2,0
20260841,29,500,15,3000,3000,3000,3000,"fast",0.01,"","separate_mirage","pleiotropy","bfdr_estimate",0.2,0
20260841,29,500,15,3000,3000,3000,3000,"fast",0.01,"","separate_mirage","pleiotropy","bfdr_power",0.2,0
20260841,29,500,15,3000,3000,3000,3000,"fast",0.01,"","separate_mirage","pleiotropy","bfdr_discoveries",0.2,0
20260841,29,500,15,3000,3000,3000,3000,"fast",0.01,"","separate_mirage","global","runtime_seconds",NA,17.9880000000001
20260841,29,500,15,3000,3000,3000,3000,"fast",0.01,"","separate_mirage","pleiotropy","pi11_estimate",NA,0.001
20260841,29,500,15,3000,3000,3000,3000,"fast",0.01,"","mtada_aggregated","trait1","auc",NA,0.749894736842105
20260841,29,500,15,3000,3000,3000,3000,"fast",0.01,"","mtada_aggregated","trait2","auc",NA,0.800204081632653
20260841,29,500,15,3000,3000,3000,3000,"fast",0.01,"","mtada_aggregated","pleiotropy","auc",NA,0.848484848484849
20260841,29,500,15,3000,3000,3000,3000,"fast",0.01,"","mtada_aggregated","trait1","pp08_power",0.8,0.16
20260841,29,500,15,3000,3000,3000,3000,"fast",0.01,"","mtada_aggregated","trait1","pp08_fdp",0.8,0
20260841,29,500,15,3000,3000,3000,3000,"fast",0.01,"","mtada_aggregated","trait1","pp08_discoveries",0.8,4
20260841,29,500,15,3000,3000,3000,3000,"fast",0.01,"","mtada_aggregated","trait2","pp08_power",0.8,0.2
20260841,29,500,15,3000,3000,3000,3000,"fast",0.01,"","mtada_aggregated","trait2","pp08_fdp",0.8,0
20260841,29,500,15,3000,3000,3000,3000,"fast",0.01,"","mtada_aggregated","trait2","pp08_discoveries",0.8,2
20260841,29,500,15,3000,3000,3000,3000,"fast",0.01,"","mtada_aggregated","pleiotropy","pp08_power",0.8,0.2
20260841,29,500,15,3000,3000,3000,3000,"fast",0.01,"","mtada_aggregated","pleiotropy","pp08_fdp",0.8,0
20260841,29,500,15,3000,3000,3000,3000,"fast",0.01,"","mtada_aggregated","pleiotropy","pp08_discoveries",0.8,1
20260841,29,500,15,3000,3000,3000,3000,"fast",0.01,"","mtada_aggregated","trait1","bfdr_observed_fdp",0.01,0
20260841,29,500,15,3000,3000,3000,3000,"fast",0.01,"","mtada_aggregated","trait1","bfdr_estimate",0.01,0.00326960127164344
20260841,29,500,15,3000,3000,3000,3000,"fast",0.01,"","mtada_aggregated","trait1","bfdr_power",0.01,0.16
20260841,29,500,15,3000,3000,3000,3000,"fast",0.01,"","mtada_aggregated","trait1","bfdr_discoveries",0.01,4
20260841,29,500,15,3000,3000,3000,3000,"fast",0.01,"","mtada_aggregated","trait1","bfdr_observed_fdp",0.05,0
20260841,29,500,15,3000,3000,3000,3000,"fast",0.01,"","mtada_aggregated","trait1","bfdr_estimate",0.05,0.00326960127164344
20260841,29,500,15,3000,3000,3000,3000,"fast",0.01,"","mtada_aggregated","trait1","bfdr_power",0.05,0.16
20260841,29,500,15,3000,3000,3000,3000,"fast",0.01,"","mtada_aggregated","trait1","bfdr_discoveries",0.05,4
20260841,29,500,15,3000,3000,3000,3000,"fast",0.01,"","mtada_aggregated","trait1","bfdr_observed_fdp",0.1,0.2
20260841,29,500,15,3000,3000,3000,3000,"fast",0.01,"","mtada_aggregated","trait1","bfdr_estimate",0.1,0.0884912866779402
20260841,29,500,15,3000,3000,3000,3000,"fast",0.01,"","mtada_aggregated","trait1","bfdr_power",0.1,0.16
20260841,29,500,15,3000,3000,3000,3000,"fast",0.01,"","mtada_aggregated","trait1","bfdr_discoveries",0.1,5
20260841,29,500,15,3000,3000,3000,3000,"fast",0.01,"","mtada_aggregated","trait1","bfdr_observed_fdp",0.2,0.166666666666667
20260841,29,500,15,3000,3000,3000,3000,"fast",0.01,"","mtada_aggregated","trait1","bfdr_estimate",0.2,0.163803062146126
20260841,29,500,15,3000,3000,3000,3000,"fast",0.01,"","mtada_aggregated","trait1","bfdr_power",0.2,0.2
20260841,29,500,15,3000,3000,3000,3000,"fast",0.01,"","mtada_aggregated","trait1","bfdr_discoveries",0.2,6
20260841,29,500,15,3000,3000,3000,3000,"fast",0.01,"","mtada_aggregated","trait2","bfdr_observed_fdp",0.01,0
20260841,29,500,15,3000,3000,3000,3000,"fast",0.01,"","mtada_aggregated","trait2","bfdr_estimate",0.01,0.000242522749065777
20260841,29,500,15,3000,3000,3000,3000,"fast",0.01,"","mtada_aggregated","trait2","bfdr_power",0.01,0.2
20260841,29,500,15,3000,3000,3000,3000,"fast",0.01,"","mtada_aggregated","trait2","bfdr_discoveries",0.01,2
20260841,29,500,15,3000,3000,3000,3000,"fast",0.01,"","mtada_aggregated","trait2","bfdr_observed_fdp",0.05,0
20260841,29,500,15,3000,3000,3000,3000,"fast",0.01,"","mtada_aggregated","trait2","bfdr_estimate",0.05,0.000242522749065777
20260841,29,500,15,3000,3000,3000,3000,"fast",0.01,"","mtada_aggregated","trait2","bfdr_power",0.05,0.2
20260841,29,500,15,3000,3000,3000,3000,"fast",0.01,"","mtada_aggregated","trait2","bfdr_discoveries",0.05,2
20260841,29,500,15,3000,3000,3000,3000,"fast",0.01,"","mtada_aggregated","trait2","bfdr_observed_fdp",0.1,0
20260841,29,500,15,3000,3000,3000,3000,"fast",0.01,"","mtada_aggregated","trait2","bfdr_estimate",0.1,0.000242522749065777
20260841,29,500,15,3000,3000,3000,3000,"fast",0.01,"","mtada_aggregated","trait2","bfdr_power",0.1,0.2
20260841,29,500,15,3000,3000,3000,3000,"fast",0.01,"","mtada_aggregated","trait2","bfdr_discoveries",0.1,2
20260841,29,500,15,3000,3000,3000,3000,"fast",0.01,"","mtada_aggregated","trait2","bfdr_observed_fdp",0.2,0
20260841,29,500,15,3000,3000,3000,3000,"fast",0.01,"","mtada_aggregated","trait2","bfdr_estimate",0.2,0.000242522749065777
20260841,29,500,15,3000,3000,3000,3000,"fast",0.01,"","mtada_aggregated","trait2","bfdr_power",0.2,0.2
20260841,29,500,15,3000,3000,3000,3000,"fast",0.01,"","mtada_aggregated","trait2","bfdr_discoveries",0.2,2
20260841,29,500,15,3000,3000,3000,3000,"fast",0.01,"","mtada_aggregated","pleiotropy","bfdr_observed_fdp",0.01,0
20260841,29,500,15,3000,3000,3000,3000,"fast",0.01,"","mtada_aggregated","pleiotropy","bfdr_estimate",0.01,0.000485045998583122
20260841,29,500,15,3000,3000,3000,3000,"fast",0.01,"","mtada_aggregated","pleiotropy","bfdr_power",0.01,0.2
20260841,29,500,15,3000,3000,3000,3000,"fast",0.01,"","mtada_aggregated","pleiotropy","bfdr_discoveries",0.01,1
20260841,29,500,15,3000,3000,3000,3000,"fast",0.01,"","mtada_aggregated","pleiotropy","bfdr_observed_fdp",0.05,0
20260841,29,500,15,3000,3000,3000,3000,"fast",0.01,"","mtada_aggregated","pleiotropy","bfdr_estimate",0.05,0.000485045998583122
20260841,29,500,15,3000,3000,3000,3000,"fast",0.01,"","mtada_aggregated","pleiotropy","bfdr_power",0.05,0.2
20260841,29,500,15,3000,3000,3000,3000,"fast",0.01,"","mtada_aggregated","pleiotropy","bfdr_discoveries",0.05,1
20260841,29,500,15,3000,3000,3000,3000,"fast",0.01,"","mtada_aggregated","pleiotropy","bfdr_observed_fdp",0.1,0
20260841,29,500,15,3000,3000,3000,3000,"fast",0.01,"","mtada_aggregated","pleiotropy","bfdr_estimate",0.1,0.000485045998583122
20260841,29,500,15,3000,3000,3000,3000,"fast",0.01,"","mtada_aggregated","pleiotropy","bfdr_power",0.1,0.2
20260841,29,500,15,3000,3000,3000,3000,"fast",0.01,"","mtada_aggregated","pleiotropy","bfdr_discoveries",0.1,1
20260841,29,500,15,3000,3000,3000,3000,"fast",0.01,"","mtada_aggregated","pleiotropy","bfdr_observed_fdp",0.2,0
20260841,29,500,15,3000,3000,3000,3000,"fast",0.01,"","mtada_aggregated","pleiotropy","bfdr_estimate",0.2,0.000485045998583122
20260841,29,500,15,3000,3000,3000,3000,"fast",0.01,"","mtada_aggregated","pleiotropy","bfdr_power",0.2,0.2
20260841,29,500,15,3000,3000,3000,3000,"fast",0.01,"","mtada_aggregated","pleiotropy","bfdr_discoveries",0.2,1
20260841,29,500,15,3000,3000,3000,3000,"fast",0.01,"","mtada_aggregated","global","runtime_seconds",NA,0.701000000000022
20260841,29,500,15,3000,3000,3000,3000,"fast",0.01,"","mtada_aggregated","pleiotropy","pi11_estimate",NA,0.00749286
20260842,30,500,15,3000,3000,3000,3000,"fast",0.01,"","mirage_joint","trait1","auc",NA,0.692884210526316
20260842,30,500,15,3000,3000,3000,3000,"fast",0.01,"","mirage_joint","trait2","auc",NA,0.655102040816327
20260842,30,500,15,3000,3000,3000,3000,"fast",0.01,"","mirage_joint","pleiotropy","auc",NA,0.641616161616162
20260842,30,500,15,3000,3000,3000,3000,"fast",0.01,"","mirage_joint","trait1","pp08_power",0.8,0.16
20260842,30,500,15,3000,3000,3000,3000,"fast",0.01,"","mirage_joint","trait1","pp08_fdp",0.8,0
20260842,30,500,15,3000,3000,3000,3000,"fast",0.01,"","mirage_joint","trait1","pp08_discoveries",0.8,4
20260842,30,500,15,3000,3000,3000,3000,"fast",0.01,"","mirage_joint","trait2","pp08_power",0.8,0.1
20260842,30,500,15,3000,3000,3000,3000,"fast",0.01,"","mirage_joint","trait2","pp08_fdp",0.8,0
20260842,30,500,15,3000,3000,3000,3000,"fast",0.01,"","mirage_joint","trait2","pp08_discoveries",0.8,1
20260842,30,500,15,3000,3000,3000,3000,"fast",0.01,"","mirage_joint","pleiotropy","pp08_power",0.8,0
20260842,30,500,15,3000,3000,3000,3000,"fast",0.01,"","mirage_joint","pleiotropy","pp08_fdp",0.8,0
20260842,30,500,15,3000,3000,3000,3000,"fast",0.01,"","mirage_joint","pleiotropy","pp08_discoveries",0.8,0
20260842,30,500,15,3000,3000,3000,3000,"fast",0.01,"","mirage_joint","trait1","bfdr_observed_fdp",0.01,0
20260842,30,500,15,3000,3000,3000,3000,"fast",0.01,"","mirage_joint","trait1","bfdr_estimate",0.01,0.00710541995657743
20260842,30,500,15,3000,3000,3000,3000,"fast",0.01,"","mirage_joint","trait1","bfdr_power",0.01,0.04
20260842,30,500,15,3000,3000,3000,3000,"fast",0.01,"","mirage_joint","trait1","bfdr_discoveries",0.01,1
20260842,30,500,15,3000,3000,3000,3000,"fast",0.01,"","mirage_joint","trait1","bfdr_observed_fdp",0.05,0
20260842,30,500,15,3000,3000,3000,3000,"fast",0.01,"","mirage_joint","trait1","bfdr_estimate",0.05,0.00710541995657743
20260842,30,500,15,3000,3000,3000,3000,"fast",0.01,"","mirage_joint","trait1","bfdr_power",0.05,0.04
20260842,30,500,15,3000,3000,3000,3000,"fast",0.01,"","mirage_joint","trait1","bfdr_discoveries",0.05,1
20260842,30,500,15,3000,3000,3000,3000,"fast",0.01,"","mirage_joint","trait1","bfdr_observed_fdp",0.1,0
20260842,30,500,15,3000,3000,3000,3000,"fast",0.01,"","mirage_joint","trait1","bfdr_estimate",0.1,0.0790446021759942
20260842,30,500,15,3000,3000,3000,3000,"fast",0.01,"","mirage_joint","trait1","bfdr_power",0.1,0.16
20260842,30,500,15,3000,3000,3000,3000,"fast",0.01,"","mirage_joint","trait1","bfdr_discoveries",0.1,4
20260842,30,500,15,3000,3000,3000,3000,"fast",0.01,"","mirage_joint","trait1","bfdr_observed_fdp",0.2,0.166666666666667
20260842,30,500,15,3000,3000,3000,3000,"fast",0.01,"","mirage_joint","trait1","bfdr_estimate",0.2,0.159625839414812
20260842,30,500,15,3000,3000,3000,3000,"fast",0.01,"","mirage_joint","trait1","bfdr_power",0.2,0.2
20260842,30,500,15,3000,3000,3000,3000,"fast",0.01,"","mirage_joint","trait1","bfdr_discoveries",0.2,6
20260842,30,500,15,3000,3000,3000,3000,"fast",0.01,"","mirage_joint","trait2","bfdr_observed_fdp",0.01,0
20260842,30,500,15,3000,3000,3000,3000,"fast",0.01,"","mirage_joint","trait2","bfdr_estimate",0.01,0
20260842,30,500,15,3000,3000,3000,3000,"fast",0.01,"","mirage_joint","trait2","bfdr_power",0.01,0
20260842,30,500,15,3000,3000,3000,3000,"fast",0.01,"","mirage_joint","trait2","bfdr_discoveries",0.01,0
20260842,30,500,15,3000,3000,3000,3000,"fast",0.01,"","mirage_joint","trait2","bfdr_observed_fdp",0.05,0
20260842,30,500,15,3000,3000,3000,3000,"fast",0.01,"","mirage_joint","trait2","bfdr_estimate",0.05,0.0330335522183192
20260842,30,500,15,3000,3000,3000,3000,"fast",0.01,"","mirage_joint","trait2","bfdr_power",0.05,0.1
20260842,30,500,15,3000,3000,3000,3000,"fast",0.01,"","mirage_joint","trait2","bfdr_discoveries",0.05,1
20260842,30,500,15,3000,3000,3000,3000,"fast",0.01,"","mirage_joint","trait2","bfdr_observed_fdp",0.1,0
20260842,30,500,15,3000,3000,3000,3000,"fast",0.01,"","mirage_joint","trait2","bfdr_estimate",0.1,0.0330335522183192
20260842,30,500,15,3000,3000,3000,3000,"fast",0.01,"","mirage_joint","trait2","bfdr_power",0.1,0.1
20260842,30,500,15,3000,3000,3000,3000,"fast",0.01,"","mirage_joint","trait2","bfdr_discoveries",0.1,1
20260842,30,500,15,3000,3000,3000,3000,"fast",0.01,"","mirage_joint","trait2","bfdr_observed_fdp",0.2,0
20260842,30,500,15,3000,3000,3000,3000,"fast",0.01,"","mirage_joint","trait2","bfdr_estimate",0.2,0.0330335522183192
20260842,30,500,15,3000,3000,3000,3000,"fast",0.01,"","mirage_joint","trait2","bfdr_power",0.2,0.1
20260842,30,500,15,3000,3000,3000,3000,"fast",0.01,"","mirage_joint","trait2","bfdr_discoveries",0.2,1
20260842,30,500,15,3000,3000,3000,3000,"fast",0.01,"","mirage_joint","pleiotropy","bfdr_observed_fdp",0.01,0
20260842,30,500,15,3000,3000,3000,3000,"fast",0.01,"","mirage_joint","pleiotropy","bfdr_estimate",0.01,0
20260842,30,500,15,3000,3000,3000,3000,"fast",0.01,"","mirage_joint","pleiotropy","bfdr_power",0.01,0
20260842,30,500,15,3000,3000,3000,3000,"fast",0.01,"","mirage_joint","pleiotropy","bfdr_discoveries",0.01,0
20260842,30,500,15,3000,3000,3000,3000,"fast",0.01,"","mirage_joint","pleiotropy","bfdr_observed_fdp",0.05,0
20260842,30,500,15,3000,3000,3000,3000,"fast",0.01,"","mirage_joint","pleiotropy","bfdr_estimate",0.05,0
20260842,30,500,15,3000,3000,3000,3000,"fast",0.01,"","mirage_joint","pleiotropy","bfdr_power",0.05,0
20260842,30,500,15,3000,3000,3000,3000,"fast",0.01,"","mirage_joint","pleiotropy","bfdr_discoveries",0.05,0
20260842,30,500,15,3000,3000,3000,3000,"fast",0.01,"","mirage_joint","pleiotropy","bfdr_observed_fdp",0.1,0
20260842,30,500,15,3000,3000,3000,3000,"fast",0.01,"","mirage_joint","pleiotropy","bfdr_estimate",0.1,0
20260842,30,500,15,3000,3000,3000,3000,"fast",0.01,"","mirage_joint","pleiotropy","bfdr_power",0.1,0
20260842,30,500,15,3000,3000,3000,3000,"fast",0.01,"","mirage_joint","pleiotropy","bfdr_discoveries",0.1,0
20260842,30,500,15,3000,3000,3000,3000,"fast",0.01,"","mirage_joint","pleiotropy","bfdr_observed_fdp",0.2,0
20260842,30,500,15,3000,3000,3000,3000,"fast",0.01,"","mirage_joint","pleiotropy","bfdr_estimate",0.2,0
20260842,30,500,15,3000,3000,3000,3000,"fast",0.01,"","mirage_joint","pleiotropy","bfdr_power",0.2,0
20260842,30,500,15,3000,3000,3000,3000,"fast",0.01,"","mirage_joint","pleiotropy","bfdr_discoveries",0.2,0
20260842,30,500,15,3000,3000,3000,3000,"fast",0.01,"","mirage_joint","global","runtime_seconds",NA,18.092
20260842,30,500,15,3000,3000,3000,3000,"fast",0.01,"","mirage_joint","pleiotropy","pi11_estimate",NA,0.0562780073975359
20260842,30,500,15,3000,3000,3000,3000,"fast",0.01,"","separate_mirage","trait1","auc",NA,0.681178947368421
20260842,30,500,15,3000,3000,3000,3000,"fast",0.01,"","separate_mirage","trait2","auc",NA,0.661632653061225
20260842,30,500,15,3000,3000,3000,3000,"fast",0.01,"","separate_mirage","pleiotropy","auc",NA,0.61979797979798
20260842,30,500,15,3000,3000,3000,3000,"fast",0.01,"","separate_mirage","trait1","pp08_power",0.8,0.16
20260842,30,500,15,3000,3000,3000,3000,"fast",0.01,"","separate_mirage","trait1","pp08_fdp",0.8,0
20260842,30,500,15,3000,3000,3000,3000,"fast",0.01,"","separate_mirage","trait1","pp08_discoveries",0.8,4
20260842,30,500,15,3000,3000,3000,3000,"fast",0.01,"","separate_mirage","trait2","pp08_power",0.8,0.1
20260842,30,500,15,3000,3000,3000,3000,"fast",0.01,"","separate_mirage","trait2","pp08_fdp",0.8,0
20260842,30,500,15,3000,3000,3000,3000,"fast",0.01,"","separate_mirage","trait2","pp08_discoveries",0.8,1
20260842,30,500,15,3000,3000,3000,3000,"fast",0.01,"","separate_mirage","pleiotropy","pp08_power",0.8,0
20260842,30,500,15,3000,3000,3000,3000,"fast",0.01,"","separate_mirage","pleiotropy","pp08_fdp",0.8,0
20260842,30,500,15,3000,3000,3000,3000,"fast",0.01,"","separate_mirage","pleiotropy","pp08_discoveries",0.8,0
20260842,30,500,15,3000,3000,3000,3000,"fast",0.01,"","separate_mirage","trait1","bfdr_observed_fdp",0.01,0
20260842,30,500,15,3000,3000,3000,3000,"fast",0.01,"","separate_mirage","trait1","bfdr_estimate",0.01,0
20260842,30,500,15,3000,3000,3000,3000,"fast",0.01,"","separate_mirage","trait1","bfdr_power",0.01,0
20260842,30,500,15,3000,3000,3000,3000,"fast",0.01,"","separate_mirage","trait1","bfdr_discoveries",0.01,0
20260842,30,500,15,3000,3000,3000,3000,"fast",0.01,"","separate_mirage","trait1","bfdr_observed_fdp",0.05,0
20260842,30,500,15,3000,3000,3000,3000,"fast",0.01,"","separate_mirage","trait1","bfdr_estimate",0.05,0.0276929648382338
20260842,30,500,15,3000,3000,3000,3000,"fast",0.01,"","separate_mirage","trait1","bfdr_power",0.05,0.04
20260842,30,500,15,3000,3000,3000,3000,"fast",0.01,"","separate_mirage","trait1","bfdr_discoveries",0.05,1
20260842,30,500,15,3000,3000,3000,3000,"fast",0.01,"","separate_mirage","trait1","bfdr_observed_fdp",0.1,0
20260842,30,500,15,3000,3000,3000,3000,"fast",0.01,"","separate_mirage","trait1","bfdr_estimate",0.1,0.0898132335809724
20260842,30,500,15,3000,3000,3000,3000,"fast",0.01,"","separate_mirage","trait1","bfdr_power",0.1,0.12
20260842,30,500,15,3000,3000,3000,3000,"fast",0.01,"","separate_mirage","trait1","bfdr_discoveries",0.1,3
20260842,30,500,15,3000,3000,3000,3000,"fast",0.01,"","separate_mirage","trait1","bfdr_observed_fdp",0.2,0
20260842,30,500,15,3000,3000,3000,3000,"fast",0.01,"","separate_mirage","trait1","bfdr_estimate",0.2,0.13512347643549
20260842,30,500,15,3000,3000,3000,3000,"fast",0.01,"","separate_mirage","trait1","bfdr_power",0.2,0.2
20260842,30,500,15,3000,3000,3000,3000,"fast",0.01,"","separate_mirage","trait1","bfdr_discoveries",0.2,5
20260842,30,500,15,3000,3000,3000,3000,"fast",0.01,"","separate_mirage","trait2","bfdr_observed_fdp",0.01,0
20260842,30,500,15,3000,3000,3000,3000,"fast",0.01,"","separate_mirage","trait2","bfdr_estimate",0.01,0
20260842,30,500,15,3000,3000,3000,3000,"fast",0.01,"","separate_mirage","trait2","bfdr_power",0.01,0
20260842,30,500,15,3000,3000,3000,3000,"fast",0.01,"","separate_mirage","trait2","bfdr_discoveries",0.01,0
20260842,30,500,15,3000,3000,3000,3000,"fast",0.01,"","separate_mirage","trait2","bfdr_observed_fdp",0.05,0
20260842,30,500,15,3000,3000,3000,3000,"fast",0.01,"","separate_mirage","trait2","bfdr_estimate",0.05,0
20260842,30,500,15,3000,3000,3000,3000,"fast",0.01,"","separate_mirage","trait2","bfdr_power",0.05,0
20260842,30,500,15,3000,3000,3000,3000,"fast",0.01,"","separate_mirage","trait2","bfdr_discoveries",0.05,0
20260842,30,500,15,3000,3000,3000,3000,"fast",0.01,"","separate_mirage","trait2","bfdr_observed_fdp",0.1,0
20260842,30,500,15,3000,3000,3000,3000,"fast",0.01,"","separate_mirage","trait2","bfdr_estimate",0.1,0.071070170702677
20260842,30,500,15,3000,3000,3000,3000,"fast",0.01,"","separate_mirage","trait2","bfdr_power",0.1,0.1
20260842,30,500,15,3000,3000,3000,3000,"fast",0.01,"","separate_mirage","trait2","bfdr_discoveries",0.1,1
20260842,30,500,15,3000,3000,3000,3000,"fast",0.01,"","separate_mirage","trait2","bfdr_observed_fdp",0.2,0
20260842,30,500,15,3000,3000,3000,3000,"fast",0.01,"","separate_mirage","trait2","bfdr_estimate",0.2,0.071070170702677
20260842,30,500,15,3000,3000,3000,3000,"fast",0.01,"","separate_mirage","trait2","bfdr_power",0.2,0.1
20260842,30,500,15,3000,3000,3000,3000,"fast",0.01,"","separate_mirage","trait2","bfdr_discoveries",0.2,1
20260842,30,500,15,3000,3000,3000,3000,"fast",0.01,"","separate_mirage","pleiotropy","bfdr_observed_fdp",0.01,0
20260842,30,500,15,3000,3000,3000,3000,"fast",0.01,"","separate_mirage","pleiotropy","bfdr_estimate",0.01,0
20260842,30,500,15,3000,3000,3000,3000,"fast",0.01,"","separate_mirage","pleiotropy","bfdr_power",0.01,0
20260842,30,500,15,3000,3000,3000,3000,"fast",0.01,"","separate_mirage","pleiotropy","bfdr_discoveries",0.01,0
20260842,30,500,15,3000,3000,3000,3000,"fast",0.01,"","separate_mirage","pleiotropy","bfdr_observed_fdp",0.05,0
20260842,30,500,15,3000,3000,3000,3000,"fast",0.01,"","separate_mirage","pleiotropy","bfdr_estimate",0.05,0
20260842,30,500,15,3000,3000,3000,3000,"fast",0.01,"","separate_mirage","pleiotropy","bfdr_power",0.05,0
20260842,30,500,15,3000,3000,3000,3000,"fast",0.01,"","separate_mirage","pleiotropy","bfdr_discoveries",0.05,0
20260842,30,500,15,3000,3000,3000,3000,"fast",0.01,"","separate_mirage","pleiotropy","bfdr_observed_fdp",0.1,0
20260842,30,500,15,3000,3000,3000,3000,"fast",0.01,"","separate_mirage","pleiotropy","bfdr_estimate",0.1,0
20260842,30,500,15,3000,3000,3000,3000,"fast",0.01,"","separate_mirage","pleiotropy","bfdr_power",0.1,0
20260842,30,500,15,3000,3000,3000,3000,"fast",0.01,"","separate_mirage","pleiotropy","bfdr_discoveries",0.1,0
20260842,30,500,15,3000,3000,3000,3000,"fast",0.01,"","separate_mirage","pleiotropy","bfdr_observed_fdp",0.2,0
20260842,30,500,15,3000,3000,3000,3000,"fast",0.01,"","separate_mirage","pleiotropy","bfdr_estimate",0.2,0
20260842,30,500,15,3000,3000,3000,3000,"fast",0.01,"","separate_mirage","pleiotropy","bfdr_power",0.2,0
20260842,30,500,15,3000,3000,3000,3000,"fast",0.01,"","separate_mirage","pleiotropy","bfdr_discoveries",0.2,0
20260842,30,500,15,3000,3000,3000,3000,"fast",0.01,"","separate_mirage","global","runtime_seconds",NA,18.032
20260842,30,500,15,3000,3000,3000,3000,"fast",0.01,"","separate_mirage","pleiotropy","pi11_estimate",NA,0.001
20260842,30,500,15,3000,3000,3000,3000,"fast",0.01,"","mtada_aggregated","trait1","auc",NA,0.711831578947368
20260842,30,500,15,3000,3000,3000,3000,"fast",0.01,"","mtada_aggregated","trait2","auc",NA,0.52530612244898
20260842,30,500,15,3000,3000,3000,3000,"fast",0.01,"","mtada_aggregated","pleiotropy","auc",NA,0.44
20260842,30,500,15,3000,3000,3000,3000,"fast",0.01,"","mtada_aggregated","trait1","pp08_power",0.8,0.2
20260842,30,500,15,3000,3000,3000,3000,"fast",0.01,"","mtada_aggregated","trait1","pp08_fdp",0.8,0
20260842,30,500,15,3000,3000,3000,3000,"fast",0.01,"","mtada_aggregated","trait1","pp08_discoveries",0.8,5
20260842,30,500,15,3000,3000,3000,3000,"fast",0.01,"","mtada_aggregated","trait2","pp08_power",0.8,0.2
20260842,30,500,15,3000,3000,3000,3000,"fast",0.01,"","mtada_aggregated","trait2","pp08_fdp",0.8,0
20260842,30,500,15,3000,3000,3000,3000,"fast",0.01,"","mtada_aggregated","trait2","pp08_discoveries",0.8,2
20260842,30,500,15,3000,3000,3000,3000,"fast",0.01,"","mtada_aggregated","pleiotropy","pp08_power",0.8,0
20260842,30,500,15,3000,3000,3000,3000,"fast",0.01,"","mtada_aggregated","pleiotropy","pp08_fdp",0.8,0
20260842,30,500,15,3000,3000,3000,3000,"fast",0.01,"","mtada_aggregated","pleiotropy","pp08_discoveries",0.8,0
20260842,30,500,15,3000,3000,3000,3000,"fast",0.01,"","mtada_aggregated","trait1","bfdr_observed_fdp",0.01,0
20260842,30,500,15,3000,3000,3000,3000,"fast",0.01,"","mtada_aggregated","trait1","bfdr_estimate",0.01,0.000127181675806654
20260842,30,500,15,3000,3000,3000,3000,"fast",0.01,"","mtada_aggregated","trait1","bfdr_power",0.01,0.2
20260842,30,500,15,3000,3000,3000,3000,"fast",0.01,"","mtada_aggregated","trait1","bfdr_discoveries",0.01,5
20260842,30,500,15,3000,3000,3000,3000,"fast",0.01,"","mtada_aggregated","trait1","bfdr_observed_fdp",0.05,0
20260842,30,500,15,3000,3000,3000,3000,"fast",0.01,"","mtada_aggregated","trait1","bfdr_estimate",0.05,0.000127181675806654
20260842,30,500,15,3000,3000,3000,3000,"fast",0.01,"","mtada_aggregated","trait1","bfdr_power",0.05,0.2
20260842,30,500,15,3000,3000,3000,3000,"fast",0.01,"","mtada_aggregated","trait1","bfdr_discoveries",0.05,5
20260842,30,500,15,3000,3000,3000,3000,"fast",0.01,"","mtada_aggregated","trait1","bfdr_observed_fdp",0.1,0
20260842,30,500,15,3000,3000,3000,3000,"fast",0.01,"","mtada_aggregated","trait1","bfdr_estimate",0.1,0.0601747295869363
20260842,30,500,15,3000,3000,3000,3000,"fast",0.01,"","mtada_aggregated","trait1","bfdr_power",0.1,0.24
20260842,30,500,15,3000,3000,3000,3000,"fast",0.01,"","mtada_aggregated","trait1","bfdr_discoveries",0.1,6
20260842,30,500,15,3000,3000,3000,3000,"fast",0.01,"","mtada_aggregated","trait1","bfdr_observed_fdp",0.2,0.125
20260842,30,500,15,3000,3000,3000,3000,"fast",0.01,"","mtada_aggregated","trait1","bfdr_estimate",0.2,0.18302296822197
20260842,30,500,15,3000,3000,3000,3000,"fast",0.01,"","mtada_aggregated","trait1","bfdr_power",0.2,0.28
20260842,30,500,15,3000,3000,3000,3000,"fast",0.01,"","mtada_aggregated","trait1","bfdr_discoveries",0.2,8
20260842,30,500,15,3000,3000,3000,3000,"fast",0.01,"","mtada_aggregated","trait2","bfdr_observed_fdp",0.01,0
20260842,30,500,15,3000,3000,3000,3000,"fast",0.01,"","mtada_aggregated","trait2","bfdr_estimate",0.01,0.000170435559821769
20260842,30,500,15,3000,3000,3000,3000,"fast",0.01,"","mtada_aggregated","trait2","bfdr_power",0.01,0.1
20260842,30,500,15,3000,3000,3000,3000,"fast",0.01,"","mtada_aggregated","trait2","bfdr_discoveries",0.01,1
20260842,30,500,15,3000,3000,3000,3000,"fast",0.01,"","mtada_aggregated","trait2","bfdr_observed_fdp",0.05,0
20260842,30,500,15,3000,3000,3000,3000,"fast",0.01,"","mtada_aggregated","trait2","bfdr_estimate",0.05,0.0264219069125083
20260842,30,500,15,3000,3000,3000,3000,"fast",0.01,"","mtada_aggregated","trait2","bfdr_power",0.05,0.2
20260842,30,500,15,3000,3000,3000,3000,"fast",0.01,"","mtada_aggregated","trait2","bfdr_discoveries",0.05,2
20260842,30,500,15,3000,3000,3000,3000,"fast",0.01,"","mtada_aggregated","trait2","bfdr_observed_fdp",0.1,0
20260842,30,500,15,3000,3000,3000,3000,"fast",0.01,"","mtada_aggregated","trait2","bfdr_estimate",0.1,0.0264219069125083
20260842,30,500,15,3000,3000,3000,3000,"fast",0.01,"","mtada_aggregated","trait2","bfdr_power",0.1,0.2
20260842,30,500,15,3000,3000,3000,3000,"fast",0.01,"","mtada_aggregated","trait2","bfdr_discoveries",0.1,2
20260842,30,500,15,3000,3000,3000,3000,"fast",0.01,"","mtada_aggregated","trait2","bfdr_observed_fdp",0.2,0
20260842,30,500,15,3000,3000,3000,3000,"fast",0.01,"","mtada_aggregated","trait2","bfdr_estimate",0.2,0.0264219069125083
20260842,30,500,15,3000,3000,3000,3000,"fast",0.01,"","mtada_aggregated","trait2","bfdr_power",0.2,0.2
20260842,30,500,15,3000,3000,3000,3000,"fast",0.01,"","mtada_aggregated","trait2","bfdr_discoveries",0.2,2
20260842,30,500,15,3000,3000,3000,3000,"fast",0.01,"","mtada_aggregated","pleiotropy","bfdr_observed_fdp",0.01,0
20260842,30,500,15,3000,3000,3000,3000,"fast",0.01,"","mtada_aggregated","pleiotropy","bfdr_estimate",0.01,0
20260842,30,500,15,3000,3000,3000,3000,"fast",0.01,"","mtada_aggregated","pleiotropy","bfdr_power",0.01,0
20260842,30,500,15,3000,3000,3000,3000,"fast",0.01,"","mtada_aggregated","pleiotropy","bfdr_discoveries",0.01,0
20260842,30,500,15,3000,3000,3000,3000,"fast",0.01,"","mtada_aggregated","pleiotropy","bfdr_observed_fdp",0.05,0
20260842,30,500,15,3000,3000,3000,3000,"fast",0.01,"","mtada_aggregated","pleiotropy","bfdr_estimate",0.05,0
20260842,30,500,15,3000,3000,3000,3000,"fast",0.01,"","mtada_aggregated","pleiotropy","bfdr_power",0.05,0
20260842,30,500,15,3000,3000,3000,3000,"fast",0.01,"","mtada_aggregated","pleiotropy","bfdr_discoveries",0.05,0
20260842,30,500,15,3000,3000,3000,3000,"fast",0.01,"","mtada_aggregated","pleiotropy","bfdr_observed_fdp",0.1,0
20260842,30,500,15,3000,3000,3000,3000,"fast",0.01,"","mtada_aggregated","pleiotropy","bfdr_estimate",0.1,0
20260842,30,500,15,3000,3000,3000,3000,"fast",0.01,"","mtada_aggregated","pleiotropy","bfdr_power",0.1,0
20260842,30,500,15,3000,3000,3000,3000,"fast",0.01,"","mtada_aggregated","pleiotropy","bfdr_discoveries",0.1,0
20260842,30,500,15,3000,3000,3000,3000,"fast",0.01,"","mtada_aggregated","pleiotropy","bfdr_observed_fdp",0.2,0
20260842,30,500,15,3000,3000,3000,3000,"fast",0.01,"","mtada_aggregated","pleiotropy","bfdr_estimate",0.2,0
20260842,30,500,15,3000,3000,3000,3000,"fast",0.01,"","mtada_aggregated","pleiotropy","bfdr_power",0.2,0
20260842,30,500,15,3000,3000,3000,3000,"fast",0.01,"","mtada_aggregated","pleiotropy","bfdr_discoveries",0.2,0
20260842,30,500,15,3000,3000,3000,3000,"fast",0.01,"","mtada_aggregated","global","runtime_seconds",NA,0.714000000000055
20260842,30,500,15,3000,3000,3000,3000,"fast",0.01,"","mtada_aggregated","pleiotropy","pi11_estimate",NA,0.00291341
